Date,Open,High,Low,Close,Volume,Dividends,Stock Splits
2021-09-07 00:00:00-04:00,151.15329277694906,153.38688652354213,150.58757563240493,152.8309326171875,82278300,0.0,0.0
2021-09-08 00:00:00-04:00,153.11376479693286,153.1722846868866,150.1876512353804,151.28982543945312,74420200,0.0,0.0
2021-09-09 00:00:00-04:00,151.66046161317462,152.26518694823613,150.15838174591684,150.2754364013672,57305700,0.0,0.0
2021-09-10 00:00:00-04:00,151.18254333907822,151.65071737057013,145.03770150418336,145.30105590820312,140893200,0.0,0.0
2021-09-13 00:00:00-04:00,146.92016289482572,147.6906995642944,145.08646034770857,145.86676025390625,102404300,0.0,0.0
2021-09-14 00:00:00-04:00,146.64702700212126,147.34929527061283,143.2917485822126,144.47193908691406,109296300,0.0,0.0
2021-09-15 00:00:00-04:00,144.90114769505237,145.7594791408811,142.76508231790012,145.3595733642578,83281300,0.0,0.0
2021-09-16 00:00:00-04:00,144.78408681235823,145.301032298818,143.59413289330473,145.12545776367188,68034100,0.0,0.0
2021-09-17 00:00:00-04:00,145.15471031932145,145.15471031932145,142.17006274358968,142.46267700195312,129868800,0.0,0.0
2021-09-20 00:00:00-04:00,140.2583754550107,141.27275491051466,137.79068761664803,139.4195556640625,123478900,0.0,0.0
2021-09-21 00:00:00-04:00,140.38514645685206,141.03865814980705,139.2634757155347,139.8974609375,75834000,0.0,0.0
2021-09-22 00:00:00-04:00,140.89237536058963,142.82360628582634,140.16084691647131,142.25790405273438,76404300,0.0,0.0
2021-09-23 00:00:00-04:00,143.03817057425258,143.457587900221,142.0530510886709,143.2137451171875,64838200,0.0,0.0
2021-09-24 00:00:00-04:00,142.07258175581498,143.83800136075783,141.97503867631073,143.30154418945312,53477900,0.0,0.0
2021-09-27 00:00:00-04:00,141.88723117083788,142.3651683544505,140.2778748536838,141.78968811035156,74150700,0.0,0.0
2021-09-28 00:00:00-04:00,139.72187989437663,141.18493622834916,138.20030368832178,138.41488647460938,108972300,0.0,0.0
2021-09-29 00:00:00-04:00,138.961106448078,140.89233684538155,138.53194083023718,139.31224060058594,74602000,0.0,0.0
2021-09-30 00:00:00-04:00,140.12181985738948,140.82408826037346,137.80043180958225,138.0150146484375,89056700,0.0,0.0
2021-10-01 00:00:00-04:00,138.40515987182454,139.40004260947205,135.68388091891475,139.13668823242188,94639600,0.0,0.0
2021-10-04 00:00:00-04:00,138.26860229461653,138.7075311976416,134.86456666800945,135.713134765625,98322000,0.0,0.0
2021-10-05 00:00:00-04:00,136.05454682483122,138.73681787676418,135.9277437943665,137.6346435546875,80861100,0.0,0.0
2021-10-06 00:00:00-04:00,136.0350430050937,138.64903107214994,134.962128569818,138.5027313232422,83221100,0.0,0.0
2021-10-07 00:00:00-04:00,139.53659409609236,140.66802820004892,139.20497147758243,139.76092529296875,61732700,0.0,0.0
2021-10-08 00:00:00-04:00,140.48268240335435,140.6289820985626,139.04888585839274,139.38050842285156,58773200,0.0,0.0
2021-10-11 00:00:00-04:00,138.76607644203366,141.24351294952652,138.31739910385002,139.2927703857422,64452200,0.0,0.0
2021-10-12 00:00:00-04:00,139.70238912610083,139.72190071402855,137.56632417893402,138.02474975585938,73035900,0.0,0.0
2021-10-13 00:00:00-04:00,137.76141892529833,137.91746698955632,135.77165355544514,137.43954467773438,78762700,0.0,0.0
2021-10-14 00:00:00-04:00,138.61001888548796,140.3364302891857,138.0247901402729,140.21937561035156,69907100,0.0,0.0
2021-10-15 00:00:00-04:00,140.22915692305764,141.33131653632657,139.97555082205025,141.27279663085938,67940300,0.0,0.0
2021-10-18 00:00:00-04:00,139.91697189226727,143.22347910319027,139.63412084083484,142.9406280517578,85589200,0.0,0.0
2021-10-19 00:00:00-04:00,143.38929207620686,145.4960971069184,142.94062972963636,145.09619140625,76378900,0.0,0.0
2021-10-20 00:00:00-04:00,145.03767215675973,146.06181473584434,144.4719551618084,145.58387756347656,58418800,0.0,0.0
2021-10-21 00:00:00-04:00,145.1449650896746,145.9545248556128,144.22811391179323,145.7984619140625,61421000,0.0,0.0
2021-10-22 00:00:00-04:00,146.00329463249273,146.48121692115393,144.97915205496275,145.02792358398438,58883400,0.0,0.0
2021-10-25 00:00:00-04:00,145.0181495258691,145.69115788039105,143.98425867288518,144.97914123535156,50720600,0.0,0.0
2021-10-26 00:00:00-04:00,145.6521586308098,147.12496353769075,145.34003275537546,145.6424102783203,60893400,0.0,0.0
2021-10-27 00:00:00-04:00,145.68142436893194,146.04230690415662,144.83285629616836,145.18399047851562,56094900,0.0,0.0
2021-10-28 00:00:00-04:00,146.13012235133445,149.39760698679012,146.0325792767904,148.81239318847656,100077900,0.0,0.0
2021-10-29 00:00:00-04:00,143.59416643761676,146.247177609724,142.80411805235417,146.11062622070312,124953200,0.0,0.0
2021-11-01 00:00:00-04:00,145.3205654883688,146.01307072992742,144.1598713388164,145.2913055419922,74588300,0.0,0.0
2021-11-02 00:00:00-04:00,144.9986747309846,147.8370082711022,144.98891149464504,146.32518005371094,69122000,0.0,0.0
2021-11-03 00:00:00-04:00,146.68610345694702,148.2271920465664,146.1301495011083,147.75901794433594,54511500,0.0,0.0
2021-11-04 00:00:00-04:00,147.84674493928904,148.67580139860405,146.92989377476803,147.2420196533203,60394600,0.0,0.0
2021-11-05 00:00:00-04:00,148.36534609443586,148.66815006608644,146.57781000839395,147.76950073242188,65463900,0.22,0.0
2021-11-08 00:00:00-05:00,147.8964665160418,148.0527572213007,146.67547332752292,146.948974609375,55020900,0.0,0.0
2021-11-09 00:00:00-05:00,146.71454897260128,147.91600218212633,146.57779832196186,147.31039428710938,56787900,0.0,0.0
2021-11-10 00:00:00-05:00,146.5387319232798,146.64617992683026,144.4190894029692,144.48745727539062,65187100,0.0,0.0
2021-11-11 00:00:00-05:00,145.50333134171993,145.96241109507744,144.25302053135974,144.43861389160156,41000000,0.0,0.0
2021-11-12 00:00:00-05:00,144.98564800973566,146.90993499792881,144.05769591147595,146.50946044921875,63804000,0.0,0.0
2021-11-15 00:00:00-05:00,146.88060480284193,148.3555742437889,145.9624154592678,146.51919555664062,59222800,0.0,0.0
2021-11-16 00:00:00-05:00,146.4605718791386,147.97460635745318,145.87448920859703,147.4959716796875,59256200,0.0,0.0
2021-11-17 00:00:00-05:00,147.4959684847215,151.4031464578267,147.4862059054811,149.92819213867188,88807000,0.0,0.0
2021-11-18 00:00:00-05:00,150.1431040324191,154.98799688592075,149.4984160214015,154.20655822753906,137827700,0.0,0.0
2021-11-19 00:00:00-05:00,153.9916731226482,157.28348128204507,152.89766786630707,156.8243865966797,117305600,0.0,0.0
2021-11-22 00:00:00-05:00,157.9281202781403,161.85483815926344,157.2639072032153,157.283447265625,117467900,0.0,0.0
2021-11-23 00:00:00-05:00,157.3811499145866,158.04537802988585,155.36895531169498,157.6644287109375,96041900,0.0,0.0
2021-11-24 00:00:00-05:00,157.01972573471906,158.37746957878764,155.93548317544833,158.18211364746094,69463600,0.0,0.0
2021-11-26 00:00:00-05:00,155.8671359816053,156.72670517440085,152.7316184657377,153.17117309570312,76959800,0.0,0.0
2021-11-29 00:00:00-05:00,155.67175446958956,157.44952783966656,155.10521179906075,156.52157592773438,88748200,0.0,0.0
2021-11-30 00:00:00-05:00,156.2773947152438,161.67906839694083,156.2090119296681,161.46417236328125,174048100,0.0,0.0
2021-12-01 00:00:00-05:00,163.59359305485575,166.34816161455686,160.71205130315363,160.9464874267578,152052500,0.0,0.0
2021-12-02 00:00:00-05:00,155.0564158714864,160.38970726884503,154.1382263513205,159.9599151611328,136739200,0.0,0.0
2021-12-03 00:00:00-05:00,160.21386222018816,161.13205157338396,156.01364225594332,158.08444213867188,118023100,0.0,0.0
2021-12-06 00:00:00-05:00,160.47757621707362,163.98428011365826,160.46781363689186,161.4836883544922,107497000,0.0,0.0
2021-12-07 00:00:00-05:00,165.15639758006887,167.59838355995274,164.4335643643314,167.20765686035156,120405400,0.0,0.0
2021-12-08 00:00:00-05:00,168.13564062689133,171.87676531869016,166.73881675330688,171.01718139648438,116998900,0.0,0.0
2021-12-09 00:00:00-05:00,170.85113086564078,172.64842918211983,169.88409893762693,170.50924682617188,108923700,0.0,0.0
2021-12-10 00:00:00-05:00,171.14419733842757,175.46162790674452,170.63625994665398,175.28579711914062,115402700,0.0,0.0
2021-12-13 00:00:00-05:00,176.91704079075095,177.9036129181879,171.45676231906222,171.66189575195312,153237000,0.0,0.0
2021-12-14 00:00:00-05:00,171.18327152968024,173.6154957034132,168.21382219359762,170.2846221923828,139380400,0.0,0.0
2021-12-15 00:00:00-05:00,171.04649539113694,175.33462289814014,168.31146765189683,175.13926696777344,131063300,0.0,0.0
2021-12-16 00:00:00-05:00,175.11972073731067,176.93655914468357,166.78766465581225,168.2626190185547,150185800,0.0,0.0
2021-12-17 00:00:00-05:00,165.98672717242667,169.44458898529163,165.75230596796482,167.1686553955078,195432700,0.0,0.0
2021-12-20 00:00:00-05:00,164.374993320752,166.62162387110183,163.57402950297322,165.81088256835938,107499100,0.0,0.0
2021-12-21 00:00:00-05:00,167.57888393978646,169.1808265329912,165.1955026634982,168.9757080078125,91185900,0.0,0.0
2021-12-22 00:00:00-05:00,169.02449187439666,171.77905916260718,168.15514547795348,171.5641632080078,92135300,0.0,0.0
2021-12-23 00:00:00-05:00,171.76934702247985,172.74614168304623,171.2028043307869,172.18936157226562,68356600,0.0,0.0
2021-12-27 00:00:00-05:00,172.9805656257053,176.2332936859138,172.96104046356876,176.1453857421875,74919600,0.0,0.0
2021-12-28 00:00:00-05:00,175.97935346537145,177.1222015844957,174.38717318344425,175.12953186035156,79144300,0.0,0.0
2021-12-29 00:00:00-05:00,175.16856451921535,176.43840038673264,174.0061766459811,175.2174072265625,62348900,0.0,0.0
2021-12-30 00:00:00-05:00,175.30532209148024,176.3798020768136,173.95734081982604,174.06478881835938,59773000,0.0,0.0
2021-12-31 00:00:00-05:00,173.9573701608435,175.07091555859822,173.14662874511,173.44944763183594,64062300,0.0,0.0
2022-01-03 00:00:00-05:00,173.70339765267045,178.6362137085352,173.58618706197944,177.78639221191406,104487900,0.0,0.0
2022-01-04 00:00:00-05:00,178.39201490568885,178.69481886787932,174.96345608354855,175.52999877929688,99310400,0.0,0.0
2022-01-05 00:00:00-05:00,175.44210103848545,175.9891036993743,170.58743006603996,170.86093139648438,94537600,0.0,0.0
2022-01-06 00:00:00-05:00,168.6924202141222,171.23209207239668,167.65702034880644,168.0086669921875,96904000,0.0,0.0
2022-01-07 00:00:00-05:00,168.8780063916408,170.09899955917385,167.06116796216358,168.17471313476562,86709100,0.0,0.0
2022-01-10 00:00:00-05:00,165.15642793014217,168.4970635759533,164.26754129298973,168.1942596435547,106765600,0.0,0.0
2022-01-11 00:00:00-05:00,168.32123396506768,171.11485190283432,166.8560422275084,171.01718139648438,76138300,0.0,0.0
2022-01-12 00:00:00-05:00,172.0330618342014,173.06846173538992,170.7632407657719,171.45675659179688,74805200,0.0,0.0
2022-01-13 00:00:00-05:00,171.70094857794888,172.52145244084235,167.80353287215138,168.1942596435547,84505800,0.0,0.0
2022-01-14 00:00:00-05:00,167.36398288031089,169.7473640846977,167.1197842307582,169.05384826660156,80440800,0.0,0.0
2022-01-18 00:00:00-05:00,167.53003637041928,168.53613361538314,165.47877665458643,165.85972595214844,90956700,0.0,0.0
2022-01-19 00:00:00-05:00,166.0550783276264,167.11001826086033,162.08929472408371,162.37255859375,94815000,0.0,0.0
2022-01-20 00:00:00-05:00,163.1052046845527,165.74254787630412,160.3701760430409,160.69252014160156,91420500,0.0,0.0
2022-01-21 00:00:00-05:00,160.60457194151562,162.470253269675,158.5337720868401,158.64122009277344,122848900,0.0,0.0
2022-01-24 00:00:00-05:00,156.30667494751387,158.53376542721094,151.11012055841888,157.86953735351562,162294600,0.0,0.0
2022-01-25 00:00:00-05:00,155.29075092378673,158.98303212081237,153.3762424759131,156.0721893310547,115798400,0.0,0.0
2022-01-26 00:00:00-05:00,159.70591419723806,160.575260779249,154.15772812433738,155.9843292236328,108275300,0.0,0.0
2022-01-27 00:00:00-05:00,158.68028043462846,160.03802433796415,154.60704872462142,155.52523803710938,121954600,0.0,0.0
2022-01-28 00:00:00-05:00,161.86465470605705,166.39698147337538,159.0221785798324,166.37744140625,179935700,0.0,0.0
2022-01-31 00:00:00-05:00,166.2113655240236,170.9390476064095,165.57644011866424,170.72415161132812,115541600,0.0,0.0
2022-02-01 00:00:00-05:00,169.9720379540269,170.78277933201363,168.31148996868112,170.55812072753906,86213900,0.0,0.0
2022-02-02 00:00:00-05:00,170.69484950775998,171.79863213102016,169.30780301992357,171.75955200195312,84914300,0.0,0.0
2022-02-03 00:00:00-05:00,170.43112418107953,172.15029228212393,168.12588824034546,168.88778686523438,89418100,0.0,0.0
2022-02-04 00:00:00-05:00,167.9097269846018,170.27659447810953,166.9316879925936,168.60414123535156,82465400,0.22,0.0
2022-02-07 00:00:00-05:00,169.0638417050099,170.12990075671365,167.19578341710826,167.89019775390625,77251200,0.0,0.0
2022-02-08 00:00:00-05:00,167.9586430232075,171.49915455646115,167.6652283214683,170.99057006835938,74829200,0.0,0.0
2022-02-09 00:00:00-05:00,172.18377712176584,172.77059159545334,171.05902326407136,172.40872192382812,71285000,0.0,0.0
2022-02-10 00:00:00-05:00,170.31571564595043,171.62628436106874,167.78259814649985,168.34007263183594,90865900,0.0,0.0
2022-02-11 00:00:00-05:00,168.54552151303656,169.2790510191681,164.3497243806945,164.93655395507812,98670700,0.0,0.0
2022-02-14 00:00:00-05:00,163.69440078491326,165.85587378073802,162.90219149496014,165.17124938964844,86185500,0.0,0.0
2022-02-15 00:00:00-05:00,167.21538330696293,169.15189697697923,166.5111938044669,168.9954071044922,62527400,0.0,0.0
2022-02-16 00:00:00-05:00,168.07605663944543,169.53332561896576,166.3155829464961,168.76068115234375,61177400,0.0,0.0
2022-02-17 00:00:00-05:00,167.274027503072,168.13470669398032,164.77024977354867,165.17124938964844,69589300,0.0,0.0
2022-02-18 00:00:00-05:00,166.0905932914819,166.7947676550334,162.54030687860808,163.6259307861328,82772700,0.0,0.0
2022-02-22 00:00:00-05:00,161.35690506054718,163.02935867994262,158.58905229899906,160.71141052246094,91162800,0.0,0.0
2022-02-23 00:00:00-05:00,161.90459367562613,162.50119815168253,156.241753586249,156.5547332763672,90009200,0.0,0.0
2022-02-24 00:00:00-05:00,149.22921086821898,159.27367681919955,148.66194638721413,159.1660919189453,141147500,0.0,0.0
2022-02-25 00:00:00-05:00,160.24193771015948,161.4938266826065,157.3371601146723,161.22976684570312,91974200,0.0,0.0
2022-02-28 00:00:00-05:00,159.47907699118204,161.7872502076219,158.8629074909049,161.49383544921875,95056600,0.0,0.0
2022-03-01 00:00:00-05:00,161.08307153976776,162.94135518491746,158.41302839932598,159.6160125732422,83474400,0.0,0.0
2022-03-02 00:00:00-05:00,160.77987821220702,163.68465609606667,159.37149924746353,162.9022216796875,79724800,0.0,0.0
2022-03-03 00:00:00-05:00,164.77025023720336,165.20058983386846,161.91437782369874,162.57943725585938,76678400,0.0,0.0
2022-03-04 00:00:00-05:00,160.87764280753723,161.9143617747294,158.54013016070306,159.5866241455078,83737200,0.0,0.0
2022-03-07 00:00:00-05:00,159.77251914863692,161.39606815635142,155.5473817199385,155.8016815185547,96418800,0.0,0.0
2022-03-08 00:00:00-05:00,155.33219707675556,159.30303394754864,152.3785144348394,153.9824981689453,131148300,0.0,0.0
2022-03-09 00:00:00-05:00,157.9337867292243,159.82141039524444,155.90925307773495,159.3715057373047,91454900,0.0,0.0
2022-03-10 00:00:00-05:00,156.68188663700346,156.86771648439594,152.5545597614365,155.03878784179688,105342000,0.0,0.0
2022-03-11 00:00:00-05:00,155.4397780469511,155.7820977698025,151.1070711319146,151.33201599121094,96970100,0.0,0.0
2022-03-14 00:00:00-04:00,148.12399948025242,150.73536174739257,146.80365582087973,147.31222534179688,108732100,0.0,0.0
2022-03-15 00:00:00-04:00,147.5860660782992,152.1535209372103,147.07749658833347,151.68405151367188,92964300,0.0,0.0
2022-03-16 00:00:00-04:00,153.60103819497576,156.48625045296393,151.06792059745445,156.0852508544922,102300200,0.0,0.0
2022-03-17 00:00:00-04:00,155.12679794973494,157.46431103838808,154.16832371335292,157.0926513671875,75615400,0.0,0.0
2022-03-18 00:00:00-04:00,156.9850782628136,160.8678953686917,156.25154880840884,160.37887573242188,123511700,0.0,0.0
2022-03-21 00:00:00-04:00,159.91914959524135,162.69679166385907,159.43013010111937,161.7480926513672,95811400,0.0,0.0
2022-03-22 00:00:00-04:00,161.87525716684658,165.6993938917205,161.28844262082922,165.11257934570312,81532000,0.0,0.0
2022-03-23 00:00:00-04:00,164.30082796833884,168.84870476015902,163.96828326313863,166.47207641601562,98062700,0.0,0.0
2022-03-24 00:00:00-04:00,167.30334651961118,170.3157083866542,166.47202233591315,170.24725341796875,90131400,0.0,0.0
2022-03-25 00:00:00-04:00,170.061446329407,171.43069512284325,168.95625735233114,170.88299560546875,80546200,0.0,0.0
2022-03-28 00:00:00-04:00,168.38898581373743,171.87080253422522,168.22272096176943,171.74366760253906,90371900,0.0,0.0
2022-03-29 00:00:00-04:00,172.80972386459516,175.0787667230212,172.467404224187,175.02987670898438,100589400,0.0,0.0
2022-03-30 00:00:00-04:00,174.628881866762,175.66560091058673,172.8195035873902,173.8660125732422,92633200,0.0,0.0
2022-03-31 00:00:00-04:00,173.9345145849757,174.12034444944086,170.57005683003788,170.77545166015625,103049300,0.0,0.0
2022-04-01 00:00:00-04:00,170.2081296381206,171.03946877548313,168.16403166582776,170.4819793701172,78751300,0.0,0.0
2022-04-04 00:00:00-04:00,170.73627975953104,174.57019094673097,170.60912991069844,174.5212860107422,76468400,0.0,0.0
2022-04-05 00:00:00-04:00,173.60194829792937,174.38438259894033,170.58958593943765,171.2155303955078,73401800,0.0,0.0
2022-04-06 00:00:00-04:00,168.57483234577828,169.81694627331598,166.3938091700385,168.0564727783203,89058800,0.0,0.0
2022-04-07 00:00:00-04:00,167.4011451773804,169.55282781726584,166.1199165795996,168.359619140625,77594700,0.0,0.0
2022-04-08 00:00:00-04:00,168.0075484323814,168.0075484323814,165.48420586824818,166.3546600341797,76575500,0.0,0.0
2022-04-11 00:00:00-04:00,165.00497220353915,165.31793693449984,161.8654603339608,162.10997009277344,72246700,0.0,0.0
2022-04-12 00:00:00-04:00,164.33018315769237,166.13954708236523,162.98048401839614,163.97808837890625,79265200,0.0,0.0
2022-04-13 00:00:00-04:00,163.71395993382896,167.28379658301122,163.10758048377514,166.65785217285156,70618900,0.0,0.0
2022-04-14 00:00:00-04:00,166.87306177033577,167.5087962740481,161.41560064690395,161.6601104736328,75329400,0.0,0.0
2022-04-18 00:00:00-04:00,160.32011643403175,162.94126814775743,159.9778118122395,161.4448699951172,69023900,0.0,0.0
2022-04-19 00:00:00-04:00,161.39603175237912,164.1345444765827,160.31040765157212,163.7237548828125,67723800,0.0,0.0
2022-04-20 00:00:00-04:00,165.0538631380032,165.1712379709988,162.45229063171516,163.55746459960938,67929800,0.0,0.0
2022-04-21 00:00:00-04:00,165.20059691129774,167.7630547165198,162.266479452362,162.76527404785156,87227800,0.0,0.0
2022-04-22 00:00:00-04:00,162.8043941791054,164.1834179598548,157.95331370568275,158.2369384765625,84882400,0.0,0.0
2022-04-25 00:00:00-04:00,157.5816658069576,159.58664908398902,154.98009296481885,159.3030242919922,96046400,0.0,0.0
2022-04-26 00:00:00-04:00,158.6868628689345,158.7748828167284,153.2783071958642,153.35655212402344,95623200,0.0,0.0
2022-04-27 00:00:00-04:00,152.48609759207858,156.2808795981602,151.967738002025,153.13160705566406,88063200,0.0,0.0
2022-04-28 00:00:00-04:00,155.7527492675287,160.90702025080918,155.4397695467575,160.0463409423828,130216800,0.0,0.0
2022-04-29 00:00:00-04:00,158.28585264208988,162.55010393809633,153.79665651995063,154.1878662109375,131747600,0.0,0.0
2022-05-02 00:00:00-04:00,153.26853978592672,154.75514872367953,149.9040823265059,154.4910888671875,123055300,0.0,0.0
2022-05-03 00:00:00-04:00,154.67689768841237,157.18069064394373,152.88709903691972,155.97769165039062,88966500,0.0,0.0
2022-05-04 00:00:00-04:00,156.16352911233957,162.82397418149506,155.76252942825218,162.37408447265625,108256500,0.0,0.0
2022-05-05 00:00:00-04:00,160.25168095172964,160.47662572180528,151.54712572139724,153.32716369628906,130525300,0.0,0.0
2022-05-06 00:00:00-04:00,152.80807823964273,156.16768941381943,151.01563498071906,154.05201721191406,116124600,0.23,0.0
2022-05-09 00:00:00-04:00,151.75022430191655,152.63176175523802,148.38083908771665,148.9391326904297,131577900,0.0,0.0
2022-05-10 00:00:00-04:00,152.328132388233,153.52309446613708,149.79127784510368,151.33885192871094,115366700,0.0,0.0
2022-05-11 00:00:00-04:00,150.3495886480442,152.25956414663153,142.81741468212965,143.49325561523438,142689800,0.0,0.0
2022-05-12 00:00:00-04:00,139.83979077150929,143.19938623116693,135.95126990961808,139.63409423828125,182602000,0.0,0.0
2022-05-13 00:00:00-04:00,141.62245981596948,145.0604308345469,140.17283922837782,144.0907440185547,113990900,0.0,0.0
2022-05-16 00:00:00-04:00,142.56276758428663,144.4923369438145,141.22087499257742,142.55296325683594,86643800,0.0,0.0
2022-05-17 00:00:00-04:00,145.80484195458106,146.69616897048812,143.6695758585412,146.1770477294922,78336300,0.0,0.0
2022-05-18 00:00:00-04:00,143.8360642275501,144.33559163369299,137.02869370903522,137.92982482910156,109742900,0.0,0.0
2022-05-19 00:00:00-04:00,137.00910949443605,138.7525756020971,133.79642936713128,134.53103637695312,136095600,0.0,0.0
2022-05-20 00:00:00-04:00,136.2353120090451,137.8122689524701,129.88831177177445,134.76609802246094,137426100,0.0,0.0
2022-05-23 00:00:00-04:00,134.96197179293512,140.31970592768346,134.82484577074624,140.17279052734375,117726300,0.0,0.0
2022-05-24 00:00:00-04:00,137.91999393750385,139.05618952602399,134.51142211755896,137.47923278808594,104132700,0.0,0.0
2022-05-25 00:00:00-04:00,135.58889997563415,138.87994101283223,135.5007506936718,137.63601684570312,92482700,0.0,0.0
2022-05-26 00:00:00-04:00,134.57020484609697,141.37755994588284,134.32533585009304,140.8290557861328,90601500,0.0,0.0
2022-05-27 00:00:00-04:00,142.40601366145458,146.60795908464218,142.27867700009156,146.56878662109375,90978500,0.0,0.0
2022-05-31 00:00:00-04:00,146.01050754614022,147.5678709384086,143.82626511004062,145.78521728515625,103718400,0.0,0.0
2022-06-01 00:00:00-04:00,146.823446577346,148.62569377792533,144.64900865939228,145.6578826904297,74286600,0.0,0.0
2022-06-02 00:00:00-04:00,144.79596367082308,148.16536407915592,143.8458705924634,148.10659790039062,72348100,0.0,0.0
2022-06-03 00:00:00-04:00,143.88503314588232,144.93307974702813,141.49512401563555,142.396240234375,88570300,0.0,0.0
2022-06-06 00:00:00-04:00,144.01235806018857,145.52075950090375,141.92606935448035,143.140625,71598400,0.0,0.0
2022-06-07 00:00:00-04:00,141.38736672807937,145.94192415465892,141.1424977278199,145.6578826904297,67808200,0.0,0.0
2022-06-08 00:00:00-04:00,145.5305644824367,146.79408210793065,144.4335560047601,144.9232940673828,53950200,0.0,0.0
2022-06-09 00:00:00-04:00,144.06135517233236,144.91349464755012,139.60473566244548,139.7124786376953,69473000,0.0,0.0
2022-06-10 00:00:00-04:00,137.40092646925825,137.87107088214006,134.24701176433422,134.31558227539062,91437900,0.0,0.0
2022-06-13 00:00:00-04:00,130.14293495351967,132.42511518896777,128.74229183899203,129.1732635498047,122207100,0.0,0.0
2022-06-14 00:00:00-04:00,130.39764883857168,131.14204524198857,128.7815044194442,130.0352325439453,84784300,0.0,0.0
2022-06-15 00:00:00-04:00,131.53383428431485,134.5212392737676,129.44756042743367,132.6504364013672,91533000,0.0,0.0
2022-06-16 00:00:00-04:00,129.36922461121898,129.67285985675707,126.39160844816745,127.39067840576172,108123900,0.0,0.0
2022-06-17 00:00:00-04:00,127.40043848521918,130.3486555868999,127.1457651840292,128.85984802246094,134520300,0.0,0.0
2022-06-21 00:00:00-04:00,130.68175224970554,134.24704609587076,130.5838135675205,133.0814666748047,81000500,0.0,0.0
2022-06-22 00:00:00-04:00,132.0235937967665,134.93263938077834,131.16166488175563,132.57211303710938,73409200,0.0,0.0
2022-06-23 00:00:00-04:00,134.0119221215175,135.74558399228505,132.84634321517927,135.43215942382812,72433800,0.0,0.0
2022-06-24 00:00:00-04:00,137.0287064173905,138.99746302987265,136.90138468183136,138.75259399414062,89116800,0.0,0.0
2022-06-27 00:00:00-04:00,139.7712426067131,140.5450371291734,138.0767530642211,138.75259399414062,70207900,0.0,0.0
2022-06-28 00:00:00-04:00,139.21294709984699,140.47646473111445,134.50166930718802,134.61920166015625,67083400,0.0,0.0
2022-06-29 00:00:00-04:00,134.63880492913648,137.7829151592785,133.8650103621575,136.37246704101562,66242400,0.0,0.0
2022-06-30 00:00:00-04:00,134.43309207438057,135.5301005021527,131.02451949836083,133.91397094726562,98964500,0.0,0.0
2022-07-01 00:00:00-04:00,133.2479278277153,136.1863562547321,132.87573705664798,136.07861328125,71051600,0.0,0.0
2022-07-05 00:00:00-04:00,134.94243962271915,138.70362462604172,134.11966825992553,138.65464782714844,73353800,0.0,0.0
2022-07-06 00:00:00-04:00,138.44898530382812,141.16212397864905,138.1845225098008,139.98675537109375,74064300,0.0,0.0
2022-07-07 00:00:00-04:00,140.34911940865916,143.54222096010838,140.33933002838788,143.34632873535156,66253700,0.0,0.0
2022-07-08 00:00:00-04:00,142.27865939245598,144.5216675026719,142.02400104686257,144.02212524414062,64547800,0.0,0.0
2022-07-11 00:00:00-04:00,142.6802818681296,143.63037488194183,140.82907263468897,141.89669799804688,63141600,0.0,0.0
2022-07-12 00:00:00-04:00,142.768425199881,145.40321819395862,142.07300556646354,142.8663787841797,77588800,0.0,0.0
2022-07-13 00:00:00-04:00,140.05532229787818,143.4443019452147,139.20316774910646,142.50401306152344,71185600,0.0,0.0
2022-07-14 00:00:00-04:00,141.12292146669557,145.8929653987599,140.30995449187216,145.42282104492188,78140700,0.0,0.0
2022-07-15 00:00:00-04:00,146.70592606919652,147.7637620290884,145.15835206929646,147.08792114257812,76259900,0.0,0.0
2022-07-18 00:00:00-04:00,147.64623499784832,148.45920196700573,143.6891431225671,144.0515594482422,81420900,0.0,0.0
2022-07-19 00:00:00-04:00,144.88412086859606,148.1261847699647,143.89485526545627,147.90090942382812,82982400,0.0,0.0
2022-07-20 00:00:00-04:00,148.01844006316782,150.56508418725386,147.28383290571463,149.89903259277344,64823400,0.0,0.0
2022-07-21 00:00:00-04:00,151.32909076479385,152.37713759641647,148.82163378808133,152.16165161132812,65086600,0.0,0.0
2022-07-22 00:00:00-04:00,152.20078156045275,153.0725146399616,150.26142318216912,150.92745971679688,66675400,0.0,0.0
2022-07-25 00:00:00-04:00,150.8490788607654,151.85793784801606,149.1545897286283,149.8108367919922,53623900,0.0,0.0
2022-07-26 00:00:00-04:00,149.1350139839463,149.9479808770686,147.70498735893062,148.4885711669922,55138700,0.0,0.0
2022-07-27 00:00:00-04:00,149.44849566558014,154.1010080911438,149.03711741300498,153.57208251953125,78620700,0.0,0.0
2022-07-28 00:00:00-04:00,153.75818906606037,154.40464702646852,151.2409426865888,154.12060546875,81378700,0.0,0.0
2022-07-29 00:00:00-04:00,157.9307736596815,160.2717215621507,156.22647941293425,159.17469787597656,101786900,0.0,0.0
2022-08-01 00:00:00-04:00,157.7054219228439,160.23247174092782,157.58788958801776,158.19515991210938,67829400,0.0,0.0
2022-08-02 00:00:00-04:00,156.81414688340993,159.07673453265352,156.35379186998745,156.72598266601562,59907000,0.0,0.0
2022-08-03 00:00:00-04:00,157.53896009762985,163.17094866506537,157.45081082004532,162.72039794921875,82507500,0.0,0.0
2022-08-04 00:00:00-04:00,162.60282888470158,163.75861850349844,161.05525478751719,162.4069366455078,55474100,0.0,0.0
2022-08-05 00:00:00-04:00,160.08234575425365,162.67175374212067,159.87636348602825,162.18133544921875,56697000,0.23,0.0
2022-08-08 00:00:00-04:00,163.18181120847004,164.59421857415984,161.05339717997808,161.71055603027344,60276900,0.0,0.0
2022-08-09 00:00:00-04:00,160.8768354992681,162.6423445061743,160.1215870695177,161.75958251953125,63135500,0.0,0.0
2022-08-10 00:00:00-04:00,164.46667794890814,166.0948703368816,163.70162657940335,165.99679565429688,70170500,0.0,0.0
2022-08-11 00:00:00-04:00,166.80112136548323,167.71330746798904,164.9669611457209,165.26121520996094,57149200,0.0,0.0
2022-08-12 00:00:00-04:00,166.56569547580565,168.87065273956517,166.1537308916434,168.802001953125,68039400,0.0,0.0
2022-08-15 00:00:00-04:00,168.2331135298216,170.06727335382837,168.0663730882192,169.87110900878906,54091700,0.0,0.0
2022-08-16 00:00:00-04:00,169.46896318920653,170.38114909928223,168.3704308785935,169.71417236328125,56377100,0.0,0.0
2022-08-17 00:00:00-04:00,169.4591141831557,172.77433113905738,169.26294989045238,171.2050018310547,79542000,0.0,0.0
2022-08-18 00:00:00-04:00,170.4203849105247,171.54834118381174,169.8024529702403,170.81271362304688,62290100,0.0,0.0
2022-08-19 00:00:00-04:00,169.7141510996703,170.41055165199725,168.02711099609633,168.23309326171875,70346300,0.0,0.0
2022-08-22 00:00:00-04:00,166.43816395511286,166.6049043800519,163.9370276482697,164.35879516601562,69026800,0.0,0.0
2022-08-23 00:00:00-04:00,163.87816432492966,165.4769326102334,163.45639684713305,164.02528381347656,54147100,0.0,0.0
2022-08-24 00:00:00-04:00,164.11361274111158,164.88846719098774,163.06411023124903,164.319580078125,53841500,0.0,0.0
2022-08-25 00:00:00-04:00,165.5456215718219,166.87956011908489,165.1238689631101,166.77166748046875,51218200,0.0,0.0
2022-08-26 00:00:00-04:00,167.30132415112922,167.77212157949262,160.42564926256463,160.4844970703125,78961000,0.0,0.0
2022-08-29 00:00:00-04:00,158.06178088397027,159.77824459494397,156.757281634041,158.28738403320312,73314000,0.0,0.0
2022-08-30 00:00:00-04:00,159.02304111055471,159.44479366035216,154.69754815714236,155.86474609375,77906200,0.0,0.0
2022-08-31 00:00:00-04:00,157.23793525223348,157.50276536238007,154.1286845852179,154.2071533203125,87991100,0.0,0.0
2022-09-01 00:00:00-04:00,153.6382414104045,155.38412932683354,151.70599214901193,154.93295288085938,74229900,0.0,0.0
2022-09-02 00:00:00-04:00,156.6886565527691,157.286967514474,152.00025851175562,152.82415771484375,76957800,0.0,0.0
2022-09-06 00:00:00-04:00,153.47150522336744,154.07961913097643,150.74478065092995,151.5686798095703,73714800,0.0,0.0
2022-09-07 00:00:00-04:00,151.85316012640948,153.6676992214009,150.66634101658914,152.9713134765625,87449600,0.0,0.0
2022-09-08 00:00:00-04:00,151.67660447799875,153.36364499716552,149.75415773532657,151.50006103515625,84923800,0.0,0.0
2022-09-09 00:00:00-04:00,152.49067960307377,154.79565178409123,151.78447599724632,154.35426330566406,68028800,0.0,0.0
2022-09-12 00:00:00-04:00,156.53170218353472,161.11220709833708,156.24726616785827,160.29811096191406,104956000,0.0,0.0
2022-09-13 00:00:00-04:00,156.83579030622826,157.46352522744408,150.43092752735453,150.8919219970703,122656600,0.0,0.0
2022-09-14 00:00:00-04:00,151.82368576965968,154.0894308134101,150.66630580332588,152.33372497558594,87965400,0.0,0.0
2022-09-15 00:00:00-04:00,151.6863795720259,152.26508456095567,148.47905455230304,149.4500732421875,90481100,0.0,0.0
2022-09-16 00:00:00-04:00,148.312339619677,148.44965617349064,145.52675172371437,147.81210327148438,162278800,0.0,0.0
2022-09-19 00:00:00-04:00,146.44869974399057,151.5980915210163,146.24273245408108,151.51962280273438,81474200,0.0,0.0
2022-09-20 00:00:00-04:00,150.46032156880005,155.05064442927653,150.1464616536784,153.89324951171875,107689800,0.0,0.0
2022-09-21 00:00:00-04:00,154.3248240736869,155.69800426701255,150.65650483896582,150.77420043945312,101696800,0.0,0.0
2022-09-22 00:00:00-04:00,149.45985605950892,151.50980055233305,148.01802534804153,149.81295776367188,86652500,0.0,0.0
2022-09-23 00:00:00-04:00,148.29273260627454,148.5673657396687,145.71312678219724,147.5472869873047,96029900,0.0,0.0
2022-09-26 00:00:00-04:00,146.79205352724634,150.82329377065741,146.77243259872833,147.8807830810547,93339400,0.0,0.0
2022-09-27 00:00:00-04:00,149.81300689014782,151.75505941669135,147.07646404392761,148.85177612304688,84442700,0.0,0.0
2022-09-28 00:00:00-04:00,144.81074419198137,147.7532545846386,142.0643981655583,146.9685821533203,146691400,0.0,0.0
2022-09-29 00:00:00-04:00,143.30021086857073,143.90832467636554,137.98406415633502,139.74957275390625,128138200,0.0,0.0
2022-09-30 00:00:00-04:00,138.5725991267457,140.35772899315157,135.35545614892226,135.55162048339844,124925300,0.0,0.0
2022-10-03 00:00:00-04:00,135.5614611189966,140.32832857992096,135.05142179088293,139.72019958496094,114311700,0.0,0.0
2022-10-04 00:00:00-04:00,142.25072959734777,143.41792753527417,141.4954812316815,143.30023193359375,87830100,0.0,0.0
2022-10-05 00:00:00-04:00,141.30913113651346,144.55569777280346,140.2694318056122,143.59446716308594,79471000,0.0,0.0
2022-10-06 00:00:00-04:00,143.01577382273572,144.7126168501461,142.43708385477177,142.64305114746094,68402200,0.0,0.0
2022-10-07 00:00:00-04:00,139.80845770678545,140.3577388347644,136.7776758724346,137.40541076660156,85925600,0.0,0.0
2022-10-10 00:00:00-04:00,137.7290802001953,139.17091126885134,135.91454138275128,137.7290802001953,74899000,0.0,0.0
2022-10-11 00:00:00-04:00,137.2190642395612,138.64128959242282,135.57126557653487,136.3166961669922,77033700,0.0,0.0
2022-10-12 00:00:00-04:00,136.4638036366148,137.67022848780448,135.51239091855444,135.68893432617188,70433700,0.0,0.0
2022-10-13 00:00:00-04:00,132.4031824941024,140.8383711075261,131.79505342070354,140.2498779296875,113224000,0.0,0.0
2022-10-14 00:00:00-04:00,141.54451814883853,141.75050040665323,135.54180333634727,135.72816467285156,88598000,0.0,0.0
2022-10-17 00:00:00-04:00,138.36663643162046,140.16155437004147,137.5819641011487,139.6809539794922,85250900,0.0,0.0
2022-10-18 00:00:00-04:00,142.70191550699425,143.8887193551449,137.91542833833753,140.99525451660156,99136600,0.0,0.0
2022-10-19 00:00:00-04:00,138.97473585531196,142.17225768233465,138.78837451258266,141.1031494140625,61758300,0.0,0.0
2022-10-20 00:00:00-04:00,140.2792613677454,143.09425775385319,139.91634163141597,140.6421661376953,64522000,0.0,0.0
2022-10-21 00:00:00-04:00,140.13210997918807,145.01668666487555,139.91632474569775,144.4477996826172,86548600,0.0,0.0
2022-10-24 00:00:00-04:00,144.36929860759156,147.351034399501,143.2021010061408,146.5859832763672,75981900,0.0,0.0
2022-10-25 00:00:00-04:00,147.21377179556336,149.56778877679034,146.4977652190575,149.420654296875,74732300,0.0,0.0
2022-10-26 00:00:00-04:00,148.06712385627637,149.07738452163943,145.20306734701933,146.48797607421875,88194300,0.0,0.0
2022-10-27 00:00:00-04:00,145.23250204640354,146.1937178528811,141.36800292889203,142.02516174316406,109180200,0.0,0.0
2022-10-28 00:00:00-04:00,145.35997702745019,154.48176014348397,144.98726930709842,152.7554931640625,164762400,0.0,0.0
2022-10-31 00:00:00-04:00,150.22494584357278,151.28425122815005,149.00870300208484,150.4014892578125,97943200,0.0,0.0
2022-11-01 00:00:00-04:00,152.10817643552318,152.47108127109797,146.27220032701106,147.7630615234375,80379300,0.0,0.0
2022-11-02 00:00:00-04:00,146.09561013902547,149.2539052221096,142.22130852087065,142.250732421875,93604600,0.0,0.0
2022-11-03 00:00:00-04:00,139.3376819611652,140.06350662558899,136.09111434862288,136.2186279296875,97918500,0.0,0.0
2022-11-04 00:00:00-04:00,139.59825507529519,140.16808578570755,132.02346880241154,135.9533233642578,140814800,0.23,0.0
2022-11-07 00:00:00-05:00,134.7055842324109,136.70980337190065,133.29083425573356,136.4838409423828,83374600,0.0,0.0
2022-11-08 00:00:00-05:00,137.94774130575934,138.9498435557623,135.0789489012502,137.05369567871094,89908500,0.0,0.0
2022-11-09 00:00:00-05:00,136.07123106652006,136.12035725287217,132.2297941583769,132.5048828125,74917800,0.0,0.0
2022-11-10 00:00:00-05:00,138.7631733571785,144.29443359375,137.05368118428237,144.29443359375,118854000,0.0,0.0
2022-11-11 00:00:00-05:00,143.26287971945007,147.3793904835366,141.83829520447486,147.0748291015625,93979700,0.0,0.0
2022-11-14 00:00:00-05:00,146.3576203774582,147.64464544159856,144.84461786588682,145.67971801757812,73374100,0.0,0.0
2022-11-15 00:00:00-05:00,149.55065357357725,150.8966242970365,145.95483216140596,147.40887451171875,89868300,0.0,0.0
2022-11-16 00:00:00-05:00,146.51481993344615,147.24183349471545,144.70707528826344,146.18077087402344,64218300,0.0,0.0
2022-11-17 00:00:00-05:00,143.8621718356149,148.8236171893066,143.5870831617381,148.0769500732422,80389400,0.0,0.0
2022-11-18 00:00:00-05:00,149.6390649453273,150.0222252429551,147.3401031595605,148.63694763183594,74829600,0.0,0.0
2022-11-21 00:00:00-05:00,147.52678083863384,147.73308985978306,145.12956655626695,145.4144744873047,58724100,0.0,0.0
2022-11-22 00:00:00-05:00,145.53236323934706,147.7821986794849,144.3533947208252,147.54640197753906,51804100,0.0,0.0
2022-11-23 00:00:00-05:00,146.82919031011303,149.1674586072914,146.72111870836432,148.42079162597656,58301400,0.0,0.0
2022-11-25 00:00:00-05:00,145.70921560778717,146.26922721502757,144.54008119228595,145.51272583007812,35195900,0.0,0.0
2022-11-28 00:00:00-05:00,142.59476743015247,144.06846284178744,140.86563687733454,141.69090270996094,69246000,0.0,0.0
2022-11-29 00:00:00-05:00,141.75967888062996,142.2705641956943,137.88878454429147,138.69439697265625,83763800,0.0,0.0
2022-11-30 00:00:00-05:00,138.9203582971881,146.1119996275474,138.08527316426236,145.43409729003906,111380900,0.0,0.0
2022-12-01 00:00:00-05:00,145.61093011966628,146.51479479155137,144.03898243478534,145.70916748046875,71250400,0.0,0.0
2022-12-02 00:00:00-05:00,143.40040769964443,145.4046270438478,143.09583136119605,145.21795654296875,65447400,0.0,0.0
2022-12-05 00:00:00-05:00,145.17869354013385,148.27344880391388,143.2137657558394,144.05868530273438,68826400,0.0,0.0
2022-12-06 00:00:00-05:00,144.49093730068225,144.71689974436399,139.43124046996064,140.4038848876953,64727200,0.0,0.0
2022-12-07 00:00:00-05:00,139.69650913090823,140.85580904494128,137.54491133359693,138.4684295654297,69721100,0.0,0.0
2022-12-08 00:00:00-05:00,139.86354485762612,141.0032064446931,138.62564588690643,140.14845275878906,62128300,0.0,0.0
2022-12-09 00:00:00-05:00,139.8439200617972,143.01728952780834,138.42916952445157,139.66708374023438,76097000,0.0,0.0
2022-12-12 00:00:00-05:00,140.19754337716597,141.9659807375352,138.5863037802082,141.95616149902344,70462700,0.0,0.0
2022-12-13 00:00:00-05:00,146.87833415604433,147.34009332894186,141.71058010364294,142.91900634765625,93886200,0.0,0.0
2022-12-14 00:00:00-05:00,142.8011107216781,144.0881358235322,138.68458524913544,140.69863891601562,82291200,0.0,0.0
2022-12-15 00:00:00-05:00,138.63546667684503,139.3133690938159,133.64454880056923,134.10630798339844,98931900,0.0,0.0
2022-12-16 00:00:00-05:00,134.29296269794702,135.23611943482993,131.38486361161162,132.15118408203125,160156900,0.0,0.0
2022-12-19 00:00:00-05:00,132.74069295008061,132.82911109974094,129.01716151047765,130.04873657226562,79592600,0.0,0.0
2022-12-20 00:00:00-05:00,129.08591954394805,130.91330283228723,127.6122238272619,129.97996520996094,77432800,0.0,0.0
2022-12-21 00:00:00-05:00,130.64803543949063,134.41087369361549,130.42207295695286,133.07472229003906,85928000,0.0,0.0
2022-12-22 00:00:00-05:00,131.99405846119552,132.2003675281008,128.01507583897032,129.91122436523438,77852100,0.0,0.0
2022-12-23 00:00:00-05:00,128.62415014924704,130.0978457490201,127.3665977700706,129.54766845703125,63814900,0.0,0.0
2022-12-27 00:00:00-05:00,129.07612641617993,129.10559913717967,126.46276855198909,127.74979400634766,69007800,0.0,0.0
2022-12-28 00:00:00-05:00,127.39608344761355,128.73223486036684,123.66272537894751,123.82974243164062,85438400,0.0,0.0
2022-12-29 00:00:00-05:00,125.74554877459363,128.1918817150827,125.49011356491995,127.33714294433594,75703700,0.0,0.0
2022-12-30 00:00:00-05:00,126.15817044916967,127.67115798862761,125.19535270118398,127.65150451660156,77034200,0.0,0.0
2023-01-03 00:00:00-05:00,127.9953746812147,128.6044974020352,121.99252063798394,122.87673950195312,112117500,0.0,0.0
2023-01-04 00:00:00-05:00,124.66481618620305,126.40378110334795,122.88655931785308,124.14411163330078,89113600,0.0,0.0
2023-01-05 00:00:00-05:00,124.90061292758642,125.52938912334946,122.57217865426507,122.8276138305664,80962700,0.0,0.0
2023-01-06 00:00:00-05:00,123.80025205121024,128.0051879622661,122.69989001665523,127.34693908691406,87754700,0.0,0.0
2023-01-09 00:00:00-05:00,128.18208673410493,131.07053346068483,127.61225578201942,127.86769104003906,70790800,0.0,0.0
2023-01-10 00:00:00-05:00,127.97572556898378,128.95818934117645,125.87325369613974,128.43748474121094,63896200,0.0,0.0
2023-01-11 00:00:00-05:00,128.94838439618852,131.16874737067045,128.1722445262406,131.14910888671875,69458900,0.0,0.0
2023-01-12 00:00:00-05:00,131.53227009080283,131.90559617413024,129.13505580606935,131.0705108642578,71379600,0.0,0.0
2023-01-13 00:00:00-05:00,129.71468306570503,132.55400260182785,129.35117628841525,132.3968048095703,57809700,0.0,0.0
2023-01-17 00:00:00-05:00,132.4655864864573,134.88243886666353,131.77786487384603,133.55612182617188,63646600,0.0,0.0
2023-01-18 00:00:00-05:00,134.42067999537736,136.17928328311848,132.66206171643108,132.8389129638672,69672800,0.0,0.0
2023-01-19 00:00:00-05:00,131.72873868777404,133.86068318245066,131.4241773301355,132.8978729248047,58280400,0.0,0.0
2023-01-20 00:00:00-05:00,132.90770800117681,135.59966433835268,131.86629872212012,135.45228576660156,80223600,0.0,0.0
2023-01-23 00:00:00-05:00,135.6978953680963,140.80671912517695,135.4817521326256,138.63546752929688,81760300,0.0,0.0
2023-01-24 00:00:00-05:00,137.84949253259393,140.64952034187644,137.83967329148908,140.0305633544922,66435100,0.0,0.0
2023-01-25 00:00:00-05:00,138.41930821894437,139.93229570032543,136.37578195167205,139.37229919433594,65799300,0.0,0.0
2023-01-26 00:00:00-05:00,140.65933109437518,141.72039372676826,139.41159795380088,141.43548583984375,54105100,0.0,0.0
2023-01-27 00:00:00-05:00,140.64949717713105,144.64811636457318,140.57089828761406,143.37091064453125,70555800,0.0,0.0
2023-01-30 00:00:00-05:00,142.41796049282078,142.99761054282715,140.34496125408572,140.49232482910156,64015300,0.0,0.0
2023-01-31 00:00:00-05:00,140.19759064122545,141.80883078137197,139.78495761656453,141.75970458984375,65874500,0.0,0.0
2023-02-01 00:00:00-05:00,141.44528077834974,144.03898399261212,138.84175832526216,142.87966918945312,77663600,0.0,0.0
2023-02-02 00:00:00-05:00,146.2888426135127,148.52885870656533,145.57164829200897,148.17518615722656,118339000,0.0,0.0
2023-02-03 00:00:00-05:00,145.4341223704264,154.62016535520215,145.23763259886508,151.79066467285156,154357300,0.0,0.0
2023-02-06 00:00:00-05:00,149.8945101165513,150.41521473457135,148.13589150827315,149.06922912597656,69858300,0.0,0.0
2023-02-07 00:00:00-05:00,147.99832954313612,152.50783427872634,147.99832954313612,151.93800354003906,83322600,0.0,0.0
2023-02-08 00:00:00-05:00,151.18154087876943,151.86926257026718,148.51905726950346,149.2559051513672,64120100,0.0,0.0
2023-02-09 00:00:00-05:00,151.0832773681269,151.62363543992853,147.782198500911,148.22430419921875,56007100,0.0,0.0
2023-02-10 00:00:00-05:00,147.06324691592152,148.913088785703,146.82709018156558,148.58837890625,57450700,0.23,0.0
2023-02-13 00:00:00-05:00,148.52935383999073,151.78627208132363,148.49983612289876,151.3828582763672,62199000,0.0,0.0
2023-02-14 00:00:00-05:00,149.68057287811524,151.30412220458746,148.44078385852455,150.74325561523438,61707600,0.0,0.0
2023-02-15 00:00:00-05:00,150.6547253534473,153.00639866157246,150.42841784233283,152.83912658691406,65573800,0.0,0.0
2023-02-16 00:00:00-05:00,151.04823617616265,153.8230205391973,150.89081342197775,151.2450408935547,68167900,0.0,0.0
2023-02-17 00:00:00-05:00,149.90689371085574,150.54646418705764,148.43094798353164,150.1036834716797,59144100,0.0,0.0
2023-02-21 00:00:00-05:00,147.79135689260553,148.87372305726493,146.03006833094608,146.09893798828125,58867200,0.0,0.0
2023-02-22 00:00:00-05:00,146.48269724609548,147.54538003263738,144.80012742797703,146.52206420898438,51011300,0.0,0.0
2023-02-23 00:00:00-05:00,147.6831183102613,147.92910925221886,144.8788305804024,147.00418090820312,48394200,0.0,0.0
2023-02-24 00:00:00-05:00,144.75090982195374,144.82962872471046,143.38320079150859,144.35733032226562,55469600,0.0,0.0
2023-02-27 00:00:00-05:00,145.341273385892,146.77785186784027,145.08543323484585,145.5478973388672,44998500,0.0,0.0
2023-02-28 00:00:00-05:00,144.69189970203135,146.68934528974674,144.47542643511753,145.04612731933594,50547000,0.0,0.0
2023-03-01 00:00:00-05:00,144.47539591550134,144.8689754008769,142.68457472462396,142.97976684570312,55479000,0.0,0.0
2023-03-02 00:00:00-05:00,142.0646965175798,144.3573339453376,141.59238308918532,143.57015991210938,52238100,0.0,0.0
2023-03-03 00:00:00-05:00,145.66599039801153,148.6867663889097,144.96738452683869,148.60804748535156,70732300,0.0,0.0
2023-03-06 00:00:00-05:00,151.32377696340643,153.79353555974586,150.99908214162087,151.36314392089844,87558000,0.0,0.0
2023-03-07 00:00:00-05:00,151.23522972088062,151.55993956940895,148.7064506179963,149.16891479492188,56182000,0.0,0.0
2023-03-08 00:00:00-05:00,150.35946739698042,151.00888694216934,149.39518732369797,150.4185028076172,47204800,0.0,0.0
2023-03-09 00:00:00-05:00,151.09748364556307,152.06176399701366,147.82088228318355,148.17510986328125,53833600,0.0,0.0
2023-03-10 00:00:00-05:00,147.80123737088158,148.51952687879202,145.2429249942403,146.11865234375,68572400,0.0,0.0
2023-03-13 00:00:00-04:00,145.43968998615728,150.6842189540097,145.33145336527863,148.05703735351562,84457100,0.0,0.0
2023-03-14 00:00:00-04:00,148.85401542944305,150.94001350209345,147.69294556307145,150.14300537109375,73695900,0.0,0.0
2023-03-15 00:00:00-04:00,148.76549840164833,150.79246155107444,147.51586009545082,150.53663635253906,77167900,0.0,0.0
2023-03-16 00:00:00-04:00,149.7199103098672,153.95095694332394,149.2082450157043,153.35073852539062,76161100,0.0,0.0
2023-03-17 00:00:00-04:00,153.5770871091514,154.2265068856699,151.80594908869074,152.514404296875,98944600,0.0,0.0
2023-03-20 00:00:00-04:00,152.58330783129233,155.2892088870571,151.678047720229,154.8759307861328,73641400,0.0,0.0
2023-03-21 00:00:00-04:00,154.79720820376127,156.84383990664745,154.02970254755692,156.72576904296875,73938300,0.0,0.0
2023-03-22 00:00:00-04:00,156.7454392443716,159.53989288471735,155.27932775015748,155.29901123046875,75701800,0.0,0.0
2023-03-23 00:00:00-04:00,156.28299079055427,158.95937384680835,155.15142327717084,156.38137817382812,67622100,0.0,0.0
2023-03-24 00:00:00-04:00,156.31251228008384,157.76877470893055,155.31871410467124,157.6802215576172,59196500,0.0,0.0
2023-03-27 00:00:00-04:00,157.3751434631476,158.19183506776827,155.33833156714905,155.74176025390625,52390300,0.0,0.0
2023-03-28 00:00:00-04:00,155.4367781198492,155.94844355059743,153.47868455836303,155.1219024658203,45992200,0.0,0.0
2023-03-29 00:00:00-04:00,156.81432081388166,158.4673879613573,156.79465234617297,158.19187927246094,51305700,0.0,0.0
2023-03-30 00:00:00-04:00,158.9396863414281,159.8646148025582,158.68386113447403,159.75637817382812,49501700,0.0,0.0
2023-03-31 00:00:00-04:00,159.8350878653574,162.35403288236776,159.31358823359025,162.25563049316406,68749800,0.0,0.0
2023-04-03 00:00:00-04:00,161.63573905142377,163.62333513475417,161.58653785817188,163.50526428222656,56976200,0.0,0.0
2023-04-04 00:00:00-04:00,163.92835343175463,164.16449510354033,162.46224215834394,162.97390747070312,46278300,0.0,0.0
2023-04-05 00:00:00-04:00,162.09819114468434,162.4032175003463,159.2053353608918,161.13389587402344,51511700,0.0,0.0
2023-04-06 00:00:00-04:00,159.8252353547828,162.31467762112032,159.40213812085784,162.0194854736328,45390100,0.0,0.0
2023-04-10 00:00:00-04:00,158.83140695285897,159.43162536621094,157.51289929536236,159.43162536621094,47716900,0.0,0.0
2023-04-11 00:00:00-04:00,159.74652133194326,159.7563555644006,157.93601661540757,158.22137451171875,47644200,0.0,0.0
2023-04-12 00:00:00-04:00,158.6346426672523,159.4611686435216,157.21773241416443,157.53260803222656,50133100,0.0,0.0
2023-04-13 00:00:00-04:00,159.0380889195549,163.14121655398105,158.83144989570576,162.90505981445312,68445600,0.0,0.0
2023-04-14 00:00:00-04:00,161.9506011686896,163.65286938363687,161.19295983913122,162.5606689453125,49386500,0.0,0.0
2023-04-17 00:00:00-04:00,162.44259843625022,162.73779061232008,161.39959909302152,162.58035278320312,41516200,0.0,0.0
2023-04-18 00:00:00-04:00,163.4363837761115,164.72537387764507,162.99358808032773,163.80044555664062,49923000,0.0,0.0
2023-04-19 00:00:00-04:00,163.14122346923992,165.4633789570219,162.885383237049,164.94187927246094,47720200,0.0,0.0
2023-04-20 00:00:00-04:00,163.42655222639002,165.17800667808302,162.90505258707114,163.97756958007812,52456400,0.0,0.0
2023-04-21 00:00:00-04:00,162.4032359760057,163.78077935638615,161.85221862385353,162.37371826171875,58337300,0.0,0.0
2023-04-24 00:00:00-04:00,162.35406204687058,162.94444645995347,161.26186139253676,162.67877197265625,41949600,0.0,0.0
2023-04-25 00:00:00-04:00,162.54099521393778,163.6430299514636,161.10440134757968,161.14376831054688,48714100,0.0,0.0
2023-04-26 00:00:00-04:00,160.44512426219072,162.62952495549953,160.18929909610858,161.13389587402344,45498800,0.0,0.0
2023-04-27 00:00:00-04:00,162.5409858833323,165.85693915334915,162.5409858833323,165.7093505859375,64902300,0.0,0.0
2023-04-28 00:00:00-04:00,165.7880496631181,167.12624089927414,165.18783120394306,166.95895385742188,55275900,0.0,0.0
2023-05-01 00:00:00-04:00,166.56542643996343,167.71666253016707,165.93569007402044,166.87045288085938,52472900,0.0,0.0
2023-05-02 00:00:00-04:00,167.36238122666072,167.61822139630092,164.85327080237903,165.8372344970703,48425700,0.0,0.0
2023-05-03 00:00:00-04:00,166.78183794919684,168.17906452442512,164.47936662159927,164.76470947265625,65136000,0.0,0.0
2023-05-04 00:00:00-04:00,162.24580144031648,164.36131774887434,161.67510059572527,163.13136291503906,81235400,0.0,0.0
2023-05-05 00:00:00-04:00,168.23812815446027,171.504895212846,168.02165491497223,170.78660583496094,113453200,0.0,0.0
2023-05-08 00:00:00-04:00,169.71408033203093,171.06212101363838,169.35001851271124,170.7177276611328,55962800,0.0,0.0
2023-05-09 00:00:00-04:00,170.27494492179522,170.7570775926942,168.84820036158354,169.01547241210938,45326900,0.0,0.0
2023-05-10 00:00:00-04:00,170.24539961899495,171.23919752781075,169.14335009103814,170.7767333984375,53724500,0.0,0.0
2023-05-11 00:00:00-04:00,171.06211698775132,171.79024060925457,169.40904995436452,170.96371459960938,49514700,0.0,0.0
2023-05-12 00:00:00-04:00,171.0720697527437,171.50561502670146,168.4905238476374,170.03749084472656,45533100,0.24,0.0
2023-05-15 00:00:00-04:00,170.6188460048669,170.66811525184778,168.95364468701064,169.5448455810547,37266700,0.0,0.0
2023-05-16 00:00:00-04:00,169.46601779285794,170.5991352991019,169.27880367524853,169.5448455810547,42110300,0.0,0.0
2023-05-17 00:00:00-04:00,169.19013234108013,170.39221479568312,167.91905489711874,170.15574645996094,57951600,0.0,0.0
2023-05-18 00:00:00-04:00,170.4612209279976,172.66835428782517,170.04738624206732,172.48114013671875,65496700,0.0,0.0
2023-05-19 00:00:00-04:00,173.80142270664055,173.80142270664055,172.37270490292832,172.5894775390625,55809500,0.0,0.0
2023-05-22 00:00:00-04:00,171.42679729660153,172.1460951955022,170.9045763773169,171.64356994628906,43570900,0.0,0.0
2023-05-23 00:00:00-04:00,170.58929510312979,170.83562631420236,168.7664381272472,169.04232788085938,50747300,0.0,0.0
2023-05-24 00:00:00-04:00,168.57921320123526,169.8896969643689,168.01758589409968,169.31820678710938,45143500,0.0,0.0
2023-05-25 00:00:00-04:00,169.87986475065702,171.34798918728478,169.17042964019168,170.45135498046875,56058300,0.0,0.0
2023-05-26 00:00:00-04:00,170.7764937271046,173.1905363695113,170.56956891324683,172.8555145263672,54835000,0.0,0.0
2023-05-30 00:00:00-04:00,174.36309800636275,176.36330631715728,173.9788219031772,174.69810485839844,55964400,0.0,0.0
2023-05-31 00:00:00-04:00,174.72767728843633,176.7180379211288,174.16603484344822,174.6488494873047,99625300,0.0,0.0
2023-06-01 00:00:00-04:00,175.0922328882,177.47671735788407,174.33352850038895,177.44715881347656,68901800,0.0,0.0
2023-06-02 00:00:00-04:00,178.37336820267623,179.11236188910445,176.62933889294345,178.29454040527344,61996900,0.0,0.0
2023-06-05 00:00:00-04:00,179.9498539235026,182.23579939859383,175.4272021453367,176.94461059570312,121946500,0.0,0.0
2023-06-06 00:00:00-04:00,177.32891962025158,177.476712338109,174.8261860088602,176.580078125,64848400,0.0,0.0
2023-06-07 00:00:00-04:00,175.82137635899298,178.55073052308683,174.71781728969785,175.21047973632812,61944600,0.0,0.0
2023-06-08 00:00:00-04:00,175.2892895872439,178.18614713091944,174.85575927069235,177.9201202392578,50214900,0.0,0.0
2023-06-09 00:00:00-04:00,178.83643579626113,179.55571862854532,177.97920810525306,178.3043670654297,48900000,0.0,0.0
2023-06-12 00:00:00-04:00,178.60982685528654,181.19137296447727,178.31422641468646,181.09283447265625,54274900,0.0,0.0
2023-06-13 00:00:00-04:00,180.11737806569877,181.4475575367352,179.76266053311636,180.61988830566406,54929100,0.0,0.0
2023-06-14 00:00:00-04:00,180.67898290027227,181.6840182899738,179.3488035947976,181.25047302246094,57462900,0.0,0.0
2023-06-15 00:00:00-04:00,181.26033930305263,183.78276814166122,181.08297303806762,183.28024291992188,65433200,0.0,0.0
2023-06-16 00:00:00-04:00,183.98968846409701,184.245882524342,181.56579797087073,182.2062530517578,101256200,0.0,0.0
2023-06-20 00:00:00-04:00,181.70376647980103,183.3689679486228,181.70376647980103,182.29495239257812,49799100,0.0,0.0
2023-06-21 00:00:00-04:00,182.1865534203878,182.68907870149724,179.91045548906328,181.26036071777344,49515700,0.0,0.0
2023-06-22 00:00:00-04:00,181.0435838743865,184.3050065515812,180.97460392176268,184.2557373046875,51245300,0.0,0.0
2023-06-23 00:00:00-04:00,182.8270228675936,184.8075203379306,182.29493904669715,183.9404296875,53117000,0.0,0.0
2023-06-26 00:00:00-04:00,184.0882365039062,185.29033397781694,182.51171079012911,182.55113220214844,48088700,0.0,0.0
2023-06-27 00:00:00-04:00,183.1620179856705,185.6253298715582,182.94524533692336,185.3001708984375,50730800,0.0,0.0
2023-06-28 00:00:00-04:00,185.17209649255778,187.11318769857849,184.84695251457532,186.4727325439453,51216800,0.0,0.0
2023-06-29 00:00:00-04:00,186.30522898461155,187.2807060224463,186.16728410364277,186.8077392578125,46347300,0.0,0.0
2023-06-30 00:00:00-04:00,188.81778728912292,191.62595381515632,188.45320690668942,191.12344360351562,85213200,0.0,0.0
2023-07-03 00:00:00-04:00,190.9361949618371,191.03473343329193,188.94583511035611,189.6355743408203,31458200,0.0,0.0
2023-07-05 00:00:00-04:00,188.75868490984942,190.1479814937267,187.82261429340878,188.52220153808594,46920300,0.0,0.0
2023-07-06 00:00:00-04:00,187.05407174607458,189.20208780415717,186.42346442381324,188.9951629638672,45094300,0.0,0.0
2023-07-07 00:00:00-04:00,188.60102706839623,189.84253092683244,187.4481988352347,187.88172912597656,46815000,0.0,0.0
2023-07-10 00:00:00-04:00,186.48257243692333,187.20187038994513,184.29515010539157,185.8421173095703,59922200,0.0,0.0
2023-07-11 00:00:00-04:00,186.3840531601648,186.52199803845542,183.86162393721375,185.3199005126953,46638100,0.0,0.0
2023-07-12 00:00:00-04:00,186.89638625272656,188.88674640306317,185.7041517573503,186.98507690429688,60750200,0.0,0.0
2023-07-13 00:00:00-04:00,187.70438329432415,188.38425984411805,186.99494820191867,187.74378967285156,41342300,0.0,0.0
2023-07-14 00:00:00-04:00,187.4383150637318,188.37437052971225,186.8471292596261,187.89157104492188,41616200,0.0,0.0
2023-07-17 00:00:00-04:00,189.08381775872684,191.46831693797242,188.9951421376018,191.14315795898438,50520200,0.0,0.0
2023-07-18 00:00:00-04:00,190.5125801606121,191.47819437683242,189.5962201627232,190.88699340820312,48288200,0.0,0.0
2023-07-19 00:00:00-04:00,190.26621270882248,195.3209183853995,189.82280454932882,192.2368621826172,80507300,0.0,0.0
2023-07-20 00:00:00-04:00,192.22701989757815,193.58677299126168,189.67503216410122,190.29579162597656,59581200,0.0,0.0
2023-07-21 00:00:00-04:00,191.25155042374644,192.10877819186132,188.4236580132484,189.1232452392578,71951700,0.0,0.0
2023-07-24 00:00:00-04:00,190.57164355889253,192.04963052919288,189.4286633601603,189.92132568359375,45377800,0.0,0.0
2023-07-25 00:00:00-04:00,190.49285737606127,191.58656857428397,190.08887057427083,190.77859497070312,37283200,0.0,0.0
2023-07-26 00:00:00-04:00,190.8278846495574,192.7689760383015,190.4830299318555,191.6457061767578,47471900,0.0,0.0
2023-07-27 00:00:00-04:00,193.1433729163405,194.30604897209747,189.72429463258098,190.38446044921875,47460200,0.0,0.0
2023-07-28 00:00:00-04:00,191.81315076149906,193.74439372054138,191.29092989175592,192.9561309814453,48291400,0.0,0.0
2023-07-31 00:00:00-04:00,193.18277106210203,193.6064685292723,192.394508242959,193.56704711914062,38824100,0.0,0.0
2023-08-01 00:00:00-04:00,193.3601546102926,193.842954166062,192.41423613585215,192.73939514160156,35175100,0.0,0.0
2023-08-02 00:00:00-04:00,192.17776662675897,192.31571151477112,189.03459274742033,189.75387573242188,50389300,0.0,0.0
2023-08-03 00:00:00-04:00,188.75868668614032,189.54693452970886,187.8915960163783,188.3645477294922,61235200,0.0,0.0
2023-08-04 00:00:00-04:00,182.79747042079737,184.6301752435833,179.25029494609427,179.31927490234375,115956800,0.0,0.0
2023-08-07 00:00:00-04:00,179.45720585194456,180.44253062568194,174.74735463626894,176.225341796875,97576100,0.0,0.0
2023-08-08 00:00:00-04:00,177.0530363874442,177.6245266423458,174.97400021533483,177.1614227294922,67823000,0.0,0.0
2023-08-09 00:00:00-04:00,178.2156906972674,178.27480777933516,174.41233639065635,175.5750274658203,60378500,0.0,0.0
2023-08-10 00:00:00-04:00,176.8460654118823,178.09743193733033,174.99366527850802,175.3582305908203,54686900,0.0,0.0
2023-08-11 00:00:00-04:00,174.95375100085724,176.23639103718068,174.19402209160106,175.41746520996094,52036700,0.24,0.0
2023-08-14 00:00:00-04:00,175.595078706152,177.2921273528478,174.94388246971033,177.06520080566406,43675600,0.0,0.0
2023-08-15 00:00:00-04:00,176.49291042563854,177.08489459113486,174.68732936330193,175.0819854736328,43622600,0.0,0.0
2023-08-16 00:00:00-04:00,174.76626971305478,176.15744233651847,174.14467201512105,174.2137451171875,46964900,0.0,0.0
2023-08-17 00:00:00-04:00,174.77612136953763,175.14117901733323,171.16495931429398,171.6780242919922,66062900,0.0,0.0
2023-08-18 00:00:00-04:00,170.0007213782545,172.76335939467492,169.6652621694116,172.1614990234375,61172200,0.0,0.0
2023-08-21 00:00:00-04:00,172.7337554755455,173.77960771425435,171.4215020828672,173.49346923828125,46311900,0.0,0.0
2023-08-22 00:00:00-04:00,174.69719959083847,175.30892111024494,173.89801113995804,174.86492919921875,42038900,0.0,0.0
2023-08-23 00:00:00-04:00,176.13773826499084,179.1273031269572,175.95027131734813,178.70303344726562,52722800,0.0,0.0
2023-08-24 00:00:00-04:00,178.25905172631101,178.68332143034684,173.6612333709249,174.02630615234375,54945800,0.0,0.0
2023-08-25 00:00:00-04:00,175.0129348306344,176.7593040006282,173.4737548580186,176.2265167236328,51449600,0.0,0.0
2023-08-28 00:00:00-04:00,177.68674410027091,178.1800717356574,176.16730160755293,177.78541564941406,43820700,0.0,0.0
2023-08-29 00:00:00-04:00,177.30196426395187,182.4325690983829,177.1046362040057,181.66297912597656,53003900,0.0,0.0
2023-08-30 00:00:00-04:00,182.4720614420058,185.34323241647965,182.27473336292013,185.14588928222656,60813900,0.0,0.0
2023-08-31 00:00:00-04:00,185.33336235534645,186.5962801694583,184.97816577917948,185.3629608154297,60794500,0.0,0.0
2023-09-01 00:00:00-04:00,186.96134589549212,187.38560051082152,185.76748618147488,186.93174743652344,45766500,0.0,0.0
2023-09-05 00:00:00-04:00,185.7674844117445,187.44479564304942,185.1064270757959,187.1685333251953,45280000,0.0,0.0
2023-09-06 00:00:00-04:00,185.88589107308178,186.32989809435446,179.04837565163587,180.4691619873047,81755800,0.0,0.0
2023-09-07 00:00:00-04:00,172.8422616393004,175.83184093509863,171.22414761118458,175.1905059814453,112488800,0.0,0.0
2023-09-08 00:00:00-04:00,175.96999075471308,177.8347687964352,175.417451102765,175.80224609375,65551300,0.0,0.0
2023-09-11 00:00:00-04:00,177.66705421097663,177.8939807491613,174.9734739911946,176.96652221679688,58953100,0.0,0.0
2023-09-12 00:00:00-04:00,177.09475937210624,177.72621814105926,172.48708107979573,173.94732666015625,90370200,0.0,0.0
2023-09-13 00:00:00-04:00,174.15451849429098,174.93398459835862,171.6582818339781,171.88522338867188,84267900,0.0,0.0
2023-09-14 00:00:00-04:00,171.6780051777774,173.74998712440222,171.26361179948515,173.39479064941406,60895800,0.0,0.0
2023-09-15 00:00:00-04:00,174.1249606133089,174.1446979390041,171.50046839224674,172.67457580566406,109259500,0.0,0.0
2023-09-18 00:00:00-04:00,174.12492516303394,176.9862345995646,173.81906442528665,175.5950469970703,67257600,0.0,0.0
2023-09-19 00:00:00-04:00,175.15104027243933,177.2328834055171,174.76624533576447,176.68035888671875,51826900,0.0,0.0
2023-09-20 00:00:00-04:00,176.86781171431105,177.30194242582076,173.05932191129062,173.14813232421875,58436200,0.0,0.0
2023-09-21 00:00:00-04:00,172.22069958579337,173.94734650075085,171.53990496478352,171.6089630126953,63149100,0.0,0.0
2023-09-22 00:00:00-04:00,172.33909518451154,174.7169382879251,171.7273736602944,172.45748901367188,56725400,0.0,0.0
2023-09-25 00:00:00-04:00,171.87535356826675,174.6083930174941,171.82601779128095,173.7302703857422,46172700,0.0,0.0
2023-09-26 00:00:00-04:00,172.4871029695211,172.8620217812148,169.3692683155077,169.66526794433594,64588900,0.0,0.0
2023-09-27 00:00:00-04:00,170.31647877934836,170.73087230994705,166.79412624167495,168.15570068359375,66921800,0.0,0.0
2023-09-28 00:00:00-04:00,167.08022534636603,169.7343308371659,165.38317681816312,168.41221618652344,56294400,0.0,0.0
2023-09-29 00:00:00-04:00,169.7244661753788,170.76045735672912,168.06687727418498,168.92527770996094,51861100,0.0,0.0
2023-10-02 00:00:00-04:00,168.9351592248721,171.97406003104268,168.64902069337074,171.431396484375,52164500,0.0,0.0
2023-10-03 00:00:00-04:00,169.96126458937815,171.31299281082715,168.54049336939298,170.09939575195312,49594600,0.0,0.0
2023-10-04 00:00:00-04:00,168.80686354725646,171.88523853747708,168.68846972057472,171.3425750732422,53020300,0.0,0.0
2023-10-05 00:00:00-04:00,171.47081778563683,173.10866919518492,170.3756298015613,172.5758819580078,48527900,0.0,0.0
2023-10-06 00:00:00-04:00,171.48072926712837,175.61481822954005,170.8689926183437,175.12149047851562,57266700,0.0,0.0
2023-10-09 00:00:00-04:00,174.45053908507856,176.66065260372454,173.45402254968238,176.60145568847656,42390800,0.0,0.0
2023-10-10 00:00:00-04:00,175.72333700059065,177.32171396949087,175.57532965392068,176.00946044921875,43698000,0.0,0.0
2023-10-11 00:00:00-04:00,175.82201043112758,177.45000107017458,175.23002615297557,177.40066528320312,47551100,0.0,0.0
2023-10-12 00:00:00-04:00,177.6670640281674,179.90676118500224,176.6507950071692,178.29852294921875,56743100,0.0,0.0
2023-10-13 00:00:00-04:00,178.99902980590412,179.5022186651883,175.76280113660414,176.4633331298828,51427100,0.0,0.0
2023-10-16 00:00:00-04:00,174.3913099864983,176.69021845376034,174.15450731404093,176.33502197265625,52517000,0.0,0.0
2023-10-17 00:00:00-04:00,174.29266779074965,176.03905203817294,172.467364361049,174.78599548339844,57549400,0.0,0.0
2023-10-18 00:00:00-04:00,173.23694427289632,175.21025492862336,172.77321506438722,173.49346923828125,54764400,0.0,0.0
2023-10-19 00:00:00-04:00,173.69077704835468,175.46675944254312,172.8521291505183,173.1185302734375,59302900,0.0,0.0
2023-10-20 00:00:00-04:00,172.970532603774,173.07906528544774,170.33616484514565,170.57296752929688,64244000,0.0,0.0
2023-10-23 00:00:00-04:00,168.62929981085605,171.68792291287053,167.6623665542272,170.69140625,55980100,0.0,0.0
2023-10-24 00:00:00-04:00,170.74072378645857,171.35244533043914,169.16206908920728,171.12551879882812,43816600,0.0,0.0
2023-10-25 00:00:00-04:00,169.58634726553433,170.7505934954682,168.37275019582236,168.81675720214844,57157000,0.0,0.0
2023-10-26 00:00:00-04:00,168.09649022321696,169.09302189873856,163.45921245305613,164.66293334960938,70625300,0.0,0.0
2023-10-27 00:00:00-04:00,164.6826577744484,166.70530437202822,164.60372353518264,165.9751739501953,58499100,0.0,0.0
2023-10-30 00:00:00-04:00,166.76450604315932,168.88580920893756,166.61649869462795,168.01754760742188,51131000,0.0,0.0
2023-10-31 00:00:00-04:00,167.09007075196132,168.619374328328,165.65940861123508,168.49111938476562,44846000,0.0,0.0
2023-11-01 00:00:00-04:00,168.71808481806195,171.9049777602895,167.84982318964867,171.64845275878906,56934900,0.0,0.0
2023-11-02 00:00:00-04:00,173.17774724497193,175.40758286457637,173.11855033416663,175.2003936767578,77334800,0.0,0.0
2023-11-03 00:00:00-04:00,171.91483559510309,174.46040823420765,171.03671292563865,174.29266357421875,79829200,0.0,0.0
2023-11-06 00:00:00-05:00,174.02625271257716,177.03553909275448,173.85852313161243,176.8382110595703,63841300,0.0,0.0
2023-11-07 00:00:00-05:00,176.78892234542403,180.00542885763969,176.5817331247381,179.39370727539062,70530000,0.0,0.0
2023-11-08 00:00:00-05:00,179.91661457451394,181.00192645947115,179.16674685036813,180.44940185546875,49340300,0.0,0.0
2023-11-09 00:00:00-05:00,180.51849360423827,181.66300252138785,179.38383076688,179.975830078125,53763500,0.0,0.0
2023-11-10 00:00:00-05:00,181.75415237279827,184.32284238950194,181.31944959381738,184.15487670898438,66133400,0.24,0.0
2023-11-13 00:00:00-05:00,183.58184574005094,183.78930789371245,181.99123723697815,182.57412719726562,43627500,0.0,0.0
2023-11-14 00:00:00-05:00,185.43920547847273,185.8442707665973,184.05607409829287,185.18234252929688,60108400,0.0,0.0
2023-11-15 00:00:00-05:00,185.58742199648478,187.21754232445392,185.51825788469085,185.7454833984375,53790500,0.0,0.0
2023-11-16 00:00:00-05:00,187.28668991537342,188.65994715340477,186.37775779056014,187.4250030517578,54412900,0.0,0.0
2023-11-17 00:00:00-05:00,187.9584954748911,188.08693448765234,186.29873780998344,187.40524291992188,50922700,0.0,0.0
2023-11-20 00:00:00-05:00,187.60281994734135,189.598493753426,187.59294582194016,189.14402770996094,46505100,0.0,0.0
2023-11-21 00:00:00-05:00,189.10452557023848,189.21320125507725,187.45464204586924,188.3437957763672,38134500,0.0,0.0
2023-11-22 00:00:00-05:00,189.18354656200316,190.60618938615343,188.53149251239262,189.00570678710938,39617700,0.0,0.0
2023-11-24 00:00:00-05:00,188.57102324664504,188.60066069963858,186.97054048498805,187.68186950683594,24048300,0.0,0.0
2023-11-27 00:00:00-05:00,187.63248260157215,188.37344913120532,186.62476390027032,187.50404357910156,40552600,0.0,0.0
2023-11-28 00:00:00-05:00,187.49413155220094,188.77847629228074,187.1187037624085,188.10665893554688,38415400,0.0,0.0
2023-11-29 00:00:00-05:00,188.6006511365786,189.77632029571453,186.69390474066958,187.08908081054688,43014200,0.0,0.0
2023-11-30 00:00:00-05:00,187.55343368717286,188.02766309314677,185.92331344476767,187.662109375,48794400,0.0,0.0
2023-12-01 00:00:00-05:00,188.0375111237308,189.2526917735191,186.95075439627809,188.93655395507812,45704800,0.0,0.0
2023-12-04 00:00:00-05:00,187.69170901814908,187.76087311237956,185.19218377665425,187.14833068847656,43389500,0.0,0.0
2023-12-05 00:00:00-05:00,187.91897362196437,192.05849343193452,187.8893210956394,191.09030151367188,66628400,0.0,0.0
2023-12-06 00:00:00-05:00,192.1079050949125,192.41416882595195,189.79609331061306,190.00357055664062,41089700,0.0,0.0
2023-12-07 00:00:00-05:00,191.29776300970337,192.6512567588297,191.25823636118906,191.9300537109375,47477700,0.0,0.0
2023-12-08 00:00:00-05:00,191.86090014217592,193.62934842275146,191.33728508312288,193.35272216796875,53406400,0.0,0.0
2023-12-11 00:00:00-05:00,190.7840156527889,191.1594434259829,189.11436907200368,190.85316467285156,60943700,0.0,0.0
2023-12-12 00:00:00-05:00,190.75441983366463,192.37466599656702,189.41079996137955,192.3647918701172,52696900,0.0,0.0
2023-12-13 00:00:00-05:00,192.74018081786602,195.61513413450965,192.50308121236986,195.57562255859375,70404200,0.0,0.0
2023-12-14 00:00:00-05:00,195.63490356313392,197.21562292408947,193.79730618821,195.72381591796875,66831600,0.0,0.0
2023-12-15 00:00:00-05:00,195.1507962246044,196.01031245444227,194.62718115642724,195.19032287597656,128538400,0.0,0.0
2023-12-18 00:00:00-05:00,193.72813612536964,194.26164038796966,192.0486152607036,193.53054809570312,55751900,0.0,0.0
2023-12-19 00:00:00-05:00,193.79729775296602,194.57777573643529,193.5305456250714,194.56790161132812,40714100,0.0,0.0
2023-12-20 00:00:00-05:00,194.5283816611859,195.2989855460905,192.4833221435547,192.4833221435547,52242800,0.0,0.0
2023-12-21 00:00:00-05:00,193.73803856316968,194.70623052718972,191.16934877699248,192.3351287841797,46482500,0.0,0.0
2023-12-22 00:00:00-05:00,192.82909873139974,193.0563392932213,190.64572606781581,191.2681427001953,37149600,0.0,0.0
2023-12-26 00:00:00-05:00,191.27801448490152,191.55464074590694,190.5074106042434,190.72476196289062,28919300,0.0,0.0
2023-12-27 00:00:00-05:00,190.17150836602553,191.16933772508392,188.78836199381533,190.82354736328125,48087700,0.0,0.0
2023-12-28 00:00:00-05:00,191.80165040931152,192.3153914106068,190.8433325169925,191.24839782714844,34049900,0.0,0.0
2023-12-29 00:00:00-05:00,191.56453833112627,192.05851601127358,189.42067700828724,190.21104431152344,42672100,0.0,0.0
2024-01-02 00:00:00-05:00,184.89579853453512,186.1702691079172,181.6750702031571,183.40399169921875,82488700,0.0,0.0
2024-01-03 00:00:00-05:00,182.00112426612563,183.6411336613478,181.22063114701328,182.03076171875,58414500,0.0,0.0
2024-01-04 00:00:00-05:00,179.95601742530297,180.88469764157387,178.70132528842504,179.7189178466797,71983600,0.0,0.0
2024-01-05 00:00:00-05:00,179.79799818956093,180.5587129492039,177.99991223040004,178.99774169921875,62379700,0.0,0.0
2024-01-08 00:00:00-05:00,179.89676064456035,183.36449308108033,179.3138706884217,183.32496643066406,59144500,0.0,0.0
2024-01-09 00:00:00-05:00,181.7047275700206,182.9199083051763,180.52905841182087,182.9100341796875,42841800,0.0,0.0
2024-01-10 00:00:00-05:00,182.12955368013527,184.1548498527509,181.70472508990332,183.9473876953125,46792900,0.0,0.0
2024-01-11 00:00:00-05:00,184.293153408918,184.7970202008086,181.40832608034748,183.35459899902344,49128400,0.0,0.0
2024-01-12 00:00:00-05:00,183.81896194364214,184.49077939116623,182.95944565085554,183.68064880371094,40477800,0.0,0.0
2024-01-16 00:00:00-05:00,179.96593271976667,182.04062970854807,178.7507369031224,181.41822814941406,65603000,0.0,0.0
2024-01-17 00:00:00-05:00,179.08663943068214,180.72663357001974,178.12832170152117,180.47964477539062,47317400,0.0,0.0
2024-01-18 00:00:00-05:00,183.8485869578717,186.86185345428623,183.59172402252184,186.35800170898438,78005800,0.0,0.0
2024-01-19 00:00:00-05:00,187.04957995238564,189.63801803091337,186.5457281731689,189.25271606445312,68903000,0.0,0.0
2024-01-22 00:00:00-05:00,189.98378136946042,192.97728431537942,189.94425472083472,191.55462646484375,60133900,0.0,0.0
2024-01-23 00:00:00-05:00,192.67104017695664,193.39224330006388,191.49537099853464,192.8291015625,42355600,0.0,0.0
2024-01-24 00:00:00-05:00,193.06621990928542,194.01466361551059,191.99922639290756,192.1573028564453,53631300,0.0,0.0
2024-01-25 00:00:00-05:00,192.86862433386716,193.90598035718745,190.78403816176663,191.83126831054688,54822100,0.0,0.0
2024-01-26 00:00:00-05:00,191.93004847085402,192.41413683944202,189.6281111952244,190.10232543945312,44594000,0.0,0.0
2024-01-29 00:00:00-05:00,189.69728055859,189.88499446653958,187.29655655692048,189.420654296875,47145600,0.0,0.0
2024-01-30 00:00:00-05:00,188.64014902264395,189.48979101081807,185.21194362297624,185.7750701904297,55859400,0.0,0.0
2024-01-31 00:00:00-05:00,184.78715652135838,184.84644650359252,182.12956937209933,182.178955078125,55467800,0.0,0.0
2024-02-01 00:00:00-05:00,181.77390231724044,184.69824158324056,181.6059517240919,184.6093292236328,64885400,0.0,0.0
2024-02-02 00:00:00-05:00,177.6936236133024,185.07365019396582,177.09097033579843,183.61148071289062,102551700,0.0,0.0
2024-02-05 00:00:00-05:00,185.88375846902116,186.97051518171523,183.60158444736317,185.41941833496094,69668800,0.0,0.0
2024-02-06 00:00:00-05:00,184.60931480628852,187.02980210381148,184.5204024536245,187.01992797851562,43490800,0.0,0.0
2024-02-07 00:00:00-05:00,188.3437971267345,188.74886241631054,186.33824908078662,187.1286163330078,53439000,0.0,0.0
2024-02-08 00:00:00-05:00,187.10881615622526,187.25700339151908,185.09339438123675,186.0517120361328,40962000,0.0,0.0
2024-02-09 00:00:00-05:00,186.61557552858977,187.94113632063826,185.97259122428568,186.8134307861328,45155200,0.24,0.0
2024-02-12 00:00:00-05:00,186.38806813077576,186.63537211912902,184.7756412965565,185.1317596435547,41781900,0.0,0.0
2024-02-13 00:00:00-05:00,183.76663306878044,184.20189045877694,181.53099558275042,183.04449462890625,56529500,0.0,0.0
2024-02-14 00:00:00-05:00,183.32148884677065,183.52921572281525,180.4725423642709,182.16409301757812,54630500,0.0,0.0
2024-02-15 00:00:00-05:00,181.57058851615943,182.50045391335385,179.39431647047905,181.8772430419922,65434500,0.0,0.0
2024-02-16 00:00:00-05:00,181.44197861733377,182.8565652037317,179.7108507918506,180.3439483642578,49752500,0.0,0.0
2024-02-20 00:00:00-05:00,179.82956623009554,180.46266385305907,178.0588762686663,179.60205078125,53665600,0.0,0.0
2024-02-21 00:00:00-05:00,179.97792921674792,180.91768122956833,178.71173417109264,180.3538360595703,41371400,0.0,0.0
2024-02-22 00:00:00-05:00,181.50134277124772,182.96539328132977,180.49235334512917,182.38174438476562,52292200,0.0,0.0
2024-02-23 00:00:00-05:00,183.01485026342843,183.04452553646294,180.26483093781445,180.5517120361328,45119700,0.0,0.0
2024-02-26 00:00:00-05:00,180.2746995194681,180.78908088671756,178.70183486744935,179.2063446044922,40867400,0.0,0.0
2024-02-27 00:00:00-05:00,179.14703832319717,181.936619822868,177.62363710554357,180.66053771972656,54318900,0.0,0.0
2024-02-28 00:00:00-05:00,180.54178846123017,181.14521076395337,178.1874648834917,179.4635467529297,48953900,0.0,0.0
2024-02-29 00:00:00-05:00,179.31516246277232,180.6011460945577,177.59392143922238,178.80076599121094,136682600,0.0,0.0
2024-03-01 00:00:00-05:00,177.61370457626955,178.5831318593588,175.46710804516843,177.72251892089844,73563100,0.0,0.0
2024-03-04 00:00:00-05:00,174.25036500096815,174.9922768844708,171.91581500377694,173.21170043945312,81510100,0.0,0.0
2024-03-05 00:00:00-05:00,168.91851326517738,170.18470849670402,167.79080766540406,168.28541564941406,95132400,0.0,0.0
2024-03-06 00:00:00-05:00,169.2152850514215,169.39335177885377,166.8609461620447,167.29620361328125,68587700,0.0,0.0
2024-03-07 00:00:00-05:00,167.32585131213037,168.88881413208614,166.67298033709926,167.17747497558594,71765100,0.0,0.0
2024-03-08 00:00:00-05:00,167.17747009753631,171.82678133583968,167.11811956465033,168.88880920410156,76267000,0.0,0.0
2024-03-11 00:00:00-04:00,171.07500788792643,172.49948126334272,170.1946063009313,170.88705444335938,60139500,0.0,0.0
2024-03-12 00:00:00-04:00,171.28270784938988,172.15322257397557,169.16578666443067,171.36184692382812,59825400,0.0,0.0
2024-03-13 00:00:00-04:00,170.90685960163916,171.32232852748163,168.9185256992457,169.2845458984375,52488700,0.0,0.0
2024-03-14 00:00:00-04:00,171.0453430786352,172.43023944819464,170.19461671040915,171.13436889648438,72913500,0.0,0.0
2024-03-15 00:00:00-04:00,169.32407812222547,170.75843811035156,168.4535633292171,170.75843811035156,121752700,0.0,0.0
2024-03-18 00:00:00-04:00,173.67664359575858,175.79356502758816,171.64874797271588,171.84658813476562,75604200,0.0,0.0
2024-03-19 00:00:00-04:00,172.45989598897214,174.70542030322298,171.16402557801365,174.18113708496094,55215200,0.0,0.0
2024-03-20 00:00:00-04:00,173.82504084734046,176.74322509765625,173.2018299224136,176.74322509765625,53423100,0.0,0.0
2024-03-21 00:00:00-04:00,175.1406653733646,175.57592275278003,168.9976284397713,169.52191162109375,106181300,0.0,0.0
2024-03-22 00:00:00-04:00,169.90772263085663,171.18381963278856,168.22605856941686,170.422119140625,71160100,0.0,0.0
2024-03-25 00:00:00-04:00,168.7305586050563,170.08577952012527,167.6226265638577,169.00753784179688,54288300,0.0,0.0
2024-03-26 00:00:00-04:00,168.16670300567833,169.57138777241732,167.7512341389727,167.8798370361328,57388400,0.0,0.0
2024-03-27 00:00:00-04:00,168.5722593701728,171.72786002382026,168.2754916266955,171.44097900390625,60273300,0.0,0.0
2024-03-28 00:00:00-04:00,169.89782982249778,170.37264922530974,168.67119667981044,169.6307373046875,65672700,0.0,0.0
2024-04-01 00:00:00-04:00,169.34385933496506,169.40320986933065,167.65229363436822,168.1963653564453,46240500,0.0,0.0
2024-04-02 00:00:00-04:00,167.25661278755086,167.51380346702695,166.41577330219988,167.01919555664062,49329500,0.0,0.0
2024-04-03 00:00:00-04:00,166.9697540235435,168.83937157047524,166.7620271262386,167.8204803466797,47691700,0.0,0.0
2024-04-04 00:00:00-04:00,168.45358430225178,170.0660111961713,166.99945068359375,166.99945068359375,53704400,0.0,0.0
2024-04-05 00:00:00-04:00,167.7611226870966,168.5524984345705,167.12802510796487,167.75123596191406,42104800,0.0,0.0
2024-04-08 00:00:00-04:00,167.20716991074772,167.37533481002382,166.4256959559663,166.6334228515625,37425500,0.0,0.0
2024-04-09 00:00:00-04:00,166.88071513080217,168.2458378687617,166.53449863101693,167.8402557373047,42373800,0.0,0.0
2024-04-10 00:00:00-04:00,166.97963118021664,167.26649712267962,165.307854051912,165.9706268310547,49709300,0.0,0.0
2024-04-11 00:00:00-04:00,166.5246002673459,173.5678277091418,166.34654865134516,173.15234375,91070300,0.0,0.0
2024-04-12 00:00:00-04:00,172.38075949507746,176.43655077441642,172.33131077483722,174.6460723876953,101670900,0.0,0.0
2024-04-15 00:00:00-04:00,173.46888692512982,174.72519524382946,170.6397290741028,170.8276824951172,73531800,0.0,0.0
2024-04-16 00:00:00-04:00,169.89781183493915,171.88613013777277,166.45534511410173,167.55337524414062,73711200,0.0,0.0
2024-04-17 00:00:00-04:00,167.78091646807817,168.80969440593617,166.1882781982422,166.1882781982422,50901200,0.0,0.0
2024-04-18 00:00:00-04:00,166.21791541775488,166.8213376077971,164.75388038564228,165.23858642578125,43122900,0.0,0.0
2024-04-19 00:00:00-04:00,164.41760010663418,164.60553846988037,162.3105651694999,163.22064208984375,68149400,0.0,0.0
2024-04-22 00:00:00-04:00,163.73501821268977,165.45624419964858,162.99310629576294,164.0515594482422,48116400,0.0,0.0
2024-04-23 00:00:00-04:00,163.56685559955991,165.24851961582092,163.14148491226467,165.10012817382812,49537800,0.0,0.0
2024-04-24 00:00:00-04:00,164.74402954196006,167.47427542099652,164.4176015378687,167.19729614257812,48251800,0.0,0.0
2024-04-25 00:00:00-04:00,167.70175828470067,168.77011319134087,166.33663561051003,168.05787658691406,50558300,0.0,0.0
2024-04-26 00:00:00-04:00,168.04800546826704,169.49225225997063,167.35554224826544,167.47425842285156,44838400,0.0,0.0
2024-04-29 00:00:00-04:00,171.50034913417457,174.1316669492416,171.2332717193323,171.6289520263672,68169400,0.0,0.0
2024-04-30 00:00:00-04:00,171.46081207960546,173.1029142716877,168.1667209693098,168.4931640625,65934800,0.0,0.0
2024-05-01 00:00:00-04:00,167.75123767315736,170.84748833564953,167.28630498280754,167.47425842285156,50383100,0.0,0.0
2024-05-02 00:00:00-04:00,170.64962025703286,171.5498103000238,169.04709541575278,171.1640167236328,94214900,0.0,0.0
2024-05-03 00:00:00-04:00,184.6371141692426,184.98334572031666,180.6901529770176,181.4023895263672,163224100,0.0,0.0
2024-05-06 00:00:00-04:00,180.38352481626606,182.21356516877455,178.47433028646978,179.75042724609375,78569700,0.0,0.0
2024-05-07 00:00:00-04:00,181.4716631656838,182.90602327557747,179.36464345444207,180.4329833984375,77305800,0.0,0.0
2024-05-08 00:00:00-04:00,180.87814724687024,181.09577596912635,179.49323582394607,180.7693328857422,45057100,0.0,0.0
2024-05-09 00:00:00-04:00,180.59124108896245,182.6686003878229,180.14609698041687,182.57957458496094,48983000,0.0,0.0
2024-05-10 00:00:00-04:00,183.15410154420678,183.34230991411323,180.4102677646858,181.3215789794922,50759500,0.25,0.0
2024-05-13 00:00:00-04:00,183.68900761377958,185.3333368917867,182.87674310968822,184.5210723876953,72044800,0.0,0.0
2024-05-14 00:00:00-04:00,185.73947897801656,186.52202806777518,184.5309973091758,185.6602325439453,52393600,0.0,0.0
2024-05-15 00:00:00-04:00,186.13571225801192,188.8498308462509,185.60080260352015,187.92861938476562,70400000,0.0,0.0
2024-05-16 00:00:00-04:00,188.6714956614686,189.2955517477419,187.86914647323638,188.0474395751953,52845200,0.0,0.0
2024-05-17 00:00:00-04:00,187.72057759120682,189.00830557822601,187.39369174809892,188.07717895507812,41282900,0.0,0.0
2024-05-20 00:00:00-04:00,187.54228461702792,190.10782534306233,187.22529890901677,189.2361297607422,44361300,0.0,0.0
2024-05-21 00:00:00-04:00,189.28565540299905,190.91016932460286,189.11726241831752,190.5337677001953,42309400,0.0,0.0
2024-05-22 00:00:00-04:00,190.45453220558076,190.99934196064652,188.47341681604038,189.0974578857422,34648500,0.0,0.0
2024-05-23 00:00:00-04:00,189.17667916140735,189.1964945447871,184.86776283091424,185.1154022216797,51005900,0.0,0.0
2024-05-24 00:00:00-04:00,187.03707622618555,188.78045200186543,186.26442746313117,188.1861114501953,36327000,0.0,0.0
2024-05-28 00:00:00-04:00,189.70169698060212,191.17763337385156,187.31446444482384,188.19606018066406,52280100,0.0,0.0
2024-05-29 00:00:00-04:00,187.81963788738682,190.43470949642946,187.72057607583483,188.4932098388672,53068000,0.0,0.0
2024-05-30 00:00:00-04:00,188.9587703074631,190.36536034504638,188.83000809203267,189.4837646484375,49889100,0.0,0.0
2024-05-31 00:00:00-04:00,189.63235836586054,190.7516933437122,188.11680637508078,190.43470764160156,75158300,0.0,0.0
2024-06-03 00:00:00-04:00,191.07855630297723,193.14883318833753,190.7021546904014,192.19789123535156,50080500,0.0,0.0
2024-06-04 00:00:00-04:00,192.80214765697744,193.47573474401025,191.20734917579057,192.514892578125,47471400,0.0,0.0
2024-06-05 00:00:00-04:00,193.5549597642067,195.04079624688396,193.02996541617088,194.02052307128906,54156800,0.0,0.0
2024-06-06 00:00:00-04:00,193.8421969316698,194.64454607729934,192.33654532022595,192.64361572265625,41181800,0.0,0.0
2024-06-07 00:00:00-04:00,192.81205951087668,195.08044521695948,192.30688050093246,195.03091430664062,53103900,0.0,0.0
2024-06-10 00:00:00-04:00,195.04080033594326,195.43703247512377,190.33565137548777,191.29649353027344,97010200,0.0,0.0
2024-06-11 00:00:00-04:00,191.82147267998263,205.20391549352811,191.8016724106265,205.19400024414062,172373300,0.0,0.0
2024-06-12 00:00:00-04:00,205.4119153142898,218.12077055688877,204.94635205432962,211.05810546875,198134300,0.0,0.0
2024-06-13 00:00:00-04:00,212.71236564129833,214.70338117421306,209.6020150722442,212.2170867919922,97862700,0.0,0.0
2024-06-14 00:00:00-04:00,211.8307711431916,213.13829945342002,209.30484597389386,210.48361206054688,70122700,0.0,0.0
2024-06-17 00:00:00-04:00,211.35528688913016,216.88260054537645,210.71143044440285,214.62413024902344,93728300,0.0,0.0
2024-06-18 00:00:00-04:00,215.53544497511416,216.56563344094587,210.9887887879192,212.2666015625,79943300,0.0,0.0
2024-06-20 00:00:00-04:00,211.90998899500866,212.2170745602359,206.87796947703916,207.7001190185547,86172500,0.0,0.0
2024-06-21 00:00:00-04:00,208.40344951202738,209.88928617334648,205.1544212217866,205.5308380126953,241805100,0.0,0.0
2024-06-24 00:00:00-04:00,205.75863496180304,210.69160779538842,204.63929998769706,206.17466735839844,80727000,0.0,0.0
2024-06-25 00:00:00-04:00,207.1751175381149,209.38407188516823,206.64022308060072,207.09588623046875,55549700,0.0,0.0
2024-06-26 00:00:00-04:00,209.5029135164035,212.8311873569971,208.65103345259956,211.23638916015625,66213200,0.0,0.0
2024-06-27 00:00:00-04:00,212.66282504623206,213.70291360533915,210.34492376459474,212.07839965820312,49772700,0.0,0.0
2024-06-28 00:00:00-04:00,213.73263728250333,214.02980761283354,208.3142855019514,208.63125610351562,82542700,0.0,0.0
2024-07-01 00:00:00-04:00,210.0873668962765,215.4561875080808,209.91897391071575,214.703369140625,60402900,0.0,0.0
2024-07-02 00:00:00-04:00,214.1090169642201,218.29908645117231,213.0689435868198,218.19012451171875,58046200,0.0,0.0
2024-07-03 00:00:00-04:00,217.92267103394255,219.45803833007812,216.96182895702523,219.45803833007812,37369800,0.0,0.0
2024-07-05 00:00:00-04:00,219.55707203955853,224.31175124030364,219.55707203955853,224.20278930664062,60412400,0.0,0.0
2024-07-08 00:00:00-04:00,224.94572057418634,225.69855401964364,221.14198303770854,225.66883850097656,59085900,0.0,0.0
2024-07-09 00:00:00-04:00,225.77780318070188,227.23392416937492,224.23253562897796,226.52072143554688,48076100,0.0,0.0
2024-07-10 00:00:00-04:00,227.13486087511765,230.8791673967792,227.0853299721382,230.7801055908203,62627700,0.0,0.0
2024-07-11 00:00:00-04:00,229.2051413563895,230.19569903805672,223.63821202212716,225.4212188720703,64710600,0.0,0.0
2024-07-12 00:00:00-04:00,226.7584454352943,230.44332094014862,226.5207061684713,228.36314392089844,53046500,0.0,0.0
2024-07-15 00:00:00-04:00,234.24706826366577,234.9899864993383,230.88907844301437,232.18670654296875,62631300,0.0,0.0
2024-07-16 00:00:00-04:00,232.781045805997,234.03905824310993,230.1362587163494,232.60275268554688,43234300,0.0,0.0
2024-07-17 00:00:00-04:00,227.28343626123907,229.27446669281912,224.49997184852458,226.7188262939453,57345900,0.0,0.0
2024-07-18 00:00:00-04:00,228.10560948409145,228.26410233218343,220.17124832102243,222.06320190429688,66034600,0.0,0.0
2024-07-19 00:00:00-04:00,222.6971648700337,224.65846466815103,221.17169771561296,222.1919708251953,49151500,0.0,0.0
2024-07-22 00:00:00-04:00,224.86647978572938,225.62921338494564,220.98349573063444,221.8452911376953,48201800,0.0,0.0
2024-07-23 00:00:00-04:00,222.25141967209163,224.7971601400939,220.57737479075328,222.8853759765625,39960300,0.0,0.0
2024-07-24 00:00:00-04:00,221.88492258576645,222.67737176080064,215.07979609138368,216.47647094726562,61777600,0.0,0.0
2024-07-25 00:00:00-04:00,216.86277641061952,218.76466037633443,212.59347540961954,215.43638610839844,51391200,0.0,0.0
2024-07-26 00:00:00-04:00,216.6349499920164,217.41749898154802,213.9703475571551,215.90194702148438,41601300,0.0,0.0
2024-07-29 00:00:00-04:00,214.91137828370984,217.22927938341869,213.7127969665886,216.17929077148438,36311800,0.0,0.0
2024-07-30 00:00:00-04:00,217.1203409396055,218.24957609355639,214.07932159795172,216.73402404785156,41643800,0.0,0.0
2024-07-31 00:00:00-04:00,219.34907597117163,221.70660788092644,218.5467267386139,219.9830322265625,50036300,0.0,0.0
2024-08-01 00:00:00-04:00,222.2514337919132,222.36039574716864,214.97084352071977,216.29818725585938,62501000,0.0,0.0
2024-08-02 00:00:00-04:00,217.08069402896655,223.46980270062375,215.65430376795194,217.78399658203125,105568600,0.0,0.0
2024-08-05 00:00:00-04:00,197.210135996183,211.48407659683002,194.14931622004067,207.2940216064453,119548600,0.0,0.0
2024-08-06 00:00:00-04:00,203.36145518137582,208.00717221552574,199.1714012418906,205.27322387695312,69660500,0.0,0.0
2024-08-07 00:00:00-04:00,204.9463646139573,211.62272838414273,204.441185671316,207.83880615234375,63516400,0.0,0.0
2024-08-08 00:00:00-04:00,211.0977593959716,212.1774636990054,206.85817350164743,211.29586791992188,47161100,0.0,0.0
2024-08-09 00:00:00-04:00,210.09727328743648,214.7330756065884,209.96849596255686,214.19818115234375,42201600,0.0,0.0
2024-08-12 00:00:00-04:00,214.27752324509848,217.6889728146819,213.81142108338884,215.72540283203125,38028100,0.25,0.0
2024-08-13 00:00:00-04:00,217.19314118814535,220.04925425523973,217.19314118814535,219.4344024658203,44155300,0.0,0.0
2024-08-14 00:00:00-04:00,218.7401920302427,221.1797757696837,217.87739912826086,219.88064575195312,41960600,0.0,0.0
2024-08-15 00:00:00-04:00,222.73678951211636,223.4805677293667,220.91204211865187,222.8557891845703,46414000,0.0,0.0
2024-08-16 00:00:00-04:00,222.0624088054674,224.94827173921567,221.7946444270254,224.17474365234375,44340200,0.0,0.0
2024-08-19 00:00:00-04:00,223.84746435464618,224.11522871504155,221.18968933533225,224.01605224609375,40687800,0.0,0.0
2024-08-20 00:00:00-04:00,223.8970537532744,225.28543353253482,223.57970115675508,224.6309051513672,30299000,0.0,0.0
2024-08-21 00:00:00-04:00,224.64085012661386,226.08872985229075,223.1830436738614,224.52183532714844,34765500,0.0,0.0
2024-08-22 00:00:00-04:00,225.90030886909642,226.44574924370923,222.04257986640772,222.6673583984375,43695300,0.0,0.0
2024-08-23 00:00:00-04:00,223.78797197411373,226.32673228874265,222.46900358067504,224.9581756591797,38677300,0.0,0.0
2024-08-26 00:00:00-04:00,224.87885041051024,225.39454085782168,222.0326640536948,225.2953643798828,30602200,0.0,0.0
2024-08-27 00:00:00-04:00,224.12514736512034,226.95151036486342,223.02435510684418,226.1383056640625,35934600,0.0,0.0
2024-08-28 00:00:00-04:00,226.0291983356657,227.95310672511408,223.8077756875659,224.61106872558594,38052200,0.0,0.0
2024-08-29 00:00:00-04:00,228.1911537968638,230.98775191089825,226.9812734022471,227.8837127685547,51906300,0.0,0.0
2024-08-30 00:00:00-04:00,228.28038060324323,228.4886300006117,225.59285569982603,227.10025024414062,52990800,0.0,0.0
2024-09-03 00:00:00-04:00,226.65400042223428,227.10026429068756,219.335218503661,220.9219512939453,50190600,0.0,0.0
2024-09-04 00:00:00-04:00,219.82116129878526,219.94016096302124,215.67582978550038,219.01788330078125,43840200,0.0,0.0
2024-09-05 00:00:00-04:00,219.79140861107143,223.60946073514918,219.6823205428289,220.53518676757812,36615400,0.0,0.0
2024-09-06 00:00:00-04:00,222.0921370424939,223.37144384512357,217.9468210396507,218.9881134033203,48423000,0.0,0.0
2024-09-09 00:00:00-04:00,218.9881123209545,219.43437615112032,214.91220775865924,219.07736206054688,67180000,0.0,0.0
2024-09-10 00:00:00-04:00,217.1038662465979,219.6426263973432,214.93203178151688,218.28399658203125,51591000,0.0,0.0
2024-09-11 00:00:00-04:00,219.62283934479092,221.23930705217748,216.08244775598524,220.81288146972656,44587100,0.0,0.0
2024-09-12 00:00:00-04:00,220.6541869199912,221.69547936785247,217.9964268983011,220.9219512939453,37455600,0.0,0.0
2024-09-13 00:00:00-04:00,221.72521710949164,222.18139254741286,220.06907298412548,220.6541748046875,36766600,0.0,0.0
2024-09-16 00:00:00-04:00,214.74362792854853,215.4179946756504,212.14536768072225,214.5254669189453,59357400,0.0,0.0
2024-09-17 00:00:00-04:00,213.96018092212807,215.1006346980314,212.72055067344832,214.99154663085938,45519300,0.0,0.0
2024-09-18 00:00:00-04:00,215.74527154351298,220.86246931704028,215.73534481599032,218.85922241210938,59894900,0.0,0.0
2024-09-19 00:00:00-04:00,223.12354184254357,227.91347512552952,222.76652771175563,226.97134399414062,66781300,0.0,0.0
2024-09-20 00:00:00-04:00,228.06223610833695,231.15634864169297,225.73172498083707,226.30691528320312,318679900,0.0,0.0
2024-09-23 00:00:00-04:00,225.4540253555904,227.54652178723228,223.9367191660146,224.59124755859375,54146000,0.0,0.0
2024-09-24 00:00:00-04:00,226.75314473243895,227.44734973367454,223.85737047004787,225.4837646484375,43556100,0.0,0.0
2024-09-25 00:00:00-04:00,223.0639938591287,225.40441611848388,222.16155463706056,224.49205017089844,42308700,0.0,0.0
2024-09-26 00:00:00-04:00,225.41436171300208,226.60440369502516,223.54004142995942,225.63253784179688,36636700,0.0,0.0
2024-09-27 00:00:00-04:00,226.5647236129495,227.6159275297645,225.4143432340109,225.9002685546875,34026000,0.0,0.0
2024-09-30 00:00:00-04:00,228.1316114938428,231.0670623779297,227.7448474882838,231.0670623779297,54541900,0.0,0.0
2024-10-01 00:00:00-04:00,227.615942887257,227.74485413807125,221.88389405688537,224.33340454101562,63285000,0.0,0.0
2024-10-02 00:00:00-04:00,224.01605029183685,225.48376819979168,221.16986421787885,224.89866638183594,32880600,0.0,0.0
2024-10-03 00:00:00-04:00,223.27226484855484,224.92840891217833,221.4673712198949,223.79786682128906,34044200,0.0,0.0
2024-10-04 00:00:00-04:00,226.00938361911108,226.10856009308668,222.27066963907552,224.91851806640625,37245100,0.0,0.0
2024-10-07 00:00:00-04:00,222.63759275105315,223.81772316941647,219.49389225502094,219.8509063720703,39505400,0.0,0.0
2024-10-08 00:00:00-04:00,222.43927296601913,224.10532889247753,221.39798044587943,223.89707946777344,31855700,0.0,0.0
2024-10-09 00:00:00-04:00,223.36153007501719,227.84403724277382,222.96485445261254,227.63577270507812,33591100,0.0,0.0
2024-10-10 00:00:00-04:00,225.89038125247495,227.59611368544336,225.28544108575701,227.13992309570312,28183500,0.0,0.0
2024-10-11 00:00:00-04:00,227.39779019694814,227.5068782710055,225.45404318616428,225.6623077392578,31759200,0.0,0.0
2024-10-14 00:00:00-04:00,226.80272780199272,229.80759005626183,226.703566469934,229.38116455078125,39882100,0.0,0.0
2024-10-15 00:00:00-04:00,231.672004479983,235.51982138099225,230.44228590022638,231.91001892089844,64751400,0.0,0.0
2024-10-16 00:00:00-04:00,229.67870875165642,230.19438406287304,227.9332995992129,229.85720825195312,34082200,0.0,0.0
2024-10-17 00:00:00-04:00,231.4934859003546,231.91001494787182,228.6076384062416,230.22410583496094,32993800,0.0,0.0
2024-10-18 00:00:00-04:00,234.2206950473064,234.2206950473064,232.0686987091599,233.0504913330078,46431500,0.0,0.0
2024-10-21 00:00:00-04:00,232.5050454306036,234.88514457730523,232.5050454306036,234.51820373535156,36254500,0.0,0.0
2024-10-22 00:00:00-04:00,231.94970749678197,234.2603802258017,230.67041566655348,233.9033660888672,38846600,0.0,0.0
2024-10-23 00:00:00-04:00,232.1381071008503,233.18931106897517,225.87052966736016,228.84564208984375,52287000,0.0,0.0
2024-10-24 00:00:00-04:00,228.07212485007065,228.90516786821388,226.51515714412935,228.65724182128906,31109500,0.0,0.0
2024-10-25 00:00:00-04:00,227.83413589840254,231.28526239164006,227.6655479946858,229.4902801513672,38802300,0.0,0.0
2024-10-28 00:00:00-04:00,231.38443735420992,232.78272881287972,230.62082086290692,231.46376037597656,36087100,0.0,0.0
2024-10-29 00:00:00-04:00,231.16627329542206,232.38606532055925,230.39274516902225,231.73153686523438,35417200,0.0,0.0
2024-10-30 00:00:00-04:00,230.68033441798144,231.53320070866118,227.64572172599728,228.191162109375,47070900,0.0,0.0
2024-10-31 00:00:00-04:00,227.43742665071557,227.92336713292326,223.5003599556127,224.035888671875,64370100,0.0,0.0
2024-11-01 00:00:00-04:00,219.13688241025088,223.4805517303345,218.44269248362247,221.060791015625,65276700,0.0,0.0
2024-11-04 00:00:00-05:00,219.1567312107691,220.94178678396568,217.88735096075072,220.1682586669922,44944500,0.0,0.0
2024-11-05 00:00:00-05:00,219.9600075033543,222.0921656056809,219.30547906118858,221.5963134765625,28111300,0.0,0.0
2024-11-06 00:00:00-05:00,220.76327216240406,224.19457534628128,219.35505401685137,220.8723602294922,54561100,0.0,0.0
2024-11-07 00:00:00-05:00,222.7665321945981,225.9895710313294,222.70703236030374,225.59288024902344,42137700,0.0,0.0
2024-11-08 00:00:00-05:00,225.53329235935942,227.01256271730918,224.77877343219782,225.32481384277344,38328800,0.25,0.0
2024-11-11 00:00:00-05:00,223.37892800863307,224.07388164377818,219.90414468405433,222.61447143554688,42005600,0.0,0.0
2024-11-12 00:00:00-05:00,222.9321731823864,223.96467356190874,221.75074442821315,222.61447143554688,40398300,0.0,0.0
2024-11-13 00:00:00-05:00,222.39605879884869,225.01703765642938,221.15506473467502,223.49806213378906,48566200,0.0,0.0
2024-11-14 00:00:00-05:00,223.3987876531247,227.2210402122622,223.3789275067786,226.5757293701172,44923900,0.0,0.0
2024-11-15 00:00:00-05:00,224.76885944610046,225.2851172657963,222.65421566813873,223.3789520263672,47923700,0.0,0.0
2024-11-18 00:00:00-05:00,223.62711979019133,228.08477571151616,223.54769435597734,226.37716674804688,44633700,0.0,0.0
2024-11-19 00:00:00-05:00,225.34467799276683,228.501774994788,225.02699136706502,226.63531494140625,36211800,0.0,0.0
2024-11-20 00:00:00-05:00,226.4168677573381,228.2733899080337,224.2625040209905,227.35009765625,35169600,0.0,0.0
2024-11-21 00:00:00-05:00,227.230987838277,228.50176458087773,224.0838286281757,226.8735809326172,42108300,0.0,0.0
2024-11-22 00:00:00-05:00,226.41690998899296,229.0577493127743,226.41690998899296,228.2138671875,38168300,0.0,0.0
2024-11-25 00:00:00-05:00,229.79240040372403,231.5694972757357,228.08479132337303,231.19223022460938,90152800,0.0,0.0
2024-11-26 00:00:00-05:00,231.64893863936055,233.87280565588551,231.64893863936055,233.36647033691406,45986200,0.0,0.0
2024-11-27 00:00:00-05:00,232.78068842055708,233.99189975911068,232.12543996222107,233.23736572265625,33498400,0.0,0.0
2024-11-29 00:00:00-05:00,233.11825362062933,236.0966394139658,232.28430923421996,235.62010192871094,28481400,0.0,0.0
2024-12-02 00:00:00-05:00,235.56052304560976,239.05515126765505,235.45131496686756,237.86380004882812,48137100,0.0,0.0
2024-12-03 00:00:00-05:00,238.08222901174219,241.01097200063165,237.17878168890522,240.90176391601562,38861000,0.0,0.0
2024-12-04 00:00:00-05:00,241.12019505186365,242.35126670496282,239.5118714775545,241.25918579101562,44383900,0.0,0.0
2024-12-05 00:00:00-05:00,242.2321233137982,242.77814859306412,240.38552350615552,241.28895568847656,40033900,0.0,0.0
2024-12-06 00:00:00-05:00,241.1598807416467,242.86748966267425,240.33585892461636,241.0903778076172,36870600,0.0,0.0
2024-12-09 00:00:00-05:00,240.08767817050534,245.45870413211114,240.0082527322972,244.97222900390625,44649200,0.0,0.0
2024-12-10 00:00:00-05:00,245.11122909402775,246.42172615122828,243.5723933612922,245.98489379882812,36914800,0.0,0.0
2024-12-11 00:00:00-05:00,246.17352158557497,248.9930565140259,244.48575750906295,244.714111328125,45205800,0.0,0.0
2024-12-12 00:00:00-05:00,245.11120954102955,246.9478867446912,243.90992066775823,246.1735076904297,32777500,0.0,0.0
2024-12-13 00:00:00-05:00,246.03453629863122,247.4939314395242,244.46591792091505,246.34230041503906,33155300,0.0,0.0
2024-12-16 00:00:00-05:00,246.20329464964811,249.56886987487528,245.86573275817128,249.23130798339844,51694800,0.0,0.0
2024-12-17 00:00:00-05:00,248.2782195012147,252.00120141225344,247.98037791856115,251.65371704101562,51356400,0.0,0.0
2024-12-18 00:00:00-05:00,250.34325221557475,252.44797328398425,245.95509905753715,246.2628631591797,56774100,0.0,0.0
2024-12-19 00:00:00-05:00,245.71684652457995,250.18442555229956,245.3097967996626,247.99034118652344,60882300,0.0,0.0
2024-12-20 00:00:00-05:00,246.25295201238012,253.1628143156686,243.91989202858784,252.656494140625,147495300,0.0,0.0
2024-12-23 00:00:00-05:00,252.93444954402884,253.80809906094288,251.62395254537785,253.43084716796875,40858800,0.0,0.0
2024-12-24 00:00:00-05:00,253.64930053302467,256.34969006633503,253.4507293352449,256.33978271484375,23234700,0.0,0.0
2024-12-26 00:00:00-05:00,256.32980188696064,258.2260444048055,255.77383898408218,257.15380859375,27237100,0.0,0.0
2024-12-27 00:00:00-05:00,255.97238682838486,256.836144148833,251.2367643772991,253.74853515625,42355300,0.0,0.0
2024-12-30 00:00:00-05:00,250.41273247360002,251.67358663649517,248.94339979921563,250.38294982910156,35557500,0.0,0.0
2024-12-31 00:00:00-05:00,250.62123433005314,251.45517870098834,247.63291094425557,248.61578369140625,39480700,0.0,0.0
2025-01-02 00:00:00-05:00,247.13651085819407,247.30529937932678,240.07775127221439,242.09312438964844,55740700,0.0,0.0
2025-01-03 00:00:00-05:00,241.60667419433594,242.42075849453866,240.147263834766,241.60667419433594,40244100,0.0,0.0
2025-01-06 00:00:00-05:00,242.5498168429892,245.54806288478193,241.4478134561986,243.23484802246094,45045600,0.0,0.0
2025-01-07 00:00:00-05:00,241.22937670987722,243.78086767976055,239.6111308132576,240.46493530273438,40856000,0.0,0.0
2025-01-08 00:00:00-05:00,240.17703689438372,241.9541489627904,238.32051453305579,240.951416015625,37628900,0.0,0.0
2025-01-10 00:00:00-05:00,238.28079154222544,238.4297199246896,231.32130202918376,235.14356994628906,61710900,0.0,0.0
2025-01-13 00:00:00-05:00,231.84748509521594,232.9792711307645,228.06493742769467,232.71121215820312,49630700,0.0,0.0
2025-01-14 00:00:00-05:00,233.05868390458076,234.41880854341963,230.7951119565212,231.59927368164062,39435300,0.0,0.0
2025-01-15 00:00:00-05:00,232.94947976770305,237.2383625727966,232.74098609709984,236.1562042236328,39832000,0.0,0.0
2025-01-16 00:00:00-05:00,235.6399687194268,236.29520209930612,226.3871093224655,226.61544799804688,71759100,0.0,0.0
2025-01-17 00:00:00-05:00,230.44762501944012,230.61639839146835,226.83385097126646,228.3230438232422,68488300,0.0,0.0
2025-01-21 00:00:00-05:00,222.38613659782595,222.8031087860845,217.79942737812888,221.0359344482422,98070400,0.0,0.0
2025-01-22 00:00:00-05:00,218.2064601780486,222.5052654056773,218.2064601780486,222.2173614501953,64126500,0.0,0.0
2025-01-23 00:00:00-05:00,223.12080464680741,225.39429904989126,220.69838187044374,222.048583984375,60234800,0.0,0.0
2025-01-24 00:00:00-05:00,223.16053267311034,224.00441476166836,219.8148172645265,221.17494201660156,54697900,0.0,0.0
2025-01-27 00:00:00-05:00,222.4059977899183,230.47741293083342,222.36627749626697,228.20391845703125,94863400,0.0,0.0
2025-01-28 00:00:00-05:00,229.1867797612423,238.4594833656038,229.14705946957608,236.5433807373047,75707600,0.0,0.0
2025-01-29 00:00:00-05:00,232.43321505583046,238.1318651456976,232.3240069742682,237.63546752929688,45486100,0.0,0.0
2025-01-30 00:00:00-05:00,236.95045561956258,239.05517683623282,235.50098294542886,235.87823486328125,55658300,0.0,0.0
2025-01-31 00:00:00-05:00,245.40906406001392,245.40906406001392,231.75812916176676,234.2996826171875,100959800,0.0,0.0
2025-02-03 00:00:00-05:00,228.33299411580026,230.15973381299622,224.0738938399255,226.36724853515625,73063300,0.0,0.0
2025-02-04 00:00:00-05:00,225.61272492539547,231.45036595591674,225.01704170433482,231.12274169921875,45067300,0.0,0.0
2025-02-05 00:00:00-05:00,226.8835194075747,230.9936915376493,226.62539807097704,230.79513549804688,39620300,0.0,0.0
2025-02-06 00:00:00-05:00,229.62360070928509,232.11552641696264,228.76979621063217,231.53970336914062,29925300,0.0,0.0
2025-02-07 00:00:00-05:00,230.9241838961893,232.31409120281862,225.62264568638093,225.989990234375,39707200,0.0,0.0
2025-02-10 00:00:00-05:00,228.16660736242451,229.1803610121675,225.81108525741098,226.25833129882812,33115600,0.25,0.0
2025-02-11 00:00:00-05:00,226.8049892187756,233.79201296403912,226.7354250213283,231.19796752929688,53718400,0.0,0.0
2025-02-12 00:00:00-05:00,229.78663009476247,235.51142789245534,229.26980470124647,235.42196655273438,45243300,0.0,0.0
2025-02-13 00:00:00-05:00,235.46174477414044,240.85854326211725,234.12993999243653,240.05349731445312,53614100,0.0,0.0
2025-02-14 00:00:00-05:00,239.77517912233392,244.04889519264196,239.51677402617887,243.10470581054688,40896200,0.0,0.0
2025-02-18 00:00:00-05:00,242.6574585849239,243.6811607859394,240.36158248040348,242.9755096435547,48822500,0.0,0.0
2025-02-19 00:00:00-05:00,243.16435439309654,244.50609250836237,241.6735241546838,243.37306213378906,32204200,0.0,0.0
2025-02-20 00:00:00-05:00,243.44265077076676,245.2713989598738,242.7966152101895,244.32720947265625,32316900,0.0,0.0
2025-02-21 00:00:00-05:00,244.44646835255205,247.16972378813352,243.72093519653038,244.04891967773438,53197400,0.0,0.0
2025-02-24 00:00:00-05:00,243.43268408373555,247.33866705271078,242.92580728065096,245.5894317626953,51326400,0.0,0.0
2025-02-25 00:00:00-05:00,246.48393846255715,248.47171215983582,243.41283173998391,245.52980041503906,48013300,0.0,0.0
2025-02-26 00:00:00-05:00,242.83634118520675,243.48236147920292,237.66813333671456,238.89060974121094,44433600,0.0,0.0
2025-02-27 00:00:00-05:00,237.94643641845556,240.97779411500133,235.61079643123784,235.84933471679688,41153600,0.0,0.0
2025-02-28 00:00:00-05:00,235.5014815283524,240.61005923211764,228.7927454203557,240.36158752441406,56833400,0.0,0.0
2025-03-03 00:00:00-05:00,240.31188380351972,242.5381957053339,234.66661403302143,236.5748748779297,47184000,0.0,0.0
2025-03-04 00:00:00-05:00,236.2568645897131,238.60243830930253,233.24537329325,234.48773193359375,53798100,0.0,0.0
2025-03-05 00:00:00-05:00,233.98083809185871,235.1039350742086,227.82867612475383,234.29888916015625,47227600,0.0,0.0
2025-03-06 00:00:00-05:00,233.00684447444675,236.4059358119138,231.73467047090975,233.8914031982422,45170400,0.0,0.0
2025-03-07 00:00:00-05:00,233.67273718007357,239.89446338205195,233.32487071745646,237.60853576660156,46273600,0.0,0.0
2025-03-10 00:00:00-04:00,234.10009611136832,234.71631625547707,222.84930513729455,226.08937072753906,72071200,0.0,0.0
2025-03-11 00:00:00-04:00,222.44182022291236,224.45940937640347,216.12069905845206,219.48997497558594,76137400,0.0,0.0
2025-03-12 00:00:00-04:00,218.79423505763873,220.39439337943787,213.59621144659917,215.65354919433594,62547500,0.0,0.0
2025-03-13 00:00:00-04:00,214.62986833256545,215.51442704761877,207.14590135231947,208.398193359375,61368300,0.0,0.0
2025-03-14 00:00:00-04:00,209.9585940343847,212.64208545758027,208.2988048386841,212.18490600585938,60107600,0.0,0.0
2025-03-17 00:00:00-04:00,212.00600336087763,213.9043309003415,208.68642489319868,212.69178771972656,48073400,0.0,0.0
2025-03-18 00:00:00-04:00,212.8507852105428,213.8347233648863,210.1971094678613,211.3897705078125,42432400,0.0,0.0
2025-03-19 00:00:00-04:00,212.91042558181826,217.42266485537363,212.44329758558237,213.9241943359375,54385400,0.0,0.0
2025-03-20 00:00:00-04:00,212.6818400591608,216.16044383082547,210.9226561911479,212.79116821289062,48862900,0.0,0.0
2025-03-21 00:00:00-04:00,210.26668206389348,217.50217651661012,209.98839498228966,216.9356689453125,94127800,0.0,0.0
2025-03-24 00:00:00-04:00,219.64899945464327,220.1260609084734,217.24379503613238,219.38064575195312,44299500,0.0,0.0
2025-03-25 00:00:00-04:00,219.42039321145907,222.7300380772677,218.73460889257407,222.38217163085938,34493600,0.0,0.0
2025-03-26 00:00:00-04:00,222.14361164144708,223.64439026966872,219.1222027356067,220.17572021484375,34466100,0.0,0.0
2025-03-27 00:00:00-04:00,220.03659916949772,223.61459773398053,219.21167130142226,222.4815673828125,37094800,0.0,0.0
2025-03-28 00:00:00-04:00,220.31488968867507,222.44180687800483,216.34927581514728,216.56793212890625,39818600,0.0,0.0
2025-03-31 00:00:00-04:00,215.683368745432,224.24073468961828,214.90813825561798,220.77207946777344,65299300,0.0,0.0
2025-04-01 00:00:00-04:00,218.46626491168394,222.31260214779184,217.5618242432653,221.8256072998047,36412700,0.0,0.0
2025-04-02 00:00:00-04:00,219.96705040499884,223.81338775742097,219.66888130946384,222.52133178710938,35905900,0.0,0.0
2025-04-03 00:00:00-04:00,204.2835010267849,206.22159255986557,200.01973301812973,201.9478759765625,103419000,0.0,0.0
2025-04-04 00:00:00-04:00,192.70470416765195,198.65809134675584,186.19474282689396,187.2283935546875,125910900,0.0,0.0
2025-04-07 00:00:00-04:00,176.11674047268428,192.96311894309866,173.55251067175698,180.3507080078125,160466300,0.0,0.0
2025-04-08 00:00:00-04:00,185.55866963100107,189.17641711488596,168.175598539417,171.365966796875,120859500,0.0,0.0
2025-04-09 00:00:00-04:00,170.89883496621582,199.38363475051753,170.83920418374143,197.6343994140625,184395900,0.0,0.0
2025-04-10 00:00:00-04:00,187.9142126464653,193.58929863014055,181.88131158917142,189.25595092773438,121880000,0.0,0.0
2025-04-11 00:00:00-04:00,184.96233608452022,198.32016168749274,184.92257212057936,196.93865966796875,87435900,0.0,0.0
2025-04-14 00:00:00-04:00,210.14743595954587,211.63826622013798,199.9302804535287,201.28196716308594,101352900,0.0,0.0
2025-04-15 00:00:00-04:00,200.6259945192588,202.26590170954893,198.57859009217825,200.90428161621094,51343900,0.0,0.0
2025-04-16 00:00:00-04:00,197.1473753495745,199.4730666932086,191.19398828729797,193.08238220214844,59732400,0.0,0.0
2025-04-17 00:00:00-04:00,195.99447418061752,197.61451451967758,193.2314700862815,195.77581787109375,52164700,0.0,0.0
2025-04-21 00:00:00-04:00,192.08851517151226,192.6152739871965,188.64966000796989,191.97918701171875,46742500,0.0,0.0
2025-04-22 00:00:00-04:00,194.92108593270402,200.3576482646354,194.77200897005906,198.5189666748047,52976400,0.0,0.0
2025-04-23 00:00:00-04:00,204.7406939661261,206.72846769395255,201.56025903470575,203.34925842285156,52929200,0.0,0.0
2025-04-24 00:00:00-04:00,203.63746952607698,207.55338601533765,201.69939326414854,207.09619140625,47311000,0.0,0.0
2025-04-25 00:00:00-04:00,205.10842646651815,208.46776890662989,204.9394675201618,208.00064086914062,38222300,0.0,0.0
2025-04-28 00:00:00-04:00,208.71623364812058,210.2070638884643,206.1917677806294,208.85537719726562,38743100,0.0,0.0
2025-04-29 00:00:00-04:00,207.41425458581946,210.94255602883885,207.096203506044,209.91885375976562,36827600,0.0,0.0
2025-04-30 00:00:00-04:00,208.02050829648644,212.2743425468257,205.40658118436113,211.20094299316406,52286500,0.0,0.0
2025-05-01 00:00:00-04:00,207.80187477964563,213.2483707428857,207.62296725165953,212.01596069335938,57365700,0.0,0.0
2025-05-02 00:00:00-04:00,204.83013207172814,205.72463931330321,200.92416412992952,204.09466552734375,101010600,0.0,0.0
2025-05-05 00:00:00-04:00,201.85843431656065,202.8523212109494,196.99832800962005,197.67416381835938,69018500,0.0,0.0
2025-05-06 00:00:00-04:00,196.9983091053983,199.42338015596502,195.81558138809015,197.2964630126953,51216500,0.0,0.0
2025-05-07 00:00:00-04:00,197.95242524507105,198.22077891807172,192.0686174137577,195.05027770996094,68536700,0.0,0.0
2025-05-08 00:00:00-04:00,196.51130456752412,198.82706269335065,193.48988012199126,196.28271484375,50478900,0.0,0.0
2025-05-09 00:00:00-04:00,197.78348851905432,199.3140676367793,196.33240700583877,197.3163604736328,36453900,0.0,0.0
2025-05-12 00:00:00-04:00,209.95528044040137,210.25384054136518,205.75557652693038,209.77613830566406,63775800,0.26,0.0
2025-05-13 00:00:00-04:00,209.4178625594749,212.3735786127325,207.99474788922345,211.9058380126953,51909300,0.0,0.0
2025-05-14 00:00:00-04:00,211.40822571910564,212.9109724892217,209.56713314477625,211.3087158203125,49325800,0.0,0.0
2025-05-15 00:00:00-04:00,209.9353730316401,211.93571508448807,208.53215118256114,210.43296813964844,45029500,0.0,0.0
2025-05-16 00:00:00-04:00,211.33858120774948,211.54757782116647,208.7610423595207,210.24386596679688,54737900,0.0,0.0
2025-05-19 00:00:00-04:00,206.90999202317107,208.47243269467637,203.2775387890809,207.7758026123047,46140500,0.0,0.0
2025-05-20 00:00:00-04:00,206.67113760639387,207.46729276724128,204.04383620537516,205.8650360107422,42496600,0.0,0.0
2025-05-21 00:00:00-04:00,204.1831685508297,206.04416933851562,199.74462882701684,201.11798095703125,59211800,0.0,0.0
2025-05-22 00:00:00-04:00,199.7446272097534,201.77480849030061,198.7394754118135,200.39149475097656,46742400,0.0,0.0
2025-05-23 00:00:00-04:00,192.7384848883374,196.74910019358438,192.5295034494263,194.33079528808594,78432900,0.0,0.0
2025-05-27 00:00:00-04:00,197.34620772495165,199.77447409530296,196.48038197740732,199.2470245361328,56288500,0.0,0.0
2025-05-28 00:00:00-04:00,199.6252046868552,201.75491117265972,198.93852099816252,199.45602416992188,45339700,0.0,0.0
2025-05-29 00:00:00-04:00,202.60081106845576,202.8297005493605,197.55518975609246,198.98826599121094,51396800,0.0,0.0
2025-05-30 00:00:00-04:00,198.4110493394953,200.98860329086406,195.83351057352263,199.88394165039062,70819900,0.0,0.0
2025-06-02 00:00:00-04:00,199.31669015009302,201.15779807678393,199.15745607510846,200.7298583984375,35423300,0.0,0.0
2025-06-03 00:00:00-04:00,200.38153417950807,202.78989241693247,199.99341064507593,202.29229736328125,46381600,0.0,0.0
2025-06-04 00:00:00-04:00,201.9340306292736,205.24801554678163,201.1279290627925,201.84446716308594,43604000,0.0,0.0
2025-06-05 00:00:00-04:00,202.52119947175674,203.76518718349973,199.18730633012683,199.66500854492188,55126100,0.0,0.0
2025-06-06 00:00:00-04:00,202.023590138985,204.71060036976428,201.0781625818177,202.9391632080078,46607700,0.0,0.0
2025-06-09 00:00:00-04:00,203.40692547634254,205.0091823144686,199.05794913802782,200.48106384277344,72862600,0.0,0.0
2025-06-10 00:00:00-04:00,199.63513956616538,203.36710243054736,199.60528507808198,201.69517517089844,54672600,0.0,0.0
2025-06-11 00:00:00-04:00,202.5211970741936,203.51638723180633,197.45568281643992,197.8238983154297,60989900,0.0,0.0
2025-06-12 00:00:00-04:00,198.12246436103902,198.71956936233477,196.4107360236097,198.24188232421875,43904600,0.0,0.0
2025-06-13 00:00:00-04:00,198.769334334526,199.40625545491926,194.7587190445596,195.50511169433594,51447300,0.0,0.0
2025-06-16 00:00:00-04:00,196.35101387226533,197.73432753277095,195.61456771612566,197.4656219482422,43020700,0.0,0.0
2025-06-17 00:00:00-04:00,196.2515147499311,197.43579358003367,194.27109586617135,194.6990203857422,38856200,0.0,0.0
2025-06-18 00:00:00-04:00,194.9975546383106,196.6197193940347,194.13174409281177,195.6344757080078,45394700,0.0,0.0
2025-06-20 00:00:00-04:00,197.28651411005004,200.72986375748766,195.9131467510872,200.03323364257812,96813500,0.0,0.0
2025-06-23 00:00:00-04:00,200.6602023375907,201.3269779408771,198.00304635957568,200.53082275390625,55814300,0.0,0.0
2025-06-24 00:00:00-04:00,201.61555699715424,202.4614746491071,199.23705328583006,199.33657836914062,54064000,0.0,0.0
2025-06-25 00:00:00-04:00,200.4810436177515,202.6903668657116,199.65503400834336,200.59051513671875,39525700,0.0,0.0
2025-06-26 00:00:00-04:00,200.461158146952,201.66534499125092,198.5006473897771,200.03323364257812,50799100,0.0,0.0
2025-06-27 00:00:00-04:00,200.91894034324127,202.24254507531293,199.03803155248616,200.1128387451172,73188600,0.0,0.0
2025-06-30 00:00:00-04:00,201.03834688076608,206.39247448465787,198.30157410241034,204.1831512451172,91912800,0.0,0.0
2025-07-01 00:00:00-04:00,205.6759415551798,209.17901505124104,205.1484920031366,206.82041931152344,78788900,0.0,0.0
2025-07-02 00:00:00-04:00,207.90517762155153,212.3138626915596,207.13887695509675,211.41819763183594,67941800,0.0,0.0
2025-07-03 00:00:00-04:00,211.12958235725722,213.61755770997246,210.7912213537831,212.52285766601562,34955800,0.0,0.0
2025-07-07 00:00:00-04:00,211.65703516300363,215.18996325511674,207.79570768244494,208.94017028808594,50229000,0.0,0.0
2025-07-08 00:00:00-04:00,209.08947184941582,210.41306148236814,207.44739887083225,208.99989318847656,42848900,0.0,0.0
2025-07-09 00:00:00-04:00,208.52219391164948,210.31353924447487,206.22330706177223,210.12445068359375,48749400,0.0,0.0
2025-07-10 00:00:00-04:00,209.49745072772552,212.453166373689,209.01976375844308,211.38832092285156,44443600,0.0,0.0
2025-07-11 00:00:00-04:00,209.55718962168862,211.1096837700706,208.85059795908091,210.14434814453125,39765800,0.0,0.0
2025-07-14 00:00:00-04:00,208.92025854176603,209.89555581124029,206.54175471753558,207.61656188964844,38840100,0.0,0.0
2025-07-15 00:00:00-04:00,208.21368905566166,210.87084499335577,207.9151289669034,208.10421752929688,42296300,0.0,0.0
2025-07-16 00:00:00-04:00,209.28849593835915,211.37838618562168,207.63647661047767,209.149169921875,47490500,0.0,0.0
2025-07-17 00:00:00-04:00,209.55721484346458,210.78129457926272,208.5819174807461,209.00985717773438,48068100,0.0,0.0
2025-07-18 00:00:00-04:00,209.85575432940058,210.77132749863404,208.6913836081342,210.1642608642578,48974600,0.0,0.0
2025-07-21 00:00:00-04:00,211.07984586548804,214.74213848423943,210.61210526026528,211.4580078125,51377400,0.0,0.0
2025-07-22 00:00:00-04:00,212.11484021935428,213.91613206526756,211.20921348603295,213.3687744140625,46404100,0.0,0.0
2025-07-23 00:00:00-04:00,213.9658669821171,214.1151394198069,211.38832832203676,213.1199493408203,46989300,0.0,0.0
2025-07-24 00:00:00-04:00,212.87116805528336,214.65256693634578,212.50295255730364,212.73184204101562,46022600,0.0,0.0
2025-07-25 00:00:00-04:00,213.6673206036272,214.2047317845148,212.37357038101962,212.8512725830078,40268800,0.0,0.0
2025-07-28 00:00:00-04:00,213.00055398053098,213.81661722083774,212.03521828670327,213.0204620361328,37858000,0.0,0.0
2025-07-29 00:00:00-04:00,213.14983725799084,213.77681196541135,209.80601264614248,210.25384521484375,51411700,0.0,0.0
2025-07-30 00:00:00-04:00,210.88079278566187,211.36844143995228,206.72090512781878,208.0445098876953,45512500,0.0,0.0
2025-07-31 00:00:00-04:00,207.48719786288635,208.83069544134486,206.16359315375274,206.57162475585938,80698400,0.0,0.0
2025-08-01 00:00:00-04:00,209.8557561748323,212.5527283441607,200.530828701964,201.40660095214844,104434500,0.0,0.0
2025-08-04 00:00:00-04:00,203.52634207300898,206.88014336875773,200.70995198839026,202.37193298339844,75109300,0.0,0.0
2025-08-05 00:00:00-04:00,202.42165671427045,204.35232790405936,201.18763073057525,201.9439697265625,44155100,0.0,0.0
2025-08-06 00:00:00-04:00,204.64094523363173,214.3440487139093,204.60112912578842,212.2242889404297,108483100,0.0,0.0
2025-08-07 00:00:00-04:00,217.8272171299369,219.78774287041324,215.5382768294147,218.9716796875,90224800,0.0,0.0
2025-08-08 00:00:00-04:00,219.76784743364436,229.88892965735022,218.19544514014734,228.2468719482422,113854000,0.0,0.0
2025-08-11 00:00:00-04:00,227.08115402328403,228.71511750604432,223.9327805410339,226.3438720703125,61806100,0.26,0.0
2025-08-12 00:00:00-04:00,227.17081559543826,229.95055565919736,226.23428798669784,228.80477905273438,55626200,0.0,0.0
2025-08-13 00:00:00-04:00,230.21959074533873,234.13511970527446,229.5819315694875,232.4712677001953,69878500,0.0,0.0
2025-08-14 00:00:00-04:00,233.1985820425246,234.2546784716922,230.00040438081015,231.9232940673828,51916300,0.0,0.0
2025-08-15 00:00:00-04:00,233.1387895567921,233.417757832359,228.49593650929467,230.73765563964844,56038700,0.0,0.0
2025-08-18 00:00:00-04:00,230.8472385776313,232.26201052585682,229.26309412883964,230.04022216796875,37476200,0.0,0.0
2025-08-19 00:00:00-04:00,230.42880766374827,232.0129522601839,228.50591803460907,229.71145629882812,39402600,0.0,0.0
2025-08-20 00:00:00-04:00,229.1335667246527,229.6217687789582,224.93906991665554,225.1781768798828,42263900,0.0,0.0
2025-08-21 00:00:00-04:00,225.43724912794482,225.68632903786573,222.9564077521854,224.07228088378906,30621200,0.0,0.0
2025-08-22 00:00:00-04:00,225.33760837029214,228.2468598588307,224.58041092619504,226.9217529296875,42477800,0.0,0.0
2025-08-25 00:00:00-04:00,225.6464693442017,228.45609804536198,225.3973894325087,226.323974609375,30983100,0.0,0.0
2025-08-26 00:00:00-04:00,226.03501179732243,228.64537936019502,223.8630424721864,228.46603393554688,54575100,0.0,0.0
2025-08-27 00:00:00-04:00,227.7686378094015,230.05020313892598,227.41991984776428,229.6417236328125,31259500,0.0,0.0
2025-08-28 00:00:00-04:00,229.9704999102399,232.55096405412047,228.4959359400532,231.70408630371094,38074700,0.0,0.0
2025-08-29 00:00:00-04:00,231.65426265633033,232.52107103838586,230.51845893056873,231.28562927246094,39418400,0.0,0.0
2025-09-02 00:00:00-04:00,228.4062708029861,230.00038826150748,226.1346633063032,228.87454223632812,44075600,0.0,0.0
2025-09-03 00:00:00-04:00,236.33698891571112,237.9709525201245,233.49747185558658,237.59234619140625,66427800,0.0,0.0
2025-09-04 00:00:00-04:00,237.57241502764154,239.01707546456905,235.86871695735925,238.89752197265625,47549400,0.0,0.0
2025-09-05 00:00:00-04:00,239.11668743272676,240.43183651086895,237.61225041390915,238.80783081054688,54870400,0.0,0.0
2025-09-08 00:00:00-04:00,238.41927329094256,239.2661357937392,235.4701607098454,237.00450134277344,48999500,0.0,0.0
2025-09-09 00:00:00-04:00,236.12772846479334,237.90117601089239,232.5011259859287,233.48748779296875,66313900,0.0,0.0
2025-09-10 00:00:00-04:00,231.33545739080094,231.56460664903227,225.118417424808,225.955322265625,83440800,0.0,0.0
2025-09-11 00:00:00-04:00,226.04500979013486,229.60186307827533,225.81584532196928,229.18341064453125,50208600,0.0,0.0
2025-09-12 00:00:00-04:00,228.37638560886936,233.6469097348115,228.17712472443904,233.2085418701172,55824200,0.0,0.0
2025-09-15 00:00:00-04:00,236.12775635652346,237.31337916896246,234.16500543557729,235.828857421875,42699500,0.0,0.0
2025-09-16 00:00:00-04:00,236.30708253667353,240.33222235518573,235.45026224943368,237.2735137939453,63421100,0.0,0.0
2025-09-17 00:00:00-04:00,238.09051246512186,239.21635855568803,236.85507060288438,238.11044311523438,46508000,0.0,0.0
2025-09-18 00:00:00-04:00,239.0868055705458,240.31227437025743,235.77901734043184,237.00450134277344,44249600,0.0,0.0
2025-09-19 00:00:00-04:00,240.34217704154452,245.3935247988757,239.32594197772087,244.59646606445312,163741300,0.0,0.0
2025-09-22 00:00:00-04:00,247.38616206443075,255.69547916115815,247.2068166293636,255.13751220703125,105517400,0.0,0.0
2025-09-23 00:00:00-04:00,254.93825156077958,256.3928695916873,252.64671355307894,253.4935760498047,60275200,0.0,0.0
2025-09-24 00:00:00-04:00,254.2807025242173,254.79879299943292,250.11607847800005,251.38140869140625,42303700,0.0,0.0
2025-09-25 00:00:00-04:00,252.27808820484515,256.22352044118514,250.7836088309123,255.9246063232422,55202100,0.0,0.0
2025-09-26 00:00:00-04:00,253.16481067495934,256.6519291955366,252.84598111295833,254.51980590820312,46076300,0.0,0.0
2025-09-29 00:00:00-04:00,253.62310245626918,254.06148549110597,252.07880411177766,253.4935760498047,40127700,0.0,0.0
2025-09-30 00:00:00-04:00,253.92202035086734,254.97811672142575,252.17846100632588,253.69287109375,37704300,0.0,0.0
2025-10-01 00:00:00-04:00,254.10136246357334,257.8375764362911,253.99176669154556,254.50985717773438,48713900,0.0,0.0
2025-10-02 00:00:00-04:00,255.63566078088252,257.229778167004,253.21461153357077,256.18365478515625,42630200,0.0,0.0
2025-10-03 00:00:00-04:00,253.73271197999827,258.2858846694617,253.01536064819075,257.07037353515625,49155600,0.0,0.0
2025-10-06 00:00:00-04:00,257.0404883747525,258.1165305885388,254.1113214696764,255.7452850341797,44664100,0.0,0.0
2025-10-07 00:00:00-04:00,255.86482860124664,256.45265350411205,254.48990271764998,255.5360565185547,31955800,0.0,0.0
2025-10-08 00:00:00-04:00,255.57591915435188,257.5685585594684,255.16742442767125,257.1102600097656,36496900,0.0,0.0
2025-10-09 00:00:00-04:00,256.8611554198282,257.0504585775582,252.2083446799687,253.1050262451172,38322000,0.0,0.0
2025-10-10 00:00:00-04:00,254.00171816056968,255.436420799504,243.10197943699816,244.3673095703125,61999100,0.0,0.0
2025-10-13 00:00:00-04:00,248.46219085423505,248.7710475029622,244.6562426215344,246.74851989746094,38142900,0.0,0.0
2025-10-14 00:00:00-04:00,245.69241642712313,247.93413549962378,243.79940008876653,246.8581085205078,35478000,0.0,0.0
2025-10-15 00:00:00-04:00,248.57178982967116,250.89321639065437,246.559219921403,248.42233276367188,33893600,0.0,0.0
2025-10-16 00:00:00-04:00,247.33635013275978,248.1234359576197,244.22783772705108,246.53929138183594,39777000,0.0,0.0
2025-10-17 00:00:00-04:00,247.10719170360767,252.44746537322095,246.35995200283696,251.36146545410156,49147000,0.0,0.0
2025-10-20 00:00:00-04:00,254.94825076974757,263.4070106066718,254.68921311729665,261.2748718261719,90483000,0.0,0.0
2025-10-21 00:00:00-04:00,260.91620875530236,264.3136625920602,260.86637452698056,261.80291748046875,46695900,0.0,0.0
2025-10-22 00:00:00-04:00,261.68336485657886,261.882640960004,254.48993535873984,257.49884033203125,45015300,0.0,0.0
2025-10-23 00:00:00-04:00,258.98332466328685,259.6608147081683,257.0604350924048,258.6246337890625,32754900,0.0,0.0
2025-10-24 00:00:00-04:00,260.2287163700197,263.15789839957887,258.22610426270086,261.85272216796875,38253700,0.0,0.0
2025-10-27 00:00:00-04:00,263.90517991319996,268.12956591820625,263.67601542509226,267.8207092285156,44888200,0.0,0.0
2025-10-28 00:00:00-04:00,268.000036838551,268.8967489277785,267.1631319065021,268.010009765625,41534800,0.0,0.0
2025-10-29 00:00:00-04:00,268.28892986747474,270.4110953948544,266.1269030442272,268.7073974609375,51086700,0.0,0.0
2025-10-30 00:00:00-04:00,270.98897852374654,273.131090148023,267.49191714200913,270.4011535644531,69886500,0.0,0.0
2025-10-31 00:00:00-04:00,275.9705701844509,276.29937269597025,268.16940070155243,269.37493896484375,86167100,0.0,0.0
2025-11-03 00:00:00-05:00,269.424736694289,269.8531467885877,265.2700709373508,268.05975341796875,50194600,0.0,0.0
2025-11-04 00:00:00-05:00,267.3424445625432,270.49081837885313,266.6350661079627,269.0461730957031,49274800,0.0,0.0
2025-11-05 00:00:00-05:00,267.6214146886098,270.7000692568828,265.94760492323326,269.14581298828125,43683100,0.0,0.0
2025-11-06 00:00:00-05:00,266.90407480138714,272.3937751745226,266.90407480138714,268.7771301269531,51204000,0.0,0.0
2025-11-07 00:00:00-05:00,268.8069946610708,271.28785094446636,265.78814772800683,267.4819030761719,48227400,0.0,0.0
2025-11-10 00:00:00-05:00,268.22988302493957,272.9869540449525,266.7339548671466,268.6986083984375,41312400,0.26,0.0
2025-11-11 00:00:00-05:00,269.07757258136417,275.16101963639426,269.0675899882029,274.5028076171875,46208300,0.0,0.0
2025-11-12 00:00:00-05:00,274.2535066981436,274.9815360542478,270.9624767916609,272.7276611328125,48398000,0.0,0.0
2025-11-13 00:00:00-05:00,273.36590026791555,275.9488963676571,271.3513946141157,272.2090759277344,49602800,0.0,0.0
2025-11-14 00:00:00-05:00,270.31417782757546,275.21085247368256,268.8681323529343,271.6705017089844,47431300,0.0,0.0
2025-11-17 00:00:00-05:00,268.09027174019775,269.7557213346742,265.00866346949266,266.73394775390625,45018300,0.0,0.0
2025-11-18 00:00:00-05:00,269.2570854665072,269.9751321987233,264.59977951795884,266.7140197753906,45677300,0.0,0.0
2025-11-19 00:00:00-05:00,264.80918960656476,271.47104873805114,264.77927226211665,267.8309631347656,40424500,0.0,0.0
2025-11-20 00:00:00-05:00,270.09480618650156,274.68232536305425,265.1981613886433,265.5272521972656,45823600,0.0,0.0
2025-11-21 00:00:00-05:00,265.2280517805383,272.5879921198442,264.9488130991126,270.75299072265625,59030800,0.0,0.0
2025-11-24 00:00:00-05:00,270.16459800357205,276.24804478801667,270.16459800357205,275.1709899902344,65585800,0.0,0.0
2025-11-25 00:00:00-05:00,274.52277261748515,279.6189174225992,274.50283786370125,276.2181701660156,46914200,0.0,0.0
2025-11-26 00:00:00-05:00,276.2081750495132,278.7712060098946,275.8790842359358,276.79656982421875,33431400,0.0,0.0
2025-11-28 00:00:00-05:00,276.50736791500816,278.242634823177,275.2407959413455,278.0930480957031,20135600,0.0,0.0
2025-12-01 00:00:00-05:00,277.2553332443013,282.65065109438723,275.3904143522869,282.3315124511719,46587700,0.0,0.0
2025-12-02 00:00:00-05:00,282.231773534172,286.619823290159,281.86278279875575,285.4131164550781,53669500,0.0,0.0
2025-12-03 00:00:00-05:00,285.4231155973949,287.8365294074879,282.5309633672564,283.378662109375,43538700,0.0,0.0
2025-12-04 00:00:00-05:00,283.3287830094401,283.95707766942763,277.83373081751637,279.9380187988281,43989100,0.0,0.0
2025-12-05 00:00:00-05:00,279.77845592816414,280.37683325787106,277.2951945750906,278.0232238769531,47265800,0.0,0.0
2025-12-08 00:00:00-05:00,277.374989388386,278.9108174051644,275.4003533668138,277.1356506347656,38211800,0.0,0.0
2025-12-09 00:00:00-05:00,277.4049018876359,279.26982065807096,276.16827776921565,276.42755126953125,32193300,0.0,0.0
2025-12-10 00:00:00-05:00,276.9960211276047,278.9905919368044,275.68957968235776,278.0232238769531,33038300,0.0,0.0
2025-12-11 00:00:00-05:00,278.34237127554803,278.8310314000742,273.0667227973629,277.2752685546875,33248000,0.0,0.0
2025-12-12 00:00:00-05:00,277.14562382282355,278.4620479370953,276.0685689150702,277.52459716796875,39532900,0.0,0.0
2025-12-15 00:00:00-05:00,279.3894873363706,279.3894873363706,272.0993337942639,273.3658752441406,50409100,0.0,0.0
2025-12-16 00:00:00-05:00,272.07941349564567,274.752131096348,271.0522107383373,273.8645324707031,37648600,0.0,0.0
2025-12-17 00:00:00-05:00,274.2634587890498,275.41033087528734,270.9026119684932,271.10205078125,50138700,0.0,0.0
2025-12-18 00:00:00-05:00,272.8672697170699,272.88723490520505,266.22537510199504,271.4511413574219,51630700,0.0,0.0
2025-12-19 00:00:00-05:00,271.4112306527045,273.8545921928022,269.1673383776201,272.9271240234375,144632000,0.0,0.0
2025-12-22 00:00:00-05:00,272.1192896847017,273.13654030849926,269.7756932559407,270.23443603515625,36571800,0.0,0.0
2025-12-23 00:00:00-05:00,270.1048034873943,271.7603010837797,268.8282792538215,271.62066650390625,29642000,0.0,0.0
2025-12-24 00:00:00-05:00,271.60070067851706,274.6823088952694,271.46109654935304,273.06671142578125,17910600,0.0,0.0
2025-12-26 00:00:00-05:00,273.41578359787746,274.6224904749486,272.11929424741834,272.6578369140625,21521800,0.0,0.0
2025-12-29 00:00:00-05:00,271.9497734782625,273.61522314661676,271.6107000753325,273.0168762207031,23715200,0.0,0.0
2025-12-30 00:00:00-05:00,272.0694584675055,273.3360001129787,271.54089836280934,272.3387145996094,22139600,0.0,0.0
2025-12-31 00:00:00-05:00,272.3187639976345,272.9370761103812,271.0123224859311,271.12200927734375,27293600,0.0,0.0
2026-01-02 00:00:00-05:00,271.52092924369913,277.0857683126949,268.2697691424855,270.2743225097656,37838100,0.0,0.0
2026-01-05 00:00:00-05:00,269.9053450243044,270.7729784841199,265.41756056202854,266.5345153808594,45647200,0.0,0.0
2026-01-06 00:00:00-05:00,266.27521573774703,266.82371056256306,261.40845786144683,261.6477966308594,52352100,0.0,0.0
2026-01-07 00:00:00-05:00,262.48552563718374,262.964203143993,259.1047135716701,259.623291015625,48309800,0.0,0.0
2026-01-08 00:00:00-05:00,256.3222864925608,258.58614386359903,255.00587765735156,258.3368225097656,50419300,0.0,0.0
2026-01-09 00:00:00-05:00,258.3767027680543,259.5036402038468,255.52448097015204,258.6659240722656,39997000,0.0,0.0
2026-01-12 00:00:00-05:00,258.4565110528425,260.59068617382866,256.1029014720883,259.5435485839844,45263800,0.0,0.0
2026-01-13 00:00:00-05:00,258.01770778709204,261.0993163539261,257.68861696081353,260.34136962890625,45730800,0.0,0.0
2026-01-14 00:00:00-05:00,258.78557762508564,261.1092696408236,256.0131254420647,259.2543029785156,40019400,0.0,0.0
2026-01-15 00:00:00-05:00,259.9424426175537,260.3313985459844,256.35220896361545,257.5090637207031,39388600,0.0,0.0
2026-01-16 00:00:00-05:00,257.1999111311508,258.1971965798445,254.23797213114116,254.8363494873047,72142800,0.0,0.0
2026-01-20 00:00:00-05:00,252.04394930256512,254.09835490933511,242.75922413209136,246.0303192138672,80267500,0.0,0.0
2026-01-21 00:00:00-05:00,248.02489020045314,250.87712721718017,244.51444112970407,246.9777374267578,54641700,0.0,0.0
2026-01-22 00:00:00-05:00,248.52352576906395,250.31864258405668,247.47637302553753,247.67584228515625,39708300,0.0,0.0
2026-01-23 00:00:00-05:00,246.64863719927277,248.73296007338791,244.0157890837153,247.36666870117188,41689000,0.0,0.0
2026-01-26 00:00:00-05:00,250.7973351598156,255.86354695988197,249.12190294519746,254.7166748046875,55969200,0.0,0.0
2026-01-27 00:00:00-05:00,258.4664593428383,261.23891141767155,257.50904348719195,257.5688781738281,49648300,0.0,0.0
2026-01-28 00:00:00-05:00,256.95060341967536,258.15731035497566,253.8191275531099,255.743896484375,41288000,0.0,0.0
2026-01-29 00:00:00-05:00,257.29964922744847,258.94516415300217,253.7193980705993,257.5788879394531,67253000,0.0,0.0
2026-01-30 00:00:00-05:00,254.47732177254832,261.1890484668085,251.49543285360957,258.775634765625,92443400,0.0,0.0
2026-02-02 00:00:00-05:00,259.3241487899344,269.7557466562268,258.50636737104884,269.2770690917969,73913400,0.0,0.0
2026-02-03 00:00:00-05:00,268.4692659190308,271.1419837262723,266.88355520832346,268.7485046386719,64394700,0.0,0.0
2026-02-04 00:00:00-05:00,271.55083028665655,278.19275421850585,271.55083028665655,275.7394104003906,90545700,0.0,0.0
2026-02-05 00:00:00-05:00,277.37501624935936,278.7412924914769,272.48832346973,275.1610412597656,52977400,0.0,0.0
2026-02-06 00:00:00-05:00,276.3677049075235,280.1474248180158,276.1782182606431,277.364990234375,50453400,0.0,0.0
2026-02-09 00:00:00-05:00,277.41494619870406,277.70443813431814,271.2160169672847,274.13079833984375,44623400,0.26,0.0
2026-02-10 00:00:00-05:00,274.40031021957236,274.87943562430115,272.4537718732244,273.19244384765625,34376900,0.0,0.0
2026-02-11 00:00:00-05:00,274.2106536370846,279.6808719096702,273.9610989943363,275.00921630859375,51931300,0.0,0.0
2026-02-12 00:00:00-05:00,275.09909064411113,275.22886395053104,259.7165366668213,261.2637939453125,81077200,0.0,0.0
2026-02-13 00:00:00-05:00,261.5432690161623,261.7628783299504,254.9949421084194,255.32435607910156,56290700,0.0,0.0
2026-02-17 00:00:00-05:00,257.5903108294174,265.8156532326085,255.08478749757862,263.4099426269531,58469100,0.0,0.0
2026-02-18 00:00:00-05:00,263.13045584681157,266.3447212846438,261.9825104325609,263.8791198730469,34203300,0.0,0.0
2026-02-19 00:00:00-05:00,262.13220471573277,264.00886051677537,259.5867290635135,260.11578369140625,30845300,0.0,0.0
2026-02-20 00:00:00-05:00,258.50868117461044,264.2783836675007,257.7001265171608,264.1086730957031,42070500,0.0,0.0
2026-02-23 00:00:00-05:00,263.0206001676805,268.95002088588865,262.91081074777924,265.705810546875,37308200,0.0,0.0
2026-02-24 00:00:00-05:00,267.38283777638213,274.4003442568012,267.233111068832,271.6552429199219,47014600,0.0,0.0
2026-02-25 00:00:00-05:00,271.29586819299504,274.45024283739696,270.567157599074,273.74151611328125,33714300,0.0,0.0
2026-02-26 00:00:00-05:00,274.4602128097023,275.61811956353745,270.31758130113775,272.4637756347656,32345100,0.0,0.0
2026-02-27 00:00:00-05:00,272.3240124520744,272.3240124520744,262.4217010495403,263.7093811035156,72366500,0.0,0.0
2026-03-02 00:00:00-05:00,261.94253069595567,266.05518620599753,259.73647625260065,264.2484130859375,41827900,0.0,0.0
2026-03-03 00:00:00-05:00,263.0106738027697,265.08695529305965,259.6666350681776,263.2801818847656,38568900,0.0,0.0
2026-03-04 00:00:00-05:00,264.17854815272653,265.67587606267574,260.95432154975975,262.0523376464844,39803100,0.0,0.0
2026-03-05 00:00:00-05:00,260.3254337562426,261.09405110124777,256.79173142961054,259.8263244628906,49658600,0.0,0.0
2026-03-06 00:00:00-05:00,258.16927189629365,258.3090066542827,253.916851068475,257.0013427734375,41120000,0.0,0.0
2026-03-09 00:00:00-04:00,255.2345148744848,260.68477987096253,253.22808575123491,259.41705322265625,38218500,0.0,0.0
2026-03-10 00:00:00-04:00,257.19102845716964,262.01244158439727,256.4922936817907,260.3653564453125,30590800,0.0,0.0
2026-03-11 00:00:00-04:00,260.62486739620806,261.6630231774062,259.08760235948154,260.3453674316406,26218900,0.0,0.0
2026-03-12 00:00:00-04:00,258.1992253881205,258.48871731031414,253.72719511663234,255.30438232421875,40794000,0.0,0.0
2026-03-13 00:00:00-04:00,255.024890934378,255.87336762960538,249.07551643845036,249.6744384765625,36930000,0.0,0.0
2026-03-16 00:00:00-04:00,251.66090222791988,253.43773019062647,249.4348789230203,252.36964416503906,32074200,0.0,0.0
2026-03-17 00:00:00-04:00,252.5093881906664,254.67552076289968,251.7307636559193,253.77711486816406,32361600,0.0,0.0
2026-03-18 00:00:00-04:00,252.1799767808244,254.48585937367065,248.55643828829037,249.49476623535156,35757900,0.0,0.0
2026-03-19 00:00:00-04:00,248.95572868612365,251.38140795985734,246.85947863088072,248.5165252685547,34864100,0.0,0.0
2026-03-20 00:00:00-04:00,247.53824109812177,248.75606899357115,245.56177255944445,247.54823303222656,88331100,0.0,0.0
2026-03-23 00:00:00-04:00,253.51758537106093,254.14646797882926,249.83415620831627,251.04200744628906,40546100,0.0,0.0
2026-03-24 00:00:00-04:00,249.90403139868116,254.37604644028636,249.10545347620703,251.1917266845703,45152300,0.0,0.0
2026-03-25 00:00:00-04:00,253.6473574345128,254.5457480998694,251.15181088451408,252.16998291015625,28476700,0.0,0.0
2026-03-26 00:00:00-04:00,251.67088153367666,256.5421934269488,250.32329549316128,252.43951416015625,41796700,0.0,0.0
2026-03-27 00:00:00-04:00,253.4477020992108,255.03488128462607,247.6281009352486,248.35679626464844,47900000,0.0,0.0
2026-03-30 00:00:00-04:00,249.62453299565456,250.4230956915925,245.07264337813007,246.19065856933594,39446200,0.0,0.0
2026-03-31 00:00:00-04:00,247.46837564153284,255.02488248828539,246.65982101631488,253.337890625,49598100,0.0,0.0
2026-04-01 00:00:00-04:00,253.62737973002484,255.7236296181179,252.8787157917901,255.17462158203125,40059400,0.0,0.0
2026-04-02 00:00:00-04:00,253.74717405681358,255.6737439434535,250.20349485503914,255.464111328125,31289400,0.0,0.0
2026-04-06 00:00:00-04:00,256.053045051996,261.6929736576745,256.003115847535,258.3988342285156,29329900,0.0,0.0
2026-04-07 00:00:00-04:00,255.70368128016966,255.7436185540334,245.2623079794448,253.0484161376953,62148000,0.0,0.0
2026-04-08 00:00:00-04:00,257.98960165960847,259.2872736156141,256.0730086009651,258.43878173828125,41032800,0.0,0.0
2026-04-09 00:00:00-04:00,258.5386040524215,260.65482250105316,255.6138310165902,260.02593994140625,28121600,0.0,0.0
2026-04-10 00:00:00-04:00,259.5168819122501,261.7229364827484,258.5585701252562,260.0159912109375,31291500,0.0,0.0
2026-04-13 00:00:00-04:00,259.2673359057164,259.71651601158027,256.2027973984465,258.73828125,36234700,0.0,0.0
2026-04-14 00:00:00-04:00,258.78816168339415,261.4633801130582,256.73183388682423,258.368896484375,48370700,0.0,0.0
2026-04-15 00:00:00-04:00,257.7001261657452,266.08515659729386,257.35074355126085,265.95538330078125,49913500,0.0,0.0
2026-04-16 00:00:00-04:00,266.3246925362851,266.6840670491935,260.804545264895,262.9307556152344,43323100,0.0,0.0
2026-04-17 00:00:00-04:00,266.4844323486072,271.8149160854778,266.24486962975914,269.7486267089844,61436200,0.0,0.0
2026-04-20 00:00:00-04:00,269.84841238867654,273.7913879220191,269.80850557942483,272.5635681152344,36590200,0.0,0.0
2026-04-21 00:00:00-04:00,271.0163536236942,272.3140256362382,264.9272139873882,265.69586181640625,50209800,0.0,0.0
2026-04-22 00:00:00-04:00,267.3429346055621,273.2523721409737,266.39461467279705,272.68341064453125,43249200,0.0,0.0
2026-04-23 00:00:00-04:00,274.56001085217736,275.2787294551341,271.1660737405759,272.9429016113281,33399600,0.0,0.0
2026-04-24 00:00:00-04:00,272.2741016414235,272.5735550213531,269.16962610782736,270.5771179199219,38157100,0.0,0.0
2026-04-27 00:00:00-04:00,265.6159889280984,267.88193422863776,264.59781690250213,267.1332702636719,41466800,0.0,0.0
2026-04-28 00:00:00-04:00,271.8548539018017,272.7432830913257,268.181416710472,270.2277526855469,40018900,0.0,0.0
2026-04-29 00:00:00-04:00,267.07336249706583,270.55716597281076,266.56429174844374,269.688720703125,30047900,0.0,0.0
2026-04-30 00:00:00-04:00,270.018146234023,275.50834883767226,267.6623648300734,270.86663818359375,91848200,0.0,0.0
2026-05-01 00:00:00-04:00,278.36321169794013,286.7083346607987,277.87409435408995,279.6409606933594,79915400,0.0,0.0
2026-05-04 00:00:00-04:00,279.16182884121525,280.13010214166496,274.3703610857382,276.33685302734375,46668400,0.0,0.0
2026-05-05 00:00:00-04:00,276.43668191704,284.0630869835518,276.00745521106614,283.67376708984375,49311700,0.0,0.0
2026-05-06 00:00:00-04:00,281.4177950537395,287.5168959460148,280.5693031693742,286.9978332519531,58336100,0.0,0.0
2026-05-07 00:00:00-04:00,288.75467457606095,291.60959552514373,285.2709015174152,286.9279479980469,45224300,0.0,0.0
2026-05-08 00:00:00-04:00,289.49338424193445,294.2349225642168,289.48339230776435,292.7974853515625,52692800,0.0,0.0
2026-05-11 00:00:00-04:00,291.72841688276577,293.6267735875138,289.979924827367,292.42779541015625,42247300,0.27,0.0
2026-05-12 00:00:00-04:00,292.3078994315659,295.0155556946294,292.3078994315659,294.54595947265625,45748100,0.0,0.0
2026-05-13 00:00:00-04:00,293.24708951115105,300.6607090744109,293.24708951115105,298.6124572753906,52684300,0.0,0.0
2026-05-14 00:00:00-04:00,299.5616620172475,300.1911240450107,295.12548538387824,297.9530334472656,35324900,0.0,0.0
2026-05-15 00:00:00-04:00,297.643304079477,302.93875555297063,296.26448829773227,299.9713134765625,54862800,0.0,0.0
2026-05-18 00:00:00-04:00,299.98126929450746,300.4009207908792,294.6558756451712,297.5833435058594,34483000,0.0,0.0
2026-05-19 00:00:00-04:00,296.7140952726279,300.2510533099592,296.09463441963413,298.7123718261719,42243600,0.0,0.0
2026-05-20 00:00:00-04:00,297.9230626302997,302.5390768782648,297.82314269813475,301.98956298828125,38229800,0.0,0.0
2026-05-21 00:00:00-04:00,300.80056674721834,305.27671719779084,300.1411318265125,304.7271728515625,42965100,0.0,0.0
2026-05-22 00:00:00-04:00,305.85620846339293,311.13165741506583,305.57645096183757,308.55389404296875,43670200,0.0,0.0
2026-05-26 00:00:00-04:00,309.29325163060713,311.5513139598484,307.4048960873393,308.0643005371094,48000500,0.0,0.0
2026-05-27 00:00:00-04:00,308.0643052358437,312.9900803339556,308.0343323058515,310.5821533203125,50430900,0.0,0.0
2026-05-28 00:00:00-04:00,310.412282475935,312.5304508120942,309.30325358892543,312.24072265625,48220400,0.0,0.0
2026-05-29 00:00:00-04:00,311.5113496628706,314.7285763294451,309.2632884033746,311.7911071777344,70026800,0.0,0.0
2026-06-01 00:00:00-04:00,309.363197507879,310.67206624496237,304.7571540774977,306.0460510253906,48849900,0.0,0.0
2026-06-02 00:00:00-04:00,307.1950545511415,315.1781903378333,306.42572903356995,314.92840576171875,44534700,0.0,0.0
2026-06-03 00:00:00-04:00,313.9092501546009,316.6668815001487,308.5838566628498,309.9926452636719,50836700,0.0,0.0
2026-06-04 00:00:00-04:00,312.96009909963743,313.26982953176514,309.38316692864953,310.9618225097656,44869100,0.0,0.0
2026-06-05 00:00:00-04:00,312.5903972939029,314.8984348439246,306.8853260765596,307.0751647949219,65310500,0.0,0.0
2026-06-08 00:00:00-04:00,308.4739595974908,317.1265012321255,300.9105055796523,301.2801818847656,77949100,0.0,0.0
2026-06-09 00:00:00-04:00,300.0212482417878,300.4908444635933,287.5320194610898,290.29962158203125,70108800,0.0,0.0
2026-06-10 00:00:00-04:00,290.4894628291428,294.4960172141002,287.1323727394638,291.3287353515625,52793300,0.0,0.0
2026-06-11 00:00:00-04:00,293.4668864344149,296.7440586571729,289.3404406054596,295.375244140625,42572500,0.0,0.0
2026-06-12 00:00:00-04:00,295.7749221682621,296.88398158337014,289.3704417369658,290.879150390625,38742100,0.0,0.0
2026-06-15 00:00:00-04:00,293.8665449684006,297.5233947188816,291.4486474146935,296.1645812988281,45732600,0.0,0.0
2026-06-16 00:00:00-04:00,294.99559499590845,300.2210994929347,293.71669913987887,298.9821472167969,39874400,0.0,0.0
2026-06-17 00:00:00-04:00,300.59074812548096,301.8096980081642,294.10632015937927,295.6949768066406,42745100,0.0,0.0
2026-06-18 00:00:00-04:00,297.8530937792582,300.31099586682666,295.3652492546472,297.7532043457031,85962200,0.0,0.0
2026-06-22 00:00:00-04:00,297.05381866220307,302.1594314563154,296.5043047694293,296.75408935546875,44879900,0.0,0.0
2026-06-23 00:00:00-04:00,297.2836155142734,301.3800886038737,293.9264950024863,294.04638671875,52010900,0.0,0.0
2026-06-24 00:00:00-04:00,295.1054570720635,299.4417438827621,292.68755959702736,292.8274230957031,53081900,0.0,0.0
2026-06-25 00:00:00-04:00,287.1523472601469,288.55113481081804,273.5141152813601,274.91290283203125,107013700,0.0,0.0
2026-06-26 00:00:00-04:00,274.7630284991681,285.70360492137456,273.9737007161028,283.53546142578125,261775500,0.0,0.0
2026-06-29 00:00:00-04:00,286.4829438934296,288.12151489662153,279.6088673150861,281.4972229003906,66427000,0.0,0.0
2026-06-30 00:00:00-04:00,280.9277417485351,289.69017405322865,280.45814550695326,289.11065673828125,65100200,0.0,0.0
2026-07-01 00:00:00-04:00,293.1871503157195,296.33442991747245,288.95081360688545,294.1263427734375,50164200,0.0,0.0
2026-07-02 00:00:00-04:00,293.866538367699,309.15337194761725,293.4269150966668,308.3640441894531,75352800,0.0,0.0
2026-07-06 00:00:00-04:00,307.0951430290638,313.9292760509671,306.7354678654279,312.3905944824219,53590000,0.0,0.0
2026-07-07 00:00:00-04:00,315.0183186077797,315.20815732134815,309.88273318392555,310.3923034667969,42490000,0.0,0.0
2026-07-08 00:00:00-04:00,311.6412289475945,314.5487250421545,306.7854009831778,313.1199645996094,41323500,0.0,0.0
2026-07-09 00:00:00-04:00,310.24243869469103,316.2572401947346,307.8944576262147,315.947509765625,48124500,0.0,0.0
2026-07-10 00:00:00-04:00,314.4488202226986,316.6369356310425,311.9010296470402,315.0483093261719,34132300,0.0,0.0
2026-07-13 00:00:00-04:00,316.7468014245228,323.171283634363,315.5078797345754,317.03656005859375,43257800,0.0,0.0
2026-07-14 00:00:00-04:00,313.48965629761443,315.91755515351207,311.64124426456783,314.58868408203125,36336800,0.0,0.0
2026-07-15 00:00:00-04:00,317.34631234952286,328.44675508114506,317.0465830462295,327.2178039550781,60957600,0.0,0.0
2026-07-16 00:00:00-04:00,327.72736328456057,334.3915986652446,326.50841333986017,332.97283935546875,62970600,0.0,0.0
2026-07-17 00:00:00-04:00,331.693929977533,334.7013154010385,328.71648699084636,333.452392578125,63407100,0.0,0.0
2026-07-20 00:00:00-04:00,333.2226134619852,333.4224228207836,323.4010672140761,326.3085632324219,53468000,0.0,0.0
2026-07-21 00:00:00-04:00,322.85156758462244,329.3159936819017,321.94234806189104,327.45758056640625,41338900,0.0,0.0
2026-07-22 00:00:00-04:00,327.58746619388995,328.7164973399543,323.0613709608057,325.60919189453125,38755900,0.0,0.0
2026-07-23 00:00:00-04:00,321.4527900194849,323.0214140443725,319.0748358849152,321.3828430175781,40840800,0.0,0.0
2026-07-24 00:00:00-04:00,321.5127284115298,334.0818750563203,321.3428614810286,332.7330322265625,47489400,0.0,0.0
2026-07-27 00:00:00-04:00,334.2517370375488,339.277401491225,333.73216560461384,336.61968994140625,49604300,0.0,0.0
2026-07-28 00:00:00-04:00,339.73698155301014,342.59453283396704,335.31080637618777,339.78692626953125,51859000,0.0,0.0
2026-07-29 00:00:00-04:00,339.43727163464206,344.2730974331505,337.0593175600121,337.8985900878906,56090800,0.0,0.0
2026-07-30 00:00:00-04:00,332.8129674612056,334.4615395264105,329.30598233808786,333.1426696777344,74817800,0.0,0.0
2026-07-31 00:00:00-04:00,304.54735603914753,310.4222943774597,299.7415030462749,308.6438293457031,132489100,0.0,0.0
2026-08-03 00:00:00-04:00,309.313234694189,311.5313230344714,302.29929450581176,303.1585693359375,75052000,0.0,0.0
2026-08-04 00:00:00-04:00,302.46913991298527,310.1525156602479,301.0603512911937,309.1134033203125,68001000,0.0,0.0
2026-08-05 00:00:00-04:00,309.09342362565195,311.4414048335362,305.40663118634393,310.7320251464844,49438800,0.0,0.0
2026-08-06 00:00:00-04:00,314.06913775686996,316.0174696892129,308.96355554648414,312.14080810546875,46139900,0.0,0.0
2026-08-07 00:00:00-04:00,311.1816431226555,314.53873325457766,310.47223295908327,313.05999755859375,34437200,0.0,0.0
2026-08-10 00:00:00-04:00,306.8299865722656,308.260009765625,304.6099853515625,308.260009765625,44812500,0.27,0.0
2026-08-11 00:00:00-04:00,307.75,309.9700012207031,302.7900085449219,304.9100036621094,37476700,0.0,0.0
2026-08-12 00:00:00-04:00,305.1000061035156,305.6600036621094,300.57000732421875,302.25,41657800,0.0,0.0
2026-08-13 00:00:00-04:00,304.2099914550781,306.0,302.04998779296875,305.260009765625,40349300,0.0,0.0
2026-08-14 00:00:00-04:00,306.0,307.489990234375,304.29998779296875,305.92999267578125,28229400,0.0,0.0
2026-08-17 00:00:00-04:00,306.2099914550781,307.6600036621094,302.94000244140625,305.5899963378906,38169300,0.0,0.0
2026-08-18 00:00:00-04:00,307.5799865722656,311.489990234375,305.739990234375,310.0299987792969,53424500,0.0,0.0
2026-08-19 00:00:00-04:00,310.1400146484375,319.2799987792969,309.6000061035156,316.8299865722656,50505600,0.0,0.0
2026-08-20 00:00:00-04:00,317.4599914550781,320.2799987792969,310.6499938964844,311.29998779296875,40959200,0.0,0.0
2026-08-21 00:00:00-04:00,312.04998779296875,312.3800048828125,307.010009765625,309.3500061035156,46876800,0.0,0.0
2026-08-24 00:00:00-04:00,311.4700012207031,313.3599853515625,309.9700012207031,310.3399963378906,34673600,0.0,0.0
2026-08-25 00:00:00-04:00,310.7900085449219,313.5899963378906,308.2099914550781,309.8999938964844,25869800,0.0,0.0
2026-08-26 00:00:00-04:00,310.29998779296875,315.42999267578125,308.79998779296875,313.45001220703125,34024500,0.0,0.0
2026-08-27 00:00:00-04:00,310.54998779296875,315.3999938964844,309.3999938964844,314.5799865722656,32419200,0.0,0.0
2026-08-28 00:00:00-04:00,316.8500061035156,322.3699951171875,315.45001220703125,319.70001220703125,38649400,0.0,0.0
2026-08-31 00:00:00-04:00,319.6000061035156,321.239990234375,312.79998779296875,316.8500061035156,41242700,0.0,0.0
2026-09-01 00:00:00-04:00,316.9800109863281,327.29998779296875,314.7300109863281,325.1300048828125,53167400,0.0,0.0
2026-09-02 00:00:00-04:00,326.8699951171875,328.3999938964844,323.5299987792969,324.9599914550781,33776400,0.0,0.0
2026-09-03 00:00:00-04:00,324.8699951171875,330.80999755859375,324.1099853515625,328.2099914550781,37225800,0.0,0.0
2026-09-04 00:00:00-04:00,328.30499267578125,328.92999267578125,317.8599853515625,319.9700012207031,38272821,0.0,0.0
