Date,Open,High,Low,Close,Volume,Dividends,Stock Splits
2021-08-16 00:00:00-04:00,97.38380086488375,98.73219423987273,97.14242145113718,98.55740356445312,8180500,0.0,0.0
2021-08-17 00:00:00-04:00,98.2827326814458,99.66441411611414,98.21614394115407,99.59783172607422,6551700,0.0,0.0
2021-08-18 00:00:00-04:00,99.18997264827007,99.81422775130983,97.5336175529416,97.62517547607422,5586900,0.0,0.0
2021-08-19 00:00:00-04:00,96.7262489736129,99.01518440750858,96.7262489736129,98.15787506103516,6145200,0.0,0.0
2021-08-20 00:00:00-04:00,98.29935764763147,99.43966579076844,97.92480716899371,98.89864349365234,4112500,0.0,0.0
2021-08-23 00:00:00-04:00,99.71436100172951,100.25537706510107,99.23160214955766,99.34812927246094,4748300,0.0,0.0
2021-08-24 00:00:00-04:00,99.6477734361999,99.6477734361999,98.5657285961809,99.6144790649414,3831500,0.0,0.0
2021-08-25 00:00:00-04:00,99.76429591031513,101.04610056788624,98.94028089839502,100.21376037597656,5241100,0.0,0.0
2021-08-26 00:00:00-04:00,100.5966361022248,100.92124826904946,100.00567532799914,100.21376037597656,5035400,0.0,0.0
2021-08-27 00:00:00-04:00,100.16381634871166,100.41352094813637,99.39806489084516,99.53124237060547,4279900,0.0,0.0
2021-08-30 00:00:00-04:00,99.74765158538047,100.62993656035688,99.49795332285106,100.35526275634766,3260900,0.0,0.0
2021-08-31 00:00:00-04:00,100.57167936930429,100.8546720214842,99.90580459320068,100.53005981445312,6021800,0.0,0.0
2021-09-01 00:00:00-04:00,100.71317165703292,101.15431097965559,88.31130048871974,93.44683837890625,50943200,0.0,0.0
2021-09-02 00:00:00-04:00,94.51222475286336,94.67036506014757,92.23993339300341,93.23873901367188,14719200,0.0,0.0
2021-09-03 00:00:00-04:00,92.53956820691748,93.2803503529547,92.40639074907898,92.90579986572266,5364800,0.0,0.0
2021-09-07 00:00:00-04:00,91.93198272592369,92.86420613920288,90.15910018977254,90.75006103515625,12694200,0.0,0.0
2021-09-08 00:00:00-04:00,89.94269326928782,92.30654308868637,89.65970060759544,91.8570785522461,10823200,0.0,0.0
2021-09-09 00:00:00-04:00,91.09132426444442,91.34102254374565,89.22687742434873,89.28514099121094,10337100,0.0,0.0
2021-09-10 00:00:00-04:00,89.4599191325218,90.15908178708327,88.527695909522,88.7940444946289,7620100,0.0,0.0
2021-09-13 00:00:00-04:00,89.38500887433187,90.5336360039006,88.90225005963214,89.45992279052734,7398900,0.0,0.0
2021-09-14 00:00:00-04:00,89.88442321902929,89.95101196412666,88.43615293954872,88.62759399414062,6102700,0.0,0.0
2021-09-15 00:00:00-04:00,88.71913232772707,90.5586096223055,88.25302388217848,89.7012939453125,7444300,0.0,0.0
2021-09-16 00:00:00-04:00,90.09249882371145,90.51699409131358,88.6691978855472,89.9593276977539,5821800,0.0,0.0
2021-09-17 00:00:00-04:00,89.47658109512155,90.10083631206425,89.14364370936828,89.66802215576172,14157200,0.0,0.0
2021-09-20 00:00:00-04:00,88.31129241352096,89.46824476337231,87.86182795131047,88.56099700927734,7103400,0.0,0.0
2021-09-21 00:00:00-04:00,88.43613434996882,89.40165190016893,88.39451480546848,89.18524169921875,6400400,0.0,0.0
2021-09-22 00:00:00-04:00,89.06873118386832,89.54316486838084,88.16980219734393,88.56932830810547,6319100,0.0,0.0
2021-09-23 00:00:00-04:00,89.05208582281307,90.11748037765902,88.76909317241756,89.36005401611328,5847800,0.0,0.0
2021-09-24 00:00:00-04:00,88.95220209770373,89.93436381683689,88.594295547081,89.11866760253906,5836100,0.0,0.0
2021-09-27 00:00:00-04:00,89.16860681764949,90.42544234673889,89.07704888405841,89.6596908569336,4969600,0.0,0.0
2021-09-28 00:00:00-04:00,89.57645200188247,90.40879217764711,89.09369317587858,89.34339141845703,6445600,0.0,0.0
2021-09-29 00:00:00-04:00,89.76788867235487,91.20784000239851,89.45992686466906,90.59190368652344,6270100,0.0,0.0
2021-09-30 00:00:00-04:00,90.8915536151625,91.90700974575799,89.70963197310147,89.7845458984375,7886400,0.0,0.0
2021-10-01 00:00:00-04:00,90.10082508523186,91.29939698449701,88.95219791527055,90.79998779296875,8611500,0.0,0.0
2021-10-04 00:00:00-04:00,90.59190253010809,91.7238856877643,89.63471639922005,90.50035095214844,9779200,0.0,0.0
2021-10-05 00:00:00-04:00,91.04969879379723,92.04018571635385,90.80831936097873,91.14958190917969,7146900,0.0,0.0
2021-10-06 00:00:00-04:00,90.97479580772557,91.2827576494105,90.01760320869276,90.99143981933594,5710300,0.0,0.0
2021-10-07 00:00:00-04:00,91.37430110563605,93.04730659353127,91.19118525568466,92.28155517578125,7842600,0.0,0.0
2021-10-08 00:00:00-04:00,92.43137936171465,93.01401494655889,92.09011684041187,92.53958129882812,5019800,0.0,0.0
2021-10-11 00:00:00-04:00,92.50629066436765,92.72270089758324,91.79047757394466,91.84041595458984,4613800,0.0,0.0
2021-10-12 00:00:00-04:00,91.65730978652978,91.77383691245495,90.02592367332518,90.36717987060547,6305800,0.0,0.0
2021-10-13 00:00:00-04:00,90.38381594155705,90.75837282791531,89.8927382897615,90.33387756347656,5471100,0.0,0.0
2021-10-14 00:00:00-04:00,90.94886260800303,91.81656563003978,90.81407697146534,91.74917602539062,7289500,1.3,0.0
2021-10-15 00:00:00-04:00,91.95136658277805,92.63373379670567,91.8923966559848,92.1030044555664,4634500,0.0,0.0
2021-10-18 00:00:00-04:00,91.81657093262004,91.81657093262004,90.21595043264536,90.50238037109375,7949400,0.0,0.0
2021-10-19 00:00:00-04:00,90.77195799451933,91.04153571012807,90.02219477213124,90.51922607421875,4614900,0.0,0.0
2021-10-20 00:00:00-04:00,90.56134934504455,91.91766402150763,90.56134934504455,91.32796478271484,5626800,0.0,0.0
2021-10-21 00:00:00-04:00,91.32796075736884,91.78286790596455,90.26649574708698,91.62281036376953,4811800,0.0,0.0
2021-10-22 00:00:00-04:00,91.54697328018108,92.01031289122085,91.24369761245293,91.94291687011719,4614400,0.0,0.0
2021-10-25 00:00:00-04:00,91.89238200644954,91.9429258135746,90.77194714875814,91.40377044677734,5697400,0.0,0.0
2021-10-26 00:00:00-04:00,91.66493189700232,92.31360748545204,91.15104837839553,92.23778533935547,5047400,0.0,0.0
2021-10-27 00:00:00-04:00,92.31357242640298,92.43151222910429,91.12574186417771,91.31950378417969,4875300,0.0,0.0
2021-10-28 00:00:00-04:00,91.31111628881295,92.58318918699644,91.15105230578777,92.3894271850586,5193300,0.0,0.0
2021-10-29 00:00:00-04:00,94.42810386430753,96.81218554483014,93.8636765402549,96.60157775878906,16545000,0.0,0.0
2021-11-01 00:00:00-04:00,97.0901923403562,97.48613601860582,95.67490771769785,96.71952056884766,7096800,0.0,0.0
2021-11-02 00:00:00-04:00,97.09019194281456,99.1457260458694,97.01437622290176,98.16850280761719,10357800,0.0,0.0
2021-11-03 00:00:00-04:00,98.16848008812788,99.07830707995541,97.9241743351054,99.04460906982422,6186900,0.0,0.0
2021-11-04 00:00:00-04:00,99.04460894075646,99.17097487177422,97.99999633700367,98.6149673461914,4912200,0.0,0.0
2021-11-05 00:00:00-04:00,98.33698067559087,98.83401191699684,97.30078764155284,98.71607208251953,4635800,0.0,0.0
2021-11-08 00:00:00-05:00,98.73293114500714,98.94353893876973,97.53668041897318,97.7725601196289,7015000,0.0,0.0
2021-11-09 00:00:00-05:00,97.92420010209229,98.2190497342768,97.224987096409,97.39347076416016,3146800,0.0,0.0
2021-11-10 00:00:00-05:00,97.21654021829701,98.64867036998255,97.20811410853739,98.35382080078125,4981100,0.0,0.0
2021-11-11 00:00:00-05:00,98.51390461934429,98.9772379137567,97.96632306482066,98.25274658203125,3120900,0.0,0.0
2021-11-12 00:00:00-05:00,98.90141495086283,98.90141495086283,98.08425573463866,98.53916931152344,2740300,0.0,0.0
2021-11-15 00:00:00-05:00,98.52230965418438,99.23838119521722,97.90733858114824,98.42964172363281,3941000,0.0,0.0
2021-11-16 00:00:00-05:00,98.23590016214703,98.96039148926896,98.00844014487583,98.07583618164062,3476400,0.0,0.0
2021-11-17 00:00:00-05:00,98.22746015327725,99.08674343235522,97.93261056819713,98.85928344726562,4361500,0.0,0.0
2021-11-18 00:00:00-05:00,98.90984301507248,99.71857613642615,98.26116743944412,98.6234130859375,3160300,0.0,0.0
2021-11-19 00:00:00-05:00,99.09518083203112,99.23839902230861,97.60408041961776,97.92420196533203,5885800,0.0,0.0
2021-11-22 00:00:00-05:00,97.67988765488347,98.85086641982319,96.888006757513,97.42716217041016,3975800,0.0,0.0
2021-11-23 00:00:00-05:00,98.19376120832565,100.52729881791028,97.84836781971886,100.14820098876953,8948300,0.0,0.0
2021-11-24 00:00:00-05:00,99.97973642124155,100.45149584288608,99.47427897987383,99.962890625,5792800,0.0,0.0
2021-11-26 00:00:00-05:00,99.07831470024924,99.49953021842826,97.57878848389011,98.15164184570312,5016700,0.0,0.0
2021-11-29 00:00:00-05:00,98.42121980522842,99.33946655244289,98.21061204552909,98.47176361083984,4372500,0.0,0.0
2021-11-30 00:00:00-05:00,98.29486044618314,98.38752838083536,96.96381777321406,97.1154556274414,8172100,0.0,0.0
2021-12-01 00:00:00-05:00,97.53667429869003,100.23245774603862,97.39346255045534,97.64619445800781,6287500,0.0,0.0
2021-12-02 00:00:00-05:00,97.9326311161392,99.06991199849148,97.38504952767619,98.45494079589844,4919800,0.0,0.0
2021-12-03 00:00:00-05:00,99.18783342239615,100.24929838135508,98.56443622368525,100.12293243408203,6428100,0.0,0.0
2021-12-06 00:00:00-05:00,100.7800365530397,103.15569214819875,100.42621701119975,102.22901916503906,8939900,0.0,0.0
2021-12-07 00:00:00-05:00,102.75975133486621,102.8945369725435,101.93416600534994,102.36380767822266,6123300,0.0,0.0
2021-12-08 00:00:00-05:00,102.7428994565739,103.14726922543629,101.72355856438175,102.66708374023438,5278100,0.0,0.0
2021-12-09 00:00:00-05:00,102.9535110860024,104.84898119220368,102.86084314440893,104.58782958984375,8082300,0.0,0.0
2021-12-10 00:00:00-05:00,104.22557470506845,106.15474265803508,104.22557470506845,105.6998291015625,7059500,0.0,0.0
2021-12-13 00:00:00-05:00,105.47237671162267,107.61215258974124,105.47237671162267,106.57596588134766,7834200,0.0,0.0
2021-12-14 00:00:00-05:00,105.89357879417813,107.7048068094183,105.6240011193916,107.23304748535156,6381400,0.0,0.0
2021-12-15 00:00:00-05:00,108.04179070853017,110.17314040526023,107.49420919726909,109.70980072021484,9585600,0.0,0.0
2021-12-16 00:00:00-05:00,109.60030855178073,112.27923370248917,109.44024456079869,111.01558685302734,9569000,0.0,0.0
2021-12-17 00:00:00-05:00,110.22367693247298,110.37532120777638,108.98530224448623,109.1200942993164,12631100,0.0,0.0
2021-12-20 00:00:00-05:00,108.26081373659576,110.68701936655606,108.02493406195832,110.24053192138672,7119200,0.0,0.0
2021-12-21 00:00:00-05:00,110.55223354710922,110.65333402371508,108.79997525486182,109.47392272949219,6085900,0.0,0.0
2021-12-22 00:00:00-05:00,109.440239747097,111.68952949766692,109.33071957819377,111.2430419921875,7070900,0.0,0.0
2021-12-23 00:00:00-05:00,111.47892802495848,112.69203107264256,111.34413594088677,112.11917114257812,5702300,0.0,0.0
2021-12-27 00:00:00-05:00,112.20341121305707,113.2901417821155,112.17813930594964,113.2311782836914,4436800,0.0,0.0
2021-12-28 00:00:00-05:00,113.34912466255487,113.94724363784796,112.66675742239889,113.2143325805664,4237200,0.0,0.0
2021-12-29 00:00:00-05:00,113.39966311807305,114.46112179096477,112.95317561526686,114.03148651123047,5594300,0.0,0.0
2021-12-30 00:00:00-05:00,114.36004151966905,115.2698688068936,114.25895388369321,114.51167297363281,6354300,0.0,0.0
2021-12-31 00:00:00-05:00,114.60431036821599,114.74753495363517,113.98091963993663,114.06515502929688,3963400,0.0,0.0
2022-01-03 00:00:00-05:00,114.07360393680433,114.3179033118283,112.47297705553048,114.08202362060547,6839800,0.0,0.0
2022-01-04 00:00:00-05:00,114.00619543945085,114.75595855911682,113.20588851354547,113.86298370361328,6298300,0.0,0.0
2022-01-05 00:00:00-05:00,113.7282095904306,116.38186267241542,113.7282095904306,114.46112060546875,7724900,0.0,0.0
2022-01-06 00:00:00-05:00,114.90759411453035,115.12663442209023,113.86298780270253,113.92195129394531,4667000,0.0,0.0
2022-01-07 00:00:00-05:00,113.93880109227946,114.43583233359624,112.99528241663029,113.62710571289062,8630300,0.0,0.0
2022-01-10 00:00:00-05:00,113.795579751523,115.32879747007006,113.3659445739334,114.89916229248047,9794400,0.0,0.0
2022-01-11 00:00:00-05:00,114.44427572945943,115.48888211818874,113.5597204598735,115.3877944946289,7159400,0.0,0.0
2022-01-12 00:00:00-05:00,115.0087239381691,115.74163505103782,114.59592797620135,115.65738677978516,6589300,0.0,0.0
2022-01-13 00:00:00-05:00,114.90832984490822,115.0104664264309,113.12086174106308,113.64859771728516,8386400,1.41,0.0
2022-01-14 00:00:00-05:00,113.50390328413128,115.80206735202668,112.60164916491692,115.64884948730469,10484500,0.0,0.0
2022-01-18 00:00:00-05:00,115.34243058885978,117.444828610424,115.14666446595533,116.42342376708984,12341900,0.0,0.0
2022-01-19 00:00:00-05:00,116.10848668852692,117.03626193880844,114.77213913621337,115.08708190917969,6196700,0.0,0.0
2022-01-20 00:00:00-05:00,114.48275443110512,114.73810889729822,112.99320186415765,113.23152923583984,6612800,0.0,0.0
2022-01-21 00:00:00-05:00,113.25705200670825,114.26994972854315,112.07392232046742,112.33778381347656,7583000,0.0,0.0
2022-01-24 00:00:00-05:00,113.05278979929729,113.41878790884167,109.17143050026283,112.49101257324219,13733800,0.0,0.0
2022-01-25 00:00:00-05:00,111.9207239907213,114.32954474206862,111.32489259867414,113.2825927734375,10296500,0.0,0.0
2022-01-26 00:00:00-05:00,113.45281754278973,115.31688806509635,113.06128532542222,114.25292205810547,8040300,0.0,0.0
2022-01-27 00:00:00-05:00,115.3339107702563,117.71719713282369,115.21474710152123,115.73396301269531,8869100,0.0,0.0
2022-01-28 00:00:00-05:00,115.75098823083437,117.44481370987072,114.56785861473804,117.39374542236328,8014400,0.0,0.0
2022-01-31 00:00:00-05:00,116.45746872507584,116.75537141234307,115.43605097482761,116.51704406738281,10300000,0.0,0.0
2022-02-01 00:00:00-05:00,116.92563237262087,117.32568472684666,115.79357070937229,116.61070251464844,7413900,0.0,0.0
2022-02-02 00:00:00-05:00,115.25733553238474,118.66202742856069,113.24856679412618,117.98959350585938,11363100,0.0,0.0
2022-02-03 00:00:00-05:00,118.73859887165409,120.61969636772247,118.34705369117994,119.78553771972656,10272700,0.0,0.0
2022-02-04 00:00:00-05:00,119.2918589868708,121.54747462891135,118.5087815939523,119.71744537353516,6921500,0.0,0.0
2022-02-07 00:00:00-05:00,120.16006950621819,121.72622443091777,119.44508743031625,121.31766510009766,9597800,0.0,0.0
2022-02-08 00:00:00-05:00,120.89208507547201,122.22843275300387,120.228171257293,122.15181732177734,7559500,0.0,0.0
2022-02-09 00:00:00-05:00,122.55186852415142,122.55186852415142,121.58153195335316,121.88795471191406,5989100,0.0,0.0
2022-02-10 00:00:00-05:00,121.84537607836113,122.92636912619199,121.13039407306157,121.47087097167969,7333400,0.0,0.0
2022-02-11 00:00:00-05:00,121.59855553330196,122.23693517953143,120.47500112176189,120.87505340576172,6475200,0.0,0.0
2022-02-14 00:00:00-05:00,120.67928809453602,121.87944495459445,118.6875467020139,121.71772003173828,9931900,0.0,0.0
2022-02-15 00:00:00-05:00,122.01565337853899,123.81162890793834,121.88796963724752,123.2157974243164,9530100,0.0,0.0
2022-02-16 00:00:00-05:00,123.19877454647417,125.30967977597365,122.70509268859955,124.16059112548828,8028900,0.0,0.0
2022-02-17 00:00:00-05:00,123.24984866242293,123.82013299381961,122.21141659991886,123.39454650878906,5486600,0.0,0.0
2022-02-18 00:00:00-05:00,123.15618324161657,124.04139715796087,122.03262901424281,122.59440612792969,7585900,0.0,0.0
2022-02-22 00:00:00-05:00,120.22816789437931,124.56915472677461,120.22816789437931,123.89672088623047,11576800,0.0,0.0
2022-02-23 00:00:00-05:00,124.45848611757368,126.27148831238114,123.72647700027797,124.9181137084961,9271000,0.0,0.0
2022-02-24 00:00:00-05:00,122.23694453876179,124.01589283870725,122.11778084852305,123.64989471435547,12070200,0.0,0.0
2022-02-25 00:00:00-05:00,124.38190351116505,127.98236134224042,124.31380811871679,127.28439331054688,8320700,0.0,0.0
2022-02-28 00:00:00-05:00,124.82450948357588,126.04169357099124,124.06696606811576,125.77783203125,11090600,0.0,0.0
2022-03-01 00:00:00-05:00,125.69270496046829,127.2503529802422,124.44999975640923,125.70973205566406,7489900,0.0,0.0
2022-03-02 00:00:00-05:00,125.71821177121278,128.73987761190833,125.30965249043514,127.3099136352539,8247200,0.0,0.0
2022-03-03 00:00:00-05:00,127.51419347507125,128.3483391719049,126.69707487062452,128.02490234375,5408400,0.0,0.0
2022-03-04 00:00:00-05:00,126.48426618368345,128.25469393912826,126.05867984119173,128.15255737304688,5389500,0.0,0.0
2022-03-07 00:00:00-05:00,126.82475374846021,128.31430622537167,126.1353058229199,127.20777893066406,7137700,0.0,0.0
2022-03-08 00:00:00-05:00,126.82475894430536,127.58230228694121,124.57766306373304,125.25008392333984,8817500,0.0,0.0
2022-03-09 00:00:00-05:00,126.19487868751018,127.76955361300766,125.76929227390185,126.68856048583984,5368900,0.0,0.0
2022-03-10 00:00:00-05:00,126.03315441996293,127.4631183955,125.71821167298019,126.96943664550781,4635700,0.0,0.0
2022-03-11 00:00:00-05:00,127.11412076061467,128.01636169387533,126.80769808631256,126.87579345703125,5171400,0.0,0.0
2022-03-14 00:00:00-04:00,128.29727854243654,130.20391037975537,126.84178025917572,129.46339416503906,8647200,0.0,0.0
2022-03-15 00:00:00-04:00,129.5995772699749,133.14896660012897,129.51446777519655,132.6808319091797,8384300,0.0,0.0
2022-03-16 00:00:00-04:00,133.20854090289203,133.48092242837072,130.67204963923496,132.8255157470703,7178900,0.0,0.0
2022-03-17 00:00:00-04:00,133.7788240063315,135.00451488513713,132.96170541237166,134.98748779296875,7227900,0.0,0.0
2022-03-18 00:00:00-04:00,134.48532419799582,135.71101530672004,133.75331495183377,135.50672912597656,9912800,0.0,0.0
2022-03-21 00:00:00-04:00,136.14507162611412,136.9962443314826,135.32795310216466,136.23019409179688,5825000,0.0,0.0
2022-03-22 00:00:00-04:00,136.23022118037798,136.4430143990328,134.50234128393038,136.1961669921875,5756600,0.0,0.0
2022-03-23 00:00:00-04:00,136.19618110768727,137.19205191566064,134.79175091415604,134.8428192138672,6300600,0.0,0.0
2022-03-24 00:00:00-04:00,135.52373849608185,136.80900478867088,135.2088087063437,136.4259796142578,4638100,0.0,0.0
2022-03-25 00:00:00-04:00,136.6558036234581,137.8729745644113,136.3834220773649,137.31971740722656,5129400,0.0,0.0
2022-03-28 00:00:00-04:00,136.7068909381032,137.91555499436743,135.78762257392992,137.86448669433594,4516500,0.0,0.0
2022-03-29 00:00:00-04:00,138.73264317045866,138.97947753901494,137.28563918889623,138.04318237304688,6154100,0.0,0.0
2022-03-30 00:00:00-04:00,137.651667360296,139.8902559983878,137.651667360296,139.37954711914062,5151800,0.0,0.0
2022-03-31 00:00:00-04:00,138.68159761882052,140.15413612165787,137.97513552455766,137.983642578125,8670100,0.0,0.0
2022-04-01 00:00:00-04:00,138.01770561401804,138.8007962536085,136.2728112423111,138.4688262939453,5703300,0.0,0.0
2022-04-04 00:00:00-04:00,138.31557209902746,139.4561404687871,137.43035815225448,137.79635620117188,6892400,0.0,0.0
2022-04-05 00:00:00-04:00,137.7963772120449,141.2606570725567,137.75381597041323,139.107177734375,6683300,0.0,0.0
2022-04-06 00:00:00-04:00,140.0094389387182,144.07804447624386,139.4221275431231,143.77162170410156,8810800,0.0,0.0
2022-04-07 00:00:00-04:00,142.71616088944185,148.60627589402802,142.60550425453698,147.49124145507812,7469000,0.0,0.0
2022-04-08 00:00:00-04:00,147.25286898102672,149.72978451854638,146.82728265449197,148.92117309570312,7204200,0.0,0.0
2022-04-11 00:00:00-04:00,148.87015854909635,148.9893222544197,144.12062444558651,144.55471801757812,8163200,0.0,0.0
2022-04-12 00:00:00-04:00,144.11209016360684,145.17605635167655,141.47346180991508,142.4097442626953,8279700,0.0,0.0
2022-04-13 00:00:00-04:00,141.6371673005536,141.6371673005536,134.29778419351078,136.4438018798828,18312600,1.41,0.0
2022-04-14 00:00:00-04:00,135.49957536843763,140.6671770379635,134.61541704199948,139.32806396484375,11074800,0.0,0.0
2022-04-18 00:00:00-04:00,139.0276093836313,139.74007569740755,136.27211703345625,136.79574584960938,6500200,0.0,0.0
2022-04-19 00:00:00-04:00,137.68845127007913,137.774297192988,131.94572053914342,134.2119140625,9359900,0.0,0.0
2022-04-20 00:00:00-04:00,134.22053486589508,135.71416793733556,133.49947604447672,134.51239013671875,6250000,0.0,0.0
2022-04-21 00:00:00-04:00,134.76989425212827,137.67131400135324,133.35352799132664,136.07467651367188,7903300,0.0,0.0
2022-04-22 00:00:00-04:00,135.01027170138474,135.90302244726118,132.48655265574828,133.04452514648438,7938300,0.0,0.0
2022-04-25 00:00:00-04:00,132.9157415775669,134.46087685349514,131.19892751503593,134.1690216064453,6932600,0.0,0.0
2022-04-26 00:00:00-04:00,134.28921902611873,137.07904231315396,133.75701077511016,134.06602478027344,6787800,0.0,0.0
2022-04-27 00:00:00-04:00,134.39221458567383,136.9159335761522,132.6754003715528,135.3021240234375,6039100,0.0,0.0
2022-04-28 00:00:00-04:00,135.93733402829147,136.00600816057892,132.48653419579287,134.17759704589844,7465000,0.0,0.0
2022-04-29 00:00:00-04:00,128.3833802607648,128.64090504347365,120.11691463516344,126.08285522460938,25155900,0.0,0.0
2022-05-02 00:00:00-04:00,125.88535221231875,127.81676751587239,123.12987371426796,126.93260955810547,9690800,0.0,0.0
2022-05-03 00:00:00-04:00,127.08716060502512,129.39627756045937,127.00131466461991,128.41769409179688,6163400,0.0,0.0
2022-05-04 00:00:00-04:00,127.19872956355654,130.79545661011,126.69227263052753,130.1259002685547,5791500,0.0,0.0
2022-05-05 00:00:00-04:00,131.1388553939459,131.61098191521023,128.79539459701178,130.63238525390625,6869300,0.0,0.0
2022-05-06 00:00:00-04:00,128.48636327824943,131.78265636447637,127.91123211614858,131.1903533935547,6145600,0.0,0.0
2022-05-09 00:00:00-04:00,130.15169811056748,131.79983839618268,127.84258060004392,129.5851593017578,6969000,0.0,0.0
2022-05-10 00:00:00-04:00,129.8512430084803,132.6496453814386,129.19884524304337,130.5551300048828,6525200,0.0,0.0
2022-05-11 00:00:00-04:00,129.6366225846925,132.8470562277044,129.56794845619885,130.4435272216797,5630000,0.0,0.0
2022-05-12 00:00:00-04:00,131.66246314011366,132.4951189355302,128.8897992407057,132.443603515625,6914800,0.0,0.0
2022-05-13 00:00:00-04:00,131.6968287830802,132.52948480059396,130.39204619405032,131.7655029296875,6398500,0.0,0.0
2022-05-16 00:00:00-04:00,132.13458879795246,134.67547938839004,131.5680501087197,133.45654296875,6565600,0.0,0.0
2022-05-17 00:00:00-04:00,133.37930734251225,133.73124431982518,131.20753829787537,132.8642578125,6032200,0.0,0.0
2022-05-18 00:00:00-04:00,132.87282609517595,133.65397968123443,130.2632743362832,130.84698486328125,6498100,0.0,0.0
2022-05-19 00:00:00-04:00,129.79115818477268,130.82124414293486,128.1430180320625,130.23753356933594,5994800,0.0,0.0
2022-05-20 00:00:00-04:00,130.76114002744626,131.78264645430434,126.8811367156139,129.62803649902344,6746400,0.0,0.0
2022-05-23 00:00:00-04:00,130.17743696583128,130.47788470280358,126.34894847338934,127.07000732421875,6886400,0.0,0.0
2022-05-24 00:00:00-04:00,126.21158215255191,129.91990673819447,125.85105277865637,127.9970703125,6367200,0.0,0.0
2022-05-25 00:00:00-04:00,129.0700708483078,131.3276853413782,128.58077259463445,130.4435272216797,5042600,0.0,0.0
2022-05-26 00:00:00-04:00,130.16026029525986,131.3963684965628,129.09583087785975,129.25035095214844,6659300,0.0,0.0
2022-05-27 00:00:00-04:00,128.34901567922904,128.80397033205256,126.82963165283202,128.76104736328125,8405000,0.0,0.0
2022-05-31 00:00:00-04:00,127.59364454691237,127.79966698844781,125.90258133012334,126.50346374511719,11227800,0.0,0.0
2022-06-01 00:00:00-04:00,126.86395241533751,126.94979834628012,123.88529246573009,125.3445816040039,5597900,0.0,0.0
2022-06-02 00:00:00-04:00,125.88539886074315,126.2459413774686,122.66637216196943,125.97124481201172,5998900,0.0,0.0
2022-06-03 00:00:00-04:00,125.97125765414856,127.22453793986816,125.97125765414856,126.331787109375,4891800,0.0,0.0
2022-06-06 00:00:00-04:00,126.1858085346335,126.88970844763257,125.03554648476835,125.78235626220703,3912400,0.0,0.0
2022-06-07 00:00:00-04:00,126.11714741441718,128.20308311222462,125.21581749803742,128.02281188964844,4991200,0.0,0.0
2022-06-08 00:00:00-04:00,127.81680083697914,128.63229798967365,127.25884150979506,128.11724853515625,4835200,0.0,0.0
2022-06-09 00:00:00-04:00,128.52066132968,129.2073893582626,124.72650501711462,124.83808898925781,5642900,0.0,0.0
2022-06-10 00:00:00-04:00,123.9024650007665,124.15141036933218,122.02255154827668,122.92388153076172,5464700,0.0,0.0
2022-06-13 00:00:00-04:00,120.91519277186966,121.95387085243581,119.12970490250969,119.67908477783203,5997000,0.0,0.0
2022-06-14 00:00:00-04:00,119.69627926151045,120.74353689386763,117.01805349915541,118.13397216796875,5861800,0.0,0.0
2022-06-15 00:00:00-04:00,117.23265294126594,119.39582919968304,116.94078459996223,118.53742218017578,5981800,0.0,0.0
2022-06-16 00:00:00-04:00,117.20689139285533,119.56751075113303,116.53733495000398,119.44733428955078,6963400,0.0,0.0
2022-06-17 00:00:00-04:00,118.1168204735491,119.77353986518213,117.76487042411058,118.70053100585938,10429900,0.0,0.0
2022-06-21 00:00:00-04:00,120.13406600342118,123.58486606867922,119.9194642373921,123.1556625366211,7160500,0.0,0.0
2022-06-22 00:00:00-04:00,123.37023240527172,128.8468722497888,123.2758071287025,126.66651153564453,7995700,0.0,0.0
2022-06-23 00:00:00-04:00,127.66226135188192,129.44774908176996,126.64933450879474,128.2888946533203,7795000,0.0,0.0
2022-06-24 00:00:00-04:00,129.52501175802328,131.11306970274825,128.43483136841076,130.7696990966797,8527600,0.0,0.0
2022-06-27 00:00:00-04:00,131.33627495632552,133.4393695500281,131.12167319986094,131.45645141601562,5377300,0.0,0.0
2022-06-28 00:00:00-04:00,131.48219372749438,133.15608469558074,129.95423037218984,130.8984832763672,5735700,0.0,0.0
2022-06-29 00:00:00-04:00,132.1088427003418,134.44371097624506,131.6367292909203,132.3148651123047,6140900,0.0,0.0
2022-06-30 00:00:00-04:00,131.48219690822887,132.22900679707587,129.5078582142557,131.47361755371094,7289500,0.0,0.0
2022-07-01 00:00:00-04:00,131.40495611439025,132.0745125824905,130.01434084960545,132.02301025390625,4620000,0.0,0.0
2022-07-05 00:00:00-04:00,130.39203242422556,132.2376155364793,128.46920891529498,132.1345977783203,5478800,0.0,0.0
2022-07-06 00:00:00-04:00,132.7183036411327,133.0445024848241,130.2117568324673,130.9328155517578,5113600,0.0,0.0
2022-07-07 00:00:00-04:00,128.9327243307443,130.97573711167817,128.76962491065282,130.4778594970703,6516100,0.0,0.0
2022-07-08 00:00:00-04:00,130.47788349173788,133.26770665850202,130.29761223157706,131.20753479003906,4078400,0.0,0.0
2022-07-11 00:00:00-04:00,130.71820743502315,132.6238718847219,130.71820743502315,131.53369140625,4491000,0.0,0.0
2022-07-12 00:00:00-04:00,131.33629104552526,132.68399652838278,130.5293862466492,130.8727569580078,5319500,0.0,0.0
2022-07-13 00:00:00-04:00,130.47784211129098,132.04872822955235,129.87695993174407,130.60659790039062,5221200,0.0,0.0
2022-07-14 00:00:00-04:00,129.00374607688983,130.84058745578042,128.65717672189012,130.3467254638672,7576900,1.41,0.0
2022-07-15 00:00:00-04:00,131.55970345140767,133.3185683345226,131.20446134457129,133.10195922851562,4873000,0.0,0.0
2022-07-18 00:00:00-04:00,133.2579333782125,133.83844423379938,129.00372708491378,129.59291076660156,6838400,0.0,0.0
2022-07-19 00:00:00-04:00,129.96547258375597,130.16474927323503,128.92575144724023,129.74020385742188,5647100,0.0,0.0
2022-07-20 00:00:00-04:00,129.55822900135684,130.355348873129,127.660731240817,127.9639892578125,5315700,0.0,0.0
2022-07-21 00:00:00-04:00,127.57409815503955,128.09395205385528,126.51704470711317,128.01597595214844,4066800,0.0,0.0
2022-07-22 00:00:00-04:00,128.6398162841797,129.35028727349797,127.86868839951552,128.6398162841797,3639700,0.0,0.0
2022-07-25 00:00:00-04:00,128.7004469814811,130.77990211144288,128.67445494917388,130.15606689453125,4347000,0.0,0.0
2022-07-26 00:00:00-04:00,130.96185467085624,133.04996953753331,130.25138370796884,130.71925354003906,4900600,0.0,0.0
2022-07-27 00:00:00-04:00,129.53225338656293,131.2651263415671,129.03837824841645,130.9618682861328,4145800,0.0,0.0
2022-07-28 00:00:00-04:00,131.21311984408976,132.05356414129767,127.03689039027154,129.74884033203125,6572300,0.0,0.0
2022-07-29 00:00:00-04:00,126.01452204398743,126.75965793543277,120.477993541299,124.34229278564453,17754700,0.0,0.0
2022-08-01 00:00:00-04:00,122.60944242772226,123.76180472906903,120.5646514574964,121.49174499511719,8523900,0.0,0.0
2022-08-02 00:00:00-04:00,122.32347117326641,123.76175861230794,121.38773159830104,121.63899230957031,5197100,0.0,0.0
2022-08-03 00:00:00-04:00,122.79137095438277,123.91774094870439,121.86427763558271,122.3408203125,5474200,0.0,0.0
2022-08-04 00:00:00-04:00,123.11192733735574,123.53648587225685,120.16604928598291,120.36532592773438,7071700,0.0,0.0
2022-08-05 00:00:00-04:00,120.47798398054505,121.22311981285874,119.52489865289836,119.60287475585938,5371100,0.0,0.0
2022-08-08 00:00:00-04:00,119.60286638413922,121.99423914038614,119.3689380916302,121.59567260742188,4854600,0.0,0.0
2022-08-09 00:00:00-04:00,121.89027679187649,123.24192879649307,121.19713818943276,121.51771545410156,3819700,0.0,0.0
2022-08-10 00:00:00-04:00,122.08956277385305,122.21952295243935,120.43466598907568,122.11555480957031,4075300,0.0,0.0
2022-08-11 00:00:00-04:00,121.5003816260982,123.7877733618733,121.00651971649569,123.1032943725586,5972800,0.0,0.0
2022-08-12 00:00:00-04:00,122.93865736121475,123.97837837248436,121.53503465703928,123.5538330078125,5208700,0.0,0.0
2022-08-15 00:00:00-04:00,123.99573210195753,124.1430247252855,121.66501572535446,123.28524780273438,4513200,0.0,0.0
2022-08-16 00:00:00-04:00,123.12928677450195,124.7495187360964,123.10329473817048,123.5105209350586,3852300,0.0,0.0
2022-08-17 00:00:00-04:00,122.53143465994908,123.69245626825561,121.77763921916011,122.54876708984375,3605200,0.0,0.0
2022-08-18 00:00:00-04:00,122.59209058063915,122.67006668339043,121.1451433840279,122.41879272460938,3525200,0.0,0.0
2022-08-19 00:00:00-04:00,122.84335006486243,124.21232114475016,122.56609729543091,122.90400695800781,4530700,0.0,0.0
2022-08-22 00:00:00-04:00,123.00796807023326,123.60581125929498,121.2664357888194,121.59567260742188,4023500,0.0,0.0
2022-08-23 00:00:00-04:00,120.99784180879556,122.037576098384,119.9581207399778,120.45199584960938,3768100,0.0,0.0
2022-08-24 00:00:00-04:00,120.47798662192812,120.83322872645486,119.30829216878715,119.49024963378906,5018900,0.0,0.0
2022-08-25 00:00:00-04:00,120.2353788026656,120.91985771803154,119.2822935070727,120.7205810546875,3301200,0.0,0.0
2022-08-26 00:00:00-04:00,120.33934575210954,121.1711304765108,118.05195428596816,118.13860321044922,3838800,0.0,0.0
2022-08-29 00:00:00-04:00,118.00864422367896,118.45919488857328,116.76097359521546,117.58409881591797,3835800,0.0,0.0
2022-08-30 00:00:00-04:00,117.09023057174373,118.25992515993251,116.87362144213634,117.44547271728516,4337100,0.0,0.0
2022-08-31 00:00:00-04:00,117.56677370535714,117.87001855538715,116.24978649099874,116.50106048583984,5789600,0.0,0.0
2022-09-01 00:00:00-04:00,116.65700153840724,120.07942282596424,116.18913167880616,119.95812225341797,4521000,0.0,0.0
2022-09-02 00:00:00-04:00,120.14008011409716,120.78123461931484,117.67073096828,118.07795715332031,3601600,0.0,0.0
2022-09-06 00:00:00-04:00,118.96172904992248,120.73792644376228,118.04330851418896,119.2129898071289,4810600,0.0,0.0
2022-09-07 00:00:00-04:00,119.17832601782136,120.46930775519651,117.26349581205444,120.18339538574219,4141700,0.0,0.0
2022-09-08 00:00:00-04:00,120.98921000477166,121.79500294227988,120.13143298499331,121.75167846679688,3988300,0.0,0.0
2022-09-09 00:00:00-04:00,121.64764155973656,123.18123739061872,121.38772126701728,122.53141021728516,4427000,0.0,0.0
2022-09-12 00:00:00-04:00,122.17619416142249,123.78776642270401,121.5783641403154,123.2419204711914,4938400,0.0,0.0
2022-09-13 00:00:00-04:00,121.77767152237107,122.97334508686555,119.12637753831855,120.0274658203125,6195900,0.0,0.0
2022-09-14 00:00:00-04:00,120.58197424240502,121.68235237335625,119.80218662817758,120.91122436523438,4673600,0.0,0.0
2022-09-15 00:00:00-04:00,121.29244264476841,124.68019909552872,120.77257548967545,123.4758529663086,6416900,0.0,0.0
2022-09-16 00:00:00-04:00,124.24697357520765,125.50331692275891,122.47944914909986,124.8188247680664,13887500,0.0,0.0
2022-09-19 00:00:00-04:00,124.45494671572021,124.64556381622387,122.54011610457816,123.60584259033203,5042500,0.0,0.0
2022-09-20 00:00:00-04:00,122.87804126972925,123.45855218781215,121.62169766082035,122.834716796875,4532900,0.0,0.0
2022-09-21 00:00:00-04:00,123.16391893333203,124.44625421977108,121.55234683185088,121.5696792602539,5076100,0.0,0.0
2022-09-22 00:00:00-04:00,121.4830464145243,125.16540090092961,121.3010889639398,123.9090576171875,6161000,0.0,0.0
2022-09-23 00:00:00-04:00,123.0946138273196,124.26429492209705,122.12419616274668,123.95237731933594,5751600,0.0,0.0
2022-09-26 00:00:00-04:00,123.1032980790892,123.72713340951746,121.39641713621903,122.34950256347656,5697800,0.0,0.0
2022-09-27 00:00:00-04:00,123.54516200781975,126.10114672100757,122.41879205365068,122.79136657714844,5598000,0.0,0.0
2022-09-28 00:00:00-04:00,124.95745496419633,125.91054026427233,123.57115147695303,125.28670501708984,5226700,0.0,0.0
2022-09-29 00:00:00-04:00,125.50332793717527,125.84989723678216,122.88668609659798,123.6578140258789,5509400,0.0,0.0
2022-09-30 00:00:00-04:00,123.20727386848759,123.3112552438556,116.18047297033512,116.28445434570312,15359000,0.0,0.0
2022-10-03 00:00:00-04:00,117.73138256519697,120.2613752732062,117.23750746995806,119.84548950195312,7437500,0.0,0.0
2022-10-04 00:00:00-04:00,120.61662209616769,123.65780922764193,119.3602786871066,123.02531433105469,6612300,0.0,0.0
2022-10-05 00:00:00-04:00,122.57476797548323,125.17407737502704,122.26285031870711,124.18634033203125,4777900,0.0,0.0
2022-10-06 00:00:00-04:00,123.71845160231013,123.89174946433805,121.21445085694663,121.55236053466797,5124800,0.0,0.0
2022-10-07 00:00:00-04:00,120.44333184000922,121.34443319417343,119.17834196693282,120.22672271728516,4648800,0.0,0.0
2022-10-10 00:00:00-04:00,120.4606424691741,120.94584470093459,118.58913681458145,119.83680725097656,3830800,0.0,0.0
2022-10-11 00:00:00-04:00,119.58556594093204,124.48958633998969,119.58556594093204,122.60942077636719,5675100,0.0,0.0
2022-10-12 00:00:00-04:00,122.7220630660279,123.95240128682633,121.24045086123515,121.28377532958984,4528000,0.0,0.0
2022-10-13 00:00:00-04:00,119.64703024605272,125.31866347294087,119.2706780307395,125.09110260009766,5066200,1.41,0.0
2022-10-14 00:00:00-04:00,124.81102937401656,126.45649522355168,124.46968138527997,125.10861206054688,5290500,0.0,0.0
2022-10-17 00:00:00-04:00,124.85482522520353,126.85040083882299,124.37344679754696,126.39527893066406,4016200,0.0,0.0
2022-10-18 00:00:00-04:00,127.11296943543967,127.6731307330252,125.62504224078731,126.56156921386719,3540400,0.0,0.0
2022-10-19 00:00:00-04:00,126.73662653536601,127.3055355959519,124.55724193863128,125.27495574951172,3333300,0.0,0.0
2022-10-20 00:00:00-04:00,125.30117123878408,126.07138448094327,124.66222719530678,125.099853515625,3880100,0.0,0.0
2022-10-21 00:00:00-04:00,125.45873438671597,129.3273501983162,124.66225112557234,128.7146759033203,5419400,0.0,0.0
2022-10-24 00:00:00-04:00,130.15884983673163,132.62705578934967,130.15008876133612,132.06689453125,5139700,0.0,0.0
2022-10-25 00:00:00-04:00,129.56366122002376,131.81306715823843,128.91596938858484,131.13037109375,5229400,0.0,0.0
2022-10-26 00:00:00-04:00,132.17192302124948,133.81740259008302,131.9005967849627,133.48480224609375,4727900,0.0,0.0
2022-10-27 00:00:00-04:00,134.57884873316627,134.7801664675698,133.0909218320362,134.35128784179688,6850400,0.0,0.0
2022-10-28 00:00:00-04:00,127.72559843179073,130.39512138496502,124.58344497712865,129.19602966308594,10812200,0.0,0.0
2022-10-31 00:00:00-04:00,127.06046655871113,128.46962431369718,126.10644406793111,128.13702392578125,8604800,0.0,0.0
2022-11-01 00:00:00-04:00,128.36459131976494,129.2748484438361,126.51780719819733,128.58340454101562,6351200,0.0,0.0
2022-11-02 00:00:00-04:00,128.68837216068022,129.60738994355654,126.45647564663571,126.49149322509766,5345000,0.0,0.0
2022-11-03 00:00:00-04:00,126.03638717260087,127.27924438791737,125.18739099613953,126.40399169921875,3850700,0.0,0.0
2022-11-04 00:00:00-04:00,127.21795896235129,127.41926330221311,125.23113200499547,127.15668487548828,4623700,0.0,0.0
2022-11-07 00:00:00-05:00,127.15670480539595,130.2375978942444,126.64905666223999,129.6249237060547,4304000,0.0,0.0
2022-11-08 00:00:00-05:00,130.26387550748657,132.71458601254184,129.5024098470475,130.0012969970703,4637500,0.0,0.0
2022-11-09 00:00:00-05:00,130.05379968159832,131.78680969929638,128.69715528179108,129.20480346679688,4573700,0.0,0.0
2022-11-10 00:00:00-05:00,131.8655710713133,131.8655710713133,129.31858258467904,131.04283142089844,5607700,0.0,0.0
2022-11-11 00:00:00-05:00,130.88529744087026,131.7430547980974,127.56809521520724,131.42796325683594,6786400,0.0,0.0
2022-11-14 00:00:00-05:00,132.14565143864527,135.26154897350358,132.14565143864527,132.81085205078125,7077100,0.0,0.0
2022-11-15 00:00:00-05:00,134.25501322551943,134.28126973850775,131.2529028279525,133.94866943359375,5909500,0.0,0.0
2022-11-16 00:00:00-05:00,134.2987747140687,137.14334595283285,132.36446039537879,132.92462158203125,7358700,0.0,0.0
2022-11-17 00:00:00-05:00,132.13689870778398,133.97493468541052,131.26164602420872,133.17845153808594,5069500,0.0,0.0
2022-11-18 00:00:00-05:00,134.5000733847941,136.2243221770756,134.5000733847941,135.6466522216797,5691100,0.0,0.0
2022-11-21 00:00:00-05:00,136.01426777825853,138.84134368865912,135.1652715687359,137.51095581054688,6492100,0.0,0.0
2022-11-22 00:00:00-05:00,138.0186056906873,139.93541131401403,137.90481856163055,139.85662841796875,5351100,0.0,0.0
2022-11-23 00:00:00-05:00,139.99668546136664,140.8631905584337,139.00765885938296,139.5065460205078,3221100,0.0,0.0
2022-11-25 00:00:00-05:00,139.6815834516906,140.69687984902956,139.37525300174502,139.7078399658203,1661900,0.0,0.0
2022-11-28 00:00:00-05:00,140.04044354604142,140.67937433023695,138.14114663308393,138.66629028320312,3902800,0.0,0.0
2022-11-29 00:00:00-05:00,138.56127468430853,139.54155358943746,137.59850457542788,138.46499633789062,3689000,0.0,0.0
2022-11-30 00:00:00-05:00,138.98140352822514,141.07325744628906,136.94207600314692,141.07325744628906,12342500,0.0,0.0
2022-12-01 00:00:00-05:00,140.91570376029117,142.84125728968272,140.02294214605305,141.4671173095703,5827800,0.0,0.0
2022-12-02 00:00:00-05:00,140.67062078632915,143.3313832272113,140.48681183545423,143.24386596679688,4304900,0.0,0.0
2022-12-05 00:00:00-05:00,142.56990416211463,144.58298793576785,142.56990416211463,143.48892211914062,4859400,0.0,0.0
2022-12-06 00:00:00-05:00,143.56769765698465,143.88278915956295,141.39707472549878,143.29637145996094,5480400,0.0,0.0
2022-12-07 00:00:00-05:00,143.27015540096508,144.88061759984714,142.89378969328183,144.76683044433594,4637800,0.0,0.0
2022-12-08 00:00:00-05:00,144.76677866802467,145.4932399485828,143.78650000283545,145.28318786621094,4274400,0.0,0.0
2022-12-09 00:00:00-05:00,145.9571053574462,146.82361015973723,142.4998605761594,142.7186737060547,4644800,0.0,0.0
2022-12-12 00:00:00-05:00,142.85000874589122,144.84558396900962,142.4473866002142,144.69679260253906,4109400,0.0,0.0
2022-12-13 00:00:00-05:00,146.12342858526455,146.6048202182343,144.12785359340418,144.23287963867188,5050400,0.0,0.0
2022-12-14 00:00:00-05:00,144.06659804416716,145.27443767416253,142.51739704415795,144.29415893554688,4485400,0.0,0.0
2022-12-15 00:00:00-05:00,143.44518224567926,144.07536533620038,141.74718966040282,142.7537384033203,5268300,0.0,0.0
2022-12-16 00:00:00-05:00,141.8347092431497,142.94628396286458,140.46055603027344,140.46055603027344,18905500,0.0,0.0
2022-12-19 00:00:00-05:00,140.72315382618518,141.9922678027009,140.09297069827554,141.34458923339844,4033400,0.0,0.0
2022-12-20 00:00:00-05:00,141.44958965868065,141.6596551149994,140.101706374367,140.54808044433594,4221000,0.0,0.0
2022-12-21 00:00:00-05:00,141.3095309157252,142.42985318574125,140.35550877810596,141.9747314453125,3707200,0.0,0.0
2022-12-22 00:00:00-05:00,141.67713467959965,143.00752237663463,141.37955199962843,142.90249633789062,3606000,0.0,0.0
2022-12-23 00:00:00-05:00,143.00755584144505,143.38392149384143,142.07979000131618,142.7537384033203,2685100,0.0,0.0
2022-12-27 00:00:00-05:00,143.09506652881223,143.37514044374808,141.59837855851444,142.65744018554688,2669200,0.0,0.0
2022-12-28 00:00:00-05:00,143.2788865308284,144.14539164606552,141.8872377273584,141.9922637939453,2944500,0.0,0.0
2022-12-29 00:00:00-05:00,142.6311606670598,143.43639140614928,141.95721246765564,142.2810516357422,3112500,0.0,0.0
2022-12-30 00:00:00-05:00,141.9922679789396,142.53493383466238,139.88291873279212,141.44961547851562,3680400,0.0,0.0
2023-01-03 00:00:00-05:00,141.82598477406546,142.6837422968022,140.7494273650678,142.1235809326172,4937500,0.0,0.0
2023-01-04 00:00:00-05:00,142.14104280402543,143.78652226561925,141.362068382264,143.27012634277344,4440400,0.0,0.0
2023-01-05 00:00:00-05:00,142.7449836214351,143.9703456204956,142.08854398614153,143.0950927734375,3516000,0.0,0.0
2023-01-06 00:00:00-05:00,144.27665789139544,147.13873807947175,143.64647485263924,145.77334594726562,5099100,0.0,0.0
2023-01-09 00:00:00-05:00,145.20445684834587,145.53705723796938,140.81069672217185,141.49339294433594,7833000,0.0,0.0
2023-01-10 00:00:00-05:00,141.99227411843987,142.15857430616003,138.55253663462594,139.72537231445312,5936200,0.0,0.0
2023-01-11 00:00:00-05:00,139.35773195821486,139.4627580055023,135.71667762556328,137.56346130371094,7492000,0.0,0.0
2023-01-12 00:00:00-05:00,136.95381414590577,137.18353827086167,134.05569580255982,134.4974822998047,7665100,1.48,0.0
2023-01-13 00:00:00-05:00,134.38260833471236,135.9023549054432,133.71992861429786,135.71681213378906,6019300,0.0,0.0
2023-01-17 00:00:00-05:00,135.89353542806566,137.04218306958225,134.8155752471929,135.03646850585938,8507000,0.0,0.0
2023-01-18 00:00:00-05:00,134.4091022375396,134.67417679808128,131.71421573841383,131.82907104492188,6190800,0.0,0.0
2023-01-19 00:00:00-05:00,131.60819757609568,133.0130754308773,130.17681360950715,131.39614868164062,7169900,0.0,0.0
2023-01-20 00:00:00-05:00,132.0322853856359,132.27969818895954,130.01774035276435,132.1736602783203,7059000,0.0,0.0
2023-01-23 00:00:00-05:00,132.41225451045287,132.91588412562186,130.81298948699296,131.25477600097656,7616400,0.0,0.0
2023-01-24 00:00:00-05:00,130.83948120938237,131.53749789251586,129.39042214217548,130.49488830566406,5171400,0.0,0.0
2023-01-25 00:00:00-05:00,130.22099725794425,130.75113298570497,129.44344867852314,130.583251953125,5744300,0.0,0.0
2023-01-26 00:00:00-05:00,130.6981091700525,131.38729499259838,129.98241723758204,130.2386474609375,4577800,0.0,0.0
2023-01-27 00:00:00-05:00,130.1591330425128,130.48605072957562,129.01048547633442,129.24905395507812,4591500,0.0,0.0
2023-01-30 00:00:00-05:00,128.88675464017464,129.99122059405903,128.34777471538902,128.69236755371094,4573400,0.0,0.0
2023-01-31 00:00:00-05:00,128.6747270856185,130.63626002269135,127.59676705777657,130.5478973388672,5628700,0.0,0.0
2023-02-01 00:00:00-05:00,129.5583359500371,130.27402804797347,128.33900068258617,129.53182983398438,5439900,0.0,0.0
2023-02-02 00:00:00-05:00,128.9397833993755,128.9397833993755,126.73969556547708,127.97669219970703,6160800,0.0,0.0
2023-02-03 00:00:00-05:00,128.93097345765366,129.7085220295577,127.85301329469736,128.2947998046875,6553000,0.0,0.0
2023-02-06 00:00:00-05:00,128.7719157364772,129.29322049731203,127.95018595144326,128.1357421875,4297000,0.0,0.0
2023-02-07 00:00:00-05:00,127.74700722506049,128.52455590882727,126.9341215476026,128.24180603027344,5401900,0.0,0.0
2023-02-08 00:00:00-05:00,128.4803443241743,129.31090504417867,127.64978360416993,127.77348327636719,5753800,0.0,0.0
2023-02-09 00:00:00-05:00,131.21058668557237,135.80516345555247,130.68043750808275,131.38729858398438,12216900,0.0,0.0
2023-02-10 00:00:00-05:00,132.2620570227676,135.34571845545742,131.4491714038398,134.3472900390625,8956700,0.0,0.0
2023-02-13 00:00:00-05:00,134.32076285340517,135.87584638275638,133.64923878666573,135.8316650390625,5602600,0.0,0.0
2023-02-14 00:00:00-05:00,135.99955557224027,136.07024303064617,134.09103464204347,134.82440185546875,4662800,0.0,0.0
2023-02-15 00:00:00-05:00,134.8509213081209,135.61963906792676,133.26933140186375,133.47254943847656,5648100,0.0,0.0
2023-02-16 00:00:00-05:00,131.7495674705051,132.97773337232815,131.413805424081,132.12066650390625,3757500,0.0,0.0
2023-02-17 00:00:00-05:00,131.78489960951293,133.76410786376377,131.3077761504787,133.69342041015625,4562400,0.0,0.0
2023-02-21 00:00:00-05:00,132.376902811701,135.2043334905588,132.376902811701,134.30308532714844,8466100,0.0,0.0
2023-02-22 00:00:00-05:00,133.41954095218207,134.43564464600166,132.74803023543882,133.12796020507812,6041700,0.0,0.0
2023-02-23 00:00:00-05:00,133.33116738751482,135.69031928717874,131.8025897913724,134.36495971679688,5993300,0.0,0.0
2023-02-24 00:00:00-05:00,133.684624283795,135.16902074864183,133.34003128429435,134.9304656982422,5621100,0.0,0.0
2023-02-27 00:00:00-05:00,135.41637881335262,136.73290729781164,135.2750173948071,136.317626953125,6828800,0.0,0.0
2023-02-28 00:00:00-05:00,136.0348982610556,136.39715292656456,134.85090025330194,135.98187255859375,7561700,0.0,0.0
2023-03-01 00:00:00-05:00,134.97462097685303,137.46630357324997,134.63002800950616,137.19239807128906,5485800,0.0,0.0
2023-03-02 00:00:00-05:00,137.1569888015566,137.6341256178108,136.25575433929805,136.4059600830078,4567800,0.0,0.0
2023-03-03 00:00:00-05:00,136.3618035590589,137.9875744150166,136.07905376728255,137.890380859375,4851200,0.0,0.0
2023-03-06 00:00:00-05:00,137.65181972965678,138.2438254523963,136.54735357600563,137.20120239257812,4051900,0.0,0.0
2023-03-07 00:00:00-05:00,137.45744711256413,137.54579631616156,134.34726662572118,135.1248016357422,4606900,0.0,0.0
2023-03-08 00:00:00-05:00,135.0010809994529,135.8404859379145,131.24589663228565,132.1824951171875,5860100,0.0,0.0
2023-03-09 00:00:00-05:00,132.5977926527248,133.33999065901952,129.50528747757753,130.19447326660156,5350200,0.0,0.0
2023-03-10 00:00:00-05:00,130.62741832052117,133.1014252131131,130.30050065178057,132.2797088623047,6825500,0.0,0.0
2023-03-13 00:00:00-04:00,131.6523735476158,135.4694152790016,131.6523735476158,134.2589111328125,7653800,0.0,0.0
2023-03-14 00:00:00-04:00,134.25890173642338,136.06139803306644,133.82595963671957,135.9376983642578,6644100,0.0,0.0
2023-03-15 00:00:00-04:00,134.4621087219788,136.4059797615954,134.06450363923963,136.12322998046875,6304600,0.0,0.0
2023-03-16 00:00:00-04:00,135.36337866685963,137.76669826572848,134.75371114977287,137.21888732910156,6331200,0.0,0.0
2023-03-17 00:00:00-04:00,137.64298952928,137.8992332282457,134.19706050588474,136.26461791992188,42756400,0.0,0.0
2023-03-20 00:00:00-04:00,136.52971161788497,138.13780755995995,136.47669939198482,137.94342041015625,4408200,0.0,0.0
2023-03-21 00:00:00-04:00,138.40289241101704,138.76516062447564,137.04219574397905,138.51776123046875,4675700,0.0,0.0
2023-03-22 00:00:00-04:00,137.55463281310384,138.61493115762647,135.72564378508395,135.77865600585938,4376900,0.0,0.0
2023-03-23 00:00:00-04:00,136.15860244307208,138.27917221513104,136.0879149863696,137.21888732910156,4584000,0.0,0.0
2023-03-24 00:00:00-04:00,137.20122778982716,140.0286589701078,136.59156020299602,139.62222290039062,4678700,0.0,0.0
2023-03-27 00:00:00-04:00,140.33792174526428,140.61182725818765,139.0567434042243,139.19810485839844,3887800,0.0,0.0
2023-03-28 00:00:00-04:00,139.4278342648752,140.1346954230166,139.1185782949836,139.825439453125,3532500,0.0,0.0
2023-03-29 00:00:00-04:00,140.4704203999902,141.1065939870999,138.15546364160667,139.60452270507812,3959900,0.0,0.0
2023-03-30 00:00:00-04:00,139.61337759443242,140.07283937131808,139.09207271268525,139.5338592529297,3635800,0.0,0.0
2023-03-31 00:00:00-04:00,139.9844569642957,140.99174307721907,139.3659585914726,140.8150177001953,4957300,0.0,0.0
2023-04-03 00:00:00-04:00,139.8254157002307,141.78694867678576,139.4189662216122,141.74276733398438,4389400,0.0,0.0
2023-04-04 00:00:00-04:00,141.8223117090598,142.9002719565796,140.9564138565826,141.17730712890625,4224400,0.0,0.0
2023-04-05 00:00:00-04:00,141.37166072842308,142.84722581940574,140.49691872405518,142.07852172851562,5743000,0.0,0.0
2023-04-06 00:00:00-04:00,142.0785464214523,143.30671239819293,141.91949626471913,142.74122619628906,5498300,0.0,0.0
2023-04-10 00:00:00-04:00,142.8825678382374,143.19181023844885,141.55720859725622,142.50262451171875,3309500,0.0,0.0
2023-04-11 00:00:00-04:00,142.68822751770693,143.66014985705186,142.42315288615623,142.59103393554688,2875800,0.0,0.0
2023-04-12 00:00:00-04:00,143.24486204768928,144.44652196430698,142.7854137576995,143.45692443847656,4005000,0.0,0.0
2023-04-13 00:00:00-04:00,143.56389980090137,145.2224646534115,143.16263696370788,145.0708770751953,3868500,1.48,0.0
2023-04-14 00:00:00-04:00,145.02631605254098,145.3473291027862,143.50150066230523,144.09002685546875,3473100,0.0,0.0
2023-04-17 00:00:00-04:00,144.38429020906653,144.63396551455907,143.25182561225725,143.72442626953125,4354100,0.0,0.0
2023-04-18 00:00:00-04:00,143.56391223160392,143.76899972503287,141.2544090829511,142.30661010742188,4996200,0.0,0.0
2023-04-19 00:00:00-04:00,141.48623094957264,143.95624713881728,141.3524812090803,143.75115966796875,4826900,0.0,0.0
2023-04-20 00:00:00-04:00,143.72445161264642,144.25056587639668,143.18943883780165,144.22381591796875,3808100,0.0,0.0
2023-04-21 00:00:00-04:00,144.98171247305768,145.51673870063198,144.47344980251603,144.8212127685547,4812100,0.0,0.0
2023-04-24 00:00:00-04:00,144.9638844683298,146.56002378209968,144.74987126161687,146.3103485107422,4728900,0.0,0.0
2023-04-25 00:00:00-04:00,146.96128457479375,148.20074879957957,146.67594724279988,147.04153442382812,5506200,0.0,0.0
2023-04-26 00:00:00-04:00,145.0619706590754,145.5791590804343,143.11806822602435,144.27728271484375,5192000,0.0,0.0
2023-04-27 00:00:00-04:00,137.20608054316006,137.20608054316006,131.22277218386495,132.74757385253906,17063000,0.0,0.0
2023-04-28 00:00:00-04:00,131.9450523859844,134.9946694288903,131.4724517498965,134.75390625,7123800,0.0,0.0
2023-05-01 00:00:00-04:00,134.50420851944725,137.95510148696462,134.4863842916012,137.0634002685547,5601000,0.0,0.0
2023-05-02 00:00:00-04:00,136.9207125629236,138.2315143252602,134.82520944455425,135.19972229003906,5135600,0.0,0.0
2023-05-03 00:00:00-04:00,134.70934420551362,135.1016814131368,132.37307716077865,133.08644104003906,6815300,0.0,0.0
2023-05-04 00:00:00-04:00,132.86348198813656,132.86348198813656,130.50047919394711,131.40109252929688,5694300,0.0,0.0
2023-05-05 00:00:00-04:00,132.45331320756156,133.202352686099,131.20493675380396,131.99855041503906,4447700,0.0,0.0
2023-05-08 00:00:00-04:00,132.10554194754087,132.1501297337281,130.84825345726577,131.48135375976562,3689500,0.0,0.0
2023-05-09 00:00:00-04:00,131.44567035766295,132.38195929048368,130.42913158650097,130.92848205566406,4201600,0.0,0.0
2023-05-10 00:00:00-04:00,130.65205702772988,131.06223193947352,129.43041719322767,130.56288146972656,4127300,0.0,0.0
2023-05-11 00:00:00-04:00,131.33868099851577,131.58836988506377,129.46611639652315,130.71449279785156,4300400,0.0,0.0
2023-05-12 00:00:00-04:00,130.8928236679032,131.61511312715643,130.2508112701474,131.21383666992188,3526500,0.0,0.0
2023-05-15 00:00:00-04:00,131.67753185299733,132.77432066318462,129.8852171040296,130.71449279785156,4391800,0.0,0.0
2023-05-16 00:00:00-04:00,130.06352128450212,131.0265600926256,127.71834306824924,127.77184295654297,4685400,0.0,0.0
2023-05-17 00:00:00-04:00,127.53112298733633,127.97697363471984,125.30186975041882,127.82538604736328,5482000,0.0,0.0
2023-05-18 00:00:00-04:00,127.16551833407996,128.0126318171595,126.60374218140504,127.90563201904297,4791200,0.0,0.0
2023-05-19 00:00:00-04:00,128.28013364513976,130.01003612949708,128.2266337507832,129.39476013183594,5610300,0.0,0.0
2023-05-22 00:00:00-04:00,129.7157805104292,130.77690716335425,128.20880323736966,129.20750427246094,3867300,0.0,0.0
2023-05-23 00:00:00-04:00,128.8062429968452,129.13618171201506,126.92475281282107,127.08526611328125,5121900,0.0,0.0
2023-05-24 00:00:00-04:00,127.14770736416573,127.45980831632524,125.67640540406387,125.86365509033203,4143500,0.0,0.0
2023-05-25 00:00:00-04:00,124.8649299469861,125.01651753279995,123.28661486155185,123.60762786865234,6986600,0.0,0.0
2023-05-26 00:00:00-04:00,123.69681428657894,124.70444118177915,122.2522624310964,122.66243743896484,7590300,0.0,0.0
2023-05-30 00:00:00-04:00,120.81663602688494,122.02042483723513,120.60262277766768,121.66374969482422,7671500,0.0,0.0
2023-05-31 00:00:00-04:00,121.82422916119488,123.68789524817625,121.06629120808586,123.01911926269531,12579100,0.0,0.0
2023-06-01 00:00:00-04:00,120.61152160953834,120.61152160953834,116.90205427566869,118.98863220214844,11895600,0.0,0.0
2023-06-02 00:00:00-04:00,119.22937650511426,122.13631759361422,119.04211326153478,122.0471420288086,6661600,0.0,0.0
2023-06-05 00:00:00-04:00,122.16306852395913,123.33119495838764,121.52995466382315,122.0382308959961,4276200,0.0,0.0
2023-06-06 00:00:00-04:00,122.58218567332788,122.64459769256099,120.04975710482904,120.76310729980469,4359900,0.0,0.0
2023-06-07 00:00:00-04:00,120.29051171753201,122.21658997982058,119.71982337384836,121.71723937988281,4645200,0.0,0.0
2023-06-08 00:00:00-04:00,122.16307636877625,122.95668997027833,121.27137508141291,122.7337646484375,4714200,0.0,0.0
2023-06-09 00:00:00-04:00,122.66240539015361,124.1158825875366,122.23439265707792,123.21525573730469,4359500,0.0,0.0
2023-06-12 00:00:00-04:00,124.46367885590023,124.54392871369134,122.08283783078201,122.81402587890625,4888500,0.0,0.0
2023-06-13 00:00:00-04:00,122.61785866934001,123.47389802840443,122.34143340320708,123.33122253417969,4229100,0.0,0.0
2023-06-14 00:00:00-04:00,123.77706983399734,124.18725846700565,121.34272880844203,121.47647857666016,6128300,0.0,0.0
2023-06-15 00:00:00-04:00,121.94015776099026,122.02040761576389,120.7898690237204,121.17329406738281,6614900,0.0,0.0
2023-06-16 00:00:00-04:00,121.89555520353528,123.87513301912655,121.70830556508476,123.62545776367188,14616000,0.0,0.0
2023-06-20 00:00:00-04:00,122.25225345661174,123.9018926949292,121.85990270829951,122.89427947998047,4868800,0.0,0.0
2023-06-21 00:00:00-04:00,121.94014321643365,122.54649352188807,120.09431513910786,122.0382308959961,5828400,0.0,0.0
2023-06-22 00:00:00-04:00,122.2968278480309,122.96560382300653,121.17328910833338,122.52867889404297,4826900,0.0,0.0
2023-06-23 00:00:00-04:00,122.43060261664999,123.67006699486477,120.97712500823663,121.2000503540039,7395600,0.0,0.0
2023-06-26 00:00:00-04:00,121.40512180471019,121.40512180471019,119.21154431201214,120.3350830078125,6468100,0.0,0.0
2023-06-27 00:00:00-04:00,120.27266354655524,120.27266354655524,118.16824814691843,118.23958587646484,7839900,0.0,0.0
2023-06-28 00:00:00-04:00,118.23960336632277,118.74786605588663,116.7772137100081,118.15933990478516,6911900,0.0,0.0
2023-06-29 00:00:00-04:00,118.03449741724852,119.40772504679701,117.82049781201756,118.80136108398438,4947600,0.0,0.0
2023-06-30 00:00:00-04:00,119.01538479954945,121.20896258446007,118.41794650508085,120.13892364501953,8711300,0.0,0.0
2023-07-03 00:00:00-04:00,119.48796696208133,120.76309321282586,118.73001546048101,120.38858032226562,2674600,0.0,0.0
2023-07-05 00:00:00-04:00,120.5401887885869,122.94779345496401,120.05867601908162,122.7159423828125,6903300,0.0,0.0
2023-07-06 00:00:00-04:00,122.59108907307493,123.3044528236175,121.66372572176688,122.38600158691406,6091000,0.0,0.0
2023-07-07 00:00:00-04:00,122.29681732288023,122.74266793449303,120.69176600609882,120.82551574707031,6873200,0.0,0.0
2023-07-10 00:00:00-04:00,120.74529041698193,121.35164084086574,119.54148807871123,119.9249267578125,5153300,0.0,0.0
2023-07-11 00:00:00-04:00,119.48797710585234,121.0573665337571,119.20262615189745,120.88795471191406,5144800,0.0,0.0
2023-07-12 00:00:00-04:00,121.110878737353,121.80640467227072,120.19241386813376,120.3618392944336,4944100,0.0,0.0
2023-07-13 00:00:00-04:00,119.84793490432583,120.90280363862497,119.64057377816067,120.44298553466797,4631800,1.48,0.0
2023-07-14 00:00:00-04:00,121.47078688000454,123.17478539810438,120.92081837643141,122.62481689453125,5544100,0.0,0.0
2023-07-17 00:00:00-04:00,122.45351175647065,122.82315184672743,121.31750371400372,121.5609359741211,4033000,0.0,0.0
2023-07-18 00:00:00-04:00,121.53390189706417,124.32881268842475,121.45276238777133,123.13872528076172,5392800,0.0,0.0
2023-07-19 00:00:00-04:00,123.73378361987186,124.4730776794232,123.47231573070695,124.1304702758789,4784200,0.0,0.0
2023-07-20 00:00:00-04:00,125.17628868061793,128.67444932671265,124.9148346021256,128.1966094970703,7009800,0.0,0.0
2023-07-21 00:00:00-04:00,128.20564947579678,129.99078761683938,127.97124184341706,129.59410095214844,5654300,0.0,0.0
2023-07-24 00:00:00-04:00,129.0170727864604,130.21617108890828,128.78265142079977,129.0891876220703,4468700,0.0,0.0
2023-07-25 00:00:00-04:00,128.38597688172268,128.86381686727503,127.41227507664917,127.69176483154297,4778200,0.0,0.0
2023-07-26 00:00:00-04:00,127.51140328724526,128.2777575025811,126.69096982693608,127.93515014648438,5006800,0.0,0.0
2023-07-27 00:00:00-04:00,130.26125867153957,136.47319125239494,130.26125867153957,134.20120239257812,13664400,0.0,0.0
2023-07-28 00:00:00-04:00,135.16589636399553,136.82481283514696,133.93973772072638,136.00437927246094,8000300,0.0,0.0
2023-07-31 00:00:00-04:00,135.6256849472746,135.68880262167986,133.09222844165714,134.85934448242188,9109200,0.0,0.0
2023-08-01 00:00:00-04:00,135.23801462333213,136.02239070586836,133.2905839110468,133.92169189453125,4409600,0.0,0.0
2023-08-02 00:00:00-04:00,133.5340426205363,135.75195255249662,133.5340426205363,134.67906188964844,5756400,0.0,0.0
2023-08-03 00:00:00-04:00,134.30039124208727,134.66102050075457,133.59714080057458,134.38153076171875,4674300,0.0,0.0
2023-08-04 00:00:00-04:00,134.30934799483828,135.75189196201305,132.6774785582071,133.19137573242188,4231200,0.0,0.0
2023-08-07 00:00:00-04:00,133.4348389422806,136.03141318343646,133.254524343783,135.53553771972656,3800600,0.0,0.0
2023-08-08 00:00:00-04:00,135.94124490065244,136.8157851219357,134.26429304673132,134.89540100097656,4013400,0.0,0.0
2023-08-09 00:00:00-04:00,135.6797925328592,137.09527655133385,135.15687057635924,135.93223571777344,3737100,0.0,0.0
2023-08-10 00:00:00-04:00,136.31993011957724,137.79853201577671,135.75193975412552,136.53631591796875,3275800,0.0,0.0
2023-08-11 00:00:00-04:00,136.99613007083553,138.39359255160898,136.78876893073357,137.2034912109375,3454800,0.0,0.0
2023-08-14 00:00:00-04:00,137.9607969402346,138.06898293901844,136.65349901215316,137.28460693359375,2570900,0.0,0.0
2023-08-15 00:00:00-04:00,136.65352179640692,137.8526201685094,135.95027141569622,137.14938354492188,3636300,0.0,0.0
2023-08-16 00:00:00-04:00,137.5731270103602,138.4837384862288,136.48221468238356,136.63548278808594,3214900,0.0,0.0
2023-08-17 00:00:00-04:00,136.28385078257998,136.9600408170511,135.16587830635734,135.25604248046875,5285700,0.0,0.0
2023-08-18 00:00:00-04:00,135.49947507181287,136.07649007758602,134.54379525823137,135.36424255371094,4050900,0.0,0.0
2023-08-21 00:00:00-04:00,134.9765519169916,135.553566859011,134.22823329955497,135.38226318359375,3944800,0.0,0.0
2023-08-22 00:00:00-04:00,135.238002206266,135.238002206266,133.40778234364421,133.65121459960938,3209300,0.0,0.0
2023-08-23 00:00:00-04:00,134.03892763615352,134.33645297480504,131.57759916183159,132.60540771484375,5414800,0.0,0.0
2023-08-24 00:00:00-04:00,132.46113063180093,133.27256700378754,131.9472333109532,132.19967651367188,3986300,0.0,0.0
2023-08-25 00:00:00-04:00,132.55129421356597,133.13732012640878,131.81198643958191,132.25376892089844,3275100,0.0,0.0
2023-08-28 00:00:00-04:00,132.61439275946742,133.49795768628246,132.3258921509874,132.92092895507812,2806900,0.0,0.0
2023-08-29 00:00:00-04:00,133.42582850227592,134.25528666401493,132.0824592880114,133.065185546875,3419100,0.0,0.0
2023-08-30 00:00:00-04:00,133.54304503035095,134.15613126597685,132.44310792986334,133.72337341308594,3486400,0.0,0.0
2023-08-31 00:00:00-04:00,133.78647021531563,134.0749846066248,132.41605437084374,132.49720764160156,4110700,0.0,0.0
2023-09-01 00:00:00-04:00,132.85782848735732,134.23725516056413,132.85782848735732,133.6151580810547,3357800,0.0,0.0
2023-09-05 00:00:00-04:00,133.88565052465793,134.3003865390136,131.5054617322823,131.7218475341797,3911100,0.0,0.0
2023-09-06 00:00:00-04:00,131.72182700676944,131.73984883627614,129.59408176963137,131.28004455566406,5304300,0.0,0.0
2023-09-07 00:00:00-04:00,131.76693635861318,134.3364648467881,131.5144930957128,134.2553253173828,5142100,0.0,0.0
2023-09-08 00:00:00-04:00,134.33645659636448,135.0216577311366,133.6151842793214,134.3544921875,4339800,0.0,0.0
2023-09-11 00:00:00-04:00,134.21024901035437,134.7061246400078,133.8135485066316,134.37252807617188,2911600,0.0,0.0
2023-09-12 00:00:00-04:00,134.78724089473928,134.8774050871507,133.0922531286996,134.5798797607422,2424800,0.0,0.0
2023-09-13 00:00:00-04:00,134.7151084060355,137.4018334254739,134.38152566656004,136.28387451171875,5953700,0.0,0.0
2023-09-14 00:00:00-04:00,137.0502149104579,139.4664748714309,136.86088937208666,138.51980590820312,6336900,0.0,0.0
2023-09-15 00:00:00-04:00,137.74443415168767,139.47547920645098,136.97807984687205,137.14938354492188,8868300,0.0,0.0
2023-09-18 00:00:00-04:00,138.01487243387183,138.8172839230232,137.13132145592425,138.7902374267578,2967600,0.0,0.0
2023-09-19 00:00:00-04:00,138.74519648929734,139.4213866106807,136.680568705141,138.3845672607422,3509700,0.0,0.0
2023-09-20 00:00:00-04:00,138.89846339307744,139.6377711894555,138.2763662856674,138.4927520751953,2744800,0.0,0.0
2023-09-21 00:00:00-04:00,138.55585630038735,139.61072498914825,137.63624764641995,138.33045959472656,3660300,0.0,0.0
2023-09-22 00:00:00-04:00,138.7542196401052,138.7542196401052,137.5100390618941,137.70838928222656,3049200,0.0,0.0
2023-09-25 00:00:00-04:00,137.4379053740801,139.51155793721938,136.73466871241638,139.43040466308594,3740000,0.0,0.0
2023-09-26 00:00:00-04:00,139.20498279554118,139.38531114359378,138.2402921676428,138.76321411132812,3936300,0.0,0.0
2023-09-27 00:00:00-04:00,138.70010118307718,138.84435836360578,136.6895665990269,138.0599822998047,3621300,0.0,0.0
2023-09-28 00:00:00-04:00,138.51980676703852,138.69111047423337,136.47320071112347,137.2666015625,3697400,0.0,0.0
2023-09-29 00:00:00-04:00,137.45593698669055,137.5190409123865,134.18317232408825,134.39053344726562,5581600,0.0,0.0
2023-10-02 00:00:00-04:00,133.85859800628302,134.2102163203695,132.28082105077013,133.66024780273438,3827800,0.0,0.0
2023-10-03 00:00:00-04:00,133.28157191208084,133.42582909488192,131.04564060715262,132.92092895507812,4580900,0.0,0.0
2023-10-04 00:00:00-04:00,132.14559211359332,133.50698331385928,131.9111707264276,133.15536499023438,3159600,0.0,0.0
2023-10-05 00:00:00-04:00,133.3717379444739,134.81428242708836,132.614408281807,132.93898010253906,3599500,0.0,0.0
2023-10-06 00:00:00-04:00,132.07343790720293,134.6339407805992,131.73984148025187,133.65121459960938,5370100,0.0,0.0
2023-10-09 00:00:00-04:00,133.6782783020522,135.01262291020544,132.6775164066566,134.43560791015625,2903300,0.0,0.0
2023-10-10 00:00:00-04:00,134.688052313851,134.8413204199204,133.47090462366276,134.2372589111328,3729000,0.0,0.0
2023-10-11 00:00:00-04:00,134.45364932185052,135.59865469901135,134.1290775104441,134.64297485351562,3189800,0.0,0.0
2023-10-12 00:00:00-04:00,134.88885314552468,135.31684155805323,133.86895906501016,135.0436553955078,4554400,1.48,0.0
2023-10-13 00:00:00-04:00,135.63555086311146,136.28209100225192,134.16946610883744,134.7340545654297,4304700,0.0,0.0
2023-10-16 00:00:00-04:00,134.97078493745553,136.13636609072674,133.78698767074542,134.06927490234375,3704400,0.0,0.0
2023-10-17 00:00:00-04:00,134.16034833791872,136.2820740787542,133.99643109835176,135.844970703125,5372400,0.0,0.0
2023-10-18 00:00:00-04:00,135.92694930439978,136.23655380404048,135.08007359088208,135.93605041503906,4910500,0.0,0.0
2023-10-19 00:00:00-04:00,135.27131240287568,135.27131240287568,130.5179202698368,132.5121612548828,6147100,0.0,0.0
2023-10-20 00:00:00-04:00,132.29361341839612,134.32427280153598,132.29361341839612,133.15869140625,4223800,0.0,0.0
2023-10-23 00:00:00-04:00,133.0949363686718,133.33169027860964,131.31013230238707,131.79275512695312,3903300,0.0,0.0
2023-10-24 00:00:00-04:00,132.17520928636625,133.83252832940315,132.12968984251341,133.2315216064453,3362900,0.0,0.0
2023-10-25 00:00:00-04:00,133.0494311254115,133.76880801182443,131.87474854270943,132.27540588378906,5461500,0.0,0.0
2023-10-26 00:00:00-04:00,131.91112919232657,132.90369199186296,131.3374397325839,132.22073364257812,5569400,0.0,0.0
2023-10-27 00:00:00-04:00,126.36549748653712,130.21737828223786,123.87041824318919,126.51118469238281,9427200,0.0,0.0
2023-10-30 00:00:00-04:00,128.09568764349987,132.68517629562533,128.09568764349987,129.20663452148438,9258500,0.0,0.0
2023-10-31 00:00:00-04:00,129.38876403754355,129.50714795998348,127.19418733824688,128.5601043701172,10394000,0.0,0.0
2023-11-01 00:00:00-04:00,129.17931356435236,130.86394994891313,129.07914577021916,129.7347869873047,4207800,0.0,0.0
2023-11-02 00:00:00-04:00,128.67847344014493,130.9185832275765,127.94998166159992,130.45416259765625,4066800,0.0,0.0
2023-11-03 00:00:00-04:00,131.08247055618781,131.08247055618781,128.2960026966533,128.77862548828125,5414500,0.0,0.0
2023-11-06 00:00:00-05:00,129.20663210279278,129.64372162034743,128.3779725151676,128.57830810546875,4377000,0.0,0.0
2023-11-07 00:00:00-05:00,128.8696783618539,129.47067108861143,128.0046006522107,129.4524688720703,5024400,0.0,0.0
2023-11-08 00:00:00-05:00,130.61808697063555,131.0278592762797,129.23395390540404,129.33412170410156,5299100,0.0,0.0
2023-11-09 00:00:00-05:00,128.39616727365419,128.94253950083296,123.70652558719102,125.70075225830078,14970300,0.0,0.0
2023-11-10 00:00:00-05:00,126.25624883369231,126.90278895836434,124.20737344688271,126.20161437988281,4586400,0.0,0.0
2023-11-13 00:00:00-05:00,126.20160563708875,126.72066070197181,125.14529328719743,126.24713897705078,4454700,0.0,0.0
2023-11-14 00:00:00-05:00,126.51121384961002,127.57664123582208,125.62793372344456,125.71898651123047,4509200,0.0,0.0
2023-11-15 00:00:00-05:00,125.89201693126692,125.89201693126692,124.11632760885082,125.30012512207031,6473200,0.0,0.0
2023-11-16 00:00:00-05:00,125.91931915283203,126.4110569957127,124.79927123599765,125.91931915283203,5257000,0.0,0.0
2023-11-17 00:00:00-05:00,125.99217259858071,126.46569433722543,125.09977746772427,125.93753814697266,4332300,0.0,0.0
2023-11-20 00:00:00-05:00,125.23637193619135,126.29268438703637,124.88123408226552,125.94664764404297,4490000,0.0,0.0
2023-11-21 00:00:00-05:00,126.32910919189453,126.90279879099576,125.50956453160126,126.32910919189453,4690800,0.0,0.0
2023-11-22 00:00:00-05:00,126.6296035166979,127.33987920992344,125.96486116684848,126.09234619140625,3428500,0.0,0.0
2023-11-24 00:00:00-05:00,127.4855821662199,127.55843273769396,126.08324687611481,126.27446746826172,1636500,0.0,0.0
2023-11-27 00:00:00-05:00,126.30178353830316,126.92100644274545,125.47312392705824,126.65692138671875,5529400,0.0,0.0
2023-11-28 00:00:00-05:00,126.6204995465838,127.1759729756472,125.59150436778802,125.7372055053711,5347200,0.0,0.0
2023-11-29 00:00:00-05:00,125.6825699098778,126.65691673210301,125.34563429542693,126.11965942382812,3996500,0.0,0.0
2023-11-30 00:00:00-05:00,125.67345961636464,129.94422880613897,125.67345961636464,129.6619415283203,9297400,0.0,0.0
2023-12-01 00:00:00-05:00,129.79850289588984,131.21906791435603,129.5617490068903,130.5907440185547,4903400,0.0,0.0
2023-12-04 00:00:00-05:00,130.59075924662594,132.48483226395737,130.4632742307875,131.2646026611328,4845300,0.0,0.0
2023-12-05 00:00:00-05:00,131.22817695485824,132.11147090599096,129.90779353037672,131.64706420898438,3961700,0.0,0.0
2023-12-06 00:00:00-05:00,131.8473904490366,133.92359678267962,131.7927559998294,133.29527282714844,4978800,0.0,0.0
2023-12-07 00:00:00-05:00,134.4426301967767,135.1164874527529,132.2207367582414,134.74313354492188,7225100,0.0,0.0
2023-12-08 00:00:00-05:00,134.83421855019262,136.65544110547967,134.77046909124138,135.93605041503906,5695200,0.0,0.0
2023-12-11 00:00:00-05:00,137.20180061104742,139.05945541310933,137.17448338408994,137.72085571289062,6343500,0.0,0.0
2023-12-12 00:00:00-05:00,138.16703664531101,139.86077407183953,136.74648536399508,139.5420684814453,5882200,0.0,0.0
2023-12-13 00:00:00-05:00,139.30531065162833,140.93531263478644,139.07765783011214,140.50732421875,8104500,0.0,0.0
2023-12-14 00:00:00-05:00,140.56193973028934,141.29043143993297,139.10495631100204,141.03546142578125,7869600,0.0,0.0
2023-12-15 00:00:00-05:00,140.9079772641055,141.9551745503098,139.42367661259834,140.27053833007812,15203000,0.0,0.0
2023-12-18 00:00:00-05:00,139.32352333022328,140.55285409400827,138.185259250728,139.7059783935547,5379600,0.0,0.0
2023-12-19 00:00:00-05:00,139.86078855861302,140.6712320733005,138.82269221513891,139.86990356445312,5476700,0.0,0.0
2023-12-20 00:00:00-05:00,140.2250392647522,140.42537486258917,137.99403046109754,138.13063049316406,4716400,0.0,0.0
2023-12-21 00:00:00-05:00,138.45847125210062,139.24159764075725,137.76639766990357,138.9501953125,4036100,0.0,0.0
2023-12-22 00:00:00-05:00,139.5875863154993,141.5636248693288,139.40546685240113,141.09010314941406,3373400,0.0,0.0
2023-12-26 00:00:00-05:00,140.46178434086215,141.39971281028807,140.352515437962,140.7987060546875,2073400,0.0,0.0
2023-12-27 00:00:00-05:00,140.27965249282303,141.11741309572494,139.97914914153915,141.03546142578125,3747400,0.0,0.0
2023-12-28 00:00:00-05:00,141.37241995816083,141.71845673677032,140.72587974994218,140.9171142578125,2601200,0.0,0.0
2023-12-29 00:00:00-05:00,140.72587678006798,141.33599863310678,140.60750674895803,141.11744689941406,3712000,0.0,0.0
2024-01-02 00:00:00-05:00,141.0536704046762,145.82527813143565,140.93530039624818,145.5338897705078,8059900,0.0,0.0
2024-01-03 00:00:00-05:00,146.235038700133,147.29135095051714,145.55208034951235,146.11666870117188,5301400,0.0,0.0
2024-01-04 00:00:00-05:00,145.9801018533701,147.78310841800896,145.17875942694107,147.02731323242188,8332200,0.0,0.0
2024-01-05 00:00:00-05:00,146.90889160129277,148.4569277046666,146.25325049248127,147.646484375,5607600,0.0,0.0
2024-01-08 00:00:00-05:00,147.68294325919425,148.220214520076,145.49748155957832,146.99998474121094,6001600,0.0,0.0
2024-01-09 00:00:00-05:00,146.99994257909952,148.8575969963098,146.462685367139,147.80128479003906,4454000,0.0,0.0
2024-01-10 00:00:00-05:00,147.76488363909587,150.32369889354408,147.40974582610883,150.1506805419922,6609900,0.0,0.0
2024-01-11 00:00:00-05:00,149.56789623147597,150.36012356425763,148.51158385788383,149.13990783691406,4591500,0.0,0.0
2024-01-12 00:00:00-05:00,149.6179377125684,150.12356181296545,149.0939234555443,149.29617309570312,4971400,1.55,0.0
2024-01-16 00:00:00-05:00,148.91006466029071,149.2042510573649,148.02753352422707,148.45040893554688,4747700,0.0,0.0
2024-01-17 00:00:00-05:00,148.69863106414238,149.80180202849948,148.48719335263905,148.96522521972656,4423100,0.0,0.0
2024-01-18 00:00:00-05:00,148.15622463269835,150.454503071301,148.00913144600898,150.12355041503906,5074300,0.0,0.0
2024-01-19 00:00:00-05:00,150.68433669405633,151.5668677928818,149.48004099045514,151.47494506835938,5863000,0.0,0.0
2024-01-22 00:00:00-05:00,151.1715787931328,152.10007831821144,150.54643970571712,152.044921875,4864000,0.0,0.0
2024-01-23 00:00:00-05:00,151.18076224283857,154.01224313775606,150.82223134532904,153.9846649169922,5784700,0.0,0.0
2024-01-24 00:00:00-05:00,154.23288833872581,154.39835766911025,150.82223663303395,150.96932983398438,5422200,0.0,0.0
2024-01-25 00:00:00-05:00,150.76711205733528,151.87948533672395,150.0316599247098,151.80593872070312,4465800,0.0,0.0
2024-01-26 00:00:00-05:00,151.93459129997822,152.47698163185063,150.30740627678293,151.13478088378906,4654300,0.0,0.0
2024-01-29 00:00:00-05:00,152.4678233072801,153.3043861410645,150.47290493707683,150.68435668945312,4704100,0.0,0.0
2024-01-30 00:00:00-05:00,150.96933874623383,151.6680104506238,150.08679351601128,151.61285400390625,3819600,0.0,0.0
2024-01-31 00:00:00-05:00,152.37585682187628,152.47698163185063,150.721093580286,151.13478088378906,4993900,0.0,0.0
2024-02-01 00:00:00-05:00,150.49129210020243,154.15014799975395,149.5444023625867,154.06741333007812,5584400,0.0,0.0
2024-02-02 00:00:00-05:00,155.74978650928023,158.9030329341901,151.89786824239638,155.060302734375,7870400,0.0,0.0
2024-02-05 00:00:00-05:00,156.13586351857313,159.16040624243718,154.85802108055708,157.4412841796875,6486700,0.0,0.0
2024-02-06 00:00:00-05:00,157.79980959550673,159.92343089295937,156.07151355553523,159.30747985839844,7037400,0.0,0.0
2024-02-07 00:00:00-05:00,159.96939088213583,161.39432652883747,159.33507772309818,160.88870239257812,6409100,0.0,0.0
2024-02-08 00:00:00-05:00,160.28196187621035,161.71608553815648,160.23599349677258,160.6864471435547,5709100,0.0,0.0
2024-02-09 00:00:00-05:00,160.94387590384974,161.24723636375023,159.08686268998656,160.03375244140625,3502700,0.0,0.0
2024-02-12 00:00:00-05:00,159.5373186458293,160.6588798480053,158.33302277158637,159.10525512695312,3477100,0.0,0.0
2024-02-13 00:00:00-05:00,160.3830866319822,161.06336814808483,158.09399600171972,159.30747985839844,5480400,0.0,0.0
2024-02-14 00:00:00-05:00,159.09604924949537,160.75081278937546,158.74670638341496,160.3463134765625,4348500,0.0,0.0
2024-02-15 00:00:00-05:00,159.9785787054678,162.4791069130406,159.78551713335983,162.34120178222656,5276200,0.0,0.0
2024-02-16 00:00:00-05:00,162.61701708635763,164.48321838274094,161.86318892097373,163.16860961914062,6689900,0.0,0.0
2024-02-20 00:00:00-05:00,161.6425468493253,164.2625762745738,161.35756252147257,161.56900024414062,5484100,0.0,0.0
2024-02-21 00:00:00-05:00,162.06545787792427,162.37803452548394,159.50058433652276,161.0082550048828,3818500,0.0,0.0
2024-02-22 00:00:00-05:00,160.6772820329191,163.03071750951023,159.16961155400404,162.4883270263672,4852300,0.0,0.0
2024-02-23 00:00:00-05:00,162.95712371012675,164.47399584355315,162.7272958742359,163.72015380859375,3941800,0.0,0.0
2024-02-26 00:00:00-05:00,164.40964303839647,165.28298603966206,163.63742484954548,164.38206481933594,4327400,0.0,0.0
2024-02-27 00:00:00-05:00,164.3452967640706,165.0439683520326,162.69972156412234,164.54754638671875,3888500,0.0,0.0
2024-02-28 00:00:00-05:00,165.33818310126662,165.37494939006865,162.61701481975615,163.637451171875,4331300,0.0,0.0
2024-02-29 00:00:00-05:00,163.51792718386966,163.65583232134244,161.23803865896772,161.84478759765625,7485700,0.0,0.0
2024-03-01 00:00:00-05:00,161.84479799864374,164.73143564774455,161.56900173355396,164.47402954101562,4028700,0.0,0.0
2024-03-04 00:00:00-05:00,163.9591914708355,165.45765949278567,162.05621016664298,162.7640838623047,4723600,0.0,0.0
2024-03-05 00:00:00-05:00,163.4443910844167,165.09915464735337,163.4443910844167,164.703857421875,5309800,0.0,0.0
2024-03-06 00:00:00-05:00,164.00518922042934,167.46180992771372,163.7294069534288,166.4505615234375,6047100,0.0,0.0
2024-03-07 00:00:00-05:00,167.48935636339831,167.70079407049334,165.05317258917282,166.0000762939453,6125200,0.0,0.0
2024-03-08 00:00:00-05:00,165.23707103529566,167.4434132509286,164.26258896201637,164.41888427734375,6195600,0.0,0.0
2024-03-11 00:00:00-04:00,164.01437932268288,166.63440886070384,163.85809804028145,165.1359405517578,5134800,0.0,0.0
2024-03-12 00:00:00-04:00,165.218682518907,168.13289861896874,165.1911042930059,166.3218536376953,5391100,0.0,0.0
2024-03-13 00:00:00-04:00,167.77434812283215,167.7835361878689,164.94286703010704,165.3473663330078,5987900,0.0,0.0
2024-03-14 00:00:00-04:00,165.62314594459474,167.35144184570902,164.2441788383172,166.5792236328125,6999400,0.0,0.0
2024-03-15 00:00:00-04:00,165.32898819455326,166.0092838013957,163.21456879322574,163.5271453857422,20957800,0.0,0.0
2024-03-18 00:00:00-04:00,164.5659377382912,165.36574823914657,163.24214103246277,164.08790588378906,8569000,0.0,0.0
2024-03-19 00:00:00-04:00,163.8120938416491,165.41168663390306,163.8120938416491,165.16348266601562,7625600,0.0,0.0
2024-03-20 00:00:00-04:00,164.75900897978576,164.76819704490302,161.55060677874116,162.0470428466797,7326600,0.0,0.0
2024-03-21 00:00:00-04:00,162.54343781562548,163.398404666868,161.68848499196096,163.17776489257812,5743600,0.0,0.0
2024-03-22 00:00:00-04:00,162.92958621922932,164.54758356599856,162.5158988167327,164.0511474609375,4084400,0.0,0.0
2024-03-25 00:00:00-04:00,164.55675708893105,164.74061658183842,163.75696057961497,164.1246795654297,4366400,0.0,0.0
2024-03-26 00:00:00-04:00,164.76819634160339,165.2646324074229,163.98678998256193,164.73143005371094,4392400,0.0,0.0
2024-03-27 00:00:00-04:00,165.29219695585385,166.009258744867,164.3820735955314,165.79782104492188,5073500,0.0,0.0
2024-03-28 00:00:00-04:00,166.39539836498855,167.59050624163464,165.75188305528116,167.40664672851562,5418700,0.0,0.0
2024-04-01 00:00:00-04:00,167.2043820832568,167.222758213616,164.77740025570102,166.17474365234375,3502100,0.0,0.0
2024-04-02 00:00:00-04:00,164.91527443319666,166.4229445950471,164.10627589790846,166.11038208007812,4523800,0.0,0.0
2024-04-03 00:00:00-04:00,166.13798041042048,166.94697904363335,162.35042140507053,163.02151489257812,5893000,0.0,0.0
2024-04-04 00:00:00-04:00,163.31567309066062,163.36164146856652,153.9386991286152,154.35238647460938,10539000,0.0,0.0
2024-04-05 00:00:00-04:00,154.4443359375,157.23903679661453,153.7916185837239,156.282958984375,7030100,0.0,0.0
2024-04-08 00:00:00-04:00,155.55671538068896,158.09401023865883,154.81206123324603,156.09910583496094,4745000,0.0,0.0
2024-04-09 00:00:00-04:00,156.03473054522212,156.78857267743413,153.8927331550725,156.41165161132812,5933200,0.0,0.0
2024-04-10 00:00:00-04:00,154.9867207926037,156.24618707314676,153.8559715871875,155.39122009277344,3231700,0.0,0.0
2024-04-11 00:00:00-04:00,155.54751902128274,155.70380030907552,153.73647405747576,154.00308227539062,3307000,0.0,0.0
2024-04-12 00:00:00-04:00,152.59266697872906,152.59266697872906,148.4635279396253,150.57913208007812,7029400,1.55,0.0
2024-04-15 00:00:00-04:00,152.6576194310228,152.82463409602536,149.85536650777402,150.0131072998047,5433700,0.0,0.0
2024-04-16 00:00:00-04:00,150.48633004574546,151.93386127224872,150.39354884004425,150.82037353515625,4881300,0.0,0.0
2024-04-17 00:00:00-04:00,152.31430911521116,152.86177918563286,151.46064544965822,152.4071044921875,4792200,0.0,0.0
2024-04-18 00:00:00-04:00,153.06587800368624,155.36705833850277,152.57407962352113,152.78750610351562,4480100,0.0,0.0
2024-04-19 00:00:00-04:00,153.12158527593195,154.58766441086226,151.47920342447526,154.41136169433594,5532400,0.0,0.0
2024-04-22 00:00:00-04:00,155.58974235862115,157.36202880108436,154.88454582547715,155.78460693359375,5580700,0.0,0.0
2024-04-23 00:00:00-04:00,156.4341440361925,158.08579948119703,156.09082669404845,157.31564331054688,4084100,0.0,0.0
2024-04-24 00:00:00-04:00,156.36919777566425,156.91665357739433,154.7175423394924,155.70111083984375,4074700,0.0,0.0
2024-04-25 00:00:00-04:00,155.57123684075987,157.08369954091572,153.63193522930592,155.2279052734375,5503700,0.0,0.0
2024-04-26 00:00:00-04:00,155.04229195903125,155.38562344504086,146.28294282567694,148.11090087890625,10721700,0.0,0.0
2024-04-29 00:00:00-04:00,148.08306818230437,149.90175240128795,147.1273354737242,149.87391662597656,6219000,0.0,0.0
2024-04-30 00:00:00-04:00,149.6419630469439,151.29361868344492,148.17588399099412,150.91317749023438,5484800,0.0,0.0
2024-05-01 00:00:00-04:00,150.40282664873305,151.88746756464948,149.52132729928866,150.05950927734375,5176400,0.0,0.0
2024-05-02 00:00:00-04:00,150.47705892925123,150.72759509054492,146.71907314418564,149.21511840820312,5904300,0.0,0.0
2024-05-03 00:00:00-04:00,149.53988044271617,152.40707870802146,149.15016541080337,151.98023986816406,5849900,0.0,0.0
2024-05-06 00:00:00-04:00,152.55551706078512,152.75965549050832,149.39138555865708,150.99664306640625,5834600,0.0,0.0
2024-05-07 00:00:00-04:00,151.58127580682546,152.1658555297959,150.21726589228552,150.82968139648438,5301700,0.0,0.0
2024-05-08 00:00:00-04:00,150.44919037736315,151.15438686604656,148.3428606238754,148.88104248046875,5906700,0.0,0.0
2024-05-09 00:00:00-04:00,149.21509688536662,149.6883333616155,148.4820645707175,148.83465576171875,3570000,0.0,0.0
2024-05-10 00:00:00-04:00,149.1223141826098,149.7996749422784,148.7882707386421,149.159423828125,3509500,0.0,0.0
2024-05-13 00:00:00-04:00,149.65121459960938,150.84820955901296,149.20582804099993,149.65121459960938,3505900,0.0,0.0
2024-05-14 00:00:00-04:00,149.99454484581256,150.551288710951,148.20371042645007,149.93887329101562,4025000,0.0,0.0
2024-05-15 00:00:00-04:00,150.60695630448322,152.56481949532537,150.19867936859814,151.98023986816406,5261300,0.0,0.0
2024-05-16 00:00:00-04:00,151.6647621328049,153.0380457312491,150.48632897595738,152.4998779296875,4642000,0.0,0.0
2024-05-17 00:00:00-04:00,153.46486063157892,154.48555283783622,152.62975912361017,154.42059326171875,5152200,0.0,0.0
2024-05-20 00:00:00-04:00,154.040195918171,154.42063713573816,152.55556902012717,152.6947479248047,3058700,0.0,0.0
2024-05-21 00:00:00-04:00,153.44630642808568,153.76180213585442,150.78324684531805,151.18223571777344,3645200,0.0,0.0
2024-05-22 00:00:00-04:00,149.92033856603655,150.26365595615846,147.7026509443945,148.10165405273438,6904900,0.0,0.0
2024-05-23 00:00:00-04:00,147.56345313293363,148.5006239699959,146.38502002360565,146.84896850585938,5672900,0.0,0.0
2024-05-24 00:00:00-04:00,146.94177311187008,147.33148816245546,145.08597906608168,145.73550415039062,3691700,0.0,0.0
2024-05-28 00:00:00-04:00,145.07668074630334,145.07668074630334,142.84971977146793,144.13949584960938,5533500,0.0,0.0
2024-05-29 00:00:00-04:00,143.72194574113112,145.10451717560957,142.59918429777065,143.629150390625,4254500,0.0,0.0
2024-05-30 00:00:00-04:00,143.49925374691804,145.1509091402606,142.50641139991438,145.03956604003906,4311100,0.0,0.0
2024-05-31 00:00:00-04:00,145.35506240444704,149.98527362767052,144.9375115774947,149.61412048339844,15664400,0.0,0.0
2024-06-03 00:00:00-04:00,148.46352883710102,151.4235227086644,147.37789098150998,148.63983154296875,4467800,0.0,0.0
2024-06-04 00:00:00-04:00,148.63983751016517,151.0709233617221,148.25012243035277,150.44923400878906,4215500,0.0,0.0
2024-06-05 00:00:00-04:00,151.15441002382613,154.01233437673443,150.46777533081672,153.5112762451172,5100500,0.0,0.0
2024-06-06 00:00:00-04:00,153.5576791868585,156.70324944149712,152.4998771762345,156.4156036376953,5186700,0.0,0.0
2024-06-07 00:00:00-04:00,156.8145849059034,158.0579634236652,155.6918233640783,157.2042999267578,3781700,0.0,0.0
2024-06-10 00:00:00-04:00,156.81457582206207,158.43839539418403,155.5990331505898,158.1693115234375,4247500,0.0,0.0
2024-06-11 00:00:00-04:00,157.9744468051944,158.3363260288894,155.3484968861427,155.60830688476562,3790200,0.0,0.0
2024-06-12 00:00:00-04:00,155.7753693939513,156.38777071830623,153.13085700035168,154.1144256591797,4725600,0.0,0.0
2024-06-13 00:00:00-04:00,154.03090179664548,154.86600343210912,153.1030047978705,154.55052185058594,3690800,0.0,0.0
2024-06-14 00:00:00-04:00,154.46702113429063,157.0372998953812,154.03090839350173,156.4341583251953,4377600,0.0,0.0
2024-06-17 00:00:00-04:00,156.2578344660326,158.11362829179822,155.2928279064111,157.44554138183594,4076000,0.0,0.0
2024-06-18 00:00:00-04:00,158.1507463601836,160.53543397732432,157.6218383429066,159.00440979003906,4250900,0.0,0.0
2024-06-20 00:00:00-04:00,158.83738918030411,160.34986570218047,157.76103950542242,159.71890258789062,5847500,0.0,0.0
2024-06-21 00:00:00-04:00,160.24780993338538,160.46122228013382,157.36204968146313,158.1043701171875,12228100,0.0,0.0
2024-06-24 00:00:00-04:00,158.79101268316592,160.90661663776672,158.3920096244155,160.28492736816406,6249900,0.0,0.0
2024-06-25 00:00:00-04:00,159.69108216273617,160.90662498867047,158.31778438448208,158.43841552734375,4844600,0.0,0.0
2024-06-26 00:00:00-04:00,158.01156312180086,159.92304270462444,157.88165811700546,158.80955505371094,5576100,0.0,0.0
2024-06-27 00:00:00-04:00,158.9394802680591,159.1900164372293,155.65473092423437,156.80532836914062,5382000,0.0,0.0
2024-06-28 00:00:00-04:00,157.73322695046605,159.4312802760136,156.86100144524193,159.1529083251953,24463400,0.0,0.0
2024-07-01 00:00:00-04:00,158.9209005886792,161.34271198114124,157.31562881243633,158.08578491210938,5194500,0.0,0.0
2024-07-02 00:00:00-04:00,156.47125741647895,156.47125741647895,153.52053793768638,153.9937744140625,5965500,0.0,0.0
2024-07-03 00:00:00-04:00,154.11439463785518,155.05157957999313,151.72970693768795,152.02662658691406,3527600,0.0,0.0
2024-07-05 00:00:00-04:00,152.84318722258303,155.24643693266296,151.83178294192783,155.19076538085938,5978300,0.0,0.0
2024-07-08 00:00:00-04:00,154.53196022141358,155.626886044382,153.67829668005047,154.51341247558594,3500200,0.0,0.0
2024-07-09 00:00:00-04:00,154.9773726191926,156.37849209801323,152.97311154962958,155.93310546875,4224600,0.0,0.0
2024-07-10 00:00:00-04:00,155.37635036487416,156.30424736813836,154.13297177856043,156.0166015625,3887800,0.0,0.0
2024-07-11 00:00:00-04:00,155.44130807850215,158.06725826513315,155.2835672888778,157.6589813232422,3689500,0.0,0.0
2024-07-12 00:00:00-04:00,158.32705840875352,159.2549553429269,157.64968345262673,158.00228881835938,4133500,0.0,0.0
2024-07-15 00:00:00-04:00,158.17085671733003,159.53802322163986,156.77558444062853,157.3468017578125,2395100,1.55,0.0
2024-07-16 00:00:00-04:00,157.88058456827514,159.0511108053215,156.62576958278714,158.4424285888672,3829500,0.0,0.0
2024-07-17 00:00:00-04:00,158.73270182544474,164.5666143280033,158.73270182544474,164.12649536132812,6983200,0.0,0.0
2024-07-18 00:00:00-04:00,163.35861444846907,165.4468289434505,159.86576867828387,160.25906372070312,5957800,0.0,0.0
2024-07-19 00:00:00-04:00,162.62821911435208,162.79678230968963,160.33399072298292,161.3640594482422,4293600,0.0,0.0
2024-07-22 00:00:00-04:00,162.30046572965026,163.620808245585,161.06438337081158,162.572021484375,4066900,0.0,0.0
2024-07-23 00:00:00-04:00,162.30046998903268,163.48971419102648,161.78543565933344,162.14126586914062,2933800,0.0,0.0
2024-07-24 00:00:00-04:00,162.18807814157614,165.37191740412734,161.9539729438289,165.0067138671875,6117700,0.0,0.0
2024-07-25 00:00:00-04:00,165.74648975394544,174.27728423316617,160.87710421212412,170.58778381347656,9442200,0.0,0.0
2024-07-26 00:00:00-04:00,171.78640930460278,174.97024890178733,170.5316087420686,173.3876953125,6948800,0.0,0.0
2024-07-29 00:00:00-04:00,172.33889658645066,174.29602713179176,169.05206436302117,170.37242126464844,5458500,0.0,0.0
2024-07-30 00:00:00-04:00,171.9174936644636,175.775557131091,170.990446204139,174.90467834472656,6032200,0.0,0.0
2024-07-31 00:00:00-04:00,174.539484256614,175.57891198712372,171.78640463047216,173.5375213623047,6473900,0.0,0.0
2024-08-01 00:00:00-04:00,175.83174823453814,178.82829211775694,174.89532737799175,177.64840698242188,6595500,0.0,0.0
2024-08-02 00:00:00-04:00,178.83764995846317,181.58137047946352,174.6050380036678,177.25509643554688,6303900,0.0,0.0
2024-08-05 00:00:00-04:00,175.53207130961917,177.25508210529946,171.4024522650971,172.63853454589844,6459300,0.0,0.0
2024-08-06 00:00:00-04:00,173.6405142318289,175.87857381748563,171.4399337710839,173.90272521972656,4273200,0.0,0.0
2024-08-07 00:00:00-04:00,175.9534756622829,177.5360292179099,174.15554930749408,175.58827209472656,6351000,0.0,0.0
2024-08-08 00:00:00-04:00,175.0357845706275,178.5848276141128,175.0357845706275,178.29452514648438,5744600,0.0,0.0
2024-08-09 00:00:00-04:00,178.6503640523746,178.8657368415467,176.14076309708844,177.85440063476562,3206500,0.0,0.0
2024-08-12 00:00:00-04:00,177.99489797123599,178.45374938601344,175.76621151181675,178.08853149414062,4808300,0.0,0.0
2024-08-13 00:00:00-04:00,178.4443466004546,179.7366118857918,177.33937690733543,179.07174682617188,3477300,0.0,0.0
2024-08-14 00:00:00-04:00,178.8564060982027,181.0570011033527,178.36010412489657,180.729248046875,4153400,0.0,0.0
2024-08-15 00:00:00-04:00,182.12449988941438,182.59271032374392,179.12794167878658,181.10379028320312,4719900,0.0,0.0
2024-08-16 00:00:00-04:00,181.55328809547186,181.89975925501852,180.04564987965009,181.57200622558594,3674900,0.0,0.0
2024-08-19 00:00:00-04:00,181.10378324184938,184.64345284466563,181.0569736311552,184.35316467285156,4309300,0.0,0.0
2024-08-20 00:00:00-04:00,184.58728450044086,184.92439659829674,181.78739513499113,183.678955078125,3631800,0.0,0.0
2024-08-21 00:00:00-04:00,183.95051559113668,184.79328864769147,183.22946752981414,184.0347900390625,4250400,0.0,0.0
2024-08-22 00:00:00-04:00,184.48428809059195,184.98059005604415,182.92984015716712,183.88497924804688,3676700,0.0,0.0
2024-08-23 00:00:00-04:00,184.70901534120406,185.39259857079608,183.75386205953063,184.9899444580078,4720300,0.0,0.0
2024-08-26 00:00:00-04:00,184.9992983011375,185.38323427364443,183.60404039851898,184.88693237304688,4182300,0.0,0.0
2024-08-27 00:00:00-04:00,185.40197535251392,185.6922635394079,182.77062067473125,183.4635772705078,2504500,0.0,0.0
2024-08-28 00:00:00-04:00,183.08903428678613,183.75388518194558,181.69376188056597,182.97665405273438,3910200,0.0,0.0
2024-08-29 00:00:00-04:00,183.5385019023844,183.95052939692061,181.52520262248638,182.7706298828125,4538300,0.0,0.0
2024-08-30 00:00:00-04:00,182.83617727882256,184.00670338175996,181.8248410112468,183.8287811279297,3820800,0.0,0.0
2024-09-03 00:00:00-04:00,183.66959273684722,187.2373540404716,183.63214218826417,185.1210479736328,4872400,0.0,0.0
2024-09-04 00:00:00-04:00,186.04810469566138,187.17182124971902,183.95053094387285,184.48428344726562,4214300,0.0,0.0
2024-09-05 00:00:00-04:00,184.43746054881296,184.5966503818219,179.94263752223335,180.59812927246094,5902800,0.0,0.0
2024-09-06 00:00:00-04:00,181.16934660256055,182.35860510657915,180.57003781816468,181.10379028320312,4312600,0.0,0.0
2024-09-09 00:00:00-04:00,182.57400089885198,184.10973074531614,181.60948842575468,183.9318084716797,3606900,0.0,0.0
2024-09-10 00:00:00-04:00,183.6508418751557,186.7878572561215,180.6449391226857,186.6754913330078,6333300,0.0,0.0
2024-09-11 00:00:00-04:00,185.11166130140012,185.11166130140012,181.1225137421497,182.21812438964844,4909300,0.0,0.0
2024-09-12 00:00:00-04:00,182.39606194785486,182.6676320107796,179.10922972936362,181.68438720703125,4165200,0.0,0.0
2024-09-13 00:00:00-04:00,181.53455166530983,182.21813490424086,179.61488601101448,181.8623046875,2718100,0.0,0.0
2024-09-16 00:00:00-04:00,183.36993326508153,183.6883129170961,182.09640036837536,183.28564453125,3235700,0.0,0.0
2024-09-17 00:00:00-04:00,182.41479343212836,183.61341103613722,179.62426316235607,181.15061950683594,3534100,0.0,0.0
2024-09-18 00:00:00-04:00,180.85098745696402,183.1452159877664,179.5868134253739,180.67306518554688,3236800,0.0,0.0
2024-09-19 00:00:00-04:00,181.13190743547065,181.81550505429544,179.75538170902266,181.30982971191406,3929300,0.0,0.0
2024-09-20 00:00:00-04:00,180.72922310073545,181.49709505225343,179.91454153788195,181.16934204101562,11661200,0.0,0.0
2024-09-23 00:00:00-04:00,181.38469993675528,181.94655811311594,179.98006878450062,181.50643920898438,3178000,0.0,0.0
2024-09-24 00:00:00-04:00,180.6823937381671,182.7987139288033,179.4088608558131,181.206787109375,4286500,0.0,0.0
2024-09-25 00:00:00-04:00,181.6656828419994,182.19944969653105,178.8189691504509,179.09988403320312,5589300,0.0,0.0
2024-09-26 00:00:00-04:00,178.0136115940452,180.6074870941388,177.56411929242708,179.69915771484375,6215700,0.0,0.0
2024-09-27 00:00:00-04:00,180.35467619837746,183.66024092654564,178.1728137245225,182.40542602539062,4891900,0.0,0.0
2024-09-30 00:00:00-04:00,182.46158537336282,185.05546051357123,182.01209313410914,184.9243621826172,4550200,0.0,0.0
2024-10-01 00:00:00-04:00,185.083572598282,186.31965496087622,183.9317789703359,184.4374542236328,3924600,0.0,0.0
2024-10-02 00:00:00-04:00,183.22011430784144,184.47491486802335,182.0870387467735,184.30636596679688,2946900,0.0,0.0
2024-10-03 00:00:00-04:00,184.35315328501943,184.52171645450906,182.35858675181382,183.0234375,3453800,0.0,0.0
2024-10-04 00:00:00-04:00,182.69573833566417,183.20139937625885,180.7760724750053,181.93722534179688,4749700,0.0,0.0
2024-10-07 00:00:00-04:00,182.05895949922427,182.6863598214821,180.57941268265284,181.3004608154297,5033800,0.0,0.0
2024-10-08 00:00:00-04:00,181.98404325767095,182.60208451144717,180.02692690936266,180.7386016845703,4419000,0.0,0.0
2024-10-09 00:00:00-04:00,180.58878685827625,182.49907931916425,179.74599942572138,182.36798095703125,4478900,0.0,0.0
2024-10-10 00:00:00-04:00,182.17130089851435,182.43351187491206,180.99141580363988,181.99339294433594,3562500,0.0,0.0
2024-10-11 00:00:00-04:00,182.60206549579158,182.82681164339206,181.27234960528054,181.84356689453125,2973000,0.0,0.0
2024-10-14 00:00:00-04:00,181.89039655662708,183.8568718279946,181.34727073254024,183.2107391357422,3623900,0.0,0.0
2024-10-15 00:00:00-04:00,183.8053896874896,185.2401197432394,180.4923104378366,181.09640502929688,6553500,1.55,0.0
2024-10-16 00:00:00-04:00,179.76551517358635,180.32241198288511,178.14200816128155,179.77496337890625,5576000,0.0,0.0
2024-10-17 00:00:00-04:00,179.85048005214662,180.8698925357017,177.88718312391472,177.9910125732422,4419000,0.0,0.0
2024-10-18 00:00:00-04:00,178.36855417368423,179.04816244965662,177.6039984639034,178.2647247314453,5607900,0.0,0.0
2024-10-21 00:00:00-04:00,178.12313250115955,178.7555429106591,175.46133121667503,176.07485961914062,4496500,0.0,0.0
2024-10-22 00:00:00-04:00,175.86723286846086,178.49127040320548,175.78227102962526,178.1703338623047,4210400,0.0,0.0
2024-10-23 00:00:00-04:00,178.11366527604412,178.6516943984221,176.98098982173497,177.3396759033203,4266700,0.0,0.0
2024-10-24 00:00:00-04:00,177.85883361418507,179.78439511960357,177.61342512546588,179.01039123535156,6741800,0.0,0.0
2024-10-25 00:00:00-04:00,179.03869274059718,179.22748399672216,176.669512264836,177.31137084960938,4017400,0.0,0.0
2024-10-28 00:00:00-04:00,177.53788570039652,179.47288072711035,176.99987098333204,179.03868103027344,5383700,0.0,0.0
2024-10-29 00:00:00-04:00,179.80327223071737,180.43568264434023,177.9437906014114,178.8216094970703,6131500,0.0,0.0
2024-10-30 00:00:00-04:00,180.8698634370496,190.99790681054162,177.97210193106733,190.19558715820312,10396400,0.0,0.0
2024-10-31 00:00:00-04:00,190.63924570929245,195.68911015425925,190.12009847806408,192.43264770507812,8829300,0.0,0.0
2024-11-01 00:00:00-04:00,192.90457416721256,193.2443782778893,190.9695933397977,192.13058471679688,4493900,0.0,0.0
2024-11-04 00:00:00-05:00,192.3571251170238,192.7818910881898,188.98741397800603,189.223388671875,3531800,0.0,0.0
2024-11-05 00:00:00-05:00,189.24226635557773,191.0639840372951,187.22232359832927,190.36549377441406,5109300,0.0,0.0
2024-11-06 00:00:00-05:00,194.24490610411013,194.58471021041538,189.58205864918656,189.91241455078125,7194800,0.0,0.0
2024-11-07 00:00:00-05:00,190.62035546166817,190.969607803629,188.04351582880744,189.26113891601562,4520200,0.0,0.0
2024-11-08 00:00:00-05:00,189.87469105762116,190.5637331669695,188.28893354249055,188.3078155517578,4596900,0.0,0.0
2024-11-11 00:00:00-05:00,168.55199573030634,168.55199573030634,163.01130063456128,164.6442413330078,20760300,0.0,0.0
2024-11-12 00:00:00-05:00,166.13561843474827,166.72084546993702,161.43500656145505,161.49163818359375,10557000,0.0,0.0
2024-11-13 00:00:00-05:00,162.03909066979247,162.95467357552909,160.1324112327918,160.79315185546875,8483500,0.0,0.0
2024-11-14 00:00:00-05:00,160.46279385064432,161.99190527728143,159.13189310381074,160.11355590820312,8442500,0.0,0.0
2024-11-15 00:00:00-05:00,160.1135457197044,160.1135457197044,155.47899951203215,155.73385620117188,11265400,0.0,0.0
2024-11-18 00:00:00-05:00,156.3285156409492,157.38569209754183,155.5545261094601,156.9514923095703,8336900,0.0,0.0
2024-11-19 00:00:00-05:00,155.99811820701797,157.72545429088046,154.6200199796021,157.22518920898438,5246000,0.0,0.0
2024-11-20 00:00:00-05:00,157.5461444081828,158.49004316171178,156.35682276097504,158.34844970703125,7135600,0.0,0.0
2024-11-21 00:00:00-05:00,159.1318770662987,162.78477479909728,157.5555679786057,162.09571838378906,6847700,0.0,0.0
2024-11-22 00:00:00-05:00,164.55928169557652,168.82570748404288,163.7664103126823,167.02285766601562,11328600,0.0,0.0
2024-11-25 00:00:00-05:00,167.08895937189894,170.0811166562511,166.83410267874225,167.126708984375,12465000,0.0,0.0
2024-11-26 00:00:00-05:00,167.15502102066463,171.45919688335186,166.75858528623306,170.97781372070312,6947500,0.0,0.0
2024-11-27 00:00:00-05:00,170.97779434553368,173.90388580972015,170.74181969205895,172.8089599609375,5271500,0.0,0.0
2024-11-29 00:00:00-05:00,172.86562926415348,173.24318303093318,172.26153459565418,172.6674041748047,2710700,0.0,0.0
2024-12-02 00:00:00-05:00,172.05384712234985,172.45028283244045,168.8257154235402,171.5724639892578,3936600,0.0,0.0
2024-12-03 00:00:00-05:00,172.05386684235626,173.2148582980283,171.29874494493254,171.317626953125,4107600,0.0,0.0
2024-12-04 00:00:00-05:00,169.99615431352578,170.32651020265473,166.04121662632798,166.56036376953125,6125500,0.0,0.0
2024-12-05 00:00:00-05:00,165.16339456739135,166.80578353089533,163.79474429918045,166.28663635253906,5444200,0.0,0.0
2024-12-06 00:00:00-05:00,166.12618366250425,166.8246739378942,164.38941338087497,166.30552673339844,4839600,0.0,0.0
2024-12-09 00:00:00-05:00,165.7391839102344,168.13669488546262,164.59707444793284,166.66421508789062,4394500,0.0,0.0
2024-12-10 00:00:00-05:00,165.6825367656583,166.99455537547576,164.07791186485838,165.81468200683594,4089600,0.0,0.0
2024-12-11 00:00:00-05:00,166.08842588470273,166.1261754964685,164.08735079507875,164.58761596679688,9492200,0.0,0.0
2024-12-12 00:00:00-05:00,165.0973382222766,166.0412369974502,162.34115552709994,163.4738311767578,4999500,0.0,0.0
2024-12-13 00:00:00-05:00,163.53045929246815,165.10676848487915,162.71870578711406,163.6437225341797,5471600,0.0,0.0
2024-12-16 00:00:00-05:00,162.0391076475698,163.61541693839106,160.96306357587585,162.00135803222656,8157900,0.0,0.0
2024-12-17 00:00:00-05:00,161.0102380594554,166.59811649925908,160.6610001578273,165.54095458984375,7664700,0.0,0.0
2024-12-18 00:00:00-05:00,166.1544998729549,166.5981334485224,163.12459287691112,163.31336975097656,5471600,0.0,0.0
2024-12-19 00:00:00-05:00,163.22839291551637,164.12510818974047,160.7836987745551,161.8975067138672,6110500,0.0,0.0
2024-12-20 00:00:00-05:00,162.15235217115463,166.8812939002776,161.0857564285306,165.729736328125,18950900,0.0,0.0
2024-12-23 00:00:00-05:00,165.4559884936708,168.6274885428355,164.8330263289825,168.382080078125,6945600,0.0,0.0
2024-12-24 00:00:00-05:00,168.4009684580844,170.0622249647173,167.8629392923632,169.90176391601562,2692800,0.0,0.0
2024-12-26 00:00:00-05:00,168.97675736090235,170.23214442006943,168.60863742646626,169.1466522216797,2759300,0.0,0.0
2024-12-27 00:00:00-05:00,167.93845955376645,169.5808485215293,167.3437987476753,168.02340698242188,2745400,0.0,0.0
2024-12-30 00:00:00-05:00,167.08896055240868,167.39100066260647,165.66366422389922,166.31495666503906,3405700,0.0,0.0
2024-12-31 00:00:00-05:00,166.4565649195649,167.8629649626257,166.0506809320434,167.73081970214844,3326400,0.0,0.0
2025-01-02 00:00:00-05:00,168.63695956638372,169.69412159157264,167.91958727550346,169.37319946289062,4092000,0.0,0.0
2025-01-03 00:00:00-05:00,169.58083462197453,171.38368449701238,168.76908120827034,171.05331420898438,4380200,0.0,0.0
2025-01-06 00:00:00-05:00,170.63802959478937,171.770705311962,169.2032993382357,169.99618530273438,6302100,0.0,0.0
2025-01-07 00:00:00-05:00,169.55252551247804,171.9500218368227,168.3820859572797,169.4581298828125,5905200,0.0,0.0
2025-01-08 00:00:00-05:00,169.14664234003803,169.18440635317248,166.2960642639297,168.4859161376953,4488500,0.0,0.0
2025-01-10 00:00:00-05:00,166.93794952375717,167.57979382204024,163.60598776867675,165.34275817871094,5372200,0.0,0.0
2025-01-13 00:00:00-05:00,165.33331470443565,167.99510178978585,164.55931078709997,166.82467651367188,4734100,0.0,0.0
2025-01-14 00:00:00-05:00,166.701946311146,166.86240735828136,164.32331760677002,165.701416015625,4779100,0.0,0.0
2025-01-15 00:00:00-05:00,165.32982664497317,166.22546079006875,160.75638466190142,163.2622528076172,8048700,1.64,0.0
2025-01-16 00:00:00-05:00,163.3575429589148,165.74908005669127,162.47144601409377,165.5013427734375,5236000,0.0,0.0
2025-01-17 00:00:00-05:00,164.72004409963975,165.77765252353862,163.18603574675174,163.46234130859375,7852500,0.0,0.0
2025-01-21 00:00:00-05:00,164.03402678576214,167.36882628354192,163.1383925944726,164.46278381347656,7548500,0.0,0.0
2025-01-22 00:00:00-05:00,162.26183085476447,162.8049192543648,160.12755377941372,161.2137451171875,9465000,0.0,0.0
2025-01-23 00:00:00-05:00,162.4142542974459,162.63339417254022,160.5277002954562,162.6143341064453,7116200,0.0,0.0
2025-01-24 00:00:00-05:00,161.32808573214334,163.03359115284792,161.2613827607584,162.26182556152344,5584900,0.0,0.0
2025-01-27 00:00:00-05:00,164.51043078194442,169.07433581050233,164.44372781182486,168.55029296875,6985200,0.0,0.0
2025-01-28 00:00:00-05:00,168.45500626480498,168.79801477173555,165.52990392256763,166.55892944335938,5603700,0.0,0.0
2025-01-29 00:00:00-05:00,166.26357874248455,168.5693527030525,166.07302167456294,166.98770141601562,3748300,0.0,0.0
2025-01-30 00:00:00-05:00,167.70229196581144,167.8071005281052,165.76810948413046,167.35928344726562,5209200,0.0,0.0
2025-01-31 00:00:00-05:00,178.4594227667097,182.71843944912123,175.0007545047127,175.2198944091797,11926500,0.0,0.0
2025-02-03 00:00:00-05:00,174.5338662685686,182.61361931268732,173.55248360457443,181.1653594970703,9830000,0.0,0.0
2025-02-04 00:00:00-05:00,178.77384112407074,182.12768613985955,178.2212154645372,180.9843292236328,7377800,0.0,0.0
2025-02-05 00:00:00-05:00,181.5274315925468,184.25243974658704,180.9557458668039,182.69937133789062,6449600,0.0,0.0
2025-02-06 00:00:00-05:00,182.84228308357103,185.3100457131274,181.56553479000044,183.86178588867188,4586400,0.0,0.0
2025-02-07 00:00:00-05:00,184.04281818656077,184.70977515815952,181.45120149242996,181.60365295410156,3805900,0.0,0.0
2025-02-10 00:00:00-05:00,182.42305692189004,182.42305692189004,180.16491149954933,181.3559112548828,3685700,0.0,0.0
2025-02-11 00:00:00-05:00,180.84140654129936,182.87086024695463,179.3740866947694,182.7755889892578,3977000,0.0,0.0
2025-02-12 00:00:00-05:00,181.50838110731056,185.19571207116306,181.40357253667682,183.890380859375,4525000,0.0,0.0
2025-02-13 00:00:00-05:00,185.10996323412417,185.10996323412417,182.39447770625918,184.3191375732422,4108900,0.0,0.0
2025-02-14 00:00:00-05:00,184.79555097914283,185.96749086957362,183.6807767606491,183.7665252685547,3976900,0.0,0.0
2025-02-18 00:00:00-05:00,182.93755473726114,187.7206136246289,181.67032930617142,186.98695373535156,6065500,0.0,0.0
2025-02-19 00:00:00-05:00,187.50146932929977,188.75917206450228,186.75828663616062,188.03504943847656,4888700,0.0,0.0
2025-02-20 00:00:00-05:00,188.65435425426088,191.8557620595124,187.5395802692051,191.39842224121094,5067000,0.0,0.0
2025-02-21 00:00:00-05:00,190.86487133514487,194.35210770768165,190.57902847481972,192.5417938232422,5889400,0.0,0.0
2025-02-24 00:00:00-05:00,192.30360320536914,195.80037705089512,191.7795603590756,194.44740295410156,6305000,0.0,0.0
2025-02-25 00:00:00-05:00,195.49546783300977,196.28629345956435,192.799057029543,194.5045623779297,7746800,0.0,0.0
2025-02-26 00:00:00-05:00,193.98052790761292,194.2092051172113,191.9224766369456,193.4279022216797,4766700,0.0,0.0
2025-02-27 00:00:00-05:00,193.4755235873855,197.03900004611452,192.7037580814384,195.343017578125,5696900,0.0,0.0
2025-02-28 00:00:00-05:00,195.4382913388215,199.70684493276488,194.76181161890753,199.1637420654297,13136400,0.0,0.0
2025-03-03 00:00:00-05:00,200.06890813726315,202.279410764519,199.04941985932345,201.49810791015625,7016400,0.0,0.0
2025-03-04 00:00:00-05:00,204.34698290020373,205.4808170362655,197.86794107883057,197.9536895751953,7554000,0.0,0.0
2025-03-05 00:00:00-05:00,197.29626551812393,202.16505863666112,196.27676273318002,201.55526733398438,5752800,0.0,0.0
2025-03-06 00:00:00-05:00,201.4695388189012,201.97452161001308,198.65878198155303,200.80258178710938,4346000,0.0,0.0
2025-03-07 00:00:00-05:00,201.14557949093214,204.8424476086176,199.1351712001438,204.17547607421875,6806100,0.0,0.0
2025-03-10 00:00:00-04:00,200.07845085024152,208.33922401629337,199.3257308078985,206.43362426757812,8604000,0.0,0.0
2025-03-11 00:00:00-04:00,206.43361689258808,206.43361689258808,202.38421757123592,203.50851440429688,7144500,0.0,0.0
2025-03-12 00:00:00-04:00,201.99356980834915,203.77530088969294,199.4305358652698,202.0507354736328,6139800,0.0,0.0
2025-03-13 00:00:00-04:00,201.9935763780821,203.70861908523318,200.73587354664718,201.5648193359375,5559500,0.0,0.0
2025-03-14 00:00:00-04:00,199.87833726095388,202.7748567420954,198.45866035077978,201.7744140625,4511600,0.0,0.0
2025-03-17 00:00:00-04:00,202.20318520213777,205.3283675450745,199.63062851648002,204.34698486328125,5075400,0.0,0.0
2025-03-18 00:00:00-04:00,204.3469720620035,205.0234517710972,202.2508154323576,203.75624084472656,5088200,0.0,0.0
2025-03-19 00:00:00-04:00,203.92774829672797,204.37556538396507,200.83114882121336,202.2317657470703,5412900,0.0,0.0
2025-03-20 00:00:00-04:00,202.95588779146706,203.34653921340532,201.14557391886152,201.95545959472656,5836100,0.0,0.0
2025-03-21 00:00:00-04:00,201.7363360524917,202.83206475457996,198.88747341192496,200.09751892089844,16657700,0.0,0.0
2025-03-24 00:00:00-04:00,199.50675152058022,201.05981986233735,197.70596046225006,199.29713439941406,7393800,0.0,0.0
2025-03-25 00:00:00-04:00,199.34479892236132,199.38290452190188,189.96925126951353,191.83673095703125,10089100,0.0,0.0
2025-03-26 00:00:00-04:00,193.53270268507256,193.53270268507256,187.21564950687136,191.79861450195312,6742900,0.0,0.0
2025-03-27 00:00:00-04:00,192.4846238437879,194.0662604967959,191.79860680981537,193.15158081054688,4995300,0.0,0.0
2025-03-28 00:00:00-04:00,193.16111539766553,196.29583514115652,192.0749241171552,195.60028076171875,6478100,0.0,0.0
2025-03-31 00:00:00-04:00,194.78086816239724,200.8597359140849,194.78086816239724,199.63063049316406,11093700,0.0,0.0
2025-04-01 00:00:00-04:00,200.5834264202689,202.13648027349305,195.89565295133403,196.53402709960938,7853200,0.0,0.0
2025-04-02 00:00:00-04:00,197.43918742843564,197.43918742843564,190.88391976332545,195.5050048828125,9262800,0.0,0.0
2025-04-03 00:00:00-04:00,200.37380867325734,200.7454000282269,191.74144447429416,192.12255859375,7593100,0.0,0.0
2025-04-04 00:00:00-04:00,190.55998758142246,190.55998758142246,177.3827626955383,178.13548278808594,13505200,0.0,0.0
2025-04-07 00:00:00-04:00,172.48536766241114,179.31694131677045,167.95956806057106,177.7448272705078,12581100,0.0,0.0
2025-04-08 00:00:00-04:00,178.7452510222691,179.49795647878065,164.18647101925393,167.3783416748047,12517100,0.0,0.0
2025-04-09 00:00:00-04:00,160.35624171964702,172.07568454053336,156.6307902579908,171.35154724121094,18977800,0.0,0.0
2025-04-10 00:00:00-04:00,169.3601643639647,169.5983643138437,157.18338408923623,165.97772216796875,13970000,0.0,0.0
2025-04-11 00:00:00-04:00,165.60615104431216,168.61700226759376,161.33761149219234,166.78762817382812,9047700,0.0,0.0
2025-04-14 00:00:00-04:00,169.06481778173125,171.68501752532228,167.8833406634622,170.64646911621094,7164400,0.0,0.0
2025-04-15 00:00:00-04:00,170.87723381786384,173.56973119762074,169.5406032337855,170.0117950439453,8078500,1.64,0.0
2025-04-16 00:00:00-04:00,169.75213876299034,170.05985942283053,163.2324576801449,165.08834838867188,9459300,0.0,0.0
2025-04-17 00:00:00-04:00,165.94421108579616,168.47322270310718,165.309548152644,166.34808349609375,8998100,0.0,0.0
2025-04-21 00:00:00-04:00,166.80965027191053,167.48277095736626,162.06892914654935,163.62673950195312,7364600,0.0,0.0
2025-04-22 00:00:00-04:00,164.51139630941776,167.9539442034649,164.34792520909093,167.10772705078125,6191900,0.0,0.0
2025-04-23 00:00:00-04:00,168.28088866220713,171.30993878895524,167.70391974619366,170.25218200683594,7119700,0.0,0.0
2025-04-24 00:00:00-04:00,170.7906924571641,174.52172516025226,169.34828472220906,173.44471740722656,8789400,0.0,0.0
2025-04-25 00:00:00-04:00,179.93555892198754,181.45489688686158,173.07932387718023,178.916259765625,10482100,0.0,0.0
2025-04-28 00:00:00-04:00,180.78177614719772,185.7051900362942,180.43559769106247,184.95513916015625,10408000,0.0,0.0
2025-04-29 00:00:00-04:00,185.19552525181433,188.0322574015074,183.26270425630602,186.0802001953125,6671400,0.0,0.0
2025-04-30 00:00:00-04:00,187.0226120996413,188.26307642762467,183.67621523390926,187.60919189453125,8400700,0.0,0.0
2025-05-01 00:00:00-04:00,185.4744026439956,188.30152408109333,182.51265707527085,185.91673278808594,5823600,0.0,0.0
2025-05-02 00:00:00-04:00,187.67647726004728,191.34019057087738,187.15721692989266,190.8497772216797,6424800,0.0,0.0
2025-05-05 00:00:00-04:00,190.8497931174868,190.87864010084635,187.5418687448963,188.5419464111328,5121500,0.0,0.0
2025-05-06 00:00:00-04:00,187.993826203243,188.30154692596906,178.6085642540731,179.96441650390625,9392000,0.0,0.0
2025-05-07 00:00:00-04:00,180.94524682633585,182.87806797581828,179.57976921740234,180.86831665039062,5771700,0.0,0.0
2025-05-08 00:00:00-04:00,177.06035689561494,179.49321669536826,174.66595484488852,178.45468139648438,8816700,0.0,0.0
2025-05-09 00:00:00-04:00,178.61816923302518,182.48382631757923,177.15652519333017,177.5123291015625,7806100,0.0,0.0
2025-05-12 00:00:00-04:00,173.08892244229244,185.29169382214283,173.08892244229244,182.7722930908203,12792700,0.0,0.0
2025-05-13 00:00:00-04:00,181.77222093277453,182.4741885861793,178.29121497358156,180.78176879882812,7523800,0.0,0.0
2025-05-14 00:00:00-04:00,179.3585726166325,180.4451763127186,169.819452569527,170.627197265625,12212000,0.0,0.0
2025-05-15 00:00:00-04:00,171.1849581909531,175.1179198542467,169.7906336150366,174.7044219970703,12073300,0.0,0.0
2025-05-16 00:00:00-04:00,174.33902257275167,177.00267303747518,173.58897170401707,176.95458984375,6152800,0.0,0.0
2025-05-19 00:00:00-04:00,177.1468997172285,178.66623759620052,175.5025484749641,178.57969665527344,5216700,0.0,0.0
2025-05-20 00:00:00-04:00,177.762342093216,178.85857146041093,176.58918254743685,177.7527313232422,5505100,0.0,0.0
2025-05-21 00:00:00-04:00,176.8680487069668,177.7142660324359,174.56981271886946,174.81983947753906,5140900,0.0,0.0
2025-05-22 00:00:00-04:00,174.44479871526048,176.51224397704343,173.32933318821853,175.53140258789062,4689200,0.0,0.0
2025-05-23 00:00:00-04:00,175.36792688440335,177.05073590049452,174.74288940474156,176.2237548828125,4027000,0.0,0.0
2025-05-27 00:00:00-04:00,177.19500029865316,178.84896247236392,176.8391963850399,178.58932495117188,5726700,0.0,0.0
2025-05-28 00:00:00-04:00,178.23350910852875,178.95471292525124,175.36791537890892,176.06027221679688,4787800,0.0,0.0
2025-05-29 00:00:00-04:00,176.41607768525586,179.57975200069185,175.67563765158513,178.49313354492188,4925900,0.0,0.0
2025-05-30 00:00:00-04:00,177.89694270800666,179.52205766744038,175.9833432852714,178.96432495117188,11609000,0.0,0.0
2025-06-02 00:00:00-04:00,178.59893018772027,179.81056213378906,176.1276124467238,179.81056213378906,4435600,0.0,0.0
2025-06-03 00:00:00-04:00,179.72399446623615,181.48373362995082,177.72386869089365,180.06056213378906,5335600,0.0,0.0
2025-06-04 00:00:00-04:00,181.17604991167676,182.8780806512931,180.0798205061053,180.14712524414062,4382200,0.0,0.0
2025-06-05 00:00:00-04:00,180.30095696463155,181.35872844799582,177.9450273948796,180.27210998535156,4417900,0.0,0.0
2025-06-06 00:00:00-04:00,181.25297170238963,183.17618212649845,181.07026436443033,182.54151916503906,3607800,0.0,0.0
2025-06-09 00:00:00-04:00,183.19539019270283,184.42624359977202,181.7529824807064,181.89723205566406,4661500,0.0,0.0
2025-06-10 00:00:00-04:00,181.78182206700845,184.51279170873102,181.5510462331512,182.2241668701172,4087500,0.0,0.0
2025-06-11 00:00:00-04:00,182.07031401588918,185.3205440903141,181.8010657500359,184.1473846435547,3908000,0.0,0.0
2025-06-12 00:00:00-04:00,184.82050441182875,186.15713496545013,180.21442226131373,185.0320587158203,5781400,0.0,0.0
2025-06-13 00:00:00-04:00,184.2050660841027,186.04173530149563,182.9838235286772,183.74349975585938,4965700,0.0,0.0
2025-06-16 00:00:00-04:00,183.57042491459907,184.30125424972562,181.67606151633282,183.53196716308594,4203900,0.0,0.0
2025-06-17 00:00:00-04:00,181.8972351173984,183.29155966121183,177.92580112151595,178.3585205078125,4733900,0.0,0.0
2025-06-18 00:00:00-04:00,178.13735827995964,179.93555525794727,176.64686732737658,178.36814880371094,3573200,0.0,0.0
2025-06-20 00:00:00-04:00,178.94511701181125,179.91634770260384,177.08922592687338,178.18545532226562,12158100,0.0,0.0
2025-06-23 00:00:00-04:00,177.40654165909785,178.66624207392923,175.30062400618056,176.70455932617188,5157900,0.0,0.0
2025-06-24 00:00:00-04:00,177.4353901335739,178.99318581413442,176.15645349631316,178.42584228515625,4074400,0.0,0.0
2025-06-25 00:00:00-04:00,178.18541646554883,179.9066830273795,177.5507536190032,178.27195739746094,4471100,0.0,0.0
2025-06-26 00:00:00-04:00,179.36819779558672,181.73375279327632,178.65660474065552,179.6182098388672,5734000,0.0,0.0
2025-06-27 00:00:00-04:00,180.6855955201304,180.7817619009517,174.75249371211137,175.3102264404297,29264700,0.0,0.0
2025-06-30 00:00:00-04:00,175.42561093550108,179.09894945182788,174.77172651205217,178.49313354492188,6482600,0.0,0.0
2025-07-01 00:00:00-04:00,177.9065691715018,184.39740414022162,177.3103786548979,182.69537353515625,5937600,0.0,0.0
2025-07-02 00:00:00-04:00,182.4164896605617,185.19552789072398,182.25301854972037,183.42617797851562,4658200,0.0,0.0
2025-07-03 00:00:00-04:00,183.81081592803412,184.11853661464556,181.6183573911825,182.0126190185547,3706200,0.0,0.0
2025-07-07 00:00:00-04:00,182.16649800009753,184.04162527308216,179.6567077507392,180.42599487304688,11049100,0.0,0.0
2025-07-08 00:00:00-04:00,179.618231579567,185.5898064183401,179.50284364915262,182.48382568359375,7106900,0.0,0.0
2025-07-09 00:00:00-04:00,181.26256456688475,183.7531182985818,181.08948268881915,183.30116271972656,5594100,0.0,0.0
2025-07-10 00:00:00-04:00,183.1857923067533,189.91702876946866,182.28188106266256,187.5130157470703,6049400,0.0,0.0
2025-07-11 00:00:00-04:00,186.44562688629307,186.55140404251276,183.82044886566177,185.0609130859375,4991000,0.0,0.0
2025-07-14 00:00:00-04:00,184.35895935039653,185.27248140155888,182.7434549035692,184.16664123535156,4072800,0.0,0.0
2025-07-15 00:00:00-04:00,184.48669696980684,184.9328475464658,179.44315014042792,180.78163146972656,6729200,1.64,0.0
2025-07-16 00:00:00-04:00,181.29568941203,185.63119102190868,180.88832873186396,184.84556579589844,6202600,0.0,0.0
2025-07-17 00:00:00-04:00,183.3130897932729,186.33920590476268,182.59535067467027,185.640869140625,4853100,0.0,0.0
2025-07-18 00:00:00-04:00,185.74757597661375,186.55260356053472,182.89605120904363,183.56527709960938,5332000,0.0,0.0
2025-07-21 00:00:00-04:00,183.91444200115455,184.18601578335807,179.07459761143647,179.28797912597656,4954800,0.0,0.0
2025-07-22 00:00:00-04:00,179.37527615560367,182.53717951458472,179.3364714421874,181.47998046875,4432100,0.0,0.0
2025-07-23 00:00:00-04:00,181.42178019442792,185.05894493449398,181.15020641114253,184.81646728515625,4344500,0.0,0.0
2025-07-24 00:00:00-04:00,185.02014236645198,186.45562072291906,184.2733218535951,185.08804321289062,3462700,0.0,0.0
2025-07-25 00:00:00-04:00,185.64089113142316,185.64089113142316,182.85725232218854,184.55459594726562,3786800,0.0,0.0
2025-07-28 00:00:00-04:00,185.45661130590463,185.45661130590463,181.9940233793343,182.84754943847656,3776900,0.0,0.0
2025-07-29 00:00:00-04:00,183.45858652108998,186.69809921611153,182.20740834222556,185.46630859375,6715500,0.0,0.0
2025-07-30 00:00:00-04:00,185.99975606989298,186.90176580545275,182.35288281732196,183.61376953125,5008400,0.0,0.0
2025-07-31 00:00:00-04:00,191.13057892151147,192.8473248135255,181.97462056365157,183.33250427246094,10347900,0.0,0.0
2025-08-01 00:00:00-04:00,184.2054330041684,191.13059460852836,184.07933988094803,189.34596252441406,8082000,0.0,0.0
2025-08-04 00:00:00-04:00,188.94826111858285,191.43122961725356,187.89106223119973,191.25665283203125,4217500,0.0,0.0
2025-08-05 00:00:00-04:00,191.60583406900207,193.8754212272593,190.5680226660675,192.57574462890625,4153400,0.0,0.0
2025-08-06 00:00:00-04:00,191.29547293343728,192.09080676851988,188.81250404286268,190.39346313476562,4057200,0.0,0.0
2025-08-07 00:00:00-04:00,191.12088328064453,193.8172335165731,190.58742950022824,192.8764190673828,4683300,0.0,0.0
2025-08-08 00:00:00-04:00,193.0898118281151,194.3022001271165,191.20818282011908,192.09080505371094,4101700,0.0,0.0
2025-08-11 00:00:00-04:00,192.21685955175295,193.42924770050402,190.96568149409225,192.66302490234375,6067800,0.0,0.0
2025-08-12 00:00:00-04:00,192.12957115696128,194.00150615445614,191.12087072905078,192.66302490234375,3049800,0.0,0.0
2025-08-13 00:00:00-04:00,193.74934424191127,195.65037560937316,193.21590522930103,195.40789794921875,3558500,0.0,0.0
2025-08-14 00:00:00-04:00,195.72795366602017,198.88985675886508,194.8162353730808,198.5212860107422,4635400,0.0,0.0
2025-08-15 00:00:00-04:00,199.71429610783858,200.61630586611082,198.17214179873105,200.4708251953125,4430900,0.0,0.0
2025-08-18 00:00:00-04:00,200.38352728512288,202.07116218495455,199.76278511973385,200.35443115234375,6083500,0.0,0.0
2025-08-19 00:00:00-04:00,200.31563641568397,201.54742703008526,198.9286713519549,199.98587036132812,3975500,0.0,0.0
2025-08-20 00:00:00-04:00,200.4320197623234,205.320377478821,200.4320197623234,202.85679626464844,5782100,0.0,0.0
2025-08-21 00:00:00-04:00,202.84710539039114,206.05750715748243,202.5852253804859,203.19627380371094,5323900,0.0,0.0
2025-08-22 00:00:00-04:00,204.49593739584498,205.10698577998662,200.88786895553707,204.26316833496094,5516900,0.0,0.0
2025-08-25 00:00:00-04:00,203.97220103496488,204.94211162971064,200.81999160204117,201.30494689941406,2796200,0.0,0.0
2025-08-26 00:00:00-04:00,201.2758548078449,202.3039576909774,200.35444268426357,202.090576171875,3702900,0.0,0.0
2025-08-27 00:00:00-04:00,202.53671725577917,204.08856517247366,201.55709818121247,201.79957580566406,3459100,0.0,0.0
2025-08-28 00:00:00-04:00,201.40193834284298,201.75110676499838,199.30694260957253,201.663818359375,4523100,0.0,0.0
2025-08-29 00:00:00-04:00,201.74141892527936,204.65115092900936,201.64442193862345,204.06919860839844,4264700,0.0,0.0
2025-09-02 00:00:00-04:00,203.81701730980186,205.77624090817372,202.70162601548998,205.54345703125,4335500,0.0,0.0
2025-09-03 00:00:00-04:00,206.02840757703154,206.99831817562392,205.11668924640892,205.48526000976562,3973500,0.0,0.0
2025-09-04 00:00:00-04:00,205.8635246921593,207.74515362266243,205.29128099051675,206.59095764160156,3531600,0.0,0.0
2025-09-05 00:00:00-04:00,206.15449079267006,207.89062416894268,204.65112647710046,206.1641845703125,4465400,0.0,0.0
2025-09-08 00:00:00-04:00,204.64144362680707,205.62104800878214,201.36314105002072,203.4775390625,5525500,0.0,0.0
2025-09-09 00:00:00-04:00,203.2253574682762,204.37955339703026,202.8276905886842,204.0885772705078,3097100,0.0,0.0
2025-09-10 00:00:00-04:00,203.90428843306626,205.882914220077,202.16815508042183,205.27186584472656,4520600,0.0,0.0
2025-09-11 00:00:00-04:00,213.71979733203878,215.0970685481616,210.2281134040791,213.5937042236328,7647700,0.0,0.0
2025-09-12 00:00:00-04:00,212.5268080221167,213.7489048618951,211.6635881716304,211.77027893066406,4418800,0.0,0.0
2025-09-15 00:00:00-04:00,212.99236797072805,212.99236797072805,207.86153274644678,211.06224060058594,5162100,0.0,0.0
2025-09-16 00:00:00-04:00,211.76057536631518,212.1291461167916,209.3454927323411,209.7528533935547,4251000,0.0,0.0
2025-09-17 00:00:00-04:00,212.5074309126297,214.88370906284,210.76158876973525,214.1659698486328,5258400,0.0,0.0
2025-09-18 00:00:00-04:00,214.4181393632151,215.38804994474754,213.3027333146562,215.31045532226562,4445600,0.0,0.0
2025-09-19 00:00:00-04:00,215.72751774454963,216.76532920899746,214.9224901561542,215.77601623535156,14415100,0.0,0.0
2025-09-22 00:00:00-04:00,215.7663167064003,218.38507234363288,214.76729518142326,215.89239501953125,5990700,0.0,0.0
2025-09-23 00:00:00-04:00,215.32983668837434,217.6479223196159,215.25224206812294,215.9117889404297,4629900,0.0,0.0
2025-09-24 00:00:00-04:00,215.3201509440244,215.5529348134635,211.96425379133422,213.37063598632812,5074500,0.0,0.0
2025-09-25 00:00:00-04:00,213.47735230786304,215.57234818505373,211.46963004262935,211.9642791748047,6666000,0.0,0.0
2025-09-26 00:00:00-04:00,213.9913872198035,214.81580237622694,211.12044524064336,213.97198486328125,4185600,0.0,0.0
2025-09-29 00:00:00-04:00,214.10774829001872,216.5228308239763,213.1766276746194,216.4452362060547,4958400,0.0,0.0
2025-09-30 00:00:00-04:00,216.34825200979594,225.3587296025878,215.87300529649383,224.57308959960938,9187300,0.0,0.0
2025-10-01 00:00:00-04:00,226.60991844739544,237.44381838205877,225.01926561006934,237.02676391601562,12243100,0.0,0.0
2025-10-02 00:00:00-04:00,233.6417617555966,235.36820142420663,227.46343602466055,229.44204711914062,8107700,0.0,0.0
2025-10-03 00:00:00-04:00,229.77183437708874,231.65346346591312,226.6778317368454,226.87181091308594,6547300,0.0,0.0
2025-10-06 00:00:00-04:00,224.73798586943187,225.9406655107791,221.0620165019738,223.2637176513672,11940300,0.0,0.0
2025-10-07 00:00:00-04:00,224.33059406170923,227.036652656926,220.74192815518708,225.8242645263672,4901000,0.0,0.0
2025-10-08 00:00:00-04:00,224.51490408461635,225.98917235720373,222.76906202492884,224.28213500976562,5412800,0.0,0.0
2025-10-09 00:00:00-04:00,226.25104354000916,226.75538638228556,223.68077164139464,223.74867248535156,4607600,0.0,0.0
2025-10-10 00:00:00-04:00,224.54398113701376,227.61859573656187,223.5643768310547,223.5643768310547,6156900,0.0,0.0
2025-10-13 00:00:00-04:00,223.07943097372473,226.77478787538723,222.32290191352584,223.3704071044922,5411900,0.0,0.0
2025-10-14 00:00:00-04:00,221.20750813804906,223.70986435479261,220.66434579367944,222.23561096191406,5527600,0.0,0.0
2025-10-15 00:00:00-04:00,221.95230989688548,223.66188977160718,220.11574279636199,220.9949493408203,5459400,1.64,0.0
2025-10-16 00:00:00-04:00,220.9949477453818,222.84129340049773,220.25250700000703,221.6299285888672,4737500,0.0,0.0
2025-10-17 00:00:00-04:00,222.26492444682466,225.38124669678064,221.57131691495485,224.267578125,7150000,0.0,0.0
2025-10-20 00:00:00-04:00,225.66454341594357,226.8954355591978,224.68764063059317,226.70005798339844,5246700,0.0,0.0
2025-10-21 00:00:00-04:00,226.78797296834108,227.43273237655458,224.52156628449666,226.0455322265625,3298100,0.0,0.0
2025-10-22 00:00:00-04:00,226.3190616980245,226.79774941899083,223.15389137426683,223.3981170654297,3523500,0.0,0.0
2025-10-23 00:00:00-04:00,223.7009712793892,224.55087192157671,222.00115508866074,222.97805786132812,5818000,0.0,0.0
2025-10-24 00:00:00-04:00,223.49580666093246,223.7497960059047,221.0242439323409,222.72406005859375,3554700,0.0,0.0
2025-10-27 00:00:00-04:00,222.68496855345603,223.31996425531776,221.87413751979872,222.76312255859375,2784400,0.0,0.0
2025-10-28 00:00:00-04:00,221.75694862031477,223.12460665807444,219.12907754900445,222.2844696044922,3724200,0.0,0.0
2025-10-29 00:00:00-04:00,222.36259497140676,222.73382277940533,218.8652814039152,219.93988037109375,5469300,0.0,0.0
2025-10-30 00:00:00-04:00,221.8057974095394,224.345735902474,221.18058017520963,222.92922973632812,5020700,0.0,0.0
2025-10-31 00:00:00-04:00,217.84932008320254,218.69922073232811,211.01100061870739,213.00387573242188,10825300,0.0,0.0
2025-11-03 00:00:00-05:00,211.67528311431965,213.9417046750593,206.80054787662974,207.06431579589844,8874300,0.0,0.0
2025-11-04 00:00:00-05:00,207.4648320844697,212.06605059215002,207.4648320844697,210.90353393554688,6184000,0.0,0.0
2025-11-05 00:00:00-05:00,210.75700546743985,212.40795859999662,207.6895314168152,211.76321411132812,4928200,0.0,0.0
2025-11-06 00:00:00-05:00,210.9035361952691,214.6059910957348,210.6690741666541,213.98077392578125,6615300,0.0,0.0
2025-11-07 00:00:00-05:00,214.24453665000928,215.88574099781468,212.07581138355204,214.09800720214844,4647900,0.0,0.0
2025-11-10 00:00:00-05:00,211.98790641062376,214.78184899920225,211.15753307274113,213.65841674804688,4530800,0.0,0.0
2025-11-11 00:00:00-05:00,213.94170426925564,220.21341819468788,213.94170426925564,219.9691925048828,4802400,0.0,0.0
2025-11-12 00:00:00-05:00,220.19388222598585,228.59525215667873,220.08642232316234,227.84303283691406,8583200,0.0,0.0
2025-11-13 00:00:00-05:00,228.3412646299307,233.76306321615613,226.79775642533633,226.92474365234375,7968500,0.0,0.0
2025-11-14 00:00:00-05:00,228.21426203599535,229.57215632181493,225.00025840628555,226.99313354492188,5461500,0.0,0.0
2025-11-17 00:00:00-05:00,227.8723471646892,229.91408539392876,223.93542997985105,228.5952606201172,5023100,0.0,0.0
2025-11-18 00:00:00-05:00,229.5721666945914,231.71158629263428,226.74891809192061,228.46826171875,6232600,0.0,0.0
2025-11-19 00:00:00-05:00,228.14586462953739,232.6493869615893,225.03932099937285,227.53042602539062,7618400,0.0,0.0
2025-11-20 00:00:00-05:00,227.87234213775844,229.52331025749953,222.73383876756597,224.1503448486328,4283600,0.0,0.0
2025-11-21 00:00:00-05:00,225.22493734290398,232.51262368343018,224.82440362836653,230.8225860595703,8017600,0.0,0.0
2025-11-24 00:00:00-05:00,230.54905832772153,232.13163607671763,223.20274517672019,224.20895385742188,10225900,0.0,0.0
2025-11-25 00:00:00-05:00,225.00024828604296,228.67339725569084,224.99046971848787,226.44606018066406,7134100,0.0,0.0
2025-11-26 00:00:00-05:00,226.68051160731343,227.11035121002126,221.4052426254616,222.4016876220703,5920800,0.0,0.0
2025-11-28 00:00:00-05:00,221.61040694167733,222.82175687797908,220.30134585612794,222.44076538085938,2655600,0.0,0.0
2025-12-01 00:00:00-05:00,221.9425430496452,224.18942240544223,218.80667859422815,219.91058349609375,5208300,0.0,0.0
2025-12-02 00:00:00-05:00,219.62728601447526,221.39547762792668,217.95677573337036,219.1876678466797,5096700,0.0,0.0
2025-12-03 00:00:00-05:00,219.64680496768864,225.45937319636306,219.33420384719665,224.92208862304688,4872900,0.0,0.0
2025-12-04 00:00:00-05:00,224.79510240635307,225.6059335137126,222.33330319297798,223.4274444580078,3732900,0.0,0.0
2025-12-05 00:00:00-05:00,223.64234882544994,223.95496487367123,219.85197613206554,220.85818481445312,3985200,0.0,0.0
2025-12-08 00:00:00-05:00,220.85819164443043,220.8972611984895,217.25341784855294,217.966552734375,4006100,0.0,0.0
2025-12-09 00:00:00-05:00,218.7187603625964,219.62728768910102,215.14329265041,217.8395538330078,4267900,0.0,0.0
2025-12-10 00:00:00-05:00,219.80312278670303,220.7604833255062,215.89551171493943,219.9789581298828,8735200,0.0,0.0
2025-12-11 00:00:00-05:00,220.33065239431838,220.74096469059342,217.10688505831573,218.8066864013672,4170600,0.0,0.0
2025-12-12 00:00:00-05:00,218.52339079607194,218.65039293073227,215.99321610910297,218.1619415283203,5467600,0.0,0.0
2025-12-15 00:00:00-05:00,219.06069868622512,223.026921840269,218.3963970022703,222.19654846191406,5971900,0.0,0.0
2025-12-16 00:00:00-05:00,221.18056422529378,221.60062526987542,216.7845016710119,218.50384521484375,6405900,0.0,0.0
2025-12-17 00:00:00-05:00,218.7089825706066,221.18054522406703,217.71253763679317,219.12904357910156,5243400,0.0,0.0
2025-12-18 00:00:00-05:00,218.82621525889815,221.03401010013388,217.6441563766061,217.67347717285156,4760400,0.0,0.0
2025-12-19 00:00:00-05:00,217.80047648791552,224.16988692381207,217.21434375116482,221.5811004638672,18968800,0.0,0.0
2025-12-22 00:00:00-05:00,220.88749178584516,223.3688183287326,219.0704519891459,222.6459197998047,4828100,0.0,0.0
2025-12-23 00:00:00-05:00,222.94875787293896,225.45939031385612,222.64592039041136,223.50558471679688,3612100,0.0,0.0
2025-12-24 00:00:00-05:00,224.16013911624924,225.46918538456643,223.6912150060586,224.5802001953125,1744900,0.0,0.0
2025-12-26 00:00:00-05:00,224.5117977087588,225.28354432434963,223.39811426093806,224.6680908203125,1593900,0.0,0.0
2025-12-29 00:00:00-05:00,224.83417442617286,226.66099280636442,224.43365560527607,225.50823974609375,3803000,0.0,0.0
2025-12-30 00:00:00-05:00,225.4398634773064,225.8697030946043,223.33951351211968,224.43365478515625,2348000,0.0,0.0
2025-12-31 00:00:00-05:00,224.43365290462978,224.93186796249393,223.1538977251782,223.2125244140625,3196900,0.0,0.0
2026-01-02 00:00:00-05:00,223.45675347349484,225.41055908779236,220.49673916034243,224.01358032226562,3336800,0.0,0.0
2026-01-05 00:00:00-05:00,221.75693617254836,221.99139821144107,212.82804515374926,215.09445190429688,9341300,0.0,0.0
2026-01-06 00:00:00-05:00,214.67439635348114,219.02161095479502,214.47901876924254,218.75784301757812,9151700,0.0,0.0
2026-01-07 00:00:00-05:00,220.0375833149246,231.56502397283765,219.5491319342892,228.0286407470703,10285400,0.0,0.0
2026-01-08 00:00:00-05:00,225.79153575355045,226.1920545493415,217.96653524226505,218.95321655273438,9365900,0.0,0.0
2026-01-09 00:00:00-05:00,218.58199654264465,219.92034857825814,213.9417083478846,214.99676513671875,6714200,0.0,0.0
2026-01-12 00:00:00-05:00,216.08111921274156,217.35109575464344,213.3457885624189,214.95767211914062,6546100,0.0,0.0
2026-01-13 00:00:00-05:00,214.4594834717001,215.65130615234375,210.86448810516202,215.65130615234375,4872600,0.0,0.0
2026-01-14 00:00:00-05:00,215.89551074995413,218.18145963919358,211.98789969565632,216.76495361328125,8426400,0.0,0.0
2026-01-15 00:00:00-05:00,217.38041621669825,217.87863128067283,210.8449340700102,211.74368286132812,6954200,0.0,0.0
2026-01-16 00:00:00-05:00,212.32468842695135,214.03818095119146,210.621053146631,211.08389282226562,8649700,1.73,0.0
2026-01-20 00:00:00-05:00,208.47426902451306,210.7786102294922,206.76079147396874,210.7786102294922,8251400,0.0,0.0
2026-01-21 00:00:00-05:00,209.23252589606938,214.67826226424765,208.3462455027405,212.8564453125,10727100,0.0,0.0
2026-01-22 00:00:00-05:00,212.98447305317677,215.71226990750898,211.4876295593915,214.78659057617188,5650900,0.0,0.0
2026-01-23 00:00:00-05:00,213.9495419537121,216.4705471250413,212.59057962550767,215.9190673828125,5816400,0.0,0.0
2026-01-26 00:00:00-05:00,215.7713571956343,218.10524000133958,215.170651343692,217.40606689453125,6553400,0.0,0.0
2026-01-27 00:00:00-05:00,217.5143994733617,223.40327646890066,217.28789322355433,220.51791381835938,5747400,0.0,0.0
2026-01-28 00:00:00-05:00,220.19294641136008,220.61638716105196,213.39807474457828,215.3380584716797,5215800,0.0,0.0
2026-01-29 00:00:00-05:00,214.6782619530531,220.72470414278948,214.6782619530531,217.07122802734375,7834000,0.0,0.0
2026-01-30 00:00:00-05:00,217.15001648010207,220.60654315661586,216.2144949250442,219.61192321777344,6622200,0.0,0.0
2026-02-02 00:00:00-05:00,221.42390258684242,226.28861777924718,221.00044680551576,222.2018585205078,5413000,0.0,0.0
2026-02-03 00:00:00-05:00,220.5376067649115,225.21522965577242,220.23233272781906,222.2215576171875,8158500,0.0,0.0
2026-02-04 00:00:00-05:00,206.58350684346283,217.48483655614857,201.15747006906125,213.80181884765625,15319700,0.0,0.0
2026-02-05 00:00:00-05:00,213.59501692260497,216.5197632520078,210.77859508785727,215.68272399902344,10794000,0.0,0.0
2026-02-06 00:00:00-05:00,215.41683068459741,222.3791098649407,215.17064002095788,220.0255126953125,6067100,0.0,0.0
2026-02-09 00:00:00-05:00,220.0156741541782,220.54745441124436,216.76595433458394,219.8581085205078,6767700,0.0,0.0
2026-02-10 00:00:00-05:00,220.34065011262308,222.36925883347655,218.55823206228652,219.0506134033203,6044500,0.0,0.0
2026-02-11 00:00:00-05:00,218.88320828366528,220.7345519311951,214.72750851134595,217.52423095703125,8072400,0.0,0.0
2026-02-12 00:00:00-05:00,218.1938877185254,225.55990881325556,217.54394070320856,224.0335235595703,8712000,0.0,0.0
2026-02-13 00:00:00-05:00,224.93949378280422,231.16320124979194,224.52589525259853,227.97256469726562,8252200,0.0,0.0
2026-02-17 00:00:00-05:00,229.11489433651246,231.66542613375927,227.6672919594186,229.3118438720703,7336400,0.0,0.0
2026-02-18 00:00:00-05:00,230.4344701326818,230.4344701326818,222.62530919080277,225.23492431640625,5495100,0.0,0.0
2026-02-19 00:00:00-05:00,225.4811174367331,225.8750165076434,219.62178235579546,220.9315185546875,5410800,0.0,0.0
2026-02-20 00:00:00-05:00,221.61098217100812,223.23584957413843,219.71039745174485,221.38449096679688,6830300,0.0,0.0
2026-02-23 00:00:00-05:00,222.37911738476012,227.90362163841004,222.34956067994113,225.98333740234375,5463200,0.0,0.0
2026-02-24 00:00:00-05:00,225.51066271664155,227.24383969312285,224.2009264968359,224.95919799804688,4880800,0.0,0.0
2026-02-25 00:00:00-05:00,226.2098529948559,229.00657553772885,223.0290585625995,223.4623565673828,5410900,0.0,0.0
2026-02-26 00:00:00-05:00,224.12213263907722,224.30923995073329,217.76057420048568,221.26632690429688,5331300,0.0,0.0
2026-02-27 00:00:00-05:00,221.67009217651702,228.73083900868136,221.63069325337082,228.54373168945312,8018100,0.0,0.0
2026-03-02 00:00:00-05:00,230.09965737391593,232.06918278492,228.36646539540905,230.6905059814453,7438800,0.0,0.0
2026-03-03 00:00:00-05:00,229.80421900308835,232.11841730553274,226.73176425795876,230.29660034179688,6595700,0.0,0.0
2026-03-04 00:00:00-05:00,230.00117945647355,233.4970901325881,228.54373483203983,232.5911102294922,5380800,0.0,0.0
2026-03-05 00:00:00-05:00,229.8633196782122,231.2222970838492,224.52590736762747,228.80963134765625,9423100,0.0,0.0
2026-03-06 00:00:00-05:00,226.84993518075905,228.0710463328807,223.3441823882998,226.60374450683594,6139600,0.0,0.0
2026-03-09 00:00:00-04:00,226.46588977315912,227.16506290770764,219.82858345936515,223.98428344726562,7915800,0.0,0.0
2026-03-10 00:00:00-04:00,224.19108439790529,227.74607841746533,222.71394031819258,223.5509796142578,6466800,0.0,0.0
2026-03-11 00:00:00-04:00,222.6056166320373,225.79623823906152,221.86704458948,224.2107696533203,5299200,0.0,0.0
2026-03-12 00:00:00-04:00,221.6897681939918,224.33878218924437,220.16339807148051,221.9359588623047,7607000,0.0,0.0
2026-03-13 00:00:00-04:00,223.43281810608008,225.13645344371216,216.09633867769944,216.33267211914062,5676100,0.0,0.0
2026-03-16 00:00:00-04:00,217.7211836763293,220.95120415900206,216.9629272095003,218.07569885253906,3991800,0.0,0.0
2026-03-17 00:00:00-04:00,218.6566956638033,219.87780677864117,216.41143798828125,216.41143798828125,4405700,0.0,0.0
2026-03-18 00:00:00-04:00,215.17064338274338,215.66302471771533,204.43673629086913,205.1654510498047,8597000,0.0,0.0
2026-03-19 00:00:00-04:00,205.19499221537362,207.22360090618636,201.18701597237956,203.0876007080078,7006800,0.0,0.0
2026-03-20 00:00:00-04:00,203.12700949432545,204.61399578498018,199.9659145666147,201.94529724121094,27982400,0.0,0.0
2026-03-23 00:00:00-04:00,204.20040006816654,205.44119569713197,200.12348297152388,201.8074188232422,7419900,0.0,0.0
2026-03-24 00:00:00-04:00,199.94622728053946,202.87097392521315,198.72513105602079,202.0733184814453,6990500,0.0,0.0
2026-03-25 00:00:00-04:00,203.70801606871223,206.48503911465264,202.72325335253868,204.02313232421875,6000100,0.0,0.0
2026-03-26 00:00:00-04:00,204.03298132507572,208.22806491702647,202.6247628841719,207.90309143066406,4576300,0.0,0.0
2026-03-27 00:00:00-04:00,208.19852968482243,210.23699570067572,205.93357245374762,206.2093048095703,5654000,0.0,0.0
2026-03-30 00:00:00-04:00,209.0257231146787,210.68013224711012,207.56827854122412,209.87261962890625,7491200,0.0,0.0
2026-03-31 00:00:00-04:00,211.78305952371684,215.83043473893997,211.5762677756691,214.17604064941406,8311700,0.0,0.0
2026-04-01 00:00:00-04:00,215.04262967714786,217.09093793141716,210.49303073356393,211.70428466796875,5702800,0.0,0.0
2026-04-02 00:00:00-04:00,210.72937379173766,211.29068071229892,204.54506529039327,205.6578369140625,5151100,0.0,0.0
2026-04-06 00:00:00-04:00,203.88526156484158,205.81540305674832,202.1717840940153,203.5406036376953,4929100,0.0,0.0
2026-04-07 00:00:00-04:00,203.08761294527287,203.34366087107026,198.5872550973625,203.22547912597656,8801600,0.0,0.0
2026-04-08 00:00:00-04:00,203.11714928029073,208.98634158928198,201.44305569400052,208.36593627929688,5477500,0.0,0.0
2026-04-09 00:00:00-04:00,206.28808422407798,210.2566766651806,205.55936944984106,209.16358947753906,4477800,0.0,0.0
2026-04-10 00:00:00-04:00,210.29608008246763,210.83770257914364,204.5844533495221,204.7715606689453,4633200,0.0,0.0
2026-04-13 00:00:00-04:00,203.28456042719137,204.9094279257695,199.91667373871107,203.32395935058594,7532500,0.0,0.0
2026-04-14 00:00:00-04:00,201.67940223886336,207.21376375707712,200.9506724376383,207.0561981201172,6199400,0.0,0.0
2026-04-15 00:00:00-04:00,207.51295446683528,208.33709020370273,204.09726447580036,206.9469757080078,5952100,1.73,0.0
2026-04-16 00:00:00-04:00,206.31149980107602,208.17821762418268,205.0604103893249,207.51295471191406,5075400,0.0,0.0
2026-04-17 00:00:00-04:00,208.17822468465647,210.8492154452588,206.35123258145273,206.9072723388672,8986600,0.0,0.0
2026-04-20 00:00:00-04:00,206.47037901159248,206.85762206655826,201.40641738424267,202.27027893066406,5774300,0.0,0.0
2026-04-21 00:00:00-04:00,202.56814769727748,204.7426722301592,199.4999900020088,203.67030334472656,7772100,0.0,0.0
2026-04-22 00:00:00-04:00,203.71993928067758,204.5341511234929,198.3978209952055,199.08294677734375,7646200,0.0,0.0
2026-04-23 00:00:00-04:00,199.6290692013965,201.3269751816899,198.99359304867002,199.52976989746094,7461100,0.0,0.0
2026-04-24 00:00:00-04:00,197.52404949122166,198.83472762743767,195.74670703178018,197.3056182861328,7605800,0.0,0.0
2026-04-27 00:00:00-04:00,196.6006291525273,199.9964563834118,194.84313443753496,195.98501586914062,7467600,0.0,0.0
2026-04-28 00:00:00-04:00,197.26588570943002,197.77227579864916,195.05165061416844,196.29281616210938,6313100,0.0,0.0
2026-04-29 00:00:00-04:00,190.64302403770057,204.37528118102975,189.4018585166218,202.44898986816406,10406300,0.0,0.0
2026-04-30 00:00:00-04:00,207.52288175637523,213.35139038132547,206.6987460059277,209.8264923095703,10319200,0.0,0.0
2026-05-01 00:00:00-04:00,209.50874344835918,209.50874344835918,204.11712760742685,205.1398468017578,6343100,0.0,0.0
2026-05-04 00:00:00-04:00,204.25614598247176,206.86754808759213,203.4220711892264,206.68882751464844,4579300,0.0,0.0
2026-05-05 00:00:00-04:00,207.49309242759287,208.03920829775223,204.3752851836201,204.65330505371094,4490500,0.0,0.0
2026-05-06 00:00:00-04:00,204.65330144761927,205.5469345641726,202.12132074945646,203.5809326171875,7290000,0.0,0.0
2026-05-07 00:00:00-04:00,203.47171598154063,205.53701729713268,200.60214180502433,201.27734375,6681100,0.0,0.0
2026-05-08 00:00:00-04:00,200.49291420797542,200.96951753154104,198.60634865360774,200.1255340576172,4915400,0.0,0.0
2026-05-11 00:00:00-04:00,200.58227007975088,203.92846259391789,200.58227007975088,201.34683227539062,4931700,0.0,0.0
2026-05-12 00:00:00-04:00,203.1440369712674,209.8264829612744,202.07166815644783,206.39093017578125,7044100,0.0,0.0
2026-05-13 00:00:00-04:00,205.39800437440988,208.04913216115733,202.85609976169084,207.0264129638672,5705700,0.0,0.0
2026-05-14 00:00:00-04:00,208.01935177404684,212.0010055111805,206.8774854977185,209.28038024902344,5006500,0.0,0.0
2026-05-15 00:00:00-04:00,211.59391456232896,213.40104377193384,207.54274828298603,208.90306091308594,5385000,0.0,0.0
2026-05-18 00:00:00-04:00,208.88319936472857,209.86620796671846,206.21220858989463,207.92999267578125,5069000,0.0,0.0
2026-05-19 00:00:00-04:00,208.4165171613416,214.27482776219156,207.25478800199255,212.24923706054688,7220300,0.0,0.0
2026-05-20 00:00:00-04:00,211.8520665116434,212.98400888991557,210.0052115627839,210.799560546875,5129000,0.0,0.0
2026-05-21 00:00:00-04:00,209.45909559010315,214.11595116679868,208.01934657952725,212.9840087890625,3813800,0.0,0.0
2026-05-22 00:00:00-04:00,215.4663370381466,218.455058194335,214.17552185058594,214.17552185058594,5406100,0.0,0.0
2026-05-26 00:00:00-04:00,214.3939681019095,215.51598659419918,210.41231451873963,211.61375427246094,4706700,0.0,0.0
2026-05-27 00:00:00-04:00,211.61375503785547,214.41383176826292,209.8661994120553,213.8776397705078,4640100,0.0,0.0
2026-05-28 00:00:00-04:00,214.37410714597283,217.82952293635012,214.37410714597283,217.08482360839844,5189300,0.0,0.0
2026-05-29 00:00:00-04:00,217.47207439989498,218.04797705213986,213.38118230997378,216.18125915527344,7618500,0.0,0.0
2026-06-01 00:00:00-04:00,213.7386289796587,214.9698706446199,210.01513237495973,211.4250946044922,4858400,0.0,0.0
2026-06-02 00:00:00-04:00,209.51866700051227,215.03938404866173,207.51295439675928,213.8776397705078,5861800,0.0,0.0
2026-06-03 00:00:00-04:00,213.28189403213514,217.9883841649017,212.21944903448474,215.59542846679688,5667500,0.0,0.0
2026-06-04 00:00:00-04:00,220.92746221119617,223.39986937747335,218.28625835257904,223.3502197265625,6782000,0.0,0.0
2026-06-05 00:00:00-04:00,225.76304863468368,228.84114532178216,224.40273601246867,225.62403869628906,6248900,0.0,0.0
2026-06-08 00:00:00-04:00,225.147438206934,226.9645064502679,219.60687319060779,221.4934539794922,4915600,0.0,0.0
2026-06-09 00:00:00-04:00,223.21121474064327,225.53467300567257,220.1529810183117,223.8268280029297,4257500,0.0,0.0
2026-06-10 00:00:00-04:00,225.32615522106838,225.53467770347956,222.5360174407216,223.3601531982422,4147300,0.0,0.0
2026-06-11 00:00:00-04:00,224.41265352113243,225.941777951073,222.45657541784976,223.18142700195312,4569000,0.0,0.0
2026-06-12 00:00:00-04:00,225.89212843996987,226.7857615690241,222.73461057642814,226.12049865722656,4086500,0.0,0.0
2026-06-15 00:00:00-04:00,224.40273095075224,224.89919716966983,218.4451363237411,220.02389526367188,5261900,0.0,0.0
2026-06-16 00:00:00-04:00,221.7317341490814,221.92039373121457,217.60113168546346,220.89767456054688,5945500,0.0,0.0
2026-06-17 00:00:00-04:00,220.8281720258257,221.26506473036358,217.2834110384559,219.66644287109375,5624200,0.0,0.0
2026-06-18 00:00:00-04:00,219.80544559961086,220.7785302826924,213.84785106246724,214.95994567871094,9646100,0.0,0.0
2026-06-22 00:00:00-04:00,220.37142727506134,230.67807080928134,220.37142727506134,228.38438415527344,9912800,0.0,0.0
2026-06-23 00:00:00-04:00,231.32347241312564,233.64693069306986,229.66527705174937,233.10081481933594,7365600,0.0,0.0
2026-06-24 00:00:00-04:00,234.67959222816853,235.68244855520894,231.20432862932248,233.2299041748047,7311000,0.0,0.0
2026-06-25 00:00:00-04:00,232.00859009712372,242.88119693489142,232.00859009712372,241.4215850830078,10278100,0.0,0.0
2026-06-26 00:00:00-04:00,243.52659824465232,251.55943298339844,242.93084788720816,251.55943298339844,52635100,0.0,0.0
2026-06-29 00:00:00-04:00,251.26156010049706,254.18078393459402,247.43876409852305,252.5126495361328,9760500,0.0,0.0
2026-06-30 00:00:00-04:00,253.19776473656486,253.6942309419307,248.3324019843584,249.86151123046875,6999700,0.0,0.0
2026-07-01 00:00:00-04:00,248.97780738382934,250.0203894678692,245.81035050083676,249.28561401367188,6988000,0.0,0.0
2026-07-02 00:00:00-04:00,250.51686213593447,259.79086280661,248.7395045519223,259.2248840332031,7113400,0.0,0.0
2026-07-06 00:00:00-04:00,258.0830074623675,259.07593988053287,251.80766730710835,252.95945739746094,8580200,0.0,0.0
2026-07-07 00:00:00-04:00,255.39213955934298,258.50996190666103,252.4729309679583,252.85023498535156,8238300,0.0,0.0
2026-07-08 00:00:00-04:00,251.4601407009564,254.0119843469605,248.9281599460388,250.95375061035156,7578700,0.0,0.0
2026-07-09 00:00:00-04:00,249.42462925015664,253.0587656656278,246.2373245594484,248.1437530517578,5526000,0.0,0.0
2026-07-10 00:00:00-04:00,249.2359601195237,249.88137528006084,243.31809140864215,246.32667541503906,5780700,0.0,0.0
2026-07-13 00:00:00-04:00,246.61461830329182,247.9749460102823,242.88119788876747,246.2472381591797,4156400,0.0,0.0
2026-07-14 00:00:00-04:00,244.25145797848666,244.678411658044,241.47124409798792,243.0500030517578,5246800,0.0,0.0
2026-07-15 00:00:00-04:00,243.32000732421875,247.75,243.07000732421875,244.11000061035156,6389000,1.73,0.0
2026-07-16 00:00:00-04:00,244.75,254.5399932861328,243.5,254.38999938964844,6555500,0.0,0.0
2026-07-17 00:00:00-04:00,257.0,260.9599914550781,254.2899932861328,254.49000549316406,6872400,0.0,0.0
2026-07-20 00:00:00-04:00,253.10000610351562,256.1499938964844,252.67999267578125,253.3800048828125,4332400,0.0,0.0
2026-07-21 00:00:00-04:00,253.6999969482422,257.05999755859375,252.60000610351562,256.1000061035156,4819300,0.0,0.0
2026-07-22 00:00:00-04:00,257.80999755859375,257.80999755859375,252.25,253.3000030517578,4953200,0.0,0.0
2026-07-23 00:00:00-04:00,253.97999572753906,258.3800048828125,253.10000610351562,256.9200134277344,4622700,0.0,0.0
2026-07-24 00:00:00-04:00,258.5400085449219,260.2200012207031,256.7699890136719,259.3599853515625,4195000,0.0,0.0
2026-07-27 00:00:00-04:00,259.0,262.1000061035156,256.7799987792969,256.9100036621094,5404400,0.0,0.0
2026-07-28 00:00:00-04:00,262.8299865722656,266.9200134277344,261.45001220703125,263.20001220703125,7058400,0.0,0.0
2026-07-29 00:00:00-04:00,264.2099914550781,267.4700012207031,262.760009765625,263.29998779296875,5562300,0.0,0.0
2026-07-30 00:00:00-04:00,258.3800048828125,259.8900146484375,253.50999450683594,257.4100036621094,6403400,0.0,0.0
2026-07-31 00:00:00-04:00,252.5399932861328,255.52000427246094,247.0,250.94000244140625,7258200,0.0,0.0
2026-08-03 00:00:00-04:00,251.4499969482422,256.20001220703125,244.44000244140625,245.10000610351562,7435600,0.0,0.0
2026-08-04 00:00:00-04:00,246.74000549316406,246.91000366210938,242.38999938964844,243.8000030517578,8028800,0.0,0.0
2026-08-05 00:00:00-04:00,247.0,249.3800048828125,243.75999450683594,246.1999969482422,5193700,0.0,0.0
2026-08-06 00:00:00-04:00,249.0399932861328,249.9499969482422,241.1999969482422,243.8699951171875,4570200,0.0,0.0
2026-08-07 00:00:00-04:00,243.6199951171875,246.75999450683594,241.9499969482422,246.0399932861328,4930700,0.0,0.0
2026-08-10 00:00:00-04:00,245.64999389648438,248.00999450683594,244.02999877929688,247.97000122070312,4209500,0.0,0.0
2026-08-11 00:00:00-04:00,248.13999938964844,250.77000427246094,247.17999267578125,250.08999633789062,4485200,0.0,0.0
2026-08-12 00:00:00-04:00,245.97999572753906,250.08999633789062,245.52000427246094,248.75999450683594,3780500,0.0,0.0
2026-08-13 00:00:00-04:00,252.94000244140625,255.3000030517578,249.35000610351562,250.82000732421875,4369500,0.0,0.0
2026-08-14 00:00:00-04:00,250.60000610351562,250.61000061035156,247.67999267578125,249.4600067138672,3987418,0.0,0.0
