Date,Open,High,Low,Close,Volume,Dividends,Stock Splits
2021-08-30 00:00:00-04:00,112.99007511427088,114.49624985377378,112.83583030525533,114.26941680908203,3151800,0.0,0.0
2021-08-31 00:00:00-04:00,114.68678764413114,115.42172448648306,114.24219681921166,114.6595687866211,6190300,0.0,0.0
2021-09-01 00:00:00-04:00,114.06980546511728,115.64856155724834,113.8338971544877,115.59412384033203,3484200,0.0,0.0
2021-09-02 00:00:00-04:00,115.68485836901615,116.90976240731037,115.53968189066597,116.58312225341797,3402700,0.0,0.0
2021-09-03 00:00:00-04:00,117.04587754721419,117.40880496293158,116.27463948282292,116.99143981933594,2463300,0.0,0.0
2021-09-07 00:00:00-04:00,116.24739466930464,116.583116990934,115.2765564343417,116.49237823486328,2765500,0.0,0.0
2021-09-08 00:00:00-04:00,116.64662990305983,117.5176749402681,116.13852606668468,117.10029602050781,3121200,0.0,0.0
2021-09-09 00:00:00-04:00,117.1819774607777,117.1819774607777,115.53063964220284,116.12040710449219,4546900,0.0,0.0
2021-09-10 00:00:00-04:00,116.13852658150888,117.44508722071745,116.13852658150888,116.86439514160156,4127400,0.0,0.0
2021-09-13 00:00:00-04:00,117.65374938200317,117.68096823687323,113.2441149107996,114.88639068603516,5811000,0.0,0.0
2021-09-14 00:00:00-04:00,115.54875342690346,116.12944547679683,114.96806137701009,115.27655792236328,4197400,0.0,0.0
2021-09-15 00:00:00-04:00,115.12231564226475,116.30184343692486,114.57791766608348,115.67578887939453,4803200,0.0,0.0
2021-09-16 00:00:00-04:00,116.02056998993226,116.11130182473674,114.59605872407639,115.63041687011719,3317100,0.0,0.0
2021-09-17 00:00:00-04:00,115.03158941146035,115.95707224627184,114.74124334850688,115.04066467285156,10045200,0.0,0.0
2021-09-20 00:00:00-04:00,113.96092499641715,114.84103835391657,112.33679949835864,113.29857635498047,5262200,0.0,0.0
2021-09-21 00:00:00-04:00,113.93369796624599,115.03156903867401,113.50725074753532,113.53446960449219,4918600,0.0,0.0
2021-09-22 00:00:00-04:00,113.8702072300218,114.08796505059709,112.67252883326324,113.0989761352539,6553400,0.0,0.0
2021-09-23 00:00:00-04:00,113.79761140375274,114.23313393829501,113.24413816641996,113.68873596191406,4161500,0.0,0.0
2021-09-24 00:00:00-04:00,113.24413879029755,113.85205667429464,112.75417853213669,112.84491729736328,3045700,0.0,0.0
2021-09-27 00:00:00-04:00,111.9012760916663,112.05552089630262,109.28815506067481,109.40611267089844,6481200,0.0,0.0
2021-09-28 00:00:00-04:00,108.51693193297947,108.66210841066903,107.0379829090932,107.73662567138672,5855200,0.0,0.0
2021-09-29 00:00:00-04:00,107.8999551948009,108.93431346051847,107.7638539656494,108.3899154663086,4511300,0.0,0.0
2021-09-30 00:00:00-04:00,108.75284675202741,109.48778367769647,107.15594001391597,107.18315887451172,4786200,0.0,0.0
2021-10-01 00:00:00-04:00,107.24664546244634,107.45533487964684,104.43391749398648,106.348388671875,8173200,0.0,0.0
2021-10-04 00:00:00-04:00,105.80400949787497,106.6750475882605,104.21617813133568,104.82408905029297,5903500,0.0,0.0
2021-10-05 00:00:00-04:00,105.35033677979443,106.11249246513927,104.8240824699735,105.14164733886719,4238400,0.0,0.0
2021-10-06 00:00:00-04:00,105.02369790256158,105.76770999957593,103.79880086657874,105.69512176513672,5498900,0.0,0.0
2021-10-07 00:00:00-04:00,106.65691085517159,107.70941268623615,106.56617209046954,106.98355102539062,4505800,0.0,0.0
2021-10-08 00:00:00-04:00,107.14686493160917,108.27196193568007,106.9018882634429,107.4190673828125,7193200,0.0,0.0
2021-10-11 00:00:00-04:00,107.20130414866598,107.91809743964721,106.02176948302184,106.04898834228516,3873200,0.0,0.0
2021-10-12 00:00:00-04:00,106.97445833149725,107.34646090104859,105.62253541098018,106.44820404052734,4599200,0.0,0.0
2021-10-13 00:00:00-04:00,106.61154119377463,107.2738967934284,105.64977120753362,106.15787506103516,3935100,0.0,0.0
2021-10-14 00:00:00-04:00,106.2580726308839,107.18712178209192,106.23985202939791,107.08692932128906,4977400,0.45,0.0
2021-10-15 00:00:00-04:00,107.55144219737547,107.77915103996013,106.68614442608033,107.01404571533203,6012400,0.0,0.0
2021-10-18 00:00:00-04:00,106.83187943352132,107.0140437245513,105.93015437941513,106.4037857055664,5275800,0.0,0.0
2021-10-19 00:00:00-04:00,106.62240049862044,109.46420973611296,106.62240049862044,108.69910430908203,5880000,0.0,0.0
2021-10-20 00:00:00-04:00,112.51551707878014,113.67228214653913,111.29500074808051,112.31513214111328,8401900,0.0,0.0
2021-10-21 00:00:00-04:00,112.49729117588056,114.40093397819281,112.11473499602333,113.89997863769531,4984000,0.0,0.0
2021-10-22 00:00:00-04:00,114.31895625271373,115.53036208785123,113.74512548694683,115.42106628417969,5742300,0.0,0.0
2021-10-25 00:00:00-04:00,115.21156978302976,115.53947108860274,114.21876251552247,115.29354858398438,4426900,0.0,0.0
2021-10-26 00:00:00-04:00,115.67609669639428,117.29738260909829,115.48482209480679,116.7053451538086,3994000,0.0,0.0
2021-10-27 00:00:00-04:00,117.49777829950706,117.86210693648594,116.01311895136047,116.32279968261719,4128600,0.0,0.0
2021-10-28 00:00:00-04:00,116.61426676167429,117.44313039378488,115.7125415716419,116.32279968261719,3645300,0.0,0.0
2021-10-29 00:00:00-04:00,115.9129312283879,117.5068864531179,115.52127167341892,117.39759063720703,4692200,0.0,0.0
2021-11-01 00:00:00-04:00,117.16986945443205,117.9805124332443,116.85107149383069,117.44312286376953,3494700,0.0,0.0
2021-11-02 00:00:00-04:00,117.79835567922562,117.98051999771508,115.94025044431537,116.32279968261719,8069600,0.0,0.0
2021-11-03 00:00:00-04:00,116.02220777368194,117.2609513909535,115.64876888280654,117.2245101928711,5110600,0.0,0.0
2021-11-04 00:00:00-04:00,117.45221840613237,117.94407728988868,116.75998852697865,117.5797348022461,4675900,0.0,0.0
2021-11-05 00:00:00-04:00,115.74896460814587,115.96756315897389,112.87983170067795,113.28060150146484,7989800,0.0,0.0
2021-11-08 00:00:00-05:00,112.94360012346623,115.88560179719978,112.77053915762211,115.49394226074219,4930000,0.0,0.0
2021-11-09 00:00:00-05:00,115.40284389027983,116.1315149993365,114.99297073463713,115.15692138671875,5130300,0.0,0.0
2021-11-10 00:00:00-05:00,114.93831452070705,116.68711671701327,114.8107981282132,116.4229736328125,5358900,0.0,0.0
2021-11-11 00:00:00-05:00,116.55961888848688,117.46135102789428,115.89470592248051,115.90381622314453,5054800,0.0,0.0
2021-11-12 00:00:00-05:00,116.53228223729472,117.36114577931683,115.78539749406897,116.9968032836914,6462200,0.0,0.0
2021-11-15 00:00:00-05:00,117.28830899007174,118.59079728117791,116.823773919839,117.89856719970703,4565800,0.0,0.0
2021-11-16 00:00:00-05:00,118.08070920800482,119.86595283586286,118.08070920800482,119.21925354003906,4141300,0.0,0.0
2021-11-17 00:00:00-05:00,118.9642092509011,119.04618109932468,117.07877334768942,117.15164184570312,4759900,0.0,0.0
2021-11-18 00:00:00-05:00,117.78013442576653,117.88943023660572,116.1042004677485,116.25904083251953,4466100,0.0,0.0
2021-11-19 00:00:00-05:00,116.9603833160087,117.06967912242601,115.18425002137458,115.53036499023438,6867700,0.0,0.0
2021-11-22 00:00:00-05:00,115.47572207232034,115.49394267359183,113.56296893708759,114.09125518798828,4205400,0.0,0.0
2021-11-23 00:00:00-05:00,113.40812229111444,113.75423725574805,112.23314374261432,113.38079833984375,4873700,0.0,0.0
2021-11-24 00:00:00-05:00,113.00734697965908,114.1094569717636,112.94358878008684,113.91818237304688,3729500,0.0,0.0
2021-11-26 00:00:00-05:00,116.4138727202709,118.18089565748163,114.25519722390807,114.65596008300781,4671400,0.0,0.0
2021-11-29 00:00:00-05:00,115.0840540275998,117.44312138100221,114.18232890676732,116.6142578125,5648200,0.0,0.0
2021-11-30 00:00:00-05:00,116.76910128360862,117.30649086064521,114.1641113546607,114.55577087402344,7269900,0.0,0.0
2021-12-01 00:00:00-05:00,115.2024502187582,117.0241138446071,113.96371367184841,115.43926239013672,4816700,0.0,0.0
2021-12-02 00:00:00-05:00,115.02940998550707,118.27198891773422,115.02940998550707,116.93305969238281,5090800,0.0,0.0
2021-12-03 00:00:00-05:00,117.3884878114708,118.8276096198189,116.61427204997274,118.65454864501953,5254500,0.0,0.0
2021-12-06 00:00:00-05:00,119.10082873446265,121.39613777295297,118.96420898739264,120.65836334228516,6601600,0.0,0.0
2021-12-07 00:00:00-05:00,122.05196826512913,122.12483677964434,120.04813275982886,120.61284637451172,5143600,0.0,0.0
2021-12-08 00:00:00-05:00,120.95894244535506,121.55097988893887,119.42873176466532,120.56727600097656,5389400,0.0,0.0
2021-12-09 00:00:00-05:00,120.68569637323692,121.2413065502058,119.75664032851522,120.71302032470703,2663300,0.0,0.0
2021-12-10 00:00:00-05:00,121.52367084590321,122.50737485453219,121.0227085408264,122.38896179199219,4371800,0.0,0.0
2021-12-13 00:00:00-05:00,122.50738554646182,124.78447449713954,122.50738554646182,123.83721160888672,5094800,0.0,0.0
2021-12-14 00:00:00-05:00,123.80984515996603,123.87361030701685,120.2302688273987,121.08645629882812,8193300,0.0,0.0
2021-12-15 00:00:00-05:00,121.63294803411398,123.57303180114263,121.05001395880534,123.47283935546875,6422300,0.0,0.0
2021-12-16 00:00:00-05:00,123.3635670151028,124.42924292266693,122.59846850171019,123.95560455322266,6984100,0.0,0.0
2021-12-17 00:00:00-05:00,125.27628080297927,126.85203587564826,124.68424341842889,124.88462829589844,12146000,0.0,0.0
2021-12-20 00:00:00-05:00,124.05578517721156,125.52223080370341,122.25233488256342,122.94456481933594,6501200,0.0,0.0
2021-12-21 00:00:00-05:00,123.89185928890967,124.94841799738506,121.50546062224171,123.20873260498047,7153800,0.0,0.0
2021-12-22 00:00:00-05:00,123.76431677273878,126.62433933059646,123.68233102528247,126.59701538085938,6768900,0.0,0.0
2021-12-23 00:00:00-05:00,127.19813906860254,127.7264251895545,126.35106894417068,126.75183868408203,3491800,0.0,0.0
2021-12-27 00:00:00-05:00,127.35304710824303,129.8851691004819,126.99780786283095,128.84681701660156,3801700,0.0,0.0
2021-12-28 00:00:00-05:00,128.95605790794625,129.0744709393028,127.63534955927004,127.94503021240234,3296000,0.0,0.0
2021-12-29 00:00:00-05:00,127.94505795379294,129.02895437301243,126.90670608714285,128.60086059570312,2848900,0.0,0.0
2021-12-30 00:00:00-05:00,128.80124127139595,129.11092198148685,128.05434954891655,128.42779541015625,2809100,0.0,0.0
2021-12-31 00:00:00-05:00,128.42777591719965,129.1291229821564,128.17274314780514,128.1909637451172,3271800,0.0,0.0
2022-01-03 00:00:00-05:00,126.9977958090529,127.36213837300393,124.97575364667748,126.64257049560547,6688100,0.0,0.0
2022-01-04 00:00:00-05:00,127.06155913081211,127.19817890391182,122.74419362364337,123.66414642333984,8241200,0.0,0.0
2022-01-05 00:00:00-05:00,123.09939562977216,124.81177058579692,123.02654103007505,123.10851287841797,5948200,0.0,0.0
2022-01-06 00:00:00-05:00,122.96280797174065,124.06492518064263,121.94267653082203,123.09032440185547,5710200,0.0,0.0
2022-01-07 00:00:00-05:00,122.85347798093535,124.03755283204268,122.39806030028033,123.47283935546875,4367500,0.0,0.0
2022-01-10 00:00:00-05:00,122.77151404141132,123.41821337803047,121.97909158376636,123.1996078491211,5975600,0.0,0.0
2022-01-11 00:00:00-05:00,123.17227852540677,123.84630178647363,122.08838207647007,123.60037231445312,5709400,0.0,0.0
2022-01-12 00:00:00-05:00,122.86261200616588,123.60038660930731,120.71303946086279,121.79693603515625,8416000,0.0,0.0
2022-01-13 00:00:00-05:00,121.01083704139144,121.41302046899398,118.30524831305421,118.50634002685547,7174500,0.47,0.0
2022-01-14 00:00:00-05:00,119.27414295065482,119.36553939333716,116.10238791805759,117.1444091796875,9256900,0.0,0.0
2022-01-18 00:00:00-05:00,116.44974753064685,116.93419198356261,114.75875967614732,115.69108581542969,5850100,0.0,0.0
2022-01-19 00:00:00-05:00,115.85561313698784,116.61427484145857,115.01469043917274,115.21578216552734,3996400,0.0,0.0
2022-01-20 00:00:00-05:00,115.38943646190731,116.91590217182045,113.89954048845105,113.9909439086914,8652600,0.0,0.0
2022-01-21 00:00:00-05:00,115.91045760331016,116.16639000029387,114.12806628600592,115.01469421386719,10132700,0.0,0.0
2022-01-24 00:00:00-05:00,113.35113112457712,113.79901283694002,110.30734862562751,113.17745971679688,10864500,0.0,0.0
2022-01-25 00:00:00-05:00,112.50104110954122,113.90867601146692,111.13910442814608,112.6747055053711,9126600,0.0,0.0
2022-01-26 00:00:00-05:00,108.94539603623005,111.2213738686082,108.77172466444674,109.749755859375,14753100,0.0,0.0
2022-01-27 00:00:00-05:00,110.58154611784578,112.58330678558043,109.44812141273854,110.08795928955078,9179500,0.0,0.0
2022-01-28 00:00:00-05:00,110.38960782212779,114.74047959207529,109.32931544251409,114.5759506225586,8286500,0.0,0.0
2022-01-31 00:00:00-05:00,114.73132948802802,116.9616093760417,114.37485124017464,116.50458526611328,7210000,0.0,0.0
2022-02-01 00:00:00-05:00,116.42231548267449,116.68739028325344,115.38943660910243,116.26692199707031,5602000,0.0,0.0
2022-02-02 00:00:00-05:00,117.22668332179302,119.50266839326802,116.87020507659996,118.86282348632812,7450500,0.0,0.0
2022-02-03 00:00:00-05:00,117.57402379479545,119.68547289384085,117.23581647847743,118.92681121826172,5613300,0.0,0.0
2022-02-04 00:00:00-05:00,118.42407215782393,119.30156448954142,117.54659377337389,118.56118774414062,4149700,0.0,0.0
2022-02-07 00:00:00-05:00,118.70742166997812,118.780547191272,116.70566108340108,117.04386138916016,4035200,0.0,0.0
2022-02-08 00:00:00-05:00,116.56857841305447,117.85738986151794,116.23038500567462,117.5923080444336,3890900,0.0,0.0
2022-02-09 00:00:00-05:00,118.38751922044432,119.54835031839232,118.29610882736549,119.2741470336914,3434200,0.0,0.0
2022-02-10 00:00:00-05:00,117.5191847546384,118.75314146662971,116.23950889554112,116.77880096435547,5917700,0.0,0.0
2022-02-11 00:00:00-05:00,116.79708988704697,117.83910438427608,114.39314538442802,114.70391845703125,4803200,0.0,0.0
2022-02-14 00:00:00-05:00,114.25602528301089,114.77703247935605,111.49560278057247,112.22683715820312,7433900,0.0,0.0
2022-02-15 00:00:00-05:00,113.51563395347418,114.63990919324266,112.80267756266811,113.32368469238281,5298000,0.0,0.0
2022-02-16 00:00:00-05:00,112.83923486328636,113.44250995506798,111.11168451665151,113.04946899414062,5078100,0.0,0.0
2022-02-17 00:00:00-05:00,112.41879509346902,112.59246649682466,110.11539651493659,110.2159423828125,3688300,0.0,0.0
2022-02-18 00:00:00-05:00,109.68578770999207,109.96914043001316,104.96929549111782,106.75169372558594,12376100,0.0,0.0
2022-02-22 00:00:00-05:00,106.52317743332632,109.07337273304393,106.12099399614763,107.40980529785156,8372800,0.0,0.0
2022-02-23 00:00:00-05:00,107.85768579674173,108.62548292456056,106.93449517755882,107.17214965820312,5184200,0.0,0.0
2022-02-24 00:00:00-05:00,105.11554014853155,108.69860732166148,104.59453296761029,108.51580047607422,6252600,0.0,0.0
2022-02-25 00:00:00-05:00,108.51580133272776,112.36394334388142,108.3147096168138,111.88864135742188,5837700,0.0,0.0
2022-02-28 00:00:00-05:00,110.64553581131563,110.65467127216777,108.90884286151618,110.25249481201172,6828400,0.0,0.0
2022-03-01 00:00:00-05:00,109.96913942054147,110.74608598859618,107.29097784959487,108.01307678222656,6697700,0.0,0.0
2022-03-02 00:00:00-05:00,108.4244048156556,110.645542319365,108.09534689113312,110.01484680175781,6419800,0.0,0.0
2022-03-03 00:00:00-05:00,110.41703168364894,111.5778698958426,110.13367198332234,110.57241821289062,5223100,0.0,0.0
2022-03-04 00:00:00-05:00,109.62180726274752,111.29451723943293,108.78088454364827,110.97460174560547,5911400,0.0,0.0
2022-03-07 00:00:00-05:00,110.17936954712695,110.499285018574,107.18129260276447,108.64376831054688,6632000,0.0,0.0
2022-03-08 00:00:00-05:00,107.77541634589792,108.79000333553527,105.76450631321617,106.130126953125,6694000,0.0,0.0
2022-03-09 00:00:00-05:00,107.76628307308282,108.95454153675522,106.43177355156101,108.21416473388672,5004700,0.0,0.0
2022-03-10 00:00:00-05:00,107.10817062102396,107.68401848869875,105.78280349243701,106.94364166259766,4377600,0.0,0.0
2022-03-11 00:00:00-05:00,107.34583033036574,107.91253579078558,104.09181376922274,104.21977996826172,8012400,0.0,0.0
2022-03-14 00:00:00-04:00,105.02415296633811,107.13560234600567,104.73165778398747,105.59085845947266,5527500,0.0,0.0
2022-03-15 00:00:00-04:00,107.40064788806117,107.66572266436557,106.23066747791299,107.38236999511719,5041200,0.0,0.0
2022-03-16 00:00:00-04:00,108.0496346412012,109.26532039562622,106.90707441492977,109.21047973632812,4441800,0.0,0.0
2022-03-17 00:00:00-04:00,108.7717502901625,110.81921657830063,108.52496031168518,110.78265380859375,3998900,0.0,0.0
2022-03-18 00:00:00-04:00,111.27620526311412,112.12627021029198,110.30731658249766,111.92517852783203,7823800,0.0,0.0
2022-03-21 00:00:00-04:00,111.44988876672433,112.51932340512226,110.7460747750429,111.29450225830078,4135100,0.0,0.0
2022-03-22 00:00:00-04:00,111.41332244873047,111.99831267535235,110.83747465573398,111.41332244873047,4479600,0.0,0.0
2022-03-23 00:00:00-04:00,110.70037020441065,110.81919395147035,106.70597734335097,106.8705062866211,5656000,0.0,0.0
2022-03-24 00:00:00-04:00,107.29096996144214,107.74799403910423,106.58715595024151,107.69315338134766,4505800,0.0,0.0
2022-03-25 00:00:00-04:00,108.45182578215935,109.05509399822671,107.62003853095828,108.72603607177734,2896300,0.0,0.0
2022-03-28 00:00:00-04:00,109.11906581190048,109.6857781763197,108.50665522408819,109.6766357421875,5350900,0.0,0.0
2022-03-29 00:00:00-04:00,111.35849746166768,111.57786708410639,109.05509201834033,109.85945892333984,5126100,0.0,0.0
2022-03-30 00:00:00-04:00,109.56695204616274,110.36216945753462,109.20133139879343,110.03311157226562,4064800,0.0,0.0
2022-03-31 00:00:00-04:00,109.8777324523985,110.1336648306773,107.94909020712498,108.1867446899414,5432600,0.0,0.0
2022-04-01 00:00:00-04:00,108.62547249640271,108.7443032121341,107.18128180315384,108.38782501220703,4314000,0.0,0.0
2022-04-04 00:00:00-04:00,107.73885710719605,108.75345110364046,107.46463987489015,108.66204071044922,4037200,0.0,0.0
2022-04-05 00:00:00-04:00,108.09533983970573,110.77350128903136,107.98565154747537,109.21047973632812,6113400,0.0,0.0
2022-04-06 00:00:00-04:00,108.77172061989816,109.85944005765981,107.63830296269471,109.63092803955078,5485100,0.0,0.0
2022-04-07 00:00:00-04:00,109.32015553691225,113.53391799659943,109.03680284666231,112.76612091064453,5863500,0.0,0.0
2022-04-08 00:00:00-04:00,112.81184253514353,113.6710501917294,111.61444146162216,112.65645599365234,5093900,0.0,0.0
2022-04-11 00:00:00-04:00,112.86666354121405,112.88494143499096,109.48468135452806,109.72233581542969,4071100,0.0,0.0
2022-04-12 00:00:00-04:00,109.49383359553214,110.24335283292478,107.60175411981935,108.21416473388672,4432300,0.0,0.0
2022-04-13 00:00:00-04:00,107.88377945899622,109.94858473990614,107.59929741630575,109.645751953125,4407900,0.47,0.0
2022-04-14 00:00:00-04:00,110.16885746893932,110.3523929518632,107.88380079838682,108.00310516357422,3140000,0.0,0.0
2022-04-18 00:00:00-04:00,107.38824884067722,108.59042938371176,106.03006943517882,106.71833801269531,4115900,0.0,0.0
2022-04-19 00:00:00-04:00,107.0762076609588,110.33401416569701,107.04867804565913,110.1045913696289,5120900,0.0,0.0
2022-04-20 00:00:00-04:00,109.64577588716271,113.83962547089743,107.82874376270244,112.5456771850586,8334200,0.0,0.0
2022-04-21 00:00:00-04:00,113.04121258754357,114.11490970895223,112.55483732749155,113.215576171875,7321100,0.0,0.0
2022-04-22 00:00:00-04:00,112.89438137377195,113.04121534340524,109.71917029545679,109.79258728027344,6710100,0.0,0.0
2022-04-25 00:00:00-04:00,109.35208971365648,110.40742902108975,108.14073057548492,110.13212585449219,4503500,0.0,0.0
2022-04-26 00:00:00-04:00,108.84735927510432,109.79258013848961,107.34234619140625,107.34234619140625,3366300,0.0,0.0
2022-04-27 00:00:00-04:00,107.63601406192775,108.81983668619051,106.57148878686517,107.11293029785156,4178700,0.0,0.0
2022-04-28 00:00:00-04:00,107.8746233689562,108.96667133853603,107.21388446217505,108.29676055908203,4960000,0.0,0.0
2022-04-29 00:00:00-04:00,107.42493766007969,108.07649762060346,103.81841069448427,104.157958984375,6815900,0.0,0.0
2022-05-02 00:00:00-04:00,104.15796521488413,104.63516162246445,101.20299803305258,103.5431137084961,4905000,0.0,0.0
2022-05-03 00:00:00-04:00,103.74500414587752,104.9288197602542,102.61624076755106,103.17603302001953,4491500,0.0,0.0
2022-05-04 00:00:00-04:00,103.24027796186357,106.7550375497083,101.98303827861339,106.17688751220703,5347400,0.0,0.0
2022-05-05 00:00:00-04:00,105.40601751193866,105.53449372679611,102.48775905752315,103.70829010009766,5703300,0.0,0.0
2022-05-06 00:00:00-04:00,103.28615713438649,104.31396689473253,101.83620322083674,103.0291976928711,4966800,0.0,0.0
2022-05-09 00:00:00-04:00,101.57924917253692,102.04726668038668,98.13790690137151,98.55086517333984,6478200,0.0,0.0
2022-05-10 00:00:00-04:00,99.94576333128614,100.60649518930927,97.46799260834058,97.96354675292969,6248300,0.0,0.0
2022-05-11 00:00:00-04:00,97.88094673275695,99.12900032318888,96.96325553294379,97.12843322753906,6636100,0.0,0.0
2022-05-12 00:00:00-04:00,96.81644618185446,99.12902551239374,96.01805211462674,99.08314514160156,8516100,0.0,0.0
2022-05-13 00:00:00-04:00,99.44101943286772,101.41405692189848,99.44101943286772,100.83590698242188,6159300,0.0,0.0
2022-05-16 00:00:00-04:00,100.39542669817881,101.42323644334884,98.93629393290522,100.6799087524414,7459000,0.0,0.0
2022-05-17 00:00:00-04:00,102.40517209973368,105.92911044580899,102.40517209973368,105.11236572265625,9172000,0.0,0.0
2022-05-18 00:00:00-04:00,104.084540588121,105.2591842757185,102.99249275431667,103.46051025390625,6933900,0.0,0.0
2022-05-19 00:00:00-04:00,102.80894678940967,103.70828727030101,101.42323107962514,103.1852035522461,6304800,0.0,0.0
2022-05-20 00:00:00-04:00,104.06619126347205,104.35985218937805,101.69854611005137,103.91935729980469,4509600,0.0,0.0
2022-05-23 00:00:00-04:00,104.47914343431638,105.8648591294572,103.64404806935435,105.56201934814453,4357000,0.0,0.0
2022-05-24 00:00:00-04:00,105.68134393460154,105.68134393460154,102.62542992262298,104.40574645996094,5272600,0.0,0.0
2022-05-25 00:00:00-04:00,103.88265362257094,105.47944154501566,103.10261740837203,103.87348175048828,3921700,0.0,0.0
2022-05-26 00:00:00-04:00,104.41491970629103,106.00252880757276,103.89183592174004,105.41520690917969,4027800,0.0,0.0
2022-05-27 00:00:00-04:00,106.52561117146914,107.29646852729368,105.97499777424744,107.08540344238281,3884800,0.0,0.0
2022-05-31 00:00:00-04:00,106.04841528501403,108.37017339236785,104.98389690836783,107.79203033447266,10563500,0.0,0.0
2022-06-01 00:00:00-04:00,108.1499274503738,108.28758255730035,105.1031923567849,105.60792541503906,4890200,0.0,0.0
2022-06-02 00:00:00-04:00,105.80063757679304,107.92968124876084,103.91019561846963,107.8379135131836,3856600,0.0,0.0
2022-06-03 00:00:00-04:00,107.16799510571788,107.87462136847739,106.75503679735252,106.97528076171875,3778200,0.0,0.0
2022-06-06 00:00:00-04:00,107.7185987457738,108.4986419263711,106.48889580473167,106.83761596679688,4205600,0.0,0.0
2022-06-07 00:00:00-04:00,106.54395989267726,107.58095555585759,105.73639405886092,107.25975799560547,3285600,0.0,0.0
2022-06-08 00:00:00-04:00,106.2136100007124,106.58986686843247,104.92884052762903,105.25003814697266,3683400,0.0,0.0
2022-06-09 00:00:00-04:00,105.20412009005284,105.93827586096728,103.40544615288363,103.43297576904297,3424700,0.0,0.0
2022-06-10 00:00:00-04:00,101.6893670640723,102.30422553409808,100.12011583754628,100.60649108886719,4805600,0.0,0.0
2022-06-13 00:00:00-04:00,98.81701400648359,99.20244272886234,96.66961240771772,97.19270324707031,5215300,0.0,0.0
2022-06-14 00:00:00-04:00,96.44935746081026,96.72466766060487,93.55862836868376,94.46714782714844,5890100,0.0,0.0
2022-06-15 00:00:00-04:00,95.73355448043009,97.34869310089974,94.21019058951657,96.1740493774414,5278100,0.0,0.0
2022-06-16 00:00:00-04:00,93.97160205354214,94.29279264767648,92.90707665420564,93.66876220703125,4793600,0.0,0.0
2022-06-17 00:00:00-04:00,92.90705881253143,95.15540654256358,92.90705881253143,94.09088134765625,10249200,0.0,0.0
2022-06-21 00:00:00-04:00,96.22911277512456,96.3117016335817,94.82504616991964,95.81615447998047,5338300,0.0,0.0
2022-06-22 00:00:00-04:00,95.02693938528313,97.80754297632124,94.78833768068185,96.7613754272461,5511600,0.0,0.0
2022-06-23 00:00:00-04:00,97.22940059599924,97.99108613494694,96.42183468811392,97.46800231933594,5064800,0.0,0.0
2022-06-24 00:00:00-04:00,98.19296624872872,100.6156706502653,97.66988250297489,100.4413070678711,14301600,0.0,0.0
2022-06-27 00:00:00-04:00,100.85428276490954,101.03781823797672,99.38597797608354,100.10177612304688,3804100,0.0,0.0
2022-06-28 00:00:00-04:00,100.25777854814271,100.88180893724096,98.10120530688957,98.16544342041016,4185500,0.0,0.0
2022-06-29 00:00:00-04:00,98.61510404931946,100.64320093672825,97.95436520788822,100.1201171875,4552100,0.0,0.0
2022-06-30 00:00:00-04:00,99.18410754726703,100.10179912634663,98.52336849010074,99.70719146728516,6070900,0.0,0.0
2022-07-01 00:00:00-04:00,99.30337252752437,101.37735677986598,98.78946765139432,101.14793395996094,3291700,0.0,0.0
2022-07-05 00:00:00-04:00,99.7897532554042,100.47802175284627,98.37650776715158,100.30366516113281,4752300,0.0,0.0
2022-07-06 00:00:00-04:00,99.8723651016195,100.48721671073919,99.22997686699401,99.74388885498047,3975300,0.0,0.0
2022-07-07 00:00:00-04:00,99.55115653096662,100.59732406573968,99.29419708260087,100.47801971435547,4149000,0.0,0.0
2022-07-08 00:00:00-04:00,99.78058484254983,100.87263280204763,99.61540011737956,100.26696014404297,3115500,0.0,0.0
2022-07-11 00:00:00-04:00,99.6612749906301,100.39543084012192,99.18407858946077,99.92740631103516,4041100,0.0,0.0
2022-07-12 00:00:00-04:00,99.56949888616478,101.28558401421017,98.8353430984143,99.3859634399414,5756300,0.0,0.0
2022-07-13 00:00:00-04:00,98.04614537824398,98.16544974062718,96.98162699973285,97.46800231933594,5087700,0.0,0.0
2022-07-14 00:00:00-04:00,96.44482451717454,97.63390905498345,95.6428888523506,97.44033813476562,4993600,0.47,0.0
2022-07-15 00:00:00-04:00,99.00736003159064,100.45453924893744,98.8690930678849,100.30705261230469,4617900,0.0,0.0
2022-07-18 00:00:00-04:00,100.06736160121,100.43607105433573,98.35286862184103,98.64783477783203,4499900,0.0,0.0
2022-07-19 00:00:00-04:00,99.94756744624247,101.39474673193259,99.51433422136162,101.3302230834961,5788400,0.0,0.0
2022-07-20 00:00:00-04:00,98.62019866076422,100.30703993314161,98.5188033690334,99.76319885253906,7300200,0.0,0.0
2022-07-21 00:00:00-04:00,100.1226898995525,102.0584060724245,99.9291189855202,102.03075408935547,5698000,0.0,0.0
2022-07-22 00:00:00-04:00,103.23827005011228,103.23827005011228,99.85537485324626,100.65731048583984,4733900,0.0,0.0
2022-07-25 00:00:00-04:00,100.5559184317314,100.77714836668365,99.06265504982468,100.01207733154297,3905600,0.0,0.0
2022-07-26 00:00:00-04:00,100.20566086569386,101.28413056230121,99.82773865286613,100.5559310913086,4824000,0.0,0.0
2022-07-27 00:00:00-04:00,100.82324803434773,101.98468075600564,100.12270756450357,101.38552856445312,3303500,0.0,0.0
2022-07-28 00:00:00-04:00,101.48692310686717,102.63913614630151,100.04896348406919,101.7265853881836,4736100,0.0,0.0
2022-07-29 00:00:00-04:00,101.23803527439287,101.27490693085878,100.06738303738565,100.32547760009766,4922900,0.0,0.0
2022-08-01 00:00:00-04:00,99.90144547892427,101.30254003328126,99.65257063485392,100.95226287841797,3871900,0.0,0.0
2022-08-02 00:00:00-04:00,101.04447426004978,102.22433925245046,100.04896053550543,100.1411361694336,3093800,0.0,0.0
2022-08-03 00:00:00-04:00,100.5743550368982,101.36707803418174,99.80006435075073,101.03524017333984,3866200,0.0,0.0
2022-08-04 00:00:00-04:00,101.7726739160928,101.96624485747343,101.00760279119545,101.13665008544922,2794000,0.0,0.0
2022-08-05 00:00:00-04:00,100.24250693943189,100.7679156600194,99.9106691124768,100.7033920288086,2789600,0.0,0.0
2022-08-08 00:00:00-04:00,101.2011684821422,101.37630710063594,100.09503983264712,100.47296905517578,2283800,0.0,0.0
2022-08-09 00:00:00-04:00,99.63413545305158,100.28859846997022,99.13638574413208,99.46822357177734,3943500,0.0,0.0
2022-08-10 00:00:00-04:00,101.17351030274176,101.74500338907174,100.65731415155912,101.64360809326172,3960900,0.0,0.0
2022-08-11 00:00:00-04:00,102.16901559497776,103.35810011329792,101.75422177738783,101.84639739990234,3281400,0.0,0.0
2022-08-12 00:00:00-04:00,102.18745678717477,102.80504120499583,101.80031494608241,102.75895690917969,2813300,0.0,0.0
2022-08-15 00:00:00-04:00,102.60224715619263,103.5240174320583,102.3349329322857,103.1460952758789,2949500,0.0,0.0
2022-08-16 00:00:00-04:00,102.74051377214278,103.72680768283051,102.712861789164,103.26592254638672,2897400,0.0,0.0
2022-08-17 00:00:00-04:00,102.89721709960064,103.35810225426927,101.73579157327123,101.9017105102539,3053500,0.0,0.0
2022-08-18 00:00:00-04:00,102.25200581296005,102.25200581296005,100.27941742904157,101.3578872680664,4143600,0.0,0.0
2022-08-19 00:00:00-04:00,101.83717630029759,102.13214248736921,100.8416627817251,101.45002746582031,5092700,0.0,0.0
2022-08-22 00:00:00-04:00,100.44531482220458,100.75871336139201,98.52803083201815,99.04421997070312,3496800,0.0,0.0
2022-08-23 00:00:00-04:00,98.46349718680568,98.50958851202711,97.26519305653713,97.71686553955078,4203000,0.0,0.0
2022-08-24 00:00:00-04:00,97.61548079933054,97.86435569779493,96.89650105648937,97.19146728515625,4278200,0.0,0.0
2022-08-25 00:00:00-04:00,97.007110070516,97.67078585049907,96.3710933084903,97.60626220703125,5249200,0.0,0.0
2022-08-26 00:00:00-04:00,97.65234318147283,97.98418103627213,93.67950859555573,93.92839050292969,5440700,0.0,0.0
2022-08-29 00:00:00-04:00,93.55969409602909,94.58285978618572,93.29237984042015,93.87309265136719,4229900,0.0,0.0
2022-08-30 00:00:00-04:00,94.41693580873579,94.68425005011274,93.87308765350691,94.20492553710938,4629700,0.0,0.0
2022-08-31 00:00:00-04:00,94.9146790135133,95.91019252146062,94.57362150637896,94.61971282958984,7600700,0.0,0.0
2022-09-01 00:00:00-04:00,94.3524107556617,96.69370821826993,94.04822486148299,96.63839721679688,4397900,0.0,0.0
2022-09-02 00:00:00-04:00,97.20067243305625,97.38503070710648,94.00213549446212,94.48145294189453,4103200,0.0,0.0
2022-09-06 00:00:00-04:00,94.48147024992933,95.79960226252305,94.24180796603493,94.67504119873047,4670400,0.0,0.0
2022-09-07 00:00:00-04:00,94.83173936476435,96.75824322157042,94.70269206708933,96.50936126708984,5100800,0.0,0.0
2022-09-08 00:00:00-04:00,95.5230523815975,99.15482956551185,95.48618072618399,98.62020111083984,8700700,0.0,0.0
2022-09-09 00:00:00-04:00,98.74924918983668,100.5374858128821,98.65707356682952,99.99364471435547,5781200,0.0,0.0
2022-09-12 00:00:00-04:00,100.27017531422509,101.09055034484686,100.02130041959076,100.74028015136719,4358100,0.0,0.0
2022-09-13 00:00:00-04:00,98.83220519421836,99.1640430396505,97.3205025794936,97.5601577758789,5300800,0.0,0.0
2022-09-14 00:00:00-04:00,97.64313451421822,98.4358575864069,96.79510747084652,97.50486755371094,3264200,0.0,0.0
2022-09-15 00:00:00-04:00,97.76294913147356,98.7031587118801,96.65682765957636,96.84117889404297,4237000,0.0,0.0
2022-09-16 00:00:00-04:00,96.59230456012526,96.7858754671537,95.32026415713167,95.86410522460938,8898200,0.0,0.0
2022-09-19 00:00:00-04:00,95.17278358348328,95.96550660499081,94.2510132824326,95.94706726074219,3816000,0.0,0.0
2022-09-20 00:00:00-04:00,94.74878070823985,94.97000363617262,93.3108211278517,94.30632781982422,4617100,0.0,0.0
2022-09-21 00:00:00-04:00,94.82252311459615,95.79037781031862,92.74853972476943,92.77619171142578,4720500,0.0,0.0
2022-09-22 00:00:00-04:00,92.22312740449779,93.86387752139707,92.03876911282106,93.163330078125,5567500,0.0,0.0
2022-09-23 00:00:00-04:00,92.53652638742886,92.99741156996713,91.08012752279599,92.80384063720703,6214600,0.0,0.0
2022-09-26 00:00:00-04:00,92.34294656651112,92.77617972160566,91.49491960007661,92.029541015625,6037800,0.0,0.0
2022-09-27 00:00:00-04:00,92.40747743497789,92.84993029656947,90.25053819516185,90.63768005371094,6377800,0.0,0.0
2022-09-28 00:00:00-04:00,90.39800978529449,91.50413129245348,89.93712465188675,90.99716186523438,7206900,0.0,0.0
2022-09-29 00:00:00-04:00,91.11700400066513,91.42118992504133,89.91870668221519,90.60081481933594,6698800,0.0,0.0
2022-09-30 00:00:00-04:00,90.98793988431021,91.7161392205197,89.10752774382284,89.19049072265625,6728400,0.0,0.0
2022-10-03 00:00:00-04:00,90.14912692369312,92.35215710367115,89.78041744311115,91.73456573486328,4817600,0.0,0.0
2022-10-04 00:00:00-04:00,92.85912172521871,95.13589509109546,92.6747705106534,95.01606750488281,5710800,0.0,0.0
2022-10-05 00:00:00-04:00,94.17727650015588,95.82724629734034,93.94683390891586,95.29261779785156,3803400,0.0,0.0
2022-10-06 00:00:00-04:00,94.8133006254711,95.13591884779648,93.90996257041022,94.43537139892578,6348100,0.0,0.0
2022-10-07 00:00:00-04:00,94.48145957459025,96.86884137260732,93.1356757260191,93.8270034790039,8485900,0.0,0.0
2022-10-10 00:00:00-04:00,94.13118559034233,94.31553683736692,92.47199623692381,93.2186279296875,4044600,0.0,0.0
2022-10-11 00:00:00-04:00,92.96054347772414,94.71190864506752,92.25999600427679,93.7901382446289,5304800,0.0,0.0
2022-10-12 00:00:00-04:00,93.3292478185558,93.93761962440429,92.23233885303787,92.25077819824219,4106200,0.0,0.0
2022-10-13 00:00:00-04:00,90.69489862115311,95.46441628512565,90.46336870606447,94.89948272705078,6250900,0.47,0.0
2022-10-14 00:00:00-04:00,95.55702324324253,96.2423497877185,93.3435979035208,93.4547348022461,6087200,0.0,0.0
2022-10-17 00:00:00-04:00,94.57533309021385,96.27012653439989,94.34380319757149,95.87189483642578,7315800,0.0,0.0
2022-10-18 00:00:00-04:00,97.99269567679863,98.78915896038745,96.92766397347623,97.2240219116211,8943900,0.0,0.0
2022-10-19 00:00:00-04:00,93.53807239705138,93.6955110211521,89.20383272018253,90.86158752441406,18525200,0.0,0.0
2022-10-20 00:00:00-04:00,89.38904891095282,90.51891580467166,87.99061358644721,88.17583465576172,12651200,0.0,0.0
2022-10-21 00:00:00-04:00,87.37938977865069,88.46294810083361,86.3606595509813,88.03693389892578,9859000,0.0,0.0
2022-10-24 00:00:00-04:00,88.95379892934827,91.21352616516506,88.81487956289143,91.02830505371094,8118000,0.0,0.0
2022-10-25 00:00:00-04:00,90.8245463163431,91.59322725834228,90.44484096528058,90.71340942382812,7114400,0.0,0.0
2022-10-26 00:00:00-04:00,90.84306810646588,92.16741941613323,90.64858383849496,91.14868927001953,8290100,0.0,0.0
2022-10-27 00:00:00-04:00,91.38020658362494,91.38020658362494,89.62057817411858,89.76876068115234,6610000,0.0,0.0
2022-10-28 00:00:00-04:00,90.12996288937994,92.6304830857384,90.0188259891541,92.13964080810547,5768100,0.0,0.0
2022-10-31 00:00:00-04:00,91.80622218001614,92.1488889337848,90.8986290397892,91.63026428222656,5885600,0.0,0.0
2022-11-01 00:00:00-04:00,92.26004808187756,92.90832905278134,91.35244765687962,91.97294616699219,5249400,0.0,0.0
2022-11-02 00:00:00-04:00,91.43578530278359,93.75108415302824,90.77823421147052,90.79676055908203,5196700,0.0,0.0
2022-11-03 00:00:00-04:00,89.65763763532942,89.8428657977029,88.30550384579662,89.32423400878906,4873400,0.0,0.0
2022-11-04 00:00:00-04:00,90.6022724827249,90.97272169628796,89.04639143834493,90.82453918457031,4902800,0.0,0.0
2022-11-07 00:00:00-05:00,91.48209563106177,92.64900833956989,90.88011646032247,92.1489028930664,4903700,0.0,0.0
2022-11-08 00:00:00-05:00,92.51934989929654,92.85275352216283,91.63953203561476,92.27855682373047,5708200,0.0,0.0
2022-11-09 00:00:00-05:00,92.52860494868082,93.78812099968138,91.91736267185603,92.11184692382812,5339600,0.0,0.0
2022-11-10 00:00:00-05:00,95.41810923987407,96.72394137666731,94.59386329217868,96.52945709228516,5907400,0.0,0.0
2022-11-11 00:00:00-05:00,96.90914885067389,98.08532463239015,96.25160482007053,96.3997802734375,7106900,0.0,0.0
2022-11-14 00:00:00-05:00,96.01082762335626,96.60354366622194,94.45494624440072,94.47347259521484,5661600,0.0,0.0
2022-11-15 00:00:00-05:00,95.80707621849564,96.76098540567918,94.81612846267231,95.51998138427734,5262900,0.0,0.0
2022-11-16 00:00:00-05:00,96.53869873740783,97.52039025314467,95.63110554627517,95.95524597167969,3292800,0.0,0.0
2022-11-17 00:00:00-05:00,95.08469231907738,95.47366083355058,94.04744294714885,94.98281860351562,3332900,0.0,0.0
2022-11-18 00:00:00-05:00,95.87189741088605,96.4924029097861,95.3347534154878,96.196044921875,3931800,0.0,0.0
2022-11-21 00:00:00-05:00,96.06639471147625,97.14995300967514,96.01082272760016,96.20530700683594,4148800,0.0,0.0
2022-11-22 00:00:00-05:00,96.29792357770611,97.24256250454239,95.2699302088281,97.1221694946289,4511700,0.0,0.0
2022-11-23 00:00:00-05:00,97.21478105788319,98.60396053669665,96.68689313856336,98.18720245361328,4617500,0.0,0.0
2022-11-25 00:00:00-05:00,98.78918658542844,99.41894826330682,98.64101110778606,99.0577621459961,2558100,0.0,0.0
2022-11-28 00:00:00-05:00,98.835477550338,99.78937953744108,97.36294382080246,97.6037368774414,4149700,0.0,0.0
2022-11-29 00:00:00-05:00,97.2425537109375,97.59447659975183,96.76097464910043,97.2425537109375,4832300,0.0,0.0
2022-11-30 00:00:00-05:00,97.36295307082045,99.74308021070829,95.79781571829876,99.63195037841797,12737300,0.0,0.0
2022-12-01 00:00:00-05:00,100.24319531259077,100.62290778479016,99.41894933693118,99.95610046386719,5076200,0.0,0.0
2022-12-02 00:00:00-05:00,98.8632589091483,100.15056447863188,98.35389034608737,100.10425567626953,4944100,0.0,0.0
2022-12-05 00:00:00-05:00,98.99293717639435,99.1503758344035,97.29813637810912,97.62228393554688,4687100,0.0,0.0
2022-12-06 00:00:00-05:00,97.23330316035133,97.62227879565016,95.51071999143441,96.1867904663086,4175700,0.0,0.0
2022-12-07 00:00:00-05:00,96.33496919494083,97.69636630014251,96.33496919494083,97.06660461425781,3592400,0.0,0.0
2022-12-08 00:00:00-05:00,96.92767349487038,99.17813717183968,96.5294418139569,99.02069854736328,4607700,0.0,0.0
2022-12-09 00:00:00-05:00,98.84475123210598,100.46546058482379,98.58543180045622,99.56712341308594,5346400,0.0,0.0
2022-12-12 00:00:00-05:00,99.77086021277735,101.49343604046915,99.77086021277735,101.40082550048828,4752500,0.0,0.0
2022-12-13 00:00:00-05:00,104.02177372092508,104.3736966947233,102.85486081619786,103.2901382446289,6246000,0.0,0.0
2022-12-14 00:00:00-05:00,103.1419433022321,104.56816834665575,102.3639991572138,103.04006958007812,5614900,0.0,0.0
2022-12-15 00:00:00-05:00,101.73424328555959,101.87316264777118,100.40063577923216,100.50250244140625,4947800,0.0,0.0
2022-12-16 00:00:00-05:00,99.74308000134015,99.8819993571434,97.96493203110786,99.0114517211914,7976100,0.0,0.0
2022-12-19 00:00:00-05:00,98.8539996080283,99.26149447444021,98.01123448472269,98.71508026123047,4352000,0.0,0.0
2022-12-20 00:00:00-05:00,98.73361156657487,99.08553447249868,97.81675513684449,98.62247467041016,3673000,0.0,0.0
2022-12-21 00:00:00-05:00,99.178145316877,100.38210363220661,99.15036285918556,100.15057373046875,3228600,0.0,0.0
2022-12-22 00:00:00-05:00,99.75234043838731,100.16909849435986,98.37242422427015,100.04869842529297,3311100,0.0,0.0
2022-12-23 00:00:00-05:00,99.71530667302395,100.39137716477553,99.18741872522494,100.18762969970703,2618400,0.0,0.0
2022-12-27 00:00:00-05:00,100.34504256532064,100.9933304299084,99.44670555423968,100.54878997802734,2927400,0.0,0.0
2022-12-28 00:00:00-05:00,100.96556486315879,101.9657758178765,99.78013279789297,99.86348724365234,3265200,0.0,0.0
2022-12-29 00:00:00-05:00,100.71550353036736,102.5770058498852,100.44692800639858,102.16024780273438,3047800,0.0,0.0
2022-12-30 00:00:00-05:00,101.6879283349391,101.98428630515836,100.63215262442478,101.67866516113281,3471000,0.0,0.0
2023-01-03 00:00:00-05:00,102.34549113690898,103.10490901652719,100.71551846880185,101.48419952392578,4171900,0.0,0.0
2023-01-04 00:00:00-05:00,102.80854567852215,103.66983724699155,102.19730330992284,102.99376678466797,4395500,0.0,0.0
2023-01-05 00:00:00-05:00,102.8918834521322,103.45681695859524,102.2065569444857,102.61405181884766,4896900,0.0,0.0
2023-01-06 00:00:00-05:00,103.72539233344006,104.41071884009543,102.06763744736604,104.03101348876953,3800400,0.0,0.0
2023-01-09 00:00:00-05:00,105.13311367523495,105.272033054534,103.74393401371067,103.86433410644531,7277700,0.0,0.0
2023-01-10 00:00:00-05:00,104.18845305027352,105.6517236866663,104.02175124276381,105.43871307373047,5591700,0.0,0.0
2023-01-11 00:00:00-05:00,106.38335491306059,107.14277265901063,103.85504544069788,104.7904281616211,5350300,0.0,0.0
2023-01-12 00:00:00-05:00,104.18572676231427,104.55785329570723,103.16238411877612,103.5996322631836,4697700,0.51,0.0
2023-01-13 00:00:00-05:00,103.51590196037223,105.95332404748785,103.4414823307661,105.59980773925781,5348700,0.0,0.0
2023-01-17 00:00:00-05:00,105.59049414711927,106.31613693601889,105.18115427739218,105.4881591796875,5711000,0.0,0.0
2023-01-18 00:00:00-05:00,105.32070268161131,105.66492094483264,103.44147410124972,103.73917388916016,4288500,0.0,0.0
2023-01-19 00:00:00-05:00,103.3205507547248,104.49274702277152,102.8833025461354,104.00898742675781,6157700,0.0,0.0
2023-01-20 00:00:00-05:00,104.38109686084042,105.16256333015885,103.869429062122,104.95789337158203,5078300,0.0,0.0
2023-01-23 00:00:00-05:00,104.59506084360707,106.70686762428699,104.58575572891569,106.06495666503906,6115300,0.0,0.0
2023-01-24 00:00:00-05:00,104.99510001097306,105.73935306762856,104.45551689978399,104.68809509277344,4662000,0.0,0.0
2023-01-25 00:00:00-05:00,102.3344118960269,104.41831066000154,101.95298022659797,103.26472473144531,6070800,0.0,0.0
2023-01-26 00:00:00-05:00,103.49729055862596,103.8415088217315,102.43673462094416,103.329833984375,4159500,0.0,0.0
2023-01-27 00:00:00-05:00,102.93911077947625,103.5066021444885,102.15764435154003,102.28788757324219,4860600,0.0,0.0
2023-01-30 00:00:00-05:00,102.15766143798828,102.95773113238818,101.98090680624256,102.15766143798828,4434800,0.0,0.0
2023-01-31 00:00:00-05:00,102.13905244451391,102.94842720923755,101.28316629419808,102.8460922241211,5698300,0.0,0.0
2023-02-01 00:00:00-05:00,103.06003139197634,104.27873865862884,102.02738381110883,104.02755737304688,4532300,0.0,0.0
2023-02-02 00:00:00-05:00,103.52520774869053,104.53925239640746,103.16238632275493,104.4276123046875,5051800,0.0,0.0
2023-02-03 00:00:00-05:00,104.01826743884507,104.5020340488375,102.94841344287423,103.99966430664062,3754500,0.0,0.0
2023-02-06 00:00:00-05:00,103.79499885154117,103.90663894276402,102.7623510753308,103.03214263916016,4145600,0.0,0.0
2023-02-07 00:00:00-05:00,102.371630330062,104.57647441435618,102.22277686211727,104.18573760986328,3401600,0.0,0.0
2023-02-08 00:00:00-05:00,103.63684930533697,104.07409746526646,102.10183173667595,102.52046966552734,4222300,0.0,0.0
2023-02-09 00:00:00-05:00,102.97631651761071,103.51589249711392,100.01792180508711,100.53889465332031,3912700,0.0,0.0
2023-02-10 00:00:00-05:00,100.71568002015286,101.31107972890045,100.28773692309831,100.62265014648438,4186300,0.0,0.0
2023-02-13 00:00:00-05:00,100.77148269762648,101.53433891339313,100.25980781607178,100.9575424194336,3711000,0.0,0.0
2023-02-14 00:00:00-05:00,100.65054581689706,100.79008706109411,98.94807166045797,99.78535461425781,4244000,0.0,0.0
2023-02-15 00:00:00-05:00,99.32018795741203,99.83185569469,98.87363472889112,99.80394744873047,4060300,0.0,0.0
2023-02-16 00:00:00-05:00,98.39918973482962,99.90629914856827,98.3061598668091,98.68759155273438,3299000,0.0,0.0
2023-02-17 00:00:00-05:00,98.18520985990189,99.50625227992388,98.1386913826621,99.30158233642578,3564100,0.0,0.0
2023-02-21 00:00:00-05:00,98.47361882490053,98.74341041702316,96.14783658010965,96.42693328857422,5204300,0.0,0.0
2023-02-22 00:00:00-05:00,96.04548887341208,96.61298023380135,93.49643385807677,95.53382110595703,8900900,0.0,0.0
2023-02-23 00:00:00-05:00,96.04549839302827,96.54786819288968,94.5756094575714,95.4035873413086,4611100,0.0,0.0
2023-02-24 00:00:00-05:00,94.38023625425953,94.70585143152849,92.92895047244465,93.459228515625,5476800,0.0,0.0
2023-02-27 00:00:00-05:00,94.22208860277846,94.24999685391346,92.71498625969558,92.81731414794922,4489800,0.0,0.0
2023-02-28 00:00:00-05:00,92.88243125496462,95.28264010412775,92.7428900060675,94.63142395019531,7877000,0.0,0.0
2023-03-01 00:00:00-05:00,93.68249869882032,94.29650857062357,93.3941039941559,93.8034439086914,3963500,0.0,0.0
2023-03-02 00:00:00-05:00,93.28245812583924,95.80361197315554,93.28245812583924,95.47799682617188,5209900,0.0,0.0
2023-03-03 00:00:00-05:00,95.729177422998,97.22698142488346,95.59893421394037,97.17115783691406,4982400,0.0,0.0
2023-03-06 00:00:00-05:00,97.22699022985294,97.31071497280539,95.4779976680212,95.58963775634766,5005100,0.0,0.0
2023-03-07 00:00:00-05:00,95.69198630349095,95.91525941409202,92.86383421088861,93.01268768310547,6349000,0.0,0.0
2023-03-08 00:00:00-05:00,92.95685064481493,93.28245869606587,92.3428479049879,92.47309112548828,6252600,0.0,0.0
2023-03-09 00:00:00-05:00,92.9289517724414,93.00337850529968,90.7055045867983,91.03111267089844,5146000,0.0,0.0
2023-03-10 00:00:00-05:00,90.94737805238734,91.54277765520794,89.83099847380633,90.203125,7042400,0.0,0.0
2023-03-13 00:00:00-04:00,89.86820362538182,92.28701517806101,89.67283881396737,91.34740447998047,6553000,0.0,0.0
2023-03-14 00:00:00-04:00,92.36145162490442,92.56612157205623,90.5566425611728,91.68232727050781,5093900,0.0,0.0
2023-03-15 00:00:00-04:00,90.70549196253452,91.11483183855987,89.96123893298353,90.98458862304688,5712100,0.0,0.0
2023-03-16 00:00:00-04:00,90.29615837513538,92.36145393313898,90.24034187823477,92.12887573242188,5289100,0.0,0.0
2023-03-17 00:00:00-04:00,92.11028248262458,92.2870371076831,89.78450022590148,90.2496566772461,10848100,0.0,0.0
2023-03-20 00:00:00-04:00,90.48223694230558,91.35672626409122,90.40781020495912,91.04972839355469,6075700,0.0,0.0
2023-03-21 00:00:00-04:00,91.32880005798768,91.55208022613311,90.51012740128988,91.47765350341797,4475000,0.0,0.0
2023-03-22 00:00:00-04:00,91.73814721807575,92.38936334922447,90.0914895614628,90.11009979248047,3606700,0.0,0.0
2023-03-23 00:00:00-04:00,90.14731414538883,90.99389512516615,89.71937109769472,90.27755737304688,4525000,0.0,0.0
2023-03-24 00:00:00-04:00,90.2775603730631,91.24508659476305,90.06358529324363,91.21717834472656,5269100,0.0,0.0
2023-03-27 00:00:00-04:00,92.1009720852958,92.54752537598054,91.42184058227446,91.59860229492188,4627700,0.0,0.0
2023-03-28 00:00:00-04:00,91.26367420917934,91.3939174190172,89.87751027720631,90.34266662597656,4815400,0.0,0.0
2023-03-29 00:00:00-04:00,91.1799376542854,91.85906186073515,90.4728981084409,91.74742889404297,6780200,0.0,0.0
2023-03-30 00:00:00-04:00,92.45448172686574,92.54751868325127,91.64511414900834,92.1753921508789,5199300,0.0,0.0
2023-03-31 00:00:00-04:00,92.95683805462721,94.34300901005867,92.78008347801551,94.20346069335938,6442400,0.0,0.0
2023-04-03 00:00:00-04:00,93.77552671318455,94.5755962346901,93.06848704581903,94.51046752929688,5432400,0.0,0.0
2023-04-04 00:00:00-04:00,94.79887127469448,96.13851681714776,94.73374966567052,95.63615417480469,7979000,0.0,0.0
2023-04-05 00:00:00-04:00,95.478002894408,97.02232559437113,95.35706478206002,96.9478988647461,7298300,0.0,0.0
2023-04-06 00:00:00-04:00,97.20838925522959,98.19452571836618,96.9199945384143,97.61772918701172,5065000,0.0,0.0
2023-04-10 00:00:00-04:00,97.14325311700708,97.59911146297397,95.87802724219992,96.47342681884766,4900200,0.0,0.0
2023-04-11 00:00:00-04:00,96.93859145993812,97.40374786252463,95.9152487937925,96.09201049804688,4658000,0.0,0.0
2023-04-12 00:00:00-04:00,96.18504897415059,96.60368693488576,95.1803093511173,95.41288757324219,4560700,0.0,0.0
2023-04-13 00:00:00-04:00,96.0673538533928,96.96491659545575,95.17914272943732,96.87142181396484,4778700,0.51,0.0
2023-04-14 00:00:00-04:00,96.87142648659942,97.56329646283827,96.73118074100095,97.19866180419922,5043700,0.0,0.0
2023-04-17 00:00:00-04:00,97.23605188309624,98.03076818819423,97.23605188309624,97.72222900390625,4806400,0.0,0.0
2023-04-18 00:00:00-04:00,98.5824143213454,98.8254993517011,97.17061943540814,97.37631225585938,6552100,0.0,0.0
2023-04-19 00:00:00-04:00,101.44338556502804,105.37022344329968,101.11615026403783,104.98689270019531,12425400,0.0,0.0
2023-04-20 00:00:00-04:00,104.94947906133902,104.9868783953842,102.8458146703545,103.17304992675781,7413200,0.0,0.0
2023-04-21 00:00:00-04:00,103.66859648503747,104.82795464065009,103.66859648503747,104.39787292480469,6301100,0.0,0.0
2023-04-24 00:00:00-04:00,104.48202325666091,104.48202325666091,102.97673358136794,103.2198257446289,5341900,0.0,0.0
2023-04-25 00:00:00-04:00,103.21045423824262,103.34134834711645,102.53728045935203,102.8177719116211,5636700,0.0,0.0
2023-04-26 00:00:00-04:00,102.21004444291847,102.30353921526273,101.22833150031913,101.67711639404297,4240000,0.0,0.0
2023-04-27 00:00:00-04:00,101.63972839387506,102.41574864394667,100.66736696002532,102.37834930419922,4257200,0.0,0.0
2023-04-28 00:00:00-04:00,102.32225325164585,103.64054608721581,102.25680619077635,103.28526306152344,4835900,0.0,0.0
2023-05-01 00:00:00-04:00,103.27592487020291,104.3137334940549,102.78039604016821,103.88365173339844,3722900,0.0,0.0
2023-05-02 00:00:00-04:00,103.83689014387271,104.65966136979917,103.24786657974387,104.24827575683594,4998000,0.0,0.0
2023-05-03 00:00:00-04:00,104.53809971642806,105.60395583371563,104.18281672173022,104.4913558959961,5602000,0.0,0.0
2023-05-04 00:00:00-04:00,104.20151890673806,104.23891824518348,103.36940324261197,103.64989471435547,4070700,0.0,0.0
2023-05-05 00:00:00-04:00,104.12672640135928,104.48200941351791,103.8275388297535,104.02388000488281,4025000,0.0,0.0
2023-05-08 00:00:00-04:00,103.27591601595113,104.32307616942157,103.11697416583003,103.68730163574219,2445500,0.0,0.0
2023-05-09 00:00:00-04:00,102.96736894058995,103.80883621992733,102.182004235338,103.0795669555664,3274300,0.0,0.0
2023-05-10 00:00:00-04:00,103.6872927124906,103.7527397706255,102.49988691507913,103.49095153808594,3129100,0.0,0.0
2023-05-11 00:00:00-04:00,102.9019378699265,103.28527579742699,102.15397238678693,102.89259338378906,3879400,0.0,0.0
2023-05-12 00:00:00-04:00,102.62143677508459,103.36005765178999,102.35964854196256,103.303955078125,3325000,0.0,0.0
2023-05-15 00:00:00-04:00,103.44421588966637,103.76210674278653,102.41575890970428,102.69624328613281,3020000,0.0,0.0
2023-05-16 00:00:00-04:00,102.4157508096379,103.27591424243434,102.15396255906461,102.27550506591797,3393800,0.0,0.0
2023-05-17 00:00:00-04:00,102.63079544699039,102.82714378216873,100.94786780148104,101.74258422851562,3801000,0.0,0.0
2023-05-18 00:00:00-04:00,101.6584287437452,101.7612680086372,100.85436079499326,101.41533660888672,3481600,0.0,0.0
2023-05-19 00:00:00-04:00,101.89216416232406,102.82712618309593,101.34988447830978,101.84541320800781,4487700,0.0,0.0
2023-05-22 00:00:00-04:00,101.61168212385894,102.21005730197645,101.041354667654,101.20964813232422,2809500,0.0,0.0
2023-05-23 00:00:00-04:00,100.32143790244582,100.4897313686576,98.65719934404287,98.8628921508789,4337800,0.0,0.0
2023-05-24 00:00:00-04:00,98.77874223336154,98.77874223336154,97.22670180290521,97.27345275878906,4507600,0.0,0.0
2023-05-25 00:00:00-04:00,96.55352138548376,96.79661349971678,94.74904446288001,95.49701690673828,6734500,0.0,0.0
2023-05-26 00:00:00-04:00,95.50637634295252,96.72182274723758,95.39417832723004,96.17955017089844,4911800,0.0,0.0
2023-05-30 00:00:00-04:00,95.59987397734345,95.85231060376354,94.96409946898785,95.0949935913086,5168700,0.0,0.0
2023-05-31 00:00:00-04:00,94.89866118337594,95.61857892271284,93.85150097478147,95.36614227294922,7063400,0.0,0.0
2023-06-01 00:00:00-04:00,95.28199305086565,96.20760355215475,94.34703093108415,96.13280487060547,4603900,0.0,0.0
2023-06-02 00:00:00-04:00,96.59094934013197,97.70355671839962,96.16086755410149,97.42306518554688,6024300,0.0,0.0
2023-06-05 00:00:00-04:00,97.29214203087254,98.18036019794839,96.61896825929325,97.01165771484375,3565900,0.0,0.0
2023-06-06 00:00:00-04:00,97.11451869878114,97.27346054840326,95.57182976260262,95.94581604003906,4044300,0.0,0.0
2023-06-07 00:00:00-04:00,95.75882970738854,95.82427677803958,94.66492561228029,95.04826354980469,6231200,0.0,0.0
2023-06-08 00:00:00-04:00,94.66491245349158,94.78645495832127,94.02913794131565,94.22547912597656,5159000,0.0,0.0
2023-06-09 00:00:00-04:00,94.40312012234993,95.34743379807212,94.00108615214698,95.0762939453125,4276000,0.0,0.0
2023-06-12 00:00:00-04:00,95.21652368024307,95.28197786606363,94.23481789084093,94.80514526367188,3629100,0.0,0.0
2023-06-13 00:00:00-04:00,94.88929858736613,95.43157830050636,94.37507372823896,95.23523712158203,4642200,0.0,0.0
2023-06-14 00:00:00-04:00,96.59091599056492,97.37628773147281,96.13278663606489,96.53482055664062,5020600,0.0,0.0
2023-06-15 00:00:00-04:00,96.54419193420861,98.47021164722871,96.40394618749856,98.1897201538086,6378600,0.0,0.0
2023-06-16 00:00:00-04:00,98.5824178639444,99.63892259499715,98.51697079446672,99.29298400878906,10020900,0.0,0.0
2023-06-20 00:00:00-04:00,98.35800161167012,100.66735894146426,98.07751728569795,99.76044464111328,6573100,0.0,0.0
2023-06-21 00:00:00-04:00,99.68567553153042,99.81656967307606,98.74136168192634,99.33973693847656,4428600,0.0,0.0
2023-06-22 00:00:00-04:00,99.75110952731214,101.31249453480018,99.51736900044764,101.20964813232422,5480300,0.0,0.0
2023-06-23 00:00:00-04:00,101.16289027235909,101.44338173873932,100.3868771973365,101.02265167236328,5647000,0.0,0.0
2023-06-26 00:00:00-04:00,101.06940562999183,102.10721417319934,99.85395913124447,101.45274353027344,6134700,0.0,0.0
2023-06-27 00:00:00-04:00,101.80803618421231,101.85478714877485,99.8259136978091,100.77957916259766,4849700,0.0,0.0
2023-06-28 00:00:00-04:00,100.93849472753249,101.11613978674647,100.37751896493349,100.61125946044922,3900000,0.0,0.0
2023-06-29 00:00:00-04:00,100.06898934937104,100.84500958051241,100.0128939077156,100.65802001953125,3417400,0.0,0.0
2023-06-30 00:00:00-04:00,100.97590722230476,102.22875301761098,100.69541573785379,101.9295654296875,4449200,0.0,0.0
2023-07-03 00:00:00-04:00,101.20964523885085,101.424689656024,100.06899035905106,100.24663543701172,2268000,0.0,0.0
2023-07-05 00:00:00-04:00,99.7791446183352,100.81695299689454,99.52670088668893,100.38687133789062,4968600,0.0,0.0
2023-07-06 00:00:00-04:00,99.80720569289494,100.46167631957042,99.23687823256566,100.22793579101562,5325000,0.0,0.0
2023-07-07 00:00:00-04:00,99.38647608364398,100.91046176936736,99.17143165771007,99.43321990966797,5053700,0.0,0.0
2023-07-10 00:00:00-04:00,99.64825291310436,100.74215675476258,99.37711307374398,100.05963134765625,5259500,0.0,0.0
2023-07-11 00:00:00-04:00,100.05964551322693,100.67672395220644,99.82590497722471,100.50843048095703,3899700,0.0,0.0
2023-07-12 00:00:00-04:00,101.03199905004057,101.17224478724674,99.7230578579683,99.90069580078125,4845300,0.0,0.0
2023-07-13 00:00:00-04:00,100.229505402863,101.26289466598175,100.00403318125521,101.2159194946289,4936800,0.51,0.0
2023-07-14 00:00:00-04:00,101.46017011436174,101.90171089034783,100.68982466500444,101.3944091796875,4016000,0.0,0.0
2023-07-17 00:00:00-04:00,101.02803080068482,101.18773491173236,100.24828884570488,100.5207290649414,4580800,0.0,0.0
2023-07-18 00:00:00-04:00,100.34222538626001,100.69921945489234,99.54369771639983,100.47374725341797,3913900,0.0,0.0
2023-07-19 00:00:00-04:00,100.58649251089358,101.54472436847614,100.57709604312569,100.78377532958984,6225900,0.0,0.0
2023-07-20 00:00:00-04:00,101.55411360929982,105.75343847709496,101.25349116876482,105.0582504272461,8768600,0.0,0.0
2023-07-21 00:00:00-04:00,106.01647349922884,107.8390009267764,105.52796476130467,107.36927795410156,7062700,0.0,0.0
2023-07-24 00:00:00-04:00,106.9465472646655,108.8160502809861,106.32651652698233,107.6793212890625,5665900,0.0,0.0
2023-07-25 00:00:00-04:00,106.26075250686934,106.62713592476024,105.69708626145295,106.0916519165039,4732500,0.0,0.0
2023-07-26 00:00:00-04:00,105.68767825383172,107.37868397285479,105.57494215009538,107.17200469970703,3682500,0.0,0.0
2023-07-27 00:00:00-04:00,107.52899306423153,107.65111846937707,105.6970761500259,105.82859802246094,4762900,0.0,0.0
2023-07-28 00:00:00-04:00,106.3265106986571,106.6459189347479,105.51858647307981,105.90376281738281,3409200,0.0,0.0
2023-07-31 00:00:00-04:00,106.01648635051065,106.05406505296837,103.9966758896874,104.58853149414062,3930800,0.0,0.0
2023-08-01 00:00:00-04:00,104.00608332223601,104.51338510779169,103.62091412439517,103.83698272705078,3733700,0.0,0.0
2023-08-02 00:00:00-04:00,103.35785952721764,103.52696011642755,101.51654598215704,102.04264068603516,4699400,0.0,0.0
2023-08-03 00:00:00-04:00,101.18773450591486,101.7514007097898,100.65225053712295,101.02803039550781,4947700,0.0,0.0
2023-08-04 00:00:00-04:00,100.82135162215135,102.19294201986114,100.7837729193834,101.1313705444336,3231100,0.0,0.0
2023-08-07 00:00:00-04:00,101.45079778795926,102.01446410035174,101.11259656704256,101.88294219970703,3632500,0.0,0.0
2023-08-08 00:00:00-04:00,101.08440756160235,101.08440756160235,97.39238378651693,99.18672943115234,7544300,0.0,0.0
2023-08-09 00:00:00-04:00,99.111577174765,100.42680332904877,98.81095466813494,98.92369079589844,5135200,0.0,0.0
2023-08-10 00:00:00-04:00,99.09277060258401,100.52072541747336,98.28484644172411,98.39757537841797,4708200,0.0,0.0
2023-08-11 00:00:00-04:00,97.90906695417186,99.02701002984445,97.41116170220475,98.93305969238281,3478600,0.0,0.0
2023-08-14 00:00:00-04:00,98.77335695780168,99.78796041027562,98.77335695780168,99.67522430419922,3076100,0.0,0.0
2023-08-15 00:00:00-04:00,99.72218554790969,99.72218554790969,98.2190735138154,98.58545684814453,3150600,0.0,0.0
2023-08-16 00:00:00-04:00,98.1345335578017,98.9988222039319,98.11574779045303,98.2002944946289,4086400,0.0,0.0
2023-08-17 00:00:00-04:00,98.82971996854381,99.49673296039592,98.15332484428176,98.5760726928711,4175200,0.0,0.0
2023-08-18 00:00:00-04:00,98.22848997518531,98.69821306369313,97.02600001539018,97.42996215820312,4809700,0.0,0.0
2023-08-21 00:00:00-04:00,97.4957073611395,98.0875629442312,97.10114175068128,97.58026123046875,2954700,0.0,0.0
2023-08-22 00:00:00-04:00,97.58965250072603,99.13973990728776,97.43934486068976,98.78275299072266,4840100,0.0,0.0
2023-08-23 00:00:00-04:00,99.2994304184339,99.68460668420872,98.4539348282616,98.76394653320312,3403300,0.0,0.0
2023-08-24 00:00:00-04:00,98.55729017322322,99.44036460096937,97.35479318874788,97.467529296875,3529500,0.0,0.0
2023-08-25 00:00:00-04:00,97.72119164716638,98.43517277390758,97.03539992735658,97.89968872070312,3000800,0.0,0.0
2023-08-28 00:00:00-04:00,98.70760217590815,98.84852052543931,95.7201632689485,96.56566619873047,5862500,0.0,0.0
2023-08-29 00:00:00-04:00,96.98840564737705,97.64602216554512,96.74415484132446,97.58026123046875,4515600,0.0,0.0
2023-08-30 00:00:00-04:00,97.77755125899378,98.71699735371723,97.77755125899378,98.08757019042969,3711300,0.0,0.0
2023-08-31 00:00:00-04:00,98.19089671228268,98.24726834838289,96.63142001666307,96.66899871826172,4042300,0.0,0.0
2023-09-01 00:00:00-04:00,97.13872272913535,97.50510611420822,96.34958432231372,96.62202453613281,2641100,0.0,0.0
2023-09-05 00:00:00-04:00,96.55627325973438,96.6220342029317,94.76193485683326,94.77132415771484,4284000,0.0,0.0
2023-09-06 00:00:00-04:00,94.89344995090319,95.87986402825692,93.72853165849774,95.41014099121094,5094400,0.0,0.0
2023-09-07 00:00:00-04:00,95.81410418987454,96.08654441457786,94.42372799800121,94.57403564453125,3863200,0.0,0.0
2023-09-08 00:00:00-04:00,94.50826904047545,94.71494831354515,93.79428805189043,94.63040161132812,3521300,0.0,0.0
2023-09-11 00:00:00-04:00,94.696166067051,96.88506994776202,94.46130455117775,96.24624633789062,4891100,0.0,0.0
2023-09-12 00:00:00-04:00,96.17108992245197,96.68778092374046,95.44771248628223,96.19927215576172,3531400,0.0,0.0
2023-09-13 00:00:00-04:00,95.88925869918353,97.17630237683976,95.87986223174535,96.47171783447266,3192500,0.0,0.0
2023-09-14 00:00:00-04:00,96.96963472551491,97.34541462665238,96.31201810667295,96.43415069580078,4086600,0.0,0.0
2023-09-15 00:00:00-04:00,96.62201686536817,96.65959556436724,95.33498046981907,95.57923126220703,8303300,0.0,0.0
2023-09-18 00:00:00-04:00,95.88925542129955,95.88925542129955,94.64918695582021,94.88404846191406,3652600,0.0,0.0
2023-09-19 00:00:00-04:00,95.24104150470633,95.78592195411296,94.07613036633046,94.57403564453125,4090800,0.0,0.0
2023-09-20 00:00:00-04:00,95.062548581201,95.21285622292244,94.1982527635355,94.20764923095703,3966000,0.0,0.0
2023-09-21 00:00:00-04:00,93.94460672449418,94.1324930709813,92.86424231368156,92.93939971923828,3943700,0.0,0.0
2023-09-22 00:00:00-04:00,92.91122677174542,92.93940900979521,92.08450956278925,92.2066421508789,4357800,0.0,0.0
2023-09-25 00:00:00-04:00,92.03754076453082,92.26300583439775,91.27659167410161,91.56781768798828,4096300,0.0,0.0
2023-09-26 00:00:00-04:00,91.17323081666026,91.62416085150623,90.21499194965617,90.40288543701172,3967700,0.0,0.0
2023-09-27 00:00:00-04:00,90.74110332341154,91.06991522119682,89.02192225673882,89.74529266357422,5391000,0.0,0.0
2023-09-28 00:00:00-04:00,90.4498520589101,92.3287438994937,90.29954443871327,92.17843627929688,6092800,0.0,0.0
2023-09-29 00:00:00-04:00,92.48847161489876,92.54484325835261,90.63776869972176,90.98535919189453,5150500,0.0,0.0
2023-10-02 00:00:00-04:00,89.96135636820819,90.08348177527517,88.80583456517212,89.93317413330078,4349200,0.0,0.0
2023-10-03 00:00:00-04:00,89.73587803901272,90.34651936754416,88.85280368000507,89.98953247070312,4597500,0.0,0.0
2023-10-04 00:00:00-04:00,90.08348966357507,90.506237559014,89.08767905015563,89.85802459716797,4336100,0.0,0.0
2023-10-05 00:00:00-04:00,89.9613662758958,90.83505149126987,89.34132837002791,90.37471771240234,5708300,0.0,0.0
2023-10-06 00:00:00-04:00,90.00831997197028,91.60538249025457,89.67011883479968,91.0135269165039,4790500,0.0,0.0
2023-10-09 00:00:00-04:00,90.57199792536497,91.13566412689086,89.98953878892561,90.90080261230469,3958300,0.0,0.0
2023-10-10 00:00:00-04:00,90.95717090328293,92.5260441664487,90.74109514712842,91.65235900878906,4352200,0.0,0.0
2023-10-11 00:00:00-04:00,91.27657320393652,91.27657320393652,86.47600375969296,87.0302734375,9269300,0.0,0.0
2023-10-12 00:00:00-04:00,87.14363946302734,87.92769778626942,84.7064497678579,85.19766998291016,7387000,0.51,0.0
2023-10-13 00:00:00-04:00,84.90483675871768,86.58631381899505,84.83871178270714,85.84004211425781,5623600,0.0,0.0
2023-10-16 00:00:00-04:00,86.05729469885345,87.71987455664811,85.8400300398433,87.0775146484375,6452300,0.0,0.0
2023-10-17 00:00:00-04:00,86.86024873317658,87.86157899247986,86.20844750441009,87.03973388671875,8288600,0.0,0.0
2023-10-18 00:00:00-04:00,90.68606302154689,91.15838626645078,86.5768522322992,90.27041625976562,16482600,0.0,0.0
2023-10-19 00:00:00-04:00,91.19616836043221,91.19616836043221,88.57005240523982,90.15705871582031,8537800,0.0,0.0
2023-10-20 00:00:00-04:00,89.97758918540012,92.71706578311735,89.97758918540012,91.42289733886719,11517800,0.0,0.0
2023-10-23 00:00:00-04:00,91.51734296238416,92.71704795682666,90.36488037905394,90.47823333740234,6178800,0.0,0.0
2023-10-24 00:00:00-04:00,90.11928830343929,90.52548663523062,89.11795799304569,89.56194305419922,6677000,0.0,0.0
2023-10-25 00:00:00-04:00,89.32577730949525,89.40135076475802,87.65375605252414,88.39057922363281,8157700,0.0,0.0
2023-10-26 00:00:00-04:00,87.90880513855507,89.50526010527395,87.89936386220704,88.77788543701172,6838100,0.0,0.0
2023-10-27 00:00:00-04:00,89.50525612703662,90.04370434526959,87.26644132118327,87.7104263305664,5934100,0.0,0.0
2023-10-30 00:00:00-04:00,88.35278858173818,88.65507518231583,86.56740722097005,87.85212707519531,7168900,0.0,0.0
2023-10-31 00:00:00-04:00,88.70231586315823,89.64696244911929,87.96549267924166,89.31633758544922,7452300,0.0,0.0
2023-11-01 00:00:00-04:00,89.59972284523218,90.67661932387686,89.32577448388136,89.75086975097656,6985000,0.0,0.0
2023-11-02 00:00:00-04:00,89.72252019712386,90.84664453679098,89.21241026516489,90.64826965332031,4683100,0.0,0.0
2023-11-03 00:00:00-04:00,91.63072089183677,91.79130908534967,90.36489789767863,90.53492736816406,5652600,0.0,0.0
2023-11-06 00:00:00-05:00,90.26097538569134,90.50657828503631,89.18407895908398,89.74141693115234,6137400,0.0,0.0
2023-11-07 00:00:00-05:00,89.67529168366242,90.15706341208056,89.26909340422769,89.552490234375,4466500,0.0,0.0
2023-11-08 00:00:00-05:00,89.94924497414065,90.4310167290349,88.59840012941926,89.49581146240234,4416000,0.0,0.0
2023-11-09 00:00:00-05:00,89.62805555619668,89.92090086623091,88.22053431696374,88.3716812133789,5007900,0.0,0.0
2023-11-10 00:00:00-05:00,88.51338924157315,89.00460954119643,87.31369115337233,88.76844787597656,5479100,0.0,0.0
2023-11-13 00:00:00-05:00,90.37433360620055,91.39455360874182,89.2690988736548,90.4876937866211,6894800,0.0,0.0
2023-11-14 00:00:00-05:00,90.98835778399796,92.42421740638159,90.87499760048816,91.70629119873047,5527100,0.0,0.0
2023-11-15 00:00:00-05:00,91.98024599948288,92.88710590970479,91.55515068691884,92.57537078857422,5370500,0.0,0.0
2023-11-16 00:00:00-05:00,92.31086298629248,94.79528084427298,92.23528953180119,94.71026611328125,7603200,0.0,0.0
2023-11-17 00:00:00-05:00,94.87085240157566,95.17313900641452,93.75616919490463,94.03956604003906,6069100,0.0,0.0
2023-11-20 00:00:00-05:00,93.47278116624388,95.70214778986268,93.47278116624388,95.59823608398438,6869100,0.0,0.0
2023-11-21 00:00:00-05:00,95.85328176047196,96.9018399547988,95.3998482681627,96.26892852783203,7111600,0.0,0.0
2023-11-22 00:00:00-05:00,96.61844793280311,97.50641799562737,96.42952150572958,97.01519775390625,6470600,0.0,0.0
2023-11-24 00:00:00-05:00,96.996296121293,97.46861933824377,96.53342138666375,97.17578125,2166800,0.0,0.0
2023-11-27 00:00:00-05:00,96.92073125084794,97.74257631559465,96.59010641115016,97.02464294433594,4572500,0.0,0.0
2023-11-28 00:00:00-05:00,96.7884816929456,96.81681993544736,95.73992347789431,96.4106216430664,3607600,0.0,0.0
2023-11-29 00:00:00-05:00,96.65623782009803,98.09209745121773,96.5712230872595,97.89372253417969,5458700,0.0,0.0
2023-11-30 00:00:00-05:00,98.00707143692684,98.92337966759052,97.4024982716173,98.51718139648438,16766200,0.0,0.0
2023-12-01 00:00:00-05:00,98.45107613616013,99.16900961631065,98.14878949300444,99.07453918457031,4682300,0.0,0.0
2023-12-04 00:00:00-05:00,98.63054746662169,99.66965720620294,98.52663577195547,99.36737060546875,4717700,0.0,0.0
2023-12-05 00:00:00-05:00,99.18789718456694,99.4240588445302,98.19601532988851,98.5738754272461,4315500,0.0,0.0
2023-12-06 00:00:00-05:00,98.83835739174222,99.43348927935135,98.12987254045943,99.1312026977539,4296000,0.0,0.0
2023-12-07 00:00:00-05:00,99.36737040133413,99.38626016074325,98.20545200294464,98.29047393798828,5199000,0.0,0.0
2023-12-08 00:00:00-05:00,98.35660215208672,99.05563858658743,98.35660215208672,98.72501373291016,3426800,0.0,0.0
2023-12-11 00:00:00-05:00,98.44161338845652,100.36869316201695,98.44161338845652,100.3403549194336,5208200,0.0,0.0
2023-12-12 00:00:00-05:00,100.48206419597423,101.28501238660837,99.71689552814578,100.77490234375,5354500,0.0,0.0
2023-12-13 00:00:00-05:00,100.14198710818967,101.34168510738378,100.03807540663566,101.31334686279297,6534800,0.0,0.0
2023-12-14 00:00:00-05:00,101.861240734256,102.65474038868268,100.77489574414976,102.58861541748047,6611600,0.0,0.0
2023-12-15 00:00:00-05:00,101.88957586128214,101.99348755671863,100.61430448020285,101.35112762451172,13316300,0.0,0.0
2023-12-18 00:00:00-05:00,101.68174903864544,102.60750578299502,101.22832275302672,102.07849884033203,5142800,0.0,0.0
2023-12-19 00:00:00-05:00,102.16352769949584,102.70197595459776,101.48338101787631,102.4185791015625,4675100,0.0,0.0
2023-12-20 00:00:00-05:00,101.88012037742298,102.79642860671976,101.36056914302173,101.45503234863281,5666200,0.0,0.0
2023-12-21 00:00:00-05:00,101.47394276912934,102.66419958201574,101.2472295880831,102.47527313232422,3555600,0.0,0.0
2023-12-22 00:00:00-05:00,102.83420859320371,103.28763483326296,102.49413530961921,102.99479675292969,2565700,0.0,0.0
2023-12-26 00:00:00-05:00,102.5035996653941,103.65606961522641,102.5035996653941,103.18374633789062,2513400,0.0,0.0
2023-12-27 00:00:00-05:00,103.00426075347686,103.72219414999368,103.00426075347686,103.7127456665039,2471800,0.0,0.0
2023-12-28 00:00:00-05:00,103.76942769260111,104.58182434613855,103.64662622900373,104.28898620605469,3206100,0.0,0.0
2023-12-29 00:00:00-05:00,104.28897659545794,104.60071167480261,103.75052837071759,103.97724151611328,3550200,0.0,0.0
2024-01-02 00:00:00-05:00,103.49546845863702,104.8557617278589,103.49546845863702,103.76941680908203,5058600,0.0,0.0
2024-01-03 00:00:00-05:00,104.04336316311876,104.14727485291715,103.24041509319721,103.45767974853516,4239600,0.0,0.0
2024-01-04 00:00:00-05:00,103.60883253379657,104.88410391815937,103.44824435210165,104.83687591552734,5296100,0.0,0.0
2024-01-05 00:00:00-05:00,104.58181766325832,104.90300123480067,103.93945772725478,104.66683959960938,4127700,0.0,0.0
2024-01-08 00:00:00-05:00,104.97855579404151,106.29161376296362,104.78018090741448,106.17826080322266,5030400,0.0,0.0
2024-01-09 00:00:00-05:00,105.94210878123462,107.25516686897797,105.85708684665474,106.49000549316406,3802100,0.0,0.0
2024-01-10 00:00:00-05:00,106.79229452683825,108.07701440137774,106.56557416750928,108.06756591796875,4672100,0.0,0.0
2024-01-11 00:00:00-05:00,107.50752792868555,107.9536577927878,106.8715517171474,107.73533630371094,5163900,0.55,0.0
2024-01-12 00:00:00-05:00,108.3713128343695,109.10220864967104,107.68788041971287,108.1340103149414,3884800,0.0,0.0
2024-01-16 00:00:00-05:00,107.74484468253821,108.27640004187008,107.17532004869713,107.98214721679688,5876000,0.0,0.0
2024-01-17 00:00:00-05:00,107.84925609229305,108.68455838810507,107.6783979815703,108.14350891113281,4672000,0.0,0.0
2024-01-18 00:00:00-05:00,108.39980099527556,108.75101137328787,107.64993131670444,108.22894287109375,5098000,0.0,0.0
2024-01-19 00:00:00-05:00,107.85875382026029,109.02628556786495,107.69738982221958,108.86492156982422,6843100,0.0,0.0
2024-01-22 00:00:00-05:00,109.0927180177186,109.76665632546717,108.34284116326353,108.39030456542969,5062500,0.0,0.0
2024-01-23 00:00:00-05:00,108.63708730436772,109.63376075343082,107.13734092950523,108.20994567871094,5037300,0.0,0.0
2024-01-24 00:00:00-05:00,105.12500854923377,107.59295312548636,104.1663044119338,105.14398956298828,8710800,0.0,0.0
2024-01-25 00:00:00-05:00,105.75149824110473,106.85257816553752,105.16298538580044,106.7386703491211,5648600,0.0,0.0
2024-01-26 00:00:00-05:00,107.47905176601282,107.64990985613316,105.87488454443277,106.32101440429688,5176600,0.0,0.0
2024-01-29 00:00:00-05:00,106.45392024377868,107.70687735766873,106.34001241818913,107.6878890991211,6480600,0.0,0.0
2024-01-30 00:00:00-05:00,108.1150284911133,108.13400950609038,106.67222512831977,107.71636199951172,4768400,0.0,0.0
2024-01-31 00:00:00-05:00,108.20994138076328,108.72251565633147,106.90003417113195,107.40311431884766,8325200,0.0,0.0
2024-02-01 00:00:00-05:00,107.02344802725605,108.72253512217118,106.3115403907111,108.6750717163086,4520300,0.0,0.0
2024-02-02 00:00:00-05:00,107.22276642552539,108.26689603259913,106.29254463158438,106.41593933105469,7575700,0.0,0.0
2024-02-05 00:00:00-05:00,106.33051218411242,106.74816694539635,105.50470403217163,105.97930908203125,5670000,0.0,0.0
2024-02-06 00:00:00-05:00,106.14066748044213,108.69404483184712,106.0457479238404,108.20994567871094,4734600,0.0,0.0
2024-02-07 00:00:00-05:00,108.77946684118706,108.77946684118706,107.15631857605109,107.55498504638672,4757500,0.0,0.0
2024-02-08 00:00:00-05:00,107.59296763333445,107.59296763333445,105.85591134371693,106.71969604492188,6980500,0.0,0.0
2024-02-09 00:00:00-05:00,106.54882691488868,106.90952412275117,105.5426665906053,106.13117218017578,5947500,0.0,0.0
2024-02-12 00:00:00-05:00,105.83693563972064,106.90954054181084,105.56166381701097,106.81462097167969,4232100,0.0,0.0
2024-02-13 00:00:00-05:00,106.7576476178668,107.36514142576372,104.96364133487468,105.6850357055664,4263400,0.0,0.0
2024-02-14 00:00:00-05:00,105.96981038105046,106.67222379680432,105.47622433692837,106.36847686767578,3991100,0.0,0.0
2024-02-15 00:00:00-05:00,106.56780477517798,108.4662247976526,106.56780477517798,107.86822509765625,5450700,0.0,0.0
2024-02-16 00:00:00-05:00,107.7353375065137,109.62426342272913,107.6878741086504,108.21943664550781,7161100,0.0,0.0
2024-02-20 00:00:00-05:00,108.5231930633084,111.23793454347566,108.17198271730831,110.71586608886719,9601100,0.0,0.0
2024-02-21 00:00:00-05:00,110.07039764400736,111.98780601989395,110.07039764400736,111.88339233398438,6144600,0.0,0.0
2024-02-22 00:00:00-05:00,112.1016965182285,113.19328943707029,110.86772789675736,112.97496795654297,4916100,0.0,0.0
2024-02-23 00:00:00-05:00,113.31670061310737,114.04759645513062,112.8231145410865,113.39263916015625,4261300,0.0,0.0
2024-02-26 00:00:00-05:00,113.43059330577692,113.85773490263801,112.37696964216225,112.66173553466797,3483100,0.0,0.0
2024-02-27 00:00:00-05:00,112.15865970077346,113.43059765442767,111.84541865538777,113.33567810058594,3203300,0.0,0.0
2024-02-28 00:00:00-05:00,113.42111228773227,114.00962515404728,113.21228490801086,113.95267486572266,3383800,0.0,0.0
2024-02-29 00:00:00-05:00,114.20894615035368,114.33234084244945,112.50985939263205,112.61427307128906,6135200,0.0,0.0
2024-03-01 00:00:00-05:00,112.54784299399688,113.3926394166056,111.84542953695221,112.59530639648438,3899400,0.0,0.0
2024-03-04 00:00:00-05:00,112.29156031459453,114.17099230044424,112.1681583639357,113.94318389892578,3164000,0.0,0.0
2024-03-05 00:00:00-05:00,114.32286080315417,114.47473064545191,112.08272450455323,112.46240997314453,3502300,0.0,0.0
2024-03-06 00:00:00-05:00,112.57631125630797,113.50654029814439,112.4054531564563,113.27872467041016,3388700,0.0,0.0
2024-03-07 00:00:00-05:00,114.00012855796894,115.32902411133514,113.85774559834076,114.77848052978516,4200800,0.0,0.0
2024-03-08 00:00:00-05:00,114.82594615503253,115.46191517954237,114.48422994206342,114.81645202636719,3357400,0.0,0.0
2024-03-11 00:00:00-04:00,114.78796942601755,115.25308031383075,113.54450660186687,114.08555603027344,3886000,0.0,0.0
2024-03-12 00:00:00-04:00,113.85775230114456,114.9303643838432,113.01295586402179,114.62661743164062,3079700,0.0,0.0
2024-03-13 00:00:00-04:00,114.39878443322202,114.7879640039566,113.54450123854144,114.05707550048828,3421700,0.0,0.0
2024-03-14 00:00:00-04:00,113.91470103447222,114.22793484962168,111.8644038340502,112.81361389160156,4952200,0.0,0.0
2024-03-15 00:00:00-04:00,107.27971757600227,109.624267578125,106.55832314603991,109.624267578125,22415700,0.0,0.0
2024-03-18 00:00:00-04:00,109.49137683726755,109.88055643038865,106.58679642772142,106.72917938232422,12991000,0.0,0.0
2024-03-19 00:00:00-04:00,106.72918810003532,108.60862008023209,106.34950260404754,107.4126205444336,8299200,0.0,0.0
2024-03-20 00:00:00-04:00,107.26074451395213,107.48855291704663,105.10604070882404,105.83692932128906,8317300,0.0,0.0
2024-03-21 00:00:00-04:00,106.26406014813347,106.4444123715571,105.37180764285893,105.8464126586914,9722700,0.0,0.0
2024-03-22 00:00:00-04:00,105.85590161925545,106.29254461524813,104.92567982545741,104.95415496826172,5387700,0.0,0.0
2024-03-25 00:00:00-04:00,104.84025495055576,105.17248428637026,103.56831686473492,104.422607421875,6622400,0.0,0.0
2024-03-26 00:00:00-04:00,104.87822506383098,106.2166148210456,104.34666970931097,105.83692932128906,7770600,0.0,0.0
2024-03-27 00:00:00-04:00,106.31152790857044,107.925182131852,106.2545776217411,107.71636199951172,7533400,0.0,0.0
2024-03-28 00:00:00-04:00,107.52652542496271,108.2289389134026,107.19430331839646,107.8872299194336,5278000,0.0,0.0
2024-04-01 00:00:00-04:00,107.88722421739246,107.88722421739246,106.14067385505454,106.39695739746094,3964000,0.0,0.0
2024-04-02 00:00:00-04:00,106.20711067312004,106.71019083503315,105.53317241452909,106.33050537109375,4560700,0.0,0.0
2024-04-03 00:00:00-04:00,106.4444111016298,106.8335906860803,105.40977565556958,105.62808990478516,4409900,0.0,0.0
2024-04-04 00:00:00-04:00,106.15964638796513,106.31152346903184,104.26122632601813,104.51751708984375,4799700,0.0,0.0
2024-04-05 00:00:00-04:00,104.12833946766435,105.60911206844028,103.97646962562715,105.55215454101562,5591200,0.0,0.0
2024-04-08 00:00:00-04:00,105.64708243388993,105.81794053413805,104.54599528964707,104.90669250488281,5810500,0.0,0.0
2024-04-09 00:00:00-04:00,104.97313501205299,106.85257408063443,104.96364812580461,106.72917938232422,4235700,0.0,0.0
2024-04-10 00:00:00-04:00,105.57114504083782,105.99828667516077,104.74532967366228,105.523681640625,3965500,0.0,0.0
2024-04-11 00:00:00-04:00,105.97930558733825,106.292546647972,104.70736032987006,105.78945922851562,4321500,0.0,0.0
2024-04-12 00:00:00-04:00,105.18850335165688,105.40790762859736,103.4905309814565,104.08196258544922,4041500,0.55,0.0
2024-04-15 00:00:00-04:00,105.01679147919417,105.779928516744,103.8148604701023,103.8720932006836,4595600,0.0,0.0
2024-04-16 00:00:00-04:00,103.8244007302919,105.24574336735284,103.1566612401264,104.17735290527344,7283900,0.0,0.0
2024-04-17 00:00:00-04:00,102.5747731232657,103.70993755950747,99.44592410949875,101.01988983154297,12002900,0.0,0.0
2024-04-18 00:00:00-04:00,101.5922367882357,102.09781201343573,99.65578498855346,100.41891479492188,7306400,0.0,0.0
2024-04-19 00:00:00-04:00,101.09619228691271,102.80369841745792,100.5238358942634,102.3362808227539,10533600,0.0,0.0
2024-04-22 00:00:00-04:00,102.5270808320228,102.92772453198394,101.3728339741402,102.13597106933594,4948300,0.0,0.0
2024-04-23 00:00:00-04:00,102.70831131322605,103.12803740683684,102.36490037805613,102.63199615478516,3849600,0.0,0.0
2024-04-24 00:00:00-04:00,101.7925584363009,102.17412697764637,100.69555160911315,101.96426391601562,5052700,0.0,0.0
2024-04-25 00:00:00-04:00,101.73531659896128,102.50798754963093,101.24881657033293,101.93563842773438,3112300,0.0,0.0
2024-04-26 00:00:00-04:00,101.60178278163039,102.8895703036675,101.48731003027477,102.57477569580078,3575600,0.0,0.0
2024-04-29 00:00:00-04:00,102.44120918075443,103.20434616218796,101.68761341298757,102.32673645019531,3305100,0.0,0.0
2024-04-30 00:00:00-04:00,101.61131267355441,101.94518969892786,101.01988834296871,101.08666229248047,5074000,0.0,0.0
2024-05-01 00:00:00-04:00,101.04851101307125,102.22183308803726,101.02943585965579,101.39192199707031,4096800,0.0,0.0
2024-05-02 00:00:00-04:00,101.74485998913349,101.74485998913349,100.30444230059895,101.03895568847656,3708500,0.0,0.0
2024-05-03 00:00:00-04:00,101.22021168303009,101.72578691932826,100.61924612856873,101.01988983154297,3610300,0.0,0.0
2024-05-06 00:00:00-04:00,101.22020833084166,101.27744106428119,100.29490699189168,100.77186584472656,3789500,0.0,0.0
2024-05-07 00:00:00-04:00,101.61131267970794,101.68762784424447,100.91495681730235,101.2774429321289,6556400,0.0,0.0
2024-05-08 00:00:00-04:00,101.43959720593048,101.43959720593048,99.47452921848226,100.10411834716797,6234700,0.0,0.0
2024-05-09 00:00:00-04:00,99.90380525826077,100.17090105337968,99.6844009820905,99.84656524658203,5902000,0.0,0.0
2024-05-10 00:00:00-04:00,99.68439949765747,100.80048145827634,99.60808433509861,99.91333770751953,7349600,0.0,0.0
2024-05-13 00:00:00-04:00,100.15181862766963,100.63831869897884,99.58901067047657,99.94195556640625,5459200,0.0,0.0
2024-05-14 00:00:00-04:00,100.0182673386884,100.28536312476163,98.59693203261915,99.21697998046875,7035100,0.0,0.0
2024-05-15 00:00:00-04:00,99.3028231857995,99.99918625343813,99.3028231857995,99.7702407836914,5443200,0.0,0.0
2024-05-16 00:00:00-04:00,99.63669494485234,100.34259924101464,99.3600652327348,100.03734588623047,8708300,0.0,0.0
2024-05-17 00:00:00-04:00,99.59853452737416,99.97056178829888,99.1501921160512,99.29327392578125,7004600,0.0,0.0
2024-05-20 00:00:00-04:00,98.99758261714655,99.01666504766246,98.2726030916535,98.45384979248047,7165900,0.0,0.0
2024-05-21 00:00:00-04:00,98.74954644488395,99.07388221234572,97.69070460774162,98.2153549194336,4391600,0.0,0.0
2024-05-22 00:00:00-04:00,98.20581830163368,100.29490026585174,98.19628436524282,99.9896469116211,5933400,0.0,0.0
2024-05-23 00:00:00-04:00,99.16929510917083,100.07552139951706,98.67326104793418,99.4268569946289,5862200,0.0,0.0
2024-05-24 00:00:00-04:00,99.3505168855824,99.56037991651941,98.80678415897904,99.15972900390625,4455600,0.0,0.0
2024-05-28 00:00:00-04:00,98.79724890385346,98.81632405426473,96.87987242479991,97.25189971923828,4771100,0.0,0.0
2024-05-29 00:00:00-04:00,96.43153079124453,97.08019507794047,96.00227076411643,96.08812713623047,4960900,0.0,0.0
2024-05-30 00:00:00-04:00,96.61278107872224,97.88149333471263,96.21213740140347,97.05158233642578,5124000,0.0,0.0
2024-05-31 00:00:00-04:00,97.16605563809689,97.58578174693645,96.71771316325724,97.48085021972656,7915700,0.0,0.0
2024-06-03 00:00:00-04:00,97.4617698436316,99.331447665772,97.22329041818796,98.1295166015625,4915100,0.0,0.0
2024-06-04 00:00:00-04:00,98.06273082942049,98.72092901536737,97.81471021907667,98.6636962890625,3880400,0.0,0.0
2024-06-05 00:00:00-04:00,98.1867374623596,98.65415504192252,97.28051866637648,98.47291564941406,3302300,0.0,0.0
2024-06-06 00:00:00-04:00,98.53016105843344,100.16135946785795,98.07227735577054,99.46499633789062,9835500,0.0,0.0
2024-06-07 00:00:00-04:00,99.07389206270638,103.14711740487064,98.6064744314646,102.62246704101562,8666600,0.0,0.0
2024-06-10 00:00:00-04:00,102.67016136264292,103.95795610412331,102.10735340240508,102.53661346435547,8555900,0.0,0.0
2024-06-11 00:00:00-04:00,102.37443863940797,102.37443863940797,100.66692522706889,100.93402099609375,7536000,0.0,0.0
2024-06-12 00:00:00-04:00,101.02943902631809,101.02943902631809,99.48408954988491,99.56993865966797,4569000,0.0,0.0
2024-06-13 00:00:00-04:00,98.8640317295338,98.92126446372369,97.87195642929302,98.68278503417969,4719500,0.0,0.0
2024-06-14 00:00:00-04:00,98.530148625893,98.94033348021205,97.70977891725492,98.90217590332031,3683100,0.0,0.0
2024-06-17 00:00:00-04:00,98.16767587084152,99.15020995611245,97.81472369510314,98.68278503417969,3936200,0.0,0.0
2024-06-18 00:00:00-04:00,98.50153544854257,99.2932815417593,98.49199423455764,99.19789123535156,4501000,0.0,0.0
2024-06-20 00:00:00-04:00,98.75909366662597,101.91655877606084,98.70186093622132,101.65900421142578,9154900,0.0,0.0
2024-06-21 00:00:00-04:00,101.74486766530482,102.0024222478632,100.39029896967878,100.84818267822266,10324700,0.0,0.0
2024-06-24 00:00:00-04:00,101.39191680190461,101.39191680190461,100.1041293167999,100.44754028320312,5201300,0.0,0.0
2024-06-25 00:00:00-04:00,100.54291982740412,101.09619380041407,99.98964585439415,100.62876892089844,4637400,0.0,0.0
2024-06-26 00:00:00-04:00,100.24721211146719,100.78141099642369,99.51269865164738,100.04689025878906,5406600,0.0,0.0
2024-06-27 00:00:00-04:00,100.39984094188938,100.46661489178328,99.13112861609069,99.8274917602539,4137600,0.0,0.0
2024-06-28 00:00:00-04:00,99.87517053626229,100.31397903993418,98.75908868280919,99.12158203125,8283600,0.0,0.0
2024-07-01 00:00:00-04:00,99.36005743139712,100.64784469334943,97.8814822890508,98.44429016113281,4588900,0.0,0.0
2024-07-02 00:00:00-04:00,97.96733137686799,98.62553682805375,97.96733137686799,98.44429016113281,3650500,0.0,0.0
2024-07-03 00:00:00-04:00,98.59692915937327,98.88310736629172,97.47130603814233,97.61439514160156,2017800,0.0,0.0
2024-07-05 00:00:00-04:00,97.32821504021705,99.27420788706763,97.07066048125496,99.22650909423828,6582700,0.0,0.0
2024-07-08 00:00:00-04:00,98.99757735006358,99.06435129768694,97.24237228235549,97.41407775878906,4542000,0.0,0.0
2024-07-09 00:00:00-04:00,97.67163027367673,97.86241089777106,96.1072058670975,96.95619201660156,6268500,0.0,0.0
2024-07-10 00:00:00-04:00,96.74631819924898,98.32982485874257,96.60322910819143,98.30120849609375,6598900,0.0,0.0
2024-07-11 00:00:00-04:00,98.61599814629524,99.81793635128706,98.3107448076417,99.37913513183594,5025300,0.0,0.0
2024-07-12 00:00:00-04:00,99.84655738911087,100.09457801269515,99.31236584091153,99.41729736328125,4277600,0.0,0.0
2024-07-15 00:00:00-04:00,99.66662223740714,99.88719048162463,98.37200290183304,98.73641204833984,4970800,0.55,0.0
2024-07-16 00:00:00-04:00,98.69807177739735,99.60910580052791,98.30489437178845,98.50627899169922,7656900,0.0,0.0
2024-07-17 00:00:00-04:00,98.43913169700542,101.31606682317357,98.29528347741214,100.38585662841797,13438300,0.0,0.0
2024-07-18 00:00:00-04:00,98.18980316686601,99.87760729187711,95.61974062149056,95.96497344970703,13078800,0.0,0.0
2024-07-19 00:00:00-04:00,96.48281123096277,98.19938333501169,95.97455388213734,97.84455871582031,11963600,0.0,0.0
2024-07-22 00:00:00-04:00,98.29528566388825,99.57072868746889,98.11307742725543,99.46524047851562,7880300,0.0,0.0
2024-07-23 00:00:00-04:00,99.74335532613328,100.050228151915,99.12960967456988,99.65704345703125,5894500,0.0,0.0
2024-07-24 00:00:00-04:00,99.94473574687119,102.90797566082286,99.29263010483936,102.86003112792969,8680900,0.0,0.0
2024-07-25 00:00:00-04:00,102.62987237829547,104.25054832971608,101.57499752727219,101.61335754394531,6356600,0.0,0.0
2024-07-26 00:00:00-04:00,102.0928368675531,102.74494245484614,100.36668018337105,100.92288208007812,8611600,0.0,0.0
2024-07-29 00:00:00-04:00,96.46364512073411,100.86536030039929,95.82113127289996,100.47217559814453,19452700,0.0,0.0
2024-07-30 00:00:00-04:00,100.462585305671,101.34484373106258,98.56380473966084,100.9996109008789,9126300,0.0,0.0
2024-07-31 00:00:00-04:00,101.17222439551057,102.44766746373716,99.30221938301655,101.59417724609375,8238400,0.0,0.0
2024-08-01 00:00:00-04:00,102.27505279286714,106.13973476202553,101.96817998261307,105.63147735595703,9069200,0.0,0.0
2024-08-02 00:00:00-04:00,105.66024584113721,107.44394634222697,103.95326537193678,106.74388885498047,9885700,0.0,0.0
2024-08-05 00:00:00-04:00,106.77265888982247,107.4055881892503,103.92449899167244,104.173828125,7121400,0.0,0.0
2024-08-06 00:00:00-04:00,104.48069189737028,106.10136770583544,104.17381910747874,105.00813293457031,5634800,0.0,0.0
2024-08-07 00:00:00-04:00,105.11362721729932,107.7412260898904,104.9122426232083,105.43009185791016,6365100,0.0,0.0
2024-08-08 00:00:00-04:00,105.43968537972164,106.65759219769289,104.73963515710551,105.25748443603516,5476600,0.0,0.0
2024-08-09 00:00:00-04:00,104.7971590860302,104.7971590860302,103.2723869316614,104.25054168701172,5435000,0.0,0.0
2024-08-12 00:00:00-04:00,103.95326954052622,103.95326954052622,102.71618641329651,103.37788391113281,4795900,0.0,0.0
2024-08-13 00:00:00-04:00,103.37788962230577,104.10670804546966,103.18608952429504,103.79983520507812,4920400,0.0,0.0
2024-08-14 00:00:00-04:00,103.63680062978534,105.66024574129858,103.2915678030345,105.38214111328125,5822900,0.0,0.0
2024-08-15 00:00:00-04:00,105.9383627681603,106.76308491565304,105.25748886805367,106.38908386230469,7458500,0.0,0.0
2024-08-16 00:00:00-04:00,106.79183467526329,107.02198744151345,106.03424086508096,106.44660186767578,4643300,0.0,0.0
2024-08-19 00:00:00-04:00,106.44659515944582,107.64531807790806,106.2931551139991,107.30967712402344,3495800,0.0,0.0
2024-08-20 00:00:00-04:00,107.23295863486103,107.49187956972517,105.80408294421814,106.22602844238281,5822400,0.0,0.0
2024-08-21 00:00:00-04:00,106.41784844986091,106.8781540462197,106.13974379869909,106.82061767578125,4081400,0.0,0.0
2024-08-22 00:00:00-04:00,107.20420674000042,107.54943958321165,106.49456470292186,107.5014877319336,3690400,0.0,0.0
2024-08-23 00:00:00-04:00,107.7891790025213,108.15358817879435,107.30009794551475,108.0672836303711,4511600,0.0,0.0
2024-08-26 00:00:00-04:00,108.11522616507881,108.61389904594807,107.46312053992847,108.07686614990234,3212700,0.0,0.0
2024-08-27 00:00:00-04:00,108.42210446042009,108.52759267839096,107.53984601595931,108.46046447753906,2705300,0.0,0.0
2024-08-28 00:00:00-04:00,108.46046189301738,108.76733470623145,107.76041171744703,108.26866912841797,3836700,0.0,0.0
2024-08-29 00:00:00-04:00,108.65225626035334,108.84404901486697,107.90424695833116,108.13440704345703,3375800,0.0,0.0
2024-08-30 00:00:00-04:00,108.36456840910583,108.81528946603721,107.30010170933069,108.62348937988281,4320100,0.0,0.0
2024-09-03 00:00:00-04:00,108.70979937318118,110.11949888730041,108.70979937318118,109.95647430419922,4436900,0.0,0.0
2024-09-04 00:00:00-04:00,109.98523504612227,110.84830975305219,108.91117660412284,109.7071304321289,3659200,0.0,0.0
2024-09-05 00:00:00-04:00,109.57288302471363,109.78385946065538,107.90425520395176,108.46046447753906,2928000,0.0,0.0
2024-09-06 00:00:00-04:00,108.96870940489116,109.64958316871862,108.37414749879005,109.18927764892578,3802200,0.0,0.0
2024-09-09 00:00:00-04:00,109.76468076960334,111.94156611212745,109.63042436181358,111.65386962890625,5101000,0.0,0.0
2024-09-10 00:00:00-04:00,111.38534321794272,112.4402180002895,110.69487759562857,112.30596160888672,4963700,0.0,0.0
2024-09-11 00:00:00-04:00,111.61549468770026,111.93195931364897,110.01400252572881,111.81687927246094,6535600,0.0,0.0
2024-09-12 00:00:00-04:00,111.72098805718643,112.49775825092036,110.84831416648672,112.0374526977539,4349300,0.0,0.0
2024-09-13 00:00:00-04:00,111.26066745960128,112.24842132819718,111.18395475035179,111.62508392333984,3350100,0.0,0.0
2024-09-16 00:00:00-04:00,112.20048788432274,112.85259357664933,111.64427858160361,112.80464172363281,3637100,0.0,0.0
2024-09-17 00:00:00-04:00,112.96766133274136,113.67730331827288,112.44981210554006,113.28411865234375,4982500,0.0,0.0
2024-09-18 00:00:00-04:00,112.67996850882325,112.67996850882325,109.82220949252142,110.16744232177734,5990200,0.0,0.0
2024-09-19 00:00:00-04:00,110.75241958401924,110.91545148165301,108.60430989604308,109.46739196777344,8144100,0.0,0.0
2024-09-20 00:00:00-04:00,109.08380237559355,109.47698706527099,108.55636128369093,109.03585052490234,8403400,0.0,0.0
2024-09-23 00:00:00-04:00,109.12215649928187,110.18662314259441,108.32620264591759,110.10031127929688,5005200,0.0,0.0
2024-09-24 00:00:00-04:00,109.52493435698928,109.7167344481578,108.53718766585384,108.69062042236328,5029800,0.0,0.0
2024-09-25 00:00:00-04:00,109.15092547044166,109.50575012625187,107.26173677782016,107.99056243896484,5159100,0.0,0.0
2024-09-26 00:00:00-04:00,107.70286011436148,108.2974293471745,107.5014755314146,108.10563659667969,3508700,0.0,0.0
2024-09-27 00:00:00-04:00,108.29743661252427,108.72897398830034,107.71245917291894,107.81794738769531,3566400,0.0,0.0
2024-09-30 00:00:00-04:00,107.95220617290174,109.40985022939336,107.50148512096598,109.33313751220703,5035600,0.0,0.0
2024-10-01 00:00:00-04:00,109.52492588427408,109.53451771719683,108.17277009915763,108.9015884399414,4264000,0.0,0.0
2024-10-02 00:00:00-04:00,108.72896557573472,109.12215022155699,107.43434623214868,108.97830200195312,3454000,0.0,0.0
2024-10-03 00:00:00-04:00,108.8536432540174,108.8536432540174,107.20419918960634,107.62615203857422,3472100,0.0,0.0
2024-10-04 00:00:00-04:00,107.53025941858631,108.12482873824418,107.09872200872894,108.01934051513672,4366300,0.0,0.0
2024-10-07 00:00:00-04:00,107.6932783179633,108.94953769320543,107.21378911319309,108.70979309082031,6912900,0.0,0.0
2024-10-08 00:00:00-04:00,109.0837978325544,110.57021734497454,109.0837978325544,109.92769622802734,4341500,0.0,0.0
2024-10-09 00:00:00-04:00,110.26333957887574,111.50041527561041,109.86056309065737,111.19354248046875,4256900,0.0,0.0
2024-10-10 00:00:00-04:00,111.45246838887827,112.0566221337944,110.71405093977859,110.87708282470703,4068300,0.0,0.0
2024-10-11 00:00:00-04:00,111.44288719207276,112.46899386297265,111.19355074111412,111.35658264160156,3471300,0.0,0.0
2024-10-14 00:00:00-04:00,111.49084463828046,112.75669599037124,111.222331823659,112.44023132324219,3674100,0.0,0.0
2024-10-15 00:00:00-04:00,112.48839526718527,114.03962768720784,111.58270476456407,111.81394958496094,6544900,0.55,0.0
2024-10-16 00:00:00-04:00,113.70239985612895,115.15727652835051,112.38240496352618,113.51933288574219,7356200,0.0,0.0
2024-10-17 00:00:00-04:00,114.37684478615671,114.42502262571399,112.91233108503391,113.58677673339844,5046900,0.0,0.0
2024-10-18 00:00:00-04:00,113.59641820446814,115.47523640602121,113.37481042512536,115.03202819824219,6741800,0.0,0.0
2024-10-21 00:00:00-04:00,114.55028277817108,114.5791865435769,112.34387135767638,112.71963500976562,8303300,0.0,0.0
2024-10-22 00:00:00-04:00,112.60402463083504,112.92197341442792,111.61161542155574,111.88140106201172,5360000,0.0,0.0
2024-10-23 00:00:00-04:00,111.91992742879573,112.8737883583292,111.69831966188083,112.73889923095703,3655600,0.0,0.0
2024-10-24 00:00:00-04:00,112.93160608021445,113.12431010164893,111.96810802576242,112.28606414794922,3768000,0.0,0.0
2024-10-25 00:00:00-04:00,111.91030230157297,112.14153978012088,109.06797858450618,110.05075073242188,5989600,0.0,0.0
2024-10-28 00:00:00-04:00,110.58066515995634,110.63848004010684,109.40520374352579,109.90621948242188,4104700,0.0,0.0
2024-10-29 00:00:00-04:00,109.97366765638967,110.55176502050546,109.21250330912294,109.26068115234375,4543600,0.0,0.0
2024-10-30 00:00:00-04:00,108.52841741609915,110.55176180714616,108.39352828008978,110.27234649658203,5188000,0.0,0.0
2024-10-31 00:00:00-04:00,109.42447004045988,110.29161973025066,109.13541769356078,109.23177337646484,5323200,0.0,0.0
2024-11-01 00:00:00-04:00,115.37889061332936,115.54268351637076,112.81598229131204,114.27086639404297,10149300,0.0,0.0
2024-11-04 00:00:00-05:00,115.23435551194032,116.1689497171209,113.191744524195,113.35553741455078,5604000,0.0,0.0
2024-11-05 00:00:00-05:00,113.29772833163169,113.93364055151713,112.08372612242465,113.43262481689453,4059200,0.0,0.0
2024-11-06 00:00:00-05:00,116.5832720956862,116.5832720956862,111.28403245497319,112.53658294677734,5256100,0.0,0.0
2024-11-07 00:00:00-05:00,113.20137950264484,113.20137950264484,110.35906330431774,111.09132385253906,5519000,0.0,0.0
2024-11-08 00:00:00-05:00,111.1202338727994,112.97014839791217,110.50359569776182,112.33423614501953,5685700,0.0,0.0
2024-11-11 00:00:00-05:00,112.67147209501383,113.53861451913197,112.08373765588034,112.53658294677734,5301100,0.0,0.0
2024-11-12 00:00:00-05:00,112.4209499924511,113.0183214150289,112.17043844738214,112.18971252441406,4598900,0.0,0.0
2024-11-13 00:00:00-05:00,111.84285193837067,112.54620137654196,111.33219916385839,111.5152587890625,4760800,0.0,0.0
2024-11-14 00:00:00-05:00,111.74651198548652,111.85249001281083,110.73483604815316,110.83118438720703,3812300,0.0,0.0
2024-11-15 00:00:00-05:00,110.67702414456441,112.10299714843089,110.25308264837919,111.66942596435547,6898600,0.0,0.0
2024-11-18 00:00:00-05:00,111.36110083128092,113.63495670398979,111.29365626517966,113.07612609863281,6086500,0.0,0.0
2024-11-19 00:00:00-05:00,112.28606239028504,113.25919746830257,111.23584570490031,112.85452270507812,4542800,0.0,0.0
2024-11-20 00:00:00-05:00,112.43059434605249,112.50766860647515,111.3129330344929,111.69833374023438,5624400,0.0,0.0
2024-11-21 00:00:00-05:00,111.45745343874758,113.34590871296342,110.93716361561056,112.97978210449219,5561900,0.0,0.0
2024-11-22 00:00:00-05:00,112.94123516849189,113.69276242191549,112.13189303725446,113.4615249633789,5349500,0.0,0.0
2024-11-25 00:00:00-05:00,113.9625498614571,114.31904679155018,113.28810415685602,113.81802368164062,6879000,0.0,0.0
2024-11-26 00:00:00-05:00,114.30940717338122,114.65626705675149,112.73890801044288,113.65422821044922,4056800,0.0,0.0
2024-11-27 00:00:00-05:00,114.02998070416616,116.13040652536824,113.78910621710585,114.60807800292969,3510300,0.0,0.0
2024-11-29 00:00:00-05:00,114.37685433366521,114.83933663893923,113.5578824491721,114.43466186523438,2523200,0.0,0.0
2024-12-02 00:00:00-05:00,114.41539216172933,114.47319969179459,112.33423286849973,112.54620361328125,5338900,0.0,0.0
2024-12-03 00:00:00-05:00,112.82561997053621,113.15321312938555,111.8332181570661,112.0451889038086,4794900,0.0,0.0
2024-12-04 00:00:00-05:00,112.73891636193774,112.73891636193774,111.08169842993979,111.73687744140625,3557100,0.0,0.0
2024-12-05 00:00:00-05:00,111.05278640122299,112.04518820853497,110.69628947928581,111.37073516845703,3269800,0.0,0.0
2024-12-06 00:00:00-05:00,110.92752584230176,111.95846844310465,110.89862207747002,111.38037109375,5300300,0.0,0.0
2024-12-09 00:00:00-05:00,111.44781523562698,111.6405192519457,109.69424911711273,110.70592498779297,4868000,0.0,0.0
2024-12-10 00:00:00-05:00,110.87935967437392,112.1415397939494,110.09892123895476,111.28402709960938,4072100,0.0,0.0
2024-12-11 00:00:00-05:00,111.10095424839285,111.37073251764015,109.84841123390088,109.97366333007812,4747700,0.0,0.0
2024-12-12 00:00:00-05:00,110.22417010003554,110.5902966851721,109.16432379492971,109.7038803100586,3764700,0.0,0.0
2024-12-13 00:00:00-05:00,109.69425457400101,110.11819608008517,108.0466737447743,109.24140930175781,4550500,0.0,0.0
2024-12-16 00:00:00-05:00,108.58622189752298,109.50154941007204,108.28753986915868,108.50914764404297,5047200,0.0,0.0
2024-12-17 00:00:00-05:00,108.11411395829246,109.68461311385408,108.10447691965892,109.15469360351562,5805600,0.0,0.0
2024-12-18 00:00:00-05:00,108.90419155682419,109.9833120998236,107.76726347879334,107.84434509277344,6454600,0.0,0.0
2024-12-19 00:00:00-05:00,107.4685763651353,109.16433503850604,107.21806480692092,108.31645202636719,7738700,0.0,0.0
2024-12-20 00:00:00-05:00,108.52842091943245,110.90826230441577,108.41279850587499,110.06038665771484,12311900,0.0,0.0
2024-12-23 00:00:00-05:00,109.83876915190979,110.33015517742206,108.83673037578362,110.137451171875,4028200,0.0,0.0
2024-12-24 00:00:00-05:00,109.97367344864492,110.63848949539234,109.44374654893215,110.571044921875,1480000,0.0,0.0
2024-12-26 00:00:00-05:00,110.03146590709191,111.58269823635882,109.66533932257722,111.06240844726562,2960500,0.0,0.0
2024-12-27 00:00:00-05:00,110.8119071331647,111.71759025532408,110.33015813275208,110.79263305664062,2829500,0.0,0.0
2024-12-30 00:00:00-05:00,109.96402581388469,110.45541185982542,108.41279342154563,108.68257904052734,3475800,0.0,0.0
2024-12-31 00:00:00-05:00,108.93308436541366,109.62680411963007,108.44170566526586,108.98126220703125,3519900,0.0,0.0
2025-01-02 00:00:00-05:00,109.54009937419005,109.80024062211935,108.64404586324493,109.29922485351562,3569100,0.0,0.0
2025-01-03 00:00:00-05:00,109.7809731694377,110.06038849368251,109.14506091062394,109.67498779296875,4416700,0.0,0.0
2025-01-06 00:00:00-05:00,109.36666361031052,110.08928713391235,108.67294385150772,108.913818359375,6037200,0.0,0.0
2025-01-07 00:00:00-05:00,109.23177738677398,110.50359452819146,109.03907336479752,109.26068115234375,5300100,0.0,0.0
2025-01-08 00:00:00-05:00,109.39556815380259,110.13745840891576,108.16229184088857,110.07965087890625,4455800,0.0,0.0
2025-01-10 00:00:00-05:00,109.6171707592763,109.68461532926004,107.70944872207508,108.21046447753906,5108700,0.0,0.0
2025-01-13 00:00:00-05:00,108.4898819218828,109.25104628427344,107.89251781915348,109.058349609375,4409700,0.0,0.0
2025-01-14 00:00:00-05:00,109.41484400437666,109.65571853404526,108.19120462805935,108.8945541381836,3972400,0.0,0.0
2025-01-15 00:00:00-05:00,108.62334617222918,109.21416477732923,107.37391046912323,107.60636138916016,6543700,0.59,0.0
2025-01-16 00:00:00-05:00,107.52888217121371,110.36674622366722,107.52888217121371,110.32801055908203,5598700,0.0,0.0
2025-01-17 00:00:00-05:00,110.0471188937128,111.18032541097126,109.8243482005728,109.9115219116211,6459800,0.0,0.0
2025-01-21 00:00:00-05:00,110.65730339610943,113.22397318034868,110.55076185638575,113.117431640625,8486300,0.0,0.0
2025-01-22 00:00:00-05:00,110.54108499814924,116.16838976272433,109.93089852995855,114.07630920410156,13200700,0.0,0.0
2025-01-23 00:00:00-05:00,114.41530082028136,119.35493297203043,114.07630834051945,119.34524536132812,13089400,0.0,0.0
2025-01-24 00:00:00-05:00,118.73505307886332,121.718201719192,118.33794970859857,121.09832763671875,9960200,0.0,0.0
2025-01-27 00:00:00-05:00,122.74487648010047,125.67958712145557,121.52449612438726,125.3599624633789,11845100,0.0,0.0
2025-01-28 00:00:00-05:00,125.66989782516438,125.76675914933165,122.68674934416276,123.38410949707031,11948500,0.0,0.0
2025-01-29 00:00:00-05:00,124.12990177753552,125.23405290284754,123.61656187762586,123.8393325805664,7609800,0.0,0.0
2025-01-30 00:00:00-05:00,123.96523874345056,125.12750811170469,123.19039988742927,124.75945281982422,6340400,0.0,0.0
2025-01-31 00:00:00-05:00,124.33330147447926,124.71103703210514,123.66500408224704,123.90714263916016,7129400,0.0,0.0
2025-02-03 00:00:00-05:00,122.6673812420212,124.89505129279723,122.04750719402425,124.41077423095703,5720600,0.0,0.0
2025-02-04 00:00:00-05:00,122.46399417476623,125.13719841931831,122.03782796643965,125.04035186767578,6957400,0.0,0.0
2025-02-05 00:00:00-05:00,125.35995496825957,128.33342326536706,124.89505312020042,127.90725708007812,8680100,0.0,0.0
2025-02-06 00:00:00-05:00,127.65544455504525,127.75229110617919,124.11053269054257,124.18801879882812,6469200,0.0,0.0
2025-02-07 00:00:00-05:00,124.04274492210223,125.41809012852845,124.04274492210223,125.01129913330078,6455200,0.0,0.0
2025-02-10 00:00:00-05:00,125.01128026213827,127.29705366771056,124.55605866927608,127.18083190917969,5503600,0.0,0.0
2025-02-11 00:00:00-05:00,127.07429675820961,127.8975736664175,126.36725639333736,127.30675506591797,5314100,0.0,0.0
2025-02-12 00:00:00-05:00,126.38664245605469,126.686891892417,125.17594971010071,126.38664245605469,4703700,0.0,0.0
2025-02-13 00:00:00-05:00,126.8127947471091,127.88789050395562,126.44475419954227,127.645751953125,4168400,0.0,0.0
2025-02-14 00:00:00-05:00,128.1591028894472,128.47871278006264,126.41570231853954,126.50286865234375,3733900,0.0,0.0
2025-02-18 00:00:00-05:00,125.67959661480621,126.70627655419368,124.21708498916249,126.08638763427734,5116200,0.0,0.0
2025-02-19 00:00:00-05:00,126.16386831352256,128.10097676790534,125.91204953488007,127.9750747680664,3806800,0.0,0.0
2025-02-20 00:00:00-05:00,127.58762533558776,129.0888871214435,127.21958483339576,128.9823455810547,5046900,0.0,0.0
2025-02-21 00:00:00-05:00,128.24627179922646,131.15193454944793,128.24627179922646,130.67733764648438,7160100,0.0,0.0
2025-02-24 00:00:00-05:00,130.26087891806375,132.29483417110202,130.07685122824844,130.70640563964844,5947200,0.0,0.0
2025-02-25 00:00:00-05:00,131.122875525013,132.15922085924117,130.13494607879494,131.54904174804688,6385700,0.0,0.0
2025-02-26 00:00:00-05:00,130.90009005627184,132.02361643949922,130.0477724370681,131.68463134765625,5388000,0.0,0.0
2025-02-27 00:00:00-05:00,131.45218066350708,132.68224866796785,130.96790355077061,131.5974578857422,4890700,0.0,0.0
2025-02-28 00:00:00-05:00,132.11077800942502,134.01883083634905,130.5126695993852,133.67015075683594,8756100,0.0,0.0
2025-03-03 00:00:00-05:00,133.8251148754063,136.4111524842317,133.67014267633246,135.81065368652344,7589800,0.0,0.0
2025-03-04 00:00:00-05:00,136.56613067924903,136.78889398834667,133.20524670645685,133.25367736816406,8356300,0.0,0.0
2025-03-05 00:00:00-05:00,132.5950516526398,134.14474413911725,131.76209452747665,133.3795928955078,8156700,0.0,0.0
2025-03-06 00:00:00-05:00,132.75002364466513,133.38927290273642,129.26323772411436,130.83229064941406,9184200,0.0,0.0
2025-03-07 00:00:00-05:00,130.2802424540908,133.15685010351336,129.74754937594844,132.82754516601562,8254800,0.0,0.0
2025-03-10 00:00:00-04:00,132.1398405592642,134.77430912864145,132.1398405592642,133.0406036376953,7028000,0.0,0.0
2025-03-11 00:00:00-04:00,132.7500201106208,132.7500201106208,128.14938822124782,128.48838806152344,9313500,0.0,0.0
2025-03-12 00:00:00-04:00,128.13001596848218,128.43996037579268,125.36964563831661,126.1832275390625,6771000,0.0,0.0
2025-03-13 00:00:00-04:00,126.1832317379478,126.73531468972975,124.9434836253774,125.80549621582031,9012900,0.0,0.0
2025-03-14 00:00:00-04:00,121.06926768951091,124.44952696382886,120.58499061875287,122.72549438476562,9537900,0.0,0.0
2025-03-17 00:00:00-04:00,122.73518317541571,123.84902192676586,122.23153087887466,123.62625122070312,6662800,0.0,0.0
2025-03-18 00:00:00-04:00,123.92650819284837,124.57543773996343,120.97242228653491,122.32839965820312,7959600,0.0,0.0
2025-03-19 00:00:00-04:00,122.35744180440985,123.76184230025075,121.82473409110115,123.41316223144531,5098500,0.0,0.0
2025-03-20 00:00:00-04:00,123.32599690216907,123.74247546606954,122.40586606172407,122.79328918457031,5158500,0.0,0.0
2025-03-21 00:00:00-04:00,122.35745387266437,122.82235575060449,121.54386450204596,122.36713409423828,8857100,0.0,0.0
2025-03-24 00:00:00-04:00,123.20977020263672,123.81995664537362,122.61895159116125,123.20977020263672,5283000,0.0,0.0
2025-03-25 00:00:00-04:00,123.665000390643,124.74008875292034,120.584997743072,121.65040588378906,6726800,0.0,0.0
2025-03-26 00:00:00-04:00,121.78599446629255,123.33567959931204,121.19517585472236,122.6286392211914,6053700,0.0,0.0
2025-03-27 00:00:00-04:00,123.17102533756359,127.78133761600887,122.67706805811112,127.21958923339844,8441400,0.0,0.0
2025-03-28 00:00:00-04:00,127.13241209176107,129.26324303962184,126.63845479691885,126.70626068115234,6708300,0.0,0.0
2025-03-31 00:00:00-04:00,126.69654764083013,129.01139113279268,126.5318952326609,128.4786834716797,9669600,0.0,0.0
2025-04-01 00:00:00-04:00,128.31405573093951,128.45934772769874,126.95808576830515,127.54890441894531,4228800,0.0,0.0
2025-04-02 00:00:00-04:00,126.53192831511706,127.97507948727716,125.67959583448932,127.78135681152344,4236200,0.0,0.0
2025-04-03 00:00:00-04:00,127.76200059987146,129.4375953921041,127.34551456796103,127.49080657958984,6239200,0.0,0.0
2025-04-04 00:00:00-04:00,127.10334635420845,128.23655284161853,120.1007045724866,120.52687072753906,10776900,0.0,0.0
2025-04-07 00:00:00-04:00,118.4444936817078,122.52210596584919,116.68172533809462,120.93367767333984,10371300,0.0,0.0
2025-04-08 00:00:00-04:00,123.07418367802615,123.93619633733194,118.22172499680646,120.05229187011719,9880100,0.0,0.0
2025-04-09 00:00:00-04:00,117.80523873499287,123.74248041034862,117.04976767947174,123.04512023925781,10179200,0.0,0.0
2025-04-10 00:00:00-04:00,122.03782267742847,122.83203678340071,118.18297391608694,120.58499145507812,11089400,0.0,0.0
2025-04-11 00:00:00-04:00,122.09593026362563,124.47857990666382,120.13945418841425,122.89014434814453,7357000,0.0,0.0
2025-04-14 00:00:00-04:00,123.00637664990279,124.45920787017724,122.85140443945562,123.93618774414062,6988500,0.0,0.0
2025-04-15 00:00:00-04:00,124.1794581869164,125.02600627786275,122.213911793789,122.81719970703125,8639400,0.59,0.0
2025-04-16 00:00:00-04:00,126.20337677001953,130.54314485753625,125.53197630638053,126.20337677001953,13483200,0.0,0.0
2025-04-17 00:00:00-04:00,126.86504468696184,129.1322311829521,126.16445423123001,127.44886016845703,10474500,0.0,0.0
2025-04-21 00:00:00-04:00,127.43913796546974,128.40245357556356,125.0454513801256,126.38825225830078,6046700,0.0,0.0
2025-04-22 00:00:00-04:00,126.4271585863797,128.47054979432076,126.4271585863797,128.1786346435547,5837100,0.0,0.0
2025-04-23 00:00:00-04:00,128.64571614061495,129.30737668296388,123.70266023067192,126.339599609375,8777100,0.0,0.0
2025-04-24 00:00:00-04:00,126.51475135177459,126.68989154461667,124.57839508440566,125.89200592041016,6595500,0.0,0.0
2025-04-25 00:00:00-04:00,125.7849799534178,126.03796519941058,123.80970102572184,125.37630462646484,4849100,0.0,0.0
2025-04-28 00:00:00-04:00,125.84335107414134,126.61204666716309,125.05519051052774,126.03795623779297,3843300,0.0,0.0
2025-04-29 00:00:00-04:00,125.41522293567026,127.73106469515037,125.32765283067069,126.98181915283203,4315300,0.0,0.0
2025-04-30 00:00:00-04:00,127.39048227027814,127.73105244250544,125.2108658323524,127.22506713867188,8510500,0.0,0.0
2025-05-01 00:00:00-04:00,126.0087767763291,128.08135831926973,124.54921565536776,127.35157775878906,6769100,0.0,0.0
2025-05-02 00:00:00-04:00,128.35378731549434,133.1119551890968,127.7894219936914,129.2392578125,9801400,0.0,0.0
2025-05-05 00:00:00-04:00,129.30739809223616,129.47281325521098,127.90621689124345,129.0252227783203,5752000,0.0,0.0
2025-05-06 00:00:00-04:00,128.39271780476196,129.99824387333317,127.17641692588504,129.47279357910156,6290500,0.0,0.0
2025-05-07 00:00:00-04:00,129.90092557458541,130.80584624396045,128.8597649619442,130.3387908935547,4924900,0.0,0.0
2025-05-08 00:00:00-04:00,129.66741089783991,131.57457738745362,129.492270681637,130.38746643066406,5994500,0.0,0.0
2025-05-09 00:00:00-04:00,130.36798983998477,131.33130548552938,129.59929421388802,129.64794921875,4976100,0.0,0.0
2025-05-12 00:00:00-04:00,128.2370206172345,130.0566167273724,126.59259439202314,128.431640625,5958300,0.0,0.0
2025-05-13 00:00:00-04:00,128.1980989831297,128.1980989831297,125.44439230487555,125.57089233398438,6344700,0.0,0.0
2025-05-14 00:00:00-04:00,125.81415636304574,126.6315069284394,124.73408067041065,125.09410095214844,5266900,0.0,0.0
2025-05-15 00:00:00-04:00,125.37629151620403,129.83280455015264,125.37629151620403,129.75497436523438,8406400,0.0,0.0
2025-05-16 00:00:00-04:00,129.56036743951555,131.6426740106953,129.19062205785255,131.1658935546875,7128700,0.0,0.0
2025-05-19 00:00:00-04:00,131.36048508426668,132.0318854947293,130.90315480025365,131.89566040039062,8012800,0.0,0.0
2025-05-20 00:00:00-04:00,131.36049431706027,132.16811987862624,130.91288906281758,131.5550994873047,6455300,0.0,0.0
2025-05-21 00:00:00-04:00,131.45781022163715,132.49895609522164,129.4338836959941,129.46307373046875,7209100,0.0,0.0
2025-05-22 00:00:00-04:00,128.88898251263137,129.29765784034342,127.63375164776555,127.9548568725586,6277100,0.0,0.0
2025-05-23 00:00:00-04:00,128.12998399338952,128.60677925074017,126.91368319675988,127.76023864746094,6145000,0.0,0.0
2025-05-27 00:00:00-04:00,128.29542252318583,130.23176401820035,127.98404237172096,129.3560333251953,5591000,0.0,0.0
2025-05-28 00:00:00-04:00,129.51173175511303,129.99825213759289,128.2856908889125,128.46084594726562,3622100,0.0,0.0
2025-05-29 00:00:00-04:00,128.1786474528253,129.47279336752624,127.80890208249843,129.26846313476562,3078200,0.0,0.0
2025-05-30 00:00:00-04:00,129.29764952204718,130.5139503646389,128.1883837475004,129.97877502441406,14236800,0.0,0.0
2025-06-02 00:00:00-04:00,129.2781897366128,130.1344703153178,128.3246139950514,129.96905517578125,4464000,0.0,0.0
2025-06-03 00:00:00-04:00,129.53114993318,130.35824031837475,128.0618640855426,130.10525512695312,5914900,0.0,0.0
2025-06-04 00:00:00-04:00,130.78639422072445,131.23398459452764,129.35602331143457,129.37548828125,4057000,0.0,0.0
2025-06-05 00:00:00-04:00,129.79389570147788,130.75721131967705,128.6262498550508,130.32907104492188,5581500,0.0,0.0
2025-06-06 00:00:00-04:00,131.15614592548633,131.57456113599753,129.5117196581371,129.97877502441406,3867700,0.0,0.0
2025-06-09 00:00:00-04:00,129.4338740265674,130.6696249868067,127.29318752294678,129.80361938476562,6630100,0.0,0.0
2025-06-10 00:00:00-04:00,129.95930623850086,131.21453698576286,129.7355110473121,130.51394653320312,3579400,0.0,0.0
2025-06-11 00:00:00-04:00,130.484768885197,131.70106980751456,129.3462981561752,131.63294982910156,4100500,0.0,0.0
2025-06-12 00:00:00-04:00,131.88592227339157,133.19953308094856,131.80809208765098,132.77139282226562,5089100,0.0,0.0
2025-06-13 00:00:00-04:00,132.11945043412496,133.36494120446986,131.60374010800192,131.96376037597656,3928900,0.0,0.0
2025-06-16 00:00:00-04:00,131.90540241957314,132.73249300058956,129.71606072003704,130.39718627929688,5084100,0.0,0.0
2025-06-17 00:00:00-04:00,130.09552198800276,130.39716219085088,128.58730612634128,128.71380615234375,5010800,0.0,0.0
2025-06-18 00:00:00-04:00,129.36575219362362,129.77442748728842,128.05215621700583,128.84031677246094,4950400,0.0,0.0
2025-06-20 00:00:00-04:00,130.05662911886336,130.07607924355545,128.43165286166703,129.40469360351562,11338200,0.0,0.0
2025-06-23 00:00:00-04:00,129.48252366828206,129.87173398103508,128.5483981312844,129.66738891601562,4887200,0.0,0.0
2025-06-24 00:00:00-04:00,129.72578432435458,135.31102805568437,128.81112375370458,134.35745239257812,9894700,0.0,0.0
2025-06-25 00:00:00-04:00,134.15311583679676,135.0969664985177,132.95627993950774,133.69578552246094,5507500,0.0,0.0
2025-06-26 00:00:00-04:00,133.61795258620847,133.83200787502932,129.13223448162088,130.06634521484375,9452900,0.0,0.0
2025-06-27 00:00:00-04:00,129.6965765976684,131.27291248483303,129.29764123092082,130.7572021484375,9513500,0.0,0.0
2025-06-30 00:00:00-04:00,130.38745523529286,132.5865218964278,130.38745523529286,132.34326171875,5749700,0.0,0.0
2025-07-01 00:00:00-04:00,131.88594203674782,133.38443316668977,131.17562641790278,132.58653259277344,5337600,0.0,0.0
2025-07-02 00:00:00-04:00,131.623222375938,132.6643682258699,130.23176642542154,130.49449157714844,4319600,0.0,0.0
2025-07-03 00:00:00-04:00,131.03940802869778,131.59404843378596,129.60903680733082,130.81561279296875,3114300,0.0,0.0
2025-07-07 00:00:00-04:00,130.88369584948455,131.27292102793893,129.2684596130218,130.0955352783203,8927400,0.0,0.0
2025-07-08 00:00:00-04:00,129.64794933881768,131.09777049205604,129.2684640564195,129.76470947265625,4782600,0.0,0.0
2025-07-09 00:00:00-04:00,129.87175445837707,130.16366966268,127.92567289292292,129.6284942626953,4613700,0.0,0.0
2025-07-10 00:00:00-04:00,130.1247304357425,131.40915130409522,129.4241399343543,129.9982452392578,4857100,0.0,0.0
2025-07-11 00:00:00-04:00,129.6771469034653,129.97878716501504,127.721325463545,128.46084594726562,4661200,0.0,0.0
2025-07-14 00:00:00-04:00,128.4608407337161,129.50198658930805,128.15920048440836,128.47056579589844,4881700,0.0,0.0
2025-07-15 00:00:00-04:00,128.92018112482626,129.4479900910262,127.35633640120865,128.5194549560547,5084800,0.59,0.0
2025-07-16 00:00:00-04:00,129.1352143157389,130.0246596856874,127.36610720645805,128.76380920410156,9893000,0.0,0.0
2025-07-17 00:00:00-04:00,123.69103058772377,123.99402479220797,117.06419566193226,117.78748321533203,27560600,0.0,0.0
2025-07-18 00:00:00-04:00,119.8595929717405,122.79181825893627,119.50772534071423,120.8760986328125,19571900,0.0,0.0
2025-07-21 00:00:00-04:00,121.4527722781183,123.18278189929711,118.85286230323399,121.6091537475586,10308000,0.0,0.0
2025-07-22 00:00:00-04:00,121.52119122822299,123.52487402456448,121.42345187716344,122.88956451416016,7098400,0.0,0.0
2025-07-23 00:00:00-04:00,123.46622507171365,124.16996029164719,120.46558167235501,122.98729705810547,6439600,0.0,0.0
2025-07-24 00:00:00-04:00,122.44972995512262,123.13392034731737,121.88283126197017,122.80159759521484,4708000,0.0,0.0
2025-07-25 00:00:00-04:00,122.92865051544513,123.86696913651004,122.6158801274349,123.68125915527344,4741200,0.0,0.0
2025-07-28 00:00:00-04:00,123.30007336229687,124.12109285364208,122.79181680924414,123.49555206298828,8168400,0.0,0.0
2025-07-29 00:00:00-04:00,123.16323267926228,125.20602008152764,122.63543125652913,125.1180419921875,5834100,0.0,0.0
2025-07-30 00:00:00-04:00,125.0789524810895,126.76986481470867,124.20905961319738,125.6458511352539,5359700,0.0,0.0
2025-07-31 00:00:00-04:00,124.65867225446401,126.23229296878435,122.96775238679093,123.33917236328125,6722600,0.0,0.0
2025-08-01 00:00:00-04:00,122.63543130690708,124.88346611906336,122.63543130690708,124.41431427001953,5453300,0.0,0.0
2025-08-04 00:00:00-04:00,124.5706983818926,127.19016066570902,124.5706983818926,126.99466705322266,5671400,0.0,0.0
2025-08-05 00:00:00-04:00,126.97513329542699,128.50965678215707,126.3300401493304,127.73751068115234,5355400,0.0,0.0
2025-08-06 00:00:00-04:00,127.14129579287788,128.74424508995924,126.87739132957012,127.97208404541016,5170100,0.0,0.0
2025-08-07 00:00:00-04:00,128.19687657901423,129.50660012543497,127.77658325348094,129.0765380859375,4690600,0.0,0.0
2025-08-08 00:00:00-04:00,128.82244524361482,131.66670760128406,128.7735718350569,131.2464141845703,4985400,0.0,0.0
2025-08-11 00:00:00-04:00,131.05091647022064,131.3148209069275,127.6006661059007,128.39236450195312,7125600,0.0,0.0
2025-08-12 00:00:00-04:00,128.76377852438077,128.9103838079818,126.69166272705905,128.06004333496094,5657500,0.0,0.0
2025-08-13 00:00:00-04:00,128.15779013662785,128.67581541773842,125.43082714576408,126.47664642333984,6723700,0.0,0.0
2025-08-14 00:00:00-04:00,126.18343338381165,127.19993158161287,125.62630342390932,126.35935974121094,9688300,0.0,0.0
2025-08-15 00:00:00-04:00,126.98491541560088,129.3600259172912,126.74056328120031,128.77357482910156,6784500,0.0,0.0
2025-08-18 00:00:00-04:00,128.65627957301174,129.3111414475059,127.21948795250071,127.3270034790039,3831400,0.0,0.0
2025-08-19 00:00:00-04:00,126.9849112311449,128.74424952366877,125.77291931539064,128.2848663330078,4845700,0.0,0.0
2025-08-20 00:00:00-04:00,129.06679407358928,130.78702764674117,128.74424748223518,129.44798278808594,3639800,0.0,0.0
2025-08-21 00:00:00-04:00,129.13519805841938,130.19080096116699,128.7735617088549,129.01791381835938,3980000,0.0,0.0
2025-08-22 00:00:00-04:00,129.77051523893553,130.601303416378,128.372813495369,129.59457397460938,4130200,0.0,0.0
2025-08-25 00:00:00-04:00,129.72164171376875,129.95622509462476,128.51943357927698,128.89083862304688,4705800,0.0,0.0
2025-08-26 00:00:00-04:00,128.8810614042129,129.3599968490829,128.41190958752568,128.61715698242188,6076500,0.0,0.0
2025-08-27 00:00:00-04:00,128.49989627938024,128.7735694653841,127.61045096783265,128.49012756347656,4759200,0.0,0.0
2025-08-28 00:00:00-04:00,127.96229935240386,128.6660345573098,127.19992203276705,128.40213012695312,4674700,0.0,0.0
2025-08-29 00:00:00-04:00,129.0276851972861,129.8487196368629,128.20666567177878,129.6630096435547,4430700,0.0,0.0
2025-09-02 00:00:00-04:00,129.69233583871284,130.38628751962617,127.88412415383651,128.49012756347656,5779200,0.0,0.0
2025-09-03 00:00:00-04:00,128.18711809994716,129.20363128620073,127.2683666428507,129.19384765625,4806500,0.0,0.0
2025-09-04 00:00:00-04:00,129.1938439822837,130.81634561654104,128.72469209416133,129.8096160888672,5073800,0.0,0.0
2025-09-05 00:00:00-04:00,129.51638265502427,131.285504399683,129.4577405368496,129.93667602539062,3286900,0.0,0.0
2025-09-08 00:00:00-04:00,129.27203628581424,130.08328708936577,128.63672675865752,129.21339416503906,5070200,0.0,0.0
2025-09-09 00:00:00-04:00,129.31113883460873,130.1614793999075,128.6758144039022,128.9690399169922,4641400,0.0,0.0
2025-09-10 00:00:00-04:00,128.87129795663847,128.87129795663847,124.5706922333744,126.43754577636719,7397200,0.0,0.0
2025-09-11 00:00:00-04:00,126.76009309581625,129.68253455876703,126.47663631841748,129.65321350097656,5578300,0.0,0.0
2025-09-12 00:00:00-04:00,128.8419778851078,131.91103955588505,128.43145324726203,130.7088165283203,5700300,0.0,0.0
2025-09-15 00:00:00-04:00,130.85544687595402,131.3148300364281,128.0014160174344,128.36305236816406,4057700,0.0,0.0
2025-09-16 00:00:00-04:00,128.78333372443458,130.6404187527006,128.23598737136908,129.7607421875,5401600,0.0,0.0
2025-09-17 00:00:00-04:00,129.71187756133563,131.18775890170275,129.71187756133563,131.13888549804688,5113300,0.0,0.0
2025-09-18 00:00:00-04:00,131.06069465900833,131.73510887152898,129.11566140071352,131.5298614501953,5891700,0.0,0.0
2025-09-19 00:00:00-04:00,131.65692049116964,133.64105853079968,130.69906434784787,132.96664428710938,11547400,0.0,0.0
2025-09-22 00:00:00-04:00,132.2726884691738,134.38389431876172,131.9012684824677,133.53353881835938,4837000,0.0,0.0
2025-09-23 00:00:00-04:00,133.20122655269572,133.78767760672613,131.98923466759874,132.82003784179688,5136400,0.0,0.0
2025-09-24 00:00:00-04:00,132.25312192974476,133.7387868030477,130.76745705644183,130.86520385742188,3932400,0.0,0.0
2025-09-25 00:00:00-04:00,131.39300194409768,131.39300194409768,128.2164246950888,130.29830932617188,4963400,0.0,0.0
2025-09-26 00:00:00-04:00,130.95317641259635,131.168207458905,130.09306714143065,130.53289794921875,4182100,0.0,0.0
2025-09-29 00:00:00-04:00,129.99531346202102,130.48401764796847,128.7344632244666,130.1028289794922,4351900,0.0,0.0
2025-09-30 00:00:00-04:00,129.85849007900345,131.46143937519395,129.1938445632773,130.91409301757812,7538300,0.0,0.0
2025-10-01 00:00:00-04:00,131.7546515802329,132.3899610566555,126.16387449706858,130.45469665527344,10613900,0.0,0.0
2025-10-02 00:00:00-04:00,129.42841997382564,130.37650732546655,127.56156632974357,129.9855499267578,5916700,0.0,0.0
2025-10-03 00:00:00-04:00,130.23968413319443,132.3117854046872,129.79006965579697,131.54940795898438,5362200,0.0,0.0
2025-10-06 00:00:00-04:00,131.28549604182268,132.18470992941585,130.43514064021883,130.71859741210938,6745900,0.0,0.0
2025-10-07 00:00:00-04:00,131.06069661456434,131.06069661456434,128.94949076492952,130.01487731933594,4816100,0.0,0.0
2025-10-08 00:00:00-04:00,129.8096255320474,131.6764794188105,129.1840846643552,131.2366485595703,6654800,0.0,0.0
2025-10-09 00:00:00-04:00,131.53962215018527,132.07719974436966,129.99531511328658,130.29830932617188,3237600,0.0,0.0
2025-10-10 00:00:00-04:00,131.15840871821598,131.46140287390534,129.05697214019378,129.57501220703125,5654100,0.0,0.0
2025-10-13 00:00:00-04:00,129.01791473289572,129.76073978198986,127.91343841760435,128.41192626953125,4008100,0.0,0.0
2025-10-14 00:00:00-04:00,128.4901246148592,130.32764240527882,128.2653099276029,130.2592315673828,8147900,0.0,0.0
2025-10-15 00:00:00-04:00,125.67442078051049,129.08111097840938,123.44584078259602,127.08815002441406,14906400,0.59,0.0
2025-10-16 00:00:00-04:00,127.16668119607871,128.7669461017694,124.55521766899692,125.30134582519531,9768100,0.0,0.0
2025-10-17 00:00:00-04:00,125.52716189093965,126.90161253736092,124.88901981070448,126.19474792480469,6806800,0.0,0.0
2025-10-20 00:00:00-04:00,126.09658675136573,127.45141314590944,125.79224516543529,127.14705657958984,5810000,0.0,0.0
2025-10-21 00:00:00-04:00,126.64635842373623,126.94088783475277,125.1835459934606,125.21299743652344,4934700,0.0,0.0
2025-10-22 00:00:00-04:00,125.29153567948501,126.587451564939,124.79083869254778,125.61550903320312,6186800,0.0,0.0
2025-10-23 00:00:00-04:00,125.90023219985754,126.42056100928414,123.76981873928898,124.0348892211914,6700600,0.0,0.0
2025-10-24 00:00:00-04:00,124.65339675779258,125.77259652825235,122.71933878018581,124.53558349609375,5071100,0.0,0.0
2025-10-27 00:00:00-04:00,123.75999775071071,125.33081129669841,122.86660484936944,124.85956573486328,6254200,0.0,0.0
2025-10-28 00:00:00-04:00,124.65339720094408,126.10638998275833,123.88762972266441,124.29996490478516,4763000,0.0,0.0
2025-10-29 00:00:00-04:00,123.87780734441516,124.24105927694914,121.85539507562255,122.15973663330078,5182000,0.0,0.0
2025-10-30 00:00:00-04:00,122.85678878481869,124.1232533108228,122.06156983438132,122.3953628540039,4877400,0.0,0.0
2025-10-31 00:00:00-04:00,121.58050459445609,122.06156981469718,120.37295044696401,121.3645248413086,7044900,0.0,0.0
2025-11-03 00:00:00-05:00,121.4528723279154,121.79648497286715,120.20604716189222,121.58049774169922,5833000,0.0,0.0
2025-11-04 00:00:00-05:00,122.03211341876424,123.55382872476983,121.5804996609057,123.50474548339844,5607700,0.0,0.0
2025-11-05 00:00:00-05:00,123.59310576626872,124.39814436744493,121.65904769644192,122.26773834228516,4597100,0.0,0.0
2025-11-06 00:00:00-05:00,121.59031367686705,122.71933303886333,121.0994363447116,122.67024230957031,4714700,0.0,0.0
2025-11-07 00:00:00-05:00,123.34765509845568,124.30977796262,122.37572008061363,124.05451965332031,5458500,0.0,0.0
2025-11-10 00:00:00-05:00,123.1316831840516,123.84836747189668,122.27756131588745,123.59310913085938,4251600,0.0,0.0
2025-11-11 00:00:00-05:00,124.29014269391342,124.83011077139362,123.47528450069564,124.68284606933594,5293900,0.0,0.0
2025-11-12 00:00:00-05:00,124.62394660053624,126.72490110291093,124.24106285880777,126.46965026855469,4979700,0.0,0.0
2025-11-13 00:00:00-05:00,126.16529527876094,127.2255921874918,125.66460575813319,126.901611328125,5182400,0.0,0.0
2025-11-14 00:00:00-05:00,126.9310674888308,128.5706111357539,126.42056579484615,128.2073516845703,6998900,0.0,0.0
2025-11-17 00:00:00-05:00,128.2956968177709,129.52289019097603,127.5790200823277,127.65756225585938,5816600,0.0,0.0
2025-11-18 00:00:00-05:00,128.3546166741146,129.6210736635356,126.93106035480562,127.62811279296875,6775000,0.0,0.0
2025-11-19 00:00:00-05:00,127.5201186721389,129.09093220016422,122.3070035593321,123.84835815429688,10296100,0.0,0.0
2025-11-20 00:00:00-05:00,120.26495683179441,123.4262083240898,119.87225343389662,121.70813751220703,11654000,0.0,0.0
2025-11-21 00:00:00-05:00,122.40517926432318,126.37146924734161,121.62959213368944,125.77259826660156,9401000,0.0,0.0
2025-11-24 00:00:00-05:00,125.13445524334605,127.15687505229758,124.40795885052347,124.869384765625,14041300,0.0,0.0
2025-11-25 00:00:00-05:00,124.9675636299618,126.45982756148447,123.92690598679724,125.71369934082031,8035500,0.0,0.0
2025-11-26 00:00:00-05:00,125.74314913257564,126.66600098676786,124.70248401289263,126.19474792480469,5473800,0.0,0.0
2025-11-28 00:00:00-05:00,125.82169070842254,127.02924484060813,125.66460635518533,126.54817962646484,2572400,0.0,0.0
2025-12-01 00:00:00-05:00,126.30274567387275,127.48086338689934,125.62533997319368,125.67442321777344,5766900,0.0,0.0
2025-12-02 00:00:00-05:00,126.1063859363478,126.63654185376899,123.34765767614392,124.01525115966797,5479700,0.0,0.0
2025-12-03 00:00:00-05:00,123.97598629542702,125.24245079788572,122.92550903232947,123.0040512084961,4918800,0.0,0.0
2025-12-04 00:00:00-05:00,122.9058700759059,123.27893415568056,121.79648250019197,123.1120376586914,5226900,0.0,0.0
2025-12-05 00:00:00-05:00,123.3673016148834,123.75018535617114,122.3659076067508,122.79788208007812,4361100,0.0,0.0
2025-12-08 00:00:00-05:00,122.34628020797123,122.34628020797123,119.48937027694959,119.86243438720703,6391900,0.0,0.0
2025-12-09 00:00:00-05:00,120.58893983249082,120.98164323734349,118.8512297003309,119.03776550292969,5229100,0.0,0.0
2025-12-10 00:00:00-05:00,119.04758422857165,120.8441897458236,118.49779646994557,120.31404876708984,6716200,0.0,0.0
2025-12-11 00:00:00-05:00,120.78527727199668,121.97319953784235,120.39257390134009,121.03071594238281,5390000,0.0,0.0
2025-12-12 00:00:00-05:00,121.21726195935285,123.28876511146017,120.66748168814901,123.17095184326172,4765300,0.0,0.0
2025-12-15 00:00:00-05:00,123.42620449058573,127.27468119202638,122.9156878421165,126.12602996826172,7716000,0.0,0.0
2025-12-16 00:00:00-05:00,126.06712531631034,126.2536611071993,123.99562228869091,124.54540252685547,5764200,0.0,0.0
2025-12-17 00:00:00-05:00,124.43740340952232,125.34061590092325,123.64218453015775,124.39813232421875,8048900,0.0,0.0
2025-12-18 00:00:00-05:00,124.2705192531485,125.25227401263264,122.6506224019608,122.837158203125,5891700,0.0,0.0
2025-12-19 00:00:00-05:00,122.75860964752835,123.82871868448161,121.50196481910125,123.16112518310547,14795700,0.0,0.0
2025-12-22 00:00:00-05:00,122.87642396372954,124.91846808235454,122.49353273315616,122.91568756103516,5058000,0.0,0.0
2025-12-23 00:00:00-05:00,122.71934463170652,122.89606078758395,121.59032516305594,122.26773834228516,7534900,0.0,0.0
2025-12-24 00:00:00-05:00,121.74740710056263,123.04332305451801,121.73758745593277,122.53280639648438,1632200,0.0,0.0
2025-12-26 00:00:00-05:00,122.30700502467766,122.90587600411867,121.99284381334748,122.562255859375,2120700,0.0,0.0
2025-12-29 00:00:00-05:00,122.74879408728047,123.20040036938515,122.21864562823734,122.29718780517578,4468700,0.0,0.0
2025-12-30 00:00:00-05:00,122.15974004857168,123.89744260642374,122.09101751781355,123.485107421875,5271100,0.0,0.0
2025-12-31 00:00:00-05:00,123.58328290478808,123.93671520734371,122.95496047584341,123.0040512084961,3157100,0.0,0.0
2026-01-02 00:00:00-05:00,122.42481520452785,122.96478331696753,121.38415755894704,121.92412567138672,5014200,0.0,0.0
2026-01-05 00:00:00-05:00,121.37433524643771,124.25087692089559,120.26495509185622,124.14288330078125,6548500,0.0,0.0
2026-01-06 00:00:00-05:00,124.52576420075638,127.0979717354623,124.24106192535913,125.44861602783203,8327500,0.0,0.0
2026-01-07 00:00:00-05:00,126.10639247115877,126.25366466935743,123.96616685338381,124.72212219238281,6632300,0.0,0.0
2026-01-08 00:00:00-05:00,124.78102013822992,125.76278232265095,123.75999435741043,123.8778076171875,4344600,0.0,0.0
2026-01-09 00:00:00-05:00,124.11342831808005,124.82029290587451,122.94514530954744,123.62255096435547,4317600,0.0,0.0
2026-01-12 00:00:00-05:00,124.09379613878086,124.2999637278892,121.19761526657754,122.36590576171875,5524300,0.0,0.0
2026-01-13 00:00:00-05:00,122.27755079641209,122.3953565666064,119.97042126085441,122.03211212158203,5169800,0.0,0.0
2026-01-14 00:00:00-05:00,121.42342910820152,122.80769942594692,120.7460159264272,122.71934509277344,7187800,0.0,0.0
2026-01-15 00:00:00-05:00,122.74894359337739,122.76867483760334,121.36752312534787,121.89048767089844,7079500,0.63,0.0
2026-01-16 00:00:00-05:00,121.59447303907942,121.85101685300923,119.92690060785633,120.14398193359375,10418200,0.0,0.0
2026-01-20 00:00:00-05:00,119.75916202188881,119.88743393242827,118.65402411830864,119.53221130371094,12634000,0.0,0.0
2026-01-21 00:00:00-05:00,120.09464409344281,120.86429060151619,118.73296238901577,119.12765502929688,12557300,0.0,0.0
2026-01-22 00:00:00-05:00,106.1028350181578,112.48696484128317,104.37606143506792,107.16850280761719,37099400,0.0,0.0
2026-01-23 00:00:00-05:00,106.8330179854355,108.58939983239198,104.67208917418814,105.99430084228516,21813100,0.0,0.0
2026-01-26 00:00:00-05:00,106.31992639811973,108.92488733360467,106.16204632778192,107.32638549804688,19094200,0.0,0.0
2026-01-27 00:00:00-05:00,106.57647163451657,107.89868327113362,105.54040443473373,106.83301544189453,16594500,0.0,0.0
2026-01-28 00:00:00-05:00,106.36926798368005,107.18824639891164,103.87284013518254,104.64249420166016,15120500,0.0,0.0
2026-01-29 00:00:00-05:00,105.02730654376282,105.73775174466647,103.94189997119585,104.68194580078125,15687900,0.0,0.0
2026-01-30 00:00:00-05:00,104.65235393327076,108.02696892007545,104.27740005835295,107.84935760498047,17531400,0.0,0.0
2026-02-02 00:00:00-05:00,107.78028206454805,109.52678697693567,107.4250594504801,107.95789337158203,11447200,0.0,0.0
2026-02-03 00:00:00-05:00,105.5798797702,107.67174551876658,104.83983388396028,107.57306671142578,14645400,0.0,0.0
2026-02-04 00:00:00-05:00,107.75067434784691,108.27364641324218,106.21138136600607,106.76394653320312,13163500,0.0,0.0
2026-02-05 00:00:00-05:00,107.71121084416787,108.67819987764281,106.47780108749575,107.63227081298828,13555100,0.0,0.0
2026-02-06 00:00:00-05:00,108.63873230953125,109.58599012061954,107.50399380220169,109.35904693603516,9919600,0.0,0.0
2026-02-09 00:00:00-05:00,108.76700797993158,109.79319826031832,108.04669337836282,109.59585571289062,11719900,0.0,0.0
2026-02-10 00:00:00-05:00,109.70440341447292,111.25356584844332,109.52679209913266,110.78980255126953,10513000,0.0,0.0
2026-02-11 00:00:00-05:00,110.25696770526856,112.22056154442899,109.90174507748759,112.08241271972656,9306500,0.0,0.0
2026-02-12 00:00:00-05:00,111.74692918071241,112.25016249284802,109.95108479213457,109.99055480957031,11541000,0.0,0.0
2026-02-13 00:00:00-05:00,110.28656049716636,111.60877963506597,109.92147603710625,111.18448638916016,7696700,0.0,0.0
2026-02-17 00:00:00-05:00,111.68772246582223,112.08240756463823,110.44444332577186,110.77006530761719,6568900,0.0,0.0
2026-02-18 00:00:00-05:00,110.43457242973389,111.87519409949263,110.14842046731026,111.78639221191406,7824400,0.0,0.0
2026-02-19 00:00:00-05:00,111.51011290920722,111.894936156284,110.49378446035642,110.70099639892578,6988400,0.0,0.0
2026-02-20 00:00:00-05:00,110.70100239751292,111.14502692877407,109.70440513865523,110.72073364257812,7099000,0.0,0.0
2026-02-23 00:00:00-05:00,110.79966613317035,113.77958079206125,110.5628535678348,113.75984954833984,9144500,0.0,0.0
2026-02-24 00:00:00-05:00,113.53290555418516,113.8387963109728,112.30936511144314,113.05928039550781,9017200,0.0,0.0
2026-02-25 00:00:00-05:00,113.38489574725781,114.48015668551416,112.83232305702727,113.23688507080078,6529600,0.0,0.0
2026-02-26 00:00:00-05:00,113.78944584067224,115.02285554997894,112.99019875804485,114.71697235107422,7855600,0.0,0.0
2026-02-27 00:00:00-05:00,114.17427331103377,115.2695417758548,113.95719198962625,114.80577850341797,13233300,0.0,0.0
2026-03-02 00:00:00-05:00,114.02626780994444,114.31241978950193,112.12188276044093,112.60538482666016,7700200,0.0,0.0
2026-03-03 00:00:00-05:00,111.50024538163426,112.91126648714675,111.13515337246811,112.1021499633789,6708000,0.0,0.0
2026-03-04 00:00:00-05:00,112.1514877992407,112.43763224270096,110.54311663227415,111.59891510009766,4613500,0.0,0.0
2026-03-05 00:00:00-05:00,110.46417971975136,110.51351912347161,109.05315859410302,109.5662612915039,8008900,0.0,0.0
2026-03-06 00:00:00-05:00,109.25051157451769,109.25051157451769,106.90209441293537,108.10590362548828,11100400,0.0,0.0
2026-03-09 00:00:00-04:00,107.96775775266187,111.24369385929786,107.49413260825972,111.15489196777344,13560800,0.0,0.0
2026-03-10 00:00:00-04:00,110.78979858721684,110.95754051010968,108.34271780579209,109.082763671875,8746100,0.0,0.0
2026-03-11 00:00:00-04:00,108.54006120677438,109.28010707863875,107.51386336107947,108.7867431640625,8002200,0.0,0.0
2026-03-12 00:00:00-04:00,108.32298314740817,109.70440365551922,106.63567941203641,106.70475006103516,10839800,0.0,0.0
2026-03-13 00:00:00-04:00,107.93815712105811,108.8459449212663,106.27058467318092,106.59620666503906,8828900,0.0,0.0
2026-03-16 00:00:00-04:00,107.36584597414091,108.63872569760959,107.0895634037388,108.49071502685547,7442200,0.0,0.0
2026-03-17 00:00:00-04:00,108.63873414567026,110.37537725941831,108.46112283258084,109.24063873291016,9452200,0.0,0.0
2026-03-18 00:00:00-04:00,108.04669946928976,108.49072399010092,106.3199257334792,107.05010223388672,8241400,0.0,0.0
2026-03-19 00:00:00-04:00,107.28691861065711,108.31310891324249,105.71801747056655,105.7673568725586,10466000,0.0,0.0
2026-03-20 00:00:00-04:00,105.61934205675465,106.35938788882709,104.0011091062071,104.06031036376953,81271300,0.0,0.0
2026-03-23 00:00:00-04:00,105.64894138141187,105.71801202376061,102.71835871807826,103.45840454101562,8227800,0.0,0.0
2026-03-24 00:00:00-04:00,102.70849467292368,102.86637473686434,101.05079917036156,102.67889404296875,11794300,0.0,0.0
2026-03-25 00:00:00-04:00,104.05044900652861,104.41554102198316,102.86637859510557,103.43868255615234,6377000,0.0,0.0
2026-03-26 00:00:00-04:00,103.00450997942102,104.5734110281146,102.61968675633558,103.18212127685547,6212300,0.0,0.0
2026-03-27 00:00:00-04:00,103.50775107483673,104.06031625171272,102.30394191538326,102.60982513427734,10915000,0.0,0.0
2026-03-30 00:00:00-04:00,103.36960525129643,103.37946710892574,100.46862314353731,100.52782440185547,10476700,0.0,0.0
2026-03-31 00:00:00-04:00,101.17907062402021,102.30393972609482,99.54109884456743,101.30734252929688,12442100,0.0,0.0
2026-04-01 00:00:00-04:00,101.47508070144157,102.41247660396267,100.85344491372499,101.02118682861328,7452500,0.0,0.0
2026-04-02 00:00:00-04:00,100.66596742032323,102.09672725540128,100.20221167530039,101.50469207763672,5453400,0.0,0.0
2026-04-06 00:00:00-04:00,101.14946503953718,101.71189956302445,100.49822110279645,100.94225311279297,7125800,0.0,0.0
2026-04-07 00:00:00-04:00,100.47850036621094,101.50469824986654,100.1035389592556,100.47850036621094,13311000,0.0,0.0
2026-04-08 00:00:00-04:00,101.76123834839139,102.46181420397512,99.96539399978826,102.18553161621094,9379300,0.0,0.0
2026-04-09 00:00:00-04:00,101.63297205615447,101.94872467792193,100.56730413463819,101.356689453125,6198700,0.0,0.0
2026-04-10 00:00:00-04:00,101.34681353849662,101.40601479872217,98.02153807333791,98.96880340576172,11944800,0.0,0.0
2026-04-13 00:00:00-04:00,98.801057348336,99.56084201196016,97.73539698699555,99.35363006591797,11199500,0.0,0.0
2026-04-14 00:00:00-04:00,99.06748005158927,100.82385446274297,99.06748005158927,99.70885467529297,11689900,0.0,0.0
2026-04-15 00:00:00-04:00,100.05636064350612,101.75425738028531,99.91735270575506,100.84076690673828,12657200,0.63,0.0
2026-04-16 00:00:00-04:00,96.44213977017007,98.29889948762306,93.25487333219088,94.79389953613281,27791200,0.0,0.0
2026-04-17 00:00:00-04:00,94.94283744485698,96.45206971900623,94.19814882282921,96.12440490722656,17559900,0.0,0.0
2026-04-20 00:00:00-04:00,95.81660374005635,96.63079633928888,94.81375426374748,95.32014465332031,9412700,0.0,0.0
2026-04-21 00:00:00-04:00,94.92297908987418,95.23078888534326,92.00380471205793,92.0633773803711,17164300,0.0,0.0
2026-04-22 00:00:00-04:00,91.96408866822843,93.37403072874547,90.94137653382143,91.05059814453125,11984000,0.0,0.0
2026-04-23 00:00:00-04:00,90.96123928785003,91.8350045995791,90.07754267275904,91.82508087158203,13008000,0.0,0.0
2026-04-24 00:00:00-04:00,91.49741522308524,92.00380563492082,90.40520669932137,90.48463439941406,12802000,0.0,0.0
2026-04-27 00:00:00-04:00,90.97117082356954,92.59955611230305,90.23640588020658,92.14281463623047,15203900,0.0,0.0
2026-04-28 00:00:00-04:00,93.1754422639723,94.11871911956142,92.60947918076478,93.19530487060547,11550800,0.0,0.0
2026-04-29 00:00:00-04:00,92.98678980234448,93.05629377247574,90.68321990966797,90.68321990966797,9010500,0.0,0.0
2026-04-30 00:00:00-04:00,90.83215728037408,90.83215728037408,89.65058223713652,90.14704132080078,19655500,0.0,0.0
2026-05-01 00:00:00-04:00,90.355556738143,90.355556738143,88.5087282691144,88.82646179199219,12860900,0.0,0.0
2026-05-04 00:00:00-04:00,88.54844442859438,89.08462115988318,86.68176095976142,86.92005920410156,14722500,0.0,0.0
2026-05-05 00:00:00-04:00,86.69168127485064,87.20800295518845,85.54983146234615,86.55267333984375,17193400,0.0,0.0
2026-05-06 00:00:00-04:00,86.92999051015957,87.06899845064328,85.53990352995794,85.6888427734375,12456300,0.0,0.0
2026-05-07 00:00:00-04:00,85.70869810968382,87.67467946482229,85.63919413919415,86.39381408691406,13272900,0.0,0.0
2026-05-08 00:00:00-04:00,86.5427538682373,86.69168553780798,83.48456399697456,83.72286224365234,10913500,0.0,0.0
2026-05-11 00:00:00-04:00,83.84201765629211,83.84201765629211,81.38950841932287,81.97532653808594,16460500,0.0,0.0
2026-05-12 00:00:00-04:00,82.82923318472503,84.49733603874327,82.50156836554753,83.75264739990234,16392500,0.0,0.0
2026-05-13 00:00:00-04:00,82.80938061906917,83.6632908897199,82.10440959569283,83.23633575439453,11826700,0.0,0.0
2026-05-14 00:00:00-04:00,83.58385712093887,84.66613435826736,83.45478047783587,84.29875946044922,11018400,0.0,0.0
2026-05-15 00:00:00-04:00,85.28174533847846,85.86757102766538,83.53420714958804,83.8718032836914,13208600,0.0,0.0
2026-05-18 00:00:00-04:00,84.25904144251142,87.29736879637764,83.80229996662966,87.28744506835938,12347000,0.0,0.0
2026-05-19 00:00:00-04:00,87.73425279952306,88.70730839377904,86.79098353922282,88.19099426269531,11693500,0.0,0.0
2026-05-20 00:00:00-04:00,87.57537904170883,88.16120469770551,86.48317057629373,87.75410461425781,7834400,0.0,0.0
2026-05-21 00:00:00-04:00,87.97255382107457,87.97255382107457,86.21509188397576,87.14842987060547,8524200,0.0,0.0
2026-05-22 00:00:00-04:00,87.29736794454847,88.21085088739841,86.43353394276497,86.79098510742188,9516400,0.0,0.0
2026-05-26 00:00:00-04:00,86.21509156096633,86.3441682034834,85.20231072613575,86.05622100830078,10249200,0.0,0.0
2026-05-27 00:00:00-04:00,86.0363664567586,86.22501576989498,84.35833221785303,85.07323455810547,10813900,0.0,0.0
2026-05-28 00:00:00-04:00,85.03351313227324,85.78813307730235,84.53705403758441,85.6888427734375,10151700,0.0,0.0
2026-05-29 00:00:00-04:00,86.03636445339883,86.11579972832499,84.67606377790622,84.9937973022461,21143600,0.0,0.0
2026-06-01 00:00:00-04:00,85.17251937374847,87.30729495339918,84.99379380021111,87.15835571289062,10561100,0.0,0.0
2026-06-02 00:00:00-04:00,86.63211133775206,87.22786073159207,85.28174200485364,86.35409545898438,10283600,0.0,0.0
2026-06-03 00:00:00-04:00,86.58246669236561,87.48602591853486,86.10587018380384,86.37395477294922,10448100,0.0,0.0
2026-06-04 00:00:00-04:00,88.68745577543959,90.8321627829701,88.56830286101071,90.13711547851562,14153200,0.0,0.0
2026-06-05 00:00:00-04:00,91.10024110880646,92.07330423800634,90.31583485397573,90.42505645751953,11933700,0.0,0.0
2026-06-08 00:00:00-04:00,89.89881034750678,90.6931403235028,89.5910081446527,89.85909271240234,13308700,0.0,0.0
2026-06-09 00:00:00-04:00,90.08746854061299,91.36832630852149,89.49171158067998,90.6037826538086,14109600,0.0,0.0
2026-06-10 00:00:00-04:00,90.67328880715175,90.67328880715175,88.06191669460125,88.53851318359375,11853100,0.0,0.0
2026-06-11 00:00:00-04:00,88.62787635736474,89.7300161119739,88.1314172814278,89.0151138305664,15088900,0.0,0.0
2026-06-12 00:00:00-04:00,88.98533135823811,89.65058473076476,86.45338693097862,87.55552673339844,13758700,0.0,0.0
2026-06-15 00:00:00-04:00,87.63496070795267,88.52858858523003,87.10871528449059,88.04205322265625,10950100,0.0,0.0
2026-06-16 00:00:00-04:00,88.72716956276295,90.04775256608384,88.2009241370967,89.9782485961914,12740700,0.0,0.0
2026-06-17 00:00:00-04:00,89.72008895183161,90.93145036510597,87.24772476061578,87.87326049804688,13053000,0.0,0.0
2026-06-18 00:00:00-04:00,88.0122643325163,88.80660188376802,87.13849908643084,87.78389739990234,41964800,0.0,0.0
2026-06-22 00:00:00-04:00,87.5257413352649,87.96262019446367,86.59239579792096,87.2080078125,11458200,0.0,0.0
2026-06-23 00:00:00-04:00,88.32007288793494,90.28605430223995,88.10163724222537,89.88888549804688,12201500,0.0,0.0
2026-06-24 00:00:00-04:00,90.54421416363812,92.26195842795178,89.66051756111182,89.84916687011719,13201600,0.0,0.0
2026-06-25 00:00:00-04:00,89.95838563546846,93.89034072108414,89.64065212073278,92.5796890258789,16707400,0.0,0.0
2026-06-26 00:00:00-04:00,93.19529984859372,94.53573786023574,92.5499015243618,93.45346069335938,16465100,0.0,0.0
2026-06-29 00:00:00-04:00,93.87048600308626,94.3073724280637,92.01372627229668,92.0534439086914,10314400,0.0,0.0
2026-06-30 00:00:00-04:00,92.6293413329889,92.6293413329889,89.96832020956299,90.09739685058594,10021100,0.0,0.0
2026-07-01 00:00:00-04:00,91.59670276158754,93.33430958904313,91.12009869861073,91.5271987915039,13935800,0.0,0.0
2026-07-02 00:00:00-04:00,92.74849069767372,95.06198429649659,91.25911342979825,94.72439575195312,10643900,0.0,0.0
2026-07-06 00:00:00-04:00,94.32723066852343,95.2407136105942,92.33146293011883,94.95276641845703,15257000,0.0,0.0
2026-07-07 00:00:00-04:00,96.5811511167095,97.44499268800026,95.0619874649013,95.1612777709961,10262200,0.0,0.0
2026-07-08 00:00:00-04:00,94.43644695943428,95.50880039209095,93.63218567262398,94.50595092773438,10102300,0.0,0.0
2026-07-09 00:00:00-04:00,94.09885070108805,94.30737018103319,93.24494805272303,93.73147583007812,8357800,0.0,0.0
2026-07-10 00:00:00-04:00,94.29744451204401,94.29744451204401,92.80806718288765,93.26480865478516,6913100,0.0,0.0
2026-07-13 00:00:00-04:00,93.28466083915902,93.4336000826023,90.99102224637207,91.45769500732422,11756200,0.0,0.0
2026-07-14 00:00:00-04:00,89.85909676235285,89.85909676235285,87.99241328049824,88.33000183105469,12473900,0.0,0.0
2026-07-15 00:00:00-04:00,87.98999786376953,89.87999725341797,87.63999938964844,89.2699966430664,16415300,0.63,0.0
2026-07-16 00:00:00-04:00,95.29000091552734,101.87000274658203,94.98999786376953,98.83000183105469,32755800,0.0,0.0
2026-07-17 00:00:00-04:00,101.0,102.12999725341797,99.47000122070312,100.68000030517578,19913800,0.0,0.0
2026-07-20 00:00:00-04:00,100.69999694824219,102.45999908447266,100.02999877929688,101.66000366210938,14390600,0.0,0.0
2026-07-21 00:00:00-04:00,100.5199966430664,101.83000183105469,99.33999633789062,99.66999816894531,11656500,0.0,0.0
2026-07-22 00:00:00-04:00,100.44999694824219,101.04000091552734,99.83999633789062,100.56999969482422,10257500,0.0,0.0
2026-07-23 00:00:00-04:00,101.2300033569336,101.9000015258789,100.06999969482422,100.75,9959500,0.0,0.0
2026-07-24 00:00:00-04:00,101.5,104.18000030517578,101.5,103.05999755859375,10366700,0.0,0.0
2026-07-27 00:00:00-04:00,104.08999633789062,105.86000061035156,103.37999725341797,104.48999786376953,11619300,0.0,0.0
2026-07-28 00:00:00-04:00,106.08999633789062,109.26000213623047,105.97000122070312,107.2699966430664,12665500,0.0,0.0
2026-07-29 00:00:00-04:00,106.97000122070312,110.04000091552734,106.97000122070312,108.0,12157300,0.0,0.0
2026-07-30 00:00:00-04:00,106.01000213623047,106.80999755859375,104.4800033569336,105.61000061035156,8149900,0.0,0.0
2026-07-31 00:00:00-04:00,104.45999908447266,106.38999938964844,102.88999938964844,105.69999694824219,9610100,0.0,0.0
2026-08-03 00:00:00-04:00,107.8499984741211,109.33000183105469,106.43000030517578,107.12000274658203,7409600,0.0,0.0
2026-08-04 00:00:00-04:00,105.7699966430664,106.19000244140625,104.91999816894531,105.45999908447266,8157100,0.0,0.0
2026-08-05 00:00:00-04:00,106.70999908447266,106.76000213623047,104.19999694824219,105.70999908447266,9313000,0.0,0.0
2026-08-06 00:00:00-04:00,107.19000244140625,107.98999786376953,105.55999755859375,107.95999908447266,9801200,0.0,0.0
2026-08-07 00:00:00-04:00,107.02999877929688,107.97000122070312,106.01000213623047,107.80999755859375,6606600,0.0,0.0
2026-08-10 00:00:00-04:00,107.41000366210938,109.08999633789062,107.36000061035156,108.62000274658203,5603200,0.0,0.0
2026-08-11 00:00:00-04:00,108.62000274658203,110.19000244140625,107.91999816894531,109.72000122070312,6744400,0.0,0.0
2026-08-12 00:00:00-04:00,108.05000305175781,111.27999877929688,107.5,110.91000366210938,6613700,0.0,0.0
2026-08-13 00:00:00-04:00,112.47000122070312,112.47000122070312,110.45999908447266,111.2699966430664,5523400,0.0,0.0
2026-08-14 00:00:00-04:00,111.48999786376953,111.97000122070312,110.79000091552734,111.25,5575400,0.0,0.0
2026-08-17 00:00:00-04:00,110.04000091552734,111.41000366210938,109.3499984741211,110.37000274658203,11462000,0.0,0.0
2026-08-18 00:00:00-04:00,112.44999694824219,113.62999725341797,111.75,112.68000030517578,9781600,0.0,0.0
2026-08-19 00:00:00-04:00,113.2300033569336,115.66999816894531,112.91000366210938,114.43000030517578,7403300,0.0,0.0
2026-08-20 00:00:00-04:00,114.0,115.2300033569336,113.98999786376953,114.13999938964844,5784800,0.0,0.0
2026-08-21 00:00:00-04:00,114.0199966430664,116.66000366210938,113.44999694824219,116.63999938964844,9931500,0.0,0.0
2026-08-24 00:00:00-04:00,116.27999877929688,117.33999633789062,115.81999969482422,116.66999816894531,5916600,0.0,0.0
2026-08-25 00:00:00-04:00,115.83000183105469,116.61000061035156,115.04000091552734,116.12999725341797,7503200,0.0,0.0
2026-08-26 00:00:00-04:00,115.4000015258789,116.72000122070312,114.01000213623047,114.0999984741211,6957100,0.0,0.0
2026-08-27 00:00:00-04:00,112.75,113.44999694824219,111.29000091552734,111.58999633789062,8351700,0.0,0.0
2026-08-28 00:00:00-04:00,111.5999984741211,112.73999786376953,111.11000061035156,112.47000122070312,7520601,0.0,0.0
