Date,Open,High,Low,Close,Volume,Dividends,Stock Splits
2021-09-13 00:00:00-04:00,133.09893829986422,135.5743960673331,131.98593906044619,133.78976440429688,8507600,0.0,0.0
2021-09-14 00:00:00-04:00,132.513623862078,136.0541031424322,132.32173102118446,134.46136474609375,8073200,0.0,0.0
2021-09-15 00:00:00-04:00,134.31744254698805,135.61273014331843,131.8707686777178,135.50718688964844,6103200,0.0,0.0
2021-09-16 00:00:00-04:00,134.67244516674236,138.76942374856165,133.53066305045792,138.2512969970703,8467300,0.0,0.0
2021-09-17 00:00:00-04:00,137.205516702359,137.205516702359,133.73220690855672,135.09466552734375,10884400,0.0,0.0
2021-09-20 00:00:00-04:00,131.02645498616533,131.15119194596576,128.13842835457928,130.03819274902344,8822500,0.0,0.0
2021-09-21 00:00:00-04:00,131.573357792182,131.6789010660666,128.0424675171684,129.70236206054688,5782200,0.0,0.0
2021-09-22 00:00:00-04:00,130.67145039155193,133.1756912254135,130.05738440288988,132.50405883789062,6344300,0.0,0.0
2021-09-23 00:00:00-04:00,133.6841881669013,136.38991087521782,133.08931597269034,135.39205932617188,5620700,0.0,0.0
2021-09-24 00:00:00-04:00,133.76099357819442,136.60104370095203,133.5211237875329,136.16928100585938,3729900,0.0,0.0
2021-09-27 00:00:00-04:00,133.9432908401005,137.46457744922265,133.8857097949616,136.9560546875,5248600,0.0,0.0
2021-09-28 00:00:00-04:00,132.03386769831863,133.9240419544495,127.15971402711926,127.505126953125,12873900,0.0,0.0
2021-09-29 00:00:00-04:00,127.41880313075474,128.60854761815742,122.8516741150253,123.0723648071289,10730100,0.0,0.0
2021-09-30 00:00:00-04:00,124.1373877355733,125.5478229235413,123.30263111708038,123.51371765136719,7329800,0.0,0.0
2021-10-01 00:00:00-04:00,124.02225191817723,124.34848590928482,121.2973350356692,123.89752960205078,6459200,0.0,0.0
2021-10-04 00:00:00-04:00,122.4870792849406,122.64059210165875,118.17901377456619,120.12675476074219,9549500,0.0,0.0
2021-10-05 00:00:00-04:00,122.31436632168507,123.96466378527411,120.3186485682029,122.88046264648438,7330400,0.0,0.0
2021-10-06 00:00:00-04:00,121.18220079800574,122.98601136500322,120.62570122036696,121.39328002929688,7388700,0.0,0.0
2021-10-07 00:00:00-04:00,123.43696914190616,124.68429478665769,122.29519409442725,122.69817352294922,5761300,0.0,0.0
2021-10-08 00:00:00-04:00,123.10117178130956,123.57130717163085,120.76963726937814,121.10545349121094,6300500,0.0,0.0
2021-10-11 00:00:00-04:00,120.60652230455376,123.96469922033961,120.5681495816173,122.33358764648438,5472000,0.0,0.0
2021-10-12 00:00:00-04:00,123.54250094215098,123.60967149424194,119.87729906675558,121.62355041503906,7637900,0.0,0.0
2021-10-13 00:00:00-04:00,123.56171173336844,124.23334414486713,122.33357971220266,123.01481628417969,4950600,0.0,0.0
2021-10-14 00:00:00-04:00,126.28663699058703,126.89111352067049,124.39646195442748,126.71841430664062,7947600,0.0,0.0
2021-10-15 00:00:00-04:00,126.90068454753661,127.52435466845215,125.9316160488977,126.2578353881836,4826600,0.0,0.0
2021-10-18 00:00:00-04:00,125.07767953922924,127.9944891761121,124.57874637379986,127.87935638427734,4208500,0.0,0.0
2021-10-19 00:00:00-04:00,127.92734675829044,129.85589442743455,127.23652065342027,129.14588928222656,3694300,0.0,0.0
2021-10-20 00:00:00-04:00,128.54139009578122,129.72154504979426,127.94651785953644,128.5509796142578,4619000,0.0,0.0
2021-10-21 00:00:00-04:00,126.32496488496993,128.09999163567065,125.22155563298371,127.93688201904297,5611000,0.0,0.0
2021-10-22 00:00:00-04:00,129.73114000050947,135.8238218315406,129.0594931021803,130.4219512939453,10744900,0.0,0.0
2021-10-25 00:00:00-04:00,130.7290306566124,132.33135903697598,129.81752841682933,130.25888061523438,4005600,0.0,0.0
2021-10-26 00:00:00-04:00,131.71726201235487,131.8323947952171,126.34417432466182,126.65121459960938,7864600,0.0,0.0
2021-10-27 00:00:00-04:00,127.87936802748284,128.8388470880975,126.08514686908978,126.80475616455078,7837600,0.0,0.0
2021-10-28 00:00:00-04:00,129.11711993719842,132.26421046800291,129.06914305022772,130.50836181640625,6391700,0.0,0.0
2021-10-29 00:00:00-04:00,129.32816153194577,131.6980757152419,129.09789595331745,131.11279296875,5715300,0.0,0.0
2021-11-01 00:00:00-04:00,131.42943748539858,134.01043849821505,130.89213155449778,133.85691833496094,5329000,0.0,0.0
2021-11-02 00:00:00-04:00,133.84732156451153,135.73749638078343,133.26203878423715,135.488037109375,4822900,0.0,0.0
2021-11-03 00:00:00-04:00,135.70872196813494,137.54133050507767,134.21193696180075,136.96563720703125,4117500,0.0,0.0
2021-11-04 00:00:00-04:00,137.4645877660406,144.39202869489554,136.72578468978304,144.04661560058594,9272800,0.0,0.0
2021-11-05 00:00:00-04:00,144.1809208003205,147.50071011136555,142.76088126657248,147.0785369873047,7706800,0.0,0.0
2021-11-08 00:00:00-05:00,148.58490594491974,148.61368914124364,145.10199278486232,146.76190185546875,5878500,0.0,0.0
2021-11-09 00:00:00-05:00,146.78108205234312,150.3311511517083,145.28429726972865,149.9569549560547,7274600,0.0,0.0
2021-11-10 00:00:00-05:00,147.04018560532043,148.71927418482656,144.18094172355597,144.3056640625,7149500,0.0,0.0
2021-11-11 00:00:00-05:00,146.06147502665928,147.93245603271217,145.16916663934433,147.66380310058594,5061000,0.0,0.0
2021-11-12 00:00:00-05:00,148.40261129751076,151.03158895942886,147.86530541402087,150.4654998779297,5778600,0.0,0.0
2021-11-15 00:00:00-05:00,150.59984810661783,151.73202643318692,148.91115549683425,149.93780517578125,7304300,0.0,0.0
2021-11-16 00:00:00-05:00,149.08387471827461,152.5571845494757,147.3280261203747,151.46337890625,6200700,0.0,0.0
2021-11-17 00:00:00-05:00,151.51133272664896,152.08701134358336,149.57318104318142,149.65953063964844,5759200,0.0,0.0
2021-11-18 00:00:00-05:00,152.07741326334195,152.5379590590618,148.4697776893105,152.3076934814453,9929500,0.0,0.0
2021-11-19 00:00:00-05:00,144.85256580319043,150.11050734989618,143.67241056956536,143.95065307617188,16028700,0.0,0.0
2021-11-22 00:00:00-05:00,144.88136749357824,146.7811323189908,141.38886359127324,141.5711669921875,9029100,0.0,0.0
2021-11-23 00:00:00-05:00,142.6841072383507,143.87385165088708,139.22038797963936,142.88558959960938,7254500,0.0,0.0
2021-11-24 00:00:00-05:00,142.6069261973572,143.31809210599897,140.12747251298765,143.2027587890625,6185900,0.24,0.0
2021-11-26 00:00:00-05:00,139.93523384137671,141.44403959568004,136.67735076106544,137.7056427001953,7334100,0.0,0.0
2021-11-29 00:00:00-05:00,141.0500587276152,145.65337558151194,139.82954927745266,145.32662963867188,9932300,0.0,0.0
2021-11-30 00:00:00-05:00,145.22088560357238,146.05697494827785,140.7521129944059,141.4536590576172,13505800,0.0,0.0
2021-12-01 00:00:00-05:00,145.35544907893433,150.47772881278223,144.00039641441302,145.7590789794922,14372000,0.0,0.0
2021-12-02 00:00:00-05:00,142.23206045517625,144.05800671699538,138.13808885899377,140.78091430664062,9573200,0.0,0.0
2021-12-03 00:00:00-05:00,142.72223014761192,144.86533265245902,137.7441132923065,140.1466827392578,7768000,0.0,0.0
2021-12-06 00:00:00-05:00,140.0986863329266,142.5781407868571,135.5241974939655,141.63633728027344,8579700,0.0,0.0
2021-12-07 00:00:00-05:00,145.1151822179913,151.84237609564653,144.27909281428649,150.775634765625,10514900,0.0,0.0
2021-12-08 00:00:00-05:00,150.74682975884073,151.70785761280143,149.10346567635457,151.16006469726562,6582400,0.0,0.0
2021-12-09 00:00:00-05:00,149.76654728643362,152.1691164407878,146.4413997887137,146.70086669921875,5420000,0.0,0.0
2021-12-10 00:00:00-05:00,150.02603403861087,150.77563446750938,144.77881637220233,146.7777557373047,5291900,0.0,0.0
2021-12-13 00:00:00-05:00,148.08479403663185,148.44998935197737,141.00202270223264,141.36721801757812,6202500,0.0,0.0
2021-12-14 00:00:00-05:00,139.32984433800084,142.42435587110828,138.89738464287856,141.97267150878906,5691500,0.0,0.0
2021-12-15 00:00:00-05:00,142.18407865810136,147.89258688236094,139.50281719792127,147.6715545654297,6883000,0.0,0.0
2021-12-16 00:00:00-05:00,148.38269988279595,149.2956881067166,140.55993346941042,140.9827880859375,7155900,0.0,0.0
2021-12-17 00:00:00-05:00,139.6277087029867,143.17390327804802,138.59941668474636,140.45419311523438,9334700,0.0,0.0
2021-12-20 00:00:00-05:00,138.1958070971343,141.0596659703851,137.66723884935615,139.358642578125,4653400,0.0,0.0
2021-12-21 00:00:00-05:00,143.53912945299567,145.61495326129426,141.29032765939994,145.5188446044922,5986900,0.0,0.0
2021-12-22 00:00:00-05:00,144.1253524187766,146.49909245685762,143.1162702113778,146.38377380371094,4293700,0.0,0.0
2021-12-23 00:00:00-05:00,147.10450594179048,150.4392583173563,147.03722696910646,149.43019104003906,4625500,0.0,0.0
2021-12-27 00:00:00-05:00,150.1029526235378,156.46495273821236,150.1029526235378,156.3784637451172,6416500,0.0,0.0
2021-12-28 00:00:00-05:00,156.5033934430023,156.6379367573329,152.5631733368431,153.41848754882812,5834300,0.0,0.0
2021-12-29 00:00:00-05:00,153.66832609880532,156.66674254776157,153.33197519629152,154.70623779296875,4654400,0.0,0.0
2021-12-30 00:00:00-05:00,154.41796902835333,154.64862102299728,151.4868454160824,151.8231964111328,4171400,0.0,0.0
2021-12-31 00:00:00-05:00,151.97695657081658,153.44732813355876,150.91981998003087,151.22735595703125,3594300,0.0,0.0
2022-01-03 00:00:00-05:00,151.59255048872282,154.51406893467876,150.59307323270357,153.6971893310547,5363900,0.0,0.0
2022-01-04 00:00:00-05:00,153.75483441119079,155.53272694339216,148.48839180324683,152.1883544921875,6947000,0.0,0.0
2022-01-05 00:00:00-05:00,151.8808207222068,152.6977001837688,147.5177611444786,147.7484130859375,6840100,0.0,0.0
2022-01-06 00:00:00-05:00,147.3063427939877,151.26577271227626,145.9224603895822,150.24708557128906,6576000,0.0,0.0
2022-01-07 00:00:00-05:00,149.0553880669032,151.2465298429605,144.76919847724722,144.9325714111328,6335700,0.0,0.0
2022-01-10 00:00:00-05:00,141.96299964000818,144.05803278981688,137.68642971081158,143.76011657714844,9683900,0.0,0.0
2022-01-11 00:00:00-05:00,142.59726225417546,146.71045869773243,140.56949368368376,146.50863647460938,6824400,0.0,0.0
2022-01-12 00:00:00-05:00,148.69985412359185,153.524218652944,148.59414046002018,153.33201599121094,10379800,0.0,0.0
2022-01-13 00:00:00-05:00,157.60855292153693,160.03995198555054,150.40084470866177,151.05433654785156,12553600,0.0,0.0
2022-01-14 00:00:00-05:00,149.70890539118318,160.5492975037478,149.53592743072102,160.49163818359375,11437300,0.0,0.0
2022-01-18 00:00:00-05:00,158.91555676972436,159.424900327951,145.61493560614926,146.4221954345703,12417000,0.0,0.0
2022-01-19 00:00:00-05:00,148.41147567454317,149.74731803009482,137.35005398975602,137.4942169189453,12929000,0.0,0.0
2022-01-20 00:00:00-05:00,140.01213467631746,141.57861459498713,133.1600021540695,133.7270050048828,10573800,0.0,0.0
2022-01-21 00:00:00-05:00,132.1605521660563,136.36984411783422,129.4023923040199,129.79641723632812,12408200,0.0,0.0
2022-01-24 00:00:00-05:00,126.38474742259059,134.0057047013753,124.63568463566686,133.86154174804688,13204800,0.0,0.0
2022-01-25 00:00:00-05:00,129.54654097544224,131.09379620776826,126.2502082352175,127.80708312988281,11800000,0.0,0.0
2022-01-26 00:00:00-05:00,132.34312085565094,136.0622930765114,127.66290634447671,130.29612731933594,11852600,0.0,0.0
2022-01-27 00:00:00-05:00,129.0083735253248,130.17120891873603,124.26089398049264,125.0777587890625,13539100,0.0,0.0
2022-01-28 00:00:00-05:00,124.5492186929854,127.33619366992376,119.02330106958827,127.28813934326172,13292900,0.0,0.0
2022-01-31 00:00:00-05:00,127.73984344386828,132.97744325223684,126.50012374266274,132.7948455810547,8588900,0.0,0.0
2022-02-01 00:00:00-05:00,132.84288879465217,133.85197107020718,128.17229239316322,133.2080841064453,8151400,0.0,0.0
2022-02-02 00:00:00-05:00,135.21661740787079,135.88933397922906,131.86263955062688,135.27427673339844,8134100,0.0,0.0
2022-02-03 00:00:00-05:00,132.80442990914847,135.71634287970187,129.83485761864273,131.1898956298828,10040600,0.0,0.0
2022-02-04 00:00:00-05:00,129.1044700574818,131.42055055558333,126.79800922233723,130.2865447998047,8514400,0.0,0.0
2022-02-07 00:00:00-05:00,130.46911680646946,132.90051574291894,129.93094363440272,130.82470703125,7242200,0.0,0.0
2022-02-08 00:00:00-05:00,129.58498342018743,133.77506516261514,128.2972097036001,133.3426055908203,6644100,0.0,0.0
2022-02-09 00:00:00-05:00,136.13922611475724,139.32983135837142,134.05379717395823,138.58023071289062,7652600,0.0,0.0
2022-02-10 00:00:00-05:00,134.34204019380797,139.50276831755826,133.59243984763057,134.3228302001953,8525700,0.0,0.0
2022-02-11 00:00:00-05:00,134.1114300337867,135.08206281541263,126.16372616341195,127.32657623291016,9473100,0.0,0.0
2022-02-14 00:00:00-05:00,127.21124928577716,129.1621346094061,124.63570173770145,126.72113037109375,9529300,0.0,0.0
2022-02-15 00:00:00-05:00,129.4408489471961,134.90909999164649,129.0564289924354,134.39013671875,9065200,0.0,0.0
2022-02-16 00:00:00-05:00,133.0831320816547,136.18726258411698,131.56470632444123,135.46649169921875,7990700,0.0,0.0
2022-02-17 00:00:00-05:00,137.26361181115203,138.18619035027248,129.49850489696766,131.15147399902344,11879800,0.0,0.0
2022-02-18 00:00:00-05:00,131.65118578637242,131.68962044095855,125.82734578857877,128.15304565429688,8151300,0.0,0.0
2022-02-22 00:00:00-05:00,125.10108112911588,130.12669128715584,123.71470388682116,125.4091567993164,7667700,0.24,0.0
2022-02-23 00:00:00-05:00,127.04588039350215,129.2217138066364,122.86749605823451,123.09855651855469,8413800,0.0,0.0
2022-02-24 00:00:00-05:00,118.49658133518898,128.65370902539743,118.11147561012919,128.45152282714844,8500900,0.0,0.0
2022-02-25 00:00:00-05:00,128.3937475512111,131.07022070529126,126.834080161001,130.66586303710938,7784500,0.0,0.0
2022-02-28 00:00:00-05:00,128.8366450512451,131.95598034454193,127.11329515647152,129.20248413085938,7428100,0.0,0.0
2022-03-01 00:00:00-05:00,128.7596074534404,130.03044380161947,123.3200012693466,124.78340148925781,9212500,0.0,0.0
2022-03-02 00:00:00-05:00,125.1588424217732,129.4623822556741,124.82187043133804,128.2204132080078,7008700,0.0,0.0
2022-03-03 00:00:00-05:00,130.08818711031685,130.08818711031685,124.74487837317898,125.7750244140625,5449700,0.0,0.0
2022-03-04 00:00:00-05:00,123.59921279359875,124.73526327094456,119.49785050577393,121.0575180053711,7096100,0.0,0.0
2022-03-07 00:00:00-05:00,122.80973088052122,123.28148882891576,114.67440733852938,114.78031158447266,9207100,0.0,0.0
2022-03-08 00:00:00-05:00,115.32909647402808,123.10820410873919,113.76942161284747,119.5267333984375,10525000,0.0,0.0
2022-03-09 00:00:00-05:00,122.94451568397024,125.00482261280247,121.50037490140858,123.83025360107422,7623200,0.0,0.0
2022-03-10 00:00:00-05:00,121.03824772220655,121.30781947913769,118.1114550057208,120.31617736816406,5604400,0.0,0.0
2022-03-11 00:00:00-05:00,125.15886282775574,125.15886282775574,118.77576346784083,119.03570556640625,6016000,0.0,0.0
2022-03-14 00:00:00-04:00,119.13199174682788,120.07550034425496,114.66478325696306,115.65642547607422,6733200,0.0,0.0
2022-03-15 00:00:00-04:00,117.1872328451361,120.2969457732981,115.39649736673151,119.77706146240234,6875300,0.0,0.0
2022-03-16 00:00:00-04:00,122.57868988738922,125.87133700624415,120.4317303319965,125.62100982666016,9668900,0.0,0.0
2022-03-17 00:00:00-04:00,124.50419920561454,127.33470283316863,123.53180166511856,127.07476806640625,6781100,0.0,0.0
2022-03-18 00:00:00-04:00,125.7365557120243,130.69476753606236,124.91820322507617,130.10748291015625,11516500,0.0,0.0
2022-03-21 00:00:00-04:00,129.10621687435565,130.33854940587878,127.00739089092363,129.20248413085938,6206600,0.0,0.0
2022-03-22 00:00:00-04:00,129.00990255796464,132.22551899151114,128.86549436416064,130.43478393554688,4997800,0.0,0.0
2022-03-23 00:00:00-04:00,128.63445687569617,130.06897559794302,126.31420007809339,126.52600860595703,5457900,0.0,0.0
2022-03-24 00:00:00-04:00,128.0567651383476,133.48673361476548,126.43933459627202,133.42897033691406,7617800,0.0,0.0
2022-03-25 00:00:00-04:00,133.46750430130734,133.81409869875534,129.78012950612919,131.95596313476562,6074200,0.0,0.0
2022-03-28 00:00:00-04:00,130.0593435020821,132.6202905698558,128.72110667487993,132.5336456298828,5209600,0.0,0.0
2022-03-29 00:00:00-04:00,134.8635268796711,136.72164806546115,133.73709857124612,136.17288208007812,6162600,0.0,0.0
2022-03-30 00:00:00-04:00,135.4508196586309,136.0381043357976,130.04973096880727,130.742919921875,6387500,0.0,0.0
2022-03-31 00:00:00-04:00,131.0317033238495,132.2351538882105,126.74740756227742,126.89183044433594,8474800,0.0,0.0
2022-04-01 00:00:00-04:00,127.9316305254462,128.08566105336482,120.89384569338247,122.66532897949219,10138100,0.0,0.0
2022-04-04 00:00:00-04:00,122.43425002836663,124.87003289835128,122.17430792739958,124.61972045898438,8347800,0.0,0.0
2022-04-05 00:00:00-04:00,123.98429835688046,124.17684752240592,116.83098741293965,117.17758178710938,11653700,0.0,0.0
2022-04-06 00:00:00-04:00,114.5781169179047,116.70581651410598,112.71035939700305,114.88619995117188,11602000,0.0,0.0
2022-04-07 00:00:00-04:00,114.64553123629632,119.28603692217882,114.17377326511155,117.8418960571289,11817200,0.0,0.0
2022-04-08 00:00:00-04:00,116.74433598782556,117.83225266846473,115.01136421352655,115.49274444580078,6408100,0.0,0.0
2022-04-11 00:00:00-04:00,113.79827969985,114.6166319402211,111.81499556781648,111.91127014160156,7785100,0.0,0.0
2022-04-12 00:00:00-04:00,113.70201148972671,114.81881717492058,109.91836250050473,110.29383850097656,9883800,0.0,0.0
2022-04-13 00:00:00-04:00,110.94851929668197,113.72127427098346,110.22644891300425,112.50819396972656,9351400,0.0,0.0
2022-04-14 00:00:00-04:00,113.03772554239302,113.15325211338354,109.03263792169801,109.13854217529297,7711200,0.0,0.0
2022-04-18 00:00:00-04:00,108.31054793158532,111.66095744619184,108.15650273768198,110.59229278564453,6822700,0.0,0.0
2022-04-19 00:00:00-04:00,109.8798634372065,112.87404945822495,109.31183821512639,112.70075225830078,6086600,0.0,0.0
2022-04-20 00:00:00-04:00,116.03188956592595,117.81300232628516,113.14360813219257,113.49983215332031,8856100,0.0,0.0
2022-04-21 00:00:00-04:00,114.77068894401815,116.5710538899179,111.04480281993784,111.38177490234375,7849400,0.0,0.0
2022-04-22 00:00:00-04:00,110.93888865451758,111.8631377948292,108.43570563606781,108.59938049316406,8489400,0.0,0.0
2022-04-25 00:00:00-04:00,107.26116164941678,110.44789687535095,107.05897546017754,110.20720672607422,8518300,0.0,0.0
2022-04-26 00:00:00-04:00,108.63789589990358,108.98449028221961,104.77723141983442,104.86387634277344,9461800,0.0,0.0
2022-04-27 00:00:00-04:00,104.33437826869013,108.1854210157378,103.88187957066705,104.75798797607422,6891600,0.0,0.0
2022-04-28 00:00:00-04:00,107.26115384517657,111.6705914766858,105.50892263446376,110.36123657226562,7379100,0.0,0.0
2022-04-29 00:00:00-04:00,108.8208219994476,111.83426717230846,106.05770396742344,106.2406234741211,7998900,0.0,0.0
2022-05-02 00:00:00-04:00,106.96269663384037,108.98449233864646,104.15143756448026,108.7630615234375,9425100,0.0,0.0
2022-05-03 00:00:00-04:00,108.00247437632959,110.45751661654903,107.28040399335679,109.56214904785156,5463700,0.0,0.0
2022-05-04 00:00:00-04:00,109.91837347402219,114.68404274431205,107.86769608631316,114.38558197021484,6352100,0.0,0.0
2022-05-05 00:00:00-04:00,111.74761407247235,112.54670707273088,107.68476347338233,109.24443817138672,8172500,0.0,0.0
2022-05-06 00:00:00-04:00,107.7136403597141,110.7655966779393,105.7977490522702,108.31055450439453,6247000,0.0,0.0
2022-05-09 00:00:00-04:00,103.92038353019115,106.6642498243567,101.45571135159419,101.81193542480469,10088400,0.0,0.0
2022-05-10 00:00:00-04:00,105.15270730894912,105.4896720287486,101.26315384758358,103.18867492675781,8881000,0.0,0.0
2022-05-11 00:00:00-04:00,102.68802517494873,105.06603713236218,99.75160309160842,100.05005645751953,8311700,0.0,0.0
2022-05-12 00:00:00-04:00,99.1932169806271,102.89984358009588,99.15470567770234,102.78431701660156,9287100,0.0,0.0
2022-05-13 00:00:00-04:00,104.16107485470044,108.43572705483236,104.00702962824778,107.69440460205078,8321100,0.0,0.0
2022-05-16 00:00:00-04:00,105.52818697811716,108.12763758671008,104.57505606767047,106.36579132080078,7218200,0.0,0.0
2022-05-17 00:00:00-04:00,110.27458507550068,112.95105800589161,109.10964578865395,112.48892974853516,6646500,0.0,0.0
2022-05-18 00:00:00-04:00,109.74507302988718,112.69112530746465,106.66424220822195,107.19375610351562,8522800,0.0,0.0
2022-05-19 00:00:00-04:00,107.26115161873354,109.25406557456338,106.09620494132906,106.61609649658203,10115800,0.0,0.0
2022-05-20 00:00:00-04:00,107.82916949890443,108.54161016927257,97.55651734611689,102.49547576904297,16285500,0.0,0.0
2022-05-23 00:00:00-04:00,103.10202926615669,107.20339148432049,102.99613235767309,105.83627319335938,7669100,0.0,0.0
2022-05-24 00:00:00-04:00,103.86258244288487,104.68093460501889,101.77339427583705,102.62062072753906,6785400,0.0,0.0
2022-05-25 00:00:00-04:00,101.4046005291891,105.60284797234162,101.4046005291891,104.743896484375,7378200,0.26,0.0
2022-05-26 00:00:00-04:00,103.22867428898739,111.67342847522563,103.09355881106688,111.05575561523438,9173100,0.0,0.0
2022-05-27 00:00:00-04:00,112.55167634052448,115.52422395115387,112.33934993335653,115.31190490722656,8510500,0.0,0.0
2022-05-31 00:00:00-04:00,113.44923510453722,114.53981205683259,111.52865156398313,113.19830322265625,9751200,0.0,0.0
2022-06-01 00:00:00-04:00,113.84493501076628,114.3660978592836,108.86494673033606,110.46703338623047,6852200,0.0,0.0
2022-06-02 00:00:00-04:00,110.68899085966984,113.31410363190571,109.58876085413564,113.23689270019531,6408500,0.0,0.0
2022-06-03 00:00:00-04:00,110.88202722650821,112.28144059536083,110.15819120194841,110.9495849609375,5080700,0.0,0.0
2022-06-06 00:00:00-04:00,113.05353455126853,113.76771736239569,110.38017009142989,110.98818969726562,3824600,0.0,0.0
2022-06-07 00:00:00-04:00,109.250984469995,111.94365544977353,108.47889710408599,111.63481903076172,4725500,0.0,0.0
2022-06-08 00:00:00-04:00,111.24877429792278,111.63482167163028,107.31111170318177,108.53680419921875,5138300,0.0,0.0
2022-06-09 00:00:00-04:00,107.22422109423934,108.06387337266702,103.412021707049,103.4988784790039,5947900,0.0,0.0
2022-06-10 00:00:00-04:00,101.7713332097451,102.60133236773115,98.25831660009071,98.32587432861328,8391600,0.0,0.0
2022-06-13 00:00:00-04:00,94.83217134840416,95.40158548023172,92.31322142250104,92.95984649658203,10484200,0.0,0.0
2022-06-14 00:00:00-04:00,94.00216259215857,94.54262440662943,92.0622802034471,93.24937438964844,7058400,0.0,0.0
2022-06-15 00:00:00-04:00,94.43648404379714,95.83590495636504,92.25532248012556,94.021484375,9377200,0.0,0.0
2022-06-16 00:00:00-04:00,91.48322335892259,91.79205976860338,85.6539296833618,86.4646224975586,13359300,0.0,0.0
2022-06-17 00:00:00-04:00,85.13277002106207,87.76753649147082,84.56335586089627,86.69625854492188,14451300,0.0,0.0
2022-06-21 00:00:00-04:00,88.50101128239854,92.34217086493129,87.97985584620552,91.84996032714844,12207400,0.0,0.0
2022-06-22 00:00:00-04:00,89.84253409446009,92.58346398270591,89.61090860185563,90.66288757324219,7652000,0.0,0.0
2022-06-23 00:00:00-04:00,91.32879748134104,91.99472895193026,88.89671178179339,90.02589416503906,8286300,0.0,0.0
2022-06-24 00:00:00-04:00,91.99474220008486,94.85148111700006,91.36741610908258,93.96357727050781,10582900,0.0,0.0
2022-06-27 00:00:00-04:00,94.5522911345026,95.42089586284894,93.17217677814149,94.20484924316406,4950100,0.0,0.0
2022-06-28 00:00:00-04:00,94.68739284312784,95.45948745903084,91.43495402992937,91.70518493652344,6494200,0.0,0.0
2022-06-29 00:00:00-04:00,90.69181688766697,90.91378911429203,88.22112595650938,88.73263549804688,7570200,0.0,0.0
2022-06-30 00:00:00-04:00,87.10159255848106,90.25751405733946,86.15577701164922,87.8061294555664,8183600,0.0,0.0
2022-07-01 00:00:00-04:00,85.62497230501113,85.62497230501113,81.51358186412705,83.26043701171875,13121600,0.0,0.0
2022-07-05 00:00:00-04:00,80.33615885535255,83.22185758723293,79.78604367988314,82.9998779296875,9549900,0.0,0.0
2022-07-06 00:00:00-04:00,83.24115337040148,84.42824784090139,81.98650115691322,83.54033660888672,5732400,0.0,0.0
2022-07-07 00:00:00-04:00,85.59601845035006,87.97985275229824,85.57671203443488,87.58415222167969,7469600,0.0,0.0
2022-07-08 00:00:00-04:00,86.51288121866293,88.45276382960644,86.18474575464029,88.0088119506836,4890800,0.0,0.0
2022-07-11 00:00:00-04:00,86.37776353543825,86.92787860644158,84.75637058460096,85.5284652709961,5319300,0.0,0.0
2022-07-12 00:00:00-04:00,86.12683147828943,86.8796197461727,85.01694813012588,85.63462829589844,5492300,0.0,0.0
2022-07-13 00:00:00-04:00,83.51138911627756,86.97615535307845,83.46313779038002,85.9724349975586,5786900,0.0,0.0
2022-07-14 00:00:00-04:00,85.3933503277641,88.86776171131598,83.39556322997872,88.47206115722656,8686500,0.0,0.0
2022-07-15 00:00:00-04:00,89.13799996430016,91.29020175910492,87.06300175435473,91.17439270019531,8051200,0.0,0.0
2022-07-18 00:00:00-04:00,92.41939630055637,93.03706919011925,89.32137864293082,89.89079284667969,5683400,0.0,0.0
2022-07-19 00:00:00-04:00,91.37706243793818,95.19891586452984,91.07787922948944,94.80322265625,8203200,0.0,0.0
2022-07-20 00:00:00-04:00,94.18552739066286,99.27168530006799,94.10832382109338,98.66366577148438,8314000,0.0,0.0
2022-07-21 00:00:00-04:00,99.9279916328009,100.342991309426,97.49589810733778,100.21752166748047,5463800,0.0,0.0
2022-07-22 00:00:00-04:00,100.0920419099087,100.3333205782953,97.41867750401103,98.12320709228516,5100400,0.0,0.0
2022-07-25 00:00:00-04:00,97.00367365117152,97.73715546940763,95.99030034303651,97.47657775878906,4367000,0.0,0.0
2022-07-26 00:00:00-04:00,97.07121200153416,97.4572592496218,95.13132991824192,95.45947265625,5073900,0.0,0.0
2022-07-27 00:00:00-04:00,97.06157323086646,100.8544738331897,96.56936273227004,99.85075378417969,7275000,0.0,0.0
2022-07-28 00:00:00-04:00,99.7638990569996,101.61691732561543,97.23529614905672,101.491455078125,6090500,0.0,0.0
2022-07-29 00:00:00-04:00,99.88938699278259,102.83299023110341,99.4454350452926,102.28287506103516,5817700,0.0,0.0
2022-08-01 00:00:00-04:00,100.84483685087146,103.59541237985833,100.05344306072014,102.6882095336914,4737500,0.0,0.0
2022-08-02 00:00:00-04:00,101.05716163414476,102.8233233421826,100.04379559421884,101.327392578125,4137900,0.0,0.0
2022-08-03 00:00:00-04:00,102.05122419354356,106.74168212703745,101.99331966898508,105.2071533203125,6088000,0.0,0.0
2022-08-04 00:00:00-04:00,105.60285839301048,107.31111569211146,105.22646421454583,107.1856460571289,5279600,0.0,0.0
2022-08-05 00:00:00-04:00,105.2554063129459,107.3400575891448,103.69192521903749,105.7958755493164,4784000,0.0,0.0
2022-08-08 00:00:00-04:00,105.39051594550325,106.51005246441291,102.24424751458206,104.06831359863281,6038600,0.0,0.0
2022-08-09 00:00:00-04:00,100.1306578741075,100.34298430265795,94.46543149590916,96.18334197998047,10355800,0.0,0.0
2022-08-10 00:00:00-04:00,99.18483203570456,101.46250326065221,97.4186777742777,101.38529968261719,8599800,0.0,0.0
2022-08-11 00:00:00-04:00,102.09948841065292,105.11064902610862,101.32739367953883,101.84855651855469,5555600,0.0,0.0
2022-08-12 00:00:00-04:00,102.49517083010068,107.43656038981285,102.07052539961654,106.52935028076172,6644700,0.0,0.0
2022-08-15 00:00:00-04:00,105.96958565118612,107.7550461822348,104.23237643202306,105.95027923583984,8342600,0.0,0.0
2022-08-16 00:00:00-04:00,104.65703280510957,105.76690873871694,103.27691859005351,104.70528411865234,4892400,0.0,0.0
2022-08-17 00:00:00-04:00,103.26728460923681,103.52786236795716,100.48775660883929,102.30216979980469,5495600,0.0,0.0
2022-08-18 00:00:00-04:00,102.95844437153109,105.51599999494852,101.81960864382874,104.49297332763672,10062400,0.0,0.0
2022-08-19 00:00:00-04:00,102.91017160539664,103.5568040114718,99.74459675837944,100.97994232177734,12380900,0.0,0.0
2022-08-22 00:00:00-04:00,99.21379649134764,99.81216290726398,96.84926100153703,97.293212890625,6180100,0.0,0.0
2022-08-23 00:00:00-04:00,97.58275171743199,99.70600119506523,97.52484718940742,98.3741455078125,4882300,0.0,0.0
2022-08-24 00:00:00-04:00,97.96775270883718,98.78051866939815,96.89373527375984,98.19029998779297,4741200,0.26,0.0
2022-08-25 00:00:00-04:00,98.66442418746162,101.77036424355991,98.18063276348236,101.59619903564453,7645200,0.0,0.0
2022-08-26 00:00:00-04:00,101.5961936117877,101.5961936117877,95.35528752846338,95.59718322753906,7757100,0.0,0.0
2022-08-29 00:00:00-04:00,94.38769146205422,95.51008350928977,93.24594362765419,93.41043090820312,5609700,0.0,0.0
2022-08-30 00:00:00-04:00,94.73603754230848,95.09403846153334,90.52704636553244,91.45592498779297,11623200,0.0,0.0
2022-08-31 00:00:00-04:00,91.63977553647548,91.74621024599863,89.60785292370304,91.02052307128906,8729700,0.0,0.0
2022-09-01 00:00:00-04:00,88.57254186901925,88.9886028221868,86.14390665950299,88.83378601074219,9953700,0.0,0.0
2022-09-02 00:00:00-04:00,90.1303516542594,90.79797885799007,87.60495960943518,88.28226470947266,6795400,0.0,0.0
2022-09-06 00:00:00-04:00,88.16614786818451,88.63058348072506,86.32773906187333,87.36305236816406,5922500,0.0,0.0
2022-09-07 00:00:00-04:00,87.63398064284884,89.76266001379071,86.9663460972216,88.9595718383789,5567500,0.0,0.0
2022-09-08 00:00:00-04:00,88.06936482343902,90.78827694367527,87.3340073640357,90.74957275390625,5233000,0.0,0.0
2022-09-09 00:00:00-04:00,92.03647684491933,93.8652077116091,91.9784168582142,93.38141632080078,5094300,0.0,0.0
2022-09-12 00:00:00-04:00,93.75877083530891,94.50380631172156,92.15257991177296,93.17822265625,5329300,0.0,0.0
2022-09-13 00:00:00-04:00,89.4336781395176,90.32385254023966,87.08245164969304,87.45980834960938,8422200,0.0,0.0
2022-09-14 00:00:00-04:00,88.95956654740652,88.95956654740652,86.69541891719993,87.70170593261719,5828200,0.0,0.0
2022-09-15 00:00:00-04:00,87.12116344017541,87.87587690578292,85.23437239408513,86.03746795654297,7120300,0.0,0.0
2022-09-16 00:00:00-04:00,84.77959636718813,86.45351025557184,84.1216398550307,85.98907470703125,10893600,0.0,0.0
2022-09-19 00:00:00-04:00,85.00214108067458,87.3630452965432,84.86668008947592,86.8115234375,5260300,0.0,0.0
2022-09-20 00:00:00-04:00,85.1666254124205,86.13420810567807,84.51834677963475,85.26338958740234,4435700,0.0,0.0
2022-09-21 00:00:00-04:00,85.50529688464559,88.30161065773633,84.22808785119955,84.26678466796875,6953400,0.0,0.0
2022-09-22 00:00:00-04:00,83.83138780401639,83.9765267257123,81.84783976567395,82.28325653076172,8558400,0.0,0.0
2022-09-23 00:00:00-04:00,81.46079934750692,81.74139924898344,80.01909564177541,81.55755615234375,7384500,0.0,0.0
2022-09-26 00:00:00-04:00,81.55755519032077,82.8057378895845,80.15455569948746,80.2513198852539,7015800,0.0,0.0
2022-09-27 00:00:00-04:00,81.69303357204478,82.41872082725705,79.85462438242588,81.42211151123047,6220000,0.0,0.0
2022-09-28 00:00:00-04:00,80.30937168210052,83.59915464910677,80.1545548920904,83.21212005615234,7992500,0.0,0.0
2022-09-29 00:00:00-04:00,82.0026460904368,82.34129860967627,80.50288972828467,81.68334197998047,8542500,0.0,0.0
2022-09-30 00:00:00-04:00,79.28373337549516,81.72203867209177,78.88702090220836,79.27405548095703,9051000,0.0,0.0
2022-10-03 00:00:00-04:00,80.3480776946121,84.76993085568824,80.31905139134724,83.45401763916016,9631500,0.0,0.0
2022-10-04 00:00:00-04:00,86.23098152392728,87.34369583479142,85.60205122947957,86.51158142089844,7914900,0.0,0.0
2022-10-05 00:00:00-04:00,84.80863124760755,87.24693657934137,83.39596128957763,86.3277359008789,7608600,0.0,0.0
2022-10-06 00:00:00-04:00,86.09551129416946,88.23386816042029,85.03116442593004,85.26338958740234,6686700,0.0,0.0
2022-10-07 00:00:00-04:00,82.40902010757817,82.76702837854765,79.3611330033642,79.92233276367188,10029900,0.0,0.0
2022-10-10 00:00:00-04:00,79.34179204731747,79.46757515765175,74.8522083074008,76.62288665771484,14211900,0.0,0.0
2022-10-11 00:00:00-04:00,75.21986723139834,76.2164761014292,72.53966674968493,73.82655334472656,12441100,0.0,0.0
2022-10-12 00:00:00-04:00,74.06847035797024,74.5038796890387,73.02347910492038,73.54597473144531,7770200,0.0,0.0
2022-10-13 00:00:00-04:00,69.84013067320399,78.87735098309021,68.81449521057631,76.84542846679688,17560200,0.0,0.0
2022-10-14 00:00:00-04:00,76.98089513475107,77.30987716786012,72.17200681736819,72.3945541381836,10453000,0.0,0.0
2022-10-17 00:00:00-04:00,74.70707625336541,75.36503293324441,71.75595278111126,71.99784851074219,10772300,0.0,0.0
2022-10-18 00:00:00-04:00,74.20392203832107,74.92960908691988,71.74626101455127,72.79125213623047,10231000,0.0,0.0
2022-10-19 00:00:00-04:00,72.56871565180218,75.2682727598978,72.02687160386493,74.75545501708984,10579200,0.0,0.0
2022-10-20 00:00:00-04:00,75.8197914718393,79.45790499509269,74.70706973619248,76.11006927490234,13287900,0.0,0.0
2022-10-21 00:00:00-04:00,76.27455769316082,79.97072387789815,75.59724527019706,79.74817657470703,11569500,0.0,0.0
2022-10-24 00:00:00-04:00,80.14487755466637,82.32193864982128,79.24502534005286,82.18647766113281,12005000,0.0,0.0
2022-10-25 00:00:00-04:00,83.1540670540902,85.63107662586383,82.97022396234829,84.69252014160156,10349400,0.0,0.0
2022-10-26 00:00:00-04:00,83.66689138051882,87.32435342309138,83.01861263372874,85.28275299072266,8989100,0.0,0.0
2022-10-27 00:00:00-04:00,85.9019947897656,87.07276902359257,83.57012421652671,83.73461151123047,6822500,0.0,0.0
2022-10-28 00:00:00-04:00,83.81201846056206,87.01471492429799,83.65720168086624,86.8115234375,6388600,0.0,0.0
2022-10-31 00:00:00-04:00,85.97940118925145,86.50189674450445,84.81830487673608,85.4278793334961,6875400,0.0,0.0
2022-11-01 00:00:00-04:00,87.56625545768507,87.85653329048407,86.11488105783394,86.8792724609375,6105600,0.0,0.0
2022-11-02 00:00:00-04:00,87.42112122686703,90.2658175653078,84.69253750418363,84.91508483886719,10650300,0.0,0.0
2022-11-03 00:00:00-04:00,83.17340605154301,84.86667573675048,81.95424981121403,83.50238800048828,6849700,0.0,0.0
2022-11-04 00:00:00-04:00,87.1308424599814,88.8241125225857,85.9600606633291,88.72734832763672,8692700,0.0,0.0
2022-11-07 00:00:00-05:00,89.26918935103339,92.03647669243792,89.11437256283725,91.95906829833984,7684200,0.0,0.0
2022-11-08 00:00:00-05:00,93.83617781986956,95.58750022534142,91.70749135249704,94.30061340332031,10067000,0.0,0.0
2022-11-09 00:00:00-05:00,92.19127570939331,93.47816243348721,91.18498884573062,91.32044982910156,6864600,0.0,0.0
2022-11-10 00:00:00-05:00,96.91309953768902,101.48976217742144,96.25514291976121,101.39300537109375,11692800,0.0,0.0
2022-11-11 00:00:00-05:00,101.89615360387808,107.29526799822335,101.39301374020165,106.94693756103516,11160000,0.0,0.0
2022-11-14 00:00:00-05:00,105.33107592468586,106.65666716580458,103.96678048140984,104.12159729003906,7761700,0.0,0.0
2022-11-15 00:00:00-05:00,107.566163718478,108.48537168478632,105.24396383263324,106.87918090820312,9438600,0.0,0.0
2022-11-16 00:00:00-05:00,101.96388403211103,103.65715411853064,99.65136147608082,100.84149169921875,12082500,0.0,0.0
2022-11-17 00:00:00-05:00,97.164675503809,102.17675534785828,96.96148397551845,101.06403350830078,10682800,0.0,0.0
2022-11-18 00:00:00-05:00,106.4244216965665,106.43409959078171,100.28995077263701,101.305908203125,10921100,0.0,0.0
2022-11-21 00:00:00-05:00,100.17384246417222,102.47669416904925,98.53862522930687,101.73165130615234,9282400,0.0,0.0
2022-11-22 00:00:00-05:00,102.48637291810037,103.81196407002878,100.48347672916984,103.570068359375,8497200,0.0,0.0
2022-11-23 00:00:00-05:00,103.12389552928013,105.30625788449913,103.12389552928013,104.43331146240234,4077500,0.26,0.0
2022-11-25 00:00:00-05:00,103.70586255501203,104.26842887752515,102.6098342922231,102.63893127441406,3012500,0.0,0.0
2022-11-28 00:00:00-05:00,100.8736320990531,101.93086180653093,99.7194025945205,100.35956573486328,6382700,0.0,0.0
2022-11-29 00:00:00-05:00,100.93181955504522,101.76596743566915,99.82609002027304,100.14617156982422,3450400,0.0,0.0
2022-11-30 00:00:00-05:00,100.8445230071735,106.34407339753149,99.57390573886629,106.3052749633789,11167000,0.0,0.0
2022-12-01 00:00:00-05:00,106.83875120685589,107.34311608390875,102.58072082926479,103.79314422607422,6976200,0.0,0.0
2022-12-02 00:00:00-05:00,101.18402110491115,104.09383767127176,101.08702869937504,103.5021743774414,3903300,0.0,0.0
2022-12-05 00:00:00-05:00,103.17238160786226,104.45270038872307,102.04724917011292,103.23057556152344,4692500,0.0,0.0
2022-12-06 00:00:00-05:00,103.60884996348578,103.85133463456678,100.65053401627969,101.5622787475586,4571700,0.0,0.0
2022-12-07 00:00:00-05:00,101.56229592427225,104.41391850647952,101.00943107670615,102.92021179199219,6383600,0.0,0.0
2022-12-08 00:00:00-05:00,103.82225099249611,106.15010561386157,103.29848314768545,105.34505462646484,5493200,0.0,0.0
2022-12-09 00:00:00-05:00,104.54000328672988,106.44108245775801,103.78345220234628,104.11322784423828,4705700,0.0,0.0
2022-12-12 00:00:00-05:00,103.60885243269081,106.13069159202462,102.46432446191034,106.08219909667969,4831400,0.0,0.0
2022-12-13 00:00:00-05:00,111.92123854044002,112.60019274649075,107.81840152379112,108.5070571899414,9557300,0.0,0.0
2022-12-14 00:00:00-05:00,108.01238930367283,109.22481284793994,105.28686354417508,106.3440933227539,6429300,0.0,0.0
2022-12-15 00:00:00-05:00,104.51088509442762,104.77276526277467,100.8930108277147,101.41677856445312,6773500,0.0,0.0
2022-12-16 00:00:00-05:00,101.0191292667906,102.74561917697885,100.43716745662148,101.58169555664062,12925700,0.0,0.0
2022-12-19 00:00:00-05:00,101.67868984733984,101.90177163536028,99.5836184117532,100.86393737792969,6162500,0.0,0.0
2022-12-20 00:00:00-05:00,99.00166653504692,101.46531231137294,98.97256955108212,100.38867950439453,4761800,0.0,0.0
2022-12-21 00:00:00-05:00,101.48469577498344,103.30818548726552,101.06762178760466,102.71652221679688,4889100,0.0,0.0
2022-12-22 00:00:00-05:00,99.04044123331988,99.52541058324309,93.08501820826656,94.666015625,11326600,0.0,0.0
2022-12-23 00:00:00-05:00,93.78338084703253,94.46233501738267,92.46426354459902,94.29744720458984,4753500,0.0,0.0
2022-12-27 00:00:00-05:00,93.28872870299,93.92888456331049,92.30908828941875,92.4739761352539,6121400,0.0,0.0
2022-12-28 00:00:00-05:00,91.82409158873187,92.90072409828974,90.86385438292571,91.39732360839844,4274000,0.0,0.0
2022-12-29 00:00:00-05:00,93.16261895799619,94.70481800292171,92.27026969296081,94.2198486328125,5071800,0.0,0.0
2022-12-30 00:00:00-05:00,92.7261468563276,94.54963651779946,92.17328204195589,94.45263671875,3407000,0.0,0.0
2023-01-03 00:00:00-05:00,96.77080482720943,97.01328956230823,93.2305336148044,93.82219696044922,5921500,0.0,0.0
2023-01-04 00:00:00-05:00,95.26737824097066,96.62529387165922,94.26834258554929,96.3246078491211,6289500,0.0,0.0
2023-01-05 00:00:00-05:00,94.89880540534875,96.25672115907331,94.43323894124325,94.97640228271484,4557100,0.0,0.0
2023-01-06 00:00:00-05:00,96.99387065530772,101.70777336115928,95.61655946801316,101.13550567626953,7241700,0.0,0.0
2023-01-09 00:00:00-05:00,102.37702765299186,105.49052983712716,101.0288135190529,103.28876495361328,6212300,0.0,0.0
2023-01-10 00:00:00-05:00,102.9493203120922,104.93769813411774,102.6777385881183,104.79220581054688,4638800,0.0,0.0
2023-01-11 00:00:00-05:00,103.47307427520464,106.87756162718566,103.32758197126518,106.75146484375,5532600,0.0,0.0
2023-01-12 00:00:00-05:00,107.25581897626657,108.5264362549545,104.00652593989952,106.88723754882812,5330900,0.0,0.0
2023-01-13 00:00:00-05:00,104.29751630941645,106.88725108792461,104.2102253708366,106.66416931152344,5641600,0.0,0.0
2023-01-17 00:00:00-05:00,106.12100219726562,107.30432125631384,104.5399972986212,106.12100219726562,4848100,0.0,0.0
2023-01-18 00:00:00-05:00,107.43042286825455,109.01142043805783,106.28589479562248,106.40228271484375,5374100,0.0,0.0
2023-01-19 00:00:00-05:00,106.19860259902191,106.34409490650995,102.90080902949292,102.96871185302734,5325100,0.0,0.0
2023-01-20 00:00:00-05:00,103.58946619924416,106.47987966245537,103.28878014095689,106.35379028320312,5078500,0.0,0.0
2023-01-23 00:00:00-05:00,105.26746509655594,111.4556798654797,105.23836811426449,110.72822570800781,7669300,0.0,0.0
2023-01-24 00:00:00-05:00,110.05894234907834,110.64090407255084,109.08900367660921,109.59336853027344,3504700,0.0,0.0
2023-01-25 00:00:00-05:00,107.65351783946856,110.99981152802894,106.12101998156743,110.5245361328125,5957600,0.0,0.0
2023-01-26 00:00:00-05:00,110.96098658678154,112.28010378494956,108.8950124602159,112.10551452636719,5813000,0.0,0.0
2023-01-27 00:00:00-05:00,109.23450597212185,110.46632494307124,107.37221792621229,109.11811065673828,8705700,0.0,0.0
2023-01-30 00:00:00-05:00,107.36253311793067,107.63411481051537,104.7242982756003,104.94738006591797,7351700,0.0,0.0
2023-01-31 00:00:00-05:00,105.68452955864429,108.20636892996856,105.34505246251238,108.13847351074219,6577100,0.0,0.0
2023-02-01 00:00:00-05:00,108.7398324267143,116.51873784355477,108.54584763927954,115.43241119384766,9886400,0.0,0.0
2023-02-02 00:00:00-05:00,116.69332708717639,121.16474525700754,116.68363302783844,120.52458953857422,11206500,0.0,0.0
2023-02-03 00:00:00-05:00,119.22487553845747,119.95232963857016,116.0143804779748,116.37326049804688,6156900,0.0,0.0
2023-02-06 00:00:00-05:00,114.6564568656737,115.84948476459208,113.39554095141796,114.15209197998047,5331000,0.0,0.0
2023-02-07 00:00:00-05:00,113.86111271723239,117.64387543675102,113.24035249044474,116.89701843261719,4935300,0.0,0.0
2023-02-08 00:00:00-05:00,115.56820201471811,115.78158972090442,111.99882716590278,112.46439361572266,6460500,0.0,0.0
2023-02-09 00:00:00-05:00,114.8019669803412,115.96589068191443,111.6205686226644,112.59050750732422,5512200,0.0,0.0
2023-02-10 00:00:00-05:00,111.34895148024943,111.51383926215208,109.57396211023166,111.3198471069336,4374400,0.0,0.0
2023-02-13 00:00:00-05:00,111.70784497745352,113.21125301229908,111.10648768355165,113.02696228027344,4198200,0.0,0.0
2023-02-14 00:00:00-05:00,111.41687350115251,115.43241957290563,110.4275317733027,114.87955474853516,4870700,0.0,0.0
2023-02-15 00:00:00-05:00,113.48284028067435,115.98528417569509,112.50320001478562,115.86888885498047,4980000,0.0,0.0
2023-02-16 00:00:00-05:00,113.36644082682535,114.53037179139932,111.67874943824549,111.92123413085938,9117600,0.0,0.0
2023-02-17 00:00:00-05:00,113.2694331582603,113.87079777888026,109.97164030332667,111.96971893310547,9287100,0.0,0.0
2023-02-21 00:00:00-05:00,110.22383999917297,111.37806949059038,107.59530684984924,107.93478393554688,7583900,0.0,0.0
2023-02-22 00:00:00-05:00,108.03201957501975,109.25699930740285,106.43759515289679,107.34175109863281,5089200,0.26,0.0
2023-02-23 00:00:00-05:00,109.41254211151791,110.79307888239127,106.855631831601,109.77226257324219,7136100,0.0,0.0
2023-02-24 00:00:00-05:00,107.92506956523924,108.98477525237486,107.3125723172837,108.21672821044922,5808400,0.0,0.0
2023-02-27 00:00:00-05:00,110.35557425933126,110.7250114395683,108.39170563719706,108.9555892944336,5362700,0.0,0.0
2023-02-28 00:00:00-05:00,112.91250177244474,114.7888679169619,111.65834961619875,112.92222595214844,13010900,0.0,0.0
2023-03-01 00:00:00-05:00,114.42914840508816,116.00413174843357,113.6902739236553,114.00138092041016,6756800,0.0,0.0
2023-03-02 00:00:00-05:00,112.2416789638732,115.78052395063207,110.76392253470924,115.15830993652344,6502200,0.0,0.0
2023-03-03 00:00:00-05:00,115.44996576841491,115.8291271678643,113.69998437297507,115.65412902832031,7232400,0.0,0.0
2023-03-06 00:00:00-05:00,116.51939688593008,118.12354528062353,114.9346968499514,115.24580383300781,5775700,0.0,0.0
2023-03-07 00:00:00-05:00,115.04163958042632,115.42080098096935,112.4458400175162,113.1361083984375,5225900,0.0,0.0
2023-03-08 00:00:00-05:00,113.37916697860425,115.79024435020993,113.37916697860425,115.35275268554688,4474900,0.0,0.0
2023-03-09 00:00:00-05:00,115.39163927305097,117.5985533214104,113.60276851994126,113.78749084472656,5701400,0.0,0.0
2023-03-10 00:00:00-05:00,115.05137148346212,115.32359661732238,110.75420343353606,111.21114349365234,7009600,0.0,0.0
2023-03-13 00:00:00-04:00,110.6278077433681,114.05970881682252,108.80977186443333,112.62083435058594,8221300,0.0,0.0
2023-03-14 00:00:00-04:00,115.47913528923326,117.87077167588662,114.60414455817087,116.99578094482422,8322400,0.0,0.0
2023-03-15 00:00:00-04:00,115.2263589956831,115.52774922596836,112.48472630578257,115.1874771118164,9517700,0.0,0.0
2023-03-16 00:00:00-04:00,114.92498845000543,119.99992783452929,113.65139522221648,119.4166030883789,6787700,0.0,0.0
2023-03-17 00:00:00-04:00,120.21380165817958,120.93323518284515,118.24021599211173,119.19297790527344,13761500,0.0,0.0
2023-03-20 00:00:00-04:00,119.58187972066476,121.29297210898041,119.027720086947,120.59297943115234,4974700,0.0,0.0
2023-03-21 00:00:00-04:00,120.43741065326536,122.12906193487173,115.11942648283073,117.05412292480469,10090100,0.0,0.0
2023-03-22 00:00:00-04:00,116.9277202106653,120.30129086993108,115.39163369613357,115.5569076538086,8342500,0.0,0.0
2023-03-23 00:00:00-04:00,117.89994130859768,121.51656485712225,116.8305114485463,119.36798095703125,6182200,0.0,0.0
2023-03-24 00:00:00-04:00,118.25966208690247,118.72632630160466,114.76943061746452,116.20829772949219,6354500,0.0,0.0
2023-03-27 00:00:00-04:00,117.39438773227789,117.61799935350844,115.03191652718175,115.56663513183594,4628200,0.0,0.0
2023-03-28 00:00:00-04:00,115.5860926257496,115.75136661181064,112.36807860974538,113.16529083251953,5523800,0.0,0.0
2023-03-29 00:00:00-04:00,115.42082170987094,117.64718445135337,114.09861495145887,116.51941680908203,7865300,0.0,0.0
2023-03-30 00:00:00-04:00,118.60964716346598,119.95129460046972,117.9679848561759,118.71659088134766,6213800,0.0,0.0
2023-03-31 00:00:00-04:00,118.14300244321338,120.08742320863239,117.63745630785013,119.4166030883789,5016500,0.0,0.0
2023-04-03 00:00:00-04:00,118.24994122824664,119.03743664908944,117.24856576275802,118.92076873779297,5146800,0.0,0.0
2023-04-04 00:00:00-04:00,119.52353892939183,119.55270405216652,116.07218933178252,116.78190612792969,4772200,0.0,0.0
2023-04-05 00:00:00-04:00,116.26662944971898,116.36385641632334,112.4361258050187,114.0597152709961,6691700,0.0,0.0
2023-04-06 00:00:00-04:00,111.00696907583854,112.08612307039212,108.7611657226531,111.26946258544922,6275000,0.0,0.0
2023-04-10 00:00:00-04:00,109.34449072985994,113.4666602157462,109.32504237064485,113.26249694824219,4096500,0.0,0.0
2023-04-11 00:00:00-04:00,114.06943245150381,114.55553758519227,112.85416961728266,113.14582824707031,3373000,0.0,0.0
2023-04-12 00:00:00-04:00,114.45832054666408,114.5263749701747,109.73337795042451,110.01531982421875,5838900,0.0,0.0
2023-04-13 00:00:00-04:00,110.37501877389975,110.74446338347947,108.42087426665545,110.31668853759766,5299500,0.0,0.0
2023-04-14 00:00:00-04:00,110.20976622636731,111.85280409674965,108.27506970046606,109.7625503540039,5211600,0.0,0.0
2023-04-17 00:00:00-04:00,106.18481509514106,108.85839354458248,105.97092763240555,108.68339538574219,6952200,0.0,0.0
2023-04-18 00:00:00-04:00,109.37365545373505,110.43336108845757,107.45840003367621,108.1778335571289,5055000,0.0,0.0
2023-04-19 00:00:00-04:00,106.7973006673863,107.53618257706592,106.08759129749257,107.273681640625,6796800,0.0,0.0
2023-04-20 00:00:00-04:00,108.15840352901017,113.097233982685,108.15840352901017,111.21114349365234,8699500,0.0,0.0
2023-04-21 00:00:00-04:00,110.31670049792231,110.92919029762403,109.09171348114313,110.30697631835938,4516800,0.0,0.0
2023-04-24 00:00:00-04:00,110.33613666784733,110.77363572074962,109.41253991845704,110.45280456542969,3218100,0.0,0.0
2023-04-25 00:00:00-04:00,109.37365540630302,110.50142288016613,107.35145626395409,107.53617858886719,6282600,0.0,0.0
2023-04-26 00:00:00-04:00,108.07090683198226,108.40145479298343,106.76814109671696,107.24452209472656,6245800,0.0,0.0
2023-04-27 00:00:00-04:00,108.20702449655832,109.0625670100048,106.11677057562869,108.57646179199219,9447000,0.0,0.0
2023-04-28 00:00:00-04:00,108.59589730836366,110.11255055656194,108.03202092086369,109.8889389038086,8064400,0.0,0.0
2023-05-01 00:00:00-04:00,110.15144443959754,111.25976373392864,108.9847874757806,109.81116485595703,4171600,0.0,0.0
2023-05-02 00:00:00-04:00,109.78196517236324,110.2389051163845,108.10976257610442,109.0430908203125,4850200,0.0,0.0
2023-05-03 00:00:00-04:00,108.82923346003304,112.06668842241544,108.78061997356905,110.14171600341797,5624100,0.0,0.0
2023-05-04 00:00:00-04:00,109.9083671548358,110.25836342365828,108.61532579598473,109.32503509521484,3579600,0.0,0.0
2023-05-05 00:00:00-04:00,110.54031501170554,113.37917490130981,109.83060560233677,112.83473205566406,4874200,0.0,0.0
2023-05-08 00:00:00-04:00,113.62222634643852,114.32221156828403,111.7361358926882,112.5333480834961,3247600,0.0,0.0
2023-05-09 00:00:00-04:00,110.90975794246143,111.2305891364953,109.72366013473105,110.67642211914062,3173700,0.0,0.0
2023-05-10 00:00:00-04:00,112.30973324757747,113.00972586690682,110.96808567211363,112.20279693603516,4101000,0.0,0.0
2023-05-11 00:00:00-04:00,112.09586163165596,112.62084871823214,110.7444897745349,112.25141143798828,3630400,0.0,0.0
2023-05-12 00:00:00-04:00,113.46666466548123,113.81666097132101,111.79446174144141,112.8638916015625,3838700,0.0,0.0
2023-05-15 00:00:00-04:00,113.44722456274489,117.8902254264284,112.79583801143542,117.74439239501953,5859200,0.0,0.0
2023-05-16 00:00:00-04:00,117.47217412663058,119.6499231550874,117.09301269721905,117.5596694946289,5080700,0.0,0.0
2023-05-17 00:00:00-04:00,118.8526954463378,122.79014967347327,118.49297500663373,122.20681762695312,7349600,0.0,0.0
2023-05-18 00:00:00-04:00,122.31377768435775,128.39009216939064,122.26517161890314,126.30956268310547,10891200,0.0,0.0
2023-05-19 00:00:00-04:00,124.73458610872254,124.75403446871061,121.76934168750553,123.4220962524414,10257200,0.0,0.0
2023-05-22 00:00:00-04:00,123.69432936536217,124.01515315214066,122.15823519156834,123.0332260131836,4709100,0.0,0.0
2023-05-23 00:00:00-04:00,122.39156785853281,123.20822845954852,120.73881312933396,121.03047180175781,4604500,0.0,0.0
2023-05-24 00:00:00-04:00,118.83735159445952,119.51965713382701,117.14134814124542,118.65216064453125,6315600,0.32,0.0
2023-05-25 00:00:00-04:00,123.95463768936716,127.42462443077045,122.94093210993057,127.17120361328125,9575700,0.0,0.0
2023-05-26 00:00:00-04:00,127.46360197971251,133.23391830359125,126.70332477010248,132.61984252929688,9083800,0.0,0.0
2023-05-30 00:00:00-04:00,134.51076438965072,135.29053991143329,132.0642333771266,133.11692810058594,7753800,0.0,0.0
2023-05-31 00:00:00-04:00,130.22201360972213,132.31764625686344,128.81842072831503,129.92959594726562,11368600,0.0,0.0
2023-06-01 00:00:00-04:00,130.34873565969107,132.74654299620104,128.36032203449787,131.42092895507812,5007000,0.0,0.0
2023-06-02 00:00:00-04:00,131.7230823309237,131.90828069813892,129.03287228727396,131.22598266601562,5327400,0.0,0.0
2023-06-05 00:00:00-04:00,131.41119114830408,131.7328342737201,129.67618334309714,130.34873962402344,3798300,0.0,0.0
2023-06-06 00:00:00-04:00,128.07764982510898,131.9277891231032,127.44409050601215,130.55343627929688,5468900,0.0,0.0
2023-06-07 00:00:00-04:00,131.84979484969008,133.5750309032706,130.20252296267165,131.5963592529297,4835700,0.0,0.0
2023-06-08 00:00:00-04:00,132.41511458180133,133.30209443664177,130.7580862338381,132.75625610351562,4507000,0.0,0.0
2023-06-09 00:00:00-04:00,134.30608786264193,134.4912862502827,132.38591135795502,132.67831420898438,3675200,0.0,0.0
2023-06-12 00:00:00-04:00,134.2573462488867,136.6843788299869,133.37035138988304,136.46994018554688,5931900,0.0,0.0
2023-06-13 00:00:00-04:00,137.9222645425823,138.9262204727358,135.8851124025994,138.20492553710938,6859500,0.0,0.0
2023-06-14 00:00:00-04:00,134.9104363421574,137.78584538027113,134.73497973963308,137.60064697265625,6474600,0.0,0.0
2023-06-15 00:00:00-04:00,135.18330375714967,137.85401487997646,134.44251041086437,136.56739807128906,5524400,0.0,0.0
2023-06-16 00:00:00-04:00,137.32773194319515,137.38621252151515,134.63752122957865,135.4172821044922,8847400,0.0,0.0
2023-06-20 00:00:00-04:00,135.59273324655692,136.77214606274612,133.79925950977596,135.0176544189453,3840000,0.0,0.0
2023-06-21 00:00:00-04:00,135.02738862159518,135.64146438059777,132.43464083134407,133.21441650390625,4715300,0.0,0.0
2023-06-22 00:00:00-04:00,131.58663234720532,136.07033095415505,131.58663234720532,135.4075164794922,3763600,0.0,0.0
2023-06-23 00:00:00-04:00,133.09748296446898,133.33140530366703,131.43071193274812,132.62962341308594,6956900,0.0,0.0
2023-06-26 00:00:00-04:00,133.01946859589805,137.30821223699326,133.01946859589805,136.26527404785156,7256100,0.0,0.0
2023-06-27 00:00:00-04:00,136.60642899594174,142.98107938361565,136.42124546613363,142.84461975097656,7343900,0.0,0.0
2023-06-28 00:00:00-04:00,139.1894246068411,142.23053326130017,138.45838772852048,140.38832092285156,6645200,0.0,0.0
2023-06-29 00:00:00-04:00,141.03167367575043,141.57751230737802,139.8815009536889,140.5832977294922,3916500,0.0,0.0
2023-06-30 00:00:00-04:00,141.62621531415851,141.86989427551356,139.8132432467575,140.8854217529297,6142600,0.0,0.0
2023-07-03 00:00:00-04:00,140.3785506722204,142.2207626373603,139.75473325738415,141.79188537597656,2533600,0.0,0.0
2023-07-05 00:00:00-04:00,140.60274509122505,141.2558028503918,138.56559276999087,138.66305541992188,5198400,0.0,0.0
2023-07-06 00:00:00-04:00,137.10353142359855,137.75658924115987,135.25156243352998,136.8306121826172,5793500,0.0,0.0
2023-07-07 00:00:00-04:00,136.0898310750187,138.52662085861658,135.88514906206782,136.04110717773438,3459400,0.0,0.0
2023-07-10 00:00:00-04:00,136.2457805647484,138.29268980257135,136.1678015118521,137.0060577392578,6364400,0.0,0.0
2023-07-11 00:00:00-04:00,136.63564438332028,136.8890799927392,130.62165009236892,134.08189392089844,7706100,0.0,0.0
2023-07-12 00:00:00-04:00,135.6901968433723,136.16779807997256,134.36458272351229,135.37828063964844,5590100,0.0,0.0
2023-07-13 00:00:00-04:00,136.5771679414782,140.02767007109722,136.4797052889752,139.04319763183594,5410800,0.0,0.0
2023-07-14 00:00:00-04:00,140.91465187511758,141.71391099240634,138.78002217322975,139.13092041015625,6058800,0.0,0.0
2023-07-17 00:00:00-04:00,139.36489369291525,142.7958982801929,138.24397620851096,141.82118225097656,6306700,0.0,0.0
2023-07-18 00:00:00-04:00,140.16414596986627,141.48000347892437,138.32193355879772,140.85618591308594,6492700,0.0,0.0
2023-07-19 00:00:00-04:00,140.4078147309889,140.99263529039138,137.61037025609122,138.19520568847656,5379400,0.0,0.0
2023-07-20 00:00:00-04:00,134.33536480590908,134.6960049626525,130.14408307664957,130.6509246826172,9883200,0.0,0.0
2023-07-21 00:00:00-04:00,131.80109049962468,133.82850143809057,131.771850211285,132.9512481689453,15686100,0.0,0.0
2023-07-24 00:00:00-04:00,134.1208919052179,135.563467037403,133.38985509949828,134.8519287109375,5276000,0.0,0.0
2023-07-25 00:00:00-04:00,135.1833210258173,137.8247922090327,134.99812266558826,136.5186767578125,5038500,0.0,0.0
2023-07-26 00:00:00-04:00,134.15013530749957,136.742867935284,133.350861242293,135.50498962402344,4050400,0.0,0.0
2023-07-27 00:00:00-04:00,140.58326592333648,146.62650134951753,140.563782314463,142.44497680664062,8928900,0.0,0.0
2023-07-28 00:00:00-04:00,145.79798884175284,149.4044342700904,144.94023419197086,148.08856201171875,7802000,0.0,0.0
2023-07-31 00:00:00-04:00,148.0885714492194,148.81960833424003,146.714233408848,147.75717163085938,4184400,0.0,0.0
2023-08-01 00:00:00-04:00,147.10411858601958,148.9950697698271,146.48030101875173,148.77088928222656,3088100,0.0,0.0
2023-08-02 00:00:00-04:00,146.81166634057467,146.81166634057467,143.16623933084153,143.6048583984375,5468300,0.0,0.0
2023-08-03 00:00:00-04:00,142.31827739549914,144.9402658076191,141.68471794651967,144.07276916503906,4338600,0.0,0.0
2023-08-04 00:00:00-04:00,143.79006840722454,145.30088076072764,141.4020178474199,141.9770965576172,3984500,0.0,0.0
2023-08-07 00:00:00-04:00,143.3319535668866,146.87991829094682,143.3124550875122,146.5777587890625,3896100,0.0,0.0
2023-08-08 00:00:00-04:00,144.4041445580808,144.56010266071294,142.21103393613433,144.26768493652344,3443700,0.0,0.0
2023-08-09 00:00:00-04:00,144.2384057470089,145.14489896019614,141.13881737638638,141.48971557617188,4796600,0.0,0.0
2023-08-10 00:00:00-04:00,143.05904885408452,144.23844669864482,139.48184348471696,140.9536590576172,4018300,0.0,0.0
2023-08-11 00:00:00-04:00,138.6240796048238,138.86775855014616,135.02737599218855,135.31979370117188,5193200,0.0,0.0
2023-08-14 00:00:00-04:00,134.70572538927593,138.35116796555343,134.18912718669165,138.30242919921875,4850400,0.0,0.0
2023-08-15 00:00:00-04:00,137.6981223335597,138.26345935253664,136.20680816416606,136.5382080078125,3384900,0.0,0.0
2023-08-16 00:00:00-04:00,136.9768373590387,137.68837586976588,134.67650701975614,134.75448608398438,4613000,0.0,0.0
2023-08-17 00:00:00-04:00,135.6706962681101,136.25551683158997,133.11694559972062,134.11114501953125,7065700,0.0,0.0
2023-08-18 00:00:00-04:00,133.85769674396659,140.01789167616573,132.1032056682523,139.0529327392578,11541800,0.0,0.0
2023-08-21 00:00:00-04:00,139.6572737199518,145.44708774789916,139.54031258742188,145.0084686279297,8121900,0.0,0.0
2023-08-22 00:00:00-04:00,146.94816740761678,147.32830602321172,143.22476031037738,144.11175537109375,4865900,0.0,0.0
2023-08-23 00:00:00-04:00,143.60379460458392,145.12766215494656,142.66604601000938,144.57086181640625,5300400,0.32,0.0
2023-08-24 00:00:00-04:00,146.0751872723102,146.4756912472593,138.53407154570692,139.2178497314453,6771000,0.0,0.0
2023-08-25 00:00:00-04:00,140.2630343825198,141.60130179230384,137.6939812836395,141.01519775390625,4720600,0.0,0.0
2023-08-28 00:00:00-04:00,141.94316150968857,143.77960663530666,140.70258326598426,142.0506134033203,3565800,0.0,0.0
2023-08-29 00:00:00-04:00,140.5267496448753,147.03244033922007,140.5267496448753,146.50494384765625,5017200,0.0,0.0
2023-08-30 00:00:00-04:00,145.73328379381113,148.05814418218597,144.74667586164654,147.45249938964844,4000000,0.0,0.0
2023-08-31 00:00:00-04:00,145.948193792515,149.8359735495512,145.948193792515,149.22056579589844,6593800,0.0,0.0
2023-09-01 00:00:00-04:00,150.92023604302426,150.95930268498736,148.96657602952234,150.42205810546875,3693100,0.0,0.0
2023-09-05 00:00:00-04:00,150.40254753077224,151.2328591653237,148.79078365810878,150.05088806152344,4266700,0.0,0.0
2023-09-06 00:00:00-04:00,149.69921411953058,151.66263727162135,148.03860591621927,149.63082885742188,3109600,0.0,0.0
2023-09-07 00:00:00-04:00,145.76256874136038,146.02631700568884,141.767337757064,144.79550170898438,6720300,0.0,0.0
2023-09-08 00:00:00-04:00,144.2973402118316,145.05926647970952,142.79301354584607,144.1117401123047,4473300,0.0,0.0
2023-09-11 00:00:00-04:00,146.5245095913201,146.5245095913201,140.7025958519177,143.3107452392578,4145000,0.0,0.0
2023-09-12 00:00:00-04:00,142.6465146782258,143.04701864243935,140.39003927315085,140.63424682617188,4470600,0.0,0.0
2023-09-13 00:00:00-04:00,140.86868015922047,143.7014815852554,140.46817622708772,141.2301025390625,4625200,0.0,0.0
2023-09-14 00:00:00-04:00,143.01766984284973,143.31072179514098,140.60489878719696,141.22030639648438,5629800,0.0,0.0
2023-09-15 00:00:00-04:00,137.58654808540697,137.94797051193405,133.542471405149,135.04678344726562,13654600,0.0,0.0
2023-09-18 00:00:00-04:00,134.6853352181246,137.7134995009006,134.3336757956787,137.01995849609375,5607700,0.0,0.0
2023-09-19 00:00:00-04:00,136.47291645721683,136.80503505708015,133.50334511484303,134.51925659179688,6365400,0.0,0.0
2023-09-20 00:00:00-04:00,135.5449365210418,136.4240925360983,133.71826904130683,133.79641723632812,5806900,0.0,0.0
2023-09-21 00:00:00-04:00,131.89158839669977,134.32388551351278,131.8134402094789,132.05764770507812,5241000,0.0,0.0
2023-09-22 00:00:00-04:00,133.81597680459961,135.10538494042606,132.60470196952343,133.0149688720703,5301100,0.0,0.0
2023-09-25 00:00:00-04:00,132.74142342118526,133.8647719194607,131.59853415013114,133.42520141601562,5161300,0.0,0.0
2023-09-26 00:00:00-04:00,132.46790674737477,132.87817352731363,130.4458616477742,130.97335815429688,5343000,0.0,0.0
2023-09-27 00:00:00-04:00,132.08697572449924,132.9172873244636,130.01610055032324,131.93067932128906,6296200,0.0,0.0
2023-09-28 00:00:00-04:00,131.5594394577175,136.56081851706088,131.1687134726436,135.01742553710938,5341600,0.0,0.0
2023-09-29 00:00:00-04:00,136.9711199421709,138.28006871924586,134.87094115664385,135.24212646484375,4448200,0.0,0.0
2023-10-02 00:00:00-04:00,135.6426237911669,138.133543444743,134.0796897208169,136.27755737304688,4896900,0.0,0.0
2023-10-03 00:00:00-04:00,135.46677879230836,136.76596449577224,132.29208125605814,133.5522003173828,6173000,0.0,0.0
2023-10-04 00:00:00-04:00,134.38255174101715,136.37527899790382,133.79644759797824,136.0724639892578,5543600,0.0,0.0
2023-10-05 00:00:00-04:00,136.21893100387294,136.90270897506153,134.5876268064509,136.05287170410156,4310400,0.0,0.0
2023-10-06 00:00:00-04:00,134.851399836296,137.88934207842985,132.01858357058336,137.03948974609375,5234400,0.0,0.0
2023-10-09 00:00:00-04:00,136.23848794182368,137.66465146449454,134.5681020019901,136.90272521972656,3271500,0.0,0.0
2023-10-10 00:00:00-04:00,137.77211984144856,139.42296520427698,137.09811954835618,138.123779296875,3342900,0.0,0.0
2023-10-11 00:00:00-04:00,139.51085132898066,139.62806614550246,137.5474137207937,138.8856658935547,5136900,0.0,0.0
2023-10-12 00:00:00-04:00,139.68669033708244,144.96156638771424,139.46202361000832,141.64035034179688,8109900,0.0,0.0
2023-10-13 00:00:00-04:00,143.6428819947653,143.69172648516968,137.45954512176436,137.86981201171875,6600500,0.0,0.0
2023-10-16 00:00:00-04:00,138.47540233164187,139.35455819160234,136.50221665011858,137.73301696777344,6097400,0.0,0.0
2023-10-17 00:00:00-04:00,135.90639115018325,139.48157837141386,133.64013792075124,139.4132080078125,5915900,0.0,0.0
2023-10-18 00:00:00-04:00,136.65848768201667,139.1787104399222,134.90020590671358,138.17257690429688,5357900,0.0,0.0
2023-10-19 00:00:00-04:00,139.5304064747686,139.73554735197084,130.6705653094225,131.3152618408203,9400300,0.0,0.0
2023-10-20 00:00:00-04:00,131.40319216375897,132.99541512679627,130.27006564516262,131.012451171875,6149500,0.0,0.0
2023-10-23 00:00:00-04:00,130.11376972766865,132.663296951279,128.84388758354663,131.11990356445312,3820100,0.0,0.0
2023-10-24 00:00:00-04:00,132.1943823451075,132.4092860995782,130.41654490453,131.7743377685547,5238800,0.0,0.0
2023-10-25 00:00:00-04:00,129.98679114337907,130.1723763456599,126.743707992446,127.09536743164062,7118100,0.0,0.0
2023-10-26 00:00:00-04:00,128.07222003169068,131.29576297259894,127.48611589507195,127.8084716796875,5462700,0.0,0.0
2023-10-27 00:00:00-04:00,128.22850878544662,130.02587283587116,127.53495276210805,128.2578125,4397300,0.0,0.0
2023-10-30 00:00:00-04:00,128.90248578140904,129.87931572399089,126.81207030049353,127.99402618408203,4604600,0.0,0.0
2023-10-31 00:00:00-04:00,128.74617262741538,129.47879498883248,126.21618698324589,129.28343200683594,4108100,0.0,0.0
2023-11-01 00:00:00-04:00,129.94768886207305,132.68281574113385,129.7034813711791,132.1553192138672,5127800,0.0,0.0
2023-11-02 00:00:00-04:00,134.61694218436605,136.5412985092239,133.50335656180434,135.30072021484375,6088400,0.0,0.0
2023-11-03 00:00:00-04:00,136.2580077419997,138.48517871545278,135.84774097375745,136.51197814941406,5560300,0.0,0.0
2023-11-06 00:00:00-05:00,137.14691575985913,137.52787883509933,135.98450066737672,137.10784912109375,4823200,0.0,0.0
2023-11-07 00:00:00-05:00,136.75619730838588,138.6317090828432,136.4533823991847,138.4558868408203,4886800,0.0,0.0
2023-11-08 00:00:00-05:00,139.07132442397267,141.1812814398658,138.3289387651573,140.8882293701172,4305900,0.0,0.0
2023-11-09 00:00:00-05:00,141.54266445285074,143.7991543276963,139.5792414713674,139.85275268554688,4979900,0.0,0.0
2023-11-10 00:00:00-05:00,141.82596355087472,147.49158106986013,141.3180077291775,147.18875122070312,6699400,0.0,0.0
2023-11-13 00:00:00-05:00,145.54767872087862,146.76871629404033,144.13127811705976,146.27053833007812,4125200,0.0,0.0
2023-11-14 00:00:00-05:00,149.4842895368265,151.32073465526568,148.61491145729272,150.5099639892578,6505000,0.0,0.0
2023-11-15 00:00:00-05:00,151.37935450729995,153.13765158376577,150.4904355818028,151.77008056640625,4383300,0.0,0.0
2023-11-16 00:00:00-05:00,151.7993944298739,154.1047141053955,147.69671091384254,151.2230682373047,10513800,0.0,0.0
2023-11-17 00:00:00-05:00,138.74893132356056,145.59651939397727,138.65125726341046,145.1471710205078,18912700,0.0,0.0
2023-11-20 00:00:00-05:00,145.4304677479392,149.45500292634296,145.36208248750796,149.03497314453125,7087400,0.0,0.0
2023-11-21 00:00:00-05:00,148.05812275694242,148.29255240571558,144.7368919819818,145.7918701171875,6517900,0.0,0.0
2023-11-22 00:00:00-05:00,147.8476499885595,150.54948872996962,145.88000801857004,146.33030700683594,5071300,0.32,0.0
2023-11-24 00:00:00-05:00,146.18345212102247,147.4854293299347,146.18345212102247,147.1721649169922,1992000,0.0,0.0
2023-11-27 00:00:00-05:00,146.34985360425534,148.56222728466912,145.63523977243545,147.6322479248047,3429700,0.0,0.0
2023-11-28 00:00:00-05:00,146.21284206314263,146.82957213848576,143.42288832325596,144.9402313232422,5799600,0.0,0.0
2023-11-29 00:00:00-05:00,147.07427650309066,149.59991474061243,145.71356599258962,146.2128143310547,4975600,0.0,0.0
2023-11-30 00:00:00-05:00,147.2406923596387,147.30920961196654,143.9416919677987,146.62396240234375,7555600,0.0,0.0
2023-12-01 00:00:00-05:00,146.40860377664526,148.77760992027342,145.4982070702646,148.3958282470703,4929400,0.0,0.0
2023-12-04 00:00:00-05:00,146.87847575289837,147.48542178761826,142.59077761522101,145.14578247070312,5859600,0.0,0.0
2023-12-05 00:00:00-05:00,143.44244758340696,144.36264312051864,142.16005314064168,143.07044982910156,5206300,0.0,0.0
2023-12-06 00:00:00-05:00,145.54714927825634,145.58631480117137,141.64123232325798,141.65101623535156,4491100,0.0,0.0
2023-12-07 00:00:00-05:00,143.8634289443001,145.41012379723819,141.5237889629339,145.26329040527344,5753600,0.0,0.0
2023-12-08 00:00:00-05:00,144.3136944456557,145.67440499842266,142.91383330988413,144.6073760986328,4990200,0.0,0.0
2023-12-11 00:00:00-05:00,146.06597668822585,152.38006462796932,145.99744450052245,151.8710174560547,6945800,0.0,0.0
2023-12-12 00:00:00-05:00,151.87103728743645,154.84697473444044,151.38157281056095,153.90721130371094,5705200,0.0,0.0
2023-12-13 00:00:00-05:00,153.72121845838458,155.0427785728335,151.37179485188767,153.68206787109375,5561700,0.0,0.0
2023-12-14 00:00:00-05:00,154.44560629089148,159.6241332492896,154.3868729508265,158.3319549560547,7401200,0.0,0.0
2023-12-15 00:00:00-05:00,158.79205241848837,160.74991008257925,158.08722246443418,158.5375213623047,8577200,0.0,0.0
2023-12-18 00:00:00-05:00,157.49986442845326,157.95017827856896,154.40644563136385,156.9810333251953,4772300,0.0,0.0
2023-12-19 00:00:00-05:00,157.19640505914847,159.30109622599772,156.64820726335162,158.90953063964844,4958200,0.0,0.0
2023-12-20 00:00:00-05:00,157.4215583181294,158.58648613090605,153.52542537216374,153.613525390625,5488700,0.0,0.0
2023-12-21 00:00:00-05:00,157.60756765598092,158.41029659902568,156.21749028030752,157.98934936523438,4257300,0.0,0.0
2023-12-22 00:00:00-05:00,158.1949067617073,159.56540116490328,157.45091128231346,158.6354217529297,2770600,0.0,0.0
2023-12-26 00:00:00-05:00,158.88013051370336,161.49386834227323,158.6843477617528,160.8184051513672,2520500,0.0,0.0
2023-12-27 00:00:00-05:00,161.07294181375806,161.5134717335118,160.08422908086706,160.74990844726562,3319600,0.0,0.0
2023-12-28 00:00:00-05:00,161.52326768960674,161.53305160114058,159.4185765400742,159.68287658691406,2909700,0.0,0.0
2023-12-29 00:00:00-05:00,159.67309352197734,160.1136085396489,157.31387128736057,158.65501403808594,2980700,0.0,0.0
2024-01-02 00:00:00-05:00,156.6286388017071,156.7363215883741,150.1970681510219,151.1172637939453,8607300,0.0,0.0
2024-01-03 00:00:00-05:00,148.51328958379864,149.94251721653376,147.55392863879283,148.25875854492188,6100100,0.0,0.0
2024-01-04 00:00:00-05:00,146.64354464943648,148.7971851309838,145.61566636995948,146.1638641357422,6196100,0.0,0.0
2024-01-05 00:00:00-05:00,146.91764227983592,148.32730220112754,144.93041792718049,145.8603973388672,5400100,0.0,0.0
2024-01-08 00:00:00-05:00,146.67291233907844,149.57053338899763,146.56522956738942,148.366455078125,6515500,0.0,0.0
2024-01-09 00:00:00-05:00,146.7120798022404,148.49373769568768,145.7918841814288,147.84764099121094,5606700,0.0,0.0
2024-01-10 00:00:00-05:00,148.57204278052134,148.69929337970274,145.11642497140957,146.65333557128906,5035700,0.0,0.0
2024-01-11 00:00:00-05:00,147.08406907577125,149.22792578371073,145.35136071853296,148.7482452392578,5995600,0.0,0.0
2024-01-12 00:00:00-05:00,148.99301376341697,149.18879660612112,147.20157162499083,148.0630340576172,4083700,0.0,0.0
2024-01-16 00:00:00-05:00,148.1119391994414,150.98999243185813,146.682696494396,150.5200958251953,6528000,0.0,0.0
2024-01-17 00:00:00-05:00,149.88380478574348,150.51031868554537,147.03511809592112,150.13832092285156,6630600,0.0,0.0
2024-01-18 00:00:00-05:00,155.31689311393663,157.35306741504604,153.47650164351086,156.96148681640625,8133700,0.0,0.0
2024-01-19 00:00:00-05:00,159.1444927831618,164.7341689409682,158.88017777390928,164.40133666992188,9159000,0.0,0.0
2024-01-22 00:00:00-05:00,164.63625677687466,168.2876723629696,164.10764173831336,164.7537384033203,7176400,0.0,0.0
2024-01-23 00:00:00-05:00,164.22513687185258,164.460085228168,161.23941513151618,163.5301055908203,5053600,0.0,0.0
2024-01-24 00:00:00-05:00,167.77861821834694,172.25233031844428,167.07378823786215,170.47067260742188,9729000,0.0,0.0
2024-01-25 00:00:00-05:00,173.43682309606777,174.64090140284006,168.7966949553633,168.99249267578125,7234400,0.0,0.0
2024-01-26 00:00:00-05:00,165.50751330677517,165.99697774794416,163.1091255952316,163.3832244873047,6653700,0.0,0.0
2024-01-29 00:00:00-05:00,162.80565778770293,164.95929831170884,162.58050833030387,164.929931640625,5370700,0.0,0.0
2024-01-30 00:00:00-05:00,163.8041656987001,165.60539119155072,162.3259885177089,162.7371368408203,5255300,0.0,0.0
2024-01-31 00:00:00-05:00,160.54436151534725,163.10915080353135,157.56842382551105,160.83804321289062,6049400,0.0,0.0
2024-02-01 00:00:00-05:00,161.973589639813,164.20554643705734,161.35685962519253,163.45176696777344,4082600,0.0,0.0
2024-02-02 00:00:00-05:00,162.42385686493589,165.61515922150681,161.97355800353748,164.63623046875,4740800,0.0,0.0
2024-02-05 00:00:00-05:00,165.04741620811598,168.64986733987678,164.73415179460494,167.4849395751953,5749100,0.0,0.0
2024-02-06 00:00:00-05:00,167.38703415737433,169.07079282063765,163.97056740536271,165.14527893066406,4550100,0.0,0.0
2024-02-07 00:00:00-05:00,166.89761590364333,169.26662236663128,165.27259012693597,167.29896545410156,5103400,0.0,0.0
2024-02-08 00:00:00-05:00,166.40813527149027,171.3125638653025,165.8109880228118,170.2259521484375,7327900,0.0,0.0
2024-02-09 00:00:00-05:00,175.26741415521872,182.22759885332027,174.84648192099203,181.92413330078125,9539900,0.0,0.0
2024-02-12 00:00:00-05:00,181.36617783328427,184.24423144866725,180.74944779076765,181.63047790527344,7085400,0.0,0.0
2024-02-13 00:00:00-05:00,174.83669074123478,178.35104157012645,173.21166533819354,176.51065063476562,9692500,0.0,0.0
2024-02-14 00:00:00-05:00,178.79156891961392,183.04011664711038,178.79156891961392,182.2667694091797,8437900,0.0,0.0
2024-02-15 00:00:00-05:00,185.01754102090288,185.4776387464654,182.4527523750362,183.70578002929688,8622900,0.0,0.0
2024-02-16 00:00:00-05:00,197.76319489397142,202.4131065654881,193.14264989066186,195.3648223876953,15557900,0.0,0.0
2024-02-20 00:00:00-05:00,191.4686901444386,191.73300511631572,182.19823274199626,185.15460205078125,11216100,0.0,0.0
2024-02-21 00:00:00-05:00,184.27207921612845,186.67451661568543,182.28148694541684,186.6352996826172,6977500,0.32,0.0
2024-02-22 00:00:00-05:00,194.43096428258937,197.63749085015536,192.85221719214456,195.85281372070312,10225900,0.0,0.0
2024-02-23 00:00:00-05:00,195.45080681965638,197.43158380130077,192.79340676322124,193.33273315429688,5108100,0.0,0.0
2024-02-26 00:00:00-05:00,195.92148878400224,200.0301549691387,195.26449660813967,199.59869384765625,6466600,0.0,0.0
2024-02-27 00:00:00-05:00,199.77516477377176,200.47138875270414,197.31389457939642,198.92205810546875,5167100,0.0,0.0
2024-02-28 00:00:00-05:00,194.63690804921788,195.31350116777077,192.67573214451045,193.70533752441406,6207900,0.0,0.0
2024-02-29 00:00:00-05:00,196.02934915227328,198.07877446537475,193.43078199485456,197.70614624023438,9449600,0.0,0.0
2024-03-01 00:00:00-05:00,199.81440410435013,207.2766787537532,199.6084740581733,206.16860961914062,7647400,0.0,0.0
2024-03-04 00:00:00-05:00,207.88464067333584,209.2280413462639,204.98209382379366,205.42337036132812,7089800,0.0,0.0
2024-03-05 00:00:00-05:00,203.71713271982784,206.6686968615128,200.8047855099312,203.36412048339844,6100200,0.0,0.0
2024-03-06 00:00:00-05:00,205.87443935544513,209.36533010150654,205.07036500821917,208.0513458251953,5642400,0.0,0.0
2024-03-07 00:00:00-05:00,209.09076308189896,210.1007674670784,207.4041506214356,208.48280334472656,6363100,0.0,0.0
2024-03-08 00:00:00-05:00,208.35529163769243,209.4535601486871,201.4029277239355,201.5696258544922,6940800,0.0,0.0
2024-03-11 00:00:00-04:00,199.33390978144106,199.33390978144106,193.7739781095771,197.4609832763672,6566600,0.0,0.0
2024-03-12 00:00:00-04:00,199.92227958798918,201.03033381662917,195.47040183680198,200.96170043945312,7211300,0.0,0.0
2024-03-13 00:00:00-04:00,199.02993808788392,199.9222767164502,196.05875778624875,196.66671752929688,5050300,0.0,0.0
2024-03-14 00:00:00-04:00,198.0100985729596,198.47097606226978,195.1860157223372,196.85301208496094,4934900,0.0,0.0
2024-03-15 00:00:00-04:00,195.56846559386892,197.37274385346896,193.17582857185872,194.79379272460938,9936400,0.0,0.0
2024-03-18 00:00:00-04:00,197.7649447204287,199.22602596145413,195.75475165578615,196.83338928222656,5062300,0.0,0.0
2024-03-19 00:00:00-04:00,195.3134908745747,197.63749437373355,193.4699957958612,197.4315643310547,4624500,0.0,0.0
2024-03-20 00:00:00-04:00,197.0981763120133,201.92266719040916,194.94088583245843,201.07936096191406,4278000,0.0,0.0
2024-03-21 00:00:00-04:00,209.22803463133138,210.73814837057805,206.2764704501985,206.7079315185547,6145200,0.0,0.0
2024-03-22 00:00:00-04:00,204.46238125645192,207.610075054626,204.3839324275552,206.16860961914062,3829200,0.0,0.0
2024-03-25 00:00:00-04:00,203.59947084168735,207.20802713832293,203.32490742618612,204.41336059570312,3137600,0.0,0.0
2024-03-26 00:00:00-04:00,205.71749474709526,207.1099425006081,202.56001599975426,202.65806579589844,3607400,0.0,0.0
2024-03-27 00:00:00-04:00,204.00149720533787,204.44277372407333,199.94186395609108,203.9622802734375,3123900,0.0,0.0
2024-03-28 00:00:00-04:00,203.5308224988188,203.61907181895856,198.77498015275074,202.2266387939453,5750100,0.0,0.0
2024-04-01 00:00:00-04:00,202.91304126646082,207.65909794073895,201.9618847957498,204.63888549804688,3189700,0.0,0.0
2024-04-02 00:00:00-04:00,202.5698710878544,202.5698710878544,199.4515934634255,202.10899353027344,4311400,0.0,0.0
2024-04-03 00:00:00-04:00,199.64770326031928,205.0899541580214,199.54963848487543,203.3543243408203,3375600,0.0,0.0
2024-04-04 00:00:00-04:00,207.502222074587,208.90445569737957,197.75517520501802,199.44178771972656,6242800,0.0,0.0
2024-04-05 00:00:00-04:00,200.92245453335562,205.46258129405274,200.92245453335562,203.81520080566406,3330700,0.0,0.0
2024-04-08 00:00:00-04:00,208.7279546454878,208.86523636196412,204.0897777646262,204.9821014404297,4435500,0.0,0.0
2024-04-09 00:00:00-04:00,207.24727082121643,207.98271178940726,203.599482421983,206.3255157470703,3659200,0.0,0.0
2024-04-10 00:00:00-04:00,204.8350217876168,207.5512546717146,204.07996485628001,205.1880340576172,4645300,0.0,0.0
2024-04-11 00:00:00-04:00,205.39396786427,209.18883861408491,204.3153150855339,208.8456268310547,4291600,0.0,0.0
2024-04-12 00:00:00-04:00,203.96230919081069,205.87445284695738,202.89347183462945,203.8250274658203,5854800,0.0,0.0
2024-04-15 00:00:00-04:00,207.78659069506628,210.29690853735704,200.30471444834467,201.6873321533203,4492500,0.0,0.0
2024-04-16 00:00:00-04:00,202.33451340470558,206.335314024208,201.7559701069623,205.41355895996094,3749200,0.0,0.0
2024-04-17 00:00:00-04:00,202.08937772687506,202.9817163996525,194.25448916750355,196.00973510742188,6350300,0.0,0.0
2024-04-18 00:00:00-04:00,193.63669752167405,194.56825305201352,189.76337823494626,190.5478515625,6219400,0.0,0.0
2024-04-19 00:00:00-04:00,190.48901201164054,190.91067261562344,184.50743442412997,186.086181640625,6495200,0.0,0.0
2024-04-22 00:00:00-04:00,187.83163665740253,188.05716771059807,183.2326764879343,185.78221130371094,7149800,0.0,0.0
2024-04-23 00:00:00-04:00,186.55686705894902,190.7243660602659,186.28230361586913,189.48883056640625,4425900,0.0,0.0
2024-04-24 00:00:00-04:00,194.1466166503904,195.4900173749219,188.97891388335998,192.2540740966797,4609400,0.0,0.0
2024-04-25 00:00:00-04:00,192.46978876170573,194.59766267543966,189.84182041343539,193.66610717773438,4238300,0.0,0.0
2024-04-26 00:00:00-04:00,193.20525181243625,200.03015085369967,193.20525181243625,199.43199157714844,3933500,0.0,0.0
2024-04-29 00:00:00-04:00,199.55946835175124,201.3049138809698,197.86305521747195,201.27549743652344,2789200,0.0,0.0
2024-04-30 00:00:00-04:00,199.7163484848475,201.83442207442226,194.71535885470055,194.79379272460938,3898200,0.0,0.0
2024-05-01 00:00:00-04:00,192.27366818768783,196.7843633380654,188.9494759614794,190.2242431640625,5815500,0.0,0.0
2024-05-02 00:00:00-04:00,192.45018194707896,194.62708835085536,189.52803410229018,194.0681610107422,3523200,0.0,0.0
2024-05-03 00:00:00-04:00,198.0787638833002,201.2852906366773,196.0685556137498,200.12818908691406,3818500,0.0,0.0
2024-05-06 00:00:00-04:00,201.32449775864023,205.119368113523,200.33410937402346,204.8055877685547,3638500,0.0,0.0
2024-05-07 00:00:00-04:00,205.1781979840595,205.40372898999345,203.19740642573976,203.29547119140625,3200900,0.0,0.0
2024-05-08 00:00:00-04:00,201.91286726967914,203.92307554868654,200.77538166288863,203.334716796875,2932300,0.0,0.0
2024-05-09 00:00:00-04:00,203.33471139035635,204.20743403936817,201.72654780242723,202.32470703125,2758200,0.0,0.0
2024-05-10 00:00:00-04:00,204.7467518620036,208.4435723505594,204.47218845324662,205.65869140625,3502900,0.0,0.0
2024-05-13 00:00:00-04:00,204.3545110240519,204.42315935863837,201.4519792382865,202.61888122558594,3526900,0.0,0.0
2024-05-14 00:00:00-04:00,201.8442277956865,206.02154219931282,200.73617354415148,205.74697875976562,3442200,0.0,0.0
2024-05-15 00:00:00-04:00,208.37491252102564,213.38571689826983,206.75694859707195,213.26805114746094,5820900,0.0,0.0
2024-05-16 00:00:00-04:00,213.98387905540068,214.50358941216982,209.76734836243915,209.87521362304688,7977900,0.0,0.0
2024-05-17 00:00:00-04:00,212.199221045931,215.10176788830202,206.1489953424529,207.9630889892578,8031800,0.0,0.0
2024-05-20 00:00:00-04:00,208.03172423194073,217.4453743842286,207.99250729811433,215.68031311035156,5954500,0.0,0.0
2024-05-21 00:00:00-04:00,213.76817234628453,215.98429571894033,211.62068234934273,215.53323364257812,3918200,0.0,0.0
2024-05-22 00:00:00-04:00,216.63349266770018,216.8397831695258,212.41909253775805,214.3052520751953,5047000,0.4,0.0
2024-05-23 00:00:00-04:00,221.03453156077006,221.10330505461235,212.51733607674535,214.10877990722656,5806600,0.0,0.0
2024-05-24 00:00:00-04:00,216.31913709406894,219.18767248451667,214.78663332285785,216.99697875976562,3795700,0.0,0.0
2024-05-28 00:00:00-04:00,218.23474642241976,219.28589557158347,216.00476447152582,217.4193878173828,5509400,0.0,0.0
2024-05-29 00:00:00-04:00,213.75513218266593,216.7611995277847,213.33271781253805,215.1894073486328,4718800,0.0,0.0
2024-05-30 00:00:00-04:00,214.12845325298463,215.81814081971308,211.70198383994548,212.72364807128906,4059200,0.0,0.0
2024-05-31 00:00:00-04:00,212.92991792122342,214.65889363463694,205.33615849425087,211.2893524169922,13548700,0.0,0.0
2024-06-03 00:00:00-04:00,214.4821063262938,214.50175803909994,205.2477649797042,210.43472290039062,3828100,0.0,0.0
2024-06-04 00:00:00-04:00,210.03193758261986,210.57224724112388,205.34600107503334,208.4797821044922,4379600,0.0,0.0
2024-06-05 00:00:00-04:00,215.72969741276847,220.75945591316238,214.34454415719722,219.43324279785156,7887900,0.0,0.0
2024-06-06 00:00:00-04:00,217.76322027876776,219.32519404892415,215.1599306618404,217.84181213378906,3951200,0.0,0.0
2024-06-07 00:00:00-04:00,220.25843047263686,220.5924345648173,216.20121462101116,217.82212829589844,3627200,0.0,0.0
2024-06-10 00:00:00-04:00,215.83778288120496,224.79704493495706,215.75919102232905,224.13885498046875,4796900,0.0,0.0
2024-06-11 00:00:00-04:00,223.26451987509122,226.015174714038,220.68086709913433,225.91693115234375,4768600,0.0,0.0
2024-06-12 00:00:00-04:00,227.3511854758957,234.19834483486122,226.712647310599,233.46156311035156,5573500,0.0,0.0
2024-06-13 00:00:00-04:00,227.39048157322617,234.15904886483622,227.34135979520147,233.3633270263672,3682400,0.0,0.0
2024-06-14 00:00:00-04:00,229.95453339586527,234.06085712210634,229.50263392380938,232.8525390625,3306500,0.0,0.0
2024-06-17 00:00:00-04:00,232.49886471684488,238.99236896146544,232.1059204165711,238.57977294921875,4974600,0.0,0.0
2024-06-18 00:00:00-04:00,238.50117313957057,245.02414723974272,237.82333150281298,243.46217346191406,5256900,0.0,0.0
2024-06-20 00:00:00-04:00,242.64679359752694,243.46216721285285,234.45378400236794,235.76034545898438,7045000,0.0,0.0
2024-06-21 00:00:00-04:00,234.1197640034472,234.276932709714,228.72651647518322,231.26104736328125,15289800,0.0,0.0
2024-06-24 00:00:00-04:00,228.89352572968866,231.26105463630532,225.38643747509107,225.78921508789062,5928700,0.0,0.0
2024-06-25 00:00:00-04:00,226.96808980754227,230.41623833100198,224.5121503987485,230.14117431640625,4594900,0.0,0.0
2024-06-26 00:00:00-04:00,230.85828043823489,232.74443990941478,226.73230565816246,228.07815551757812,4818700,0.0,0.0
2024-06-27 00:00:00-04:00,233.3142322315131,233.6285996553386,227.71469365592955,228.43182373046875,4309600,0.0,0.0
2024-06-28 00:00:00-04:00,231.20213644911664,237.03743575434555,229.7875129848681,231.8308563232422,6387400,0.0,0.0
2024-07-01 00:00:00-04:00,232.6854899715309,234.15905340164954,228.97211132682088,233.22579956054688,4239600,0.0,0.0
2024-07-02 00:00:00-04:00,230.87793515326362,236.75253748796086,230.87793515326362,236.61500549316406,3510600,0.0,0.0
2024-07-03 00:00:00-04:00,237.38125451060415,240.4069733501898,235.62280867009332,239.02182006835938,2768800,0.0,0.0
2024-07-05 00:00:00-04:00,240.37750909748922,240.40697916889138,236.6248267804021,238.31451416015625,4076200,0.0,0.0
2024-07-08 00:00:00-04:00,238.82534763591434,242.8236087829725,238.82534763591434,241.9492950439453,3782100,0.0,0.0
2024-07-09 00:00:00-04:00,243.6291799355086,247.6863964787717,243.11834036106254,247.03802490234375,4889900,0.0,0.0
2024-07-10 00:00:00-04:00,248.54102200672014,251.3800868363724,246.24226674462008,250.47630310058594,4258100,0.0,0.0
2024-07-11 00:00:00-04:00,251.06574215857597,251.06574215857597,236.85076586481014,237.0079345703125,5623800,0.0,0.0
2024-07-12 00:00:00-04:00,237.3517685108994,244.38558138061953,236.30061942732934,239.11021423339844,5396300,0.0,0.0
2024-07-15 00:00:00-04:00,240.21052051841122,244.4249058540756,239.31655499604284,241.2223663330078,3674300,0.0,0.0
2024-07-16 00:00:00-04:00,242.6075189448935,243.15764696000585,237.67598854108368,241.5072479248047,4124800,0.0,0.0
2024-07-17 00:00:00-04:00,227.16457200848265,229.20791535091467,215.8868876960292,216.19143676757812,10538900,0.0,0.0
2024-07-18 00:00:00-04:00,218.23474686634853,218.41158227987185,209.4916094885624,213.81405639648438,7715800,0.0,0.0
2024-07-19 00:00:00-04:00,213.66671138253008,214.43296321726456,205.9747079739754,206.55430603027344,6517100,0.0,0.0
2024-07-22 00:00:00-04:00,212.41908882976225,220.14056226472476,209.59967542836247,219.531494140625,7515600,0.0,0.0
2024-07-23 00:00:00-04:00,216.5647121228938,218.03827561883983,214.7669628590561,215.77880859375,3635300,0.0,0.0
2024-07-24 00:00:00-04:00,213.53900985103087,213.93196914103035,201.90768468460232,202.8900604248047,9263400,0.0,0.0
2024-07-25 00:00:00-04:00,203.49910298040396,205.522809342061,196.79930906999743,198.75424194335938,9961400,0.0,0.0
2024-07-26 00:00:00-04:00,203.34195529324867,204.68780523033806,199.23561699671245,202.83111572265625,5209000,0.0,0.0
2024-07-29 00:00:00-04:00,204.62887257834544,208.78431782105366,201.278967659275,201.94699096679688,4199200,0.0,0.0
2024-07-30 00:00:00-04:00,204.58957155268678,205.48353709697292,191.89727845959703,193.27261352539062,7652600,0.0,0.0
2024-07-31 00:00:00-04:00,202.46763095101198,209.11830342345274,200.89582388797257,208.46011352539062,11123700,0.0,0.0
2024-08-01 00:00:00-04:00,200.53236646316557,205.39512342330138,188.93051126452093,192.84036254882812,11268300,0.0,0.0
2024-08-02 00:00:00-04:00,184.55892264405395,186.22897336830994,176.46415626422214,178.60572814941406,12991600,0.0,0.0
2024-08-05 00:00:00-04:00,172.0729268179812,183.8712532775175,168.58549017401364,178.68431091308594,10079100,0.0,0.0
2024-08-06 00:00:00-04:00,180.0891180183449,185.18763523905943,177.12233924838097,180.07928466796875,5803900,0.0,0.0
2024-08-07 00:00:00-04:00,186.65137824454428,188.0266981935588,174.80393000276868,175.36387634277344,6652100,0.0,0.0
2024-08-08 00:00:00-04:00,181.99490538638005,187.46674488778538,177.9966443325406,187.19168090820312,8637100,0.0,0.0
2024-08-09 00:00:00-04:00,186.661214798407,189.9128911909809,184.73576668211743,187.8105926513672,5050800,0.0,0.0
2024-08-12 00:00:00-04:00,188.12494640181325,192.9385813320761,186.99522034364858,189.68692016601562,5568100,0.0,0.0
2024-08-13 00:00:00-04:00,192.97787370158878,198.27287781755274,190.30581075354652,197.2610321044922,6198900,0.0,0.0
2024-08-14 00:00:00-04:00,199.11774719209143,201.20037902744622,194.24515677802606,198.07643127441406,5377900,0.0,0.0
2024-08-15 00:00:00-04:00,203.6563067481575,209.24602695582513,201.51473488806351,208.09664916992188,12073500,0.0,0.0
2024-08-16 00:00:00-04:00,201.33788053599548,205.20844288130604,197.63432024747974,204.2358856201172,11644600,0.0,0.0
2024-08-19 00:00:00-04:00,203.35177309817794,207.38933788827256,198.93108237865235,207.2223358154297,5285400,0.0,0.0
2024-08-20 00:00:00-04:00,205.60142209293633,206.87851361542087,200.74849829127902,202.52659606933594,4860300,0.0,0.0
2024-08-21 00:00:00-04:00,204.38326825705403,206.29889788227382,202.9293564119979,205.4344024658203,4460500,0.0,0.0
2024-08-22 00:00:00-04:00,205.34582882973143,207.0289022344031,196.30049199365257,197.04852294921875,6621900,0.4,0.0
2024-08-23 00:00:00-04:00,198.9776936269065,202.58992036831597,197.02885106517996,199.4796600341797,5296400,0.0,0.0
2024-08-26 00:00:00-04:00,197.51113142979185,198.09184028163577,192.07802085372484,193.14102172851562,7333900,0.0,0.0
2024-08-27 00:00:00-04:00,191.71382657677256,193.70203250757618,188.7708889128825,192.68824768066406,6632500,0.0,0.0
2024-08-28 00:00:00-04:00,191.61539235119938,193.54454516411383,187.79648048507866,189.85357666015625,6412500,0.0,0.0
2024-08-29 00:00:00-04:00,193.57408484678706,195.18826791464764,188.65279317421326,189.94216918945312,6730300,0.0,0.0
2024-08-30 00:00:00-04:00,194.4205543798099,194.72567207115117,189.51895190858713,194.15480041503906,7313800,0.0,0.0
2024-09-03 00:00:00-04:00,190.04059915592052,191.01502030417166,179.62714427723415,180.4834442138672,12163400,0.0,0.0
2024-09-04 00:00:00-04:00,177.15667153037478,181.41851212540277,174.636957457585,179.50904846191406,6378100,0.0,0.0
2024-09-05 00:00:00-04:00,176.22163353381129,180.84766045411084,175.08974227715493,177.4027557373047,6495000,0.0,0.0
2024-09-06 00:00:00-04:00,176.67438831247486,177.86534762181452,170.66056870009206,171.99916076660156,8887900,0.0,0.0
2024-09-09 00:00:00-04:00,174.31216790236923,175.73933957255076,171.82199536250036,174.7550811767578,7492500,0.0,0.0
2024-09-10 00:00:00-04:00,175.1684651689352,175.69995808619439,171.36922721968142,175.24720764160156,5367900,0.0,0.0
2024-09-11 00:00:00-04:00,177.40273088209162,183.47560311549773,172.64876123672838,183.01300048828125,8187100,0.0,0.0
2024-09-12 00:00:00-04:00,181.45787992647195,182.21576310260838,177.21572860904143,180.32598876953125,8011700,0.0,0.0
2024-09-13 00:00:00-04:00,182.3830916394141,185.82799617381738,182.03859517853698,185.50318908691406,4851300,0.0,0.0
2024-09-16 00:00:00-04:00,182.08779367657502,184.95198906265205,180.25707255562367,184.62718200683594,5915800,0.0,0.0
2024-09-17 00:00:00-04:00,186.51697088232356,187.50122930386618,183.05237703328794,185.6212921142578,4026100,0.0,0.0
2024-09-18 00:00:00-04:00,187.75713867000044,188.64298029632158,182.82600918560414,183.20986938476562,4266900,0.0,0.0
2024-09-19 00:00:00-04:00,191.4874627400562,195.20795805773298,189.87327966581861,193.61346435546875,7326100,0.0,0.0
2024-09-20 00:00:00-04:00,191.29062965801927,192.45204738301703,186.48744376941062,189.13510131835938,14306900,0.0,0.0
2024-09-23 00:00:00-04:00,191.35951188086295,192.5603083024581,189.65674909362036,190.98548889160156,4457900,0.0,0.0
2024-09-24 00:00:00-04:00,193.41660382717782,194.73552143627583,190.7098933524277,193.68235778808594,4849700,0.0,0.0
2024-09-25 00:00:00-04:00,192.21580396444207,197.13709564790312,192.21580396444207,194.20401000976562,5060100,0.0,0.0
2024-09-26 00:00:00-04:00,207.50135350423204,208.8104038993549,199.3123167858836,206.31039428710938,7849800,0.0,0.0
2024-09-27 00:00:00-04:00,207.7572644624205,208.00332906193276,200.7887132020024,201.69422912597656,4524800,0.0,0.0
2024-09-30 00:00:00-04:00,197.83592576669088,201.09381845967536,195.5622914108541,198.86940002441406,5746000,0.0,0.0
2024-10-01 00:00:00-04:00,200.20800002947914,200.8477619669632,190.59179148293148,194.0957489013672,6930100,0.0,0.0
2024-10-02 00:00:00-04:00,194.71583628620013,201.29067502760208,193.64299826104295,197.9835662841797,5536600,0.0,0.0
2024-10-03 00:00:00-04:00,194.59772463517152,199.93240308030443,194.59772463517152,196.4481201171875,3813300,0.0,0.0
2024-10-04 00:00:00-04:00,201.39891243425447,201.69419290435894,196.36935232272293,198.79063415527344,4131100,0.0,0.0
2024-10-07 00:00:00-04:00,196.24143574988497,198.4166383053991,195.10952962976518,196.97962951660156,3711100,0.0,0.0
2024-10-08 00:00:00-04:00,196.97964066416347,199.36154421733585,195.5426167754506,197.71783447265625,3616100,0.0,0.0
2024-10-09 00:00:00-04:00,198.22964179178842,202.35368701640536,197.4717736140851,201.83203125,4141600,0.0,0.0
2024-10-10 00:00:00-04:00,197.85565193726427,201.03480275232755,196.80248811171782,200.74937438964844,3796800,0.0,0.0
2024-10-11 00:00:00-04:00,198.95799843667126,203.9678702408391,198.95799843667126,201.83203125,2604100,0.0,0.0
2024-10-14 00:00:00-04:00,203.7021221088455,210.87735913228434,203.7021221088455,210.5230255126953,5239300,0.0,0.0
2024-10-15 00:00:00-04:00,210.3163475589517,212.30455391986297,186.58588971241707,188.0130615234375,16613200,0.0,0.0
2024-10-16 00:00:00-04:00,190.17840446205224,190.17840446205224,181.00510919605136,181.6842498779297,10972600,0.0,0.0
2024-10-17 00:00:00-04:00,187.00911172182904,187.79652151174474,180.11930234260376,180.35552978515625,9727100,0.0,0.0
2024-10-18 00:00:00-04:00,183.34764912923035,183.84961549443295,181.73346599289874,183.4263916015625,5758600,0.0,0.0
2024-10-21 00:00:00-04:00,183.2295411513307,183.77088625673977,181.20197131888114,181.55630493164062,4918100,0.0,0.0
2024-10-22 00:00:00-04:00,181.69411271289908,182.36340123831798,179.69606929568604,180.11929321289062,6753600,0.0,0.0
2024-10-23 00:00:00-04:00,179.08581133331325,180.8476422645448,176.95980960316857,179.82400512695312,6015200,0.0,0.0
2024-10-24 00:00:00-04:00,183.93820102193524,184.84371688087046,180.34564911593765,180.8574676513672,6122100,0.0,0.0
2024-10-25 00:00:00-04:00,183.55436626984718,186.22169829559374,183.23939635259424,183.58389282226562,4794700,0.0,0.0
2024-10-28 00:00:00-04:00,183.58387224162294,184.68623679124326,181.50708651565498,182.4224395751953,4101000,0.0,0.0
2024-10-29 00:00:00-04:00,182.42244343922397,188.51500517747647,181.74330275816513,187.127197265625,6007400,0.0,0.0
2024-10-30 00:00:00-04:00,184.0563080598767,185.22757787777763,181.79251089285535,182.38307189941406,5851300,0.0,0.0
2024-10-31 00:00:00-04:00,182.29451210972258,182.29451210972258,176.45785175632528,178.72164916992188,7307500,0.0,0.0
2024-11-01 00:00:00-04:00,178.96769794231815,182.55039774277301,178.3672997468682,180.49330139160156,6318900,0.0,0.0
2024-11-04 00:00:00-05:00,180.31613687024355,180.96575102228636,177.61927845127602,178.95787048339844,3857600,0.0,0.0
2024-11-05 00:00:00-05:00,180.4145602553948,183.81024859111082,180.21771158726168,183.54449462890625,4053000,0.0,0.0
2024-11-06 00:00:00-05:00,185.98546492394712,186.39885162982708,181.8417306511325,184.56813049316406,6393300,0.0,0.0
2024-11-07 00:00:00-05:00,187.95398008057523,191.2709258957091,187.95398008057523,191.03469848632812,5274700,0.0,0.0
2024-11-08 00:00:00-05:00,189.26301233407835,191.0445323826615,188.2590797321985,189.00711059570312,4767300,0.0,0.0
2024-11-11 00:00:00-05:00,189.2827198917545,190.1587092179118,183.52481758563894,185.5917510986328,5475200,0.0,0.0
2024-11-12 00:00:00-05:00,185.73938798575182,186.76300999626073,181.5661274413302,183.6724395751953,5478400,0.0,0.0
2024-11-13 00:00:00-05:00,181.172446939042,182.56023983859498,179.646843448652,179.91258239746094,8634600,0.0,0.0
2024-11-14 00:00:00-05:00,183.83977230886117,184.66654571344054,182.17637330436358,183.07205200195312,11747400,0.0,0.0
2024-11-15 00:00:00-05:00,165.69006489925863,171.32987666622893,164.6959692652677,166.22157287597656,16287500,0.0,0.0
2024-11-18 00:00:00-05:00,165.0404285419923,168.9676246610306,164.22350734951777,168.04241943359375,8324400,0.0,0.0
2024-11-19 00:00:00-05:00,165.69007395211264,167.28458295079395,164.8534632298534,166.64480590820312,8651100,0.0,0.0
2024-11-20 00:00:00-05:00,166.64478070322224,167.8455771051676,164.43019939090198,167.80621337890625,6197300,0.0,0.0
2024-11-21 00:00:00-05:00,168.9210383140351,174.6924966606305,168.75332270251192,173.3902130126953,8917400,0.4,0.0
2024-11-22 00:00:00-05:00,172.7686587543805,173.715775457068,171.0520313707541,172.53189086914062,4242600,0.0,0.0
2024-11-25 00:00:00-05:00,174.33736164752594,174.81091258160941,169.62152777068505,172.20635986328125,8926500,0.0,0.0
2024-11-26 00:00:00-05:00,172.98570097883862,173.13369595671128,168.63491056739625,170.8744354248047,6517100,0.0,0.0
2024-11-27 00:00:00-05:00,170.87444616049447,171.01256578284142,166.49405948904865,169.0196990966797,4348700,0.0,0.0
2024-11-29 00:00:00-05:00,174.01177208470045,176.03423494177716,171.92022682929164,172.36419677734375,5944400,0.0,0.0
2024-12-02 00:00:00-05:00,173.1238226594731,181.79580760110193,172.3641723021774,180.80923461914062,9100600,0.0,0.0
2024-12-03 00:00:00-05:00,178.77689977404347,180.7993623788834,178.3724012315118,180.70071411132812,5939900,0.0,0.0
2024-12-04 00:00:00-05:00,182.85145313476295,183.20662004979934,178.02711132029987,178.7275848388672,5819800,0.0,0.0
2024-12-05 00:00:00-05:00,174.16960832579474,177.01094366901543,168.26004509552143,169.7201690673828,8663800,0.0,0.0
2024-12-06 00:00:00-05:00,169.84841549334547,170.9928438145858,169.04929375220843,170.69686889648438,6058500,0.0,0.0
2024-12-09 00:00:00-05:00,169.6609680953332,172.15699669990732,167.92460495203687,169.5524444580078,7647100,0.0,0.0
2024-12-10 00:00:00-05:00,171.17042344523807,171.54532601989095,165.19179319635276,165.9119873046875,8230900,0.0,0.0
2024-12-11 00:00:00-05:00,167.45103361971059,170.87444318604994,167.21426573061433,168.83224487304688,6698600,0.0,0.0
2024-12-12 00:00:00-05:00,167.42145444902653,167.82595303873902,164.5702587514844,166.80978393554688,6108500,0.0,0.0
2024-12-13 00:00:00-05:00,166.82949811069048,169.22686324304343,165.51735423161026,167.07614135742188,7051700,0.0,0.0
2024-12-16 00:00:00-05:00,167.75689156473345,169.43407796048783,166.5828821631816,167.13536071777344,6643000,0.0,0.0
2024-12-17 00:00:00-05:00,166.73085211837753,168.45735502492877,166.1093062547677,168.0528564453125,6817600,0.0,0.0
2024-12-18 00:00:00-05:00,168.64480733821534,172.0879378066975,162.34060586069424,163.228515625,9000700,0.0,0.0
2024-12-19 00:00:00-05:00,160.60421869879923,163.02133469204801,158.86785556628325,159.27235412597656,9252600,0.0,0.0
2024-12-20 00:00:00-05:00,157.83196407453067,162.51818641092098,156.8256703274271,161.39349365234375,15336700,0.0,0.0
2024-12-23 00:00:00-05:00,162.5576336175206,165.43842490357494,161.96568380982205,165.21151733398438,5040200,0.0,0.0
2024-12-24 00:00:00-05:00,165.18193280908264,166.4546205837459,164.65905025171287,166.10931396484375,2595800,0.0,0.0
2024-12-26 00:00:00-05:00,165.10299663943488,166.58285613107998,164.51104682121317,165.30030822753906,2793700,0.0,0.0
2024-12-27 00:00:00-05:00,163.91911878449943,164.95502357708347,162.41953847251673,164.58999633789062,3599600,0.0,0.0
2024-12-30 00:00:00-05:00,161.79796165926183,162.75493861241281,159.79521980157267,161.4427947998047,4763100,0.0,0.0
2024-12-31 00:00:00-05:00,162.22220006959364,162.96212986021337,159.79523878655058,160.44638061523438,3565500,0.0,0.0
2025-01-02 00:00:00-05:00,162.2616886865745,164.47161798243596,160.64370930775627,161.66973876953125,4164600,0.0,0.0
2025-01-03 00:00:00-05:00,163.1594566565069,168.1317782300887,162.55764649078813,167.776611328125,5719800,0.0,0.0
2025-01-06 00:00:00-05:00,172.63052209191682,177.95802479243991,172.5121381609856,175.09695434570312,8475500,0.0,0.0
2025-01-07 00:00:00-05:00,177.65223898629677,179.39846266858825,174.0315021837882,175.4324493408203,7332100,0.0,0.0
2025-01-08 00:00:00-05:00,175.3633459482653,175.77770479045037,172.49241498393786,174.61355590820312,4581700,0.0,0.0
2025-01-10 00:00:00-05:00,172.37404715615995,172.37404715615995,167.23399486274434,169.3452606201172,6325300,0.0,0.0
2025-01-13 00:00:00-05:00,166.82949393942644,169.30578665528742,165.47787874447476,168.56585693359375,5465800,0.0,0.0
2025-01-14 00:00:00-05:00,169.5524460048628,171.36773681494878,168.03313012235628,171.3184051513672,3842100,0.0,0.0
2025-01-15 00:00:00-05:00,174.37679013614007,177.09972639014532,173.51847638242424,175.9849090576172,5908600,0.0,0.0
2025-01-16 00:00:00-05:00,183.3052728163396,189.13592306302846,180.5527256199633,183.97613525390625,10825400,0.0,0.0
2025-01-17 00:00:00-05:00,190.4086006494897,190.56645595208576,186.2551214416534,189.4713592529297,8115100,0.0,0.0
2025-01-21 00:00:00-05:00,192.12523626565914,192.59878710246028,188.25787181497873,190.28033447265625,7959100,0.0,0.0
2025-01-22 00:00:00-05:00,194.18715595910984,197.85720854506062,192.70729653102995,192.88487243652344,7288600,0.0,0.0
2025-01-23 00:00:00-05:00,187.57715698466788,188.63278242239488,185.26856438305896,188.13949584960938,6307300,0.0,0.0
2025-01-24 00:00:00-05:00,188.32691955650563,188.7116824247347,183.11781531559998,184.2425079345703,6088400,0.0,0.0
2025-01-27 00:00:00-05:00,177.13918837398776,177.14904868475926,168.13177190334727,172.22605895996094,12150200,0.0,0.0
2025-01-28 00:00:00-05:00,171.417053940634,172.48255455720889,167.71740529443326,170.52914428710938,7360500,0.0,0.0
2025-01-29 00:00:00-05:00,177.58313942100523,177.79032637404978,171.44665417669995,172.926513671875,5679900,0.0,0.0
2025-01-30 00:00:00-05:00,176.99120306196636,180.80925108654776,175.07726394793087,179.28005981445312,6013800,0.0,0.0
2025-01-31 00:00:00-05:00,180.1383654852694,183.93667766285552,177.6423369299104,177.92845153808594,5898400,0.0,0.0
2025-02-03 00:00:00-05:00,172.96597656987703,177.82977398047097,171.90047597894804,176.3992462158203,5321300,0.0,0.0
2025-02-04 00:00:00-05:00,173.11396857497795,176.89254503825254,173.09423289953443,176.1624755859375,4687100,0.0,0.0
2025-02-05 00:00:00-05:00,174.35705555464745,178.57958711678342,172.92652760483355,178.24415588378906,3958500,0.0,0.0
2025-02-06 00:00:00-05:00,177.19836521141573,180.621774495424,176.16246062032272,180.3455352783203,4479100,0.0,0.0
2025-02-07 00:00:00-05:00,180.68099937410767,181.07562259787744,176.33020833135944,177.58316040039062,4992000,0.0,0.0
2025-02-10 00:00:00-05:00,180.40473883574927,181.55902743578406,178.98407131142667,181.19400024414062,5744100,0.0,0.0
2025-02-11 00:00:00-05:00,179.3589922825706,181.11509119324003,178.65851875905352,180.7401885986328,3913300,0.0,0.0
2025-02-12 00:00:00-05:00,177.01093332389607,179.09260304390483,175.896100969596,178.46119689941406,6640800,0.0,0.0
2025-02-13 00:00:00-05:00,177.88898619874718,182.04246540877483,177.20824837811398,181.7958221435547,10302000,0.0,0.0
2025-02-14 00:00:00-05:00,172.4924331733332,173.63686155561555,166.34608711859016,166.92816162109375,12452800,0.0,0.0
2025-02-18 00:00:00-05:00,169.483364809272,171.42691477499687,166.82949615090132,169.6905517578125,10704900,0.0,0.0
2025-02-19 00:00:00-05:00,169.99639757608583,172.55161812866544,168.8322486184447,171.722900390625,5797000,0.0,0.0
2025-02-20 00:00:00-05:00,173.18640113357108,176.38036788975896,172.55354061394584,174.04669189453125,6687300,0.4,0.0
2025-02-21 00:00:00-05:00,174.16534777447492,174.28400439592966,168.69703383654323,170.06163024902344,7365400,0.0,0.0
2025-02-24 00:00:00-05:00,171.83167524452904,173.27538112817174,166.46223669329703,166.68968200683594,7126200,0.0,0.0
2025-02-25 00:00:00-05:00,166.24468921190396,167.7872856717657,162.6156282868231,163.69346618652344,8570300,0.0,0.0
2025-02-26 00:00:00-05:00,165.51294032661508,168.35092166674772,164.56364214696276,166.6303253173828,5048500,0.0,0.0
2025-02-27 00:00:00-05:00,168.3509659094064,168.66740374864463,154.63568206131671,154.8927764892578,9543600,0.0,0.0
2025-02-28 00:00:00-05:00,155.5355103179988,158.26473369966828,152.2327697938191,156.30682373046875,9427600,0.0,0.0
2025-03-03 00:00:00-05:00,157.9482598660809,158.5316900763673,148.9893236171137,150.43304443359375,9259100,0.0,0.0
2025-03-04 00:00:00-05:00,151.35269324409336,154.4873317394654,147.8818508923664,151.16481018066406,8538600,0.0,0.0
2025-03-05 00:00:00-05:00,151.43180280997683,154.13134686334269,148.3268284708635,153.58749389648438,5860000,0.0,0.0
2025-03-06 00:00:00-05:00,149.84963989257812,152.331651745354,147.93129230388251,149.84963989257812,6967800,0.0,0.0
2025-03-07 00:00:00-05:00,149.77053705050557,154.60599065079407,148.51469911632242,153.94345092773438,5537800,0.0,0.0
2025-03-10 00:00:00-04:00,150.71984310904966,152.72719845088645,146.23049076669088,148.31695556640625,8008400,0.0,0.0
2025-03-11 00:00:00-04:00,147.3083126616005,148.83112806491334,143.74846289094313,145.35040283203125,7739900,0.0,0.0
2025-03-12 00:00:00-04:00,150.0276410103952,150.0276410103952,146.78422896573633,147.39730834960938,8482200,0.0,0.0
2025-03-13 00:00:00-04:00,147.22918533928043,151.3526686880405,146.71498152625597,148.27735900878906,5702200,0.0,0.0
2025-03-14 00:00:00-04:00,150.43306746407686,154.75431737653133,150.43306746407686,153.92369079589844,5138800,0.0,0.0
2025-03-17 00:00:00-04:00,151.24390987311293,155.45640118338602,151.135136269125,153.72592163085938,4764300,0.0,0.0
2025-03-18 00:00:00-04:00,152.59864599268968,153.21172537912412,150.11663411163727,151.79766845703125,4282300,0.0,0.0
2025-03-19 00:00:00-04:00,151.4713246078746,155.3179475332981,151.0856755220221,152.737060546875,4426500,0.0,0.0
2025-03-20 00:00:00-04:00,150.53193230306414,153.88411763415567,149.98806431070165,152.657958984375,5480300,0.0,0.0
2025-03-21 00:00:00-04:00,148.61358292907414,150.492398424299,147.34786190150055,150.4231719970703,15911300,0.0,0.0
2025-03-24 00:00:00-04:00,153.76547142273463,154.52688666358657,152.87551653031983,153.2216033935547,5855200,0.0,0.0
2025-03-25 00:00:00-04:00,153.11283535074372,153.22160896053177,150.8187216105573,151.9262237548828,5093700,0.0,0.0
2025-03-26 00:00:00-04:00,151.43180370075584,152.27232843580245,147.84228960229876,148.99923706054688,4850800,0.0,0.0
2025-03-27 00:00:00-04:00,148.1587110314936,148.2279223648031,145.30094837235058,146.03268432617188,6933800,0.0,0.0
2025-03-28 00:00:00-04:00,147.1401969787452,148.12904236826824,142.51239270971408,143.44190979003906,7715000,0.0,0.0
2025-03-31 00:00:00-04:00,141.17744337259856,144.05497163995545,139.58540188492032,143.501220703125,7116300,0.0,0.0
2025-04-01 00:00:00-04:00,142.49263604888228,144.4802099808159,140.21828848549623,144.0352325439453,5869500,0.0,0.0
2025-04-02 00:00:00-04:00,142.42339234140445,147.64449450122774,142.2355093136493,146.10189819335938,4904800,0.0,0.0
2025-04-03 00:00:00-04:00,139.42719476424546,140.28748539295498,133.8896547523601,133.99842834472656,11779600,0.0,0.0
2025-04-04 00:00:00-04:00,127.66983772873697,130.98247604958155,122.55750851979268,125.53392791748047,15564000,0.0,0.0
2025-04-07 00:00:00-04:00,123.5760116547337,139.990851437714,122.3597284852765,131.3681182861328,18941900,0.0,0.0
2025-04-08 00:00:00-04:00,136.86607674027013,139.13052575798486,126.07777127862043,127.52149200439453,16423700,0.0,0.0
2025-04-09 00:00:00-04:00,128.13459929623681,149.276120517872,127.16553494922469,148.05982971191406,20667300,0.0,0.0
2025-04-10 00:00:00-04:00,140.6434816666121,142.20585926089143,132.00098224160027,136.697998046875,16290700,0.0,0.0
2025-04-11 00:00:00-04:00,137.0243169555067,144.5988613978423,133.98855427660877,143.32325744628906,10617200,0.0,0.0
2025-04-14 00:00:00-04:00,145.24162425959622,146.05246968105445,140.55449140324978,142.91783142089844,6835900,0.0,0.0
2025-04-15 00:00:00-04:00,143.35293406600064,145.39983641527309,142.63108107215913,143.82757568359375,5259900,0.0,0.0
2025-04-16 00:00:00-04:00,136.28267635238882,139.50630683181933,132.85138170595198,136.64854431152344,9279100,0.0,0.0
2025-04-17 00:00:00-04:00,137.4396290484449,138.09225555210443,135.4124929390386,135.92669677734375,6494800,0.0,0.0
2025-04-21 00:00:00-04:00,133.62268579403136,134.49285949923373,131.31867416581792,134.04788208007812,8395300,0.0,0.0
2025-04-22 00:00:00-04:00,135.64979195601362,137.52860709224495,134.7993994771309,136.75730895996094,5222700,0.0,0.0
2025-04-23 00:00:00-04:00,143.2342619526775,146.18101701426278,141.14779755910737,141.97842407226562,7994300,0.0,0.0
2025-04-24 00:00:00-04:00,145.96347689551837,148.722349051031,143.72869161932746,148.4949188232422,7609200,0.0,0.0
2025-04-25 00:00:00-04:00,146.54688936961261,150.90770132709488,146.2205685678367,149.85952758789062,4805200,0.0,0.0
2025-04-28 00:00:00-04:00,149.10800170898438,150.17595662668924,145.8645897760664,149.10800170898438,7052500,0.0,0.0
2025-04-29 00:00:00-04:00,147.33795273479225,149.3848697904729,146.26011495685114,147.88182067871094,5721300,0.0,0.0
2025-04-30 00:00:00-04:00,144.3417674156387,149.3552058576985,143.09582761616093,149.02890014648438,7273600,0.0,0.0
2025-05-01 00:00:00-04:00,149.94853007736674,150.5813905898599,147.08088418076002,147.29843139648438,6732000,0.0,0.0
2025-05-02 00:00:00-04:00,151.08567340518465,154.95206231980572,150.9867979239771,153.3699188232422,6083200,0.0,0.0
2025-05-05 00:00:00-04:00,152.39096852455728,154.89274623408966,152.1338741468344,152.88539123535156,4069300,0.0,0.0
2025-05-06 00:00:00-04:00,150.30450373089013,152.75683614590648,150.20561315352845,151.32301330566406,3471700,0.0,0.0
2025-05-07 00:00:00-04:00,151.63946990067035,154.4576706422104,149.8199826360709,154.072021484375,5499000,0.0,0.0
2025-05-08 00:00:00-04:00,156.26722726178392,157.02864239540827,154.07198940848525,154.25987243652344,4824600,0.0,0.0
2025-05-09 00:00:00-04:00,155.17952056262862,156.2375925139465,152.92495397900785,153.87425231933594,3884200,0.0,0.0
2025-05-12 00:00:00-04:00,164.58343646180893,167.9059577238482,163.8022401192818,166.11614990234375,11724100,0.0,0.0
2025-05-13 00:00:00-04:00,166.98631415698054,172.23708070006484,166.59078204120792,171.09991455078125,8980200,0.0,0.0
2025-05-14 00:00:00-04:00,171.51521933308865,173.32480809616578,171.11968723683913,172.19752502441406,7069700,0.0,0.0
2025-05-15 00:00:00-04:00,169.8342142391614,174.41257372210723,169.29034619768004,172.80075073242188,12811600,0.0,0.0
2025-05-16 00:00:00-04:00,166.55121244403617,167.57962004150204,160.11383474845758,163.72312927246094,16540400,0.0,0.0
2025-05-19 00:00:00-04:00,160.72693612281765,164.1483480894422,160.55883420347666,164.08901977539062,7465700,0.0,0.0
2025-05-20 00:00:00-04:00,163.2089400114286,164.08901183396466,162.39807952240832,163.88134765625,5372400,0.0,0.0
2025-05-21 00:00:00-04:00,161.71578003707015,164.4351050545529,159.86664385352884,160.42039489746094,5658600,0.0,0.0
2025-05-22 00:00:00-04:00,159.34939655720308,161.93762243283032,158.94281347704415,159.18081665039062,6355700,0.46,0.0
2025-05-23 00:00:00-04:00,155.3332010890851,157.08843877201426,154.36138115799838,156.19593811035156,5733400,0.0,0.0
2025-05-27 00:00:00-04:00,159.2899032843371,161.1244600531574,157.84207709261125,160.47988891601562,8470400,0.0,0.0
2025-05-28 00:00:00-04:00,160.55921988936805,162.30453110322532,159.53781419021166,160.24188232421875,6727200,0.0,0.0
2025-05-29 00:00:00-04:00,164.07961146975074,164.1589307322166,157.12808462295223,158.1494903564453,6845600,0.0,0.0
2025-05-30 00:00:00-04:00,157.71316447576726,157.90158177680667,152.18964138831737,155.44227600097656,15273600,0.0,0.0
2025-06-02 00:00:00-04:00,154.49026797317455,156.3050024584106,154.13327077720209,155.9579315185547,5875300,0.0,0.0
2025-06-03 00:00:00-04:00,155.620771242654,160.5988950748254,155.0555344557791,160.39065551757812,6355400,0.0,0.0
2025-06-04 00:00:00-04:00,161.14430769778758,162.11612759354801,158.8436555493874,160.5790557861328,5990600,0.0,0.0
2025-06-05 00:00:00-04:00,161.8583121177048,164.2382836792323,159.7560034006392,162.82022094726562,7386800,0.0,0.0
2025-06-06 00:00:00-04:00,164.05979565594282,168.11567061680992,164.05979565594282,165.3489532470703,5717500,0.0,0.0
2025-06-09 00:00:00-04:00,166.40999704604104,170.38655221534344,166.40999704604104,168.37347412109375,6320000,0.0,0.0
2025-06-10 00:00:00-04:00,169.15687800269876,172.93508931288466,168.571803917347,172.3202667236328,5711600,0.0,0.0
2025-06-11 00:00:00-04:00,172.78638021271234,174.3234369831305,168.90899638526042,171.3484649658203,6133200,0.0,0.0
2025-06-12 00:00:00-04:00,171.05095444112752,173.8970057391881,170.84269977301892,173.54000854492188,4468500,0.0,0.0
2025-06-13 00:00:00-04:00,169.63288920676214,172.1318697495656,168.96848065547297,169.16680908203125,5297100,0.0,0.0
2025-06-16 00:00:00-04:00,171.57652362887447,175.40432081749626,171.34843159063544,175.0770721435547,6712900,0.0,0.0
2025-06-17 00:00:00-04:00,174.80933551727915,176.832324742698,172.60785525334668,172.63760375976562,6631400,0.0,0.0
2025-06-18 00:00:00-04:00,173.79784957509563,173.79784957509563,170.37663498284167,171.39804077148438,4946900,0.0,0.0
2025-06-20 00:00:00-04:00,173.01443120706767,173.90691662576782,164.52584807889696,168.04623413085938,18396600,0.0,0.0
2025-06-23 00:00:00-04:00,168.83954605466923,170.85260891996995,167.3124006550054,170.52537536621094,6838800,0.0,0.0
2025-06-24 00:00:00-04:00,173.60944935356065,179.01397856804033,173.54002608001372,178.6768035888672,7254500,0.0,0.0
2025-06-25 00:00:00-04:00,179.59903928741764,181.68152549700338,178.99412777941328,181.54269409179688,5431800,0.0,0.0
2025-06-26 00:00:00-04:00,181.66170391067425,182.9607725576605,180.5411263152634,181.98895263671875,5199700,0.0,0.0
2025-06-27 00:00:00-04:00,182.84178635165003,184.24993796760782,179.60897371857985,181.68154907226562,14202800,0.0,0.0
2025-06-30 00:00:00-04:00,182.26659962383872,183.22850833544382,181.0071907206516,181.54269409179688,4070700,0.0,0.0
2025-07-01 00:00:00-04:00,180.91793387522736,183.38715050833554,179.39077338208418,182.22691345214844,6572300,0.0,0.0
2025-07-02 00:00:00-04:00,181.10636918191355,189.31729003641033,180.11471192768457,188.42478942871094,8800600,0.0,0.0
2025-07-03 00:00:00-04:00,187.77030146769872,190.43784669052877,187.69096707397867,189.45611572265625,3568500,0.0,0.0
2025-07-07 00:00:00-04:00,187.46286556166342,190.05109139170574,187.03646023985158,189.1883544921875,6577400,0.0,0.0
2025-07-08 00:00:00-04:00,190.5370215449862,194.6623192961699,189.92219889807978,193.36325073242188,8097100,0.0,0.0
2025-07-09 00:00:00-04:00,194.1665013352892,196.30848472347293,192.6195183765419,193.75991821289062,6170800,0.0,0.0
2025-07-10 00:00:00-04:00,196.34812014768886,197.7562715168079,195.00937691226866,196.37786865234375,5229100,0.0,0.0
2025-07-11 00:00:00-04:00,195.20772532494064,197.12161645245698,194.51355318169772,196.27870178222656,4424400,0.0,0.0
2025-07-14 00:00:00-04:00,193.97808314918996,197.16130970871706,192.86743182619728,195.45565795898438,7264000,0.0,0.0
2025-07-15 00:00:00-04:00,198.41081344571916,199.43221935224724,196.84399294553748,197.6273956298828,6007100,0.0,0.0
2025-07-16 00:00:00-04:00,192.38149824219624,193.53182423437684,188.16695511060175,193.1847381591797,9400000,0.0,0.0
2025-07-17 00:00:00-04:00,191.01300551831798,192.4112458055088,190.34859700836992,190.91384887695312,5704000,0.0,0.0
2025-07-18 00:00:00-04:00,191.4493487342998,191.9551036224786,188.55371134271505,188.85121154785156,4757100,0.0,0.0
2025-07-21 00:00:00-04:00,189.19828924730547,192.77817269871858,189.18837812166066,191.00311279296875,5061500,0.0,0.0
2025-07-22 00:00:00-04:00,190.66592615949892,190.8940030692067,183.58549465091875,185.57872009277344,7074500,0.0,0.0
2025-07-23 00:00:00-04:00,186.11422237363067,187.81987402625975,184.58707689145692,185.44981384277344,5419800,0.0,0.0
2025-07-24 00:00:00-04:00,186.59022713080677,188.4545324248268,185.50932438686345,186.55055236816406,4819900,0.0,0.0
2025-07-25 00:00:00-04:00,184.25983265190715,184.96391596280458,182.56410721469257,184.14083862304688,6608700,0.0,0.0
2025-07-28 00:00:00-04:00,187.43314976334298,188.91072465813681,187.05633026078738,188.68264770507812,4913000,0.0,0.0
2025-07-29 00:00:00-04:00,190.0213613900725,190.84443874062148,186.38198102198737,186.83815002441406,4605400,0.0,0.0
2025-07-30 00:00:00-04:00,188.1471115901951,189.27760016452126,186.1737234959476,187.80995178222656,4018500,0.0,0.0
2025-07-31 00:00:00-04:00,176.3959947719195,179.9560406335494,173.05409958221728,178.55780029296875,11375400,0.0,0.0
2025-08-01 00:00:00-04:00,175.1266856701724,180.1147206911165,174.77959956170935,178.4884033203125,8393200,0.0,0.0
2025-08-04 00:00:00-04:00,180.4816183429967,181.47327558663957,178.99413247753247,181.29478454589844,4189300,0.0,0.0
2025-08-05 00:00:00-04:00,181.14603336725096,181.7311075303943,175.9199952692933,177.6553955078125,5292000,0.0,0.0
2025-08-06 00:00:00-04:00,177.38765567294556,177.74465289213128,174.0160119069717,176.65382385253906,5857800,0.0,0.0
2025-08-07 00:00:00-04:00,182.8120253757303,185.2415826821782,180.34279330450155,181.6220245361328,6616600,0.0,0.0
2025-08-08 00:00:00-04:00,181.62203070732764,183.83343740857754,181.09645354229258,183.3276824951172,4338400,0.0,0.0
2025-08-11 00:00:00-04:00,185.58866149962887,188.13722807671257,182.24678117124878,182.84178161621094,7816000,0.0,0.0
2025-08-12 00:00:00-04:00,184.18051369806977,188.14714306187503,182.74261357998842,186.87782287597656,5915400,0.0,0.0
2025-08-13 00:00:00-04:00,188.21653368367245,189.54535065844254,187.15545324983455,188.44461059570312,5923400,0.0,0.0
2025-08-14 00:00:00-04:00,186.2927515442012,188.44464619141343,185.22175978370788,186.66958618164062,10992400,0.0,0.0
2025-08-15 00:00:00-04:00,161.34260625690655,166.10256333704143,160.36087541745385,160.4104461669922,31803300,0.0,0.0
2025-08-18 00:00:00-04:00,160.4600436539177,163.17718973684669,160.40054664497922,162.1656951904297,10125800,0.0,0.0
2025-08-19 00:00:00-04:00,162.86977459019252,163.82175697370258,160.1427174473354,160.8666229248047,8921500,0.0,0.0
2025-08-20 00:00:00-04:00,160.45014543754846,160.61872535359868,156.62234786252728,159.61715698242188,9323300,0.0,0.0
2025-08-21 00:00:00-04:00,159.0602256565053,160.40279065036975,158.20495562362305,158.9607696533203,8294900,0.46,0.0
2025-08-22 00:00:00-04:00,159.79615007438022,164.09239459871378,159.1000035565084,161.59620666503906,7448100,0.0,0.0
2025-08-25 00:00:00-04:00,161.41720043327885,161.7254928293236,159.86578374682338,161.09896850585938,4186800,0.0,0.0
2025-08-26 00:00:00-04:00,161.11883883423334,163.9034401287695,160.7906522183733,163.60508728027344,6770200,0.0,0.0
2025-08-27 00:00:00-04:00,162.3619743182972,163.744327943178,161.65588820856883,163.4857635498047,4633500,0.0,0.0
2025-08-28 00:00:00-04:00,163.8139384458668,165.24601997543377,162.83933330624444,164.3609161376953,7899500,0.0,0.0
2025-08-29 00:00:00-04:00,161.97411149203177,162.75977451144036,158.55303114769768,159.87571716308594,7202100,0.0,0.0
2025-09-02 00:00:00-04:00,155.85794702877897,157.42925790021715,155.15184577853617,156.70327758789062,7683400,0.0,0.0
2025-09-03 00:00:00-04:00,157.18063542754948,157.18063542754948,153.62032570422292,155.39053344726562,7335000,0.0,0.0
2025-09-04 00:00:00-04:00,155.08223158231084,158.7917099211777,154.54519343360704,157.3695831298828,6245100,0.0,0.0
2025-09-05 00:00:00-04:00,159.37847306280213,161.95423811735634,157.94640663161462,161.8547821044922,7046800,0.0,0.0
2025-09-08 00:00:00-04:00,162.90894384743314,163.74431969921852,160.95973352660053,161.15863037109375,7933600,0.0,0.0
2025-09-09 00:00:00-04:00,161.02935125862336,163.35647636052045,160.8602881708641,162.6006622314453,5315400,0.0,0.0
2025-09-10 00:00:00-04:00,163.396251961081,164.49019217947043,161.65587803764404,162.52108764648438,5690200,0.0,0.0
2025-09-11 00:00:00-04:00,163.09790035826543,169.72126995380444,163.09790035826543,169.2140655517578,8999900,0.0,0.0
2025-09-12 00:00:00-04:00,166.98639444009746,168.73670788492547,166.26039896722557,166.8769989013672,5170600,0.0,0.0
2025-09-15 00:00:00-04:00,168.17978048246007,170.11905111999303,167.60296905632237,169.98976135253906,5597600,0.0,0.0
2025-09-16 00:00:00-04:00,171.51137270614416,173.1423511104447,170.63620838071483,172.58541870117188,6447500,0.0,0.0
2025-09-17 00:00:00-04:00,173.2915146041675,178.56236428133147,173.01305599554956,177.15017700195312,9588300,0.0,0.0
2025-09-18 00:00:00-04:00,186.96588829096171,190.49636421653364,182.81882758974604,188.71620178222656,15473700,0.0,0.0
2025-09-19 00:00:00-04:00,189.7703773091525,190.7947104475693,187.6222550252497,189.05433654785156,18903500,0.0,0.0
2025-09-22 00:00:00-04:00,192.12734032712672,200.04354700430537,191.3715110758876,199.41702270507812,15475500,0.0,0.0
2025-09-23 00:00:00-04:00,200.12309604960743,202.97731944735867,197.70646996015677,199.76507568359375,12417900,0.0,0.0
2025-09-24 00:00:00-04:00,197.98493584247655,202.62924606630182,196.31416901466113,200.3319549560547,6360500,0.0,0.0
2025-09-25 00:00:00-04:00,197.94515803159487,199.61592494940115,195.12078331859556,198.50209045410156,6027600,0.0,0.0
2025-09-26 00:00:00-04:00,198.89987362412182,204.07126730337777,196.3042296663328,202.79830932617188,7363300,0.0,0.0
2025-09-29 00:00:00-04:00,205.20501600312048,209.34213742023198,203.5541432489571,203.82266235351562,9295400,0.0,0.0
2025-09-30 00:00:00-04:00,203.23590067467282,209.1133958482492,201.75409108615753,203.6138153076172,12253800,0.0,0.0
2025-10-01 00:00:00-04:00,203.61380560841613,217.23844388434122,202.49001646915468,216.54229736328125,12699200,0.0,0.0
2025-10-02 00:00:00-04:00,223.7623551561523,225.1646028904296,217.52683994350787,222.360107421875,11166000,0.0,0.0
2025-10-03 00:00:00-04:00,218.70036371305397,219.28711470908553,214.41407378549286,216.3334503173828,9269800,0.0,0.0
2025-10-06 00:00:00-04:00,221.1169886736455,225.24417020866534,219.55563253679568,222.67835998535156,7891900,0.0,0.0
2025-10-07 00:00:00-04:00,222.6783432511452,223.59328079169376,210.10787263014586,210.39627075195312,10543300,0.0,0.0
2025-10-08 00:00:00-04:00,208.84486803858508,217.4472815330891,207.85036866697274,216.3135528564453,7875500,0.0,0.0
2025-10-09 00:00:00-04:00,215.80636015133007,219.6451282706936,214.3245506486332,219.0882110595703,6701400,0.0,0.0
2025-10-10 00:00:00-04:00,219.48601955065317,223.23528662311926,208.57635966985765,208.79515075683594,12829700,0.0,0.0
2025-10-13 00:00:00-04:00,219.13796043832062,219.91366879731746,215.83621497193838,218.27273559570312,7853000,0.0,0.0
2025-10-14 00:00:00-04:00,212.72341154490576,220.4307817483423,212.5344694093782,216.9898223876953,8260000,0.0,0.0
2025-10-15 00:00:00-04:00,222.7280878758466,226.8453147030526,219.30700757983846,226.3281707763672,8033600,0.0,0.0
2025-10-16 00:00:00-04:00,229.33157038796287,230.79348573702293,222.79770196973246,226.4674072265625,7742800,0.0,0.0
2025-10-17 00:00:00-04:00,225.2242810149644,226.10938487665413,221.47501401663516,223.75242614746094,5272800,0.0,0.0
2025-10-20 00:00:00-04:00,225.90053225166955,230.05754762744786,225.28394748068374,226.87515258789062,5494800,0.0,0.0
2025-10-21 00:00:00-04:00,224.67730468136787,226.9049888206852,223.9712185988314,224.75686645507812,4557500,0.0,0.0
2025-10-22 00:00:00-04:00,224.75686569415177,225.5226344855209,214.88149387922044,219.34678649902344,7498100,0.0,0.0
2025-10-23 00:00:00-04:00,217.18871663222487,229.2818326036418,216.9201975535816,227.21327209472656,7001900,0.0,0.0
2025-10-24 00:00:00-04:00,227.74035457757,229.4508946993027,225.04525462157127,227.49172973632812,5346700,0.0,0.0
2025-10-27 00:00:00-04:00,231.71835301910372,234.4929995821812,229.85864405468976,230.0575408935547,7671700,0.0,0.0
2025-10-28 00:00:00-04:00,228.41660464954958,229.74924531858977,225.83091543059058,226.38783264160156,6118500,0.0,0.0
2025-10-29 00:00:00-04:00,231.61890247259743,236.08421020843542,230.7238590891768,234.45323181152344,7784500,0.0,0.0
2025-10-30 00:00:00-04:00,236.47207123136835,241.16610971485846,230.80342756376368,231.27084350585938,7317700,0.0,0.0
2025-10-31 00:00:00-04:00,232.45427375002674,236.60133404403138,229.18236252829297,231.8177947998047,6532600,0.0,0.0
2025-11-03 00:00:00-05:00,234.3736784882986,238.47101127767144,232.71286626372407,236.4024658203125,6160600,0.0,0.0
2025-11-04 00:00:00-05:00,230.14704284479814,235.6665173943104,228.50612495095814,228.92381286621094,6896400,0.0,0.0
2025-11-05 00:00:00-05:00,228.9238308428969,240.57936561187424,228.83432953435508,239.56497192382812,7230800,0.0,0.0
2025-11-06 00:00:00-05:00,239.4456185535796,239.4456185535796,231.64873192766146,232.2454376220703,9278400,0.0,0.0
2025-11-07 00:00:00-05:00,230.99238482756692,231.24100968288465,222.15128557946232,228.8044891357422,6892800,0.0,0.0
2025-11-10 00:00:00-05:00,234.93059453647732,235.2388869297485,230.78353376195884,233.78692626953125,7673700,0.0,0.0
2025-11-11 00:00:00-05:00,231.29072708012635,231.9669793716411,225.75135827379432,227.41217041015625,6237600,0.0,0.0
2025-11-12 00:00:00-05:00,229.95809565514114,230.5647409057435,227.6409101954585,229.46084594726562,5955400,0.0,0.0
2025-11-13 00:00:00-05:00,226.1392270247094,227.74037172989202,218.42191683427825,222.00210571289062,13465900,0.0,0.0
2025-11-14 00:00:00-05:00,202.62924914009386,224.91598393901398,202.2811682863524,224.7667999267578,15254400,0.0,0.0
2025-11-17 00:00:00-05:00,222.96676330874845,230.4354635435886,222.03193144115008,227.45196533203125,8713600,0.0,0.0
2025-11-18 00:00:00-05:00,225.23421839055047,226.36794709214436,218.21305510042905,223.88169860839844,12167400,0.0,0.0
2025-11-19 00:00:00-05:00,226.0397528879546,234.61234769121305,225.25410507038524,233.83663940429688,8870500,0.0,0.0
2025-11-20 00:00:00-05:00,237.94200962010544,239.90501503317768,218.18244268510944,219.4479217529297,9264000,0.46,0.0
2025-11-21 00:00:00-05:00,218.42157644711415,227.34976448847485,214.7347188853625,223.21449279785156,8596800,0.0,0.0
2025-11-24 00:00:00-05:00,222.06858044718143,232.37185740265033,222.06858044718143,230.08999633789062,8806600,0.0,0.0
2025-11-25 00:00:00-05:00,236.70641648675402,243.7513016262967,232.3120736109767,241.59898376464844,8330300,0.0,0.0
2025-11-26 00:00:00-05:00,241.96766213706286,251.76275559309383,241.96766213706286,249.08230590820312,8791100,0.0,0.0
2025-11-28 00:00:00-05:00,249.90935459470964,251.583381230354,246.96983376368547,251.3542022705078,2916300,0.0,0.0
2025-12-01 00:00:00-05:00,249.3413839900356,254.8816369969153,247.64742403682888,253.8453369140625,6842400,0.0,0.0
2025-12-02 00:00:00-05:00,254.72219147944253,266.10161884700176,254.72219147944253,264.3877258300781,9196800,0.0,0.0
2025-12-03 00:00:00-05:00,264.35786425234124,268.19419835605066,258.7877189034603,267.6760559082031,7999600,0.0,0.0
2025-12-04 00:00:00-05:00,267.3870849803113,271.7914023468791,265.05539828361276,268.4831848144531,6348800,0.0,0.0
2025-12-05 00:00:00-05:00,268.83189995649076,272.6183928058921,266.41050653450134,267.0482482910156,5373400,0.0,0.0
2025-12-08 00:00:00-05:00,268.5429709936205,271.19352864214284,265.5934908471923,267.2077331542969,5338100,0.0,0.0
2025-12-09 00:00:00-05:00,265.1251073125564,267.75571601226096,263.78986973183663,266.1913146972656,4062600,0.0,0.0
2025-12-10 00:00:00-05:00,265.82260665683316,275.1194899837203,264.915834697875,274.1728515625,6244600,0.0,0.0
2025-12-11 00:00:00-05:00,270.25683075945517,271.024085348416,261.89661116389885,269.1507568359375,7061200,0.0,0.0
2025-12-12 00:00:00-05:00,266.3108895157472,268.752170587269,256.2168593108301,258.2894592285156,6739300,0.0,0.0
2025-12-15 00:00:00-05:00,262.494496110446,264.7464800952862,258.8674383461621,260.3421630859375,6406000,0.0,0.0
2025-12-16 00:00:00-05:00,258.86741479039296,260.65103605845246,254.39335467961288,257.9207763671875,5859700,0.0,0.0
2025-12-17 00:00:00-05:00,257.2432296079385,259.1763427408613,246.04313945897448,247.3883514404297,7855400,0.0,0.0
2025-12-18 00:00:00-05:00,258.16990691091667,259.89377422192126,251.3342677738749,252.59976196289062,8741200,0.0,0.0
2025-12-19 00:00:00-05:00,254.80193953659594,260.3920181365256,252.67949864217155,255.49945068359375,25749700,0.0,0.0
2025-12-22 00:00:00-05:00,261.8966212149424,261.8966212149424,256.68521352265776,258.0902099609375,4182000,0.0,0.0
2025-12-23 00:00:00-05:00,257.24322140702003,259.52509763412274,256.96421696421476,259.3058776855469,3791500,0.0,0.0
2025-12-24 00:00:00-05:00,259.3058776866754,260.5514386651337,258.40904945482254,259.8539123535156,1279500,0.0,0.0
2025-12-26 00:00:00-05:00,260.9101251784254,262.00622483538893,259.27596511557164,260.96990966796875,1836000,0.0,0.0
2025-12-29 00:00:00-05:00,259.8937833640272,263.7101688887089,259.0766880496616,262.1158447265625,2601600,0.0,0.0
2025-12-30 00:00:00-05:00,263.2517983998894,264.06889367528515,258.85745575152265,259.0467834472656,2185100,0.0,0.0
2025-12-31 00:00:00-05:00,260.54146353910994,260.9001705032391,255.05103623884102,256.0773620605469,3025800,0.0,0.0
2026-01-02 00:00:00-05:00,266.13153973281777,270.2668266984115,264.1585905143005,267.9151916503906,7553200,0.0,0.0
2026-01-05 00:00:00-05:00,275.1394408377765,286.71817115654164,275.1394408377765,283.3103332519531,10398700,0.0,0.0
2026-01-06 00:00:00-05:00,284.4163859975942,297.1609752158585,284.4163859975942,294.9588317871094,7237900,0.0,0.0
2026-01-07 00:00:00-05:00,290.9630515905798,294.2015102127353,288.97015397694577,291.162353515625,6148400,0.0,0.0
2026-01-08 00:00:00-05:00,289.6676544956032,290.8833231479704,278.4576064177424,280.63983154296875,5500700,0.0,0.0
2026-01-09 00:00:00-05:00,287.37579940978384,301.7047366017801,285.4825529589122,300.11041259765625,9427600,0.0,0.0
2026-01-12 00:00:00-05:00,300.64853924116846,308.40090984580297,299.5225472088919,306.14892578125,6612800,0.0,0.0
2026-01-13 00:00:00-05:00,305.9695481749728,309.53685169919413,301.5154210834778,303.7873229980469,7146500,0.0,0.0
2026-01-14 00:00:00-05:00,300.3993797926228,300.8677118808217,295.94525305054464,300.8179016113281,6545200,0.0,0.0
2026-01-15 00:00:00-05:00,326.914876694785,329.82452028398524,317.69772620346515,317.94683837890625,11262800,0.0,0.0
2026-01-16 00:00:00-05:00,324.56326653087046,329.01739336419735,319.03298849899784,325.84869384765625,11399300,0.0,0.0
2026-01-20 00:00:00-05:00,314.97747372805946,323.33766339946106,314.57890028741224,317.09991455078125,9387300,0.0,0.0
2026-01-21 00:00:00-05:00,318.34546716091154,327.52275190953486,315.78458649827,324.0849914550781,7914000,0.0,0.0
2026-01-22 00:00:00-05:00,331.8074834930878,331.84734996054345,316.3326345044371,317.6579284667969,6036100,0.0,0.0
2026-01-23 00:00:00-05:00,317.8472486246984,322.4907036738174,309.96533498114877,321.23516845703125,6201000,0.0,0.0
2026-01-26 00:00:00-05:00,320.8565195191279,320.8565195191279,315.4458097335207,318.3255310058594,4777200,0.0,0.0
2026-01-27 00:00:00-05:00,323.29782646167786,335.275130132524,322.1419422005047,331.5284729003906,8033000,0.0,0.0
2026-01-28 00:00:00-05:00,340.71573574296747,342.81825855372676,331.77758866317885,335.55413818359375,8470000,0.0,0.0
2026-01-29 00:00:00-05:00,339.52993229423913,343.3762402248185,327.7120648914231,340.1278076171875,7350500,0.0,0.0
2026-01-30 00:00:00-05:00,331.74766017116383,339.73919824989207,320.3981252301079,321.17535400390625,9814100,0.0,0.0
2026-02-02 00:00:00-05:00,319.4615063256379,329.26655932780886,318.71416969063216,327.2337951660156,7409600,0.0,0.0
2026-02-03 00:00:00-05:00,335.7434696899056,337.23814292812534,310.8422232721106,317.5383605957031,10697000,0.0,0.0
2026-02-04 00:00:00-05:00,322.8394183577576,322.8394183577576,286.46903925581734,296.54315185546875,14719400,0.0,0.0
2026-02-05 00:00:00-05:00,299.0043991532007,303.269198807094,291.2819209418628,302.91046142578125,8514300,0.0,0.0
2026-02-06 00:00:00-05:00,308.31125935595145,323.24801871147815,307.2051852585749,321.36474609375,8344400,0.0,0.0
2026-02-09 00:00:00-05:00,316.43227900659065,331.2195755733812,314.977472270817,329.3960876464844,7458900,0.0,0.0
2026-02-10 00:00:00-05:00,328.6886009143787,333.42173292091564,320.3782212088479,327.90142822265625,6785800,0.0,0.0
2026-02-11 00:00:00-05:00,336.7099989073328,343.1171570363398,329.71493966816774,338.6730041503906,7160900,0.0,0.0
2026-02-12 00:00:00-05:00,338.67300219538186,339.858778627243,324.4038489581233,327.22381591796875,9764400,0.0,0.0
2026-02-13 00:00:00-05:00,363.6539815984665,374.98359896199395,352.0054933383768,353.6496276855469,15706000,0.0,0.0
2026-02-17 00:00:00-05:00,349.7535115651193,361.3422154035328,346.425376386225,357.8546447753906,8791300,0.0,0.0
2026-02-18 00:00:00-05:00,360.3457802127887,372.67184685976343,357.984201449765,367.988525390625,8784300,0.0,0.0
2026-02-19 00:00:00-05:00,361.36386638663055,369.215693465988,359.56800345359966,368.9762268066406,6640100,0.46,0.0
2026-02-20 00:00:00-05:00,365.4244426379751,376.2394144860331,365.4244426379751,374.513427734375,8178700,0.0,0.0
2026-02-23 00:00:00-05:00,371.5403134371029,377.985392087367,368.82659130323447,372.6876525878906,6077400,0.0,0.0
2026-02-24 00:00:00-05:00,375.7206531432947,379.6316173742122,367.15048647409037,377.05755615234375,5711800,0.0,0.0
2026-02-25 00:00:00-05:00,384.11122646584437,395.03596054028264,383.1135349685305,394.03826904296875,9745000,0.0,0.0
2026-02-26 00:00:00-05:00,390.8955274641499,392.56168570826753,365.6938602371558,374.8526611328125,7717100,0.0,0.0
2026-02-27 00:00:00-05:00,365.09524811662715,377.7060534717625,364.7659928548482,371.4405517578125,9041400,0.0,0.0
2026-03-02 00:00:00-05:00,365.73375256661006,372.94707338603877,362.441382652388,371.3208312988281,5802100,0.0,0.0
2026-03-03 00:00:00-05:00,350.0899283566777,358.7000105558609,347.7852635123952,350.50897216796875,7982000,0.0,0.0
2026-03-04 00:00:00-05:00,358.39073358002884,361.5035261166781,349.89041315709227,356.9341125488281,5980400,0.0,0.0
2026-03-05 00:00:00-05:00,350.22964000604236,353.9410536815071,335.5236462845959,345.73004150390625,5899700,0.0,0.0
2026-03-06 00:00:00-05:00,328.7593210166141,340.61190194998335,320.9972816822245,323.9903564453125,8655200,0.0,0.0
2026-03-09 00:00:00-04:00,319.7401855380069,338.3770556055685,315.92899666902514,338.1575622558594,9504100,0.0,0.0
2026-03-10 00:00:00-04:00,339.0654943909626,354.4598683827322,338.2174504464347,345.0815734863281,6121100,0.0,0.0
2026-03-11 00:00:00-04:00,347.1966621296396,352.18511991885856,342.73697964819263,350.25958251953125,4517200,0.0,0.0
2026-03-12 00:00:00-04:00,343.3954636156852,344.6824942650633,333.2389707492217,336.4914245605469,5978200,0.0,0.0
2026-03-13 00:00:00-04:00,341.67944019680226,348.4437879621186,339.4944931779622,340.7416076660156,5332200,0.0,0.0
2026-03-16 00:00:00-04:00,346.8973393915077,349.94028622329404,342.7768687121207,345.3808288574219,4427000,0.0,0.0
2026-03-17 00:00:00-04:00,345.38086046176676,351.9955604436808,342.2181952346511,351.6463623046875,4833900,0.0,0.0
2026-03-18 00:00:00-04:00,352.574233336419,357.0338853592935,348.42383281278217,348.66326904296875,5170500,0.0,0.0
2026-03-19 00:00:00-04:00,339.95339557908005,358.2211247024128,337.3095191654133,356.3853759765625,6459700,0.0,0.0
2026-03-20 00:00:00-04:00,358.93948391097564,361.1643470651895,345.85976208906607,356.2357482910156,17587900,0.0,0.0
2026-03-23 00:00:00-04:00,366.9708817798492,373.3860305892763,360.615592022522,360.9548034667969,6490700,0.0,0.0
2026-03-24 00:00:00-04:00,357.33320432499494,379.1127971675235,357.17357002551796,373.12664794921875,6406200,0.0,0.0
2026-03-25 00:00:00-04:00,370.1435372248107,374.8127260204977,359.8274110269713,368.48736572265625,5052000,0.0,0.0
2026-03-26 00:00:00-04:00,357.5427170251986,358.6501704816853,336.7508287115354,337.7684631347656,9261000,0.0,0.0
2026-03-27 00:00:00-04:00,336.850592170845,344.891983371992,333.56817855067897,336.39166259765625,5984800,0.0,0.0
2026-03-30 00:00:00-04:00,343.20588863086084,343.7446505858846,319.9497013457435,322.37408447265625,6568100,0.0,0.0
2026-03-31 00:00:00-04:00,328.07090253059164,341.27037284051863,324.70868684234443,341.0010070800781,8335600,0.0,0.0
2026-04-01 00:00:00-04:00,344.49291176049076,358.1712539067763,340.64180667984965,352.9832458496094,5974800,0.0,0.0
2026-04-02 00:00:00-04:00,337.2197266493062,353.4920725616134,336.47145802508436,347.6655578613281,4269400,0.0,0.0
2026-04-06 00:00:00-04:00,350.20965676074456,352.6839426232828,345.03163547853916,351.80596923828125,2505500,0.0,0.0
2026-04-07 00:00:00-04:00,347.3463122534206,355.17819712782824,344.70243569568726,353.4920959472656,4024800,0.0,0.0
2026-04-08 00:00:00-04:00,378.01536988386937,388.4013122327656,376.90791641946623,384.82958984375,7628500,0.0,0.0
2026-04-09 00:00:00-04:00,384.3606594960599,397.8195084073637,384.2409413847594,396.89166259765625,5373600,0.0,0.0
2026-04-10 00:00:00-04:00,401.57084078912874,406.34979174259803,398.05897756480897,398.5677795410156,6399900,0.0,0.0
2026-04-13 00:00:00-04:00,396.9315990694811,399.57547565291446,388.690656919675,394.8164978027344,5246600,0.0,0.0
2026-04-14 00:00:00-04:00,399.0766049496418,400.12416885878315,390.1073679964798,394.7266845703125,5353200,0.0,0.0
2026-04-15 00:00:00-04:00,388.31149326223357,393.6990211766931,378.8034946547437,393.349853515625,5925100,0.0,0.0
2026-04-16 00:00:00-04:00,388.05215023696525,392.60162138274774,383.41286005596675,388.99993896484375,5113000,0.0,0.0
2026-04-17 00:00:00-04:00,396.8318093508614,399.5754610811314,389.50875711354195,396.023681640625,6017900,0.0,0.0
2026-04-20 00:00:00-04:00,396.68217952826996,397.570109204717,389.47884508043387,390.7159729003906,3747500,0.0,0.0
2026-04-21 00:00:00-04:00,392.09276142958134,396.592359859806,390.1572374742859,393.419677734375,5414900,0.0,0.0
2026-04-22 00:00:00-04:00,398.94690177778625,403.14717453649166,390.35679243649565,402.548583984375,5268100,0.0,0.0
2026-04-23 00:00:00-04:00,405.2323927576338,412.8647270727449,396.2232392234967,402.97760009765625,4420800,0.0,0.0
2026-04-24 00:00:00-04:00,411.54774258543387,419.52927456284834,409.3627957708464,416.0772705078125,6159600,0.0,0.0
2026-04-27 00:00:00-04:00,415.0396829536639,416.03737449922556,397.08123513355343,403.9253845214844,5663400,0.0,0.0
2026-04-28 00:00:00-04:00,385.108920156064,389.16953188056436,376.92783765265375,380.2301940917969,10396200,0.0,0.0
2026-04-29 00:00:00-04:00,382.9838310107472,385.11890543412727,376.19954099354374,381.706787109375,5116400,0.0,0.0
2026-04-30 00:00:00-04:00,384.64999441326233,395.0958257713354,383.6722457696423,393.5793151855469,7050000,0.0,0.0
2026-05-01 00:00:00-04:00,388.55096464137625,397.7197519099379,385.3084672848396,388.1817932128906,4586500,0.0,0.0
2026-05-04 00:00:00-04:00,386.2662421458197,400.0742887575109,384.75971824806584,390.47650146484375,5062300,0.0,0.0
2026-05-05 00:00:00-04:00,403.4564938138347,413.5431406020763,399.3260362508589,409.87164306640625,6321100,0.0,0.0
2026-05-06 00:00:00-04:00,420.0281193618806,431.8108534811313,416.78562200338627,427.6305236816406,7241200,0.0,0.0
2026-05-07 00:00:00-04:00,425.37575976220626,426.71269324876874,405.0727608330907,409.69207763671875,7741800,0.0,0.0
2026-05-08 00:00:00-04:00,422.1332604925402,437.02881859336196,416.93529600053466,434.434814453125,8165200,0.0,0.0
2026-05-11 00:00:00-04:00,438.23600958343593,447.4147839436597,436.2605693703914,442.5959167480469,8324000,0.0,0.0
2026-05-12 00:00:00-04:00,435.79163792325363,436.04106079991465,415.59837157185996,430.20458984375,9319400,0.0,0.0
2026-05-13 00:00:00-04:00,434.90371550091504,439.4831159384227,421.3251180386192,435.6020812988281,7839400,0.0,0.0
2026-05-14 00:00:00-04:00,442.3165806371618,447.41480043440583,436.98891126308945,439.5429992675781,14936200,0.0,0.0
2026-05-15 00:00:00-04:00,427.43100846466194,443.47387448693536,420.5868288999158,435.612060546875,12768700,0.0,0.0
2026-05-18 00:00:00-04:00,440.2912488461568,440.69031937070474,407.14793483774883,412.61529541015625,8265000,0.0,0.0
2026-05-19 00:00:00-04:00,403.4365275430828,414.5009231882826,396.4526866871776,405.9706726074219,8418700,0.0,0.0
2026-05-20 00:00:00-04:00,415.4886384846244,426.5131174107768,414.8900174935696,425.8646240234375,6888400,0.0,0.0
2026-05-21 00:00:00-04:00,423.7369065055144,430.5196623446708,421.15964524501885,426.90350341796875,5682900,0.53,0.0
2026-05-22 00:00:00-04:00,433.8860579799857,437.66201917826277,429.83039708128,431.6983947753906,4889300,0.0,0.0
2026-05-26 00:00:00-04:00,444.26493132962713,456.29207907183707,437.5321405656147,454.40411376953125,8044400,0.0,0.0
2026-05-27 00:00:00-04:00,460.7273258602551,461.90605806746316,440.64879059002044,447.77117919921875,5047600,0.0,0.0
2026-05-28 00:00:00-04:00,445.6534502883346,457.1911004225746,437.7818628006543,449.19964599609375,5675600,0.0,0.0
2026-05-29 00:00:00-04:00,452.2863508569121,459.96813902021586,445.22392603170596,449.5792541503906,8546800,0.0,0.0
2026-06-01 00:00:00-04:00,444.0651575132187,463.3844951543944,437.7519011269146,457.68060302734375,6613700,0.0,0.0
2026-06-02 00:00:00-04:00,464.80295755471474,490.984982162644,460.9570944861487,489.5265197753906,10440700,0.0,0.0
2026-06-03 00:00:00-04:00,487.4287941308176,507.71709697152926,486.8393975297906,500.2350769042969,8964900,0.0,0.0
2026-06-04 00:00:00-04:00,485.1412480551474,510.20444462327976,479.597157972364,501.16412353515625,6729000,0.0,0.0
2026-06-05 00:00:00-04:00,479.1975849106027,484.3820436041942,452.42622376577884,452.526123046875,11909400,0.0,0.0
2026-06-08 00:00:00-04:00,475.49154617162424,497.1783474412626,470.61675401394865,491.644287109375,9726900,0.0,0.0
2026-06-09 00:00:00-04:00,501.1840864986732,525.4181523288704,466.01170477160554,498.6767578125,11731700,0.0,0.0
2026-06-10 00:00:00-04:00,502.2529508205413,533.8691376138418,494.35139626938167,496.4791259765625,11393800,0.0,0.0
2026-06-11 00:00:00-04:00,521.9318645665493,557.0243434530702,519.3446653569473,552.0496826171875,12427700,0.0,0.0
2026-06-12 00:00:00-04:00,548.0339983636952,569.3412322504515,543.4888705432007,566.6441040039062,8055800,0.0,0.0
2026-06-15 00:00:00-04:00,589.3497616432984,598.979478791973,579.8899067983571,585.154296875,11664400,0.0,0.0
2026-06-16 00:00:00-04:00,581.368296887857,600.2680690938965,567.0436493058121,567.6229858398438,10906100,0.0,0.0
2026-06-17 00:00:00-04:00,591.3876190628448,622.6841082106196,590.1988877914607,592.28662109375,11045500,0.0,0.0
2026-06-18 00:00:00-04:00,621.855060996017,638.2175692141243,611.8457445703723,616.4508056640625,16781200,0.0,0.0
2026-06-22 00:00:00-04:00,625.5510448561254,640.4950865888701,620.0269836859661,639.4961547851562,10737300,0.0,0.0
2026-06-23 00:00:00-04:00,581.3084183280791,591.8671355564264,572.8974290175842,585.2542114257812,12035100,0.0,0.0
2026-06-24 00:00:00-04:00,584.6148242891134,593.6352075144702,568.8816487778739,588.3408203125,10726700,0.0,0.0
2026-06-25 00:00:00-04:00,637.0587521649362,668.5051055106441,609.0487266273076,667.2864379882812,16477800,0.0,0.0
2026-06-26 00:00:00-04:00,642.073449260977,659.4848241876985,621.3356141835166,626.1704711914062,28138600,0.0,0.0
2026-06-29 00:00:00-04:00,634.7512355684455,708.2326574039321,631.4347746279255,693.8980102539062,14165300,0.0,0.0
2026-06-30 00:00:00-04:00,696.7549601827914,738.8798989117877,695.2565624189574,722.2277221679688,16461200,0.0,0.0
2026-07-01 00:00:00-04:00,667.6959668631298,693.038922313539,638.3773433930633,650.2146606445312,16089200,0.0,0.0
2026-07-02 00:00:00-04:00,655.9885286478141,656.2981950681802,581.2784409940324,602.3958129882812,15071700,0.0,0.0
2026-07-06 00:00:00-04:00,627.0894783995512,628.3281441590747,591.0479995771518,592.1567993164062,8622800,0.0,0.0
2026-07-07 00:00:00-04:00,544.7674639619504,557.6837065297274,527.0664207171061,553.90771484375,12552400,0.0,0.0
2026-07-08 00:00:00-04:00,546.5155951343639,577.5224790280582,545.5965948965757,569.890625,7535700,0.0,0.0
2026-07-09 00:00:00-04:00,626.6399288937963,629.307059829824,584.8246567854503,588.0311889648438,14418000,0.0,0.0
2026-07-10 00:00:00-04:00,577.6223486472957,608.5692381423538,572.7775535169973,601.8564453125,6279300,0.0,0.0
2026-07-13 00:00:00-04:00,581.3883143507304,589.3897679295872,567.5431340526876,574.775390625,7561700,0.0,0.0
2026-07-14 00:00:00-04:00,613.2442927340592,613.4840266250667,583.3762057568129,595.063720703125,6513900,0.0,0.0
2026-07-15 00:00:00-04:00,609.7279860046576,611.0665204494271,556.5648048596327,578.81103515625,8168200,0.0,0.0
2026-07-16 00:00:00-04:00,561.9390761215258,590.4586279549089,556.6747469641948,560.330810546875,8406100,0.0,0.0
2026-07-17 00:00:00-04:00,531.8313015250113,550.5912085596145,512.671736422373,529.0941772460938,10326500,0.0,0.0
2026-07-20 00:00:00-04:00,545.0471933385277,554.3971808756951,522.4014252399297,525.1384887695312,6558300,0.0,0.0
2026-07-21 00:00:00-04:00,564.3465575748833,571.8884808046024,551.4103779984987,563.9469604492188,7636400,0.0,0.0
2026-07-22 00:00:00-04:00,543.7285877495399,562.7382899428353,542.5997898919999,553.3283081054688,4963500,0.0,0.0
2026-07-23 00:00:00-04:00,548.3835479661813,575.8741699601605,546.8052796580068,562.1987915039062,5706400,0.0,0.0
2026-07-24 00:00:00-04:00,555.6158860078156,562.1988125164539,529.4438602967418,535.6771850585938,6262200,0.0,0.0
2026-07-27 00:00:00-04:00,538.9636600969685,547.9640456820096,493.11272547028847,516.337890625,8011400,0.0,0.0
2026-07-28 00:00:00-04:00,490.39562597375175,494.4712544149321,466.5111623295723,475.9510498046875,9891300,0.0,0.0
2026-07-29 00:00:00-04:00,462.92498696109465,474.4926037615108,435.863897742946,435.9837951660156,10166900,0.0,0.0
2026-07-30 00:00:00-04:00,481.964635913446,507.9967967268167,475.6114136804508,501.2340087890625,12166300,0.0,0.0
2026-07-31 00:00:00-04:00,531.1220786860339,535.9668737789481,502.37282121259443,507.12774658203125,7411500,0.0,0.0
2026-08-03 00:00:00-04:00,498.32712632825064,518.9450942734654,491.15480298654495,517.656494140625,5978900,0.0,0.0
2026-08-04 00:00:00-04:00,544.0682662981079,549.0828628159294,534.9779497172648,546.0361328125,7971700,0.0,0.0
2026-08-05 00:00:00-04:00,543.9283605515157,553.488145130258,530.0032489134359,533.6693115234375,5358100,0.0,0.0
2026-08-06 00:00:00-04:00,524.7788970700265,538.9237455671174,510.5041215818653,526.9165649414062,4173200,0.0,0.0
2026-08-07 00:00:00-04:00,539.0136794888218,545.3568725333388,527.4360321828723,538.5641479492188,4555000,0.0,0.0
2026-08-10 00:00:00-04:00,554.4071376484701,554.72680313432,521.0128555746157,521.562255859375,7019400,0.0,0.0
2026-08-11 00:00:00-04:00,539.4131669516975,539.4131669516975,522.1016619778696,525.0485229492188,6973800,0.0,0.0
2026-08-12 00:00:00-04:00,547.4146499957131,553.1585080932958,544.3179856702181,547.5645141601562,7495000,0.0,0.0
2026-08-13 00:00:00-04:00,548.2237707498291,563.1578136815444,531.2219316303414,533.968994140625,12963300,0.0,0.0
2026-08-14 00:00:00-04:00,498.86655611264075,522.441353695715,496.56902506858296,506.63824462890625,13132300,0.0,0.0
2026-08-17 00:00:00-04:00,517.4467118764579,539.233413657786,514.5697831953779,534.7382202148438,9624100,0.0,0.0
2026-08-18 00:00:00-04:00,506.82805196687144,516.2779692936889,497.1983647069724,513.7806396484375,8611900,0.0,0.0
2026-08-19 00:00:00-04:00,507.86693037265013,512.9314915325449,488.0281285710319,495.6400146484375,6571200,0.0,0.0
2026-08-20 00:00:00-04:00,489.5799865722656,499.8900146484375,487.4700012207031,496.2099914550781,6604500,0.53,0.0
2026-08-21 00:00:00-04:00,503.0,503.5,483.1300048828125,492.32000732421875,5526800,0.0,0.0
2026-08-24 00:00:00-04:00,481.8800048828125,489.739990234375,473.6700134277344,484.19000244140625,9264700,0.0,0.0
2026-08-25 00:00:00-04:00,490.05999755859375,492.29998779296875,475.8800048828125,480.0400085449219,5185200,0.0,0.0
2026-08-26 00:00:00-04:00,479.739990234375,480.6700134277344,472.3999938964844,479.760009765625,5193000,0.0,0.0
2026-08-27 00:00:00-04:00,481.5,484.9800109863281,471.0,482.3599853515625,6285600,0.0,0.0
2026-08-28 00:00:00-04:00,476.260009765625,477.9700012207031,460.510009765625,461.6700134277344,6524800,0.0,0.0
2026-08-31 00:00:00-04:00,462.4100036621094,465.8999938964844,453.9100036621094,458.3900146484375,6174000,0.0,0.0
2026-09-01 00:00:00-04:00,450.7200012207031,451.45001220703125,438.8299865722656,441.8500061035156,7142500,0.0,0.0
2026-09-02 00:00:00-04:00,443.5,443.5,433.57000732421875,438.4599914550781,6518400,0.0,0.0
2026-09-03 00:00:00-04:00,432.4200134277344,437.1400146484375,426.1300048828125,435.9100036621094,5999200,0.0,0.0
2026-09-04 00:00:00-04:00,452.5,460.20001220703125,443.3599853515625,454.7099914550781,6009400,0.0,0.0
2026-09-08 00:00:00-04:00,464.0199890136719,472.8900146484375,458.1499938964844,472.7900085449219,6304600,0.0,0.0
2026-09-09 00:00:00-04:00,466.6600036621094,474.0400085449219,463.7799987792969,468.8500061035156,3936600,0.0,0.0
2026-09-10 00:00:00-04:00,455.3999938964844,460.8599853515625,450.55999755859375,454.010009765625,4837400,0.0,0.0
2026-09-11 00:00:00-04:00,,,,,4310804,0.0,0.0
