Date,Open,High,Low,Close,Volume,Dividends,Stock Splits
2021-09-20 00:00:00-04:00,149.9629373926947,152.57900655242577,148.6360781426035,151.10159301757812,5976900,0.0,0.0
2021-09-21 00:00:00-04:00,152.3625295957753,155.5996827174694,152.1555013594568,153.642333984375,3480600,0.0,0.0
2021-09-22 00:00:00-04:00,155.85378499891104,158.67688226241418,155.17624050694909,157.613525390625,3562800,0.0,0.0
2021-09-23 00:00:00-04:00,159.49559906013224,163.8337593361684,159.32620574825918,163.13739013671875,4399200,0.0,0.0
2021-09-24 00:00:00-04:00,163.14678343698674,165.62170325667293,163.0809186353338,165.35821533203125,2680400,0.0,0.0
2021-09-27 00:00:00-04:00,167.1932522910791,168.2566236729067,165.93227211378976,166.34632873535156,3703300,0.0,0.0
2021-09-28 00:00:00-04:00,165.1417909023219,166.78859770061746,162.50689715324592,162.93035888671875,3862200,0.0,0.0
2021-09-29 00:00:00-04:00,162.69509740914683,162.7797868822874,160.35192147248307,161.42469787597656,2726100,0.0,0.0
2021-09-30 00:00:00-04:00,162.02696407270946,162.19635738429093,157.53824952153187,157.6511688232422,3088200,0.0,0.0
2021-10-01 00:00:00-04:00,158.5639778716858,164.79360849051304,158.54515320096868,163.68319702148438,3956000,0.0,0.0
2021-10-04 00:00:00-04:00,163.6267135977821,166.77916343164708,161.74464885194706,162.47865295410156,3613900,0.0,0.0
2021-10-05 00:00:00-04:00,163.20324389778838,165.67816372981787,162.45983461220203,164.45481872558594,2629400,0.0,0.0
2021-10-06 00:00:00-04:00,162.37511898907945,164.58653617996333,159.88137488998137,163.17498779296875,2922200,0.0,0.0
2021-10-07 00:00:00-04:00,165.56172836587896,166.8541429496646,163.8636564780563,164.4202423095703,3578800,0.43,0.0
2021-10-08 00:00:00-04:00,164.00519554098588,166.95793952894735,163.70330965119308,165.2315673828125,2375300,0.0,0.0
2021-10-11 00:00:00-04:00,165.83529608564564,166.77866773602005,163.51460988676163,163.6372528076172,2499200,0.0,0.0
2021-10-12 00:00:00-04:00,163.77878645304713,166.56173051459155,163.2976719945847,165.0051727294922,3069500,0.0,0.0
2021-10-13 00:00:00-04:00,162.9957981161241,164.23161302005812,157.61858108636258,159.16571044921875,5608100,0.0,0.0
2021-10-14 00:00:00-04:00,161.31658451866753,162.61844226319616,160.19396972675798,161.79769897460938,3061900,0.0,0.0
2021-10-15 00:00:00-04:00,163.9296847893247,167.70317113930014,163.34478461667706,165.85415649414062,3043900,0.0,0.0
2021-10-18 00:00:00-04:00,165.63722063411052,167.55226421644804,164.45800589647848,166.8070068359375,2623300,0.0,0.0
2021-10-19 00:00:00-04:00,167.66545573742974,167.9201701383833,166.27869812459772,167.2692413330078,1400100,0.0,0.0
2021-10-20 00:00:00-04:00,166.92965182045,169.58996744001257,166.2315658396354,169.42959594726562,2398500,0.0,0.0
2021-10-21 00:00:00-04:00,169.41071163119383,169.60881165056415,166.0428673547835,167.42019653320312,3313800,0.0,0.0
2021-10-22 00:00:00-04:00,174.52376233384106,178.32554908607716,171.88231872768426,176.48597717285156,6026100,0.0,0.0
2021-10-25 00:00:00-04:00,176.15580059755365,176.60862939596282,171.53328483946524,171.98609924316406,3889600,0.0,0.0
2021-10-26 00:00:00-04:00,173.0332545067081,173.10872597836922,167.46736662278133,170.703125,3832200,0.0,0.0
2021-10-27 00:00:00-04:00,169.9012420600713,173.32567140424507,167.8352558174298,167.94845581054688,3309900,0.0,0.0
2021-10-28 00:00:00-04:00,168.2975255446546,169.0805258761742,163.2221949832397,164.72215270996094,4865700,0.0,0.0
2021-10-29 00:00:00-04:00,165.6843915125841,166.66549183712752,163.2410476449304,163.93914794921875,3455400,0.0,0.0
2021-11-01 00:00:00-04:00,164.69383051484195,166.0994595077596,163.52404444320322,164.34478759765625,2250400,0.0,0.0
2021-11-02 00:00:00-04:00,165.0900499424216,165.2787214062709,162.79766358696762,163.36367797851562,3252900,0.0,0.0
2021-11-03 00:00:00-04:00,162.9202881810661,163.98630279836223,162.02408795342433,162.83538818359375,3831200,0.0,0.0
2021-11-04 00:00:00-04:00,162.3825905142723,164.16556261823783,161.9392046222275,162.7599334716797,3315400,0.0,0.0
2021-11-05 00:00:00-04:00,166.2032278846882,167.72205697687227,165.42024200010283,166.68435668945312,3936000,0.0,0.0
2021-11-08 00:00:00-05:00,167.98619314363432,171.77853673385175,167.72203584397639,169.85406494140625,3392000,0.0,0.0
2021-11-09 00:00:00-05:00,169.5805227774329,170.92955204162263,168.3258364584665,169.67486572265625,3203300,0.0,0.0
2021-11-10 00:00:00-05:00,169.2031813288016,173.08986887627603,169.2031813288016,171.11822509765625,3296700,0.0,0.0
2021-11-11 00:00:00-05:00,171.68420814687863,172.3822939405508,170.50499360923382,171.0332794189453,2119700,0.0,0.0
2021-11-12 00:00:00-05:00,170.47673291444366,172.05216217257924,169.47674666442384,171.58990478515625,2390200,0.0,0.0
2021-11-15 00:00:00-05:00,172.19361484387997,173.51432930948678,171.73135758356355,172.7596435546875,1748300,0.0,0.0
2021-11-16 00:00:00-05:00,173.01437791969803,173.01437791969803,169.56164816033294,170.67481994628906,3299200,0.0,0.0
2021-11-17 00:00:00-05:00,170.92011226218133,171.44841261257716,168.10886805817447,169.43902587890625,3543500,0.0,0.0
2021-11-18 00:00:00-05:00,169.8068937580116,170.15593665554073,165.88246431420745,166.2315216064453,4011500,0.0,0.0
2021-11-19 00:00:00-05:00,163.89198098467057,165.34478163722108,162.10900883451237,163.71273803710938,4456500,0.0,0.0
2021-11-22 00:00:00-05:00,165.0806148417217,165.32588629549983,161.21278521044823,161.2222137451172,4651700,0.0,0.0
2021-11-23 00:00:00-05:00,161.59959378086396,162.2127796989061,158.3260924516474,161.17507934570312,5890300,0.0,0.0
2021-11-24 00:00:00-05:00,158.93925560389818,162.24105646287526,158.39209830561686,161.8920135498047,3590600,0.0,0.0
2021-11-26 00:00:00-05:00,155.74126581822196,155.8827802421413,145.7509607042901,147.93959045410156,6804200,0.0,0.0
2021-11-29 00:00:00-05:00,151.64698234393984,152.26961104499637,145.59996702715918,148.92063903808594,6258500,0.0,0.0
2021-11-30 00:00:00-05:00,146.3074916492829,147.04332031382035,143.1094626396524,143.6754913330078,7444900,0.0,0.0
2021-12-01 00:00:00-05:00,147.26032023577594,148.17539188731138,141.40197595906932,141.56234741210938,6145500,0.0,0.0
2021-12-02 00:00:00-05:00,143.09063657887418,148.9678536211546,142.88310801315237,147.8924102783203,6289300,0.0,0.0
2021-12-03 00:00:00-05:00,149.12823612678537,149.36407910881886,144.9302339255318,147.1094207763672,4069300,0.0,0.0
2021-12-06 00:00:00-05:00,150.06217867549725,153.52435190495163,149.09993528368156,151.58099365234375,4141900,0.0,0.0
2021-12-07 00:00:00-05:00,155.18463770314779,159.58075308308568,154.86389479423622,157.4958953857422,5124500,0.0,0.0
2021-12-08 00:00:00-05:00,158.4675844953914,160.8826139021218,157.80722714116212,159.36378479003906,4042400,0.0,0.0
2021-12-09 00:00:00-05:00,158.34495384739796,159.26945413101498,157.118567694602,158.5053253173828,2245300,0.0,0.0
2021-12-10 00:00:00-05:00,159.78832543607604,160.92036875500662,156.5619954995035,157.57139587402344,2768500,0.0,0.0
2021-12-13 00:00:00-05:00,156.97705614318136,156.97705614318136,152.81679759407683,154.0526123046875,3477600,0.0,0.0
2021-12-14 00:00:00-05:00,152.95829724802817,155.90161254557117,151.9394540154839,153.6280975341797,2964200,0.0,0.0
2021-12-15 00:00:00-05:00,153.49602871059594,153.81677166117632,149.5527271835815,153.05264282226562,5013000,0.0,0.0
2021-12-16 00:00:00-05:00,154.7129793693683,155.8261512139058,152.73189277809536,153.7696075439453,4900100,0.0,0.0
2021-12-17 00:00:00-05:00,151.88287217318788,152.18475808324254,148.0622131929944,150.9489288330078,9576800,0.0,0.0
2021-12-20 00:00:00-05:00,148.10936858721468,149.2508547679609,145.07171032193824,147.06222534179688,3839600,0.0,0.0
2021-12-21 00:00:00-05:00,148.81690005915377,151.93002984900065,148.59992857770075,151.79795837402344,3722400,0.0,0.0
2021-12-22 00:00:00-05:00,151.43952437399957,153.93002618024246,151.36405287748116,153.26966857910156,2877700,0.0,0.0
2021-12-23 00:00:00-05:00,154.58091273334165,156.9770709113257,154.32619830197677,154.89222717285156,3140500,0.0,0.0
2021-12-27 00:00:00-05:00,155.65635951968275,155.65635951968275,153.3262298346899,155.08090209960938,1687300,0.0,0.0
2021-12-28 00:00:00-05:00,154.33563310375743,156.72236261957084,154.33563310375743,155.09976196289062,2035300,0.0,0.0
2021-12-29 00:00:00-05:00,155.29785440203617,155.5902973442511,154.0148682336627,154.55259704589844,2082200,0.0,0.0
2021-12-30 00:00:00-05:00,155.29786509724457,156.4110513350775,154.71297917253418,154.86392211914062,1632900,0.0,0.0
2021-12-31 00:00:00-05:00,154.8073488353296,155.8167493762383,154.0054768884383,154.33566284179688,1743600,0.0,0.0
2022-01-03 00:00:00-05:00,155.19405343338758,158.86376830355528,155.09028198380616,158.68453979492188,3236400,0.0,0.0
2022-01-04 00:00:00-05:00,160.1090623655915,164.19386396955764,159.9958623563813,163.77877807617188,4799500,0.0,0.0
2022-01-05 00:00:00-05:00,164.81648168565476,166.32586782052553,161.78825209126526,162.0335235595703,4491900,0.0,0.0
2022-01-06 00:00:00-05:00,163.17787429369014,164.2654832926345,160.5392676434057,163.51834106445312,2649400,0.43,0.0
2022-01-07 00:00:00-05:00,163.13059811340682,165.84486563697016,162.53477765961455,164.9180450439453,3043000,0.0,0.0
2022-01-10 00:00:00-05:00,166.64878316892862,166.64878316892862,161.24860364168106,164.31280517578125,4269400,0.0,0.0
2022-01-11 00:00:00-05:00,165.0693830778939,166.18536330752082,163.1306284467543,165.8638153076172,2762700,0.0,0.0
2022-01-12 00:00:00-05:00,166.66763934886504,167.2256365252316,164.71941862322842,165.00314331054688,3224300,0.0,0.0
2022-01-13 00:00:00-05:00,165.42873637458405,166.80952226700202,163.4710632938954,163.88717651367188,3808800,0.0,0.0
2022-01-14 00:00:00-05:00,159.55570354849363,159.55570354849363,155.7727458767747,159.26251220703125,6508500,0.0,0.0
2022-01-18 00:00:00-05:00,158.79914131013027,159.77325195354356,155.89571378187657,157.15354919433594,4336300,0.0,0.0
2022-01-19 00:00:00-05:00,157.68313397818076,157.68313397818076,152.42482496111117,152.6328887939453,3592000,0.0,0.0
2022-01-20 00:00:00-05:00,152.377530006697,155.64034253482558,150.80761354441225,152.18838500976562,4205600,0.0,0.0
2022-01-21 00:00:00-05:00,151.271045816705,153.0963307449158,149.12421288857016,150.126708984375,3779100,0.0,0.0
2022-01-24 00:00:00-05:00,147.36514504990987,150.79816983703384,144.55629740445542,150.30638122558594,5405000,0.0,0.0
2022-01-25 00:00:00-05:00,157.12511534716526,165.0031248774104,150.99672916756262,163.7169189453125,13320800,0.0,0.0
2022-01-26 00:00:00-05:00,167.34861355287,169.4954464113444,163.6413161806374,165.80706787109375,8257300,0.0,0.0
2022-01-27 00:00:00-05:00,167.11215344266162,168.5307625795787,161.37152263930656,162.57260131835938,3649900,0.0,0.0
2022-01-28 00:00:00-05:00,162.44022919010396,167.59452157664563,160.55821661385718,167.45265197753906,4271500,0.0,0.0
2022-01-31 00:00:00-05:00,166.3650216853577,170.35604311665185,165.71245918898032,170.0628662109375,5524300,0.0,0.0
2022-02-01 00:00:00-05:00,170.15742182907118,174.0538633265344,169.28734336026082,173.58099365234375,3471200,0.0,0.0
2022-02-02 00:00:00-05:00,172.6068949682077,174.5645824787482,171.78410629725846,174.16737365722656,2841400,0.0,0.0
2022-02-03 00:00:00-05:00,174.77264998851908,175.71838942089113,172.42722023687122,174.0538787841797,3380900,0.0,0.0
2022-02-04 00:00:00-05:00,174.8767038072314,178.4421315236525,174.18630354492103,175.7657012939453,4075800,0.0,0.0
2022-02-07 00:00:00-05:00,175.55762397137735,178.65964830567555,174.72536861262054,177.6760711669922,3260800,0.0,0.0
2022-02-08 00:00:00-05:00,177.87470359069331,183.97472105219902,177.43020482949632,183.47348022460938,5133900,0.0,0.0
2022-02-09 00:00:00-05:00,183.75719597589423,187.9373630216334,183.75719597589423,185.7432403564453,4614200,0.0,0.0
2022-02-10 00:00:00-05:00,185.70538877727466,187.47391683374997,184.0503448306966,184.90150451660156,4511100,0.0,0.0
2022-02-11 00:00:00-05:00,184.82585492709927,186.49981780456272,180.11607647767414,181.40228271484375,4834900,0.0,0.0
2022-02-14 00:00:00-05:00,181.8278821159475,183.6153293022522,180.56059457239607,181.9130096435547,3841300,0.0,0.0
2022-02-15 00:00:00-05:00,184.0881737680774,187.5968733932432,183.64367508273958,187.23748779296875,4134300,0.0,0.0
2022-02-16 00:00:00-05:00,186.78351322418098,188.7222816906499,186.53762619934145,187.6157684326172,4122600,0.0,0.0
2022-02-17 00:00:00-05:00,185.01503734462176,186.67008159791533,183.72883094768574,185.0906982421875,3051700,0.0,0.0
2022-02-18 00:00:00-05:00,184.3435330675454,187.01997746024477,183.66259950462634,184.3057098388672,2806300,0.0,0.0
2022-02-22 00:00:00-05:00,184.58944032666219,185.50680885399478,181.3455605638489,181.9981231689453,3420600,0.0,0.0
2022-02-23 00:00:00-05:00,183.80444991995734,183.8990151972139,178.31915875976767,178.69744873046875,3562100,0.0,0.0
2022-02-24 00:00:00-05:00,170.67760373994673,178.2718905489162,169.334655420828,178.13003540039062,5886600,0.0,0.0
2022-02-25 00:00:00-05:00,179.36895565938383,183.7098964677295,179.17981064700064,183.19920349121094,5426200,0.0,0.0
2022-02-28 00:00:00-05:00,179.34056151584252,184.54212805562452,178.9622571089922,183.984130859375,5787800,0.0,0.0
2022-03-01 00:00:00-05:00,184.10707709023805,184.20165679734558,167.17834853826668,168.39834594726562,8562500,0.0,0.0
2022-03-02 00:00:00-05:00,170.0344566571558,172.3515294086018,168.43616941601582,170.5262451171875,4058800,0.0,0.0
2022-03-03 00:00:00-05:00,172.22860144492074,173.4958887682019,169.03199767855565,170.12905883789062,3339900,0.0,0.0
2022-03-04 00:00:00-05:00,167.03647437171892,167.23508597883335,161.55119785082613,163.56561279296875,5348600,0.0,0.0
2022-03-07 00:00:00-05:00,160.89864721759056,161.49445322098376,150.44822406029542,150.49551391601562,7760400,0.0,0.0
2022-03-08 00:00:00-05:00,151.81009927816712,157.26700546857978,147.27054707016936,151.3656005859375,7058900,0.0,0.0
2022-03-09 00:00:00-05:00,158.90318672829275,161.46613320649934,157.6642700435314,159.49899291992188,4788200,0.0,0.0
2022-03-10 00:00:00-05:00,156.60499076237085,161.68362137969163,155.88623398143807,160.3974151611328,3840900,0.0,0.0
2022-03-11 00:00:00-05:00,162.43077607894364,162.96038794528832,158.53433355011558,158.7896728515625,3000000,0.0,0.0
2022-03-14 00:00:00-04:00,162.03355031031256,165.2301544390416,160.50145693776886,163.41432189941406,4614600,0.0,0.0
2022-03-15 00:00:00-04:00,164.17090212721513,168.62534113610653,163.9628383007627,166.4879608154297,3827300,0.0,0.0
2022-03-16 00:00:00-04:00,169.45758268130413,172.84333154324818,166.73386295932977,170.80999755859375,5239300,0.0,0.0
2022-03-17 00:00:00-04:00,170.4033411797343,177.52477309992005,170.2898570542754,176.82492065429688,6398900,0.0,0.0
2022-03-18 00:00:00-04:00,178.45159460660625,180.63625061664806,174.81049163597655,180.37144470214844,8744100,0.0,0.0
2022-03-21 00:00:00-04:00,180.4187142408074,181.1090999807782,177.38288433542493,178.82986450195312,3166200,0.0,0.0
2022-03-22 00:00:00-04:00,180.1633530592504,183.80445546821605,179.74722542041573,180.9483184814453,3007000,0.0,0.0
2022-03-23 00:00:00-04:00,178.58396263419195,179.33109036878906,175.1320053589757,175.9264373779297,3664600,0.0,0.0
2022-03-24 00:00:00-04:00,176.48446200191776,179.09469802396387,175.62383552851406,178.6407470703125,2424400,0.0,0.0
2022-03-25 00:00:00-04:00,180.07822721861226,180.8820969813692,178.74473131524059,179.9552764892578,1871900,0.0,0.0
2022-03-28 00:00:00-04:00,179.64320365871873,179.64320365871873,176.18179384651893,179.40676879882812,3043700,0.0,0.0
2022-03-29 00:00:00-04:00,181.8940909584557,183.47347428893278,180.03098287435344,180.5795135498047,2764100,0.0,0.0
2022-03-30 00:00:00-04:00,181.0050761859121,181.6765575576968,178.17730998176145,179.46351623535156,2278000,0.0,0.0
2022-03-31 00:00:00-04:00,179.24600652698678,180.74027667074205,176.79654468202037,176.85328674316406,3801600,0.0,0.0
2022-04-01 00:00:00-04:00,177.98816383597574,179.14196713391266,176.17234580090428,177.01405334472656,2647000,0.0,0.0
2022-04-04 00:00:00-04:00,177.43962511053897,178.2718804168253,175.51977524513254,177.4774627685547,2971400,0.0,0.0
2022-04-05 00:00:00-04:00,177.3167251660272,180.48494420981376,174.77268329913332,175.34011840820312,2974700,0.0,0.0
2022-04-06 00:00:00-04:00,174.47948166939918,174.8388528584353,171.86923147171802,173.74180603027344,3143300,0.0,0.0
2022-04-07 00:00:00-04:00,172.1579384475939,173.81768054318727,169.87223300271557,172.98306274414062,4062400,0.52,0.0
2022-04-08 00:00:00-04:00,173.56161564746066,177.08975456590744,172.5467948827283,174.2255096435547,3075600,0.0,0.0
2022-04-11 00:00:00-04:00,171.72162645211884,173.03045604553438,168.10813376261083,168.41163635253906,4816800,0.0,0.0
2022-04-12 00:00:00-04:00,167.46326411913603,170.00503397066927,165.69919456851798,166.4863739013672,4348900,0.0,0.0
2022-04-13 00:00:00-04:00,165.24394507535087,170.73532932286625,165.02581156045102,170.32749938964844,2980600,0.0,0.0
2022-04-14 00:00:00-04:00,170.02400719482952,173.0589616835038,169.46442592876096,171.8165283203125,2667100,0.0,0.0
2022-04-18 00:00:00-04:00,171.97772592142522,176.30253705259622,171.66474426432708,174.9652557373047,2182700,0.0,0.0
2022-04-19 00:00:00-04:00,175.46795604079867,178.38910431355924,175.1834403582285,177.5165557861328,2713800,0.0,0.0
2022-04-20 00:00:00-04:00,178.61667523732427,180.34279921398615,177.96226042932048,178.73997497558594,2256200,0.0,0.0
2022-04-21 00:00:00-04:00,181.0920958937434,182.49575947804695,175.06011817462985,176.16029357910156,3973200,0.0,0.0
2022-04-22 00:00:00-04:00,175.86629417045776,175.98011491639232,171.0198603542416,171.22850036621094,4373700,0.0,0.0
2022-04-25 00:00:00-04:00,170.69732688988458,174.75657996278682,168.8099726193632,174.60484313964844,4408900,0.0,0.0
2022-04-26 00:00:00-04:00,173.79871549006722,174.42467886629288,169.33163163293375,169.4359588623047,3728100,0.0,0.0
2022-04-27 00:00:00-04:00,168.49703371935956,170.1567759400661,166.44843413371177,168.4685821533203,4085800,0.0,0.0
2022-04-28 00:00:00-04:00,171.04827125224762,174.4056857870164,168.44958432701196,172.5941925048828,2703200,0.0,0.0
2022-04-29 00:00:00-04:00,170.8016845473826,172.90718710668028,165.33876720184952,165.6991729736328,3210100,0.0,0.0
2022-05-02 00:00:00-04:00,165.6422322379045,165.86038015972588,158.87048601168004,162.7685089111328,3881800,0.0,0.0
2022-05-03 00:00:00-04:00,164.07734258228783,165.02576652785018,161.54505238425244,163.23324584960938,3152300,0.0,0.0
2022-05-04 00:00:00-04:00,163.33759267186016,168.9807129310764,162.37019607914226,168.64877319335938,2930400,0.0,0.0
2022-05-05 00:00:00-04:00,167.5296348314417,167.64344109408574,160.596656877176,162.19000244140625,2987100,0.0,0.0
2022-05-06 00:00:00-04:00,160.44491943801904,161.22263422490147,156.49947131096735,158.5290985107422,3129800,0.0,0.0
2022-05-09 00:00:00-04:00,156.5183999681578,157.45734486845413,152.10823448356146,152.71522521972656,4485200,0.0,0.0
2022-05-10 00:00:00-04:00,154.99145017726661,156.233883316479,150.2208785585646,153.48345947265625,3014800,0.0,0.0
2022-05-11 00:00:00-04:00,153.38858940230725,156.4330364116395,150.83732686056337,151.16928100585938,2644300,0.0,0.0
2022-05-12 00:00:00-04:00,147.57480500379054,149.0543443770905,142.14981765382132,145.36497497558594,5314800,0.0,0.0
2022-05-13 00:00:00-04:00,147.91623517157376,151.83321702708233,147.84035950379342,150.5623321533203,3625100,0.0,0.0
2022-05-16 00:00:00-04:00,149.29145034849273,150.55285621663896,146.36082317027694,148.3619842529297,2811300,0.0,0.0
2022-05-17 00:00:00-04:00,152.76268697518668,154.36551165533066,150.2303817232256,153.50245666503906,2928100,0.0,0.0
2022-05-18 00:00:00-04:00,152.49710820626,152.5540258098941,147.38510276763685,148.04901123046875,2697700,0.0,0.0
2022-05-19 00:00:00-04:00,145.64948137729223,148.3904261725498,145.34597874926283,146.0572967529297,2768300,0.0,0.0
2022-05-20 00:00:00-04:00,146.38926868587785,146.81605664544472,141.98858134869684,145.33651733398438,2982500,0.0,0.0
2022-05-23 00:00:00-04:00,148.53266299014263,151.33051051474217,147.97309637958267,150.8373260498047,2726600,0.0,0.0
2022-05-24 00:00:00-04:00,149.1776293280689,149.82256528034486,145.0330203918134,147.60325622558594,2817800,0.0,0.0
2022-05-25 00:00:00-04:00,149.03535249370017,153.4170669106761,148.02054630013924,152.23153686523438,4381000,0.0,0.0
2022-05-26 00:00:00-04:00,154.30859085736955,158.1686837077656,154.30859085736955,156.84088134765625,2463900,0.0,0.0
2022-05-27 00:00:00-04:00,158.4626895470215,160.9285833556031,157.476320446147,160.85272216796875,2157500,0.0,0.0
2022-05-31 00:00:00-04:00,159.2783429904906,161.97186391595383,158.42475263176564,160.1129608154297,4123500,0.0,0.0
2022-06-01 00:00:00-04:00,159.99910769384624,160.63454996490123,155.38976699962936,157.2107391357422,2276400,0.0,0.0
2022-06-02 00:00:00-04:00,157.57115573945657,160.4638517045457,157.3719803407647,160.4164276123047,1707000,0.0,0.0
2022-06-03 00:00:00-04:00,158.29196809563726,159.37317093335096,157.41941970658783,158.2255859375,1390700,0.0,0.0
2022-06-06 00:00:00-04:00,160.37848514107205,161.4786458518401,157.694443803231,158.40576171875,1486000,0.0,0.0
2022-06-07 00:00:00-04:00,156.14853426261703,160.73890316932133,155.96833137849475,159.98965454101562,2083100,0.0,0.0
2022-06-08 00:00:00-04:00,158.14970024424542,159.94222100547307,156.67016113615935,157.40045166015625,2313900,0.0,0.0
2022-06-09 00:00:00-04:00,157.6470388530584,157.97899304265363,152.6298677756319,152.6772918701172,2273800,0.0,0.0
2022-06-10 00:00:00-04:00,149.14913249860052,149.7371651384784,146.39870906593862,146.4556121826172,2733300,0.0,0.0
2022-06-13 00:00:00-04:00,142.13084581193718,143.2405003473258,137.8819096088433,138.74496459960938,4156500,0.0,0.0
2022-06-14 00:00:00-04:00,138.42249951844835,139.79771161893905,135.86175724998222,137.1421356201172,3574800,0.0,0.0
2022-06-15 00:00:00-04:00,139.1243034792342,140.26240925892483,136.0419258203469,138.6785430908203,3327800,0.0,0.0
2022-06-16 00:00:00-04:00,135.23575334384023,135.24524684429508,129.45037653997034,130.4082794189453,4815100,0.0,0.0
2022-06-17 00:00:00-04:00,130.88253525777384,138.05261965640668,130.49367787544162,136.74378967285156,10033600,0.0,0.0
2022-06-21 00:00:00-04:00,141.03064665511218,141.03064665511218,136.72480803982262,137.29385375976562,3518800,0.0,0.0
2022-06-22 00:00:00-04:00,134.8943329451068,138.80184941905034,134.05023621730996,136.94293212890625,3419000,0.0,0.0
2022-06-23 00:00:00-04:00,137.06625582332026,137.17058305383117,132.27671119463466,134.34426879882812,3915000,0.0,0.0
2022-06-24 00:00:00-04:00,134.32531591341927,138.72600335509736,133.72780407275525,138.6121826171875,8957200,0.0,0.0
2022-06-27 00:00:00-04:00,140.35729494041638,141.0970646184707,136.5256532764285,136.84811401367188,3151500,0.0,0.0
2022-06-28 00:00:00-04:00,138.5457836832767,141.79887115135878,134.53395409878237,134.85641479492188,2649300,0.0,0.0
2022-06-29 00:00:00-04:00,134.34422936051934,134.372680917597,131.30927600724368,132.27667236328125,4164900,0.0,0.0
2022-06-30 00:00:00-04:00,130.1347526041314,133.15250634722358,127.85002239972128,131.96253967285156,4123500,0.52,0.0
2022-07-01 00:00:00-04:00,131.4389734905034,134.12353090825638,130.86778364368212,133.6570587158203,2625300,0.0,0.0
2022-07-05 00:00:00-04:00,130.62979623647624,132.94308471679688,129.13519096736096,132.94308471679688,4057000,0.0,0.0
2022-07-06 00:00:00-04:00,132.60033980251825,133.75223375869442,131.22951060494572,131.5150909423828,4401300,0.0,0.0
2022-07-07 00:00:00-04:00,133.44762223171216,135.34205449855497,132.46709080654196,134.25680541992188,4258000,0.0,0.0
2022-07-08 00:00:00-04:00,134.93270744194564,136.23690627911353,133.009717213611,134.9517364501953,3631800,0.0,0.0
2022-07-11 00:00:00-04:00,133.7236820208932,135.47530929411505,133.1239342321218,133.82839965820312,2373600,0.0,0.0
2022-07-12 00:00:00-04:00,130.924916018588,135.07552111433387,130.4774873056136,132.49566650390625,4047400,0.0,0.0
2022-07-13 00:00:00-04:00,130.2680436710916,133.29532680161824,129.81110048145135,132.70509338378906,2753800,0.0,0.0
2022-07-14 00:00:00-04:00,129.18283092303335,130.64887858664937,127.67871070203533,129.9253692626953,4600200,0.0,0.0
2022-07-15 00:00:00-04:00,133.00019052500113,136.23689379810588,132.20052194699855,135.63714599609375,3296600,0.0,0.0
2022-07-18 00:00:00-04:00,137.40779977456043,139.0356802381443,134.72324306870237,135.4943389892578,3330300,0.0,0.0
2022-07-19 00:00:00-04:00,137.4649426919768,140.8254073762527,137.4649426919768,140.6826171875,3372300,0.0,0.0
2022-07-20 00:00:00-04:00,139.81635676913496,141.939268337388,139.34036997326976,141.7774200439453,2802300,0.0,0.0
2022-07-21 00:00:00-04:00,141.09198717396393,143.1101661789791,139.41650465572192,142.9673614501953,4683000,0.0,0.0
2022-07-22 00:00:00-04:00,151.3732781249113,153.1534781784809,145.29016896043873,145.66143798828125,9298400,0.0,0.0
2022-07-25 00:00:00-04:00,146.84189057684654,147.34643529487167,143.94789795787304,146.4039764404297,4213800,0.0,0.0
2022-07-26 00:00:00-04:00,145.39488747088066,146.12791102668746,141.6917116747607,142.63417053222656,2812700,0.0,0.0
2022-07-27 00:00:00-04:00,144.3191745037742,145.3853800727264,140.1971279028595,144.3477325439453,5029100,0.0,0.0
2022-07-28 00:00:00-04:00,144.47148214353942,145.31873791306677,140.45415311698187,144.83323669433594,3587900,0.0,0.0
2022-07-29 00:00:00-04:00,145.05219040898194,146.96566634644006,144.02405733645864,146.62295532226562,3197900,0.0,0.0
2022-08-01 00:00:00-04:00,145.49962273762927,147.3369391017294,144.50957671297834,145.96609497070312,2295600,0.0,0.0
2022-08-02 00:00:00-04:00,144.71901046247328,145.9375353376668,143.59567421836414,144.31918334960938,2562900,0.0,0.0
2022-08-03 00:00:00-04:00,146.6705401573591,148.54591428211214,145.94703111893534,147.9652099609375,2609300,0.0,0.0
2022-08-04 00:00:00-04:00,148.52687573624777,150.13571290927052,147.8033667442842,149.33604431152344,3693300,0.0,0.0
2022-08-05 00:00:00-04:00,148.96476598284022,150.449841887714,148.50782290271565,149.94529724121094,2513600,0.0,0.0
2022-08-08 00:00:00-04:00,151.3637748505894,153.06780089301878,149.40271191567274,149.72637939453125,3080700,0.0,0.0
2022-08-09 00:00:00-04:00,150.0690777929243,151.30664604882784,149.71685230295228,151.17337036132812,2997900,0.0,0.0
2022-08-10 00:00:00-04:00,154.00075980941753,156.32357751349895,153.8769986039821,154.63858032226562,3225400,0.0,0.0
2022-08-11 00:00:00-04:00,156.46635410691957,156.99945690551144,154.39104446844487,155.1621551513672,1968200,0.0,0.0
2022-08-12 00:00:00-04:00,156.57106053739025,158.02757862407748,155.43820990864225,157.87525939941406,1942600,0.0,0.0
2022-08-15 00:00:00-04:00,156.39016969393026,158.08468097477834,155.89513951973976,157.4563751220703,1852800,0.0,0.0
2022-08-16 00:00:00-04:00,157.07558651054808,158.00851622982705,156.08554072032783,157.40878295898438,1876000,0.0,0.0
2022-08-17 00:00:00-04:00,155.45726702934812,156.58058872600148,154.41009042572037,156.0284423828125,1804100,0.0,0.0
2022-08-18 00:00:00-04:00,156.05699436352822,157.0660983814534,155.49533353701432,156.74241638183594,1397700,0.0,0.0
2022-08-19 00:00:00-04:00,155.64767787365622,156.05701953413347,154.22923203249428,154.4481964111328,1895400,0.0,0.0
2022-08-22 00:00:00-04:00,151.34474564262467,151.54466647258835,149.44079860891105,150.126220703125,1969300,0.0,0.0
2022-08-23 00:00:00-04:00,150.41179197032542,151.934955167751,149.65021037161262,149.7739715576172,2885200,0.0,0.0
2022-08-24 00:00:00-04:00,149.48835348063005,151.8968445636406,148.78388806892744,151.4875030517578,2029200,0.0,0.0
2022-08-25 00:00:00-04:00,152.31573269324736,154.533832293708,151.15432406938453,154.43862915039062,1936300,0.0,0.0
2022-08-26 00:00:00-04:00,155.37156435930174,155.73330432557924,149.64068118556517,149.75491333007812,2373700,0.0,0.0
2022-08-29 00:00:00-04:00,148.39360572761927,148.9933390413955,146.99420378554126,147.11795043945312,2693600,0.0,0.0
2022-08-30 00:00:00-04:00,148.16513810858422,148.62208126934783,145.5567257858845,147.23220825195312,2104500,0.0,0.0
2022-08-31 00:00:00-04:00,148.08895840373896,148.86005442228023,144.54761670484194,144.69993591308594,3271600,0.0,0.0
2022-09-01 00:00:00-04:00,143.57665623287417,144.10023005894882,140.55888732911728,143.85272216796875,2425200,0.0,0.0
2022-09-02 00:00:00-04:00,146.10886865156533,146.58485533621098,141.77738691609758,142.59608459472656,2028500,0.0,0.0
2022-09-06 00:00:00-04:00,142.79599841867199,144.04308114737478,139.51169336023457,141.46324157714844,2797600,0.0,0.0
2022-09-07 00:00:00-04:00,141.2728392978234,145.36632760709432,141.25381028951927,144.9379425048828,1766400,0.0,0.0
2022-09-08 00:00:00-04:00,143.6718057981575,146.30877585329605,142.32951998597179,146.14694213867188,3399200,0.0,0.0
2022-09-09 00:00:00-04:00,147.0322642374469,150.97343287602993,146.88947406161228,150.8306427001953,3543500,0.0,0.0
2022-09-12 00:00:00-04:00,151.8397377667388,155.60002930780786,151.68741855610304,154.64805603027344,4146300,0.0,0.0
2022-09-13 00:00:00-04:00,150.54505237732002,152.1348459955332,147.4035376802818,147.88905334472656,3519800,0.0,0.0
2022-09-14 00:00:00-04:00,148.67917984246205,149.99290761667888,146.12789842547457,148.79342651367188,2840200,0.0,0.0
2022-09-15 00:00:00-04:00,148.9171721580749,151.1638296639235,148.41262748534257,148.631591796875,2371600,0.0,0.0
2022-09-16 00:00:00-04:00,146.68004641105657,146.68004641105657,143.28149478994231,145.7280731201172,6527200,0.0,0.0
2022-09-19 00:00:00-04:00,143.98596392262843,148.01280697861728,143.4623756940814,147.89857482910156,2472500,0.0,0.0
2022-09-20 00:00:00-04:00,146.20408987783588,147.1655778703676,144.8237312268665,146.10888671875,1725900,0.0,0.0
2022-09-21 00:00:00-04:00,147.24173152329033,147.37500722502998,141.52037632766027,141.56797790527344,2599900,0.0,0.0
2022-09-22 00:00:00-04:00,141.672685346032,141.7393159291144,135.6276485742703,136.16075134277344,3249400,0.0,0.0
2022-09-23 00:00:00-04:00,134.01880338910252,135.1421394649089,131.45799282341835,133.52377319335938,3035600,0.0,0.0
2022-09-26 00:00:00-04:00,133.31433167296848,134.50429827237215,130.1347444055922,130.84872436523438,3808700,0.0,0.0
2022-09-27 00:00:00-04:00,132.7431707518127,133.63802805532674,129.5635831411674,130.88682556152344,2828700,0.0,0.0
2022-09-28 00:00:00-04:00,131.84829413335592,134.39957545170714,129.96339117980096,133.80935668945312,5269500,0.0,0.0
2022-09-29 00:00:00-04:00,131.7435835856555,132.27668630618254,129.31604878057868,131.17239379882812,2280700,0.0,0.0
2022-09-30 00:00:00-04:00,130.80111384607162,132.01012389560853,128.1546294721589,128.4307098388672,3717200,0.0,0.0
2022-10-03 00:00:00-04:00,131.3246966404121,134.009267967483,128.4402190810449,133.2952880859375,2677100,0.0,0.0
2022-10-04 00:00:00-04:00,136.16075709459443,138.55973418015924,136.16075709459443,138.47406005859375,2408800,0.0,0.0
2022-10-05 00:00:00-04:00,136.05601256846063,138.3121844798966,135.2563585398452,137.43637084960938,2073800,0.0,0.0
2022-10-06 00:00:00-04:00,136.17978203106634,138.09324311449967,135.30396834743695,135.54196166992188,2526000,0.0,0.0
2022-10-07 00:00:00-04:00,133.67612628097874,134.50433863438633,131.44851162466355,132.32432556152344,2579600,0.0,0.0
2022-10-10 00:00:00-04:00,133.28577116741207,133.63801115196242,130.0871404264344,130.9058380126953,2893400,0.0,0.0
2022-10-11 00:00:00-04:00,129.82059573585656,132.5242109780575,128.88766595861057,130.7535400390625,2588700,0.0,0.0
2022-10-12 00:00:00-04:00,130.7154228948949,131.80067163837575,129.57305809006616,130.1728057861328,2397400,0.0,0.0
2022-10-13 00:00:00-04:00,125.51904243005015,136.22184278664042,124.85010556036578,135.2662353515625,5232300,0.52,0.0
2022-10-14 00:00:00-04:00,136.61365887545278,137.49281605309542,130.09640852316574,130.73666381835938,3871900,0.0,0.0
2022-10-17 00:00:00-04:00,134.33926282071963,135.90645805590373,133.87101004029304,135.2566375732422,3139300,0.0,0.0
2022-10-18 00:00:00-04:00,139.64290920398122,140.52206623184065,137.1774404473833,139.50912475585938,3963300,0.0,0.0
2022-10-19 00:00:00-04:00,138.97395958971856,140.5411695254752,136.2696038217148,137.5787811279297,2803900,0.0,0.0
2022-10-20 00:00:00-04:00,137.6074411293261,140.78006413221752,135.83956192114263,136.0975799560547,4319300,0.0,0.0
2022-10-21 00:00:00-04:00,134.73106544100526,135.046417569264,126.34083532527731,133.82322692871094,11755400,0.0,0.0
2022-10-24 00:00:00-04:00,135.02731446706537,137.40676731303395,134.138592095332,135.34266662597656,4299600,0.0,0.0
2022-10-25 00:00:00-04:00,136.15495710028645,140.89477687565434,135.3140323873413,140.49342346191406,3889100,0.0,0.0
2022-10-26 00:00:00-04:00,141.00940984209143,142.86329032380047,139.96780139211182,140.35960388183594,3559100,0.0,0.0
2022-10-27 00:00:00-04:00,141.85040792382526,143.06403377366783,139.91052547844606,140.44566345214844,2101300,0.0,0.0
2022-10-28 00:00:00-04:00,140.05381999560078,144.21071807113447,139.56646546469892,143.76158142089844,3383100,0.0,0.0
2022-10-31 00:00:00-04:00,143.34111879355552,143.62780394742515,141.73570526214576,141.85992431640625,3042900,0.0,0.0
2022-11-01 00:00:00-04:00,143.3028582842899,143.94311334134855,140.12068464387002,140.5507049560547,2675500,0.0,0.0
2022-11-02 00:00:00-04:00,140.07292630138423,142.4141613790402,137.0054203098322,137.12965393066406,2851600,0.0,0.0
2022-11-03 00:00:00-04:00,134.82660511815675,135.88732960506067,132.6096041811531,133.12562561035156,3960500,0.0,0.0
2022-11-04 00:00:00-04:00,136.07848558014916,139.86269723469456,134.74064107579102,138.29550170898438,3322100,0.0,0.0
2022-11-07 00:00:00-05:00,139.70979708228504,140.99030748150196,137.3781127246593,140.45516967773438,2918000,0.0,0.0
2022-11-08 00:00:00-05:00,140.89472546777804,144.62158765085178,140.60804039644734,143.53219604492188,3846000,0.0,0.0
2022-11-09 00:00:00-05:00,142.8346464247758,142.8346464247758,139.19378438077644,139.38490295410156,2425500,0.0,0.0
2022-11-10 00:00:00-05:00,146.0072219235031,148.87404360697695,144.59292730911721,147.88021850585938,4701600,0.0,0.0
2022-11-11 00:00:00-05:00,149.54298501330996,151.82688577605632,147.83243985636292,148.01400756835938,3714600,0.0,0.0
2022-11-14 00:00:00-05:00,146.56149458491848,149.55255025609185,146.2652586394817,147.2877655029297,3666500,0.0,0.0
2022-11-15 00:00:00-05:00,149.99216325741426,150.36484960820601,145.55814493301926,147.05844116210938,2916900,0.0,0.0
2022-11-16 00:00:00-05:00,147.3641922904043,148.98872160930054,145.1089587218421,145.7969970703125,2635300,0.0,0.0
2022-11-17 00:00:00-05:00,143.3411096028572,144.35405111102486,142.59573699943527,143.95269775390625,2769600,0.0,0.0
2022-11-18 00:00:00-05:00,145.49121596539607,146.9341777841194,144.239372696355,145.73011779785156,2631300,0.0,0.0
2022-11-21 00:00:00-05:00,145.49122936653407,146.64752075794487,145.14721011285425,146.0263671875,2003500,0.0,0.0
2022-11-22 00:00:00-05:00,147.25910124244086,148.2624773137192,146.48504702596975,147.71778869628906,2124600,0.0,0.0
2022-11-23 00:00:00-05:00,147.0010971728661,148.10960532488383,146.093273003067,147.09664916992188,1404400,0.0,0.0
2022-11-25 00:00:00-05:00,146.7048467821448,147.6126708627645,146.37037837177436,147.30686950683594,665800,0.0,0.0
2022-11-28 00:00:00-05:00,145.91168239483352,146.95329086246622,143.69466643810776,144.17247009277344,1782900,0.0,0.0
2022-11-29 00:00:00-05:00,144.25850213161135,147.61267891703028,143.84758335983759,147.5648956298828,2655700,0.0,0.0
2022-11-30 00:00:00-05:00,147.0106194529575,150.59414672851562,144.7553857042832,150.59414672851562,3914700,0.0,0.0
2022-12-01 00:00:00-05:00,150.7184135239039,151.8173562977995,147.88025813027033,150.5081787109375,2670300,0.0,0.0
2022-12-02 00:00:00-05:00,148.32936488230976,150.29791356883408,148.11913011176733,149.79144287109375,2285400,0.0,0.0
2022-12-05 00:00:00-05:00,149.03653112302436,152.37159149615417,148.64472860367317,149.1511993408203,3013100,0.0,0.0
2022-12-06 00:00:00-05:00,148.83587988423048,151.31090000523776,146.51376047484274,147.83248901367188,3285100,0.0,0.0
2022-12-07 00:00:00-05:00,147.69865383077286,150.02078702437666,147.45975201891372,147.8993377685547,2879800,0.0,0.0
2022-12-08 00:00:00-05:00,148.9696273129632,149.4760980355067,146.63794307560252,147.2781982421875,1632400,0.0,0.0
2022-12-09 00:00:00-05:00,147.15400892371275,148.25295175161588,145.8448166910975,147.0679931640625,1761200,0.0,0.0
2022-12-12 00:00:00-05:00,147.41199360844075,150.75661953870213,147.16354093150105,150.32659912109375,2773900,0.0,0.0
2022-12-13 00:00:00-05:00,153.48967248444453,154.37839504467735,149.22767118613848,150.5272979736328,3110500,0.0,0.0
2022-12-14 00:00:00-05:00,150.57505401854385,151.57843005012433,147.01062817828563,147.26864624023438,3556200,0.0,0.0
2022-12-15 00:00:00-05:00,144.91785741792907,145.5198947503034,139.967818049466,143.5513458251953,4282200,0.0,0.0
2022-12-16 00:00:00-05:00,141.99367781518316,141.99367781518316,137.75077929104543,139.8053436279297,4510600,0.0,0.0
2022-12-19 00:00:00-05:00,139.55689098115656,140.22582779129962,137.2825554034675,138.57261657714844,2546000,0.0,0.0
2022-12-20 00:00:00-05:00,138.55350635915678,139.99646811913166,137.84635171457163,139.2319793701172,1607800,0.0,0.0
2022-12-21 00:00:00-05:00,140.53159176536073,141.21963011228166,139.87222046777742,140.56982421875,2107100,0.0,0.0
2022-12-22 00:00:00-05:00,139.56645337913872,140.1875923107022,136.38427922237656,138.8592987060547,2901100,0.0,0.0
2022-12-23 00:00:00-05:00,138.78287781374434,140.60809169972163,138.10440463149783,140.49342346191406,1671800,0.0,0.0
2022-12-27 00:00:00-05:00,140.75138283965342,141.29608596117956,139.2033037892683,139.89134216308594,1858500,0.0,0.0
2022-12-28 00:00:00-05:00,139.71935215587825,140.3022732021771,137.55011946471228,137.61700439453125,1490200,0.0,0.0
2022-12-29 00:00:00-05:00,138.63953951578856,141.0667761791346,137.98971882564481,140.7801055908203,1758500,0.0,0.0
2022-12-30 00:00:00-05:00,139.52824720572966,141.36301187410726,139.26067826959624,141.19100952148438,2247200,0.0,0.0
2023-01-03 00:00:00-05:00,142.90152694317845,143.77113319353109,139.2606650118083,140.58895874023438,2762200,0.0,0.0
2023-01-04 00:00:00-05:00,141.96503338383366,145.2141073012141,141.96503338383366,143.8571319580078,2620400,0.0,0.0
2023-01-05 00:00:00-05:00,141.1146184332916,142.61053073799144,140.02145062355305,140.4145965576172,2505700,0.52,0.0
2023-01-06 00:00:00-05:00,141.67082361393983,144.25030571427016,139.5036553929636,144.00099182128906,3077400,0.0,0.0
2023-01-09 00:00:00-05:00,145.1325125837951,146.18731554829017,143.93386287508173,144.22152709960938,3219400,0.0,0.0
2023-01-10 00:00:00-05:00,144.3269724622951,145.92836631345563,143.14750554331113,145.75576782226562,2198400,0.0,0.0
2023-01-11 00:00:00-05:00,146.04349363812855,147.77913619647887,146.01472721366628,147.59693908691406,3113600,0.0,0.0
2023-01-12 00:00:00-05:00,148.4024164950048,149.35175232302066,146.1393652806266,148.55584716796875,3322400,0.0,0.0
2023-01-13 00:00:00-05:00,146.94489102495837,149.83123466198245,146.0435039761188,149.36135864257812,2391300,0.0,0.0
2023-01-17 00:00:00-05:00,149.15035869310177,149.68736599791583,147.06950476978852,147.43389892578125,3073400,0.0,0.0
2023-01-18 00:00:00-05:00,148.14351781299357,148.40241561112967,144.14482420139527,144.24070739746094,2762400,0.0,0.0
2023-01-19 00:00:00-05:00,140.58720631821842,141.9201040070607,138.2762065183268,140.81735229492188,3852300,0.0,0.0
2023-01-20 00:00:00-05:00,141.88175600510607,145.54482141180654,141.65161002459905,145.37222290039062,3954800,0.0,0.0
2023-01-23 00:00:00-05:00,145.75582053444603,148.69011300146073,145.32430951846553,147.6736602783203,3608700,0.0,0.0
2023-01-24 00:00:00-05:00,146.6380050394495,150.23395406823786,146.3886911742903,148.94900512695312,2348500,0.0,0.0
2023-01-25 00:00:00-05:00,147.18462359777035,150.60796009912121,147.0695432577887,150.3298797607422,2916500,0.0,0.0
2023-01-26 00:00:00-05:00,151.17368727328503,151.72986246402664,147.9517164444066,149.47640991210938,3640300,0.0,0.0
2023-01-27 00:00:00-05:00,159.94778844932287,168.32873619201075,158.70119007221425,165.23143005371094,13997300,0.0,0.0
2023-01-30 00:00:00-05:00,167.609582079264,170.55347283020782,165.42324614918817,165.5670928955078,10240700,0.0,0.0
2023-01-31 00:00:00-05:00,165.80682796676479,168.10822965948174,164.8383095935827,167.74383544921875,5170900,0.0,0.0
2023-02-01 00:00:00-05:00,166.25751041646612,167.92602141178924,164.86706507775799,166.47805786132812,3725200,0.0,0.0
2023-02-02 00:00:00-05:00,167.00547798393532,168.02193064362982,164.05200320688698,166.01779174804688,6895500,0.0,0.0
2023-02-03 00:00:00-05:00,164.512272910174,172.9891201400611,164.17665977084616,171.51239013671875,5305100,0.0,0.0
2023-02-06 00:00:00-05:00,169.4794768074142,170.4479804584087,168.4726081736742,169.2301483154297,3397800,0.0,0.0
2023-02-07 00:00:00-05:00,167.8589265900069,171.6754235852111,167.5712477018957,171.35897827148438,3526300,0.0,0.0
2023-02-08 00:00:00-05:00,172.36584210529006,172.7014699037572,170.57266667771395,171.6466522216797,2926500,0.0,0.0
2023-02-09 00:00:00-05:00,171.79044032623528,174.60008236021739,171.1479659506716,172.00140380859375,3557900,0.0,0.0
2023-02-10 00:00:00-05:00,171.2342941803829,172.34662988824533,169.2397394913198,171.8863525390625,2586200,0.0,0.0
2023-02-13 00:00:00-05:00,171.87679672278415,173.92888458715055,170.95622724189252,173.8809356689453,3102400,0.0,0.0
2023-02-14 00:00:00-05:00,172.9028092546565,174.66721799597536,171.44524720958924,173.58364868164062,2325900,0.0,0.0
2023-02-15 00:00:00-05:00,171.5698918110072,173.3151324934747,171.1671473378113,173.2480010986328,1501200,0.0,0.0
2023-02-16 00:00:00-05:00,172.10688722967453,172.49046385223022,170.3808290080539,170.63015747070312,1899100,0.0,0.0
2023-02-17 00:00:00-05:00,168.81779946778323,170.31371171118994,167.48490180147067,170.01644897460938,2355300,0.0,0.0
2023-02-21 00:00:00-05:00,167.92603675698032,169.24935081098602,166.19999276022304,166.35340881347656,2713300,0.0,0.0
2023-02-22 00:00:00-05:00,166.4300866149218,168.78903531405385,165.82596257315402,167.52325439453125,2468800,0.0,0.0
2023-02-23 00:00:00-05:00,168.04107298197314,169.34520420005012,165.75883969235053,167.94517517089844,2575300,0.0,0.0
2023-02-24 00:00:00-05:00,166.5547584290409,167.753408006506,165.1163789360828,167.0917510986328,1667400,0.0,0.0
2023-02-27 00:00:00-05:00,168.31918841166186,168.47261908867682,165.96983786869467,166.18080139160156,1909000,0.0,0.0
2023-02-28 00:00:00-05:00,166.8616056024303,168.13697051243403,166.44927716990844,166.84243774414062,2301400,0.0,0.0
2023-03-01 00:00:00-05:00,166.382147237459,169.92056317285025,165.90268740083584,168.68356323242188,2566500,0.0,0.0
2023-03-02 00:00:00-05:00,166.8903796021758,168.60685407400604,165.56708035438916,168.13697814941406,1795000,0.0,0.0
2023-03-03 00:00:00-05:00,168.7794509857206,172.0206042511847,168.03149479091402,171.73292541503906,2875600,0.0,0.0
2023-03-06 00:00:00-05:00,171.2247027380037,173.10419182590132,171.12881954524542,171.70416259765625,2730700,0.0,0.0
2023-03-07 00:00:00-05:00,171.33018540801874,171.5507328476905,167.88766710898506,168.11781311035156,2906400,0.0,0.0
2023-03-08 00:00:00-05:00,168.60683831991773,168.98081638595053,166.4396852490549,167.64791870117188,2101400,0.0,0.0
2023-03-09 00:00:00-05:00,172.2219853181316,172.864459766316,164.8958393381799,165.04925537109375,4349400,0.0,0.0
2023-03-10 00:00:00-05:00,163.8122370855949,163.8122370855949,158.06830341192662,158.89297485351562,5104300,0.0,0.0
2023-03-13 00:00:00-04:00,154.85595659871498,155.33541647651302,150.95314617010087,151.15452575683594,6123200,0.0,0.0
2023-03-14 00:00:00-04:00,154.86549891146961,157.5696589188946,154.27097350499335,157.17649841308594,5284000,0.0,0.0
2023-03-15 00:00:00-04:00,151.422992752508,153.38878079664715,149.52432146962846,153.24493408203125,6100800,0.0,0.0
2023-03-16 00:00:00-04:00,151.566837775577,155.26826821565976,149.68736345252307,154.1271514892578,4737300,0.0,0.0
2023-03-17 00:00:00-04:00,151.7202944274723,152.13262292493064,148.53667361565599,150.0901336669922,7447200,0.0,0.0
2023-03-20 00:00:00-04:00,151.86409238612512,154.08879288170155,151.09696841160408,152.21890258789062,3054300,0.0,0.0
2023-03-21 00:00:00-04:00,156.246389857984,157.80943376724088,155.05732407421107,157.79983520507812,3986800,0.0,0.0
2023-03-22 00:00:00-04:00,157.86696758878898,159.91905532653848,155.824463781307,156.06419372558594,4367300,0.0,0.0
2023-03-23 00:00:00-04:00,155.98747697762593,159.41082757432397,154.21348418516953,156.0737762451172,3727500,0.0,0.0
2023-03-24 00:00:00-04:00,153.92576170089026,154.1079587463678,151.33668198629698,153.21615600585938,2588700,0.0,0.0
2023-03-27 00:00:00-04:00,157.21489626850024,157.71353865505625,155.18199100078266,156.4189910888672,3984300,0.0,0.0
2023-03-28 00:00:00-04:00,155.54639143643155,155.9107710206356,151.69152963839625,152.6696319580078,4883700,0.0,0.0
2023-03-29 00:00:00-04:00,155.05731698323734,157.44503237179808,154.46279143451656,156.8696746826172,3884800,0.0,0.0
2023-03-30 00:00:00-04:00,157.2244723052922,158.18339195561688,155.16278627792258,155.73814392089844,2644800,0.0,0.0
2023-03-31 00:00:00-04:00,156.94636645248977,158.29844657669398,155.1052426082752,158.1737823486328,3594300,0.0,0.0
2023-04-03 00:00:00-04:00,157.36830987547518,158.45189380026875,155.99704711918432,157.05186462402344,2704400,0.0,0.0
2023-04-04 00:00:00-04:00,158.23133893083386,158.4039520903601,154.22306149414473,155.88198852539062,2063500,0.0,0.0
2023-04-05 00:00:00-04:00,154.5344988612652,155.5354779453754,154.1783889279998,155.0349884033203,2346800,0.6,0.0
2023-04-06 00:00:00-04:00,154.6018985224945,154.7558828974122,152.2919566648239,152.86944580078125,3754500,0.0,0.0
2023-04-10 00:00:00-04:00,152.10913360201135,155.1216769525586,151.8781496221675,155.09280395507812,2372600,0.0,0.0
2023-04-11 00:00:00-04:00,155.60283690229895,156.47868989307915,154.30350859395028,155.7568359375,2742300,0.0,0.0
2023-04-12 00:00:00-04:00,157.09473395448808,157.09473395448808,152.90797346912237,153.3122100830078,2817600,0.0,0.0
2023-04-13 00:00:00-04:00,153.80304820788635,156.32472047082555,153.0138140175917,156.209228515625,2729000,0.0,0.0
2023-04-14 00:00:00-04:00,158.07643704511767,158.58654612857723,155.40076554412445,157.09471130371094,2618100,0.0,0.0
2023-04-17 00:00:00-04:00,155.8627651477207,157.5952182086796,154.85216630498118,157.56634521484375,2622300,0.0,0.0
2023-04-18 00:00:00-04:00,158.42291388419574,158.85602339292012,157.15244366003486,158.23040771484375,2444500,0.0,0.0
2023-04-19 00:00:00-04:00,158.20154526503163,160.29974222423436,157.59519778689008,158.75978088378906,3768600,0.0,0.0
2023-04-20 00:00:00-04:00,153.03305609960006,157.60479834156925,148.2303152783882,157.15243530273438,10832400,0.0,0.0
2023-04-21 00:00:00-04:00,156.90220872859302,158.5865349344501,155.1793754137816,157.63368225097656,3882500,0.0,0.0
2023-04-24 00:00:00-04:00,158.06679833486862,158.1341784352591,154.38052820882012,154.5634002685547,2473500,0.0,0.0
2023-04-25 00:00:00-04:00,152.94644428789124,153.27368127582716,150.11677397609057,150.26113891601562,3421300,0.0,0.0
2023-04-26 00:00:00-04:00,149.92430147487866,151.3583756802201,149.26019329482847,149.8761749267578,2789100,0.0,0.0
2023-04-27 00:00:00-04:00,150.66539764562629,152.74434120398496,150.0590501223923,152.50372314453125,2143500,0.0,0.0
2023-04-28 00:00:00-04:00,151.39686691269972,155.32375491165615,150.99263038597525,155.28524780273438,2380100,0.0,0.0
2023-05-01 00:00:00-04:00,155.7761022287504,155.7761022287504,152.7250530031518,153.34104919433594,1803600,0.0,0.0
2023-05-02 00:00:00-04:00,152.40745361721778,152.40745361721778,146.2091313213426,147.49884033203125,4925600,0.0,0.0
2023-05-03 00:00:00-04:00,147.50846294455854,149.16391606619732,146.14175437876992,146.4978790283203,2655300,0.0,0.0
2023-05-04 00:00:00-04:00,145.36215299988996,145.57389802645744,141.8683747476844,143.2254638671875,3997900,0.0,0.0
2023-05-05 00:00:00-04:00,145.61240871611218,147.56624074024455,145.44879020890107,146.92137145996094,2223200,0.0,0.0
2023-05-08 00:00:00-04:00,147.65284707253014,148.77893765717621,147.21010344855782,147.29672241210938,2271600,0.0,0.0
2023-05-09 00:00:00-04:00,146.29576144319608,147.96083408960268,146.180269488996,147.6239776611328,2322700,0.0,0.0
2023-05-10 00:00:00-04:00,147.84533678780653,148.86555484276295,142.3977412906395,143.100341796875,4602600,0.0,0.0
2023-05-11 00:00:00-04:00,142.41699522552207,142.92710425436553,140.79041505627626,142.43624877929688,2900300,0.0,0.0
2023-05-12 00:00:00-04:00,143.71632921168282,143.71632921168282,141.5700060310194,142.37847900390625,2320000,0.0,0.0
2023-05-15 00:00:00-04:00,142.61911277079335,144.57294470043541,142.37849473897367,144.37081909179688,2271900,0.0,0.0
2023-05-16 00:00:00-04:00,144.55366830126994,146.69035726105028,142.80196225709673,142.84046936035156,1960200,0.0,0.0
2023-05-17 00:00:00-04:00,144.19759908617343,147.15238124748095,143.6971094056386,146.3824005126953,2446500,0.0,0.0
2023-05-18 00:00:00-04:00,146.53640853748558,148.33622704950722,145.39106414395843,147.72024536132812,2629800,0.0,0.0
2023-05-19 00:00:00-04:00,148.76934382724974,149.1062003055334,146.43052860572524,147.2101287841797,2258600,0.0,0.0
2023-05-22 00:00:00-04:00,147.90308140311754,150.04939000953925,147.5277178828361,149.6740264892578,2483800,0.0,0.0
2023-05-23 00:00:00-04:00,148.67308807617843,149.9146708037715,146.7770165886324,146.8347625732422,2928400,0.0,0.0
2023-05-24 00:00:00-04:00,145.81457007815473,146.00706162287338,144.48635345311803,145.0638427734375,2308400,0.0,0.0
2023-05-25 00:00:00-04:00,143.9858389151552,145.8145301180799,143.7644597475418,145.41029357910156,3234300,0.0,0.0
2023-05-26 00:00:00-04:00,147.07533765559685,152.311187460583,146.80584668205992,151.33909606933594,4015400,0.0,0.0
2023-05-30 00:00:00-04:00,151.2525040134265,152.9849569525562,150.78090202316383,152.08023071289062,3268200,0.0,0.0
2023-05-31 00:00:00-04:00,151.75295861215585,153.61053721060395,150.39586956627537,152.60955810546875,5588500,0.0,0.0
2023-06-01 00:00:00-04:00,153.09079796019176,157.83579268066143,152.2919444170325,156.6134490966797,4087200,0.0,0.0
2023-06-02 00:00:00-04:00,158.79829579930248,163.47591134456272,158.3170596925315,162.23431396484375,4820500,0.0,0.0
2023-06-05 00:00:00-04:00,161.92631274192433,161.92631274192433,159.60675143689477,161.14669799804688,2870900,0.0,0.0
2023-06-06 00:00:00-04:00,161.55097789623008,166.17083308626113,161.21410672413296,165.3719940185547,3631500,0.0,0.0
2023-06-07 00:00:00-04:00,167.13327365507305,167.13327365507305,164.2939839081002,165.11209106445312,2789000,0.0,0.0
2023-06-08 00:00:00-04:00,164.24586687896834,165.09284707237487,163.19677575787318,164.7174835205078,2354400,0.0,0.0
2023-06-09 00:00:00-04:00,165.48745609758106,165.7569471121113,164.52498399249907,165.2757110595703,2200900,0.0,0.0
2023-06-12 00:00:00-04:00,165.55485321284527,167.40279824615578,165.4778536673538,167.12368774414062,2609600,0.0,0.0
2023-06-13 00:00:00-04:00,167.86475181869315,169.5105707808605,167.67226034815678,168.56735229492188,2480400,0.0,0.0
2023-06-14 00:00:00-04:00,169.41435062717886,170.3960616384489,166.88304419294934,167.92251586914062,2326100,0.0,0.0
2023-06-15 00:00:00-04:00,164.97738009888616,167.98028896860166,163.2064345955238,167.2873077392578,2797600,0.0,0.0
2023-06-16 00:00:00-04:00,167.6626243902742,168.02836846059353,165.11207938977807,165.747314453125,4616900,0.0,0.0
2023-06-20 00:00:00-04:00,164.58275656895313,164.7945016411862,162.01295739539128,163.05242919921875,2865700,0.0,0.0
2023-06-21 00:00:00-04:00,162.75404138895024,162.75404138895024,160.6847175189689,161.61831665039062,2813600,0.0,0.0
2023-06-22 00:00:00-04:00,161.00235322749828,162.17657052129906,159.02928222160938,161.94557189941406,2755900,0.0,0.0
2023-06-23 00:00:00-04:00,159.7703559155291,162.2727890513197,159.5201184764131,161.76268005371094,4214400,0.0,0.0
2023-06-26 00:00:00-04:00,162.20539245410885,164.10146332252256,160.79055754851777,160.83868408203125,2507100,0.0,0.0
2023-06-27 00:00:00-04:00,160.1072589930852,162.06107641651397,159.9436257925572,161.87820434570312,2433900,0.0,0.0
2023-06-28 00:00:00-04:00,160.98305951870938,163.49511199628446,160.9253135491812,163.4084930419922,2289000,0.0,0.0
2023-06-29 00:00:00-04:00,164.17849943135695,165.84357212171446,163.92826196193192,165.62220764160156,2899200,0.0,0.0
2023-06-30 00:00:00-04:00,167.70115054237039,168.51924304763446,166.8252973724765,167.6626434326172,3371300,0.0,0.0
2023-07-03 00:00:00-04:00,167.75890715893465,169.71272454726648,167.18141796529085,168.8561248779297,1700200,0.0,0.0
2023-07-05 00:00:00-04:00,167.83593302002936,169.94374981540432,167.50868125968725,168.9812774658203,2487800,0.0,0.0
2023-07-06 00:00:00-04:00,165.8617627384278,166.4122453615511,162.4718920715212,165.08914184570312,3157300,0.6,0.0
2023-07-07 00:00:00-04:00,163.34110862794785,165.6975959000339,162.89684679119435,163.98817443847656,2145300,0.0,0.0
2023-07-10 00:00:00-04:00,164.0461847308958,165.94875851524947,163.65021430670492,165.83287048339844,1865600,0.0,0.0
2023-07-11 00:00:00-04:00,166.59575357614764,169.57033459678803,166.42192160246668,168.66250610351562,2281900,0.0,0.0
2023-07-12 00:00:00-04:00,170.94173957545854,171.82059612359984,168.34380908508444,168.36312866210938,2305800,0.0,0.0
2023-07-13 00:00:00-04:00,169.41583449844066,170.07256755569358,167.9478559615115,168.27622985839844,2080400,0.0,0.0
2023-07-14 00:00:00-04:00,169.35789559994507,169.64763034756382,166.6151047603999,167.455322265625,1829500,0.0,0.0
2023-07-17 00:00:00-04:00,167.02070110581153,170.22705819269586,166.92411795970165,169.3868408203125,2144100,0.0,0.0
2023-07-18 00:00:00-04:00,169.19370859306093,172.33246962545124,168.459711966421,171.94615173339844,2685700,0.0,0.0
2023-07-19 00:00:00-04:00,172.14894480715273,172.6704554630333,170.27534383541985,171.0576171875,2749100,0.0,0.0
2023-07-20 00:00:00-04:00,169.55102326177652,171.15420920073169,168.09271204444897,171.0479736328125,3940700,0.0,0.0
2023-07-21 00:00:00-04:00,166.27706772033247,167.40701990038352,161.68964784421354,164.39381408691406,9102100,0.0,0.0
2023-07-24 00:00:00-04:00,161.85381499376635,163.21555779974784,161.21640158630447,162.04696655273438,4979900,0.0,0.0
2023-07-25 00:00:00-04:00,161.6220601143556,163.16728752431973,160.7238838799611,160.8011474609375,3286700,0.0,0.0
2023-07-26 00:00:00-04:00,160.48240903296664,162.66504950269547,160.37617347216244,162.00833129882812,2352000,0.0,0.0
2023-07-27 00:00:00-04:00,162.76164837632578,162.77130079677974,157.58510686467827,158.00039672851562,3944200,0.0,0.0
2023-07-28 00:00:00-04:00,159.63255364993285,160.87840861164025,159.00480732669928,159.76776123046875,2925900,0.0,0.0
2023-07-31 00:00:00-04:00,160.8107945262541,163.2059212471843,160.8107945262541,163.0996856689453,3345900,0.0,0.0
2023-08-01 00:00:00-04:00,162.20152731636634,163.99786518650853,161.53514177375388,163.8433380126953,2340100,0.0,0.0
2023-08-02 00:00:00-04:00,161.55444559915412,162.0083599176364,160.36654938142357,161.04258728027344,2236200,0.0,0.0
2023-08-03 00:00:00-04:00,160.16372069700853,160.95566128399506,159.38144726716868,160.71421813964844,1708700,0.0,0.0
2023-08-04 00:00:00-04:00,160.83011952334604,162.34638966961126,159.41043253746864,159.7484588623047,2256000,0.0,0.0
2023-08-07 00:00:00-04:00,161.13917152420572,161.6027382670371,160.4534664629892,161.2454071044922,2027200,0.0,0.0
2023-08-08 00:00:00-04:00,159.25590260637813,160.30860598482465,157.9907428045108,160.1927032470703,2102900,0.0,0.0
2023-08-09 00:00:00-04:00,160.26029311870352,160.5983046562443,157.90380582982215,158.21286010742188,2445200,0.0,0.0
2023-08-10 00:00:00-04:00,159.07242612093947,160.80115275052418,157.1505331642989,157.9424591064453,2556000,0.0,0.0
2023-08-11 00:00:00-04:00,157.1022359361609,160.10578948105993,157.0346395133382,159.61325073242188,2102500,0.0,0.0
2023-08-14 00:00:00-04:00,158.7054058400939,160.78181094015636,158.1645755667671,160.3955078125,1827300,0.0,0.0
2023-08-15 00:00:00-04:00,158.76336769649777,159.1689904471255,156.16543687165984,156.36825561523438,2447600,0.0,0.0
2023-08-16 00:00:00-04:00,155.75013703032056,157.3822949323313,155.14169563248913,155.25758361816406,1994900,0.0,0.0
2023-08-17 00:00:00-04:00,156.36821934837786,157.04425710929567,154.89058869361534,155.083740234375,2473000,0.0,0.0
2023-08-18 00:00:00-04:00,153.7799701777175,155.2962402648579,153.49990260194775,154.74574279785156,2139500,0.0,0.0
2023-08-21 00:00:00-04:00,155.3734893798828,156.1171236178698,154.600868408391,155.3734893798828,2070500,0.0,0.0
2023-08-22 00:00:00-04:00,155.25759215307704,155.74047843529345,153.18118703415436,153.63510131835938,2255500,0.0,0.0
2023-08-23 00:00:00-04:00,153.8765677570936,154.60089729008507,153.2681262336937,153.98280334472656,2042500,0.0,0.0
2023-08-24 00:00:00-04:00,153.56748008034822,155.89499534454526,152.34095961435995,152.3892364501953,2468600,0.0,0.0
2023-08-25 00:00:00-04:00,153.01702631198228,154.1759505847295,151.94501804397373,152.90113830566406,2969200,0.0,0.0
2023-08-28 00:00:00-04:00,153.53856000631228,155.4025092265811,153.32608880531743,153.7413787841797,2509900,0.0,0.0
2023-08-29 00:00:00-04:00,153.4515876196018,155.28654942338463,152.88178539739243,154.75538635253906,2175800,0.0,0.0
2023-08-30 00:00:00-04:00,154.78437306806848,156.31994790915067,154.63949834145404,154.6877899169922,3039900,0.0,0.0
2023-08-31 00:00:00-04:00,155.16099266438226,155.4314077493457,152.34093910939416,152.58238220214844,3653900,0.0,0.0
2023-09-01 00:00:00-04:00,153.62543786905857,154.67812635195287,153.2777591813619,154.15660095214844,2195500,0.0,0.0
2023-09-05 00:00:00-04:00,154.6298409148163,156.31994284829563,153.89585909456656,154.5236053466797,4151000,0.0,0.0
2023-09-06 00:00:00-04:00,153.6254552936983,154.36908958897678,151.49109135337375,152.59207153320312,2949200,0.0,0.0
2023-09-07 00:00:00-04:00,151.87738505454502,152.23473091687063,150.72812810517848,151.413818359375,2617400,0.0,0.0
2023-09-08 00:00:00-04:00,151.64563983514796,152.38927423501522,151.34625264344524,152.04159545898438,1931300,0.0,0.0
2023-09-11 00:00:00-04:00,152.94938235723984,153.71235086597366,152.01258187629944,152.42787170410156,2611100,0.0,0.0
2023-09-12 00:00:00-04:00,152.25403859905828,154.25319487716686,152.06088703384253,153.074951171875,2659000,0.0,0.0
2023-09-13 00:00:00-04:00,153.8862210539326,155.19967253735197,153.19086351938572,153.6930694580078,2976700,0.0,0.0
2023-09-14 00:00:00-04:00,155.074084149749,156.41650722059813,154.52358679825178,156.24266052246094,3209900,0.0,0.0
2023-09-15 00:00:00-04:00,156.4841487150355,158.70542886258735,156.28134470137817,158.14527893066406,7273600,0.0,0.0
2023-09-18 00:00:00-04:00,158.18386192806983,158.33838905568794,153.8958446605523,154.166259765625,2413400,0.0,0.0
2023-09-19 00:00:00-04:00,153.60610882787884,154.39803456207326,153.02663947191775,153.89584350585938,2230700,0.0,0.0
2023-09-20 00:00:00-04:00,154.52362889979597,154.7167804886164,151.51042285193685,151.8484344482422,1969700,0.0,0.0
2023-09-21 00:00:00-04:00,150.49634872606845,151.5007457640169,149.15392537744813,149.41468811035156,2712100,0.0,0.0
2023-09-22 00:00:00-04:00,149.69472005833984,149.73334446977123,147.6859117240136,147.84043884277344,2380600,0.0,0.0
2023-09-25 00:00:00-04:00,147.00025882917575,148.06259988266837,146.55599693430077,147.98533630371094,2434400,0.0,0.0
2023-09-26 00:00:00-04:00,146.5559816938953,147.72457294138792,145.0204069051687,145.94754028320312,2332100,0.0,0.0
2023-09-27 00:00:00-04:00,146.3145443749831,146.3145443749831,143.87114095147098,144.76930236816406,3705400,0.0,0.0
2023-09-28 00:00:00-04:00,144.64375034237963,145.7157583986223,143.91942097293236,145.08799743652344,3489800,0.0,0.0
2023-09-29 00:00:00-04:00,146.26625895933776,146.4980496910787,143.5814122802174,144.0836181640625,3579400,0.0,0.0
2023-10-02 00:00:00-04:00,143.33996142392218,144.7693006848723,143.00194987021817,144.36367797851562,2657600,0.0,0.0
2023-10-03 00:00:00-04:00,143.41723987499682,144.0739582096484,139.3706500755626,140.0853271484375,4184100,0.0,0.0
2023-10-04 00:00:00-04:00,140.9062119862821,141.89130413333365,139.4575531321263,141.61123657226562,3476700,0.0,0.0
2023-10-05 00:00:00-04:00,141.17485698364774,143.0755405245158,140.38936936135548,142.63916015625,2706200,0.6,0.0
2023-10-06 00:00:00-04:00,142.27065782041922,145.80051320813803,141.71789854519662,144.8016815185547,3204600,0.0,0.0
2023-10-09 00:00:00-04:00,143.13374853192178,144.9277601403613,142.95918749279508,144.31683349609375,2279400,0.0,0.0
2023-10-10 00:00:00-04:00,144.97623867848952,147.13875635640065,144.4913683150163,146.3629608154297,2909100,0.0,0.0
2023-10-11 00:00:00-04:00,146.84781875303412,148.18606557804347,145.2283536517167,146.92539978027344,1727000,0.0,0.0
2023-10-12 00:00:00-04:00,147.88546220070714,148.098806346336,145.5677824341657,146.70237731933594,2377200,0.0,0.0
2023-10-13 00:00:00-04:00,148.2927524871684,149.47583737614343,145.87809271270564,146.52783203125,2951500,0.0,0.0
2023-10-16 00:00:00-04:00,147.75941287730953,148.76795167700467,146.63452470436397,148.1667022705078,2586300,0.0,0.0
2023-10-17 00:00:00-04:00,146.9738788629727,150.04795470345488,146.91569679612869,149.71824645996094,3919400,0.0,0.0
2023-10-18 00:00:00-04:00,148.48666230351736,148.94244152743502,146.55688815682416,146.9447784423828,2632200,0.0,0.0
2023-10-19 00:00:00-04:00,145.85872440539765,151.3280621927258,144.50107834082607,145.09262084960938,4642200,0.0,0.0
2023-10-20 00:00:00-04:00,140.32145648866194,143.46342123932234,137.16010758063203,137.2861785888672,8268100,0.0,0.0
2023-10-23 00:00:00-04:00,137.21831782900742,141.43669606272,136.64617433069913,140.21481323242188,5313500,0.0,0.0
2023-10-24 00:00:00-04:00,141.43670965161095,142.0767273702773,139.19659584652968,140.0499725341797,3521100,0.0,0.0
2023-10-25 00:00:00-04:00,139.72992954584748,140.45723504812287,138.89595197802234,139.17718505859375,2841400,0.0,0.0
2023-10-26 00:00:00-04:00,139.03174607210724,140.52515532270704,138.66325459748538,139.00265502929688,3378000,0.0,0.0
2023-10-27 00:00:00-04:00,139.4971917784612,139.6038638367642,136.76251617309399,137.03404235839844,3442500,0.0,0.0
2023-10-30 00:00:00-04:00,138.401377876469,139.5068815546934,137.44132936758976,138.9347381591797,3303300,0.0,0.0
2023-10-31 00:00:00-04:00,138.9929395800169,142.24156212328265,138.7408123190239,141.61123657226562,3737200,0.0,0.0
2023-11-01 00:00:00-04:00,142.0572915588062,142.3773077003256,140.74813596141473,142.01849365234375,2332600,0.0,0.0
2023-11-02 00:00:00-04:00,143.84164951845023,146.3435824690223,143.84164951845023,146.285400390625,3108400,0.0,0.0
2023-11-03 00:00:00-04:00,147.96304227227216,149.22370817994667,147.78848124649852,148.13758850097656,2667700,0.0,0.0
2023-11-06 00:00:00-05:00,147.98242796201674,148.43820724775006,146.92539941593665,148.36062622070312,2490000,0.0,0.0
2023-11-07 00:00:00-05:00,148.34122955122956,149.13640919584887,147.73999507868317,148.35092163085938,1583300,0.0,0.0
2023-11-08 00:00:00-05:00,148.34123702406052,149.14612358592467,147.81756875630848,148.38002014160156,1804500,0.0,0.0
2023-11-09 00:00:00-05:00,149.02974209125588,149.49522827620365,147.44907482904355,147.75938415527344,2052900,0.0,0.0
2023-11-10 00:00:00-05:00,148.409108617927,149.80553757840906,147.4975647992882,149.7085723876953,2088100,0.0,0.0
2023-11-13 00:00:00-05:00,149.41764204350844,150.56192891492972,148.85519068741272,149.66976928710938,1753600,0.0,0.0
2023-11-14 00:00:00-05:00,151.86138534211068,153.14143525196982,151.30862609219218,152.16200256347656,2968600,0.0,0.0
2023-11-15 00:00:00-05:00,152.7632571846896,154.61546554449095,152.2492957776135,154.6057586669922,3272600,0.0,0.0
2023-11-16 00:00:00-05:00,154.81909444390098,155.2554895898128,153.18993719566782,154.2372589111328,3749100,0.0,0.0
2023-11-17 00:00:00-05:00,155.07124520523828,157.66045120406324,155.07124520523828,157.64105224609375,2975800,0.0,0.0
2023-11-20 00:00:00-05:00,157.9804549590628,159.66779424254244,157.8349849813733,158.8920135498047,3242900,0.0,0.0
2023-11-21 00:00:00-05:00,158.69805936743063,159.15383867942433,156.83615900223185,157.37921142578125,2759700,0.0,0.0
2023-11-22 00:00:00-05:00,158.33925411761356,159.6968851256722,157.92227273551993,158.8338165283203,2527500,0.0,0.0
2023-11-24 00:00:00-05:00,159.58054156069662,160.22057403149168,159.0083980475935,159.4447784423828,950700,0.0,0.0
2023-11-27 00:00:00-05:00,158.80475243883808,159.54176493718754,158.3780789046687,159.07627868652344,2146400,0.0,0.0
2023-11-28 00:00:00-05:00,158.9598931757983,160.95755664282063,158.65927592744993,160.64724731445312,2117800,0.0,0.0
2023-11-29 00:00:00-05:00,161.36483107832927,163.61463638905505,161.36483107832927,162.36366271972656,2720200,0.0,0.0
2023-11-30 00:00:00-05:00,162.91641459478967,165.99049040405527,162.46063534638415,165.60260009765625,4253100,0.0,0.0
2023-12-01 00:00:00-05:00,165.50564106277116,169.06458760385698,165.15653382401533,168.50213623046875,3412000,0.0,0.0
2023-12-04 00:00:00-05:00,167.6294005449571,170.00526262016652,167.43545533827955,168.00759887695312,3631000,0.0,0.0
2023-12-05 00:00:00-05:00,166.8923952800866,167.48393775175072,160.90908160579468,165.51535034179688,6452500,0.0,0.0
2023-12-06 00:00:00-05:00,166.53356045708497,167.16390076833224,162.12123746662724,162.44125366210938,3890700,0.0,0.0
2023-12-07 00:00:00-05:00,163.36252241380393,164.09952000794644,162.66430793637687,163.51766967773438,2797100,0.0,0.0
2023-12-08 00:00:00-05:00,163.246146687673,164.0122501307904,162.49945699889886,163.3334197998047,2681300,0.0,0.0
2023-12-11 00:00:00-05:00,163.30427825874602,164.38069070001757,162.78062495083265,163.29458618164062,2811400,0.0,0.0
2023-12-12 00:00:00-05:00,163.29463401122322,165.903238831883,162.69339951917001,165.86444091796875,2946200,0.0,0.0
2023-12-13 00:00:00-05:00,166.0293013214278,169.37490356671591,165.00136381450417,169.27792358398438,3207700,0.0,0.0
2023-12-14 00:00:00-05:00,170.4222288189789,174.45633871652598,170.28646571853838,173.44781494140625,4548100,0.0,0.0
2023-12-15 00:00:00-05:00,172.16776612952154,175.69762186528573,172.128983010258,175.0478973388672,7139200,0.0,0.0
2023-12-18 00:00:00-05:00,175.8915804605623,177.30739365705287,175.55216528214734,177.2298126220703,2814400,0.0,0.0
2023-12-19 00:00:00-05:00,177.66619864971068,180.14873245310835,177.64679969269608,180.12933349609375,3978300,0.0,0.0
2023-12-20 00:00:00-05:00,179.74143234156037,180.03234269396182,175.07696746479738,175.1836395263672,4020700,0.0,0.0
2023-12-21 00:00:00-05:00,176.32794028336178,179.60566834326573,176.32794028336178,179.1983642578125,3496800,0.0,0.0
2023-12-22 00:00:00-05:00,180.02264709776387,180.7305536032245,179.04321440398772,179.95477294921875,2782600,0.0,0.0
2023-12-26 00:00:00-05:00,180.33297729492188,180.5463066240399,179.5280907819598,180.33297729492188,1230000,0.0,0.0
2023-12-27 00:00:00-05:00,180.50752907327222,181.46757767070417,180.00325977791792,181.39968872070312,1825400,0.0,0.0
2023-12-28 00:00:00-05:00,181.45789339196585,182.37915898774884,181.34152923126499,182.11732482910156,1486100,0.0,0.0
2023-12-29 00:00:00-05:00,182.0688008174945,182.60216111618692,180.88571608114668,181.67120361328125,1915000,0.0,0.0
2024-01-02 00:00:00-05:00,180.84694186752722,183.02885836286913,180.4396525640449,182.6118621826172,2236600,0.0,0.0
2024-01-03 00:00:00-05:00,181.03119084333412,181.81669325753148,179.97417700786693,180.68209838867188,2720500,0.0,0.0
2024-01-04 00:00:00-05:00,180.96421617752213,183.45478510705922,180.72099777324053,182.06356811523438,2777500,0.6,0.0
2024-01-05 00:00:00-05:00,181.75224550582465,184.36926291110757,181.460380469009,183.9314727783203,2243300,0.0,0.0
2024-01-08 00:00:00-05:00,183.11427287337995,184.19416317906112,181.3241889858156,184.07742309570312,3442100,0.0,0.0
2024-01-09 00:00:00-05:00,182.73485696096216,182.8905203056023,181.2852698981388,181.70361328125,2055500,0.0,0.0
2024-01-10 00:00:00-05:00,180.01080839770464,181.05179031790576,178.6876996536854,179.9524383544922,2757800,0.0,0.0
2024-01-11 00:00:00-05:00,179.99131107957496,180.33182272396238,177.10187575448748,180.01077270507812,3493300,0.0,0.0
2024-01-12 00:00:00-05:00,180.7890817611971,181.3533501647002,177.01432788356243,177.1018829345703,3366300,0.0,0.0
2024-01-16 00:00:00-05:00,176.09983675516258,176.23603845899711,173.96925614050917,176.06092834472656,4142900,0.0,0.0
2024-01-17 00:00:00-05:00,174.582146258442,176.67383318620048,174.14435615328793,176.09010314941406,2377600,0.0,0.0
2024-01-18 00:00:00-05:00,175.2145519123628,175.30210697889729,172.98666292026942,174.91294860839844,3215200,0.0,0.0
2024-01-19 00:00:00-05:00,176.0901143255431,178.4055581482492,174.54324892821518,178.2012481689453,3388900,0.0,0.0
2024-01-22 00:00:00-05:00,179.26169303062477,181.70361538774634,179.0671212700057,179.99134826660156,3145100,0.0,0.0
2024-01-23 00:00:00-05:00,180.64316844012683,180.9739567563341,179.79677313263343,180.43887329101562,2327600,0.0,0.0
2024-01-24 00:00:00-05:00,182.01494263567145,183.30886647833137,180.69183376869304,180.77940368652344,3052500,0.0,0.0
2024-01-25 00:00:00-05:00,181.38254935556702,183.22127979477432,181.37281111922428,182.9683380126953,3472500,0.0,0.0
2024-01-26 00:00:00-05:00,187.31706660772622,199.2153208012577,187.0446632015742,195.96591186523438,13555400,0.0,0.0
2024-01-29 00:00:00-05:00,196.43289712401761,197.39603241367965,193.66993987397947,195.411376953125,4935500,0.0,0.0
2024-01-30 00:00:00-05:00,195.06116917232708,198.89429377463395,194.9736141055432,198.61215209960938,4284600,0.0,0.0
2024-01-31 00:00:00-05:00,196.9096214576951,199.75042558835446,195.21683080194984,195.29466247558594,3495000,0.0,0.0
2024-02-01 00:00:00-05:00,194.92496299944867,197.95060061201772,194.45798780906424,197.70738220214844,3028300,0.0,0.0
2024-02-02 00:00:00-05:00,197.87276949475054,201.35565891523757,197.49334936808464,200.81085205078125,3393000,0.0,0.0
2024-02-05 00:00:00-05:00,199.9158017671338,201.11243214071808,197.90194628597854,200.3535919189453,3099300,0.0,0.0
2024-02-06 00:00:00-05:00,199.8671465159454,201.46265856034586,198.46620621454548,200.07144165039062,3255300,0.0,0.0
2024-02-07 00:00:00-05:00,201.46265440959576,203.47649491771247,200.02280572721,203.4084014892578,3272100,0.0,0.0
2024-02-08 00:00:00-05:00,202.60092425085386,205.60710006832517,202.30905920612778,205.4806365966797,4136600,0.0,0.0
2024-02-09 00:00:00-05:00,205.8114095008307,208.4381652065714,204.70233420974586,206.70645141601562,4785100,0.0,0.0
2024-02-12 00:00:00-05:00,206.49242809710617,208.20468034282644,205.8697895673103,206.5021514892578,4041400,0.0,0.0
2024-02-13 00:00:00-05:00,204.5174747681683,205.24712991603928,201.97827425978247,203.98239135742188,3381700,0.0,0.0
2024-02-14 00:00:00-05:00,205.42228031997988,205.5584820471705,203.1554976127808,205.17906188964844,2770800,0.0,0.0
2024-02-15 00:00:00-05:00,205.73358786961705,207.33882342230623,204.9358243669119,206.76483154296875,2644500,0.0,0.0
2024-02-16 00:00:00-05:00,206.76482132776732,208.47707348903364,206.12272120046515,206.79400634765625,2831300,0.0,0.0
2024-02-20 00:00:00-05:00,205.27633458748528,207.95173705248803,204.5758643908765,206.72592163085938,3341700,0.0,0.0
2024-02-21 00:00:00-05:00,205.86007361667384,206.9205023496026,203.42788945222767,205.16932678222656,2599400,0.0,0.0
2024-02-22 00:00:00-05:00,206.71619295883326,209.70292224713765,206.71619295883326,208.18524169921875,3027800,0.0,0.0
2024-02-23 00:00:00-05:00,209.1678434102313,210.45204380694082,208.4479115352692,208.73977661132812,2617000,0.0,0.0
2024-02-26 00:00:00-05:00,207.6307104424055,211.63894547445582,207.4653236890794,211.07469177246094,2684500,0.0,0.0
2024-02-27 00:00:00-05:00,211.5318874073725,212.16426411748026,210.43255039788804,212.0669708251953,2428100,0.0,0.0
2024-02-28 00:00:00-05:00,211.28868260056413,213.2538914410163,210.8800774674772,212.11563110351562,2599200,0.0,0.0
2024-02-29 00:00:00-05:00,213.04961272692748,213.77926798761098,211.74595071240185,213.4679412841797,5186500,0.0,0.0
2024-03-01 00:00:00-05:00,213.36090432169615,214.4018861869445,212.50477081344505,213.701416015625,2342800,0.0,0.0
2024-03-04 00:00:00-05:00,213.12743458477917,213.62359479503291,211.34707404934124,212.97177124023438,2625300,0.0,0.0
2024-03-05 00:00:00-05:00,211.54163098678646,212.96201808284172,210.2574307515745,211.30813598632812,2672300,0.0,0.0
2024-03-06 00:00:00-05:00,211.7167593036349,213.3414565203668,211.37626243251077,212.5242462158203,2727900,0.0,0.0
2024-03-07 00:00:00-05:00,215.01480690109528,218.5949897666338,214.8202351338634,217.35943603515625,2974100,0.0,0.0
2024-03-08 00:00:00-05:00,216.98972568083963,218.79927120789947,216.7951539258073,217.31077575683594,2242800,0.0,0.0
2024-03-11 00:00:00-04:00,215.90010819221814,216.3281749527096,212.36857226303673,214.217041015625,2808200,0.0,0.0
2024-03-12 00:00:00-04:00,215.23856526257316,217.3788842598818,213.68196153096324,216.6103057861328,2067700,0.0,0.0
2024-03-13 00:00:00-04:00,217.08702603858254,217.42753775461458,215.85147234440416,216.76597595214844,2693100,0.0,0.0
2024-03-14 00:00:00-04:00,218.19608690933666,218.20581030105262,213.15660885411015,214.48944091796875,2417900,0.0,0.0
2024-03-15 00:00:00-04:00,214.98561220077852,215.5888039503815,211.3276126689098,212.5339813232422,5267900,0.0,0.0
2024-03-18 00:00:00-04:00,213.9349091847347,215.71526974135608,213.04960544745884,214.97589111328125,1893000,0.0,0.0
2024-03-19 00:00:00-04:00,215.0537225439725,215.92930288793886,213.41928709839524,215.67636108398438,1817600,0.0,0.0
2024-03-20 00:00:00-04:00,215.48176891828982,221.8735404516632,215.22881229341567,221.7276153564453,2249700,0.0,0.0
2024-03-21 00:00:00-04:00,222.89507702293454,225.40509275913223,222.77833693818647,222.90480041503906,3523700,0.0,0.0
2024-03-22 00:00:00-04:00,222.83669642878468,224.2862685620112,219.78187398191685,219.8305206298828,2284700,0.0,0.0
2024-03-25 00:00:00-04:00,219.22733544022927,220.83258580164394,219.12031874946828,219.89862060546875,2119500,0.0,0.0
2024-03-26 00:00:00-04:00,220.47261152414544,220.71582992529548,218.23501410946338,218.3712158203125,2106400,0.0,0.0
2024-03-27 00:00:00-04:00,221.0368770049552,221.8151788470774,219.03275978177967,221.57196044921875,2153100,0.0,0.0
2024-03-28 00:00:00-04:00,222.26269711012353,222.26269711012353,220.20019509568496,221.51358032226562,2295800,0.0,0.0
2024-04-01 00:00:00-04:00,221.2703432727898,222.369695038688,220.67688986529666,221.43572998046875,1616700,0.0,0.0
2024-04-02 00:00:00-04:00,220.22939594450983,220.81312605269778,218.49768209372505,219.4121856689453,1984500,0.0,0.0
2024-04-03 00:00:00-04:00,219.68458211486723,221.09524584581987,219.1397752817991,220.4823455810547,2070100,0.0,0.0
2024-04-04 00:00:00-04:00,223.6149597637553,224.14193269415998,213.9243997630402,214.29522705078125,3035300,0.7,0.0
2024-04-05 00:00:00-04:00,214.6953177413289,217.74008293694692,214.22689576297216,217.09600830078125,1827900,0.0,0.0
2024-04-08 00:00:00-04:00,218.0719013999902,219.42838489027127,217.74985662866015,218.7062225341797,1401200,0.0,0.0
2024-04-09 00:00:00-04:00,217.61322480075918,218.5305468198708,212.71426389967385,214.53916931152344,3503000,0.0,0.0
2024-04-10 00:00:00-04:00,212.2653385912624,214.20736056943713,210.32333150395294,212.40196228027344,3115000,0.0,0.0
2024-04-11 00:00:00-04:00,212.25560220294398,213.88533308582814,209.33769224183297,212.938720703125,3139000,0.0,0.0
2024-04-12 00:00:00-04:00,211.76765828983378,213.0167935161266,210.90887223768252,212.938720703125,2441200,0.0,0.0
2024-04-15 00:00:00-04:00,216.5397807628195,217.35952308265698,211.5920365051367,213.13392639160156,3459000,0.0,0.0
2024-04-16 00:00:00-04:00,212.45076506293069,214.09026426373276,211.2894562312929,213.07533264160156,4176700,0.0,0.0
2024-04-17 00:00:00-04:00,214.26593624960725,214.96857670037355,211.29924370593506,212.4215087890625,2256800,0.0,0.0
2024-04-18 00:00:00-04:00,212.99726935501863,216.1103538705325,211.94330872685657,212.25559997558594,3901500,0.0,0.0
2024-04-19 00:00:00-04:00,213.5632877412766,226.01562590047737,213.5632877412766,225.4691162109375,7573700,0.0,0.0
2024-04-22 00:00:00-04:00,226.43526925537694,229.69473128210225,222.19991932430028,227.3818817138672,5151300,0.0,0.0
2024-04-23 00:00:00-04:00,229.1091784509764,233.64705067501572,228.03569593582918,233.19815063476562,4684500,0.0,0.0
2024-04-24 00:00:00-04:00,232.5247980998495,234.74982116745173,232.23202877182467,233.3542938232422,4429200,0.0,0.0
2024-04-25 00:00:00-04:00,232.38817413969093,232.7004505026003,229.73375804606178,231.3830108642578,3329000,0.0,0.0
2024-04-26 00:00:00-04:00,230.30952638891793,231.20734139980127,228.76762184059663,229.9582061767578,2993300,0.0,0.0
2024-04-29 00:00:00-04:00,230.88531333058887,233.3543085118125,229.95822280920967,233.1591339111328,3696300,0.0,0.0
2024-04-30 00:00:00-04:00,232.14416694651683,233.83244846975134,228.13326797117097,228.38699340820312,3564300,0.0,0.0
2024-05-01 00:00:00-04:00,227.59655497810365,229.47025777601542,225.6545328862547,225.87899780273438,4176000,0.0,0.0
2024-05-02 00:00:00-04:00,227.94786621403972,228.3089399224538,225.34224766521083,226.89390563964844,2734900,0.0,0.0
2024-05-03 00:00:00-04:00,227.63560933334844,227.72345056261955,223.60520237654202,225.20565795898438,3203100,0.0,0.0
2024-05-06 00:00:00-04:00,226.69875835770566,228.91402802310864,225.7423924011393,228.6798095703125,2259600,0.0,0.0
2024-05-07 00:00:00-04:00,229.8215885331626,230.30953245786148,227.78198650172942,229.00184631347656,2084300,0.0,0.0
2024-05-08 00:00:00-04:00,228.7481020190897,231.13903912179927,227.88933085213844,230.5437469482422,2501900,0.0,0.0
2024-05-09 00:00:00-04:00,230.27049373256284,233.60802824908993,229.8801296748348,233.37380981445312,3166300,0.0,0.0
2024-05-10 00:00:00-04:00,234.7010101091523,237.66770239597312,234.51558904918866,236.45761108398438,2590800,0.0,0.0
2024-05-13 00:00:00-04:00,237.0919506238536,237.66772088262508,232.35890347699967,232.8956298828125,2768800,0.0,0.0
2024-05-14 00:00:00-04:00,232.40767126211023,236.2526715377444,232.3588887852967,235.7061767578125,2387300,0.0,0.0
2024-05-15 00:00:00-04:00,235.80378116642854,237.01387254567126,234.45705119573162,235.87208557128906,2013400,0.0,0.0
2024-05-16 00:00:00-04:00,235.8916156687311,237.48231765207046,235.04259799215959,235.5012664794922,2605900,0.0,0.0
2024-05-17 00:00:00-04:00,236.94555070722646,237.32614633735105,236.067242790186,236.96507263183594,1848700,0.0,0.0
2024-05-20 00:00:00-04:00,237.24807779994237,238.51673488681362,236.2624365069732,236.45761108398438,1983200,0.0,0.0
2024-05-21 00:00:00-04:00,236.49664869384662,237.70675494096557,235.52076088222802,237.21881103515625,1825800,0.0,0.0
2024-05-22 00:00:00-04:00,237.0529295605769,237.59942439327253,233.75442374640593,234.30091857910156,2292700,0.0,0.0
2024-05-23 00:00:00-04:00,235.0230596964888,235.0230596964888,229.4507338293737,229.7825469970703,3272600,0.0,0.0
2024-05-24 00:00:00-04:00,231.14880169605107,234.28140831360867,230.98290254490283,232.4369659423828,1624200,0.0,0.0
2024-05-28 00:00:00-04:00,232.01733234433658,232.71997277551304,230.19242686132174,231.52938842773438,2315400,0.0,0.0
2024-05-29 00:00:00-04:00,229.77278616598159,231.92950481823289,229.01159485127323,230.2509765625,2711300,0.0,0.0
2024-05-30 00:00:00-04:00,230.67061142318414,231.59771681381014,229.3141278774232,231.5001220703125,2386300,0.0,0.0
2024-05-31 00:00:00-04:00,232.2612829844157,234.3984795255082,230.22168117403248,234.2130584716797,5102500,0.0,0.0
2024-06-03 00:00:00-04:00,234.38872223743095,235.54027757279695,227.89907439075225,231.16830444335938,2677200,0.0,0.0
2024-06-04 00:00:00-04:00,230.69012429554397,234.21307996904636,230.0460347518211,231.52938842773438,2512100,0.0,0.0
2024-06-05 00:00:00-04:00,230.55349527301976,231.9685296203317,228.06497837761393,229.03111267089844,2925100,0.0,0.0
2024-06-06 00:00:00-04:00,229.12870043585724,230.69988046098388,227.0890984148589,227.7234344482422,2709600,0.0,0.0
2024-06-07 00:00:00-04:00,226.80610422554804,228.47486415013847,226.122985692357,227.05982971191406,2212500,0.0,0.0
2024-06-10 00:00:00-04:00,226.35716729373578,228.27966740906479,225.039727726996,226.83535766601562,2933500,0.0,0.0
2024-06-11 00:00:00-04:00,226.05468327838108,226.05468327838108,218.8038429852107,219.11611938476562,3168100,0.0,0.0
2024-06-12 00:00:00-04:00,221.9461681752216,222.89278058780368,217.45709296743402,218.63790893554688,3091100,0.0,0.0
2024-06-13 00:00:00-04:00,218.023088533651,218.35488679900152,215.41746999540027,216.83250427246094,3011300,0.0,0.0
2024-06-14 00:00:00-04:00,216.04208242268763,220.19935979221893,216.00303856520736,219.39913940429688,2373800,0.0,0.0
2024-06-17 00:00:00-04:00,218.79404437627818,222.96108950113336,218.61839171781102,222.7659149169922,2426700,0.0,0.0
2024-06-18 00:00:00-04:00,222.0925562204104,223.7808380126953,221.30208945323844,223.7808380126953,2176500,0.0,0.0
2024-06-20 00:00:00-04:00,223.0489252781036,226.09369061409902,220.98004779501616,224.65914916992188,2968100,0.0,0.0
2024-06-21 00:00:00-04:00,225.53743667006586,225.53743667006586,222.0144810130808,224.82504272460938,5064300,0.0,0.0
2024-06-24 00:00:00-04:00,226.09367626616574,228.26014835340618,224.6591349130248,225.8887481689453,2152600,0.0,0.0
2024-06-25 00:00:00-04:00,225.29344686522822,225.7228398583472,223.02938013455187,225.0299530029297,3206800,0.0,0.0
2024-06-26 00:00:00-04:00,224.49323023495737,226.88416733513108,223.6149371428418,225.1177978515625,3151900,0.0,0.0
2024-06-27 00:00:00-04:00,224.24925998994271,224.77624776193062,221.88761320627594,222.8927764892578,2264200,0.0,0.0
2024-06-28 00:00:00-04:00,223.72228243145028,227.967400399037,223.22458500463748,225.96682739257812,3901100,0.0,0.0
2024-07-01 00:00:00-04:00,226.72802293449863,229.13846708291751,225.96683161298387,228.17233276367188,2792700,0.0,0.0
2024-07-02 00:00:00-04:00,227.9185962558221,230.49493942491875,227.35257955090904,230.28024291992188,1871700,0.0,0.0
2024-07-03 00:00:00-04:00,230.7974798949551,231.85144057524838,229.51906917532727,230.0265350341797,1365900,0.0,0.0
2024-07-05 00:00:00-04:00,230.71168243565873,231.68067953405,228.6072650781583,230.6333770751953,2488300,0.7,0.0
2024-07-08 00:00:00-04:00,231.22062186054774,234.42128407550678,228.80299823706008,229.53709411621094,2638600,0.0,0.0
2024-07-09 00:00:00-04:00,229.98737196394535,234.12766900502018,229.1553905668084,232.7084197998047,1943400,0.0,0.0
2024-07-10 00:00:00-04:00,231.55343202091558,234.3723501465481,230.62356525763494,233.86337280273438,2203000,0.0,0.0
2024-07-11 00:00:00-04:00,233.80467592186017,234.8617759480936,231.93518946989394,233.68722534179688,1868700,0.0,0.0
2024-07-12 00:00:00-04:00,233.90254976742423,235.16518824617896,232.19944176482386,233.56976318359375,2612200,0.0,0.0
2024-07-15 00:00:00-04:00,235.3511581473944,239.47188997726514,235.3511581473944,238.8258819580078,3054400,0.0,0.0
2024-07-16 00:00:00-04:00,238.96292923918037,244.46375048465612,238.63014263708297,244.33651733398438,3074600,0.0,0.0
2024-07-17 00:00:00-04:00,243.53389258098952,245.52084451020372,242.13422341129186,244.65951538085938,2471900,0.0,0.0
2024-07-18 00:00:00-04:00,245.4816809223755,248.34954184099198,242.50613706852712,243.9156036376953,4053300,0.0,0.0
2024-07-19 00:00:00-04:00,236.67253172805982,238.21902895209269,232.6105252719931,237.240234375,5750400,0.0,0.0
2024-07-22 00:00:00-04:00,237.85685914073545,240.401730954687,234.81280748102816,239.55996704101562,2590000,0.0,0.0
2024-07-23 00:00:00-04:00,241.72310789418458,243.71005962974058,239.84380922098586,241.66436767578125,2564000,0.0,0.0
2024-07-24 00:00:00-04:00,239.8046759174221,240.41152378741202,235.56649352632857,235.8797149658203,2838100,0.0,0.0
2024-07-25 00:00:00-04:00,234.91069243571144,239.76551998421277,234.31362716169522,235.0868682861328,3828800,0.0,0.0
2024-07-26 00:00:00-04:00,236.79977844848915,241.16520908419324,236.75085066500432,240.67581176757812,2174400,0.0,0.0
2024-07-29 00:00:00-04:00,241.4001316982456,242.70193038785783,239.12932091886205,242.63340759277344,2059300,0.0,0.0
2024-07-30 00:00:00-04:00,244.17010396050213,248.3006033724351,243.9449704523955,247.1260528564453,2498800,0.0,0.0
2024-07-31 00:00:00-04:00,247.74270186807206,250.80631881092188,247.07711377358376,247.67417907714844,2180700,0.0,0.0
2024-08-01 00:00:00-04:00,248.4669970669503,249.59260480078774,241.18476338430403,243.4066162109375,3929700,0.0,0.0
2024-08-02 00:00:00-04:00,239.32507005933704,239.46210071038857,225.17170804636936,227.3544158935547,6902600,0.0,0.0
2024-08-05 00:00:00-04:00,221.834005762086,225.88621477607992,217.32176209497516,221.1292724609375,4890700,0.0,0.0
2024-08-06 00:00:00-04:00,222.14722011796363,228.2353085464856,221.6969680484436,226.218994140625,3148200,0.0,0.0
2024-08-07 00:00:00-04:00,229.05753637954047,231.16193897833023,223.6643681063195,223.94822692871094,2665300,0.0,0.0
2024-08-08 00:00:00-04:00,226.1504880844388,229.52732635939878,226.11132793796781,228.58767700195312,2239200,0.0,0.0
2024-08-09 00:00:00-04:00,228.5681224604728,233.28590473399584,228.1472330101062,232.80630493164062,1956400,0.0,0.0
2024-08-12 00:00:00-04:00,233.14889283472527,233.9221490057509,230.40826470787843,232.02328491210938,1747000,0.0,0.0
2024-08-13 00:00:00-04:00,233.6480730973642,234.1961957014639,231.45556774574464,233.92213439941406,1913200,0.0,0.0
2024-08-14 00:00:00-04:00,234.72475212232084,238.9139921989729,234.43111072839775,238.5909881591797,2132500,0.0,0.0
2024-08-15 00:00:00-04:00,242.51594851315133,245.05102300844183,240.14726731194955,244.20925903320312,2656800,0.0,0.0
2024-08-16 00:00:00-04:00,244.10159526662346,246.41155122005748,243.8471140362833,246.37240600585938,2149700,0.0,0.0
2024-08-19 00:00:00-04:00,246.65624876684902,248.72150605036123,246.49963804032183,248.66278076171875,1653400,0.0,0.0
2024-08-20 00:00:00-04:00,248.8291583493103,249.2206702056912,246.91071440851604,247.7133331298828,1659700,0.0,0.0
2024-08-21 00:00:00-04:00,244.34627290092473,244.52246368770724,238.18966170161337,241.0771026611328,3502500,0.0,0.0
2024-08-22 00:00:00-04:00,241.53716737608045,243.64156996408434,240.5485751906952,242.50616455078125,1981300,0.0,0.0
2024-08-23 00:00:00-04:00,242.74105944570337,246.8226311127051,242.74105944570337,245.97108459472656,1868200,0.0,0.0
2024-08-26 00:00:00-04:00,247.06735211695153,250.72804960844124,246.60731742107478,248.49639892578125,1931000,0.0,0.0
2024-08-27 00:00:00-04:00,248.32016500622348,251.23696847363271,248.32016500622348,249.62196350097656,2518100,0.0,0.0
2024-08-28 00:00:00-04:00,248.81937222215714,253.14564239474694,248.36912015205965,251.63829040527344,2557100,0.0,0.0
2024-08-29 00:00:00-04:00,252.5289777820894,256.02328127146745,251.38377508868987,254.3299560546875,2423500,0.0,0.0
2024-08-30 00:00:00-04:00,254.9661853146949,256.19947601853966,250.6692927299542,253.1652069091797,3442100,0.0,0.0
2024-09-03 00:00:00-04:00,250.34629827010838,252.02004360256592,247.4294796175318,248.91725158691406,2970300,0.0,0.0
2024-09-04 00:00:00-04:00,249.58283098685942,251.13909582229962,245.34464873699912,246.40174865722656,3062600,0.0,0.0
2024-09-05 00:00:00-04:00,247.35117995385235,247.8014170879564,243.10320021054284,246.49961853027344,2711200,0.0,0.0
2024-09-06 00:00:00-04:00,245.9612939717573,248.1929594501468,238.16031457542692,238.88461303710938,3653000,0.0,0.0
2024-09-09 00:00:00-04:00,242.98577168991088,247.78185949741587,242.28103834759375,245.59915161132812,3080800,0.0,0.0
2024-09-10 00:00:00-04:00,246.38218364683706,247.1456422578059,235.48819471576692,240.2157745361328,3630900,0.0,0.0
2024-09-11 00:00:00-04:00,239.21739838683513,249.23047807068596,238.3364892057481,248.79000854492188,3149900,0.0,0.0
2024-09-12 00:00:00-04:00,248.7704590038501,251.5502323055753,247.23374419011984,249.7394561767578,2279600,0.0,0.0
2024-09-13 00:00:00-04:00,250.79654699704759,254.6921303240586,250.32671484339653,253.50779724121094,2199200,0.0,0.0
2024-09-16 00:00:00-04:00,255.7688180654529,257.2761701339747,253.65461811582836,255.55348205566406,2170200,0.0,0.0
2024-09-17 00:00:00-04:00,255.97436669665674,261.55350816251905,255.80798833322606,259.7720947265625,2765700,0.0,0.0
2024-09-18 00:00:00-04:00,258.79328653722064,260.70194795739786,255.46539086781993,256.620361328125,2577400,0.0,0.0
2024-09-19 00:00:00-04:00,262.1505212955974,264.37240395737246,260.70192453331725,263.051025390625,2973300,0.0,0.0
2024-09-20 00:00:00-04:00,262.70849492853904,265.7329670064893,261.28926051731514,263.2859802246094,5847200,0.0,0.0
2024-09-23 00:00:00-04:00,265.6056784409282,266.63343065497287,261.3870762614435,261.63177490234375,2534900,0.0,0.0
2024-09-24 00:00:00-04:00,262.09185882293707,262.80638974207653,257.45238127765293,260.56494140625,2340300,0.0,0.0
2024-09-25 00:00:00-04:00,261.42626171174123,263.0217017841072,259.9189095741728,260.5257873535156,2116300,0.0,0.0
2024-09-26 00:00:00-04:00,262.60079068808676,263.2859289312681,260.692129421888,262.4637451171875,1430600,0.0,0.0
2024-09-27 00:00:00-04:00,262.31696354485774,266.89771529158577,261.7492757965984,265.31207275390625,2231900,0.0,0.0
2024-09-30 00:00:00-04:00,264.3724166893582,265.7231579617314,261.6220063647767,265.4490966796875,2113100,0.0,0.0
2024-10-01 00:00:00-04:00,265.5274290240601,266.06575416899796,260.86835662328167,262.9042663574219,2429500,0.0,0.0
2024-10-02 00:00:00-04:00,262.90420790825664,265.6350529190243,260.60403486586944,265.1750183105469,2009500,0.0,0.0
2024-10-03 00:00:00-04:00,263.92219195604974,265.3512237173917,261.9646027436314,262.8944396972656,1614500,0.0,0.0
2024-10-04 00:00:00-04:00,267.1731296966654,271.6284769576255,264.9650873024781,270.8237609863281,2239600,0.7,0.0
2024-10-07 00:00:00-04:00,269.2339725413012,271.1574143997227,266.4861685093506,268.6844177246094,3287500,0.0,0.0
2024-10-08 00:00:00-04:00,266.1917828771327,267.41847312080614,261.1967037987136,264.0916748046875,3332800,0.0,0.0
2024-10-09 00:00:00-04:00,263.79729761600504,266.52545569053666,263.414585809271,266.358642578125,2087000,0.0,0.0
2024-10-10 00:00:00-04:00,265.87774419254686,267.81100922328085,264.8473363625864,265.42633056640625,2052800,0.0,0.0
2024-10-11 00:00:00-04:00,266.3193611356433,271.94248999665194,265.9464425130544,271.0102233886719,1723200,0.0,0.0
2024-10-14 00:00:00-04:00,271.0102224624282,272.5215132098891,269.97978470114,271.3634948730469,1399000,0.0,0.0
2024-10-15 00:00:00-04:00,275.3379810332665,276.1721363538582,271.7364054507786,272.1387634277344,2264600,0.0,0.0
2024-10-16 00:00:00-04:00,273.6795024694628,276.6137359225788,272.51169097204706,276.4272766113281,2243600,0.0,0.0
2024-10-17 00:00:00-04:00,278.70403042830435,281.0200072917981,277.21238583563854,280.4508361816406,3571900,0.0,0.0
2024-10-18 00:00:00-04:00,271.63827216075765,273.9935413577606,264.03279274570633,271.62847900390625,7884400,0.0,0.0
2024-10-21 00:00:00-04:00,269.87185412159783,271.2064787339774,264.50385640713034,265.6912841796875,4092700,0.0,0.0
2024-10-22 00:00:00-04:00,265.573506917794,267.74228672554364,263.5715401999151,267.3203125,2595400,0.0,0.0
2024-10-23 00:00:00-04:00,266.92781062292516,268.25264214328917,263.9444914127377,266.17218017578125,2051100,0.0,0.0
2024-10-24 00:00:00-04:00,265.19083367201443,266.1721859381971,263.6991590603802,264.94549560546875,3490600,0.0,0.0
2024-10-25 00:00:00-04:00,266.58433520560624,268.0760098065349,261.3831802115634,262.3645324707031,2993300,0.0,0.0
2024-10-28 00:00:00-04:00,264.2192278603724,266.89832985495366,262.68832099160863,266.40765380859375,2336900,0.0,0.0
2024-10-29 00:00:00-04:00,265.2595043751492,266.73153276779374,264.55292954874005,265.3870849609375,1749000,0.0,0.0
2024-10-30 00:00:00-04:00,265.94644258306903,269.9405531703864,265.23004470535494,268.968994140625,2152900,0.0,0.0
2024-10-31 00:00:00-04:00,268.5961300162615,268.96901872453867,263.63048989381247,265.0436096191406,2315400,0.0,0.0
2024-11-01 00:00:00-04:00,267.22220819481515,269.62653320919935,265.89740660372,267.6049499511719,2508300,0.0,0.0
2024-11-04 00:00:00-05:00,267.2516284038262,267.73251134132227,264.68049046087833,265.15155029296875,1944000,0.0,0.0
2024-11-05 00:00:00-05:00,266.6530343514383,271.02985699730635,266.13291885730035,270.7943420410156,1859600,0.0,0.0
2024-11-06 00:00:00-05:00,282.62942907335895,291.29475568323693,281.4616175781834,289.6559143066406,5380500,0.0,0.0
2024-11-07 00:00:00-05:00,286.8688724619291,287.57544721965763,279.3418881685084,281.471435546875,3876900,0.0,0.0
2024-11-08 00:00:00-05:00,281.3340507280599,284.690288539385,280.61768276561867,282.2369079589844,1814400,0.0,0.0
2024-11-11 00:00:00-05:00,285.07304075761994,288.6942334036247,285.0141620112213,287.5068054199219,2299500,0.0,0.0
2024-11-12 00:00:00-05:00,286.55488446244806,288.075968616326,282.21729392441074,283.1299743652344,2251400,0.0,0.0
2024-11-13 00:00:00-05:00,282.550961522382,285.1907716019151,282.0799016467115,282.27618408203125,2118100,0.0,0.0
2024-11-14 00:00:00-05:00,282.9631211205082,285.14172444394507,282.00138507644294,282.9238586425781,2979400,0.0,0.0
2024-11-15 00:00:00-05:00,282.6294099800046,285.13184590147324,280.16620658034265,281.5204772949219,2614400,0.0,0.0
2024-11-18 00:00:00-05:00,281.5892498694478,282.15842106352693,278.32132972445856,280.2153625488281,2074400,0.0,0.0
2024-11-19 00:00:00-05:00,276.63340522729226,281.27518228832355,276.06420414064286,280.2251281738281,2512900,0.0,0.0
2024-11-20 00:00:00-05:00,280.8139415123433,282.95328223857666,279.77371051890896,282.3448486328125,2387400,0.0,0.0
2024-11-21 00:00:00-05:00,284.41550104745977,288.5862478865469,282.168196129762,287.53619384765625,2410300,0.0,0.0
2024-11-22 00:00:00-05:00,287.92875005785623,296.28989056615103,287.05536211068375,295.6814270019531,3788900,0.0,0.0
2024-11-25 00:00:00-05:00,297.3987693272187,300.0974878508722,296.85903760188484,299.51849365234375,3478400,0.0,0.0
2024-11-26 00:00:00-05:00,299.9109976573815,301.2456520721403,296.3683309900271,299.87176513671875,2130500,0.0,0.0
2024-11-27 00:00:00-05:00,301.2751038550547,302.0798197891456,297.14361977408544,298.5763854980469,1697000,0.0,0.0
2024-11-29 00:00:00-05:00,301.5204649223128,302.0504034984783,298.9885894112864,298.9983825683594,1326600,0.0,0.0
2024-12-02 00:00:00-05:00,300.49985850261845,301.12793830622365,294.3173514219079,296.62353515625,2166900,0.0,0.0
2024-12-03 00:00:00-05:00,298.1740071743585,299.30255605690746,295.52437457382905,296.47625732421875,2128700,0.0,0.0
2024-12-04 00:00:00-05:00,296.3683969810391,297.8698648141621,295.1024441182896,296.95721435546875,1561200,0.0,0.0
2024-12-05 00:00:00-05:00,296.6431169383851,297.7716658840344,294.71967517328346,294.9257507324219,2793600,0.0,0.0
2024-12-06 00:00:00-05:00,296.01510473437634,299.0572727266263,295.0141062802223,298.3212585449219,1797600,0.0,0.0
2024-12-09 00:00:00-05:00,298.3997733381603,299.38112554702843,290.63727377219453,291.18682861328125,2377900,0.0,0.0
2024-12-10 00:00:00-05:00,291.8835368578437,299.29276290125125,290.98070973119985,296.47625732421875,2967800,0.0,0.0
2024-12-11 00:00:00-05:00,297.7128485765954,298.4586859234393,293.954282367703,296.7020568847656,2071200,0.0,0.0
2024-12-12 00:00:00-05:00,297.96799305626104,298.7727091013146,294.66084071449785,294.7000732421875,1668100,0.0,0.0
2024-12-13 00:00:00-05:00,296.8197777651349,298.6451084287442,295.6323499897581,296.5057678222656,1662000,0.0,0.0
2024-12-16 00:00:00-05:00,298.03666870978066,298.5273447992281,295.2201627996192,297.9090881347656,1813700,0.0,0.0
2024-12-17 00:00:00-05:00,296.69217109804015,297.3791295564251,294.11124019799837,295.72064208984375,3611500,0.0,0.0
2024-12-18 00:00:00-05:00,296.9571267667938,297.92865568152433,281.088651451437,282.4134826660156,3541200,0.0,0.0
2024-12-19 00:00:00-05:00,287.555867346064,291.3242569404556,285.7698287520934,287.61474609375,3540200,0.0,0.0
2024-12-20 00:00:00-05:00,286.89833391965453,297.0749518767706,286.5548546452782,293.0808410644531,6232400,0.0,0.0
2024-12-23 00:00:00-05:00,290.9512827047317,294.17011640934317,289.6853301044318,293.2279968261719,1902400,0.0,0.0
2024-12-24 00:00:00-05:00,293.7088952230438,297.95813688217476,292.44294255593223,297.8011169433594,862900,0.0,0.0
2024-12-26 00:00:00-05:00,295.8580847817934,299.20449952176216,295.3968480299856,298.3212585449219,1228900,0.0,0.0
2024-12-27 00:00:00-05:00,295.23981320435627,299.40073691846266,293.13970513641135,295.4360656738281,1676000,0.0,0.0
2024-12-30 00:00:00-05:00,291.80507711886526,294.1112607347736,288.6451218969272,291.7854309082031,2392800,0.0,0.0
2024-12-31 00:00:00-05:00,292.4920070710818,293.2967230512761,290.15641402502985,291.2555236816406,1231300,0.0,0.0
2025-01-02 00:00:00-05:00,294.405690015517,294.7393462037151,289.12600984947943,292.8649597167969,1930100,0.0,0.0
2025-01-03 00:00:00-05:00,295.7667256896134,298.4717892637085,292.66820432670363,298.12750244140625,1979600,0.7,0.0
2025-01-06 00:00:00-05:00,299.3472752080685,300.1636994091967,295.2650941646145,296.9471435546875,2714000,0.0,0.0
2025-01-07 00:00:00-05:00,299.0325262507059,299.4063217115448,291.9993659298413,297.0848693847656,2058800,0.0,0.0
2025-01-08 00:00:00-05:00,296.9667871333968,299.2292219192196,293.9666377661048,297.9012756347656,2061300,0.0,0.0
2025-01-10 00:00:00-05:00,295.5208526347643,296.39632410624125,288.3696579992665,288.5073547363281,2685500,0.0,0.0
2025-01-13 00:00:00-05:00,287.74006666563724,292.8452618815965,286.4023041522365,292.1665344238281,2202800,0.0,0.0
2025-01-14 00:00:00-05:00,294.7044044937119,295.6290468637843,291.88130641400636,295.45196533203125,2370900,0.0,0.0
2025-01-15 00:00:00-05:00,300.0161577439818,308.8297387596259,299.2390583071544,307.216552734375,3099500,0.0,0.0
2025-01-16 00:00:00-05:00,307.59032452859594,308.8690698164527,305.0623125169625,306.3902587890625,2361000,0.0,0.0
2025-01-17 00:00:00-05:00,307.9051117214264,310.2462263309088,305.6918776607002,307.45263671875,2183500,0.0,0.0
2025-01-21 00:00:00-05:00,311.7610414273457,314.4759512281051,309.85273961360974,312.7545471191406,2779100,0.0,0.0
2025-01-22 00:00:00-05:00,313.10869264317125,317.54500715529343,312.48898227676995,316.98431396484375,2927400,0.0,0.0
2025-01-23 00:00:00-05:00,318.2630684182941,320.9386238726692,316.72856176258443,320.545166015625,3935800,0.0,0.0
2025-01-24 00:00:00-05:00,319.09913753055025,319.1680009004619,308.60350741909275,316.0891418457031,6260100,0.0,0.0
2025-01-27 00:00:00-05:00,312.9315915221981,313.6201351388169,306.74436505993566,311.2495422363281,3099100,0.0,0.0
2025-01-28 00:00:00-05:00,311.46594773494434,312.67582966607057,305.64267048768886,311.8594055175781,2431300,0.0,0.0
2025-01-29 00:00:00-05:00,311.45614892034,314.25958482885085,309.00684608331187,310.09869384765625,2155400,0.0,0.0
2025-01-30 00:00:00-05:00,311.8200417859734,316.6301508459412,310.8363823481627,313.7381896972656,2517400,0.0,0.0
2025-01-31 00:00:00-05:00,315.66617935524874,316.3842616098119,310.3544239646637,312.2627258300781,2033400,0.0,0.0
2025-02-03 00:00:00-05:00,307.0886787043282,311.8200787597058,304.1377000409871,311.3577575683594,1997200,0.0,0.0
2025-02-04 00:00:00-05:00,310.0986496480811,312.1741567322897,307.9936039614591,310.6691589355469,1884100,0.0,0.0
2025-02-05 00:00:00-05:00,312.74471432777983,315.4694404274204,309.9511248562907,315.2923889160156,2065700,0.0,0.0
2025-02-06 00:00:00-05:00,317.82041739771006,317.9679603314372,312.0266480424557,314.9186096191406,1730400,0.0,0.0
2025-02-07 00:00:00-05:00,315.58743532090534,316.14812838917567,311.1216432128477,311.5937805175781,1607100,0.0,0.0
2025-02-10 00:00:00-05:00,313.2463900346317,313.2463900346317,301.0096630526301,305.1902160644531,3227000,0.0,0.0
2025-02-11 00:00:00-05:00,303.4884603375537,305.4361169287107,301.33424365941045,304.511474609375,1856100,0.0,0.0
2025-02-12 00:00:00-05:00,301.8359082718325,302.9277558523872,298.94394708697956,301.39324951171875,2238400,0.0,0.0
2025-02-13 00:00:00-05:00,302.5244822491778,304.5705109214274,300.8817876131433,302.4753112792969,1975200,0.0,0.0
2025-02-14 00:00:00-05:00,302.4064019370398,306.75418969047536,302.39658575590005,305.9574279785156,1725500,0.0,0.0
2025-02-18 00:00:00-05:00,308.2690690635834,308.56415490980174,303.98029797880525,307.7378845214844,2024500,0.0,0.0
2025-02-19 00:00:00-05:00,305.30824890307014,306.90177253435814,301.85559435600857,304.85577392578125,2148200,0.0,0.0
2025-02-20 00:00:00-05:00,304.65900483683345,304.89507349784043,293.8092423474633,298.8947448730469,2830300,0.0,0.0
2025-02-21 00:00:00-05:00,299.9571491897234,299.9571491897234,289.04836825116047,290.5730285644531,3280200,0.0,0.0
2025-02-24 00:00:00-05:00,292.2550660526013,294.09453457386894,287.64173051370534,290.7008972167969,2450600,0.0,0.0
2025-02-25 00:00:00-05:00,292.13701238951563,293.5338220261096,284.79892124907695,288.5466613769531,2511700,0.0,0.0
2025-02-26 00:00:00-05:00,290.3172615050857,294.44861314137927,288.871280927657,291.2615661621094,1899400,0.0,0.0
2025-02-27 00:00:00-05:00,291.1632142663759,296.0815118046593,288.2515905290058,289.39263916015625,2031800,0.0,0.0
2025-02-28 00:00:00-05:00,291.4484718752057,296.15036292658823,290.1500341742621,296.0421447753906,3336300,0.0,0.0
2025-03-03 00:00:00-05:00,296.5044692417042,298.5012967812388,288.3204151804085,290.6615295410156,2342500,0.0,0.0
2025-03-04 00:00:00-05:00,286.8056307747834,287.00234467932177,273.04421284589984,278.8379821777344,5901200,0.0,0.0
2025-03-05 00:00:00-05:00,278.37563544283137,281.444648246102,276.04436725645866,279.5363464355469,2569200,0.0,0.0
2025-03-06 00:00:00-05:00,275.22789151331955,277.5493433358341,270.0440172180694,271.1358947753906,2944200,0.0,0.0
2025-03-07 00:00:00-05:00,269.1882948222518,269.6899708337774,260.3845292284174,268.7456359863281,3817000,0.0,0.0
2025-03-10 00:00:00-04:00,263.33549581790777,264.2011210449606,253.243169014262,257.0499267578125,4284100,0.0,0.0
2025-03-11 00:00:00-04:00,253.25296421701296,255.98753640198663,249.39702081236993,251.216796875,4925600,0.0,0.0
2025-03-12 00:00:00-04:00,255.92853414768769,258.5254097650415,250.8331848905276,256.4892272949219,5514900,0.0,0.0
2025-03-13 00:00:00-04:00,255.40720747991128,257.23682993387877,249.37738437744343,252.2398223876953,4194000,0.0,0.0
2025-03-14 00:00:00-04:00,255.89902463258986,262.3026578767058,254.76782215960085,261.28948974609375,4336800,0.0,0.0
2025-03-17 00:00:00-04:00,260.8566984183675,262.0862729499149,257.00073947911454,260.0599365234375,2975800,0.0,0.0
2025-03-18 00:00:00-04:00,260.27631718689616,261.16160475856765,256.20395233073833,258.4270324707031,3251700,0.0,0.0
2025-03-19 00:00:00-04:00,258.73199630416514,267.56527075996416,256.9909295320513,266.22747802734375,2894200,0.0,0.0
2025-03-20 00:00:00-04:00,264.63396557865576,270.0637562684181,263.83720363012844,266.404541015625,2129500,0.0,0.0
2025-03-21 00:00:00-04:00,263.47321421440967,266.1389231667816,260.8271676460627,266.0897521972656,4229700,0.0,0.0
2025-03-24 00:00:00-04:00,270.7326113612756,273.7032522046332,269.74895187446646,273.3196105957031,2651400,0.0,0.0
2025-03-25 00:00:00-04:00,274.34263524191465,275.21810662735635,271.6965887208219,274.7164306640625,2767600,0.0,0.0
2025-03-26 00:00:00-04:00,275.42472065358925,277.51992065301573,270.1129641876239,271.4900817871094,2578600,0.0,0.0
2025-03-27 00:00:00-04:00,270.36866290033737,270.99821945260646,266.11927624815524,267.5750732421875,2312000,0.0,0.0
2025-03-28 00:00:00-04:00,266.2078088330056,268.184974283199,258.71232730152104,261.1419677734375,3261500,0.0,0.0
2025-03-31 00:00:00-04:00,258.20073105407516,265.92246289191365,254.7677695568287,264.6535339355469,3946000,0.0,0.0
2025-04-01 00:00:00-04:00,261.3976750928173,266.4438533078435,260.7878109844504,266.06024169921875,2881400,0.0,0.0
2025-04-02 00:00:00-04:00,262.52887986918455,272.7884405268716,262.214101646823,270.75225830078125,2473700,0.0,0.0
2025-04-03 00:00:00-04:00,255.94820137022433,256.73511692411586,243.14093609547436,243.77049255371094,7736200,0.0,0.0
2025-04-04 00:00:00-04:00,234.80921687338483,235.84549123533586,225.63081047497568,230.62464904785156,9097500,0.82,0.0
2025-04-07 00:00:00-04:00,222.34435002850782,238.7766620437874,217.5478934212481,231.21681213378906,6283600,0.0,0.0
2025-04-08 00:00:00-04:00,242.6157940609983,243.77049459671102,224.38728664086608,228.36459350585938,4782100,0.0,0.0
2025-04-09 00:00:00-04:00,223.99252922812306,261.30815010788905,223.30166960481873,258.9296569824219,8640600,0.0,0.0
2025-04-10 00:00:00-04:00,251.68563178706566,252.15935159695042,235.40136837669507,243.66192626953125,4799900,0.0,0.0
2025-04-11 00:00:00-04:00,243.6619288818886,249.46505308749823,239.96095988530723,247.84649658203125,4413500,0.0,0.0
2025-04-14 00:00:00-04:00,253.1660182944455,254.25164193881497,248.86303927311724,252.0409393310547,3067000,0.0,0.0
2025-04-15 00:00:00-04:00,252.65281347327598,257.2222812859228,251.96196894829123,254.4884796142578,3509100,0.0,0.0
2025-04-16 00:00:00-04:00,251.82380042835496,255.5543759282582,246.36610608370836,249.6130828857422,4244900,0.0,0.0
2025-04-17 00:00:00-04:00,249.64272664958776,252.27781512986672,243.86922325772375,248.024169921875,3907500,0.0,0.0
2025-04-21 00:00:00-04:00,245.59630386237043,246.98785673297888,236.14156010912714,239.3391876220703,4302900,0.0,0.0
2025-04-22 00:00:00-04:00,243.88892292798516,249.92891470686655,243.14872911198398,249.11962890625,2324100,0.0,0.0
2025-04-23 00:00:00-04:00,258.44603891287926,266.6375342932693,255.87017917976968,256.7386779785156,3872900,0.0,0.0
2025-04-24 00:00:00-04:00,254.69577178326892,264.49593095164107,254.62667979672912,263.8248291015625,2696300,0.0,0.0
2025-04-25 00:00:00-04:00,263.50902481810573,265.3446912082413,260.54824925835175,261.34765625,1940100,0.0,0.0
2025-04-28 00:00:00-04:00,261.4759304375324,264.4959187420423,259.09743740476637,261.4858093261719,1561500,0.0,0.0
2025-04-29 00:00:00-04:00,261.95954015545203,263.9827548213134,258.4066035263737,263.52874755859375,1730800,0.0,0.0
2025-04-30 00:00:00-04:00,257.5479732931407,263.9235313133945,253.84700405849262,262.9267272949219,3522700,0.0,0.0
2025-05-01 00:00:00-04:00,264.4959216520812,269.0949961427965,263.0352616898272,265.02886962890625,2473800,0.0,0.0
2025-05-02 00:00:00-04:00,270.91094456118566,274.4638810053731,269.52925542138064,273.230224609375,3099300,0.0,0.0
2025-05-05 00:00:00-04:00,271.85837073797074,277.9082262224431,270.49640932546185,274.394775390625,2416300,0.0,0.0
2025-05-06 00:00:00-04:00,270.89121408441525,274.4836058105494,270.032563942136,271.7695617675781,3064000,0.0,0.0
2025-05-07 00:00:00-04:00,273.7137974373165,275.1645785062898,270.3089239903617,272.628173828125,2329200,0.0,0.0
2025-05-08 00:00:00-04:00,276.07259363288307,281.76714112394757,275.0856684450584,279.9512023925781,3418000,0.0,0.0
2025-05-09 00:00:00-04:00,281.2736838108281,283.2475342235357,279.27022684667264,280.79010009765625,2704600,0.0,0.0
2025-05-12 00:00:00-04:00,293.4522992244318,295.2583889844666,290.87643922647936,295.01165771484375,4089000,0.0,0.0
2025-05-13 00:00:00-04:00,296.0775572530181,299.05806048668114,294.91299275627887,298.34747314453125,3531700,0.0,0.0
2025-05-14 00:00:00-04:00,299.1863486277567,299.65020464591237,295.53474369968586,296.1762390136719,1954400,0.0,0.0
2025-05-15 00:00:00-04:00,294.1530350954333,296.99538440617187,293.1167757135693,295.6334228515625,1955000,0.0,0.0
2025-05-16 00:00:00-04:00,296.43282493328684,297.7059668157239,293.93590549727435,295.80120849609375,2962200,0.0,0.0
2025-05-19 00:00:00-04:00,293.12662101813197,296.9558950608828,291.8238727135453,295.38665771484375,2751300,0.0,0.0
2025-05-20 00:00:00-04:00,292.61340055004854,294.3010640831031,290.34348496607834,292.297607421875,2706600,0.0,0.0
2025-05-21 00:00:00-04:00,289.20851973878626,290.27438552091485,281.38218134685934,282.26055908203125,3447500,0.0,0.0
2025-05-22 00:00:00-04:00,281.89541853736466,285.2706854819025,281.3427428959367,283.4251403808594,2051800,0.0,0.0
2025-05-23 00:00:00-04:00,278.13524430997694,283.3462077343964,277.77993560542603,281.49078369140625,1724200,0.0,0.0
2025-05-27 00:00:00-04:00,286.7313494868479,290.0177968335955,284.3824629185024,289.91912841796875,2604300,0.0,0.0
2025-05-28 00:00:00-04:00,289.623051567925,291.51796114396154,288.55718563791856,289.52435302734375,1676900,0.0,0.0
2025-05-29 00:00:00-04:00,292.3864432532723,292.73184294754327,288.97166068115445,291.5179443359375,2362200,0.0,0.0
2025-05-30 00:00:00-04:00,291.11327602382164,291.8830763390944,287.8169500523429,290.2052917480469,5251700,0.0,0.0
2025-06-02 00:00:00-04:00,288.52754946964563,291.8830886749947,286.53394155767586,291.46856689453125,1751200,0.0,0.0
2025-06-03 00:00:00-04:00,291.3402797327189,294.3503890146986,288.8236028451948,293.50164794921875,2202400,0.0,0.0
2025-06-04 00:00:00-04:00,293.916184650393,294.7451981851201,291.9324554060237,292.0607604980469,1842100,0.0,0.0
2025-06-05 00:00:00-04:00,292.62327999631265,294.5971301143316,290.2941513139603,292.09033203125,1696900,0.0,0.0
2025-06-06 00:00:00-04:00,296.36370854146674,299.53172927123757,295.3175704796912,298.51519775390625,2099000,0.0,0.0
2025-06-09 00:00:00-04:00,299.8179802488641,299.8179802488641,295.66300395227375,297.61712646484375,2097800,0.0,0.0
2025-06-10 00:00:00-04:00,297.7552791164884,297.83421986288175,294.1036446356684,295.603759765625,2045300,0.0,0.0
2025-06-11 00:00:00-04:00,296.25519701025286,299.4232485630546,294.7452026707047,295.1893310546875,2013500,0.0,0.0
2025-06-12 00:00:00-04:00,292.7910927484191,294.6760932499735,290.1559893885383,294.09381103515625,1604500,0.0,0.0
2025-06-13 00:00:00-04:00,288.72490327077884,289.49470358354864,282.40858915080116,284.02716064453125,3405600,0.0,0.0
2025-06-16 00:00:00-04:00,287.12608567932534,292.5739310056322,286.2279803067848,290.3730773925781,2307800,0.0,0.0
2025-06-17 00:00:00-04:00,288.27094958666305,290.7382623430129,287.1458706314208,288.9815368652344,2625800,0.0,0.0
2025-06-18 00:00:00-04:00,288.26109081037913,295.32747865183194,288.26109081037913,292.54437255859375,3691500,0.0,0.0
2025-06-20 00:00:00-04:00,293.68913967678543,295.8307802622944,292.7614578497605,294.6859436035156,5687000,0.0,0.0
2025-06-23 00:00:00-04:00,292.9391147112761,295.94922421166615,288.06370231942753,295.7123718261719,3101700,0.0,0.0
2025-06-24 00:00:00-04:00,299.13696820558727,305.17694427923743,298.19937742483165,304.3479309082031,2805900,0.0,0.0
2025-06-25 00:00:00-04:00,304.8513018934565,306.7066957410702,303.16363832419546,304.5552062988281,2467200,0.0,0.0
2025-06-26 00:00:00-04:00,305.53223700999376,308.1870677456148,304.14069922442025,307.34820556640625,3255200,0.0,0.0
2025-06-27 00:00:00-04:00,309.97343281631805,315.9344690585256,309.0062654609365,313.04278564453125,4605500,0.0,0.0
2025-06-30 00:00:00-04:00,314.4145625828829,315.94431444943814,313.4375164418136,314.8093566894531,3416600,0.0,0.0
2025-07-01 00:00:00-04:00,312.7861710677018,320.13877525946975,312.1644034231025,318.3129577636719,3836200,0.0,0.0
2025-07-02 00:00:00-04:00,318.76692223984173,322.34946510245516,317.1385018800802,321.3526611328125,3040200,0.0,0.0
2025-07-03 00:00:00-04:00,321.88690288306555,325.65660806843147,320.7490797835906,324.65728759765625,1541800,0.82,0.0
2025-07-07 00:00:00-04:00,324.0537682098425,324.9343636246649,316.8706230236821,319.3144836425781,2160300,0.0,0.0
2025-07-08 00:00:00-04:00,321.0360888078066,321.0360888078066,313.5956849130109,313.6253662109375,2643900,0.0,0.0
2025-07-09 00:00:00-04:00,315.28758878431904,317.533554247391,313.95186994816135,313.991455078125,2424200,0.0,0.0
2025-07-10 00:00:00-04:00,314.4861380962284,322.6488267527418,314.1398361749099,321.79791259765625,2844400,0.0,0.0
2025-07-11 00:00:00-04:00,319.5618210676677,320.9173171343292,315.8218270975864,316.0889587402344,2091200,0.0,0.0
2025-07-14 00:00:00-04:00,315.9108969161312,318.36463124307636,314.31792017505705,317.5236511230469,1890900,0.0,0.0
2025-07-15 00:00:00-04:00,315.2380847943749,316.0692215109521,307.1446622925661,307.3623352050781,3006500,0.0,0.0
2025-07-16 00:00:00-04:00,309.1333535265244,309.1828122832619,303.3650373057539,308.59906005859375,2921900,0.0,0.0
2025-07-17 00:00:00-04:00,307.62949444422793,313.62535802576843,307.29306615036506,312.0126037597656,3223300,0.0,0.0
2025-07-18 00:00:00-04:00,308.5595111150931,308.5595111150931,299.3084881200056,304.69091796875,5481100,0.0,0.0
2025-07-21 00:00:00-04:00,304.7008220583738,305.8980382553057,299.7636413574219,299.7636413574219,2667200,0.0,0.0
2025-07-22 00:00:00-04:00,299.7735070420652,302.91984515751943,298.5367360663737,300.9212341308594,2296100,0.0,0.0
2025-07-23 00:00:00-04:00,304.7403529167146,306.3135218944583,302.00955307895435,305.39337158203125,2139100,0.0,0.0
2025-07-24 00:00:00-04:00,305.03716017376547,307.2138890175924,303.7509305262508,304.9877014160156,2288100,0.0,0.0
2025-07-25 00:00:00-04:00,306.14533892203724,309.34113564624613,304.25554933796633,308.3121337890625,2149300,0.0,0.0
2025-07-28 00:00:00-04:00,308.3022690970347,310.1821549060294,306.0167187922427,307.45135498046875,1653800,0.0,0.0
2025-07-29 00:00:00-04:00,309.59837370045904,310.30085108137007,304.59192776797124,305.2746276855469,1796400,0.0,0.0
2025-07-30 00:00:00-04:00,305.28456159387935,305.4824570447064,298.18055575044406,300.198974609375,3132400,0.0,0.0
2025-07-31 00:00:00-04:00,298.7049198210334,300.6936572109599,294.9154668395388,296.142333984375,2718200,0.0,0.0
2025-08-01 00:00:00-04:00,290.9182197968599,291.7889114099035,285.2884358028253,291.1556701660156,3012900,0.0,0.0
2025-08-04 00:00:00-04:00,292.41222275475246,295.9345438246988,292.40231892538577,295.429931640625,1876000,0.0,0.0
2025-08-05 00:00:00-04:00,296.67659893728757,297.1713072796226,292.10549868524726,293.5005798339844,2181000,0.0,0.0
2025-08-06 00:00:00-04:00,294.06457118018545,294.8956777041802,291.32389739768115,292.4122619628906,3430500,0.0,0.0
2025-08-07 00:00:00-04:00,294.5494091038257,295.1331614235208,287.55422470907286,291.61083984375,2842500,0.0,0.0
2025-08-08 00:00:00-04:00,293.85681506591396,294.97486097794166,291.4228579814742,294.2822570800781,1778100,0.0,0.0
2025-08-11 00:00:00-04:00,293.9755360175303,294.29215666310364,291.7691557187193,293.094970703125,2316700,0.0,0.0
2025-08-12 00:00:00-04:00,295.73665391618033,301.841368412655,295.32111579945956,300.00103759765625,2170500,0.0,0.0
2025-08-13 00:00:00-04:00,301.4654234770038,304.3446301437409,299.2293317260534,303.6223449707031,2586800,0.0,0.0
2025-08-14 00:00:00-04:00,302.30641092374213,304.6909089830143,299.3084792930049,304.4732360839844,2108300,0.0,0.0
2025-08-15 00:00:00-04:00,306.18488456615034,306.5311864512454,301.02012816684646,302.23712158203125,2728000,0.0,0.0
2025-08-18 00:00:00-04:00,301.04983755482584,303.9884066458121,299.58552002175,303.8004150390625,2115100,0.0,0.0
2025-08-19 00:00:00-04:00,303.4145445980106,305.3043342164768,301.34666721100285,302.8604736328125,2215800,0.0,0.0
2025-08-20 00:00:00-04:00,302.4944129357931,305.7495725085885,300.65408196346954,305.1361389160156,2481700,0.0,0.0
2025-08-21 00:00:00-04:00,303.54319978772355,305.2548715906785,300.8024958254985,304.9085998535156,1848500,0.0,0.0
2025-08-22 00:00:00-04:00,306.9368984834718,318.3052885043183,306.8676320567995,315.78228759765625,2785200,0.0,0.0
2025-08-25 00:00:00-04:00,315.68336408702976,316.56395965042026,312.0719983221074,312.4578552246094,1599600,0.0,0.0
2025-08-26 00:00:00-04:00,311.686068612145,317.3950228570534,310.79559953350514,317.20703125,1848600,0.0,0.0
2025-08-27 00:00:00-04:00,316.5342358326523,320.09611215574245,316.12857132143944,319.0473327636719,1970100,0.0,0.0
2025-08-28 00:00:00-04:00,320.5611380400466,324.0735857822397,318.5922082784871,323.5293884277344,2194800,0.0,0.0
2025-08-29 00:00:00-04:00,323.81631973086905,328.54573069030187,323.3512926405343,327.77398681640625,2981300,0.0,0.0
2025-09-02 00:00:00-04:00,323.20286565768913,327.8729137301094,319.29465758084143,327.6750183105469,3225100,0.0,0.0
2025-09-03 00:00:00-04:00,327.2495905189704,328.5556278774969,318.00844168443257,320.2840881347656,3439000,0.0,0.0
2025-09-04 00:00:00-04:00,321.5604662927275,327.53655233616485,319.40354487322304,327.1506652832031,2485100,0.0,0.0
2025-09-05 00:00:00-04:00,327.19027281822343,328.9415298383723,321.78806506902265,322.767578125,2971800,0.0,0.0
2025-09-08 00:00:00-04:00,323.0544593897657,323.98451351200083,320.5710137873504,321.9660949707031,2264400,0.0,0.0
2025-09-09 00:00:00-04:00,319.37382585692256,323.1335972486109,317.40486608660336,320.90740966796875,2056000,0.0,0.0
2025-09-10 00:00:00-04:00,319.5717117433419,321.2141471990523,317.8402324020006,319.92791748046875,1846600,0.0,0.0
2025-09-11 00:00:00-04:00,320.0763343007303,327.19024349720206,319.0077774440231,325.8347473144531,2825900,0.0,0.0
2025-09-12 00:00:00-04:00,326.11182508772185,326.11182508772185,320.620543027629,321.8672180175781,2000300,0.0,0.0
2025-09-15 00:00:00-04:00,322.5993232840912,326.77466322896277,322.5498645238154,323.7965393066406,1646300,0.0,0.0
2025-09-16 00:00:00-04:00,324.33079360803606,324.5187852032269,320.27420915080745,323.578857421875,1987600,0.0,0.0
2025-09-17 00:00:00-04:00,325.41916573944036,333.92815589904785,324.9244573603306,332.44403076171875,3586500,0.0,0.0
2025-09-18 00:00:00-04:00,334.91758213293986,338.84556798198776,331.45462338119603,338.0540466308594,3204000,0.0,0.0
2025-09-19 00:00:00-04:00,338.9049385022845,340.71555797778717,336.1246796835514,337.5098571777344,8632000,0.0,0.0
2025-09-22 00:00:00-04:00,335.9168636587833,341.8533636852304,334.798817989333,337.3713073730469,3328000,0.0,0.0
2025-09-23 00:00:00-04:00,338.32119777838375,345.4944698915627,336.4116305177187,337.8561706542969,2697600,0.0,0.0
2025-09-24 00:00:00-04:00,339.34028615562204,341.3488010817391,334.92749561641705,336.87664794921875,2279100,0.0,0.0
2025-09-25 00:00:00-04:00,333.34442136538905,337.16355576184327,330.4652148224754,336.5798034667969,2223900,0.0,0.0
2025-09-26 00:00:00-04:00,337.83638778042615,339.6964660523973,335.43208194203766,338.0639343261719,1728600,0.0,0.0
2025-09-29 00:00:00-04:00,340.121922269543,341.2003829373877,334.91758033965795,338.687255859375,1658100,0.0,0.0
2025-09-30 00:00:00-04:00,337.984780729691,339.3303730676026,324.67711285679417,328.6446838378906,3327300,0.0,0.0
2025-10-01 00:00:00-04:00,327.49697369205666,332.21648114378445,324.92448387186863,325.0827941894531,2598800,0.0,0.0
2025-10-02 00:00:00-04:00,324.9739679649466,328.46660814635857,322.82692017094763,326.98248291015625,1907600,0.0,0.0
2025-10-03 00:00:00-04:00,328.4864090316657,328.5259941619427,325.2411228249203,326.7450256347656,2404000,0.0,0.0
2025-10-06 00:00:00-04:00,328.48637477745393,330.4652083604507,322.7972282263384,328.4764709472656,2116200,0.0,0.0
2025-10-07 00:00:00-04:00,329.1295176869905,331.3952907870007,322.29264345204575,324.4990539550781,1708900,0.0,0.0
2025-10-08 00:00:00-04:00,325.191652663461,325.66655343171533,320.15549427478214,320.3929748535156,2184300,0.0,0.0
2025-10-09 00:00:00-04:00,323.0247968321972,324.83541622946404,320.6204911414414,321.0063781738281,2094800,0.0,0.0
2025-10-10 00:00:00-04:00,322.5736425518369,325.4502156128844,313.39834709795815,313.7058410644531,2684700,0.82,0.0
2025-10-13 00:00:00-04:00,316.59232573138286,321.74038229283474,316.4831983747602,320.5104064941406,1693100,0.0,0.0
2025-10-14 00:00:00-04:00,319.0125908962467,333.6137100818939,317.91157003561716,330.1618347167969,2810400,0.0,0.0
2025-10-15 00:00:00-04:00,331.16367051768344,334.19898524258264,327.61259657742943,327.9895324707031,2186000,0.0,0.0
2025-10-16 00:00:00-04:00,328.34659829076753,329.8146563806786,317.4156091483223,320.5104064941406,3268000,0.0,0.0
2025-10-17 00:00:00-04:00,329.69563265746274,345.8838361013786,328.32677299013807,343.82061767578125,7025200,0.0,0.0
2025-10-20 00:00:00-04:00,344.5844146813416,347.3915456449276,339.88267540411414,346.65753173828125,3465400,0.0,0.0
2025-10-21 00:00:00-04:00,349.2464697504114,353.7894980007495,347.9569808352613,352.3511962890625,2658400,0.0,0.0
2025-10-22 00:00:00-04:00,352.41067426800413,354.8408996024201,346.35993324299557,349.15716552734375,2710000,0.0,0.0
2025-10-23 00:00:00-04:00,349.8713639579201,353.30341183011734,347.71887599256263,352.0635070800781,1892600,0.0,0.0
2025-10-24 00:00:00-04:00,355.5054840885042,359.3938387062296,353.9878418843979,354.6722717285156,2397500,0.0,0.0
2025-10-27 00:00:00-04:00,359.07640599861463,359.90961833580184,356.01136517110456,358.74908447265625,2179900,0.0,0.0
2025-10-28 00:00:00-04:00,358.3027257611935,359.60214355200924,356.5371025611538,358.1142578125,1416800,0.0,0.0
2025-10-29 00:00:00-04:00,356.1006341457638,359.07640546174514,353.00583682052104,355.3269348144531,1840500,0.0,0.0
2025-10-30 00:00:00-04:00,355.693931538873,362.7961091746614,355.0690147371084,355.9815979003906,2045100,0.0,0.0
2025-10-31 00:00:00-04:00,354.1167942610407,359.0664843035919,353.1248704675924,357.8166809082031,2155600,0.0,0.0
2025-11-03 00:00:00-05:00,358.0844750068441,360.6039698165983,355.9518449910809,358.699462890625,1822900,0.0,0.0
2025-11-04 00:00:00-05:00,356.4180793471332,359.6120753038985,353.96802626597054,357.57861328125,1887800,0.0,0.0
2025-11-05 00:00:00-05:00,356.78506341763654,364.84940851483583,353.5315546613796,362.845703125,2195800,0.0,0.0
2025-11-06 00:00:00-05:00,363.08380011194413,366.27779599295593,359.4831118360484,362.77630615234375,2354600,0.0,0.0
2025-11-07 00:00:00-05:00,361.1991400517432,367.0117988767935,358.0844848500607,365.5635986328125,2752200,0.0,0.0
2025-11-10 00:00:00-05:00,366.4960196948389,368.7972599247186,359.83029049028045,364.908935546875,2876800,0.0,0.0
2025-11-11 00:00:00-05:00,364.91884567705773,370.0669021290643,363.3020051089539,367.1705017089844,2132900,0.0,0.0
2025-11-12 00:00:00-05:00,368.1128327648191,374.1834319454709,367.5177026922074,369.7594299316406,2961500,0.0,0.0
2025-11-13 00:00:00-05:00,368.09301440716746,370.8704193237527,360.4056046418607,361.7843933105469,2273500,0.0,0.0
2025-11-14 00:00:00-05:00,358.87803240836143,359.2748261603728,352.5297259006505,354.29534912109375,2943500,0.0,0.0
2025-11-17 00:00:00-05:00,353.34308815173557,355.3368646251713,336.65892300012183,338.4939880371094,3599000,0.0,0.0
2025-11-18 00:00:00-05:00,334.1295555056257,340.9539964488277,331.4017649133996,337.9087829589844,4216800,0.0,0.0
2025-11-19 00:00:00-05:00,338.95029897468373,342.5311599057269,337.9881316047362,341.8566589355469,2005000,0.0,0.0
2025-11-20 00:00:00-05:00,347.14355938127386,350.27804209435277,337.5715011547158,341.02337646484375,3095700,0.0,0.0
2025-11-21 00:00:00-05:00,342.8088754795695,353.4323710301206,341.519356361309,350.0400085449219,3044100,0.0,0.0
2025-11-24 00:00:00-05:00,350.7640784366107,353.51172665092713,347.3518582487232,353.055419921875,3330900,0.0,0.0
2025-11-25 00:00:00-05:00,354.1663923304047,360.8519795466558,352.4404545483929,359.7112731933594,2059400,0.0,0.0
2025-11-26 00:00:00-05:00,359.78065345376893,363.76820628639933,359.78065345376893,361.0304870605469,1679900,0.0,0.0
2025-11-28 00:00:00-05:00,362.7365981004023,364.56173416556067,361.0701734675765,362.3199768066406,872300,0.0,0.0
2025-12-01 00:00:00-05:00,360.9213722439846,363.5698220572188,357.2314448407774,357.4000549316406,2229100,0.0,0.0
2025-12-02 00:00:00-05:00,359.1557556838884,360.72301223752567,354.4639754899425,357.78692626953125,2135400,0.0,0.0
2025-12-03 00:00:00-05:00,358.104297344111,367.2101802738679,357.88607291069394,365.1568908691406,2651800,0.0,0.0
2025-12-04 00:00:00-05:00,366.00993739034465,370.04707434619905,365.1568974895005,368.1524963378906,2027200,0.0,0.0
2025-12-05 00:00:00-05:00,366.4662529229916,371.85239178763925,366.0793881183482,367.3589782714844,1978700,0.0,0.0
2025-12-08 00:00:00-05:00,366.92254000398935,367.0118095143107,357.786930194423,359.3541564941406,2581400,0.0,0.0
2025-12-09 00:00:00-05:00,360.09811047807295,365.09741510833044,359.572392053639,360.97100830078125,2197600,0.0,0.0
2025-12-10 00:00:00-05:00,360.06834508873965,374.9273747450986,360.06834508873965,372.5368347167969,2804400,0.0,0.0
2025-12-11 00:00:00-05:00,373.45930019768355,382.80323545020536,372.56657485701095,381.78155517578125,2975800,0.0,0.0
2025-12-12 00:00:00-05:00,383.36865154116106,384.36057542335186,375.54238785165535,379.47039794921875,2477800,0.0,0.0
2025-12-15 00:00:00-05:00,381.29552349598504,382.63462675336274,376.8021096473539,379.4803161621094,2734700,0.0,0.0
2025-12-16 00:00:00-05:00,380.89874015101776,381.67243950610504,375.76058211925584,377.67498779296875,2584400,0.0,0.0
2025-12-17 00:00:00-05:00,378.4684757345735,381.23595133427386,371.52500983259176,372.5764465332031,2973900,0.0,0.0
2025-12-18 00:00:00-05:00,376.9310426403362,377.4666899663154,370.8307173465637,372.4872131347656,2884400,0.0,0.0
2025-12-19 00:00:00-05:00,372.507040548911,374.50078663246603,369.7593924838042,373.4692077636719,7934300,0.0,0.0
2025-12-22 00:00:00-05:00,375.2745026740133,379.3314974896125,374.0345979744346,377.774169921875,2747400,0.0,0.0
2025-12-23 00:00:00-05:00,377.674990330258,381.4442886965471,377.03024590853914,379.1033630371094,1768200,0.0,0.0
2025-12-24 00:00:00-05:00,379.10337718912905,381.6228722343108,377.6650755037382,380.01593017578125,817100,0.0,0.0
2025-12-26 00:00:00-05:00,379.24222599347087,379.57950673548544,377.1988653178767,377.9725646972656,1114900,0.0,0.0
2025-12-29 00:00:00-05:00,377.9229378315347,378.30980261299095,371.94163900268313,372.288818359375,1736800,0.0,0.0
2025-12-30 00:00:00-05:00,372.0011900118234,372.397953486676,369.938001779922,370.37445068359375,1319500,0.0,0.0
2025-12-31 00:00:00-05:00,370.25538322418396,371.34650545043723,366.8828483830382,366.96221923828125,1469300,0.0,0.0
2026-01-02 00:00:00-05:00,367.33003458353085,370.68023870516225,365.0932481753767,370.54107666015625,2076100,0.82,0.0
2026-01-05 00:00:00-05:00,370.11359455075444,381.44667043632586,370.0639003193659,377.5695495605469,2362000,0.0,0.0
2026-01-06 00:00:00-05:00,378.1361658231138,383.9915897114148,374.0005929472472,381.30743408203125,2544100,0.0,0.0
2026-01-07 00:00:00-05:00,381.6454762907202,382.7290714408716,374.3088117340433,375.99884033203125,2178600,0.0,0.0
2026-01-08 00:00:00-05:00,375.9491158286669,382.86823300031887,374.2988609515397,380.7308654785156,2707700,0.0,0.0
2026-01-09 00:00:00-05:00,380.75072855124654,382.62964357569854,371.63456851616934,373.40411376953125,2767700,0.0,0.0
2026-01-12 00:00:00-05:00,358.38290047267066,359.91386504710005,353.42221483182294,357.4782409667969,7015900,0.0,0.0
2026-01-13 00:00:00-05:00,357.4881927984241,358.17414308101064,353.859634123139,355.8975830078125,3775000,0.0,0.0
2026-01-14 00:00:00-05:00,354.3467478730277,356.285308301547,348.66033833284405,356.15606689453125,3583400,0.0,0.0
2026-01-15 00:00:00-05:00,356.2653980586831,358.9793765278647,353.640917744862,355.2712707519531,2868300,0.0,0.0
2026-01-16 00:00:00-05:00,359.02906715552393,367.2306173537556,357.7864080345798,362.647705078125,3555100,0.0,0.0
2026-01-20 00:00:00-05:00,353.9093267728209,359.03902739698503,349.2866407913532,350.1217041015625,3049600,0.0,0.0
2026-01-21 00:00:00-05:00,350.231039690484,360.50039180730136,350.2012170846747,357.49810791015625,2780300,0.0,0.0
2026-01-22 00:00:00-05:00,360.5997922470434,367.9265053053123,360.5997922470434,365.85870361328125,2628500,0.0,0.0
2026-01-23 00:00:00-05:00,360.5998188911587,361.613817850332,356.1461175117015,359.56591796875,2801800,0.0,0.0
2026-01-26 00:00:00-05:00,360.06298768890576,362.72724170840286,358.54197405539685,361.11676025390625,2131200,0.0,0.0
2026-01-27 00:00:00-05:00,361.1266726687395,361.28573666851656,353.68063897480823,357.33905029296875,1916000,0.0,0.0
2026-01-28 00:00:00-05:00,357.13028006810157,359.44661365701097,354.45607521508254,354.89349365234375,2386500,0.0,0.0
2026-01-29 00:00:00-05:00,358.15421713158395,360.1623736138545,353.5613540433259,356.3946228027344,4217500,0.0,0.0
2026-01-30 00:00:00-05:00,352.91520416932303,353.9192824866429,342.47686714459655,350.1018371582031,5381200,0.0,0.0
2026-02-02 00:00:00-05:00,348.2925181938751,353.213430303475,344.97213653263276,350.7579345703125,2603200,0.0,0.0
2026-02-03 00:00:00-05:00,351.8514563038692,356.26538379611367,344.8627428308748,347.57672119140625,2854600,0.0,0.0
2026-02-04 00:00:00-05:00,347.5767347681018,355.2314968194633,345.49901233965977,351.593017578125,3241900,0.0,0.0
2026-02-05 00:00:00-05:00,348.49130920128266,355.22157036779265,346.3042473673819,352.53741455078125,4074900,0.0,0.0
2026-02-06 00:00:00-05:00,356.0963993009822,359.267667710905,352.6070028843011,357.0408020019531,3301700,0.0,0.0
2026-02-09 00:00:00-05:00,356.8916933997402,359.6155924377481,353.59118355004665,357.5478210449219,2219700,0.0,0.0
2026-02-10 00:00:00-05:00,357.5080543993686,367.33003696727206,357.2197489879289,361.0670471191406,3506900,0.0,0.0
2026-02-11 00:00:00-05:00,365.4014119450975,367.33002124963366,351.8713545475423,351.9309997558594,3437100,0.0,0.0
2026-02-12 00:00:00-05:00,354.4063721019071,356.95133548852965,338.3810453479579,340.8663635253906,4141900,0.0,0.0
2026-02-13 00:00:00-05:00,340.5880303189738,342.8446884428461,334.23554209933513,335.5179748535156,3814400,0.0,0.0
2026-02-17 00:00:00-05:00,336.74075704572743,344.59435678320733,336.0150331824299,342.5066833496094,3186000,0.0,0.0
2026-02-18 00:00:00-05:00,344.0574909863855,346.00597187148617,342.9738959412607,344.20660400390625,1900600,0.0,0.0
2026-02-19 00:00:00-05:00,341.7312413524992,342.59612720374895,336.3033150755017,340.6376953125,2786500,0.0,0.0
2026-02-20 00:00:00-05:00,339.5441886299142,344.2464219777803,336.5121123087098,344.1470031738281,2738900,0.0,0.0
2026-02-23 00:00:00-05:00,341.3336256877657,343.7990420558611,315.2874774404477,319.35345458984375,7092600,0.0,0.0
2026-02-24 00:00:00-05:00,318.60782103268133,321.68962146303744,314.21379573729934,318.597900390625,7925900,0.0,0.0
2026-02-25 00:00:00-05:00,321.56041091413744,327.19712610574146,320.42712155768345,325.1690979003906,3843800,0.0,0.0
2026-02-26 00:00:00-05:00,327.9029405902808,334.64312238027975,327.81347277508456,333.35076904296875,3215500,0.0,0.0
2026-02-27 00:00:00-05:00,319.0154341970581,319.6218676064142,305.84324789756397,307.0859069824219,9817300,0.0,0.0
2026-03-02 00:00:00-05:00,301.41940326085506,308.5970034319296,299.51066553545763,305.6245422363281,6280000,0.0,0.0
2026-03-03 00:00:00-05:00,298.3475248575306,307.59292680852207,297.9896535974396,306.01226806640625,5673100,0.0,0.0
2026-03-04 00:00:00-05:00,307.29468129683283,310.6250138862232,305.19708721422194,309.3823547363281,4055200,0.0,0.0
2026-03-05 00:00:00-05:00,305.05790263293864,307.6824133870857,303.010002728578,305.4058532714844,4601800,0.0,0.0
2026-03-06 00:00:00-05:00,298.91417180608175,301.2205542884396,292.7804237131858,299.2322998046875,5500100,0.0,0.0
2026-03-09 00:00:00-04:00,292.8003212886472,304.5011890408295,290.7126478279949,303.58660888671875,4695000,0.0,0.0
2026-03-10 00:00:00-04:00,304.15326463073285,306.43974532343145,299.2521939030389,301.36968994140625,3488800,0.0,0.0
2026-03-11 00:00:00-04:00,300.6936761009347,305.047958390873,299.0831947801863,304.1929931640625,3512200,0.0,0.0
2026-03-12 00:00:00-04:00,298.7750180657894,303.04975318923266,296.97565013508995,300.1170959472656,3602400,0.0,0.0
2026-03-13 00:00:00-04:00,302.5328052648231,303.9146263356095,298.0791043621838,298.1983947753906,2645800,0.0,0.0
2026-03-16 00:00:00-04:00,299.2422561590962,302.2445095616675,294.0926538965527,296.4487609863281,3604200,0.0,0.0
2026-03-17 00:00:00-04:00,302.0755051435172,304.49125752629703,298.07912434144697,298.506591796875,3616000,0.0,0.0
2026-03-18 00:00:00-04:00,297.3931888569087,299.30192670605464,291.63718304104725,292.6611633300781,3303100,0.0,0.0
2026-03-19 00:00:00-04:00,290.56353616012655,295.87217248659397,289.56940882546917,293.1979675292969,3027200,0.0,0.0
2026-03-20 00:00:00-04:00,293.23773166307524,294.75874522252735,289.2612224526533,293.7646179199219,7116500,0.0,0.0
2026-03-23 00:00:00-04:00,303.1889408415584,303.1889408415584,296.2101481020495,300.136962890625,4319800,0.0,0.0
2026-03-24 00:00:00-04:00,297.05517195966956,302.0556309956761,296.20023705595673,300.2264404296875,3639100,0.0,0.0
2026-03-25 00:00:00-04:00,303.2088318630197,304.58073241542246,295.1663455043708,298.4767761230469,2823800,0.0,0.0
2026-03-26 00:00:00-04:00,296.81658326802443,300.92233370552736,294.11255590757605,297.63177490234375,2887500,0.0,0.0
2026-03-27 00:00:00-04:00,295.54412756707376,296.20025525688044,289.7881217315925,290.5535888671875,2751000,0.0,0.0
2026-03-30 00:00:00-04:00,292.9494246439427,299.6896065051081,291.97519930928115,295.742919921875,3851100,0.0,0.0
2026-03-31 00:00:00-04:00,301.2006768926614,302.6819167463937,295.8323656187341,300.70361328125,3516600,0.0,0.0
2026-04-01 00:00:00-04:00,304.9684216926076,305.4456137196578,297.870368528087,299.6796875,3403300,0.0,0.0
2026-04-02 00:00:00-04:00,294.59358475392804,301.9235261579102,291.7812757361931,299.36053466796875,2105500,0.95,0.0
2026-04-06 00:00:00-04:00,297.94441222161663,304.955219510917,297.5953616145165,304.8953857421875,2185200,0.0,0.0
2026-04-07 00:00:00-04:00,301.70411810603224,306.28158415178285,300.88634933073007,306.19183349609375,2265500,0.0,0.0
2026-04-08 00:00:00-04:00,316.3839293268295,321.61959718803,314.0802379026427,315.4764099121094,3654200,0.0,0.0
2026-04-09 00:00:00-04:00,313.4519504483137,317.2814638305656,311.3277603488322,316.9024963378906,1996200,0.0,0.0
2026-04-10 00:00:00-04:00,316.50359531695193,317.13188032670456,312.2751799848947,312.6441650390625,1991300,0.0,0.0
2026-04-13 00:00:00-04:00,310.3304962178974,323.334906583854,309.1537248276165,322.9360046386719,2581800,0.0,0.0
2026-04-14 00:00:00-04:00,324.11277251588484,328.0121021388803,322.8661849292853,326.0674133300781,2288700,0.0,0.0
2026-04-15 00:00:00-04:00,327.98221132397043,331.49259129052257,326.3466736719022,328.1617126464844,2542300,0.0,0.0
2026-04-16 00:00:00-04:00,327.87248993738143,330.2659625986482,324.3421755871244,324.8707275390625,2018700,0.0,0.0
2026-04-17 00:00:00-04:00,329.0991265103528,339.0518928684265,328.6304083552249,330.7845153808594,4775500,0.0,0.0
2026-04-20 00:00:00-04:00,330.77453886486524,333.8261829305984,328.6304142406011,328.969482421875,2280600,0.0,0.0
2026-04-21 00:00:00-04:00,330.89420164588154,337.1670389948581,327.5533712124168,328.88970947265625,2916800,0.0,0.0
2026-04-22 00:00:00-04:00,330.2060889329563,333.58684918788316,327.1045935235446,331.9912109375,4339800,0.0,0.0
2026-04-23 00:00:00-04:00,331.2931510976227,331.2931510976227,313.89077506412474,317.6803894042969,4580600,0.0,0.0
2026-04-24 00:00:00-04:00,315.645984808568,317.9496764195463,311.64692176945607,313.22259521484375,2968100,0.0,0.0
2026-04-27 00:00:00-04:00,312.1654850332777,318.08927203826494,312.1654850332777,317.9696044921875,2553000,0.0,0.0
2026-04-28 00:00:00-04:00,320.82181319194564,322.81635345317187,314.10019181631026,315.0376281738281,6101400,0.0,0.0
2026-04-29 00:00:00-04:00,316.0149527343594,316.68310665516026,313.15279242973156,314.7882995605469,3136000,0.0,0.0
2026-04-30 00:00:00-04:00,312.51452364076613,322.9659251539121,311.37765156250504,322.1680908203125,4587900,0.0,0.0
2026-05-01 00:00:00-04:00,323.58424451830973,324.1127964767318,318.5879113628868,318.80731201171875,2385600,0.0,0.0
2026-05-04 00:00:00-04:00,319.894331511301,322.0185217767253,316.59336978615266,318.3385925292969,2692000,0.0,0.0
2026-05-05 00:00:00-04:00,319.40565995107727,319.72479368084754,313.6414401070216,315.0874938964844,2658400,0.0,0.0
2026-05-06 00:00:00-04:00,319.1264331245516,323.89338300197886,319.1264331245516,321.021240234375,2933600,0.0,0.0
2026-05-07 00:00:00-04:00,321.4500546249416,323.6540434358721,315.9351522462195,317.82000732421875,3350500,0.0,0.0
2026-05-08 00:00:00-04:00,318.2189109010829,319.1762816705063,312.75385982518293,315.1672668457031,6802200,0.0,0.0
2026-05-11 00:00:00-04:00,314.42930066271316,315.5362558734043,310.9587897328566,311.4674072265625,3081600,0.0,0.0
2026-05-12 00:00:00-04:00,311.4773595610905,314.09023280984707,310.23077192560817,313.45196533203125,2275500,0.0,0.0
2026-05-13 00:00:00-04:00,310.2706580463502,311.2479936673094,306.9198452332338,308.7647705078125,2967000,0.0,0.0
2026-05-14 00:00:00-04:00,312.1654857458775,313.8209578170227,310.1809279222681,311.9161682128906,3240500,0.0,0.0
2026-05-15 00:00:00-04:00,311.4374832251929,314.62872923518694,311.14826637907896,312.6242370605469,2649600,0.0,0.0
2026-05-18 00:00:00-04:00,313.43202570874683,314.7982808651839,309.5526304427589,311.3876037597656,2274200,0.0,0.0
2026-05-19 00:00:00-04:00,309.89169560276986,312.13555328771196,306.7902002555873,308.4656066894531,2918400,0.0,0.0
2026-05-20 00:00:00-04:00,309.1537444856682,310.02136464103194,302.2127528084887,308.9742431640625,4577100,0.0,0.0
2026-05-21 00:00:00-04:00,307.70766829336867,309.90167462370357,304.77569184931536,308.85455322265625,1992700,0.0,0.0
2026-05-22 00:00:00-04:00,312.4247686415435,313.57162314374057,309.801943468406,310.9288635253906,2209200,0.0,0.0
2026-05-26 00:00:00-04:00,313.1827091563532,313.71126108933413,308.75482749979824,309.87176513671875,2410400,0.0,0.0
2026-05-27 00:00:00-04:00,312.9633025756987,316.6232667116763,310.82913000446604,311.6867980957031,3015600,0.0,0.0
2026-05-28 00:00:00-04:00,310.1510174656774,314.6387331524798,305.394049794004,314.259765625,3599800,0.0,0.0
2026-05-29 00:00:00-04:00,314.70854207186255,318.3685064039522,311.7366661296032,315.6060791015625,4530400,0.0,0.0
2026-06-01 00:00:00-04:00,312.3051145160641,313.9406216874882,309.7521054429128,312.68408203125,2621800,0.0,0.0
2026-06-02 00:00:00-04:00,312.4746366499182,312.84365216304997,309.49280869819853,310.12109375,2116700,0.0,0.0
2026-06-03 00:00:00-04:00,307.8373271021028,309.51273356554276,299.2109468256847,299.7494812011719,3939200,0.0,0.0
2026-06-04 00:00:00-04:00,304.9352633254391,314.1001778530919,304.60617758804455,311.67681884765625,2992200,0.0,0.0
2026-06-05 00:00:00-04:00,313.06303029716327,313.6414335402777,307.46832944062595,309.8119201660156,2445700,0.0,0.0
2026-06-08 00:00:00-04:00,309.15373961029354,313.10292079468775,308.90442207834974,311.44744873046875,2500500,0.0,0.0
2026-06-09 00:00:00-04:00,314.14008639777563,321.6595115906065,313.7810837646271,317.5108642578125,2634300,0.0,0.0
2026-06-10 00:00:00-04:00,318.0095041869914,319.43559316984675,312.424785367517,312.484619140625,2525400,0.0,0.0
2026-06-11 00:00:00-04:00,314.1101646376699,318.6577138592658,308.7947283953537,317.62054443359375,2589900,0.0,0.0
2026-06-12 00:00:00-04:00,320.9214970360487,324.73107601578954,318.2089212224986,324.55157470703125,2223000,0.0,0.0
2026-06-15 00:00:00-04:00,328.7999602252156,339.0718299590927,328.7999602252156,334.4644470214844,3353000,0.0,0.0
2026-06-16 00:00:00-04:00,335.9104845916124,341.2558683157407,334.5342773766101,339.809814453125,3657300,0.0,0.0
2026-06-17 00:00:00-04:00,340.4580677861389,346.00288733115053,338.4036632977096,339.6103820800781,3982100,0.0,0.0
2026-06-18 00:00:00-04:00,345.40451262574146,347.24946843714247,337.0473841391201,337.0773010253906,4490800,0.0,0.0
2026-06-22 00:00:00-04:00,337.0573745831977,339.3211668561434,334.963101191721,337.1471252441406,3006200,0.0,0.0
2026-06-23 00:00:00-04:00,334.26500167857535,337.60586276898675,333.02839643115027,336.85791015625,3549800,0.0,0.0
2026-06-24 00:00:00-04:00,335.92046114942104,343.57948831163696,335.29217610886286,341.6248474121094,2639300,0.0,0.0
2026-06-25 00:00:00-04:00,344.05819058720806,351.5576509155548,339.98934189829845,341.5251159667969,3523100,0.0,0.0
2026-06-26 00:00:00-04:00,341.05640235093034,343.0709074934189,337.3964380134669,339.43084716796875,5899700,0.0,0.0
2026-06-29 00:00:00-04:00,340.84696936514547,343.1107615079439,338.3637765856769,339.9494323730469,2604900,0.0,0.0
2026-06-30 00:00:00-04:00,341.0663618607955,343.20053440603346,335.6511927179315,337.32659912109375,3527300,0.0,0.0
2026-07-01 00:00:00-04:00,340.59764915887246,349.54316299263087,336.80803502909305,347.04998779296875,2918000,0.0,0.0
2026-07-02 00:00:00-04:00,349.4700012207031,352.0899963378906,346.0199890136719,351.9599914550781,2440600,0.95,0.0
2026-07-06 00:00:00-04:00,352.2099914550781,358.1700134277344,350.5899963378906,356.0299987792969,3525200,0.0,0.0
2026-07-07 00:00:00-04:00,358.5400085449219,359.5899963378906,349.239990234375,349.5799865722656,2909000,0.0,0.0
2026-07-08 00:00:00-04:00,345.45001220703125,346.80999755859375,333.55999755859375,336.3900146484375,3568800,0.0,0.0
2026-07-09 00:00:00-04:00,337.010009765625,348.510009765625,335.2900085449219,346.7200012207031,3474000,0.0,0.0
2026-07-10 00:00:00-04:00,351.2200012207031,352.989990234375,345.92999267578125,350.5799865722656,2792700,0.0,0.0
2026-07-13 00:00:00-04:00,356.6000061035156,357.5899963378906,352.70001220703125,354.42999267578125,2624600,0.0,0.0
2026-07-14 00:00:00-04:00,353.0899963378906,361.0,352.4700012207031,355.05999755859375,3530900,0.0,0.0
2026-07-15 00:00:00-04:00,356.1400146484375,362.7200012207031,356.1400146484375,358.44000244140625,2525600,0.0,0.0
2026-07-16 00:00:00-04:00,359.3500061035156,363.1400146484375,358.1600036621094,361.57000732421875,2441600,0.0,0.0
2026-07-17 00:00:00-04:00,356.5799865722656,358.79998779296875,351.82000732421875,355.3500061035156,2647200,0.0,0.0
2026-07-20 00:00:00-04:00,355.79998779296875,357.3999938964844,350.9599914550781,351.92999267578125,2311200,0.0,0.0
2026-07-21 00:00:00-04:00,353.57000732421875,354.8699951171875,348.239990234375,350.7900085449219,2456600,0.0,0.0
2026-07-22 00:00:00-04:00,348.82000732421875,349.70001220703125,345.0400085449219,348.739990234375,2465900,0.0,0.0
2026-07-23 00:00:00-04:00,343.3900146484375,344.9100036621094,338.20001220703125,340.8399963378906,4310600,0.0,0.0
2026-07-24 00:00:00-04:00,326.1199951171875,329.04998779296875,318.20001220703125,326.1700134277344,6365100,0.0,0.0
2026-07-27 00:00:00-04:00,331.5,336.6099853515625,329.7900085449219,335.3900146484375,3774200,0.0,0.0
2026-07-28 00:00:00-04:00,335.5,336.82000732421875,331.42999267578125,336.6300048828125,3535700,0.0,0.0
2026-07-29 00:00:00-04:00,333.6199951171875,336.3900146484375,330.0,331.5,3437900,0.0,0.0
2026-07-30 00:00:00-04:00,331.9700012207031,337.79998779296875,329.07000732421875,337.5199890136719,2859500,0.0,0.0
2026-07-31 00:00:00-04:00,338.2799987792969,340.29998779296875,336.0,336.25,2353700,0.0,0.0
2026-08-03 00:00:00-04:00,340.8999938964844,345.1600036621094,340.0,344.7200012207031,2864600,0.0,0.0
2026-08-04 00:00:00-04:00,345.0,348.5,344.1199951171875,346.7099914550781,2764800,0.0,0.0
2026-08-05 00:00:00-04:00,350.0,352.489990234375,346.6199951171875,348.989990234375,1983600,0.0,0.0
2026-08-06 00:00:00-04:00,349.79998779296875,350.0,342.07000732421875,342.6000061035156,2773700,0.0,0.0
2026-08-07 00:00:00-04:00,341.70001220703125,343.32000732421875,338.0,340.9100036621094,1793600,0.0,0.0
2026-08-10 00:00:00-04:00,339.5,342.0,336.57000732421875,338.8599853515625,2203900,0.0,0.0
2026-08-11 00:00:00-04:00,338.489990234375,343.5899963378906,338.1199951171875,340.80999755859375,2091600,0.0,0.0
2026-08-12 00:00:00-04:00,339.32000732421875,344.57000732421875,338.57000732421875,344.0799865722656,2113100,0.0,0.0
2026-08-13 00:00:00-04:00,345.3900146484375,347.1099853515625,340.0,343.6499938964844,1704200,0.0,0.0
2026-08-14 00:00:00-04:00,345.989990234375,345.989990234375,341.69000244140625,342.4800109863281,1529500,0.0,0.0
2026-08-17 00:00:00-04:00,340.6600036621094,343.0,336.07000732421875,336.2099914550781,2533200,0.0,0.0
2026-08-18 00:00:00-04:00,336.6700134277344,339.4100036621094,335.2200012207031,338.5199890136719,2875400,0.0,0.0
2026-08-19 00:00:00-04:00,340.0799865722656,345.20001220703125,338.4100036621094,339.8999938964844,2539400,0.0,0.0
2026-08-20 00:00:00-04:00,337.29998779296875,338.0,331.1499938964844,331.1499938964844,3884300,0.0,0.0
2026-08-21 00:00:00-04:00,334.25,337.1600036621094,333.4200134277344,336.0,2616300,0.0,0.0
2026-08-24 00:00:00-04:00,337.2200012207031,344.0,337.1199951171875,337.3299865722656,2403400,0.0,0.0
2026-08-25 00:00:00-04:00,338.1600036621094,338.739990234375,333.92999267578125,335.95001220703125,2016800,0.0,0.0
2026-08-26 00:00:00-04:00,336.260009765625,337.5,334.20001220703125,336.1499938964844,1650100,0.0,0.0
2026-08-27 00:00:00-04:00,334.3800048828125,336.0799865722656,331.94000244140625,334.1600036621094,2026000,0.0,0.0
2026-08-28 00:00:00-04:00,334.3699951171875,336.55999755859375,332.8500061035156,333.20001220703125,1945200,0.0,0.0
2026-08-31 00:00:00-04:00,331.9800109863281,332.8299865722656,329.6300048828125,330.1700134277344,2512700,0.0,0.0
2026-09-01 00:00:00-04:00,326.9599914550781,329.8800048828125,323.9200134277344,324.19000244140625,2560700,0.0,0.0
2026-09-02 00:00:00-04:00,326.05999755859375,332.7099914550781,325.489990234375,329.9800109863281,2288400,0.0,0.0
2026-09-03 00:00:00-04:00,332.9800109863281,335.0,328.3299865722656,329.82000732421875,2165500,0.0,0.0
2026-09-04 00:00:00-04:00,327.42999267578125,328.5400085449219,325.67999267578125,326.1600036621094,2034000,0.0,0.0
2026-09-08 00:00:00-04:00,324.44000244140625,328.0400085449219,322.6499938964844,326.1000061035156,2587400,0.0,0.0
2026-09-09 00:00:00-04:00,323.79998779296875,324.8699951171875,320.92999267578125,321.79998779296875,2702300,0.0,0.0
2026-09-10 00:00:00-04:00,320.6199951171875,321.95001220703125,318.3500061035156,320.7099914550781,2427600,0.0,0.0
2026-09-11 00:00:00-04:00,324.9700012207031,326.260009765625,322.2099914550781,324.69000244140625,1929300,0.0,0.0
2026-09-14 00:00:00-04:00,323.9100036621094,328.30999755859375,323.6700134277344,327.7799987792969,2437600,0.0,0.0
2026-09-15 00:00:00-04:00,326.6600036621094,327.0,322.010009765625,324.42999267578125,2059000,0.0,0.0
2026-09-16 00:00:00-04:00,322.32000732421875,322.32000732421875,309.5899963378906,312.42999267578125,4634700,0.0,0.0
2026-09-17 00:00:00-04:00,316.0899963378906,316.739990234375,310.9700012207031,311.1700134277344,4517300,0.0,0.0
2026-09-18 00:00:00-04:00,,,,,5700425,0.0,0.0
