Date,Open,High,Low,Close,Volume,Dividends,Stock Splits
2021-08-30 00:00:00-04:00,261.2895477615463,263.02943577619214,260.24757686031165,260.4638366699219,5730000,0.0,0.0
2021-08-31 00:00:00-04:00,260.2672616373477,262.23324926764445,258.2324872389193,260.7587585449219,5901500,0.0,0.0
2021-09-01 00:00:00-04:00,261.7417114498383,268.612857542807,261.07328295967454,263.7568664550781,7189000,0.0,0.0
2021-09-02 00:00:00-04:00,264.4253323285196,264.6809203161926,259.43173702147214,259.6578063964844,4498300,0.0,0.0
2021-09-03 00:00:00-04:00,259.1170743741542,262.86227694584073,257.34766819946066,262.5378723144531,7356700,0.0,0.0
2021-09-07 00:00:00-04:00,262.00719724394116,263.3440545217695,259.5792011597568,260.6997985839844,4672500,0.0,0.0
2021-09-08 00:00:00-04:00,259.13680232382967,259.84455900943055,257.1314867148625,258.15380859375,3851500,0.0,0.0
2021-09-09 00:00:00-04:00,257.3673749162416,259.22521710089285,256.02067857106124,256.30572509765625,4126500,0.0,0.0
2021-09-10 00:00:00-04:00,256.5613527876952,257.14131546428143,252.13788118790737,252.82598876953125,5280900,0.0,0.0
2021-09-13 00:00:00-04:00,252.62937962102887,253.30764767048203,247.901182347853,249.7885284423828,5258200,0.0,0.0
2021-09-14 00:00:00-04:00,249.78854018620345,250.7715339274424,248.69741653345642,250.0441131591797,4097500,0.0,0.0
2021-09-15 00:00:00-04:00,250.21122035918796,252.3836431275704,248.6482639100494,251.80368041992188,4764600,0.0,0.0
2021-09-16 00:00:00-04:00,251.18437417777548,256.77761062415095,250.66338872664005,255.93222045898438,5122600,0.0,0.0
2021-09-17 00:00:00-04:00,254.8607531168845,257.249450487942,254.2807904625756,256.0993347167969,7049400,0.0,0.0
2021-09-20 00:00:00-04:00,252.2263743712809,254.80181331555076,250.60444060852828,253.8286590576172,5985500,0.0,0.0
2021-09-21 00:00:00-04:00,255.05739163826598,258.0849992141212,253.38629024990246,253.58290100097656,6040600,0.0,0.0
2021-09-22 00:00:00-04:00,254.49705420046217,255.9322165536285,251.8527988382791,254.76248168945312,4355600,0.0,0.0
2021-09-23 00:00:00-04:00,265.40829701229535,274.63862218548906,261.8695137190807,273.1346130371094,15617200,0.0,0.0
2021-09-24 00:00:00-04:00,273.76377142683754,281.4900882426488,273.4786948271829,280.77252197265625,13368300,0.0,0.0
2021-09-27 00:00:00-04:00,277.63674779524393,278.93430670118545,274.2945751575722,274.9236755371094,5941100,0.0,0.0
2021-09-28 00:00:00-04:00,270.43142607116755,271.99441270528183,265.44767000642327,267.6495666503906,7127100,0.0,0.0
2021-09-29 00:00:00-04:00,268.8389833745256,270.00874847739715,264.6612594352963,265.89984130859375,4361900,0.0,0.0
2021-09-30 00:00:00-04:00,266.04719990121873,269.5958222372353,265.8407796540855,266.6075134277344,5224200,0.0,0.0
2021-10-01 00:00:00-04:00,266.8827613828367,271.6404467888738,264.19917806557436,270.5788269042969,4756000,0.0,0.0
2021-10-04 00:00:00-04:00,270.5395302877511,270.6181565852371,261.6139605930183,266.253662109375,6393800,0.0,0.0
2021-10-05 00:00:00-04:00,267.48234651392454,268.8978595518437,266.4207267347756,267.14813232421875,4050400,0.0,0.0
2021-10-06 00:00:00-04:00,265.08394297269416,270.80494391122585,262.95083329388416,270.58868408203125,4745500,0.0,0.0
2021-10-07 00:00:00-04:00,272.1909530033853,274.74674265571406,269.4189035343536,269.910400390625,5374200,0.0,0.0
2021-10-08 00:00:00-04:00,270.8540269298912,272.21056270727803,267.6396191099318,267.8460693359375,2683300,0.0,0.0
2021-10-11 00:00:00-04:00,267.1580445379631,271.57167694799296,266.89264702062087,269.09454345703125,2693000,0.0,0.0
2021-10-12 00:00:00-04:00,271.71910817926835,275.975457331613,271.32588673451426,274.2552185058594,5970100,0.0,0.0
2021-10-13 00:00:00-04:00,275.23823636492205,280.25151024128627,273.86205118281487,279.5732421875,6573500,0.0,0.0
2021-10-14 00:00:00-04:00,281.1362357057361,285.69734148154447,279.8190275718409,285.0878601074219,5433900,0.0,0.0
2021-10-15 00:00:00-04:00,287.5158227578109,287.8893651701385,284.3997494733493,286.699951171875,5119300,0.0,0.0
2021-10-18 00:00:00-04:00,285.83498172506916,288.2629779997251,283.80017703364365,286.7393493652344,5163300,0.0,0.0
2021-10-19 00:00:00-04:00,287.1324383020841,290.5040991708837,286.40500263463275,287.36834716796875,3631200,0.0,0.0
2021-10-20 00:00:00-04:00,288.125276985219,290.38618055697054,283.0530557515372,285.1566467285156,4487900,0.0,0.0
2021-10-21 00:00:00-04:00,284.5472249069243,286.6115179477337,283.3676203125787,284.8814392089844,2828500,0.0,0.0
2021-10-22 00:00:00-04:00,284.0851701843176,288.017144858149,283.2791081765215,287.5846252441406,2927000,0.0,0.0
2021-10-25 00:00:00-04:00,288.3120579762715,290.1109533573276,286.7589410339471,288.9215393066406,2993500,0.0,0.0
2021-10-26 00:00:00-04:00,290.7498665168812,293.28597698614016,288.62659658982,290.09124755859375,3601400,0.0,0.0
2021-10-27 00:00:00-04:00,291.48715148359224,294.1019186019143,290.0716380060256,290.130615234375,3742700,0.0,0.0
2021-10-28 00:00:00-04:00,290.05195732585094,293.7283441524798,288.538138633115,293.3056640625,3450400,0.0,0.0
2021-10-29 00:00:00-04:00,292.932122039355,295.6648433201814,291.23153214211845,294.5933837890625,4251900,0.0,0.0
2021-11-01 00:00:00-04:00,296.37259390333884,299.67543826194515,294.62286635652293,297.6111755371094,3825100,0.0,0.0
2021-11-02 00:00:00-04:00,296.5888197128856,298.2795698450915,294.31810697700104,297.79791259765625,4177500,0.0,0.0
2021-11-03 00:00:00-04:00,298.78098472515194,298.78098472515194,293.11893070086154,297.739013671875,3260200,0.0,0.0
2021-11-04 00:00:00-04:00,298.33862181495573,303.1651250296513,297.2573226224981,302.8014221191406,3833800,0.0,0.0
2021-11-05 00:00:00-04:00,303.2535222599039,306.10419766878914,298.1812717399406,302.0247802734375,4681800,0.0,0.0
2021-11-08 00:00:00-05:00,301.9756784736847,306.09442450158963,300.6977686567703,304.688720703125,3893000,0.0,0.0
2021-11-09 00:00:00-05:00,304.7280697579572,306.44830886142955,301.9953482678133,304.4429931640625,3126500,0.0,0.0
2021-11-10 00:00:00-05:00,301.35641210854413,303.34204875634265,292.8240332475699,294.5737609863281,4350900,0.0,0.0
2021-11-11 00:00:00-05:00,296.3725817126809,300.5503046721466,296.3725817126809,297.8274230957031,2681900,0.0,0.0
2021-11-12 00:00:00-05:00,299.32156720530133,301.99531114021494,296.5003802222205,301.43499755859375,3803700,0.0,0.0
2021-11-15 00:00:00-05:00,301.68076350000564,302.52615368959283,298.0731933847017,300.29473876953125,3595300,0.0,0.0
2021-11-16 00:00:00-05:00,298.9086724220629,302.34914992691375,297.5718155623551,301.86749267578125,2989400,0.0,0.0
2021-11-17 00:00:00-05:00,302.5458293697301,304.6297714177291,302.02484385773033,302.78173828125,3864700,0.0,0.0
2021-11-18 00:00:00-05:00,300.95335296532585,301.769224531996,294.4852376593725,297.8372497558594,4443100,0.0,0.0
2021-11-19 00:00:00-05:00,300.51098745103087,300.7960640158788,295.979401016649,296.0482177734375,4758900,0.0,0.0
2021-11-22 00:00:00-05:00,296.7067769549908,300.2946975025346,291.67385465285355,291.79180908203125,4474700,0.0,0.0
2021-11-23 00:00:00-05:00,288.65604564244904,291.4280946116674,283.4068637637529,286.4639892578125,6431100,0.0,0.0
2021-11-24 00:00:00-05:00,281.17557424858325,284.52758693646143,278.38387526482074,284.2523498535156,5091400,0.0,0.0
2021-11-26 00:00:00-05:00,279.6617856364758,282.67958433667997,278.22662283387075,279.376708984375,4195300,0.0,0.0
2021-11-29 00:00:00-05:00,284.59632672900636,293.31550609291276,279.85831986888536,291.69354248046875,8215600,0.0,0.0
2021-11-30 00:00:00-05:00,291.1529222530095,294.18052981445163,278.58042374596874,280.1138916015625,13597600,0.0,0.0
2021-12-01 00:00:00-05:00,266.6468972264239,272.2302945896198,247.18361775745004,247.22293090820312,30723100,0.0,0.0
2021-12-02 00:00:00-05:00,248.52044358698646,258.11444050912814,247.85200015432187,256.7579345703125,12200800,0.0,0.0
2021-12-03 00:00:00-05:00,257.10197593447435,257.29858666297287,247.41949752763057,253.9269256591797,8944000,0.0,0.0
2021-12-06 00:00:00-05:00,251.74469727976924,254.8214724181085,246.44636173761103,254.34962463378906,7123000,0.0,0.0
2021-12-07 00:00:00-05:00,260.95535369804384,265.63441357781585,259.1171601734445,262.4494934082031,7401200,0.0,0.0
2021-12-08 00:00:00-05:00,263.74702367579164,263.93379486906815,260.070637026511,261.7810363769531,4586500,0.0,0.0
2021-12-09 00:00:00-05:00,261.5156097074068,262.14470997356653,258.17343767206637,259.8248596191406,3967000,0.0,0.0
2021-12-10 00:00:00-05:00,261.57461509469647,265.9685978904856,259.9428420431651,261.50579833984375,3480100,0.0,0.0
2021-12-13 00:00:00-05:00,261.2796851076435,265.95874421144043,260.10992033169424,261.2403869628906,3625700,0.0,0.0
2021-12-14 00:00:00-05:00,257.54434015870476,257.6917832086968,248.9922982754308,251.24334716796875,7227300,0.0,0.0
2021-12-15 00:00:00-05:00,250.51592141084672,255.76510356065543,247.616078332493,255.61766052246094,6484900,0.0,0.0
2021-12-16 00:00:00-05:00,255.57837032850284,256.9054178664646,247.93068029323194,248.81536865234375,6556700,0.0,0.0
2021-12-17 00:00:00-05:00,246.96735424223044,249.5821062081585,242.5930200713691,248.62860107421875,12119400,0.0,0.0
2021-12-20 00:00:00-05:00,245.6402905008788,247.26222407583998,242.3079425201475,243.00587463378906,5580100,0.0,0.0
2021-12-21 00:00:00-05:00,243.7824714791153,248.70726520078165,241.0792384284396,248.25509643554688,5428200,0.0,0.0
2021-12-22 00:00:00-05:00,249.1102447098029,249.93595576180826,245.2667360044049,248.50079345703125,4982400,0.0,0.0
2021-12-23 00:00:00-05:00,246.95751556944353,249.9851381188286,245.0996579822407,248.8350372314453,3769500,0.0,0.0
2021-12-27 00:00:00-05:00,249.08079941902636,254.0350815919627,248.93335634813053,253.90728759765625,3531800,0.0,0.0
2021-12-28 00:00:00-05:00,255.31298585422405,256.3451173261141,250.60443723780858,251.1057586669922,3293700,0.0,0.0
2021-12-29 00:00:00-05:00,251.64638957342828,252.06906966875394,248.81536289095325,250.21121215820312,2592700,0.0,0.0
2021-12-30 00:00:00-05:00,250.9582890995519,253.5140636638585,250.13257800951254,250.98777770996094,2950600,0.0,0.0
2021-12-31 00:00:00-05:00,250.14242656319317,252.12806318474776,249.31671539387574,249.80821228027344,3169300,0.0,0.0
2022-01-03 00:00:00-05:00,250.67324138030955,252.33451828719055,244.42140026615732,251.1156005859375,4316800,0.0,0.0
2022-01-04 00:00:00-05:00,252.4819616130721,252.5016106894305,239.26068310400166,244.008544921875,7240700,0.0,0.0
2022-01-05 00:00:00-05:00,232.15361837680578,234.1490943710815,223.4442936680745,223.7981719970703,18882500,0.0,0.0
2022-01-06 00:00:00-05:00,224.16188234722048,230.4923643332244,222.20573443490946,225.2530059814453,9376100,0.0,0.0
2022-01-07 00:00:00-05:00,224.61407834667466,228.32979362878987,222.20574658964367,224.42730712890625,6286700,0.0,0.0
2022-01-10 00:00:00-05:00,221.66508463800196,225.92144926045626,215.16749552602494,225.724853515625,7803800,0.0,0.0
2022-01-11 00:00:00-05:00,224.9089766935866,232.33058262783206,222.7070652576782,230.84625244140625,7635300,0.0,0.0
2022-01-12 00:00:00-05:00,232.96951379556072,235.21073829795424,231.75059617173685,233.785400390625,6718900,0.0,0.0
2022-01-13 00:00:00-05:00,233.4610168748335,234.72907221943254,224.04393489950382,224.7418670654297,6680300,0.0,0.0
2022-01-14 00:00:00-05:00,224.15204592868471,229.32258724602283,223.73919038617115,227.29762268066406,5805100,0.0,0.0
2022-01-18 00:00:00-05:00,224.56489991520058,226.80612427291234,221.46847586815727,222.21554565429688,6032000,0.0,0.0
2022-01-19 00:00:00-05:00,223.60158655485114,228.26098226796694,222.32369169689508,222.4219970703125,5332600,0.0,0.0
2022-01-20 00:00:00-05:00,225.17437686124083,227.464739011369,218.70627643482194,219.14862060546875,5663700,0.0,0.0
2022-01-21 00:00:00-05:00,219.2665502040249,220.94747586115395,214.53835338385954,214.91189575195312,9128400,0.0,0.0
2022-01-24 00:00:00-05:00,208.77802381477505,219.58112958797534,203.98100993197497,219.23707580566406,11664300,0.0,0.0
2022-01-25 00:00:00-05:00,217.2416157243384,220.0922915599175,211.0192635735857,211.72702026367188,9092700,0.0,0.0
2022-01-26 00:00:00-05:00,215.8752430708079,217.69378738194567,205.51449626380958,207.4116668701172,10029600,0.0,0.0
2022-01-27 00:00:00-05:00,210.4392935321894,219.3550386100405,208.45364205427063,209.12208557128906,9462100,0.0,0.0
2022-01-28 00:00:00-05:00,210.65552959671092,218.50963879095252,207.29369331467896,218.3523712158203,8254900,0.0,0.0
2022-01-31 00:00:00-05:00,219.15848522693867,228.94911099119025,218.48021704155454,228.6738739013672,7084200,0.0,0.0
2022-02-01 00:00:00-05:00,228.41823376849268,228.8212647720885,222.47113407821666,228.1724853515625,6387100,0.0,0.0
2022-02-02 00:00:00-05:00,229.7649724357834,230.5022177736675,219.2272778730165,221.1834259033203,9378900,0.0,0.0
2022-02-03 00:00:00-05:00,214.3614349574319,217.03516391729337,206.82186037454375,209.1515655517578,12826600,0.0,0.0
2022-02-04 00:00:00-05:00,211.33384017579593,217.90023148910714,209.56444835507605,215.50172424316406,6176500,0.0,0.0
2022-02-07 00:00:00-05:00,215.27562744446897,217.67413455195648,212.97542570996137,213.2801513671875,3922300,0.0,0.0
2022-02-08 00:00:00-05:00,211.93343464405046,214.23363616030437,208.5420945888513,213.7322998046875,5628700,0.0,0.0
2022-02-09 00:00:00-05:00,217.37922767939494,218.41137407119243,211.90396053321922,218.263916015625,6107700,0.0,0.0
2022-02-10 00:00:00-05:00,213.99773507233786,218.21478663376956,212.13987749612014,213.96824645996094,5312600,0.0,0.0
2022-02-11 00:00:00-05:00,213.9191115878718,216.18982492576353,202.60485805175836,204.36441040039062,8165600,0.0,0.0
2022-02-14 00:00:00-05:00,202.3001205753378,206.33038602697323,201.1500196660048,202.88990783691406,7005900,0.0,0.0
2022-02-15 00:00:00-05:00,206.18292790060144,210.9209647187648,204.97384985335836,210.6063995361328,6353000,0.0,0.0
2022-02-16 00:00:00-05:00,207.4116783564957,208.80752766210756,204.6691324319452,208.13909912109375,7072700,0.0,0.0
2022-02-17 00:00:00-05:00,204.78710172450255,206.1829511312924,196.1072646040183,196.6282501220703,8820100,0.0,0.0
2022-02-18 00:00:00-05:00,196.9919326091591,199.15453076098683,192.46033102621868,193.4924774169922,6691800,0.0,0.0
2022-02-22 00:00:00-05:00,192.20476070180217,198.03392125588366,190.23877326353954,191.8115692138672,8434800,0.0,0.0
2022-02-23 00:00:00-05:00,193.01082784017564,195.61575526483898,186.89660554602457,187.29962158203125,7784300,0.0,0.0
2022-02-24 00:00:00-05:00,181.59826539580655,201.4154074093593,181.30336427968265,200.81578063964844,11792600,0.0,0.0
2022-02-25 00:00:00-05:00,201.23847863249546,204.92470513880687,198.1813675166228,204.55116271972656,5853600,0.0,0.0
2022-02-28 00:00:00-05:00,204.25625313283524,208.07027346637975,203.43054202947823,206.9496612548828,7904700,0.0,0.0
2022-03-01 00:00:00-05:00,209.77085115211403,210.74402032215175,204.91487483713433,205.33755493164062,12587300,0.0,0.0
2022-03-02 00:00:00-05:00,212.42494281669724,213.61435678427733,197.7291751235381,206.81204223632812,16670100,0.0,0.0
2022-03-03 00:00:00-05:00,206.8120434495253,208.03096103436235,200.74697413491324,201.26795959472656,6559900,0.0,0.0
2022-03-04 00:00:00-05:00,201.21880260695167,202.87023978332783,195.8713146061803,199.5575408935547,6813600,0.0,0.0
2022-03-07 00:00:00-05:00,199.99005279584927,201.4448791813393,192.7060663331722,192.89283752441406,7043500,0.0,0.0
2022-03-08 00:00:00-05:00,190.97602934941017,193.84636937162838,185.98241917400213,188.81344604492188,8229000,0.0,0.0
2022-03-09 00:00:00-05:00,194.97683437304394,201.7398217999836,193.86604653287682,199.7050323486328,6881300,0.0,0.0
2022-03-10 00:00:00-05:00,195.71405390537905,197.7783316993834,194.17074657908879,196.74618530273438,5604200,0.0,0.0
2022-03-11 00:00:00-05:00,201.28761572274024,201.28761572274024,194.26904159851514,194.53443908691406,5196900,0.0,0.0
2022-03-14 00:00:00-04:00,194.86869275827522,196.75603901994364,188.5578744772697,189.83575439453125,5665500,0.0,0.0
2022-03-15 00:00:00-04:00,195.15375209498322,196.55944098670196,189.4622247623824,192.8043975830078,5276300,0.0,0.0
2022-03-16 00:00:00-04:00,195.2815303768257,202.3983951045982,193.97414696705746,202.0740203857422,6043400,0.0,0.0
2022-03-17 00:00:00-04:00,201.1401836547158,207.0971235968979,199.11521885581377,206.83172607421875,5842600,0.0,0.0
2022-03-18 00:00:00-04:00,205.6717829202873,215.84577447032265,204.76743044906334,215.07904052734375,12220600,0.0,0.0
2022-03-21 00:00:00-04:00,214.4794174003934,215.37394534895904,207.0283226736535,210.08543395996094,6448700,0.0,0.0
2022-03-22 00:00:00-04:00,210.08542195014783,218.0771658042882,209.00412284344338,214.4990692138672,7018800,0.0,0.0
2022-03-23 00:00:00-04:00,210.23287864804263,210.29185587599883,204.76743553444095,207.5198211669922,8404700,0.0,0.0
2022-03-24 00:00:00-04:00,208.73874890951194,210.46881267633594,206.3009133753061,210.3410186767578,4150300,0.0,0.0
2022-03-25 00:00:00-04:00,210.62606714008407,212.18902354433743,204.93452514070253,207.441162109375,3656500,0.0,0.0
2022-03-28 00:00:00-04:00,206.80221812513102,211.7171865946946,205.74058313579008,211.61888122558594,4290900,0.0,0.0
2022-03-29 00:00:00-04:00,214.90208094691408,218.38188709394916,213.08355157565796,217.52667236328125,5370400,0.0,0.0
2022-03-30 00:00:00-04:00,215.97353651327566,216.11115502116388,209.7708341238981,211.28465270996094,4951200,0.0,0.0
2022-03-31 00:00:00-04:00,210.85216298645653,213.1032121128228,208.18824327863967,208.70924377441406,7141300,0.0,0.0
2022-04-01 00:00:00-04:00,208.86651100190542,210.39015433762017,206.4680038152517,208.6404266357422,6007900,0.0,0.0
2022-04-04 00:00:00-04:00,210.97993928006238,217.24160424984282,210.45895382727997,215.128173828125,7843600,0.0,0.0
2022-04-05 00:00:00-04:00,214.29263066708734,214.5580431709268,205.12129747210818,206.56629943847656,7304600,0.0,0.0
2022-04-06 00:00:00-04:00,201.72014212268365,201.9757150828424,194.71139229937802,197.40480041503906,7171300,0.0,0.0
2022-04-07 00:00:00-04:00,195.73370535001914,199.27248875300737,194.81952838716862,196.7560272216797,5246000,0.0,0.0
2022-04-08 00:00:00-04:00,195.26186593758942,196.7363564722569,193.27621448443512,193.81686401367188,3897700,0.0,0.0
2022-04-11 00:00:00-04:00,190.90722647638424,193.7480778688106,188.8920862500837,192.12612915039062,5173800,0.0,0.0
2022-04-12 00:00:00-04:00,196.3530007829519,197.69969741533117,191.27092491554373,191.49700927734375,4832200,0.0,0.0
2022-04-13 00:00:00-04:00,188.7249929585164,193.7480920866684,186.1004012026117,192.3915557861328,8733000,0.0,0.0
2022-04-14 00:00:00-04:00,192.98131711443318,193.10909608712763,186.0020563246037,186.18882751464844,5126700,0.0,0.0
2022-04-18 00:00:00-04:00,185.09773654619477,186.12988304166532,182.37483950558834,183.8296661376953,4899500,0.0,0.0
2022-04-19 00:00:00-04:00,184.0557594541201,188.93140016853826,182.36500896463625,188.1351776123047,6120400,0.0,0.0
2022-04-20 00:00:00-04:00,189.60965360896904,190.012684624558,182.91546893247624,183.0629119873047,6015400,0.0,0.0
2022-04-21 00:00:00-04:00,185.56955337306567,186.93591404471422,173.7343155768495,174.21597290039062,9119500,0.0,0.0
2022-04-22 00:00:00-04:00,174.67799317204776,176.0050407859023,168.19024316917907,168.51461791992188,8843900,0.0,0.0
2022-04-25 00:00:00-04:00,166.8041976559132,171.7879677450666,166.35201396966778,171.60121154785156,7988900,0.0,0.0
2022-04-26 00:00:00-04:00,169.6843892684969,170.76568847569447,164.70061837547533,167.18759155273438,8073300,0.0,0.0
2022-04-27 00:00:00-04:00,168.0919107100491,174.21595682442035,167.72820786676584,171.70932006835938,9644600,0.0,0.0
2022-04-28 00:00:00-04:00,178.3248885818027,183.7510029413462,175.936206119769,182.5812530517578,10614800,0.0,0.0
2022-04-29 00:00:00-04:00,179.46515924290208,182.20770494753836,172.31879115333524,172.94790649414062,7110800,0.0,0.0
2022-05-02 00:00:00-04:00,172.11238124559802,174.7566369736833,170.17588225511528,174.5502166748047,6278400,0.0,0.0
2022-05-03 00:00:00-04:00,173.94072703344364,177.32222766059562,173.1346800230884,175.32675170898438,5047700,0.0,0.0
2022-05-04 00:00:00-04:00,176.65377588429124,182.81713458797043,171.768296784707,182.3256378173828,7563100,0.0,0.0
2022-05-05 00:00:00-04:00,177.42053255326053,179.14077147241753,166.93199191465828,169.36981201171875,8379400,0.0,0.0
2022-05-06 00:00:00-04:00,166.60760560399936,169.49759444774895,162.76409668350917,166.81402587890625,7232700,0.0,0.0
2022-05-09 00:00:00-04:00,163.88468406617054,167.3939632017145,159.37274732077495,160.8177490234375,9997800,0.0,0.0
2022-05-10 00:00:00-04:00,164.57281608362342,168.34750858146793,160.50322245328908,164.30740356445312,8598700,0.0,0.0
2022-05-11 00:00:00-04:00,162.6854484500933,167.08925578537543,158.09486992214173,158.5273895263672,7220100,0.0,0.0
2022-05-12 00:00:00-04:00,154.26121024284086,164.01252196404317,152.01016103456965,157.69186401367188,10187500,0.0,0.0
2022-05-13 00:00:00-04:00,160.76862788688746,165.81137553310558,159.2548091398293,164.0714874267578,6499700,0.0,0.0
2022-05-16 00:00:00-04:00,161.93840005645492,163.28509672978788,159.1270372571497,161.3289337158203,5065800,0.0,0.0
2022-05-17 00:00:00-04:00,164.4843556060715,166.22425884511932,155.57843411016134,160.94557189941406,7317700,0.0,0.0
2022-05-18 00:00:00-04:00,160.05106039748512,161.72214688562693,153.53380659450727,154.6544189453125,7454400,0.0,0.0
2022-05-19 00:00:00-04:00,152.5901090329604,156.5417479373668,152.09861217915392,152.95382690429688,8382200,0.0,0.0
2022-05-20 00:00:00-04:00,156.040454009118,157.9966022319991,151.92170724943935,156.93496704101562,9068700,0.0,0.0
2022-05-23 00:00:00-04:00,157.12173430306783,157.99659823471248,153.2585756496368,157.5935821533203,6148800,0.0,0.0
2022-05-24 00:00:00-04:00,155.0869260897337,155.69637740691311,151.92168505657995,154.26119995117188,6928400,0.0,0.0
2022-05-25 00:00:00-04:00,152.6786167373185,159.1368787333476,152.6786167373185,156.93496704101562,7436800,0.0,0.0
2022-05-26 00:00:00-04:00,156.97427713641096,160.90625220652242,154.89033514902616,159.69717407226562,6697700,0.0,0.0
2022-05-27 00:00:00-04:00,157.9376117782437,162.42006109875487,157.52475618285925,162.2922821044922,7883600,0.0,0.0
2022-05-31 00:00:00-04:00,164.12064226192746,164.4351924606888,156.64005926264068,157.51492309570312,18114600,0.0,0.0
2022-06-01 00:00:00-04:00,174.98272478462786,181.28371878096368,171.4046278739479,173.0757293701172,37037400,0.0,0.0
2022-06-02 00:00:00-04:00,172.02389012958795,186.8965889731369,171.72898903236435,185.1959991455078,19231200,0.0,0.0
2022-06-03 00:00:00-04:00,181.85383143226315,186.41492152334925,180.6742420120206,181.76536560058594,9224000,0.0,0.0
2022-06-06 00:00:00-04:00,185.71699504439152,187.18166107687765,178.6099546974066,179.7600555419922,5811700,0.0,0.0
2022-06-07 00:00:00-04:00,178.6197966252106,185.39262280018707,178.6197966252106,183.96726989746094,6331100,0.0,0.0
2022-06-08 00:00:00-04:00,183.81980627733944,187.3192611520373,182.237185954873,185.97256469726562,6226200,0.0,0.0
2022-06-09 00:00:00-04:00,185.3237972232253,189.4032149940281,183.43645115822517,183.92794799804688,8467700,0.0,0.0
2022-06-10 00:00:00-04:00,180.50712161454888,180.82167177048376,174.18646489524696,175.4152069091797,7855800,0.0,0.0
2022-06-13 00:00:00-04:00,167.6495873740794,169.74335386595234,162.25294627679918,163.20645141601562,10726200,0.0,0.0
2022-06-14 00:00:00-04:00,165.86051673591575,166.7452200331395,159.3924166265297,161.65330505371094,8576200,0.0,0.0
2022-06-15 00:00:00-04:00,163.89453798810075,168.58342221091203,161.87939787143517,165.68359375,7740700,0.0,0.0
2022-06-16 00:00:00-04:00,160.9455513060098,164.06163947710434,155.92245299251763,157.1315460205078,8090900,0.0,0.0
2022-06-17 00:00:00-04:00,155.86351313139383,163.40307467737205,155.48014610360838,160.48358154296875,13074600,0.0,0.0
2022-06-21 00:00:00-04:00,162.24310091540528,166.46997650561124,162.09564287198054,163.99282836914062,6736800,0.0,0.0
2022-06-22 00:00:00-04:00,161.89904719176258,167.55126054089322,161.41738991460116,164.60227966308594,5864500,0.0,0.0
2022-06-23 00:00:00-04:00,166.21440908493585,170.44128519701007,164.27791020334945,170.10707092285156,7258000,0.0,0.0
2022-06-24 00:00:00-04:00,174.69766290375586,183.23988160009893,173.547561934183,182.75820922851562,12107100,0.0,0.0
2022-06-27 00:00:00-04:00,182.9449659805048,183.40697423933207,177.40088187387184,178.22659301757812,6170600,0.0,0.0
2022-06-28 00:00:00-04:00,177.2239346788041,179.2292503068082,168.5244490845891,168.5441131591797,6668600,0.0,0.0
2022-06-29 00:00:00-04:00,169.56641463713265,170.82464538348208,165.20192017354208,167.70855712890625,5430400,0.0,0.0
2022-06-30 00:00:00-04:00,162.24313116361478,164.65146299563213,158.3701331565467,162.23329162597656,9539400,0.0,0.0
2022-07-01 00:00:00-04:00,161.9580527678111,166.27339494130115,161.2601355707972,165.3395538330078,4561600,0.0,0.0
2022-07-05 00:00:00-04:00,163.27526222465227,169.41897294955197,161.81059618809041,169.27151489257812,4614200,0.0,0.0
2022-07-06 00:00:00-04:00,170.56905381299634,172.08285735856097,167.92479862692076,169.79248046875,4085100,0.0,0.0
2022-07-07 00:00:00-04:00,171.20802106304433,173.93091797301727,170.22502730486005,173.63601684570312,4000100,0.0,0.0
2022-07-08 00:00:00-04:00,171.09005823841403,173.60651973631906,169.90062924953406,172.51539611816406,2869200,0.0,0.0
2022-07-11 00:00:00-04:00,171.04092752714067,173.32148042716443,168.34751901575996,171.39480590820312,3689300,0.0,0.0
2022-07-12 00:00:00-04:00,169.28133469043723,170.43143540411708,161.55500438375117,163.50132751464844,7073000,0.0,0.0
2022-07-13 00:00:00-04:00,159.64802069743905,163.01968210589786,158.4291030312006,160.70965576171875,6225900,0.0,0.0
2022-07-14 00:00:00-04:00,158.29149076934135,158.95993435447508,154.96896691810954,158.3013153076172,6096100,0.0,0.0
2022-07-15 00:00:00-04:00,160.92590790291268,164.75957739694982,159.4612418658094,164.5334930419922,6037700,0.0,0.0
2022-07-18 00:00:00-04:00,166.07677617958774,169.70402519191708,164.26807144150635,165.03480529785156,3818200,0.0,0.0
2022-07-19 00:00:00-04:00,168.01327489361643,171.13920253812023,164.9561640051069,170.8541259765625,4373400,0.0,0.0
2022-07-20 00:00:00-04:00,173.10519745884324,180.37934487648826,172.62352514362354,179.34719848632812,5654000,0.0,0.0
2022-07-21 00:00:00-04:00,177.5876483080563,182.3748229045463,176.85040302115732,182.19789123535156,3886000,0.0,0.0
2022-07-22 00:00:00-04:00,181.92265676246882,184.37030154997095,177.85304832202692,179.3668670654297,3804700,0.0,0.0
2022-07-25 00:00:00-04:00,178.7377636094259,178.8950462165136,172.10255549077556,174.27496337890625,4407900,0.0,0.0
2022-07-26 00:00:00-04:00,174.09802936072023,174.11769343616623,166.8730190620271,167.56112670898438,3886500,0.0,0.0
2022-07-27 00:00:00-04:00,171.88630619161975,179.1309661076774,171.3849847250061,177.23379516601562,4960900,0.0,0.0
2022-07-28 00:00:00-04:00,175.37591273171404,178.7869021312407,172.93807751292385,178.20692443847656,4562100,0.0,0.0
2022-07-29 00:00:00-04:00,178.72790473642138,181.28367911378805,177.15510896627876,180.89048767089844,4751400,0.0,0.0
2022-08-01 00:00:00-04:00,178.21677225765947,182.03077785913354,176.70295346281458,179.86819458007812,3997100,0.0,0.0
2022-08-02 00:00:00-04:00,177.73508128601037,181.99144563423556,176.3785452352741,180.66439819335938,4317900,0.0,0.0
2022-08-03 00:00:00-04:00,182.37482945605487,187.4372412749023,182.21754685603582,186.4247589111328,5786300,0.0,0.0
2022-08-04 00:00:00-04:00,185.35327730630712,188.3219222820568,184.065558045104,188.01719665527344,3759700,0.0,0.0
2022-08-05 00:00:00-04:00,183.81980980312818,188.53818225247875,183.11205318576097,186.93589782714844,4090300,0.0,0.0
2022-08-08 00:00:00-04:00,187.84026399872,191.0644821599322,185.86445204605016,186.52305603027344,3396800,0.0,0.0
2022-08-09 00:00:00-04:00,183.13172961669036,183.94761618897257,176.76193462982016,179.14077758789062,5851700,0.0,0.0
2022-08-10 00:00:00-04:00,184.96010637680723,186.34613115497297,183.0432715768409,185.40245056152344,4179200,0.0,0.0
2022-08-11 00:00:00-04:00,188.86258792087102,189.22629079691444,183.1513968167057,183.55441284179688,4175100,0.0,0.0
2022-08-12 00:00:00-04:00,183.456120952997,186.78846903094106,182.3551577979417,186.66067504882812,3846200,0.0,0.0
2022-08-15 00:00:00-04:00,185.8349638002799,188.84292215177769,185.6875057442633,187.81077575683594,2768500,0.0,0.0
2022-08-16 00:00:00-04:00,186.32645528505532,187.60435007056816,183.19070304190922,186.3657684326172,3835900,0.0,0.0
2022-08-17 00:00:00-04:00,184.5275648992563,186.20847560217666,183.29882286524744,184.76348876953125,3181300,0.0,0.0
2022-08-18 00:00:00-04:00,185.21566582917112,185.36312387950784,183.43644968321018,184.73399353027344,2791600,0.0,0.0
2022-08-19 00:00:00-04:00,182.0700980260374,182.28635784439007,178.49200148505795,180.64476013183594,4346100,0.0,0.0
2022-08-22 00:00:00-04:00,176.9388909538002,177.51885371876227,173.06589282970197,173.97024536132812,5182900,0.0,0.0
2022-08-23 00:00:00-04:00,172.88894252449444,175.0810143488343,171.9354374037357,173.00689697265625,5076800,0.0,0.0
2022-08-24 00:00:00-04:00,173.66550441833172,178.14795352891733,173.065877629459,176.94869995117188,11438800,0.0,0.0
2022-08-25 00:00:00-04:00,165.71310970396988,171.17855326414028,162.74446399348807,170.9524688720703,24025600,0.0,0.0
2022-08-26 00:00:00-04:00,171.00157363294596,173.3017750621905,161.83024152479746,162.42002868652344,11074700,0.0,0.0
2022-08-29 00:00:00-04:00,161.4861887841159,163.000007340619,157.32813002048593,157.48541259765625,9329900,0.0,0.0
2022-08-30 00:00:00-04:00,159.3826162799933,161.0635423003366,155.68656494192862,156.95462036132812,8079400,0.0,0.0
2022-08-31 00:00:00-04:00,157.07255076249135,158.46841496289736,153.3175227706253,153.4649658203125,9166100,0.0,0.0
2022-09-01 00:00:00-04:00,152.23624495697746,152.688428704521,148.30426975824943,150.91903686523438,9924000,0.0,0.0
2022-09-02 00:00:00-04:00,153.79919051014028,155.9715980407557,150.35871279259854,151.0762939453125,7315700,0.0,0.0
2022-09-06 00:00:00-04:00,150.28009265950283,151.80372100663033,148.2551278891189,149.1398162841797,6373700,0.0,0.0
2022-09-07 00:00:00-04:00,148.71711587220258,151.44001272351622,147.92089334511343,150.67327880859375,6211400,0.0,0.0
2022-09-08 00:00:00-04:00,149.7295919758033,154.35948342057765,149.19876703353228,154.231689453125,6659200,0.0,0.0
2022-09-09 00:00:00-04:00,155.90280080104884,160.51302847666324,155.77500682520844,159.82493591308594,5642300,0.0,0.0
2022-09-12 00:00:00-04:00,160.90623754553036,162.84273629105948,159.97239655132483,162.81324768066406,6353400,0.0,0.0
2022-09-13 00:00:00-04:00,155.55878952542562,158.5175958569364,155.12626979605193,155.41134643554688,5463200,0.0,0.0
2022-09-14 00:00:00-04:00,155.89295287815804,158.90091092232606,155.3228147849254,157.55421447753906,6037300,0.0,0.0
2022-09-15 00:00:00-04:00,154.1334330766893,157.1217276723665,151.68577307942192,152.1477813720703,7012200,0.0,0.0
2022-09-16 00:00:00-04:00,149.33639587087103,149.62147243348542,147.01653022019462,148.93336486816406,9882300,0.0,0.0
2022-09-19 00:00:00-04:00,148.14699975065707,150.9288589593278,147.84225907828284,150.23094177246094,4874800,0.0,0.0
2022-09-20 00:00:00-04:00,148.43201532235005,149.00215334005932,146.3185853423108,147.25242614746094,5505700,0.0,0.0
2022-09-21 00:00:00-04:00,148.6483134061475,150.69294216935404,145.00140005943382,145.11936950683594,6164400,0.0,0.0
2022-09-22 00:00:00-04:00,146.96739641403258,150.26043161631998,146.61351804900852,147.5965118408203,12405100,0.0,0.0
2022-09-23 00:00:00-04:00,145.55190427688905,147.29179256449484,142.32767070031483,144.50991821289062,9175800,0.0,0.0
2022-09-26 00:00:00-04:00,144.5000783170449,148.61882444583276,142.87814466218342,143.83164978027344,7862400,0.0,0.0
2022-09-27 00:00:00-04:00,145.84676451211524,148.04867570992386,143.7726472898608,146.35792541503906,7046600,0.0,0.0
2022-09-28 00:00:00-04:00,143.51709798292768,148.31411263309047,143.19270822181795,147.61618041992188,7908400,0.0,0.0
2022-09-29 00:00:00-04:00,145.92541785108293,146.44640333386758,142.54391698216764,144.3133087158203,8602500,0.0,0.0
2022-09-30 00:00:00-04:00,143.52692416350044,146.10237820560553,141.3053635005598,141.39382934570312,7575600,0.0,0.0
2022-10-03 00:00:00-04:00,142.51442575389314,146.42675157073683,141.45279073318886,145.384765625,6819900,0.0,0.0
2022-10-04 00:00:00-04:00,149.12012574697397,154.74285032484667,148.64829301995647,153.0815887451172,8017900,0.0,0.0
2022-10-05 00:00:00-04:00,149.6116413620317,154.29070107434322,149.3560683942736,153.57310485839844,4256200,0.0,0.0
2022-10-06 00:00:00-04:00,153.07178084914054,155.55875372132954,151.8135501074518,152.8162078857422,3853900,0.0,0.0
2022-10-07 00:00:00-04:00,149.21846108945934,150.56515778891256,146.7314879879096,147.734130859375,5956700,0.0,0.0
2022-10-10 00:00:00-04:00,148.05846530231483,148.39269446724222,142.1211915978154,143.1631622314453,5497800,0.0,0.0
2022-10-11 00:00:00-04:00,142.05241140095413,142.5045950937739,137.1472825337141,140.14541625976562,7415000,0.0,0.0
2022-10-12 00:00:00-04:00,139.8898270371057,141.00061468603838,137.2062585128336,139.8701629638672,5707100,0.0,0.0
2022-10-13 00:00:00-04:00,136.59681845286437,143.8513021471009,135.2501068123623,142.96661376953125,6548600,0.0,0.0
2022-10-14 00:00:00-04:00,144.82447514960685,145.18817804778533,139.58511651161467,139.80137634277344,5736300,0.0,0.0
2022-10-17 00:00:00-04:00,143.58587822898443,146.46604219462824,143.45808426488026,144.67698669433594,6288200,0.0,0.0
2022-10-18 00:00:00-04:00,153.78937696039043,156.26652553539168,149.3167521719783,150.91903686523438,16354800,0.0,0.0
2022-10-19 00:00:00-04:00,149.27743950052079,153.29788055433966,148.07818586110218,151.05665588378906,6220500,0.0,0.0
2022-10-20 00:00:00-04:00,152.36401851593502,158.5568816232155,150.9878333806696,154.82150268554688,9203400,0.0,0.0
2022-10-21 00:00:00-04:00,154.82152946855456,157.70169421392674,152.1871131826563,157.4461212158203,8335500,0.0,0.0
2022-10-24 00:00:00-04:00,158.438908405223,158.82229032586116,155.70618727372596,157.9179229736328,6259200,0.0,0.0
2022-10-25 00:00:00-04:00,158.95008621978434,163.2064509530395,158.94026168203987,162.45938110351562,5804500,0.0,0.0
2022-10-26 00:00:00-04:00,157.08240658494427,161.32893184843735,156.00110744415267,157.19053649902344,6617500,0.0,0.0
2022-10-27 00:00:00-04:00,159.04837359997833,161.85973600413016,156.61055357797372,157.03323364257812,4987700,0.0,0.0
2022-10-28 00:00:00-04:00,156.79733238061962,160.31645191142152,155.48012431581685,160.24765014648438,5055400,0.0,0.0
2022-10-31 00:00:00-04:00,159.3629276919784,161.21096057640855,158.26197959025473,159.82493591308594,4878100,0.0,0.0
2022-11-01 00:00:00-04:00,162.19395063798194,162.88204318628456,156.9251041263764,157.10205078125,4545900,0.0,0.0
2022-11-02 00:00:00-04:00,156.79731758847896,157.0529055466057,147.4097398785691,147.45887756347656,7238200,0.0,0.0
2022-11-03 00:00:00-04:00,146.46605240126496,147.8619015705431,143.64486545344377,143.84146118164062,5999400,0.0,0.0
2022-11-04 00:00:00-04:00,144.00857939772055,144.45092357007323,133.72645852840566,137.39303588867188,14265300,0.0,0.0
2022-11-07 00:00:00-05:00,138.22855664853986,142.4652567080631,136.4100274694821,142.13104248046875,7379900,0.0,0.0
2022-11-08 00:00:00-05:00,142.62253150627518,148.98250101648455,142.61270697045552,144.59835815429688,9101800,0.0,0.0
2022-11-09 00:00:00-05:00,143.36962776519954,143.84146051052915,139.52611904981885,139.64407348632812,5588500,0.0,0.0
2022-11-10 00:00:00-05:00,148.43205226218134,153.71072375808885,147.183646033419,153.6419219970703,8777900,0.0,0.0
2022-11-11 00:00:00-05:00,153.82865929648227,157.2003198255327,152.93413160536215,155.0475616455078,7382500,0.0,0.0
2022-11-14 00:00:00-05:00,153.170078356049,157.43626721430323,152.0199625815656,155.96177673339844,6580100,0.0,0.0
2022-11-15 00:00:00-05:00,159.91340875790405,162.43970977985992,158.01623810658086,159.3137969970703,8116100,0.0,0.0
2022-11-16 00:00:00-05:00,157.27897773192535,158.0850396924617,151.21390895305302,152.48196411132812,6454700,0.0,0.0
2022-11-17 00:00:00-05:00,147.63582974754274,149.17912209396374,145.8172853591631,147.1443328857422,7357900,0.0,0.0
2022-11-18 00:00:00-05:00,149.25774815293622,149.7295958915819,143.17301522519364,145.52236938476562,7555700,0.0,0.0
2022-11-21 00:00:00-05:00,143.53674327715373,144.8342871525116,140.96128960151682,142.3866424560547,8015900,0.0,0.0
2022-11-22 00:00:00-05:00,142.73067983325222,146.83960122959547,140.4894554349898,146.71180725097656,7017700,0.0,0.0
2022-11-23 00:00:00-05:00,145.10954403461298,150.30958978236848,145.0407422663127,149.65098571777344,5558900,0.0,0.0
2022-11-25 00:00:00-05:00,149.48388029211435,151.42036435553695,148.80561214333645,150.7421112060547,3023700,0.0,0.0
2022-11-28 00:00:00-05:00,149.41503230466984,152.67857836782696,149.41503230466984,151.0762939453125,7931700,0.0,0.0
2022-11-29 00:00:00-05:00,150.12280098667455,151.40069581290018,148.68762356660406,149.10047912597656,6398100,0.0,0.0
2022-11-30 00:00:00-05:00,148.18629469849205,157.5247344970703,147.57684342720069,157.5247344970703,14591500,0.0,0.0
2022-12-01 00:00:00-05:00,145.04074115364108,145.0800543067546,139.6637637578236,144.50009155273438,33721500,0.0,0.0
2022-12-02 00:00:00-05:00,141.83613477907468,142.74050205751735,140.351819896874,142.10154724121094,15086700,0.0,0.0
2022-12-05 00:00:00-05:00,140.37149211100916,141.93444836892922,130.6201971883569,131.65232849121094,20294600,0.0,0.0
2022-12-06 00:00:00-05:00,130.45311169618464,132.2618166592169,128.68371988482923,131.0035858154297,16981800,0.0,0.0
2022-12-07 00:00:00-05:00,130.2466528720099,131.4753948802364,127.80883292749029,128.26100158691406,12915900,0.0,0.0
2022-12-08 00:00:00-05:00,126.24586808410389,129.22435266216394,124.85985092848043,127.9169692993164,15156900,0.0,0.0
2022-12-09 00:00:00-05:00,127.53361343240256,131.10187051481984,126.1770772692473,128.88031005859375,10287500,0.0,0.0
2022-12-12 00:00:00-05:00,128.87050121511194,131.80964326082588,128.72304313634055,130.8463134765625,11852400,0.0,0.0
2022-12-13 00:00:00-05:00,135.05347073753634,137.50112985029034,131.76043665003635,133.31356811523438,12579800,0.0,0.0
2022-12-14 00:00:00-05:00,132.7139775099575,134.9355529296369,130.96424987811616,132.45840454101562,9611800,0.0,0.0
2022-12-15 00:00:00-05:00,129.43078834658493,131.83912009161037,127.47462533772868,128.22171020507812,10807300,0.0,0.0
2022-12-16 00:00:00-05:00,126.72754770192878,127.67122826626098,124.73207166413769,126.08860778808594,15464700,0.0,0.0
2022-12-19 00:00:00-05:00,125.59709189958029,127.37631545680982,125.03678583450649,126.81600189208984,9441400,0.0,0.0
2022-12-20 00:00:00-05:00,125.33170003702736,127.77935981396688,125.0269743819224,126.26554107666016,8455500,0.0,0.0
2022-12-21 00:00:00-05:00,125.78389685046582,129.9124756746669,124.44702456449384,128.0841064453125,9313200,0.0,0.0
2022-12-22 00:00:00-05:00,126.48179714679253,127.33699686309568,124.19142003370541,126.99295806884766,9968600,0.0,0.0
2022-12-23 00:00:00-05:00,126.5407915358939,127.65157936356668,125.42017916966753,127.23872375488281,5821300,0.0,0.0
2022-12-27 00:00:00-05:00,126.37368005054392,129.50943266058104,125.47915959574105,128.43797302246094,8300800,0.0,0.0
2022-12-28 00:00:00-05:00,127.50412731895611,128.9098011973038,125.99030852764919,126.28520965576172,6249800,0.0,0.0
2022-12-29 00:00:00-05:00,127.49428167730687,130.68901124708935,127.29768593440977,130.28598022460938,7628800,0.0,0.0
2022-12-30 00:00:00-05:00,128.3887754304608,130.3842509390843,128.14302706733685,130.33509826660156,5630200,0.0,0.0
2023-01-03 00:00:00-05:00,132.89090021739744,134.6209634629579,130.76763055287472,132.4878692626953,8196400,0.0,0.0
2023-01-04 00:00:00-05:00,138.8183487208136,139.43763944990374,135.2795659821428,137.216064453125,14322600,0.0,0.0
2023-01-05 00:00:00-05:00,135.2992571607578,136.23309820966892,131.9570844596146,134.0213623046875,8493500,0.0,0.0
2023-01-06 00:00:00-05:00,135.2402733175398,139.2410498257771,133.24479733198552,138.1204376220703,9145700,0.0,0.0
2023-01-09 00:00:00-05:00,140.16504761513684,146.66263562327828,140.16504761513684,144.59835815429688,13679700,0.0,0.0
2023-01-10 00:00:00-05:00,143.33031730506275,146.74130684171965,143.12389701570223,144.93260192871094,6527700,0.0,0.0
2023-01-11 00:00:00-05:00,142.80931814851783,144.53938159550484,141.1185678483586,142.43577575683594,13595000,0.0,0.0
2023-01-12 00:00:00-05:00,145.32578392806838,147.272122239094,141.49211452627867,147.0558624267578,11678000,0.0,0.0
2023-01-13 00:00:00-05:00,143.71371485714957,147.40978176957523,143.60558492089675,146.96742248535156,8378100,0.0,0.0
2023-01-17 00:00:00-05:00,147.05585598322193,147.93071973141414,143.61537820954368,145.945068359375,9407600,0.0,0.0
2023-01-18 00:00:00-05:00,146.32842154239518,146.9968499617119,142.8191273431085,142.97640991210938,7812600,0.0,0.0
2023-01-19 00:00:00-05:00,141.079238952946,144.18548718154997,140.72536067382768,143.9200897216797,7070100,0.0,0.0
2023-01-20 00:00:00-05:00,141.8460213890961,148.95306301711142,141.8460213890961,148.67782592773438,10127100,0.0,0.0
2023-01-23 00:00:00-05:00,154.67407989975771,155.18522587451392,150.6241352581134,153.21923828125,19922900,0.0,0.0
2023-01-24 00:00:00-05:00,153.24868607100453,157.48540080526982,151.87250112204222,152.22637939453125,6390200,0.0,0.0
2023-01-25 00:00:00-05:00,148.63848911764268,153.74021399768927,147.27212842735614,153.51412963867188,9390500,0.0,0.0
2023-01-26 00:00:00-05:00,155.49978907629935,162.3610814881749,155.41132323557838,162.28244018554688,13354600,0.0,0.0
2023-01-27 00:00:00-05:00,162.24309232767493,164.39585065381374,160.8177546457681,161.72210693359375,9872300,0.0,0.0
2023-01-30 00:00:00-05:00,161.27978315525468,163.60947341865355,160.62116417852377,161.94821166992188,8169800,0.0,0.0
2023-01-31 00:00:00-05:00,161.48621495287944,165.15277750648593,161.48621495287944,165.11346435546875,6421300,0.0,0.0
2023-02-01 00:00:00-05:00,164.87756890952616,170.1365924739914,164.15998753507426,168.8980255126953,8853900,0.0,0.0
2023-02-02 00:00:00-05:00,172.7218392035035,175.79859945557936,169.95961415394135,171.67002868652344,10667100,0.0,0.0
2023-02-03 00:00:00-05:00,167.12862837600997,172.10257514875872,166.97134575095708,168.1312713623047,6481700,0.0,0.0
2023-02-06 00:00:00-05:00,165.14294817851763,168.2590365317327,164.50400824778268,166.1750946044922,4310600,0.0,0.0
2023-02-07 00:00:00-05:00,164.7202438863933,168.8094858414508,163.77656343566193,168.3671417236328,6179200,0.0,0.0
2023-02-08 00:00:00-05:00,167.1089574477425,169.51728942286545,166.35204797008805,166.74525451660156,7694500,0.0,0.0
2023-02-09 00:00:00-05:00,170.38233628388193,172.39747679999425,169.08477712253463,170.70672607421875,11512300,0.0,0.0
2023-02-10 00:00:00-05:00,164.80872870209623,166.85335741488703,162.51835156227716,164.18943786621094,11273700,0.0,0.0
2023-02-13 00:00:00-05:00,165.41819241382336,168.24921930539497,164.11080888401548,168.1705780029297,8820300,0.0,0.0
2023-02-14 00:00:00-05:00,165.35921131434048,169.85148499266953,164.99550842333875,167.0696258544922,8393100,0.0,0.0
2023-02-15 00:00:00-05:00,165.97849545545768,168.69155272019424,165.37886868688656,168.1902313232422,4997000,0.0,0.0
2023-02-16 00:00:00-05:00,166.11610735325357,167.47262843189174,165.103625062978,165.25106811523438,7483500,0.0,0.0
2023-02-17 00:00:00-05:00,162.2234197149171,164.26804804032983,159.97237114951366,162.3610382080078,8084500,0.0,0.0
2023-02-21 00:00:00-05:00,160.95538618783235,161.71228050136722,158.70432232221688,158.87142944335938,5210800,0.0,0.0
2023-02-22 00:00:00-05:00,160.33609972456225,162.19395717955632,159.35310604468614,160.58184814453125,4343700,0.0,0.0
2023-02-23 00:00:00-05:00,162.47903463381408,162.65598131312564,158.82231158647974,161.3289337158203,4679400,0.0,0.0
2023-02-24 00:00:00-05:00,157.85895365006536,159.62834529834433,156.94477671470906,159.4415740966797,6569900,0.0,0.0
2023-02-27 00:00:00-05:00,161.05369321455808,161.9678852063138,159.46124813127983,160.3656005859375,6891200,0.0,0.0
2023-02-28 00:00:00-05:00,159.7659711633781,161.65331734191344,158.78297742460177,160.82760620117188,6912600,0.0,0.0
2023-03-01 00:00:00-05:00,160.2181596334102,165.12328893579422,160.20832009618246,164.50401306152344,15841200,0.0,0.0
2023-03-02 00:00:00-05:00,189.83572579439755,190.61229916484535,182.05041801319294,183.41677856445312,37712500,0.0,0.0
2023-03-03 00:00:00-05:00,184.8716456677552,186.5427320781997,181.15591541490605,183.259521484375,12087200,0.0,0.0
2023-03-06 00:00:00-05:00,181.92266164114355,185.78581990295643,180.50714823247202,180.67425537109375,10770300,0.0,0.0
2023-03-07 00:00:00-05:00,181.32300467361182,182.9940907810161,179.9173160366944,180.202392578125,9024300,0.0,0.0
2023-03-08 00:00:00-05:00,180.18273785698014,181.75551868703573,178.70824739170092,179.83868408203125,6749100,0.0,0.0
2023-03-09 00:00:00-05:00,179.98615070856664,180.71355643990117,175.50368688102066,175.68063354492188,7102400,0.0,0.0
2023-03-10 00:00:00-05:00,175.4643661707751,176.30974130804017,168.78984590043834,170.23483276367188,14109000,0.0,0.0
2023-03-13 00:00:00-04:00,168.09191162438773,174.08817879900982,167.1089179891574,172.52520751953125,9154800,0.0,0.0
2023-03-14 00:00:00-04:00,176.9388878362613,182.15858262754375,176.06402393526494,179.7797393798828,10138100,0.0,0.0
2023-03-15 00:00:00-04:00,176.11316609078978,180.73323377471914,175.17932501626592,179.7993927001953,7716900,0.0,0.0
2023-03-16 00:00:00-04:00,180.18277080076783,184.4587849323087,179.86820557766745,184.11474609375,8369500,0.0,0.0
2023-03-17 00:00:00-04:00,182.87614027760415,184.46860026180016,181.04777140633718,181.70639038085938,10493300,0.0,0.0
2023-03-20 00:00:00-04:00,181.07728720507265,182.36500663132446,179.54380433942353,182.09959411621094,5513200,0.0,0.0
2023-03-21 00:00:00-04:00,182.7090574518496,186.06106999490984,181.74572770315825,185.4712677001953,6982000,0.0,0.0
2023-03-22 00:00:00-04:00,186.76878790102592,188.18430111447836,183.2398444031472,183.338134765625,6575600,0.0,0.0
2023-03-23 00:00:00-04:00,184.21300644860204,187.3192700235481,182.42396578155382,184.25233459472656,8685000,0.0,0.0
2023-03-24 00:00:00-04:00,183.3283339643661,187.08337728061647,182.9253029279382,186.82778930664062,6102700,0.0,0.0
2023-03-27 00:00:00-04:00,185.7071381886685,188.84288998810823,185.6973136529915,188.00733947753906,7776500,0.0,0.0
2023-03-28 00:00:00-04:00,187.92874561771947,189.55069437118635,187.92874561771947,189.0297088623047,4899000,0.0,0.0
2023-03-29 00:00:00-04:00,189.85540518224332,194.0724416125101,189.59983221653718,193.29588317871094,8085200,0.0,0.0
2023-03-30 00:00:00-04:00,194.406662071839,194.79985353962857,192.16543770699386,193.25656127929688,6932500,0.0,0.0
2023-03-31 00:00:00-04:00,194.13144295595063,196.59875189245494,193.6399460762195,196.3824920654297,6634300,0.0,0.0
2023-04-03 00:00:00-04:00,194.84902779422063,195.54694497670587,192.2047721326111,193.14845275878906,5340800,0.0,0.0
2023-04-04 00:00:00-04:00,194.78018495799557,195.32083446316193,193.2762058795373,193.84634399414062,4659100,0.0,0.0
2023-04-05 00:00:00-04:00,194.63275029461315,194.9178118645475,190.4353630455282,191.98849487304688,3953700,0.0,0.0
2023-04-06 00:00:00-04:00,190.70078961359485,190.76960637651882,186.37562306537544,189.27545166015625,6304700,0.0,0.0
2023-04-10 00:00:00-04:00,187.34877137499112,189.27544568521435,186.06105198875605,188.2334747314453,5263800,0.0,0.0
2023-04-11 00:00:00-04:00,185.8447957360025,187.22099598380842,184.12455667571578,185.6776885986328,4907700,0.0,0.0
2023-04-12 00:00:00-04:00,187.06372520620673,188.62668176564068,186.30681577204314,187.08338928222656,5033400,0.0,0.0
2023-04-13 00:00:00-04:00,187.21114898285185,191.0743220609936,187.21114898285185,190.72044372558594,4716400,0.0,0.0
2023-04-14 00:00:00-04:00,188.58735126195157,191.85088261410723,187.93857180664503,191.3397216796875,5073800,0.0,0.0
2023-04-17 00:00:00-04:00,191.84107773557201,194.16094375345912,191.7132837390479,193.72842407226562,5413500,0.0,0.0
2023-04-18 00:00:00-04:00,195.69437517026105,196.71668195366033,193.70872382253822,195.12423706054688,4679000,0.0,0.0
2023-04-19 00:00:00-04:00,192.9616856810182,195.6845827031683,192.40137201610818,195.53712463378906,3665100,0.0,0.0
2023-04-20 00:00:00-04:00,193.82671802122204,196.67740915458864,193.47285463842027,194.15110778808594,3620000,0.0,0.0
2023-04-21 00:00:00-04:00,193.67926087740761,195.73371425236078,193.1287867673048,195.64524841308594,4860100,0.0,0.0
2023-04-24 00:00:00-04:00,195.0750996693569,195.38966485770092,190.7597578620832,191.60513305664062,4449700,0.0,0.0
2023-04-25 00:00:00-04:00,190.67129627077122,190.81873933153008,187.38810079065868,187.4274139404297,5010000,0.0,0.0
2023-04-26 00:00:00-04:00,189.34423876561357,191.06447771400641,187.3291137112166,188.26295471191406,4007600,0.0,0.0
2023-04-27 00:00:00-04:00,190.86790015710957,194.1510957772225,189.98321175624383,192.60780334472656,4794400,0.0,0.0
2023-04-28 00:00:00-04:00,192.81419760870162,195.27168172300725,191.94917339998509,194.99644470214844,4094600,0.0,0.0
2023-05-01 00:00:00-04:00,194.39681144039162,195.66488160032986,193.7676961282593,194.42630004882812,2882900,0.0,0.0
2023-05-02 00:00:00-04:00,194.65242443712594,195.03579139544405,189.64897490511026,190.5435028076172,6051000,0.0,0.0
2023-05-03 00:00:00-04:00,190.90722288036818,192.46033980674727,189.28527419249997,189.3344268798828,3779900,0.0,0.0
2023-05-04 00:00:00-04:00,188.63648961538343,191.2512565207698,187.51587737011695,189.10833740234375,4386500,0.0,0.0
2023-05-05 00:00:00-04:00,190.65163958846543,194.74089729073197,189.96354694608755,194.229736328125,4284400,0.0,0.0
2023-05-08 00:00:00-04:00,195.34050108683255,197.09022859964406,192.74539842743738,194.53443908691406,4169400,0.0,0.0
2023-05-09 00:00:00-04:00,193.43350067634609,200.33412070688087,193.43350067634609,197.7586669921875,6996800,0.0,0.0
2023-05-10 00:00:00-04:00,201.45473780869372,202.7719458095648,199.58704071857017,201.36627197265625,6535600,0.0,0.0
2023-05-11 00:00:00-04:00,199.45926101943263,200.33412483769283,195.17340776385265,200.00973510742188,5366300,0.0,0.0
2023-05-12 00:00:00-04:00,199.97040523147746,200.49140570235363,196.7265379553742,198.37796020507812,4733600,0.0,0.0
2023-05-15 00:00:00-04:00,200.28498694414102,201.9069207159952,199.0365806171283,199.87213134765625,4518200,0.0,0.0
2023-05-16 00:00:00-04:00,198.49591374539932,202.17231564063619,198.31898207629337,201.08119201660156,4423200,0.0,0.0
2023-05-17 00:00:00-04:00,202.98818737425236,205.92734376793967,201.31710118023085,205.8192138671875,5772200,0.0,0.0
2023-05-18 00:00:00-04:00,205.9371869666541,210.24270431494344,205.770079832038,209.69223022460938,5165500,0.0,0.0
2023-05-19 00:00:00-04:00,209.3383519611546,209.61358900642713,206.35986715107325,206.78256225585938,6091600,0.0,0.0
2023-05-22 00:00:00-04:00,205.61280552488415,209.20074179288144,205.4850115347278,206.68426513671875,3890800,0.0,0.0
2023-05-23 00:00:00-04:00,204.2071230784309,206.07480516762013,202.95871684025403,203.12582397460938,4256800,0.0,0.0
2023-05-24 00:00:00-04:00,202.53600885207953,206.63510564898155,201.92655757740127,205.50465393066406,4894000,0.0,0.0
2023-05-25 00:00:00-04:00,208.4143272557877,208.71905290111985,204.89520803043888,206.3402099609375,6496700,0.0,0.0
2023-05-26 00:00:00-04:00,209.18106600993107,212.47408596281602,208.93531758064293,211.7761688232422,6933300,0.0,0.0
2023-05-30 00:00:00-04:00,215.5410183428529,218.36220527286702,212.06121247863285,215.14781188964844,10421000,0.0,0.0
2023-05-31 00:00:00-04:00,215.8162784195609,221.17359129780445,213.36861860945265,219.58114624023438,19624000,0.0,0.0
2023-06-01 00:00:00-04:00,204.6789694033211,211.69754450679812,202.55569920412765,209.2793731689453,20907400,0.0,0.0
2023-06-02 00:00:00-04:00,209.27937153508688,212.46427680901232,206.85137567797577,209.40716552734375,11026900,0.0,0.0
2023-06-05 00:00:00-04:00,206.89070346996658,208.70924797493248,203.5386910577598,206.29107666015625,7804400,0.0,0.0
2023-06-06 00:00:00-04:00,205.00333355576026,209.77084387143793,204.82638689494317,209.23020935058594,6796000,0.0,0.0
2023-06-07 00:00:00-04:00,211.2256623387819,212.97538968695582,201.29742131884944,202.23126220703125,9323900,0.0,0.0
2023-06-08 00:00:00-04:00,201.8872717862739,206.8022407946121,201.36628627133365,205.96669006347656,5548600,0.0,0.0
2023-06-09 00:00:00-04:00,207.10695025651293,214.94141144229968,207.10695025651293,211.64837646484375,7676700,0.0,0.0
2023-06-12 00:00:00-04:00,212.474094967779,216.6419939048934,208.53229539468362,210.05593872070312,11568300,0.0,0.0
2023-06-13 00:00:00-04:00,211.83514870675225,212.55272992948326,204.3840544372445,205.426025390625,11698900,0.0,0.0
2023-06-14 00:00:00-04:00,204.1677960939119,208.1096105772638,201.5333800794599,205.83888244628906,8963400,0.0,0.0
2023-06-15 00:00:00-04:00,204.4135385599291,209.70204950825635,203.84340040942632,208.31602478027344,7905400,0.0,0.0
2023-06-16 00:00:00-04:00,209.90846474068567,210.0165946459278,207.01847590831952,208.1587371826172,13672700,0.0,0.0
2023-06-20 00:00:00-04:00,205.1016363121018,213.35879266571263,205.06232316248622,213.2801513671875,9522900,0.0,0.0
2023-06-21 00:00:00-04:00,212.83785158861295,214.09608262891336,204.53155581498518,206.02569580078125,7971600,0.0,0.0
2023-06-22 00:00:00-04:00,206.0649891800649,210.32135401182998,205.53416414369343,209.66273498535156,5689800,0.0,0.0
2023-06-23 00:00:00-04:00,206.9201666228709,207.41166345570434,204.53149921496112,206.5171356201172,14037600,0.0,0.0
2023-06-26 00:00:00-04:00,205.46534551476157,208.14891409167856,203.82374785052988,203.8335723876953,4771500,0.0,0.0
2023-06-27 00:00:00-04:00,204.600339949707,206.9005419657415,203.9908885606626,205.26878356933594,4014800,0.0,0.0
2023-06-28 00:00:00-04:00,204.86571673588804,208.59125618862288,204.0694942538585,208.561767578125,4775900,0.0,0.0
2023-06-29 00:00:00-04:00,208.2963814892782,209.03362684376967,206.15346219188459,206.85137939453125,3838300,0.0,0.0
2023-06-30 00:00:00-04:00,208.25706913126456,210.21323221239132,207.37238070221758,207.66726684570312,5984200,0.0,0.0
2023-07-03 00:00:00-04:00,206.98899339242107,208.35535405382527,206.35003847925177,208.0506134033203,2400000,0.0,0.0
2023-07-05 00:00:00-04:00,206.91036008772363,210.9701140806181,206.51715358767106,210.18373107910156,5069300,0.0,0.0
2023-07-06 00:00:00-04:00,207.6082703803653,208.88616521447733,204.29558634826736,206.56629943847656,4250900,0.0,0.0
2023-07-07 00:00:00-04:00,206.2026425092001,208.50284472356523,205.72097007998465,206.02569580078125,3022200,0.0,0.0
2023-07-10 00:00:00-04:00,205.44568384413938,209.24986467344112,204.7772553260299,209.19088745117188,3820100,0.0,0.0
2023-07-11 00:00:00-04:00,218.28358574540601,218.56866232731335,213.54556375642179,217.40872192382812,10028100,0.0,0.0
2023-07-12 00:00:00-04:00,218.12629919808617,224.2110326893405,217.84123762063544,223.41481018066406,8923500,0.0,0.0
2023-07-13 00:00:00-04:00,224.37812281038285,227.0322176371513,223.72935840760792,226.45223999023438,5800300,0.0,0.0
2023-07-14 00:00:00-04:00,225.79366505185132,228.25114946686776,224.2700217146822,225.42996215820312,4278700,0.0,0.0
2023-07-17 00:00:00-04:00,225.34147615426858,226.36378297974406,223.93578739503496,224.12255859375,3557900,0.0,0.0
2023-07-18 00:00:00-04:00,223.18877285847276,225.71505943689007,221.63564066271212,223.7589111328125,5092700,0.0,0.0
2023-07-19 00:00:00-04:00,230.000849386134,234.16874785026252,227.2976168561685,230.38421630859375,8516300,0.0,0.0
2023-07-20 00:00:00-04:00,227.16985006928775,229.52902894956588,223.45413508323824,224.27984619140625,5303000,0.0,0.0
2023-07-21 00:00:00-04:00,226.0885747089215,226.88479728953092,223.4246549028787,224.1815643310547,3529700,0.0,0.0
2023-07-24 00:00:00-04:00,223.39515343135756,223.71954316762006,219.73841549440925,221.82237243652344,5363200,0.0,0.0
2023-07-25 00:00:00-04:00,222.0386073693097,223.65071633288517,221.3603393603695,222.18605041503906,3203700,0.0,0.0
2023-07-26 00:00:00-04:00,220.6427804537904,223.64089934740963,219.3255574488538,221.7437286376953,4856700,0.0,0.0
2023-07-27 00:00:00-04:00,224.1618963634906,226.22618931384298,220.20043260578808,221.321044921875,4299600,0.0,0.0
2023-07-28 00:00:00-04:00,222.15658871923708,223.44430813891725,220.17093713353705,221.76339721679688,4238700,0.0,0.0
2023-07-31 00:00:00-04:00,218.56867383775543,221.5471438028636,217.97887156773024,221.1834259033203,5571900,0.0,0.0
2023-08-01 00:00:00-04:00,220.08245125952607,220.9868036322436,217.86089097432597,220.45599365234375,4212600,0.0,0.0
2023-08-02 00:00:00-04:00,218.204933260615,219.06014796320028,215.07902055251773,216.75010681152344,5127000,0.0,0.0
2023-08-03 00:00:00-04:00,212.5232346298049,214.49906156346756,210.95045371167765,211.8941192626953,5515200,0.0,0.0
2023-08-04 00:00:00-04:00,212.72968390049832,213.55539506178107,209.44648833113982,210.9406280517578,4800400,0.0,0.0
2023-08-07 00:00:00-04:00,211.64837482936093,213.20150670229748,210.724358335398,212.3856201171875,3615200,0.0,0.0
2023-08-08 00:00:00-04:00,209.91829493644894,210.54741026642068,207.54927666292554,207.98179626464844,4843800,0.0,0.0
2023-08-09 00:00:00-04:00,208.05062773367993,208.06046727103785,201.42525924977429,202.35910034179688,7847500,0.0,0.0
2023-08-10 00:00:00-04:00,204.63960304727055,206.76287285006626,202.9292037610953,204.7084197998047,4004700,0.0,0.0
2023-08-11 00:00:00-04:00,202.62450128056497,205.93718533316692,202.00521043420432,205.15078735351562,2930800,0.0,0.0
2023-08-14 00:00:00-04:00,204.3644013237526,208.49298720851107,203.59766737356483,208.4536590576172,3304700,0.0,0.0
2023-08-15 00:00:00-04:00,206.75307444411771,208.758375067336,204.3054146399404,205.22943115234375,4076400,0.0,0.0
2023-08-16 00:00:00-04:00,204.46271275888762,206.12397469994082,203.43056625712074,203.4698944091797,2759600,0.0,0.0
2023-08-17 00:00:00-04:00,203.05702735662382,203.41089070942644,199.93109941321796,200.37344360351562,4062700,0.0,0.0
2023-08-18 00:00:00-04:00,197.5522470734665,202.00520737925552,196.79533771706073,201.3466033935547,4267200,0.0,0.0
2023-08-21 00:00:00-04:00,202.49671924718538,205.85855618428639,200.74699151382802,205.47518920898438,4023300,0.0,0.0
2023-08-22 00:00:00-04:00,206.2812363824204,206.53680934769494,202.49670459297977,203.2437744140625,3153200,0.0,0.0
2023-08-23 00:00:00-04:00,204.46269859846498,207.40185529056382,203.61732337928802,205.573486328125,3833200,0.0,0.0
2023-08-24 00:00:00-04:00,207.42149525776108,208.38483988334767,201.9462281478524,202.01502990722656,3960300,0.0,0.0
2023-08-25 00:00:00-04:00,202.01503778116273,207.20524352003093,201.98554916895392,205.90769958496094,3068800,0.0,0.0
2023-08-28 00:00:00-04:00,206.87102432412644,209.84949408066512,206.07480181485485,208.1194305419922,4086900,0.0,0.0
2023-08-29 00:00:00-04:00,203.2339578991047,208.84685881368603,203.00787353631074,208.35536193847656,5850400,0.0,0.0
2023-08-30 00:00:00-04:00,208.16857136370152,211.9235993414036,205.86835480220688,211.38294982910156,9946000,0.0,0.0
2023-08-31 00:00:00-04:00,224.12257438762794,224.89913284831667,217.43821390603284,217.6938018798828,19268400,0.0,0.0
2023-09-01 00:00:00-04:00,219.6991180374413,220.16112633124442,216.76980066341144,217.7626190185547,5600900,0.0,0.0
2023-09-05 00:00:00-04:00,215.60003218073695,216.57320144350697,213.9092816430146,214.97091674804688,5807300,0.0,0.0
2023-09-06 00:00:00-04:00,215.7376436157703,218.4310519417448,215.29529941971578,217.85107421875,5066700,0.0,0.0
2023-09-07 00:00:00-04:00,216.03256309524562,218.94221649811757,215.58037932354878,218.74562072753906,4201900,0.0,0.0
2023-09-08 00:00:00-04:00,219.52216945892334,221.63560000253997,219.06998573833448,220.9376678466797,4578900,0.0,0.0
2023-09-11 00:00:00-04:00,222.16640987919786,222.97247194602747,219.00116883500763,221.4783172607422,4418000,0.0,0.0
2023-09-12 00:00:00-04:00,219.6499636959723,220.9671718006499,217.49720485364213,217.89041137695312,4002300,0.0,0.0
2023-09-13 00:00:00-04:00,217.41855550750995,218.08699907276787,214.587543640855,215.07904052734375,4173600,0.0,0.0
2023-09-14 00:00:00-04:00,215.68847204637513,216.81892378099454,214.62683706920174,215.05935668945312,4297200,0.0,0.0
2023-09-15 00:00:00-04:00,215.14782919020416,215.46239437806267,209.82984460170292,210.9602813720703,9939000,0.0,0.0
2023-09-18 00:00:00-04:00,210.9111083377586,212.70016392268414,210.53756596303958,211.3436279296875,4279400,0.0,0.0
2023-09-19 00:00:00-04:00,210.7440340990951,212.3856318977965,208.65025256575578,212.03175354003906,4001500,0.0,0.0
2023-09-20 00:00:00-04:00,211.5402602480978,213.48658374918259,209.29903561065598,209.40716552734375,2990900,0.0,0.0
2023-09-21 00:00:00-04:00,206.23208180048468,208.28653503903988,204.5315068948289,205.06231689453125,4957300,0.0,0.0
2023-09-22 00:00:00-04:00,205.75039907858144,206.15343007608104,202.37873804895935,202.91937255859375,3848300,0.0,0.0
2023-09-25 00:00:00-04:00,201.5137093943827,203.01768856211436,200.40292170867872,202.83091735839844,4067300,0.0,0.0
2023-09-26 00:00:00-04:00,201.9757345204162,202.92923969330405,197.85698815492444,199.04641723632812,5404500,0.0,0.0
2023-09-27 00:00:00-04:00,199.53790608898439,200.46190761169103,197.52276590791988,199.28231811523438,4123800,0.0,0.0
2023-09-28 00:00:00-04:00,197.3458316954068,201.6611739169518,196.1564175861202,199.7443389892578,4344000,0.0,0.0
2023-09-29 00:00:00-04:00,201.5923552457845,204.2562598451964,198.6630381403952,199.3314666748047,4405100,0.0,0.0
2023-10-02 00:00:00-04:00,197.38512096577676,201.6218210481266,197.10988395341707,200.24563598632812,3745700,0.0,0.0
2023-10-03 00:00:00-04:00,199.30196506063388,200.10802706349904,194.06260703988926,196.43162536621094,4622400,0.0,0.0
2023-10-04 00:00:00-04:00,197.463781251517,199.29215015196783,196.11706966938632,198.4369354248047,3656400,0.0,0.0
2023-10-05 00:00:00-04:00,198.56472990598104,198.71217296312443,195.11442737518226,198.57455444335938,3592600,0.0,0.0
2023-10-06 00:00:00-04:00,197.0705709931127,204.72810024643212,196.49060831519063,203.8335723876953,4989200,0.0,0.0
2023-10-09 00:00:00-04:00,201.4055762745906,204.73792427925923,201.20898053671237,203.69595336914062,2781100,0.0,0.0
2023-10-10 00:00:00-04:00,204.10880991962367,205.66194175527843,202.75227382281142,203.3617401123047,4503500,0.0,0.0
2023-10-11 00:00:00-04:00,203.70577226488308,205.64227097790584,200.93373793919372,203.33224487304688,3971000,0.0,0.0
2023-10-12 00:00:00-04:00,204.29560511263367,205.03285046934124,199.81315574373872,202.18215942382812,3548500,0.0,0.0
2023-10-13 00:00:00-04:00,201.62183290692855,203.61730886355045,199.75415092759445,201.1106719970703,3677500,0.0,0.0
2023-10-16 00:00:00-04:00,202.3394176681689,205.9273536383444,201.55301971585007,204.98367309570312,3623200,0.0,0.0
2023-10-17 00:00:00-04:00,202.9783729521599,208.33568557611184,202.49670064311755,206.27139282226562,4006100,0.0,0.0
2023-10-18 00:00:00-04:00,205.32773091840605,206.06497620081208,200.7174880192066,201.3466033935547,3380800,0.0,0.0
2023-10-19 00:00:00-04:00,202.93905892377978,207.36253084752101,202.03470646373026,204.7772674560547,4995900,0.0,0.0
2023-10-20 00:00:00-04:00,203.83359206721303,204.57083740672127,198.68269922876922,200.26531982421875,5539100,0.0,0.0
2023-10-23 00:00:00-04:00,196.5004199093443,200.10801971745724,194.4852949747433,198.56471252441406,4564100,0.0,0.0
2023-10-24 00:00:00-04:00,200.26529121489534,201.15981903220646,197.51290600740342,200.74696350097656,3959600,0.0,0.0
2023-10-25 00:00:00-04:00,199.74432108053318,200.2751460894065,192.106455669586,193.708740234375,4490000,0.0,0.0
2023-10-26 00:00:00-04:00,194.06260688775902,196.26451808965416,190.38620519335294,192.91250610351562,5149100,0.0,0.0
2023-10-27 00:00:00-04:00,193.94467782472873,194.9374961531788,192.08682016104618,193.2270965576172,3168600,0.0,0.0
2023-10-30 00:00:00-04:00,195.61576728229923,197.16889929480777,193.72842097577237,195.8811798095703,3438300,0.0,0.0
2023-10-31 00:00:00-04:00,197.0115808296978,198.47624673297628,195.28151744674614,197.41461181640625,3425400,0.0,0.0
2023-11-01 00:00:00-04:00,197.50310400677557,201.01239892159657,197.08042389060532,200.4422607421875,3593600,0.0,0.0
2023-11-02 00:00:00-04:00,202.80145466378968,204.71828963239633,202.44757628502418,204.5708465576172,4963600,0.0,0.0
2023-11-03 00:00:00-04:00,205.82904219730182,206.6056005902575,203.6762836785648,203.9416961669922,3861900,0.0,0.0
2023-11-06 00:00:00-05:00,204.6691210153753,204.93451850987694,201.2089790568526,203.89254760742188,3729700,0.0,0.0
2023-11-07 00:00:00-05:00,205.93716424216817,209.71185615875768,205.40635428486027,208.23736572265625,5467100,0.0,0.0
2023-11-08 00:00:00-05:00,208.80751347150107,208.9058188381665,206.08461680723323,207.87367248535156,3433500,0.0,0.0
2023-11-09 00:00:00-05:00,209.93794631054365,209.94777084660942,205.5144751956915,206.4384765625,4731400,0.0,0.0
2023-11-10 00:00:00-05:00,205.8388741053306,210.62606360815286,205.2884000350226,209.9969482421875,4112600,0.0,0.0
2023-11-13 00:00:00-05:00,208.9549767146868,212.46425640232263,208.15873922321103,211.61888122558594,3306600,0.0,0.0
2023-11-14 00:00:00-05:00,215.27562942679438,217.4873653455628,214.24348299817694,217.41854858398438,4743800,0.0,0.0
2023-11-15 00:00:00-05:00,216.99587533898858,217.60532667833172,213.95842818095983,215.68849182128906,4800700,0.0,0.0
2023-11-16 00:00:00-05:00,216.25863720166552,218.98153424259823,215.2166661677629,217.68397521972656,3712300,0.0,0.0
2023-11-17 00:00:00-05:00,217.40871779786855,219.00116281383995,216.63215936395355,217.45787048339844,3634900,0.0,0.0
2023-11-20 00:00:00-05:00,217.6643176716283,222.2549120801893,216.8680950652123,221.30140686035156,4599300,0.0,0.0
2023-11-21 00:00:00-05:00,220.19057704504635,222.12707573060916,219.7383933674972,220.50514221191406,3852300,0.0,0.0
2023-11-22 00:00:00-05:00,220.48547835572768,221.85183892715435,219.41401887870595,220.03329467773438,3893600,0.0,0.0
2023-11-24 00:00:00-05:00,220.54445335906644,220.6722473318597,218.34254220882917,220.56411743164062,1869100,0.0,0.0
2023-11-27 00:00:00-05:00,221.66506464876036,222.37282126576412,220.43632260525283,220.96713256835938,4885500,0.0,0.0
2023-11-28 00:00:00-05:00,219.80722084436607,221.69456693975624,218.45068474484142,221.09494018554688,5535300,0.0,0.0
2023-11-29 00:00:00-05:00,224.7222026561424,227.56305400465203,223.39515508879495,226.4326171875,12327400,0.0,0.0
2023-11-30 00:00:00-05:00,244.8145961995634,248.20592163391044,239.5064209551428,247.61611938476562,24425700,0.0,0.0
2023-12-01 00:00:00-05:00,245.74840252216046,258.94999950599066,245.45350143927544,255.57833862304688,14538200,0.0,0.0
2023-12-04 00:00:00-05:00,248.50082282038395,250.78136051910386,245.60099425983714,246.397216796875,11429200,0.0,0.0
2023-12-05 00:00:00-05:00,245.73860106050407,247.39002328086025,244.41155356255862,246.75108337402344,5771500,0.0,0.0
2023-12-06 00:00:00-05:00,247.24258868203128,249.66074487302092,244.6179972067893,244.8932342529297,5374800,0.0,0.0
2023-12-07 00:00:00-05:00,244.51969084289954,246.46601423252008,242.6913219013487,244.6179962158203,6568200,0.0,0.0
2023-12-08 00:00:00-05:00,244.3231019783638,247.80289328808448,243.78245241065872,246.54466247558594,4605800,0.0,0.0
2023-12-11 00:00:00-05:00,245.74842088787145,249.2085628537748,245.46335931933055,247.81271362304688,4766000,0.0,0.0
2023-12-12 00:00:00-05:00,247.51781543522677,252.21650909874228,246.7510815529638,252.0887451171875,5827600,0.0,0.0
2023-12-13 00:00:00-05:00,253.13069513673915,254.71330045593396,250.8206541441583,252.9439239501953,6567600,0.0,0.0
2023-12-14 00:00:00-05:00,252.13789826295044,254.36928328824175,248.91367994514556,252.8358154296875,6613200,0.0,0.0
2023-12-15 00:00:00-05:00,250.6731840428998,257.8490400796245,250.1816872595528,257.151123046875,13739500,0.0,0.0
2023-12-18 00:00:00-05:00,255.40142444068593,261.07328715932556,255.26379092653983,259.1072998046875,7498500,0.0,0.0
2023-12-19 00:00:00-05:00,260.9553311053117,262.0464396810721,259.2547412545671,259.84454345703125,4665500,0.0,0.0
2023-12-20 00:00:00-05:00,257.21015200496623,260.4147212766111,255.65700505793052,255.82412719726562,4510500,0.0,0.0
2023-12-21 00:00:00-05:00,260.2476239967168,263.7962174260165,259.7462875294117,262.7051086425781,5160700,0.0,0.0
2023-12-22 00:00:00-05:00,262.7149143074524,263.58976312931225,260.78822499452946,261.810546875,3110600,0.0,0.0
2023-12-26 00:00:00-05:00,261.0143587889461,261.9973526502382,260.11983077533927,261.692626953125,3218800,0.0,0.0
2023-12-27 00:00:00-05:00,261.41737857011196,262.46918915588395,260.88655350835757,262.1841125488281,3387000,0.0,0.0
2023-12-28 00:00:00-05:00,261.9678440452627,262.3807146348824,260.7882395022835,261.0634765625,2958700,0.0,0.0
2023-12-29 00:00:00-05:00,260.5032021910403,261.13230263742633,258.183321173427,258.6650085449219,3706600,0.0,0.0
2024-01-02 00:00:00-05:00,256.1092065878763,256.128855663888,249.4543345300305,251.77420043945312,4741400,0.0,0.0
2024-01-03 00:00:00-05:00,249.18893276087024,249.8377122803152,247.4883576562299,247.55715942382812,5097100,0.0,0.0
2024-01-04 00:00:00-05:00,247.54729358841658,248.34351604795347,245.59113081798807,246.9673309326172,4489800,0.0,0.0
2024-01-05 00:00:00-05:00,246.93786132826128,249.59194139741706,245.91553945022144,246.84938049316406,3676000,0.0,0.0
2024-01-08 00:00:00-05:00,247.92087864415132,257.11186188760854,247.1148165098063,256.43359375,6626000,0.0,0.0
2024-01-09 00:00:00-05:00,255.0868640473054,259.4415189198201,254.37910738642142,256.89556884765625,4571800,0.0,0.0
2024-01-10 00:00:00-05:00,258.79276282231206,261.92851539446934,258.28161685391075,259.6381530761719,5128300,0.0,0.0
2024-01-11 00:00:00-05:00,263.44227794408374,268.3179176735948,260.59160257798754,266.7648010253906,9012600,0.0,0.0
2024-01-12 00:00:00-05:00,266.6173728980334,270.5591569528362,266.4502507816603,267.3054504394531,4847600,0.0,0.0
2024-01-16 00:00:00-05:00,265.11345805398645,266.95165178636597,263.16711939691817,264.61212158203125,5858700,0.0,0.0
2024-01-17 00:00:00-05:00,263.72739775370997,267.2759907403071,259.63814021331854,266.8238220214844,4706500,0.0,0.0
2024-01-18 00:00:00-05:00,268.35728750915246,271.0015430350454,267.5119273031344,269.7924499511719,4752400,0.0,0.0
2024-01-19 00:00:00-05:00,271.8075938738252,277.2042196135628,270.84424926149256,276.103271484375,7413600,0.0,0.0
2024-01-22 00:00:00-05:00,278.96381075064534,280.8609815295508,275.40537809839253,275.53314208984375,6735900,0.0,0.0
2024-01-23 00:00:00-05:00,276.05409267590426,276.91913188500115,271.0211700032517,272.0631408691406,6573800,0.0,0.0
2024-01-24 00:00:00-05:00,275.21864329502637,276.18195811923414,271.98458496003093,272.1713562011719,7037800,0.0,0.0
2024-01-25 00:00:00-05:00,273.8718584533987,275.09079103196245,272.15161949035985,274.28472900390625,4178000,0.0,0.0
2024-01-26 00:00:00-05:00,274.5304808085959,278.52143285211577,273.9505181223155,275.17926025390625,4877400,0.0,0.0
2024-01-29 00:00:00-05:00,276.6144378076922,283.24964568153734,276.2212463037747,282.9645690917969,5762300,0.0,0.0
2024-01-30 00:00:00-05:00,282.73851712808863,284.37029046843685,281.6473783890779,282.8368225097656,4810900,0.0,0.0
2024-01-31 00:00:00-05:00,279.21940697991477,280.77255415049603,276.0443558628613,276.30975341796875,4557300,0.0,0.0
2024-02-01 00:00:00-05:00,277.214065156812,280.2023444297631,276.5750952478248,278.9736022949219,3218300,0.0,0.0
2024-02-02 00:00:00-05:00,280.3498027532898,283.2594555760961,278.34448729499763,280.8019714355469,3629600,0.0,0.0
2024-02-05 00:00:00-05:00,281.3819427732092,284.1343130960976,276.57508924668764,283.2102966308594,5274800,0.0,0.0
2024-02-06 00:00:00-05:00,283.0432795563748,283.7313873188519,277.11582725470845,280.9691467285156,4207200,0.0,0.0
2024-02-07 00:00:00-05:00,282.4632663598621,284.8715831019034,280.3498357499599,283.92791748046875,3621400,0.0,0.0
2024-02-08 00:00:00-05:00,284.38008886797627,288.12529277401666,284.0655536569576,286.98504638671875,4488400,0.0,0.0
2024-02-09 00:00:00-05:00,288.26288843912795,290.21903620699356,286.1002904053678,286.3460388183594,4376300,0.0,0.0
2024-02-12 00:00:00-05:00,285.87425504631983,286.05118672504506,282.1192116497867,282.43377685546875,3750000,0.0,0.0
2024-02-13 00:00:00-05:00,275.6413075335322,278.6099381444019,271.71917169356266,276.36871337890625,4956600,0.0,0.0
2024-02-14 00:00:00-05:00,280.15321745413416,284.5373611592502,279.7993541050935,284.2326354980469,3850700,0.0,0.0
2024-02-15 00:00:00-05:00,286.38538697687164,287.03416643233686,283.1120310864568,286.9751892089844,3986500,0.0,0.0
2024-02-16 00:00:00-05:00,287.0341319285894,287.1029486804242,282.98420308608274,284.79290771484375,4159400,0.0,0.0
2024-02-20 00:00:00-05:00,284.57671927367335,285.9037669694865,279.3176961820236,281.5196228027344,4295500,0.0,0.0
2024-02-21 00:00:00-05:00,275.3070153091241,278.74749279112194,273.6260747117969,278.7278137207031,3797200,0.0,0.0
2024-02-22 00:00:00-05:00,287.0341334415816,289.6194114295447,286.44433127725875,288.65606689453125,5264300,0.0,0.0
2024-02-23 00:00:00-05:00,292.93210505635017,292.93210505635017,286.1297758603621,287.8205261230469,4416800,0.0,0.0
2024-02-26 00:00:00-05:00,290.5631063463455,298.6629648950992,289.98314365885824,295.281494140625,8719300,0.0,0.0
2024-02-27 00:00:00-05:00,296.451229928817,296.6183520589328,291.5559404510165,294.4066162109375,6178800,0.0,0.0
2024-02-28 00:00:00-05:00,294.48528687250285,295.76319688745826,291.5657939133847,294.67205810546875,12490800,0.0,0.0
2024-02-29 00:00:00-05:00,294.8981334294654,305.25889625022563,289.7767442451787,303.5681457519531,21737800,0.0,0.0
2024-03-01 00:00:00-05:00,301.77901635321496,313.28986229073297,301.4054740087701,311.4909973144531,9450200,0.0,0.0
2024-03-04 00:00:00-05:00,309.22036780444193,312.247975518254,308.2078853873117,309.2891845703125,9350000,0.0,0.0
2024-03-05 00:00:00-05:00,306.0157394270206,307.2346419082464,291.1037431090322,293.6693420410156,9015300,0.0,0.0
2024-03-06 00:00:00-05:00,299.4690126095062,300.6879451473118,297.59149111851025,298.6039733886719,8270000,0.0,0.0
2024-03-07 00:00:00-05:00,300.79608189915757,301.55297627307226,296.61835853944706,297.2769775390625,6788900,0.0,0.0
2024-03-08 00:00:00-05:00,297.06074066059836,303.6172925581778,297.06074066059836,300.0883483886719,4851600,0.0,0.0
2024-03-11 00:00:00-04:00,297.49326719018615,302.378717727947,295.1438975365333,300.7961120605469,4895500,0.0,0.0
2024-03-12 00:00:00-04:00,301.4939834095581,303.78437548481014,298.70228495618505,301.405517578125,4832000,0.0,0.0
2024-03-13 00:00:00-04:00,300.2046855321155,302.8917743506396,298.3443863413441,299.88970947265625,5548800,0.4,0.0
2024-03-14 00:00:00-04:00,300.20469625794453,304.62409348585174,297.25186317999754,298.5511169433594,4828800,0.0,0.0
2024-03-15 00:00:00-04:00,294.25966434947964,295.3325234801237,289.15126048263426,289.70245361328125,11885100,0.0,0.0
2024-03-18 00:00:00-04:00,294.9092263898654,296.2380070523632,291.3658213024601,295.7852478027344,5240500,0.0,0.0
2024-03-19 00:00:00-04:00,293.4919936668264,297.02554792380084,291.9565224587199,296.7106018066406,3329900,0.0,0.0
2024-03-20 00:00:00-04:00,297.2223935492241,302.1929848435676,295.962519060418,301.26776123046875,4946600,0.0,0.0
2024-03-21 00:00:00-04:00,303.0985058493241,306.8978037105414,301.5335077636589,303.54144287109375,6083900,0.0,0.0
2024-03-22 00:00:00-04:00,304.456831550388,305.3525279977719,301.82879647617136,302.9311828613281,3779000,0.0,0.0
2024-03-25 00:00:00-04:00,298.9251657945488,302.87209916094577,297.7833999957975,301.248046875,4141200,0.0,0.0
2024-03-26 00:00:00-04:00,302.6457192045202,303.1378580564633,300.0964435559876,301.0216369628906,3893900,0.0,0.0
2024-03-27 00:00:00-04:00,302.606321690317,304.4370636925438,293.9348380377795,296.6416015625,3859900,0.0,0.0
2024-03-28 00:00:00-04:00,295.2833226568755,298.0392883198972,294.919144698309,296.44476318359375,4892300,0.0,0.0
2024-04-01 00:00:00-04:00,296.94682787430526,298.7382210171381,295.2735432836978,297.50787353515625,2918100,0.0,0.0
2024-04-02 00:00:00-04:00,292.82265311793276,299.67321837357684,290.25370241123204,299.220458984375,4746100,0.0,0.0
2024-04-03 00:00:00-04:00,299.2105527499666,302.33072611227345,298.334561262458,299.9487609863281,3047400,0.0,0.0
2024-04-04 00:00:00-04:00,303.4134694652993,306.4056522043965,287.50753738730936,289.5154724121094,8351000,0.0,0.0
2024-04-05 00:00:00-04:00,288.9248995865176,298.64956857740253,288.6886525004713,297.1632995605469,4918200,0.0,0.0
2024-04-08 00:00:00-04:00,296.36604521282544,298.7283058744591,294.8108695011229,296.98614501953125,3142900,0.0,0.0
2024-04-09 00:00:00-04:00,298.55113422686725,300.79528629451295,294.5451165768072,297.6160583496094,2997700,0.0,0.0
2024-04-10 00:00:00-04:00,293.75774398211655,296.1889115363115,293.4624425967762,294.9093322753906,3036400,0.0,0.0
2024-04-11 00:00:00-04:00,294.7616618831685,296.3561870477538,291.7497743416688,294.4466857910156,3468600,0.0,0.0
2024-04-12 00:00:00-04:00,292.2025539163403,293.1671570011287,288.88554244288684,289.6926574707031,3820000,0.0,0.0
2024-04-15 00:00:00-04:00,278.4915630366649,281.9759148580112,267.3889106580971,268.6094055175781,18365100,0.0,0.0
2024-04-16 00:00:00-04:00,270.45983716016565,276.1489613161425,268.156630844885,273.0484924316406,7624300,0.0,0.0
2024-04-17 00:00:00-04:00,273.37327394316685,274.58394630631784,270.5188746712862,271.9756164550781,4199400,0.0,0.0
2024-04-18 00:00:00-04:00,271.9756217888621,271.9854441401961,265.50891007853295,267.6448059082031,5918200,0.0,0.0
2024-04-19 00:00:00-04:00,268.20583517187515,268.8554620930706,264.5049712480887,266.1191711425781,4913600,0.0,0.0
2024-04-22 00:00:00-04:00,274.9973521274959,275.30247580160625,265.32188582825614,269.50506591796875,6747200,0.0,0.0
2024-04-23 00:00:00-04:00,270.6271748001635,272.349660833529,266.1585454801704,272.3299560546875,6285200,0.0,0.0
2024-04-24 00:00:00-04:00,273.6292271745777,274.55445070545613,269.800372131593,271.8476867675781,3938800,0.0,0.0
2024-04-25 00:00:00-04:00,267.3298762726608,269.2787272367196,265.04634439859046,268.8456726074219,4811900,0.0,0.0
2024-04-26 00:00:00-04:00,270.6763678197495,272.54648944440436,269.1605717493828,269.9775390625,3754600,0.0,0.0
2024-04-29 00:00:00-04:00,270.5680816805379,272.93034189376266,268.9243248852949,271.4046936035156,3576400,0.0,0.0
2024-04-30 00:00:00-04:00,270.1941043938248,270.2925081421132,264.14077198537626,264.711669921875,5218000,0.0,0.0
2024-05-01 00:00:00-04:00,264.7904051495396,269.69211944799633,262.35923776176384,264.4656066894531,3761000,0.0,0.0
2024-05-02 00:00:00-04:00,266.17821732126697,268.7865472786771,263.72737540401,267.85150146484375,3859900,0.0,0.0
2024-05-03 00:00:00-04:00,272.46777368391287,273.3044157781072,269.0523286934137,269.3574523925781,4041600,0.0,0.0
2024-05-06 00:00:00-04:00,271.8279966616397,272.7728948814258,269.7511550106802,271.2964782714844,3744800,0.0,0.0
2024-05-07 00:00:00-04:00,271.2571149416949,274.4953973100246,269.76102350125603,272.8221130371094,3507700,0.0,0.0
2024-05-08 00:00:00-04:00,271.3949338534461,275.53873506096556,271.3949338534461,274.583984375,3283300,0.0,0.0
2024-05-09 00:00:00-04:00,267.89091644129036,271.02091280445626,266.80820479554154,270.84375,4709700,0.0,0.0
2024-05-10 00:00:00-04:00,271.7591143410364,275.24346626302435,270.64687558925954,272.3201599121094,2912300,0.0,0.0
2024-05-13 00:00:00-04:00,272.78273798452614,273.43233483754597,270.863384441834,273.15673828125,2998700,0.0,0.0
2024-05-14 00:00:00-04:00,272.60554712072405,274.475668768822,270.7157507319541,272.44805908203125,3056800,0.0,0.0
2024-05-15 00:00:00-04:00,275.3418417798143,283.2751178575915,275.3320194282281,283.01922607421875,5828500,0.0,0.0
2024-05-16 00:00:00-04:00,284.8696592242814,285.4602018017787,280.10572882214973,280.20416259765625,3559200,0.0,0.0
2024-05-17 00:00:00-04:00,282.52710795295746,282.8223792776703,279.7908168721112,281.11956787109375,3478900,0.0,0.0
2024-05-20 00:00:00-04:00,281.50342574608976,283.1963846129268,280.62740416392415,282.5566101074219,2799300,0.0,0.0
2024-05-21 00:00:00-04:00,282.2810668852495,282.70429917248373,278.8360942409406,279.2987060546875,3492100,0.0,0.0
2024-05-22 00:00:00-04:00,278.95420002947577,282.5763354506755,278.38330203289803,279.3577575683594,3309200,0.0,0.0
2024-05-23 00:00:00-04:00,282.17272432499055,282.4877003986117,273.09768271346155,274.19024658203125,5456600,0.0,0.0
2024-05-24 00:00:00-04:00,266.67039966244863,270.63703832987864,264.3081387505354,268.009033203125,8325100,0.0,0.0
2024-05-28 00:00:00-04:00,268.8062229959936,268.93418389214463,262.9596115526523,265.5876159667969,9294100,0.0,0.0
2024-05-29 00:00:00-04:00,263.78646728185697,268.5798956685838,263.56007255976925,267.34954833984375,13397900,0.0,0.0
2024-05-30 00:00:00-04:00,219.88762292242762,221.55105456847372,208.6668636220059,214.58236694335938,66763300,0.0,0.0
2024-05-31 00:00:00-04:00,215.66512317157898,230.93126742053872,212.6630726855275,230.7541046142578,36807400,0.0,0.0
2024-06-03 00:00:00-04:00,230.9312551693686,237.20111503715788,226.5906014379914,232.89981079101562,19962700,0.0,0.0
2024-06-04 00:00:00-04:00,232.0139599619796,236.80738795401604,228.54929796423895,231.16748046875,11197500,0.0,0.0
2024-06-05 00:00:00-04:00,231.93522685409806,233.19510127277977,227.90953414098408,232.8112335205078,10772100,0.0,0.0
2024-06-06 00:00:00-04:00,236.10855803634576,242.8705415606845,235.68531078226476,238.94326782226562,11693800,0.0,0.0
2024-06-07 00:00:00-04:00,238.52005659131802,240.0948921624242,236.51212133813064,238.047607421875,6883800,0.0,0.0
2024-06-10 00:00:00-04:00,237.98853334815152,239.8094533675329,236.6499148792427,238.03775024414062,7656900,0.0,0.0
2024-06-11 00:00:00-04:00,237.36843626245638,239.91771214284643,232.54546606343197,237.20111083984375,7264400,0.0,0.0
2024-06-12 00:00:00-04:00,236.77785384067977,238.39206875472175,231.19700078385992,232.0926971435547,10260100,0.0,0.0
2024-06-13 00:00:00-04:00,231.81709067531315,231.94503656488706,225.064944977817,225.4291229248047,13566700,0.0,0.0
2024-06-14 00:00:00-04:00,225.74413517964402,231.55136859705192,225.5964844880153,228.2934112548828,8833700,0.0,0.0
2024-06-17 00:00:00-04:00,226.65948594877838,228.19495688236603,224.18895412808413,226.85633850097656,10563700,0.0,0.0
2024-06-18 00:00:00-04:00,226.85634450685419,228.63788493257647,225.6259972494341,228.16543579101562,7119800,0.0,0.0
2024-06-20 00:00:00-04:00,229.1890842896221,239.93739571406888,229.1890842896221,237.9983673095703,14809600,0.0,0.0
2024-06-21 00:00:00-04:00,236.787709975498,241.51223124915634,236.41367961742677,241.2071075439453,15719600,0.0,0.0
2024-06-24 00:00:00-04:00,239.3665206487026,240.56734076653305,236.03965687777358,236.16761779785156,7545700,0.0,0.0
2024-06-25 00:00:00-04:00,237.97867413536616,239.27792797957395,236.09870002089278,237.958984375,6037800,0.0,0.0
2024-06-26 00:00:00-04:00,237.67356889160956,239.77992284776303,236.12824548892328,239.3271484375,4524700,0.0,0.0
2024-06-27 00:00:00-04:00,241.14806226961704,254.5342464276487,240.6067064729894,248.87464904785156,12869000,0.0,0.0
2024-06-28 00:00:00-04:00,249.51439459880424,256.0893623637826,249.19941852870713,253.05780029296875,12619300,0.0,0.0
2024-07-01 00:00:00-04:00,254.09129444558158,255.4004006705798,250.52821380657258,252.18179321289062,5871700,0.0,0.0
2024-07-02 00:00:00-04:00,251.0400637661464,253.6779361626889,250.06562330678946,252.16213989257812,5130600,0.0,0.0
2024-07-03 00:00:00-04:00,252.93973623610339,257.11306476624935,252.90035671097655,256.8473205566406,4755700,0.0,0.0
2024-07-05 00:00:00-04:00,258.58939031889065,261.63080424013793,257.2114078034371,259.052001953125,6562100,0.0,0.0
2024-07-08 00:00:00-04:00,257.27055705007115,258.7075943441239,253.14643033033587,253.32359313964844,6539300,0.0,0.0
2024-07-09 00:00:00-04:00,252.45605987604384,253.3531505172018,247.5270102550866,248.84799194335938,7014900,0.4,0.0
2024-07-10 00:00:00-04:00,247.63546204481744,251.184383962169,242.61769289572115,249.0057373046875,8947700,0.0,0.0
2024-07-11 00:00:00-04:00,249.0156044346396,251.79558072801345,247.35943586308946,247.5565948486328,5341800,0.0,0.0
2024-07-12 00:00:00-04:00,248.04949054274906,251.66741119200324,246.14688459223302,250.36614990234375,4705500,0.0,0.0
2024-07-15 00:00:00-04:00,252.38707516870826,252.75185015387925,248.5424220363431,249.2719268798828,4404300,0.0,0.0
2024-07-16 00:00:00-04:00,250.1788544345157,253.13628436167184,249.08460475977725,252.3969268798828,4780400,0.0,0.0
2024-07-17 00:00:00-04:00,250.3957169705406,251.9434457484806,246.06801207026007,247.65516662597656,5625300,0.0,0.0
2024-07-18 00:00:00-04:00,248.56211075322938,248.867709419363,242.23321291961403,243.840087890625,6351600,0.0,0.0
2024-07-19 00:00:00-04:00,245.12165001118674,245.45683684266425,241.69103542962606,244.1161346435547,4468900,0.0,0.0
2024-07-22 00:00:00-04:00,245.2202252731259,251.95330904248104,244.48086780999085,250.47459411621094,5647600,0.0,0.0
2024-07-23 00:00:00-04:00,252.94894591285697,253.6784355751292,250.14924954776635,252.4264678955078,3905500,0.0,0.0
2024-07-24 00:00:00-04:00,250.03096983633367,252.2786152057238,245.36807817730238,246.235595703125,5204100,0.0,0.0
2024-07-25 00:00:00-04:00,251.1252184773391,260.33266425925626,248.14806837774626,252.87994384765625,7155800,0.0,0.0
2024-07-26 00:00:00-04:00,254.50656130531408,260.7368571604819,253.4221643720545,258.98211669921875,6127300,0.0,0.0
2024-07-29 00:00:00-04:00,258.9820944686865,262.30426881372927,254.8515488351001,254.92056274414062,5101400,0.0,0.0
2024-07-30 00:00:00-04:00,255.93597975316726,257.0499498334684,251.49983488547556,254.26995849609375,3944300,0.0,0.0
2024-07-31 00:00:00-04:00,252.5743348180912,258.1145813960761,251.7265527823844,255.12757873535156,4647700,0.0,0.0
2024-08-01 00:00:00-04:00,256.2119757263321,259.6228694066716,246.19615901489306,249.4690399169922,5527400,0.0,0.0
2024-08-02 00:00:00-04:00,244.27382736025027,244.480854056879,237.6984771630665,240.50804138183594,6504500,0.0,0.0
2024-08-05 00:00:00-04:00,229.0233825671635,238.38857740960202,228.91494286729724,235.61843872070312,6899300,0.0,0.0
2024-08-06 00:00:00-04:00,237.66889950550507,240.38974439158318,234.65232369030102,235.0367889404297,5673900,0.0,0.0
2024-08-07 00:00:00-04:00,239.16732758965423,243.03170038494034,236.25919154936844,236.6337890625,4035500,0.0,0.0
2024-08-08 00:00:00-04:00,239.78839397386727,245.8905443262702,239.63066078729975,245.58494567871094,4474300,0.0,0.0
2024-08-09 00:00:00-04:00,245.1709101369942,249.3606020584584,244.9244576710257,248.94656372070312,2975300,0.0,0.0
2024-08-12 00:00:00-04:00,249.01558440826014,250.4844315183566,245.48638319447477,247.74388122558594,3679700,0.0,0.0
2024-08-13 00:00:00-04:00,249.40991123652165,252.15046162696464,249.40991123652165,250.98721313476562,4031600,0.0,0.0
2024-08-14 00:00:00-04:00,251.76598983784044,254.05306098457586,250.2577018937512,251.69699096679688,4145200,0.0,0.0
2024-08-15 00:00:00-04:00,254.24034960304215,259.15956112117897,252.60390167211892,259.06097412109375,5167900,0.0,0.0
2024-08-16 00:00:00-04:00,258.03574764931307,259.8595020259184,255.99511388601093,259.1792907714844,3494900,0.0,0.0
2024-08-19 00:00:00-04:00,259.3665820017412,261.6240950206405,257.91744029399774,261.6142272949219,4501300,0.0,0.0
2024-08-20 00:00:00-04:00,261.19039675880157,261.7325802773505,257.3260079483956,258.12451171875,5731300,0.0,0.0
2024-08-21 00:00:00-04:00,257.3949690443378,258.4202197565874,255.5022008128408,257.3851013183594,4648200,0.0,0.0
2024-08-22 00:00:00-04:00,257.7892729867562,259.5243079310394,253.6192865359282,254.92056274414062,5111400,0.0,0.0
2024-08-23 00:00:00-04:00,258.27229687763435,261.831085858288,257.0006239112523,260.2537841796875,4711300,0.0,0.0
2024-08-26 00:00:00-04:00,260.1946738291465,263.50698073425303,259.5045948483169,261.5156555175781,3818300,0.0,0.0
2024-08-27 00:00:00-04:00,255.96553565390923,260.70727888718767,255.7190831778156,260.45098876953125,5276400,0.0,0.0
2024-08-28 00:00:00-04:00,258.1146431559656,261.4171129811343,253.70807084126216,255.22622680664062,10981900,0.0,0.0
2024-08-29 00:00:00-04:00,267.16437707572857,268.0910408802322,252.6433849806973,253.363037109375,14301700,0.0,0.0
2024-08-30 00:00:00-04:00,253.78691057539768,255.45293176247793,247.43829222470256,249.3113250732422,10507700,0.0,0.0
2024-09-03 00:00:00-04:00,249.03528387445067,250.09010765279388,243.14014507957873,244.5399932861328,6190400,0.0,0.0
2024-09-04 00:00:00-04:00,242.9725836376856,245.9398662215254,241.68117498838077,244.1654052734375,4706500,0.0,0.0
2024-09-05 00:00:00-04:00,242.48950492161643,244.9737499783009,241.52341547156428,242.6275177001953,4083600,0.0,0.0
2024-09-06 00:00:00-04:00,244.22454889929293,246.4524738476603,238.01394354987883,240.50804138183594,6259400,0.0,0.0
2024-09-09 00:00:00-04:00,243.0021335048457,245.82155034111585,241.2966866377209,242.2726287841797,4588800,0.0,0.0
2024-09-10 00:00:00-04:00,243.62322908685158,243.83024076230976,239.8574276824333,242.6669921875,3544800,0.0,0.0
2024-09-11 00:00:00-04:00,241.33611504195002,246.47219115079537,238.57584436119444,246.02857971191406,4822200,0.0,0.0
2024-09-12 00:00:00-04:00,247.82274360578702,250.5337207590969,246.02857745721064,249.77464294433594,5219700,0.0,0.0
2024-09-13 00:00:00-04:00,248.95641846367036,253.18553619607928,248.86769918533128,250.95762634277344,4998900,0.0,0.0
2024-09-16 00:00:00-04:00,250.9576280495704,254.15164242961856,250.9576280495704,253.26441955566406,5367000,0.0,0.0
2024-09-17 00:00:00-04:00,255.04875563320763,255.6895260942672,251.14494154884778,251.56884765625,5423400,0.0,0.0
2024-09-18 00:00:00-04:00,252.76355193041852,252.88203002430376,247.78727613077635,249.23867797851562,4436700,0.4,0.0
2024-09-19 00:00:00-04:00,257.4238343756841,266.13233427592775,254.78757673843398,262.627197265625,11022800,0.0,0.0
2024-09-20 00:00:00-04:00,262.64698069804626,266.9024891527017,258.0162715687652,263.4269714355469,11463200,0.0,0.0
2024-09-23 00:00:00-04:00,263.8712957398402,264.67105291601325,258.92462495022477,260.8697204589844,6034000,0.0,0.0
2024-09-24 00:00:00-04:00,266.4186922794457,269.01544763072616,262.9234680135159,267.02099609375,7154500,0.0,0.0
2024-09-25 00:00:00-04:00,267.0308512187521,273.54738669365804,265.97437144910907,270.62481689453125,7920000,0.0,0.0
2024-09-26 00:00:00-04:00,272.6390601683866,275.1173373979977,269.26228390281386,272.27374267578125,5253400,0.0,0.0
2024-09-27 00:00:00-04:00,272.76740795037085,274.3274196302333,271.58256683095436,273.1426086425781,5220100,0.0,0.0
2024-09-30 00:00:00-04:00,270.48665064132695,272.25399920772117,265.7374625732726,270.2496643066406,5059700,0.0,0.0
2024-10-01 00:00:00-04:00,270.6742353777532,271.22715324047437,266.2804818678742,267.445556640625,4369900,0.0,0.0
2024-10-02 00:00:00-04:00,270.2594969314665,278.4348158511885,267.42578571888527,275.9466857910156,8512300,0.0,0.0
2024-10-03 00:00:00-04:00,275.46284200390835,277.5659181680705,274.2187921215403,277.35858154296875,3868400,0.0,0.0
2024-10-04 00:00:00-04:00,280.27128643084876,284.2503660957415,277.9115176664149,284.11212158203125,6129900,0.0,0.0
2024-10-07 00:00:00-04:00,282.9568578351032,284.52678254714664,279.79733237483805,280.9722900390625,4794700,0.0,0.0
2024-10-08 00:00:00-04:00,282.3842313395015,288.9304160689077,280.50825820660475,287.8838195800781,5211200,0.0,0.0
2024-10-09 00:00:00-04:00,287.143329645178,287.88384780696254,283.4505919221484,284.2799987792969,4851000,0.0,0.0
2024-10-10 00:00:00-04:00,284.28000188684643,286.5607954395338,281.02170386032054,286.5015563964844,3965500,0.0,0.0
2024-10-11 00:00:00-04:00,285.5537162721001,286.5706935131151,282.6805017061026,284.457763671875,3597000,0.0,0.0
2024-10-14 00:00:00-04:00,286.2547162086492,288.752729622809,284.6058158303389,287.9529724121094,3642500,0.0,0.0
2024-10-15 00:00:00-04:00,289.7499730684061,289.86845116758764,284.3590086332941,284.70458984375,3850800,0.0,0.0
2024-10-16 00:00:00-04:00,283.9146794087513,287.2420999906038,280.636674920083,287.1828308105469,3497000,0.0,0.0
2024-10-17 00:00:00-04:00,288.2688863635768,289.63144453040655,286.43241588255205,287.42962646484375,2830000,0.0,0.0
2024-10-18 00:00:00-04:00,288.34789549831066,290.9841231747716,286.4817753421948,289.23651123046875,3087900,0.0,0.0
2024-10-21 00:00:00-04:00,285.34636439154315,289.21681968555714,284.39850947267297,287.607421875,2712600,0.0,0.0
2024-10-22 00:00:00-04:00,286.0868755567979,288.2491911941531,284.0134184910343,284.684814453125,3100100,0.0,0.0
2024-10-23 00:00:00-04:00,284.0924353775046,284.65520635350447,279.0470219772638,280.8341369628906,3227100,0.0,0.0
2024-10-24 00:00:00-04:00,282.9371905002203,285.25748687882117,281.5746321956903,283.1346740722656,3210700,0.0,0.0
2024-10-25 00:00:00-04:00,286.33369626761163,290.6583272599078,285.1784746488326,286.7878723144531,3351200,0.0,0.0
2024-10-28 00:00:00-04:00,289.88819635582126,292.32697082442206,288.7922137552008,290.0560302734375,3867800,0.0,0.0
2024-10-29 00:00:00-04:00,290.2831049696815,296.7996704953528,289.10814713426345,295.1112976074219,4280700,0.0,0.0
2024-10-30 00:00:00-04:00,293.31428322420254,295.75305731701343,292.6033846590014,292.6527404785156,2826500,0.0,0.0
2024-10-31 00:00:00-04:00,288.90083151025345,292.34669979337616,285.8893728374647,287.6863708496094,4301800,0.0,0.0
2024-11-01 00:00:00-04:00,286.56082284674966,293.2353401000275,286.333719738832,290.9940490722656,3527500,0.0,0.0
2024-11-04 00:00:00-05:00,294.2226652053971,296.3849806395836,289.2167853521641,294.242431640625,5107900,0.0,0.0
2024-11-05 00:00:00-05:00,293.679617566316,295.0322925218731,291.0137402603826,293.7289733886719,4456100,0.0,0.0
2024-11-06 00:00:00-05:00,301.14404625307475,304.65903664470096,299.23845345430897,303.02001953125,5874900,0.0,0.0
2024-11-07 00:00:00-05:00,303.61245105997966,308.24316044766306,302.13141471334563,306.8509826660156,5722600,0.0,0.0
2024-11-08 00:00:00-05:00,306.1104754139715,318.72890433221784,305.52793804599,317.8797912597656,8485000,0.0,0.0
2024-11-11 00:00:00-05:00,321.13806464282436,340.51989946832964,321.13806464282436,337.40972900390625,13954200,0.0,0.0
2024-11-12 00:00:00-05:00,335.00053512566257,344.44952351501655,334.2303974797518,336.8370056152344,7659700,0.0,0.0
2024-11-13 00:00:00-05:00,341.13202098757745,343.7880151100042,334.4870940728605,337.3998107910156,6902900,0.0,0.0
2024-11-14 00:00:00-05:00,338.1107191186139,341.62570955785907,326.6376293007872,327.4571228027344,7630600,0.0,0.0
2024-11-15 00:00:00-05:00,322.79675822232315,326.08467534680824,320.08152528255516,321.14788818359375,7093000,0.0,0.0
2024-11-18 00:00:00-05:00,322.8659435949925,322.8659435949925,316.1617768797807,318.1759948730469,4250400,0.0,0.0
2024-11-19 00:00:00-05:00,314.9670774740582,320.59502790169176,312.0050046451486,319.341064453125,5469900,0.0,0.0
2024-11-20 00:00:00-05:00,321.1775772101323,323.12267297866424,317.9390453354551,321.5823974609375,3763500,0.0,0.0
2024-11-21 00:00:00-05:00,327.16092545814604,338.6043956803142,324.44569223515697,331.534912109375,8364200,0.0,0.0
2024-11-22 00:00:00-05:00,334.6648799054847,338.47606588452095,331.5349429682248,337.696044921875,5649400,0.0,0.0
2024-11-25 00:00:00-05:00,340.63839660632203,343.45237199594465,334.01323506864105,334.8228454589844,7117200,0.0,0.0
2024-11-26 00:00:00-05:00,337.6565281921569,339.4633791564788,334.85243651216416,338.8413391113281,4492800,0.0,0.0
2024-11-27 00:00:00-05:00,332.20629794031083,333.1146801035548,324.72214130486776,325.8378601074219,7471500,0.0,0.0
2024-11-29 00:00:00-05:00,325.17633883953357,327.79283037650987,323.11276513181406,325.818115234375,3517600,0.0,0.0
2024-12-02 00:00:00-05:00,327.80273075201154,330.27112480887905,325.9366103817732,326.82525634765625,6063400,0.0,0.0
2024-12-03 00:00:00-05:00,323.2608490441073,328.5925736756064,319.5582583094884,327.2398986816406,12632400,0.0,0.0
2024-12-04 00:00:00-05:00,362.17261119810746,364.3349265875827,352.1410551320798,363.2192077636719,24733100,0.0,0.0
2024-12-05 00:00:00-05:00,356.2188587354475,360.8298317914245,352.1608336334279,356.811279296875,10942100,0.0,0.0
2024-12-06 00:00:00-05:00,360.3755855294521,362.5082812342811,356.52489750618787,357.41351318359375,5738900,0.0,0.0
2024-12-09 00:00:00-05:00,357.1272734931298,357.1272734931298,346.35519793284743,347.1253356933594,6475000,0.0,0.0
2024-12-10 00:00:00-05:00,346.90801659298137,350.99566041997394,343.0375624600376,344.4100036621094,6033000,0.0,0.0
2024-12-11 00:00:00-05:00,349.0210390384675,355.64623043162305,347.4314077171775,350.3638610839844,7546600,0.0,0.0
2024-12-12 00:00:00-05:00,350.5119090836484,355.44869653553076,348.45821876163944,353.50360107421875,5422000,0.0,0.0
2024-12-13 00:00:00-05:00,359.3981865679934,360.18806063961284,348.04357353081775,349.8306884765625,5538000,0.0,0.0
2024-12-16 00:00:00-05:00,346.34527692686896,353.5431218355771,346.1280570626412,352.7137451171875,5482300,0.0,0.0
2024-12-17 00:00:00-05:00,352.38795231663556,352.71379722699794,344.69642750122665,346.5329284667969,6911000,0.0,0.0
2024-12-18 00:00:00-05:00,350.4176057543139,350.6844855956422,331.379392753256,333.34649658203125,8400000,0.4,0.0
2024-12-19 00:00:00-05:00,337.76504166232553,339.5739543598419,331.56722681731725,332.3580322265625,7423400,0.0,0.0
2024-12-20 00:00:00-05:00,328.9082299669718,342.460370353399,327.32667934664994,339.6925964355469,14932300,0.0,0.0
2024-12-23 00:00:00-05:00,338.3087242005645,339.89030498535186,332.80285985682673,338.95123291015625,5330300,0.0,0.0
2024-12-24 00:00:00-05:00,339.0500674181276,340.97762359964395,336.90504351442036,340.4635925292969,1811000,0.0,0.0
2024-12-26 00:00:00-05:00,340.9084034351624,340.9084034351624,337.1027335923685,337.7847900390625,3483300,0.0,0.0
2024-12-27 00:00:00-05:00,336.43060418495196,338.32847695975715,331.4090875457361,334.552490234375,3220400,0.0,0.0
2024-12-30 00:00:00-05:00,329.6298090769706,334.216359823894,327.7912128806694,331.8736572265625,3411100,0.0,0.0
2024-12-31 00:00:00-05:00,332.39755055895097,333.26742142784644,328.5820162621909,330.4798889160156,3026000,0.0,0.0
2025-01-02 00:00:00-05:00,332.43710226912543,335.0170615885399,324.0349869891738,326.8521728515625,4807100,0.0,0.0
2025-01-03 00:00:00-05:00,328.27563090334155,329.6001962003747,325.4782035363992,329.06640625,4101200,0.0,0.0
2025-01-06 00:00:00-05:00,330.17346334391164,332.72376933175275,323.51108985794446,326.7236633300781,5785300,0.0,0.0
2025-01-07 00:00:00-05:00,326.69400470879674,327.6824888380216,319.1914137879175,321.1881408691406,4643100,0.0,0.0
2025-01-08 00:00:00-05:00,323.96576001202595,325.0135507147569,319.3890739333845,323.13543701171875,3788200,0.0,0.0
2025-01-10 00:00:00-05:00,319.0530224548987,319.0530224548987,312.38075435416357,314.189697265625,6540000,0.0,0.0
2025-01-13 00:00:00-05:00,310.97713482721866,316.85859770758407,310.18632936887,315.3956604003906,4583000,0.0,0.0
2025-01-14 00:00:00-05:00,321.2573569159608,326.1404711543749,317.7976623030197,319.8141784667969,5935200,0.0,0.0
2025-01-15 00:00:00-05:00,326.0811615032152,327.71215434386943,317.0859495594818,317.4615783691406,6042700,0.0,0.0
2025-01-16 00:00:00-05:00,319.2210565457528,323.9460093205067,315.8700809787784,316.3149108886719,5047700,0.0,0.0
2025-01-17 00:00:00-05:00,324.93451595966076,325.7747335332278,319.3495864600512,320.8224182128906,6303600,0.0,0.0
2025-01-21 00:00:00-05:00,325.6066582537073,325.7252715197611,318.7367118215333,323.0761413574219,6397200,0.0,0.0
2025-01-22 00:00:00-05:00,327.4353628887087,331.369540523756,323.5110797479705,328.7895812988281,7259300,0.0,0.0
2025-01-23 00:00:00-05:00,328.5029064710305,331.59686651922743,325.804364194291,330.80609130859375,4355900,0.0,0.0
2025-01-24 00:00:00-05:00,332.42720998209984,334.75015378462393,327.96916694634353,330.03509521484375,3299100,0.0,0.0
2025-01-27 00:00:00-05:00,328.5325970116179,349.083192149995,326.6940308638127,343.1028747558594,15661100,0.0,0.0
2025-01-28 00:00:00-05:00,350.6844397873468,362.86256928099783,346.42407637971354,355.8048095703125,12099300,0.0,0.0
2025-01-29 00:00:00-05:00,354.6285643165268,356.03219484132165,347.4521601186634,349.9233703613281,6266700,0.0,0.0
2025-01-30 00:00:00-05:00,336.97422901100924,343.99247226575136,336.08459934010193,339.6134948730469,7591100,0.0,0.0
2025-01-31 00:00:00-05:00,343.9924832269431,345.47520944774885,336.183464497261,337.7650451660156,5778000,0.0,0.0
2025-02-03 00:00:00-05:00,332.10101129047274,337.5277794608043,327.44525952776286,335.3333435058594,4549400,0.0,0.0
2025-02-04 00:00:00-05:00,341.6398781151791,342.9347899043463,334.76993155296583,340.17694091796875,4965600,0.0,0.0
2025-02-05 00:00:00-05:00,341.7387069869432,344.03199722291254,334.96758521093204,343.9232482910156,4521000,0.0,0.0
2025-02-06 00:00:00-05:00,333.5936606905957,333.5936606905957,325.3101582179833,327.0004577636719,13240600,0.0,0.0
2025-02-07 00:00:00-05:00,328.17675001219936,329.97579847202013,319.9921021522758,322.0777893066406,7626100,0.0,0.0
2025-02-10 00:00:00-05:00,324.14371658853065,327.92959738623296,322.88832248587664,323.4320068359375,5981900,0.0,0.0
2025-02-11 00:00:00-05:00,320.28861680964224,322.68076167635013,317.5604211249527,320.66424560546875,5455900,0.0,0.0
2025-02-12 00:00:00-05:00,315.8701228212021,323.2343423823026,313.3198467874362,322.3644714355469,5643400,0.0,0.0
2025-02-13 00:00:00-05:00,322.44355243852476,326.5457557631872,319.49785871449257,326.051513671875,4312100,0.0,0.0
2025-02-14 00:00:00-05:00,324.2524643433234,324.71705311454707,318.90476130984075,322.7796325683594,5879700,0.0,0.0
2025-02-18 00:00:00-05:00,324.806018603458,325.3694618355031,319.2803955633363,325.1717529296875,5262100,0.0,0.0
2025-02-19 00:00:00-05:00,325.9427800313224,325.9427800313224,319.15189820438326,320.79278564453125,5012000,0.0,0.0
2025-02-20 00:00:00-05:00,318.5291226846192,320.71369437465654,314.54553276874356,314.76300048828125,6393100,0.0,0.0
2025-02-21 00:00:00-05:00,315.2967732722444,315.2967732722444,303.3262151846399,306.23236083984375,7353200,0.0,0.0
2025-02-24 00:00:00-05:00,307.92273737544383,309.12868936319194,300.0247277304918,304.76947021484375,6652900,0.0,0.0
2025-02-25 00:00:00-05:00,302.7232782630801,304.86830219359,297.15810753732615,302.3575439453125,7360100,0.0,0.0
2025-02-26 00:00:00-05:00,309.0594390928769,310.0874709926421,302.9209613426107,303.7908020019531,12638500,0.0,0.0
2025-02-27 00:00:00-05:00,292.9273868621589,301.40859768897855,289.29966695601746,291.50396728515625,16691400,0.0,0.0
2025-02-28 00:00:00-05:00,292.55176388343796,298.5024578398109,288.7856416427993,294.4200134277344,10863100,0.0,0.0
2025-03-03 00:00:00-05:00,297.53368502935024,299.5798541563022,287.7081516220667,289.68511962890625,6298200,0.0,0.0
2025-03-04 00:00:00-05:00,286.660407876029,288.29140071519856,278.9897611017668,284.0310363769531,9096300,0.0,0.0
2025-03-05 00:00:00-05:00,283.9124572199738,289.3095729633866,282.3308763325515,288.6077575683594,6612600,0.0,0.0
2025-03-06 00:00:00-05:00,284.9107775983907,294.64732166578744,281.54990758922986,282.755859375,10396800,0.0,0.0
2025-03-07 00:00:00-05:00,279.9189629318883,284.989891965623,272.00122459510436,279.63232421875,8248100,0.0,0.0
2025-03-10 00:00:00-04:00,273.78043106167195,275.1445438898427,267.6024056921593,269.7572937011719,10040200,0.0,0.0
2025-03-11 00:00:00-04:00,270.5678885706164,277.220397903172,268.86769458936146,273.8595275878906,8313400,0.0,0.0
2025-03-12 00:00:00-04:00,278.60422286503785,282.6372243326638,275.8759973578528,281.3027648925781,7463900,0.0,0.0
2025-03-13 00:00:00-04:00,278.80198863521855,279.3061252884135,266.6436436421822,268.6107177734375,9494500,0.0,0.0
2025-03-14 00:00:00-04:00,271.8331403866514,276.6668423445477,269.5398499260608,276.1824645996094,6976900,0.0,0.0
2025-03-17 00:00:00-04:00,274.17588600625123,279.47417755111826,272.9007328102101,277.5169677734375,4484300,0.0,0.0
2025-03-18 00:00:00-04:00,276.7953254921048,277.26980875191947,272.76232336517967,275.52020263671875,5881700,0.0,0.0
2025-03-19 00:00:00-04:00,274.3043275450538,278.96997353012335,274.09675433829557,276.1725769042969,5245400,0.0,0.0
2025-03-20 00:00:00-04:00,273.8694268851367,279.6224121027663,273.8694268851367,275.8167419433594,5504700,0.0,0.0
2025-03-21 00:00:00-04:00,273.0292088496889,278.6042741442186,270.89407938579313,277.388427734375,9804100,0.0,0.0
2025-03-24 00:00:00-04:00,280.4724950390346,283.4577366057825,279.9584941189071,282.66693115234375,6763800,0.0,0.0
2025-03-25 00:00:00-04:00,282.32095490200714,287.1052449257096,282.32095490200714,285.2864074707031,4301700,0.0,0.0
2025-03-26 00:00:00-04:00,285.01948357742896,285.7114344697087,276.3603537610929,277.7541198730469,5070300,0.0,0.0
2025-03-27 00:00:00-04:00,277.30935139309355,277.66519120671086,272.83151940822296,274.61077880859375,3757200,0.0,0.0
2025-03-28 00:00:00-04:00,273.5234579216889,274.0177000278076,266.0900675054756,266.861083984375,4973400,0.0,0.0
2025-03-31 00:00:00-04:00,261.5034700831015,265.3585824049523,256.205209513439,265.26959228515625,7585800,0.0,0.0
2025-04-01 00:00:00-04:00,265.7638142156749,267.7012647244166,262.7588443440063,267.0884094238281,4598200,0.0,0.0
2025-04-02 00:00:00-04:00,262.8972060474085,270.4788918846862,262.68963284614676,268.4129638671875,5396900,0.0,0.0
2025-04-03 00:00:00-04:00,257.14427781645185,259.5462870289042,251.51978558192613,252.29080200195312,8872600,0.0,0.0
2025-04-04 00:00:00-04:00,244.84752453156582,247.4076948976997,236.77161071751894,237.98744201660156,9705000,0.0,0.0
2025-04-07 00:00:00-04:00,227.35133959117994,250.03704632942495,227.35133959117994,241.397705078125,11965200,0.0,0.0
2025-04-08 00:00:00-04:00,251.02554571723277,254.42594867390014,237.50308984752223,241.1802520751953,9340300,0.0,0.0
2025-04-09 00:00:00-04:00,238.12583314833822,265.08181606812497,238.12583314833822,262.1163635253906,12491100,0.0,0.0
2025-04-10 00:00:00-04:00,257.40969490555483,258.63733147446385,245.6579571299946,252.57830810546875,9692300,0.416,0.0
2025-04-11 00:00:00-04:00,251.7367954136667,253.85547468957546,245.21243794636035,252.4595184326172,6089000,0.0,0.0
2025-04-14 00:00:00-04:00,257.40969245702706,257.40969245702706,250.61803612100547,252.0139923095703,6038100,0.0,0.0
2025-04-15 00:00:00-04:00,251.83577929152105,254.16237295342697,251.27146589472542,252.39019775390625,5227700,0.0,0.0
2025-04-16 00:00:00-04:00,249.42009601430442,254.05346344365145,244.23231010008894,247.35092163085938,7190900,0.0,0.0
2025-04-17 00:00:00-04:00,247.28163428774863,249.0537945054991,244.34122213605195,244.796630859375,5566900,0.0,0.0
2025-04-21 00:00:00-04:00,238.03467342987338,240.0642530240193,230.45099879024664,233.90621948242188,9240000,0.0,0.0
2025-04-22 00:00:00-04:00,235.85659825109448,241.7869275314544,233.25281024252115,240.96519470214844,7145300,0.0,0.0
2025-04-23 00:00:00-04:00,250.0933271653285,255.2217283211393,247.0143105062503,247.9845428466797,5818900,0.0,0.0
2025-04-24 00:00:00-04:00,255.62768376840432,262.3401365258216,254.43962673325885,262.06292724609375,7857600,0.0,0.0
2025-04-25 00:00:00-04:00,262.08266655690056,266.3497247610452,261.5678580548796,265.1814880371094,5651700,0.0,0.0
2025-04-28 00:00:00-04:00,265.47853422707357,266.8150908174768,260.706546501833,262.9935607910156,4977700,0.0,0.0
2025-04-29 00:00:00-04:00,262.75590339841057,265.90421488123275,262.5282141473929,265.0924072265625,3139800,0.0,0.0
2025-04-30 00:00:00-04:00,262.1618787938235,266.19133806878403,260.37982364516705,266.0329284667969,4624100,0.0,0.0
2025-05-01 00:00:00-04:00,270.67618751441483,271.8642443411204,266.3200295057281,266.646728515625,5208900,0.0,0.0
2025-05-02 00:00:00-04:00,271.72559828123536,273.56708316278525,269.53762455455905,272.33941650390625,4323400,0.0,0.0
2025-05-05 00:00:00-04:00,270.64649734302185,273.4186199672366,269.59706020087106,269.91387939453125,4219600,0.0,0.0
2025-05-06 00:00:00-04:00,267.1318861990769,272.0622528870195,265.8646395940643,270.6365966796875,4681600,0.0,0.0
2025-05-07 00:00:00-04:00,270.9831112618373,276.01251785730346,270.9831112618373,275.4580993652344,4267600,0.0,0.0
2025-05-08 00:00:00-04:00,276.4283148701089,280.2300545974685,275.6065971789169,276.9530334472656,4789900,0.0,0.0
2025-05-09 00:00:00-04:00,278.814330761447,279.66577864567444,271.15145087112035,272.6761169433594,4324200,0.0,0.0
2025-05-12 00:00:00-04:00,282.16064648405427,286.09109599625106,280.40829124066016,285.9425964355469,5937400,0.0,0.0
2025-05-13 00:00:00-04:00,288.10087865334714,289.82353403263124,286.0514940178616,286.28912353515625,6711600,0.0,0.0
2025-05-14 00:00:00-04:00,290.57595753444326,293.1005406507739,286.37820890653796,287.84344482421875,7926200,0.0,0.0
2025-05-15 00:00:00-04:00,286.6851343385494,289.0612180323795,285.0812786005527,287.86328125,4635600,0.0,0.0
2025-05-16 00:00:00-04:00,288.1899593088549,289.2592165320184,286.83361301718327,288.2493591308594,3846000,0.0,0.0
2025-05-19 00:00:00-04:00,285.22975355625186,287.01180861947967,284.05160674645384,284.7644348144531,5781200,0.0,0.0
2025-05-20 00:00:00-04:00,285.21988546184537,285.56640461219655,282.3685727705088,285.190185546875,4032300,0.0,0.0
2025-05-21 00:00:00-04:00,281.57655806476663,284.7644798994961,278.30941631352766,279.4677734375,5689800,0.0,0.0
2025-05-22 00:00:00-04:00,279.6855269353524,283.49717644248904,278.2301709494835,280.59637451171875,6642700,0.0,0.0
2025-05-23 00:00:00-04:00,276.22045058706647,277.9431060944362,268.9436692331927,270.408935546875,8887800,0.0,0.0
2025-05-27 00:00:00-04:00,270.44852736238744,275.80460305916444,267.59721484246774,274.428466796875,10958000,0.0,0.0
2025-05-28 00:00:00-04:00,274.94325421681117,276.032301305734,270.85439527276606,273.2799987792969,12758600,0.0,0.0
2025-05-29 00:00:00-04:00,260.9639315353864,265.12210033265166,251.9644959917955,264.2607727050781,28053100,0.0,0.0
2025-05-30 00:00:00-04:00,265.40918894109205,267.0526545023712,258.10273896797963,262.7261962890625,12388500,0.0,0.0
2025-06-02 00:00:00-04:00,260.4886956917858,261.1619440082328,256.5582766732531,259.0135498046875,9213500,0.0,0.0
2025-06-03 00:00:00-04:00,259.3897811404899,262.1123838051324,258.75614274512765,261.8351745605469,7838500,0.0,0.0
2025-06-04 00:00:00-04:00,261.55798401284073,262.8549305941691,259.0135806349348,260.54815673828125,7372500,0.0,0.0
2025-06-05 00:00:00-04:00,261.08269566091644,266.07249149611295,261.0134160207683,264.4785461425781,8642900,0.0,0.0
2025-06-06 00:00:00-04:00,267.2803687223913,272.1612453169144,265.5378934214904,271.775146484375,7507000,0.0,0.0
2025-06-09 00:00:00-04:00,270.1316871224151,271.4682435387997,266.97346567420016,269.53765869140625,5728300,0.0,0.0
2025-06-10 00:00:00-04:00,269.3594399556208,271.02269527261984,264.18153429783064,265.54779052734375,6309700,0.0,0.0
2025-06-11 00:00:00-04:00,265.8250268352924,266.82497422095787,262.76581506828785,263.2608337402344,6568100,0.0,0.0
2025-06-12 00:00:00-04:00,262.0628502944601,266.339787895312,260.7757838487267,264.2508239746094,8054000,0.0,0.0
2025-06-13 00:00:00-04:00,260.8550287711117,263.05291270215673,255.42961369634608,255.82562255859375,7659300,0.0,0.0
2025-06-16 00:00:00-04:00,257.795787106761,261.3500168374457,257.3700481714339,261.2510070800781,7177000,0.0,0.0
2025-06-17 00:00:00-04:00,261.2213489508209,267.8050909859561,259.488783667178,260.1422119140625,9110100,0.0,0.0
2025-06-18 00:00:00-04:00,262.5775888633263,262.85523768410314,255.30912100353595,257.32208251953125,7628000,0.416,0.0
2025-06-20 00:00:00-04:00,258.50209044825556,260.6637869405405,257.0840993762802,258.4425964355469,12859200,0.0,0.0
2025-06-23 00:00:00-04:00,258.4525384870847,262.5181041652862,256.57838618424154,261.19927978515625,9283800,0.0,0.0
2025-06-24 00:00:00-04:00,263.47993748602585,271.0855779340558,263.21221443935144,268.8941345214844,9713900,0.0,0.0
2025-06-25 00:00:00-04:00,269.7171612362035,271.7003756570579,264.73930393398103,265.51275634765625,6074300,0.0,0.0
2025-06-26 00:00:00-04:00,266.5242314382341,268.73552679848876,262.9346175502945,268.4677734375,6708000,0.0,0.0
2025-06-27 00:00:00-04:00,269.5783394674535,271.8689801150365,267.168741050062,271.1252746582031,21741400,0.0,0.0
2025-06-30 00:00:00-04:00,272.1565010204925,274.060400141214,268.13057824814024,270.4013671875,8541900,0.0,0.0
2025-07-01 00:00:00-04:00,269.79648597277975,271.70038519869985,268.36859938015414,269.6279296875,6256800,0.0,0.0
2025-07-02 00:00:00-04:00,269.2412024769318,269.42961028434075,263.42047248343687,266.9505920410156,6115200,0.0,0.0
2025-07-03 00:00:00-04:00,267.43648616755416,272.42426940105884,267.05967057250007,269.86590576171875,5031800,0.0,0.0
2025-07-07 00:00:00-04:00,269.2312841364686,271.7003764136437,265.9589621760763,267.5356140136719,6283500,0.0,0.0
2025-07-08 00:00:00-04:00,268.51738035597356,274.47692034177624,267.4662789170883,271.3533630371094,6661200,0.0,0.0
2025-07-09 00:00:00-04:00,272.05737212145146,273.24731302023173,267.1092612359074,268.6462707519531,6373600,0.0,0.0
2025-07-10 00:00:00-04:00,268.62644021465525,269.21148495278027,261.00097684212255,261.7546081542969,7244600,0.0,0.0
2025-07-11 00:00:00-04:00,260.3762267744642,260.74314688839905,255.1008990332941,255.9040985107422,7011200,0.0,0.0
2025-07-14 00:00:00-04:00,256.42962686008923,260.0291658223091,255.33885289253013,257.50054931640625,6533900,0.0,0.0
2025-07-15 00:00:00-04:00,258.80950794756774,259.61270744786805,255.0711592824484,255.41819763183594,5201500,0.0,0.0
2025-07-16 00:00:00-04:00,256.7568662425763,256.8064647635435,252.38388962869894,255.7851104736328,5649500,0.0,0.0
2025-07-17 00:00:00-04:00,255.82476122547868,258.01623517741075,254.49601105624748,257.69891357421875,5837400,0.0,0.0
2025-07-18 00:00:00-04:00,258.1153574351595,260.77288788820994,256.94526813218806,260.17791748046875,6381200,0.0,0.0
2025-07-21 00:00:00-04:00,261.4074853689345,262.09169675823466,259.4441224791603,260.0787353515625,6714700,0.0,0.0
2025-07-22 00:00:00-04:00,260.7927019466809,263.6584613718957,259.8010947149445,261.37774658203125,5001400,0.0,0.0
2025-07-23 00:00:00-04:00,261.70500304753335,266.2267297611283,260.29690741429135,264.977294921875,5620700,0.0,0.0
2025-07-24 00:00:00-04:00,265.7309264123049,267.0398250065708,263.4105690379603,265.4532775878906,5877100,0.0,0.0
2025-07-25 00:00:00-04:00,265.76066615693856,268.82472889809685,264.7690589166368,266.8514099121094,4015400,0.0,0.0
2025-07-28 00:00:00-04:00,267.2381670843331,268.07111358413067,264.3525862128273,267.98187255859375,4533700,0.0,0.0
2025-07-29 00:00:00-04:00,269.32053202424413,271.7003833443128,265.0665284979461,265.1458740234375,5137100,0.0,0.0
2025-07-30 00:00:00-04:00,264.6302022584461,265.522642664695,261.1199043816543,262.5874938964844,3928200,0.0,0.0
2025-07-31 00:00:00-04:00,262.77592963555514,262.8156024000277,255.69583911912252,256.1618957519531,7340300,0.0,0.0
2025-08-01 00:00:00-04:00,252.84993562930927,253.84154286952358,248.03072383663869,248.63560485839844,7646900,0.0,0.0
2025-08-04 00:00:00-04:00,248.89341797832662,251.37243608568048,248.53643876563865,250.2023468017578,4403500,0.0,0.0
2025-08-05 00:00:00-04:00,250.88653318528316,251.16418199188794,244.9368899625091,245.41287231445312,6761000,0.0,0.0
2025-08-06 00:00:00-04:00,247.27711482640183,248.15964474410944,244.94684668135346,247.07879638671875,5834700,0.0,0.0
2025-08-07 00:00:00-04:00,248.58601709552786,250.88653798436223,234.98116478875298,238.8583526611328,10010200,0.0,0.0
2025-08-08 00:00:00-04:00,239.26490752535122,240.9109791974381,235.83395490165054,238.491455078125,8812000,0.0,0.0
2025-08-11 00:00:00-04:00,236.9148076776565,239.8400461047398,229.62650330482788,230.7271728515625,10740100,0.0,0.0
2025-08-12 00:00:00-04:00,231.04447878319624,231.70885379491153,224.579195569484,229.71572875976562,13178000,0.0,0.0
2025-08-13 00:00:00-04:00,231.0543993011561,235.35798625481127,227.68294071182618,235.04066467285156,10209200,0.0,0.0
2025-08-14 00:00:00-04:00,235.01091607920839,235.01091607920839,230.91557333270472,231.411376953125,7544800,0.0,0.0
2025-08-15 00:00:00-04:00,234.16804025691314,242.44796664238922,232.660808168228,240.40525817871094,12942800,0.0,0.0
2025-08-18 00:00:00-04:00,237.75767685255275,242.46781133528938,237.48002803034424,241.92242431640625,8809200,0.0,0.0
2025-08-19 00:00:00-04:00,242.94377179649786,246.4143971078764,241.40677756102795,243.9353790283203,8642200,0.0,0.0
2025-08-20 00:00:00-04:00,243.63790160806272,245.4922174796425,242.3983925287271,244.38160705566406,8195100,0.0,0.0
2025-08-21 00:00:00-04:00,242.98343697487053,244.22294605314545,238.0055794106412,243.76681518554688,5646800,0.0,0.0
2025-08-22 00:00:00-04:00,243.71723270760194,247.43575995633137,242.06125038852153,246.20616149902344,6694300,0.0,0.0
2025-08-25 00:00:00-04:00,247.27709900892046,247.27709900892046,244.71875044769482,245.78968811035156,4957700,0.0,0.0
2025-08-26 00:00:00-04:00,244.62950011792034,246.741628355362,240.81182136861082,241.69435119628906,8862300,0.0,0.0
2025-08-27 00:00:00-04:00,243.68747902495997,248.26869962807308,243.54865461670582,248.0604705810547,6506900,0.0,0.0
2025-08-28 00:00:00-04:00,250.3610008855491,253.50439413575714,248.18937852951916,252.393798828125,8461200,0.0,0.0
2025-08-29 00:00:00-04:00,253.2564777867914,255.47769853607184,250.74771273212463,254.09934997558594,7363200,0.0,0.0
2025-09-02 00:00:00-04:00,252.6813804596232,252.8499518856104,246.66231686179464,250.73782348632812,9312500,0.0,0.0
2025-09-03 00:00:00-04:00,252.919335154295,255.8346628024953,248.4471920384133,254.2976837158203,17417900,0.0,0.0
2025-09-04 00:00:00-04:00,238.04522124907393,243.16191801606882,232.65087567742583,241.96206665039062,30967500,0.0,0.0
2025-09-05 00:00:00-04:00,242.77520235564717,249.0223309930399,242.30914574244525,248.65542602539062,13029400,0.0,0.0
2025-09-08 00:00:00-04:00,248.6951222642016,250.81716135263054,245.22449659700382,250.1527862548828,12602200,0.0,0.0
2025-09-09 00:00:00-04:00,249.21073936742002,253.196989586861,249.10166196555122,249.94451904296875,10901900,0.0,0.0
2025-09-10 00:00:00-04:00,250.62875020412568,251.85834872835105,239.70123329789024,240.53419494628906,11363600,0.0,0.0
2025-09-11 00:00:00-04:00,241.65467947914632,245.09555778559684,241.45636105883656,244.21302795410156,6944900,0.0,0.0
2025-09-12 00:00:00-04:00,244.03455979964144,245.51204497612912,239.22525839718975,240.7225799560547,8386400,0.0,0.0
2025-09-15 00:00:00-04:00,241.20847296595255,242.65622626491222,238.81869576891347,240.48460388183594,7244600,0.0,0.0
2025-09-16 00:00:00-04:00,240.4845948654329,240.64324052631798,235.24890978807878,237.30152893066406,8779800,0.0,0.0
2025-09-17 00:00:00-04:00,238.3703549089052,241.38015563699818,237.78429150205213,240.59542846679688,10124000,0.416,0.0
2025-09-18 00:00:00-04:00,242.53241610672924,245.64154100236095,241.33047538172133,242.651611328125,9344400,0.0,0.0
2025-09-19 00:00:00-04:00,244.38002688916262,245.5521536952295,241.72782701521152,245.44288635253906,11813900,0.0,0.0
2025-09-22 00:00:00-04:00,243.64495207790347,248.81028562962007,241.53908893658263,248.0255584716797,7523800,0.0,0.0
2025-09-23 00:00:00-04:00,248.07522628097522,249.68442243069407,242.50262221179068,242.92974853515625,7669800,0.0,0.0
2025-09-24 00:00:00-04:00,244.03236557275451,247.1812325805079,241.39009345595196,244.2509002685547,6707100,0.0,0.0
2025-09-25 00:00:00-04:00,242.87016505520046,243.02910213424315,237.89356712963445,239.3438262939453,8145500,0.0,0.0
2025-09-26 00:00:00-04:00,239.08555611177516,242.8999549260145,238.7478261990409,241.80728149414062,4974600,0.0,0.0
2025-09-29 00:00:00-04:00,243.0886994915912,244.18137296250734,241.25102551516156,243.46617126464844,6373500,0.0,0.0
2025-09-30 00:00:00-04:00,243.41649224222758,243.5754293150353,234.23808090807282,235.42015075683594,10801100,0.0,0.0
2025-10-01 00:00:00-04:00,234.9135667280067,240.85369989534703,231.95342044940543,234.118896484375,10016600,0.0,0.0
2025-10-02 00:00:00-04:00,233.86061378566785,237.80415093508302,232.04282592378343,237.28762817382812,7679200,0.0,0.0
2025-10-03 00:00:00-04:00,237.15848318140038,241.19141663780366,236.91014969115807,238.75775146484375,8849800,0.0,0.0
2025-10-06 00:00:00-04:00,237.73461588037736,248.80035546815884,233.84074861837047,244.14161682128906,13922600,0.0,0.0
2025-10-07 00:00:00-04:00,244.83693705054466,245.71107573860073,235.96647254015522,238.14187622070312,8387400,0.0,0.0
2025-10-08 00:00:00-04:00,238.14189804020245,239.71136757525295,234.0791504706588,238.82728576660156,7120200,0.0,0.0
2025-10-09 00:00:00-04:00,237.6750392742618,244.32044640684796,235.5691608090351,243.69464111328125,7929100,0.0,0.0
2025-10-10 00:00:00-04:00,244.87668699525992,247.38982064948271,239.11534711508082,240.06893920898438,7988300,0.0,0.0
2025-10-13 00:00:00-04:00,241.27087476728906,247.68781854749363,240.75433688588328,247.09181213378906,8276500,0.0,0.0
2025-10-14 00:00:00-04:00,246.4560936245009,246.62495858173162,237.95315720703888,238.17169189453125,9123900,0.0,0.0
2025-10-15 00:00:00-04:00,239.2643408725642,239.71135327046605,234.32746998655438,235.00294494628906,8389200,0.0,0.0
2025-10-16 00:00:00-04:00,251.502226767664,255.02855018612635,241.05234930561232,244.3601531982422,24869700,0.0,0.0
2025-10-17 00:00:00-04:00,244.92636628466883,249.10829384500641,240.5457598030287,241.45962524414062,10851200,0.0,0.0
2025-10-20 00:00:00-04:00,243.3668228990331,253.6974901347749,242.6714921507363,252.5849609375,9963900,0.0,0.0
2025-10-21 00:00:00-04:00,252.803504151519,265.3493174789288,252.3068371492567,261.65411376953125,13354700,0.0,0.0
2025-10-22 00:00:00-04:00,260.4521794514944,260.650828057305,254.80010672855937,254.9292449951172,9370000,0.0,0.0
2025-10-23 00:00:00-04:00,255.8828429735078,256.83643511999617,252.42602976053433,253.34983825683594,6110100,0.0,0.0
2025-10-24 00:00:00-04:00,255.70404842715232,256.7768357955393,252.30683285132295,253.1313018798828,5490800,0.0,0.0
2025-10-27 00:00:00-04:00,255.36628193866443,256.37950198225155,253.22069209738177,253.76702880859375,4942400,0.0,0.0
2025-10-28 00:00:00-04:00,253.76703478712363,257.11456547193757,252.44589876600384,252.56509399414062,6435600,0.0,0.0
2025-10-29 00:00:00-04:00,250.32016137689058,251.87970299102287,247.37988614557347,249.7837677001953,7904200,0.0,0.0
2025-10-30 00:00:00-04:00,248.8301503215196,257.5516210443747,248.33348335480997,254.93914794921875,7767800,0.0,0.0
2025-10-31 00:00:00-04:00,253.1014986048366,260.07470731869716,250.94596570863703,258.6741027832031,6878300,0.0,0.0
2025-11-03 00:00:00-05:00,258.2668364864311,259.8164350802179,253.39950601547787,259.597900390625,7054300,0.0,0.0
2025-11-04 00:00:00-05:00,256.42915700663156,257.5317734711582,251.77043344263768,252.743896484375,6792200,0.0,0.0
2025-11-05 00:00:00-05:00,253.0021595946237,255.11795064781944,250.33008878525933,250.99562072753906,5241200,0.0,0.0
2025-11-06 00:00:00-05:00,248.86988100689206,248.86988100689206,232.91694020508746,237.67501831054688,11041800,0.0,0.0
2025-11-07 00:00:00-05:00,234.5758284443217,239.36370581213535,234.21822758217348,238.28097534179688,5741500,0.0,0.0
2025-11-10 00:00:00-05:00,238.4001471651486,240.29741864070215,233.51294596711185,240.0987548828125,6486600,0.0,0.0
2025-11-11 00:00:00-05:00,240.28747340489429,244.0621453985964,239.5524159917124,242.87014770507812,5762800,0.0,0.0
2025-11-12 00:00:00-05:00,244.10190309241432,246.77395882568126,242.05562231648304,244.38003540039062,4278200,0.0,0.0
2025-11-13 00:00:00-05:00,243.6151629104096,244.26082394601738,238.3107630009449,238.82728576660156,5542100,0.0,0.0
2025-11-14 00:00:00-05:00,236.72142362723048,243.54562337173718,235.83735697159995,242.0357666015625,5512900,0.0,0.0
2025-11-17 00:00:00-05:00,240.4563629000066,241.21129126539054,234.01954782098028,235.449951171875,5280900,0.0,0.0
2025-11-18 00:00:00-05:00,234.66523741105198,236.20489303653312,228.73503202151178,231.94349670410156,8045100,0.0,0.0
2025-11-19 00:00:00-05:00,230.45349323679702,230.73162555055134,223.55975269501266,226.3609619140625,9710700,0.0,0.0
2025-11-20 00:00:00-05:00,227.72181650075206,229.52969163233666,221.8114823100099,223.86767578125,7521100,0.0,0.0
2025-11-21 00:00:00-05:00,223.36106799455348,227.1555957235809,220.48040566182104,225.5960693359375,7479300,0.0,0.0
2025-11-24 00:00:00-05:00,225.82455195092598,227.31455297750702,223.53988067875352,225.3080291748047,8563300,0.0,0.0
2025-11-25 00:00:00-05:00,225.28814473872015,233.065951449845,225.0100124430054,232.55934143066406,10233000,0.0,0.0
2025-11-26 00:00:00-05:00,228.9734038653133,231.2680180268392,224.49347319743302,226.62913513183594,8506600,0.0,0.0
2025-11-28 00:00:00-05:00,227.47349187410222,231.00975858028823,227.1059631348751,229.0032196044922,3691500,0.0,0.0
2025-12-01 00:00:00-05:00,227.14566609018732,232.6884711929492,227.07614059733578,231.27793884277344,5634700,0.0,0.0
2025-12-02 00:00:00-05:00,231.4666794721943,235.07247137583184,230.0760028587697,233.14541625976562,7626200,0.0,0.0
2025-12-03 00:00:00-05:00,233.79108979566874,237.6650863154301,231.605758036904,237.12869262695312,13782000,0.0,0.0
2025-12-04 00:00:00-05:00,242.06555158644403,247.31035360573722,236.016151496486,245.8104248046875,20912100,0.0,0.0
2025-12-05 00:00:00-05:00,249.15798943895115,260.134334069067,247.8368532919327,258.83306884765625,15852400,0.0,0.0
2025-12-08 00:00:00-05:00,260.1342981066347,262.5182935094206,254.6312195688788,257.7999572753906,10805400,0.0,0.0
2025-12-09 00:00:00-05:00,258.26683953180503,260.5018410277533,257.27350553360577,259.280029296875,8045900,0.0,0.0
2025-12-10 00:00:00-05:00,259.0118285064661,264.1572911128101,257.42248811723084,262.4388427734375,8894700,0.0,0.0
2025-12-11 00:00:00-05:00,261.7434937420645,266.11415702445385,259.0316811670522,260.6011657714844,7783800,0.0,0.0
2025-12-12 00:00:00-05:00,261.7633430387785,262.7268781513645,259.17075606477175,260.4819641113281,6006600,0.0,0.0
2025-12-15 00:00:00-05:00,259.468759033079,260.5316336613609,251.40289200910016,252.88296508789062,10271800,0.0,0.0
2025-12-16 00:00:00-05:00,252.3068168853155,254.15441859162476,250.42941637382975,253.21075439453125,6145300,0.0,0.0
2025-12-17 00:00:00-05:00,254.62128807905603,260.223706328179,254.5418346981557,256.41925048828125,6269000,0.0,0.0
2025-12-18 00:00:00-05:00,257.1117077238193,258.75334817895225,254.86313973326446,256.5445861816406,5654200,0.416,0.0
2025-12-19 00:00:00-05:00,259.36026809551663,260.7133987167576,254.2064997708628,258.59417724609375,20732100,0.0,0.0
2025-12-22 00:00:00-05:00,259.30057460108554,263.290283203125,257.10177149732687,263.290283203125,5664200,0.0,0.0
2025-12-23 00:00:00-05:00,261.38994696336636,262.9022408344935,259.2010726049517,262.0963439941406,4745100,0.0,0.0
2025-12-24 00:00:00-05:00,261.8973924752027,264.951827330886,261.2208119420935,263.9171142578125,2076600,0.0,0.0
2025-12-26 00:00:00-05:00,263.45939159438825,266.55366246487364,263.45939159438825,264.73291015625,2456400,0.0,0.0
2025-12-29 00:00:00-05:00,263.36984748352836,267.74756558580185,263.36984748352836,264.8821716308594,4300100,0.0,0.0
2025-12-30 00:00:00-05:00,265.3100049300543,266.9217986247408,263.98672121364575,264.5737609863281,3291800,0.0,0.0
2025-12-31 00:00:00-05:00,263.9469286938932,264.75282548967914,263.0514911833619,263.56884765625,3367900,0.0,0.0
2026-01-02 00:00:00-05:00,263.6583901080786,264.03647114821274,251.2017705962925,252.33599853515625,9680600,0.0,0.0
2026-01-05 00:00:00-05:00,252.33599739410624,258.27577438911044,251.03263193832322,254.962646484375,6421500,0.0,0.0
2026-01-06 00:00:00-05:00,253.90798635903693,262.21570339216413,253.7090019428403,261.5690002441406,6103300,0.0,0.0
2026-01-07 00:00:00-05:00,262.16597425294316,266.4740393315776,262.16597425294316,264.772705078125,5976200,0.0,0.0
2026-01-08 00:00:00-05:00,263.0614317758581,263.8573998812952,259.09164142768844,259.2110290527344,5243500,0.0,0.0
2026-01-09 00:00:00-05:00,258.6836867262742,259.70847088608986,255.21136541678644,258.6239929199219,5174400,0.0,0.0
2026-01-12 00:00:00-05:00,257.68879257799307,260.2358299520341,254.47514895227252,258.0867614746094,4927700,0.0,0.0
2026-01-13 00:00:00-05:00,256.35556599825145,259.5891124457121,239.1431464877683,239.839599609375,13661000,0.0,0.0
2026-01-14 00:00:00-05:00,237.9691070776633,241.01362810825754,235.26289146414467,238.35714721679688,10149300,0.0,0.0
2026-01-15 00:00:00-05:00,235.82005408936993,237.63083216537777,230.49713321363143,232.34771728515625,11489600,0.0,0.0
2026-01-16 00:00:00-05:00,231.77065077031696,231.77065077031696,225.29361413959407,225.96022033691406,13902600,0.0,0.0
2026-01-20 00:00:00-05:00,222.40827474662683,226.7860079240682,218.24944416867262,218.9558563232422,13050800,0.0,0.0
2026-01-21 00:00:00-05:00,219.0354531203157,222.2590556230766,217.85149041771174,220.45822143554688,12616600,0.0,0.0
2026-01-22 00:00:00-05:00,221.1148825581443,227.56207234781587,219.99059849237156,226.9352569580078,9483000,0.0,0.0
2026-01-23 00:00:00-05:00,225.631887371227,229.68128960740884,225.50254065972533,226.8954620361328,9408000,0.0,0.0
2026-01-26 00:00:00-05:00,228.2684638486727,229.78077283788318,226.4377828089404,228.23861694335938,7239600,0.0,0.0
2026-01-27 00:00:00-05:00,230.76577162679038,234.5465365970097,225.12447866823874,227.37303161621094,9838400,0.0,0.0
2026-01-28 00:00:00-05:00,228.22867657571544,230.68617302822608,226.5173831306909,226.80592346191406,8465900,0.0,0.0
2026-01-29 00:00:00-05:00,215.57306934234734,216.1799817205514,207.7230144205324,212.99618530273438,18555600,0.0,0.0
2026-01-30 00:00:00-05:00,213.07578362115376,214.4587459115801,209.96162489992233,211.21524047851562,11090400,0.0,0.0
2026-02-02 00:00:00-05:00,213.2648234781596,215.79195762501485,208.73785557506747,209.74273681640625,7950900,0.0,0.0
2026-02-03 00:00:00-05:00,203.96215839054668,204.51932088198188,192.13235381115655,195.38580322265625,20194200,0.0,0.0
2026-02-04 00:00:00-05:00,192.33132733492616,199.65406648164677,186.33185662106087,198.4302978515625,23010000,0.0,0.0
2026-02-05 00:00:00-05:00,193.00790751721436,198.54970082096247,187.83422100387264,189.0082550048828,21956300,0.0,0.0
2026-02-06 00:00:00-05:00,190.6598526107087,193.614817806995,186.17267536666094,190.3812713623047,13652600,0.0,0.0
2026-02-09 00:00:00-05:00,188.34164940956356,194.21177388952142,184.78971566942653,193.04769897460938,12112000,0.0,0.0
2026-02-10 00:00:00-05:00,190.92847090617403,198.09203195316294,189.7842990292034,192.4706268310547,13393000,0.0,0.0
2026-02-11 00:00:00-05:00,192.17213318074323,192.6895048269234,180.8895478564994,184.0634002685547,16350200,0.0,0.0
2026-02-12 00:00:00-05:00,185.01855696072852,187.36660972255456,179.32751408344743,184.49122619628906,16849100,0.0,0.0
2026-02-13 00:00:00-05:00,185.4961280832271,192.4706336714869,183.36696269123988,188.759521484375,14822900,0.0,0.0
2026-02-17 00:00:00-05:00,190.00318391536615,192.02290548914857,182.24266967276117,183.35699462890625,13692900,0.0,0.0
2026-02-18 00:00:00-05:00,182.94908565557333,187.1875133215944,180.93930794808088,186.8392791748047,9852900,0.0,0.0
2026-02-19 00:00:00-05:00,185.65532471483155,186.00354369553665,182.30237535695642,184.35194396972656,9565100,0.0,0.0
2026-02-20 00:00:00-05:00,184.38178882736634,190.75932542059104,182.79982697292309,184.22259521484375,10816200,0.0,0.0
2026-02-23 00:00:00-05:00,180.3522971382107,181.54621891828097,173.6862199497409,177.25804138183594,15498600,0.0,0.0
2026-02-24 00:00:00-05:00,176.74068088999576,187.71483930683232,175.3875654052501,184.48129272460938,15564700,0.0,0.0
2026-02-25 00:00:00-05:00,182.07353407400996,191.6249386554261,181.33727497360252,190.77923583984375,21875100,0.0,0.0
2026-02-26 00:00:00-05:00,195.76385728556096,200.02218770640036,190.36135504465778,198.46014404296875,26680500,0.0,0.0
2026-02-27 00:00:00-05:00,190.93843889578375,194.92813237973576,188.95850801668388,193.80384826660156,16346500,0.0,0.0
2026-03-02 00:00:00-05:00,191.52542579297662,194.94801245437512,189.7146326619775,191.97314453125,9932700,0.0,0.0
2026-03-03 00:00:00-05:00,189.7843086141992,197.66421098231984,188.62023368065707,195.05747985839844,13208900,0.0,0.0
2026-03-04 00:00:00-05:00,194.11228627607576,195.4753456100833,191.12747417658636,192.10250854492188,11583700,0.0,0.0
2026-03-05 00:00:00-05:00,193.37602908063636,203.385096657981,193.25664145356333,200.3704376220703,15860900,0.0,0.0
2026-03-06 00:00:00-05:00,199.7734673796906,201.9324948273444,196.37078340395692,201.0867919921875,9657400,0.0,0.0
2026-03-09 00:00:00-04:00,197.5547685014358,202.63889924293775,194.8783844557345,197.78359985351562,10754800,0.0,0.0
2026-03-10 00:00:00-04:00,196.2613420240266,198.55966012327272,189.6350706142157,193.92324829101562,14467400,0.0,0.0
2026-03-11 00:00:00-04:00,195.40569849623307,198.53976040246795,190.32156779555592,193.14720153808594,9580000,0.0,0.0
2026-03-12 00:00:00-04:00,193.14718190935727,203.8228548323795,192.17213242968643,198.27110290527344,26309700,0.0,0.0
2026-03-13 00:00:00-04:00,198.7188368100057,199.98241152169524,190.77924084221425,191.85377502441406,14834700,0.0,0.0
2026-03-16 00:00:00-04:00,194.16200877766246,197.62440152583858,194.16200877766246,197.3358612060547,13419600,0.0,0.0
2026-03-17 00:00:00-04:00,197.2164841210229,201.35542716975343,193.4655660342646,194.3212127685547,11559300,0.0,0.0
2026-03-18 00:00:00-04:00,192.4208813209107,195.15695908891587,191.6647343849253,193.3561248779297,10525100,0.0,0.0
2026-03-19 00:00:00-04:00,194.5997914321279,199.38543762680524,192.32139159468133,194.00283813476562,9254300,0.0,0.0
2026-03-20 00:00:00-04:00,192.23184176984265,194.6793790179939,189.03808636764919,194.39085388183594,20201100,0.0,0.0
2026-03-23 00:00:00-04:00,196.09219798916334,197.04734452173435,191.0279705387624,194.19186401367188,13976200,0.0,0.0
2026-03-24 00:00:00-04:00,191.16726893579764,191.16726893579764,181.36712960098163,182.09344482421875,18631400,0.0,0.0
2026-03-25 00:00:00-04:00,184.75985899559834,186.4413055109877,178.93948472871847,181.03880310058594,12565200,0.0,0.0
2026-03-26 00:00:00-04:00,180.26275252839085,186.52091733450015,178.621111875675,184.70018005371094,10330700,0.0,0.0
2026-03-27 00:00:00-04:00,183.06848048634785,183.17792420694366,177.91471207283868,178.4022216796875,9902000,0.0,0.0
2026-03-30 00:00:00-04:00,179.18821288326532,185.44636178828011,178.67084123908901,184.09324645996094,11617700,0.0,0.0
2026-03-31 00:00:00-04:00,183.96390178610653,187.54568215991932,181.38701780742542,185.72494506835938,11041400,0.0,0.0
2026-04-01 00:00:00-04:00,185.904046779924,188.02325297618086,182.08347588248927,185.29713439941406,11677700,0.0,0.0
2026-04-02 00:00:00-04:00,184.36188899597133,186.63034487798376,180.66072093973236,186.23236083984375,11635500,0.0,0.0
2026-04-06 00:00:00-04:00,186.55074279287547,187.18750205434696,182.670493415399,184.09324645996094,14391000,0.0,0.0
2026-04-07 00:00:00-04:00,184.01366814096977,185.635420952666,181.09850886120205,182.03375244140625,12344600,0.0,0.0
2026-04-08 00:00:00-04:00,185.5558168284281,185.82445416528418,174.89008716135405,175.4770965576172,13472100,0.0,0.0
2026-04-09 00:00:00-04:00,172.72420647519016,173.84131838786436,166.6897779521393,170.41018676757812,20855400,0.44,0.0
2026-04-10 00:00:00-04:00,170.81910867689837,170.81910867689837,163.09904400673946,164.53533935546875,18109300,0.0,0.0
2026-04-13 00:00:00-04:00,166.619956593861,172.95360029090386,165.3432529892489,172.37510681152344,12390800,0.0,0.0
2026-04-14 00:00:00-04:00,174.7589572577855,177.043055331393,170.06107568452117,170.86898803710938,13123600,0.0,0.0
2026-04-15 00:00:00-04:00,173.77150333531898,179.15759592410797,172.43495657566135,177.14280700683594,14340300,0.0,0.0
2026-04-16 00:00:00-04:00,183.52632111625425,184.07490827218808,178.110307097372,180.75347900390625,11866700,0.0,0.0
2026-04-17 00:00:00-04:00,184.95263583877443,187.49607435707364,180.56396895114642,181.67111206054688,17225700,0.0,0.0
2026-04-20 00:00:00-04:00,182.03018257545776,188.5134493521179,181.65115595519515,185.7904815673828,14382300,0.0,0.0
2026-04-21 00:00:00-04:00,186.11962956244392,193.0617034585096,183.6260654751631,186.62831115722656,12073700,0.0,0.0
2026-04-22 00:00:00-04:00,187.71551415547867,190.6579169337777,186.5485279099638,189.3114013671875,14565900,0.0,0.0
2026-04-23 00:00:00-04:00,177.1028943275062,178.40951948170152,170.21067949758992,172.85386657714844,22719900,0.0,0.0
2026-04-24 00:00:00-04:00,175.1678853418476,177.99060171835484,173.95102484824358,177.70135498046875,10817600,0.0,0.0
2026-04-27 00:00:00-04:00,177.80110048089864,183.81557625727,177.0530312030464,179.71615600585938,11907000,0.0,0.0
2026-04-28 00:00:00-04:00,181.96035356599296,183.94523608351813,180.8532257080078,180.8532257080078,8711700,0.0,0.0
2026-04-29 00:00:00-04:00,178.73867491279825,181.3120349373997,176.89344657675792,180.75347900390625,6882800,0.0,0.0
2026-04-30 00:00:00-04:00,177.84099390142072,178.2299892905901,172.55463498794632,176.07554626464844,14408300,0.0,0.0
2026-05-01 00:00:00-04:00,181.72099297636592,185.56107283738152,178.28984609060575,183.3468017578125,12324400,0.0,0.0
2026-05-04 00:00:00-04:00,183.76570439500526,189.8200700827938,183.4963952122052,185.00250244140625,8444700,0.0,0.0
2026-05-05 00:00:00-04:00,185.07234103647374,186.90760066542114,180.63379973078258,186.50863647460938,9740800,0.0,0.0
2026-05-06 00:00:00-04:00,185.04241142277664,186.61834578100024,179.11770060829897,180.7235565185547,11303400,0.0,0.0
2026-05-07 00:00:00-04:00,184.124779650284,188.09452944504443,183.52631817712086,185.86029052734375,13955100,0.0,0.0
2026-05-08 00:00:00-04:00,179.2174384093688,181.40180307799002,176.424658688263,181.35194396972656,15123900,0.0,0.0
2026-05-11 00:00:00-04:00,179.44684925985885,182.03017799627492,175.85611089377323,177.0330810546875,11145000,0.0,0.0
2026-05-12 00:00:00-04:00,177.12285121084105,177.12285121084105,170.1408715639692,170.86898803710938,10214000,0.0,0.0
2026-05-13 00:00:00-04:00,169.34293028258335,169.34293028258335,164.32588034308353,165.41307067871094,11951900,0.0,0.0
2026-05-14 00:00:00-04:00,165.57265575496632,168.91403772698095,163.90695676738676,167.14859008789062,9749400,0.0,0.0
2026-05-15 00:00:00-04:00,168.81429606378455,175.5169978399782,168.56493964419258,173.06332397460938,13883400,0.0,0.0
2026-05-18 00:00:00-04:00,172.44492791304103,180.31461604297994,171.35773755745888,179.01795959472656,13671200,0.0,0.0
2026-05-19 00:00:00-04:00,184.5237517741468,186.9574728813163,178.34968434723106,178.95811462402344,17510800,0.0,0.0
2026-05-20 00:00:00-04:00,175.58680682610913,179.84581866392838,172.89376058285282,179.63636779785156,13025300,0.0,0.0
2026-05-21 00:00:00-04:00,174.9285262709738,176.8834721439062,171.54725371549097,175.8561248779297,10949100,0.0,0.0
2026-05-22 00:00:00-04:00,179.37702645340687,182.87800024900952,177.22258338219103,179.6064453125,10176700,0.0,0.0
2026-05-26 00:00:00-04:00,177.97065222996923,181.89054296636203,177.22258298908204,178.61898803710938,13617200,0.0,0.0
2026-05-27 00:00:00-04:00,177.54176834680115,183.44652645648864,176.4346252500155,177.0530242919922,18524900,0.0,0.0
2026-05-28 00:00:00-04:00,177.97065294973012,182.01022991075956,171.20810820232109,175.7164764404297,22559400,0.0,0.0
2026-05-29 00:00:00-04:00,179.77600433561167,193.64021475971825,179.55656947541652,190.60804748535156,33998900,0.0,0.0
2026-06-01 00:00:00-04:00,198.23835028616782,210.79593571576444,197.69974712536995,209.0604248046875,27594800,0.0,0.0
2026-06-02 00:00:00-04:00,200.50251206369967,203.86383169496713,195.25604330898832,200.32296752929688,19216600,0.0,0.0
2026-06-03 00:00:00-04:00,196.76216711815474,197.1711000779736,189.24156900766266,190.1193084716797,14154400,0.0,0.0
2026-06-04 00:00:00-04:00,197.30077344378492,197.58005141962244,185.63089590640553,188.26409912109375,14453600,0.0,0.0
2026-06-05 00:00:00-04:00,189.311394256529,192.01440928569218,184.35418748403288,185.1820526123047,13183900,0.0,0.0
2026-06-08 00:00:00-04:00,183.4365624142317,184.54370553959797,181.24222893877382,182.08006286621094,11177800,0.0,0.0
2026-06-09 00:00:00-04:00,179.03791597928875,181.99030279452822,171.1183533610167,174.8986053466797,15427800,0.0,0.0
2026-06-10 00:00:00-04:00,170.16082742346865,175.07812872997366,169.59228747941,170.47999572753906,10820500,0.0,0.0
2026-06-11 00:00:00-04:00,168.27000427246094,168.97999572753906,163.30999755859375,166.4499969482422,16666000,0.44,0.0
2026-06-12 00:00:00-04:00,164.74000549316406,166.5399932861328,161.39999389648438,165.88999938964844,13589400,0.0,0.0
2026-06-15 00:00:00-04:00,166.02999877929688,169.9499969482422,164.1699981689453,164.5500030517578,13541800,0.0,0.0
2026-06-16 00:00:00-04:00,164.05999755859375,166.3000030517578,160.5,161.7100067138672,16385300,0.0,0.0
2026-06-17 00:00:00-04:00,160.25,161.42999267578125,154.22999572753906,155.02000427246094,19986200,0.0,0.0
2026-06-18 00:00:00-04:00,152.72999572753906,154.47000122070312,149.8000030517578,151.77999877929688,57940800,0.0,0.0
2026-06-22 00:00:00-04:00,150.16000366210938,153.8699951171875,146.32000732421875,150.1199951171875,20502800,0.0,0.0
2026-06-23 00:00:00-04:00,151.64999389648438,155.17999267578125,150.85000610351562,153.4199981689453,20720700,0.0,0.0
2026-06-24 00:00:00-04:00,151.80999755859375,157.05999755859375,150.39999389648438,152.75999450683594,13146800,0.0,0.0
2026-06-25 00:00:00-04:00,150.00999450683594,154.0,148.77999877929688,150.19000244140625,11324700,0.0,0.0
2026-06-26 00:00:00-04:00,151.49000549316406,158.4600067138672,151.49000549316406,158.3699951171875,21267900,0.0,0.0
2026-06-29 00:00:00-04:00,160.27000427246094,161.75999450683594,157.6999969482422,157.92999267578125,12664100,0.0,0.0
2026-06-30 00:00:00-04:00,155.08999633789062,157.69000244140625,154.07000732421875,156.66000366210938,13690500,0.0,0.0
2026-07-01 00:00:00-04:00,162.22000122070312,165.80999755859375,161.1999969482422,163.22999572753906,14164600,0.0,0.0
2026-07-02 00:00:00-04:00,163.0,167.2100067138672,162.0,166.11000061035156,10486300,0.0,0.0
2026-07-06 00:00:00-04:00,163.99000549316406,167.72000122070312,162.3699951171875,165.64999389648438,10595500,0.0,0.0
2026-07-07 00:00:00-04:00,169.22000122070312,172.3800048828125,167.67999267578125,169.52000427246094,13057900,0.0,0.0
2026-07-08 00:00:00-04:00,167.3699951171875,167.52999877929688,164.77999877929688,166.5800018310547,9792400,0.0,0.0
2026-07-09 00:00:00-04:00,158.3300018310547,163.8000030517578,156.47999572753906,162.5,13858600,0.0,0.0
2026-07-10 00:00:00-04:00,165.60000610351562,166.3000030517578,162.4199981689453,163.32000732421875,8321500,0.0,0.0
2026-07-13 00:00:00-04:00,165.9199981689453,172.75999450683594,165.9199981689453,171.22000122070312,14020700,0.0,0.0
2026-07-14 00:00:00-04:00,162.49000549316406,171.35000610351562,161.47000122070312,167.55999755859375,13507900,0.0,0.0
2026-07-15 00:00:00-04:00,170.52000427246094,172.8000030517578,166.55999755859375,167.0,13328100,0.0,0.0
2026-07-16 00:00:00-04:00,170.83999633789062,174.5399932861328,166.8800048828125,172.67999267578125,12057500,0.0,0.0
2026-07-17 00:00:00-04:00,171.5,175.42999267578125,169.75,170.77000427246094,10191500,0.0,0.0
2026-07-20 00:00:00-04:00,167.86000061035156,175.38999938964844,166.5,173.7899932861328,13426500,0.0,0.0
2026-07-21 00:00:00-04:00,167.05999755859375,172.42999267578125,166.92999267578125,170.05999755859375,12831800,0.0,0.0
2026-07-22 00:00:00-04:00,169.47000122070312,169.57000732421875,162.2100067138672,163.0,12194500,0.0,0.0
2026-07-23 00:00:00-04:00,165.0500030517578,165.8800048828125,155.14999389648438,156.92999267578125,12775000,0.0,0.0
2026-07-24 00:00:00-04:00,160.3800048828125,164.4499969482422,159.5500030517578,163.66000366210938,10899100,0.0,0.0
2026-07-27 00:00:00-04:00,168.0,176.9499969482422,167.13999938964844,173.60000610351562,17312000,0.0,0.0
2026-07-28 00:00:00-04:00,176.91000366210938,184.5399932861328,176.91000366210938,181.5,17204600,0.0,0.0
2026-07-29 00:00:00-04:00,182.00999450683594,190.17999267578125,182.00999450683594,188.3800048828125,18139500,0.0,0.0
2026-07-30 00:00:00-04:00,180.99000549316406,182.50999450683594,175.89999389648438,180.7100067138672,12182400,0.0,0.0
2026-07-31 00:00:00-04:00,177.6999969482422,184.4499969482422,177.02999877929688,184.02000427246094,9691500,0.0,0.0
2026-08-03 00:00:00-04:00,188.99000549316406,193.6999969482422,185.89999389648438,185.9499969482422,12908000,0.0,0.0
2026-08-04 00:00:00-04:00,183.08999633789062,191.2899932861328,183.0,190.99000549316406,9326900,0.0,0.0
2026-08-05 00:00:00-04:00,193.27999877929688,194.94000244140625,190.42999267578125,192.97999572753906,9605500,0.0,0.0
2026-08-06 00:00:00-04:00,183.44000244140625,187.02000427246094,183.0,186.77000427246094,13297600,0.0,0.0
2026-08-07 00:00:00-04:00,191.08999633789062,194.6999969482422,190.60000610351562,192.74000549316406,11392800,0.0,0.0
2026-08-10 00:00:00-04:00,190.1699981689453,198.17999267578125,190.0,197.50999450683594,9706600,0.0,0.0
2026-08-11 00:00:00-04:00,196.94000244140625,199.38999938964844,195.5,197.47000122070312,11171600,0.0,0.0
2026-08-12 00:00:00-04:00,192.0,196.5,191.77999877929688,193.32000732421875,12787900,0.0,0.0
2026-08-13 00:00:00-04:00,196.83999633789062,202.99000549316406,191.38999938964844,201.3699951171875,15058700,0.0,0.0
2026-08-14 00:00:00-04:00,202.75,204.39999389648438,195.32000732421875,196.2100067138672,8664800,0.0,0.0
2026-08-17 00:00:00-04:00,193.8300018310547,194.94000244140625,189.91000366210938,190.97000122070312,14378800,0.0,0.0
2026-08-18 00:00:00-04:00,194.08999633789062,199.41000366210938,193.22999572753906,196.13999938964844,14152900,0.0,0.0
2026-08-19 00:00:00-04:00,194.2100067138672,207.9499969482422,194.2100067138672,206.08999633789062,17843600,0.0,0.0
2026-08-20 00:00:00-04:00,205.22000122070312,207.8800048828125,203.0,205.42999267578125,11482300,0.0,0.0
2026-08-21 00:00:00-04:00,205.5800018310547,211.07000732421875,204.72999572753906,209.1699981689453,9685400,0.0,0.0
2026-08-24 00:00:00-04:00,208.4199981689453,213.1699981689453,207.38999938964844,209.05999755859375,9580200,0.0,0.0
2026-08-25 00:00:00-04:00,205.85000610351562,210.30999755859375,204.75999450683594,205.69000244140625,10081800,0.0,0.0
2026-08-26 00:00:00-04:00,199.94000244140625,206.44000244140625,198.9499969482422,205.6199951171875,14888900,0.0,0.0
2026-08-27 00:00:00-04:00,230.0500030517578,254.47999572753906,230.0500030517578,252.0500030517578,55517500,0.0,0.0
2026-08-28 00:00:00-04:00,250.47000122070312,263.5299987792969,249.0,256.0,34320234,0.0,0.0
