Date,Open,High,Low,Close,Volume,Dividends,Stock Splits
2021-08-16 00:00:00-04:00,48.954704136773394,49.067744348377104,48.63297787590664,48.937313079833984,14407400,0.0,0.0
2021-08-17 00:00:00-04:00,48.58080345817468,48.71123472337005,48.37211741426793,48.702537536621094,11987500,0.0,0.0
2021-08-18 00:00:00-04:00,48.51124683526354,48.81558205826814,47.85039989816047,47.95474624633789,17111700,0.0,0.0
2021-08-19 00:00:00-04:00,47.61562334056592,49.9894512358658,47.46780432980633,49.798152923583984,39881600,0.0,0.0
2021-08-20 00:00:00-04:00,49.780762318942756,50.72855338485697,49.43294780563284,50.624210357666016,21876500,0.0,0.0
2021-08-23 00:00:00-04:00,50.302478350193425,51.041583326143034,50.206832514792644,50.90245819091797,16225400,0.0,0.0
2021-08-24 00:00:00-04:00,50.85898169610911,51.67634144270252,50.806808527048105,51.580692291259766,17658300,0.0,0.0
2021-08-25 00:00:00-04:00,51.77199439484551,52.40675307183173,51.45026480419099,51.606781005859375,18069600,0.0,0.0
2021-08-26 00:00:00-04:00,51.667651519119325,51.85025597799975,51.29375536447253,51.476356506347656,13729400,0.0,0.0
2021-08-27 00:00:00-04:00,51.53721890269609,51.60677981460686,51.180710522015254,51.3198356628418,14795200,0.0,0.0
2021-08-30 00:00:00-04:00,51.28505030491721,51.493739661461206,51.12853411676042,51.41548156738281,11798600,0.0,0.0
2021-08-31 00:00:00-04:00,51.398093761869546,51.45896080366835,50.93724235482004,51.3198356628418,19873900,0.0,0.0
2021-09-01 00:00:00-04:00,51.31983199699184,51.424175015907124,51.006799623241214,51.337223052978516,11629700,0.0,0.0
2021-09-02 00:00:00-04:00,51.606781830498555,51.92851142629409,51.35461978334129,51.76329803466797,12855700,0.0,0.0
2021-09-03 00:00:00-04:00,51.58938591335793,51.8763300308549,51.54590661697556,51.667640686035156,9732200,0.0,0.0
2021-09-07 00:00:00-04:00,51.51112959851691,51.62416648539293,51.08505702512316,51.198097229003906,15503600,0.0,0.0
2021-09-08 00:00:00-04:00,50.91115259992689,51.24157604346307,50.85898274679296,51.024192810058594,13124500,0.0,0.0
2021-09-09 00:00:00-04:00,50.82420004239949,51.250269317395315,50.650292794297066,50.954627990722656,14958800,0.0,0.0
2021-09-10 00:00:00-04:00,51.08506005660697,51.2589673074347,50.276394159712204,50.33726119995117,13622100,0.0,0.0
2021-09-13 00:00:00-04:00,50.57203629984634,50.893762562970004,50.198136865538444,50.51986312866211,13553200,0.0,0.0
2021-09-14 00:00:00-04:00,50.64159573006637,50.84158789181692,50.13726507408307,50.31986618041992,12810300,0.0,0.0
2021-09-15 00:00:00-04:00,50.241618501513024,51.82416838507225,49.61555696189965,50.050323486328125,37524600,0.0,0.0
2021-09-16 00:00:00-04:00,50.702468446813256,51.1459288000368,49.67641928146699,49.85032653808594,24029600,0.0,0.0
2021-09-17 00:00:00-04:00,49.90250152693428,49.954674704388836,49.102532707996616,49.432952880859375,40262700,0.0,0.0
2021-09-20 00:00:00-04:00,49.02426286230023,49.04165391728776,48.076471926009596,48.59819030761719,21897000,0.0,0.0
2021-09-21 00:00:00-04:00,48.65905818862537,49.015566529564374,48.02429959705128,48.050384521484375,18700600,0.0,0.0
2021-09-22 00:00:00-04:00,48.485160067729524,48.8068896755764,48.14604271832819,48.27647399902344,17940600,0.0,0.0
2021-09-23 00:00:00-04:00,48.43298745300111,49.47642768817089,48.346032165150675,49.2938232421875,16262500,0.0,0.0
2021-09-24 00:00:00-04:00,49.0851412743,49.398173702628,48.885149071091625,49.328609466552734,13156400,0.0,0.0
2021-09-27 00:00:00-04:00,49.093829329522904,49.27643045208105,48.73732095438345,48.8851432800293,13859500,0.0,0.0
2021-09-28 00:00:00-04:00,48.50255112628924,48.68515558266364,48.18082483544762,48.27647399902344,17803200,0.0,0.0
2021-09-29 00:00:00-04:00,48.3634180328833,48.676450401543505,48.11994988703857,48.24168395996094,14051700,0.0,0.0
2021-09-30 00:00:00-04:00,48.519941239383684,48.60689653048785,47.31129088757995,47.32868194580078,18538000,0.0,0.0
2021-10-01 00:00:00-04:00,47.47650012394518,48.180823042885805,46.98956377041054,47.946048736572266,18338000,0.0,0.0
2021-10-04 00:00:00-04:00,47.709680292069486,47.867253815233,47.22820712214214,47.47332000732422,17084100,0.37,0.0
2021-10-05 00:00:00-04:00,47.3857888541842,48.173653267074876,47.3857888541842,47.876014709472656,14135000,0.0,0.0
2021-10-06 00:00:00-04:00,47.578376324507,47.60464080928788,46.379069487793416,47.219459533691406,26339200,0.0,0.0
2021-10-07 00:00:00-04:00,47.700925679239134,48.506298461953484,47.578365902406006,48.16489028930664,14725500,0.0,0.0
2021-10-08 00:00:00-04:00,48.32246657454628,48.4100059378875,47.92853276068551,48.2174186706543,9255500,0.0,0.0
2021-10-11 00:00:00-04:00,48.36624298503359,48.480046844739924,48.05985183130088,48.08611297607422,8117600,0.0,0.0
2021-10-12 00:00:00-04:00,48.13864679637994,48.199925037553676,47.33327037901785,47.51710510253906,14241900,0.0,0.0
2021-10-13 00:00:00-04:00,47.552110153738276,47.92853544815535,47.34201433417372,47.81473159790039,13737100,0.0,0.0
2021-10-14 00:00:00-04:00,48.22618236066597,48.891490357517355,48.12988703520028,48.71641159057617,14455900,0.0,0.0
2021-10-15 00:00:00-04:00,48.926497596388735,48.926497596388735,48.112368804248305,48.36623764038086,15202200,0.0,0.0
2021-10-18 00:00:00-04:00,48.18241163074842,48.57634552670486,47.77096919059244,48.313720703125,10989600,0.0,0.0
2021-10-19 00:00:00-04:00,48.40125885969889,48.83020646418967,48.173651145982404,48.79519271850586,13258400,0.0,0.0
2021-10-20 00:00:00-04:00,48.847715614758755,49.22414093570276,48.847715614758755,49.197879791259766,11613600,0.0,0.0
2021-10-21 00:00:00-04:00,49.05780203291639,49.12783284635989,48.61134265699182,48.751407623291016,12619900,0.0,0.0
2021-10-22 00:00:00-04:00,48.628856914401005,48.900234279514976,48.09485812401591,48.24367904663086,15026600,0.0,0.0
2021-10-25 00:00:00-04:00,48.243685907563915,48.51505997185851,47.981064444944316,48.26994705200195,10218900,0.0,0.0
2021-10-26 00:00:00-04:00,48.63761644025314,49.32918546525961,48.49755144715416,48.856468200683594,15250000,0.0,0.0
2021-10-27 00:00:00-04:00,49.13659683311566,49.65308710707819,48.96151476171242,49.18036651611328,16279000,0.0,0.0
2021-10-28 00:00:00-04:00,49.22413895672324,49.62682540592087,48.92650042048739,49.23289489746094,11209200,0.0,0.0
2021-10-29 00:00:00-04:00,49.30292740286236,49.53053511800122,48.900240939971226,48.99653625488281,13550400,0.0,0.0
2021-11-01 00:00:00-04:00,48.90900067230497,49.2416563524775,48.58510093444446,49.11034393310547,14341400,0.0,0.0
2021-11-02 00:00:00-04:00,49.34670097377606,50.659811721748696,49.26791419532117,50.44095993041992,22097900,0.0,0.0
2021-11-03 00:00:00-04:00,50.40594207696767,50.712333224111745,50.00325227576153,50.467220306396484,13219400,0.0,0.0
2021-11-04 00:00:00-04:00,50.423441261621754,50.502228024256674,49.51302053045588,50.00324630737305,18070400,0.0,0.0
2021-11-05 00:00:00-04:00,50.23086150988857,50.59853089758438,49.836927637776526,49.9594841003418,15637700,0.0,0.0
2021-11-08 00:00:00-05:00,49.98574035649347,50.35341304764223,49.53928423804086,49.89820098876953,15045300,0.0,0.0
2021-11-09 00:00:00-05:00,49.9594789350094,50.44970807399862,49.81066134282736,50.28337860107422,14459800,0.0,0.0
2021-11-10 00:00:00-05:00,50.68606182985045,51.325108478528264,50.502223839327826,50.57225799560547,17876300,0.0,0.0
2021-11-11 00:00:00-05:00,50.39717202792852,50.572254065604525,49.626813065801386,49.68809127807617,17440700,0.0,0.0
2021-11-12 00:00:00-05:00,49.8719396793775,50.029513212283334,49.294171171860356,49.74062728881836,16663600,0.0,0.0
2021-11-15 00:00:00-05:00,49.83692490779917,50.51098875439729,49.7493855363087,50.13456344604492,19041800,0.0,0.0
2021-11-16 00:00:00-05:00,50.108300146484936,50.84364218936963,49.8369227634802,49.89820098876953,21136900,0.0,0.0
2021-11-17 00:00:00-05:00,49.556782254378255,50.02074681571936,49.259143792152685,49.68809127807617,31496300,0.0,0.0
2021-11-18 00:00:00-05:00,46.160214273613164,47.21070342261108,44.71579461572736,46.948081970214844,70834000,0.0,0.0
2021-11-19 00:00:00-05:00,46.87805039146418,47.00060685339166,46.20398651144988,46.61542892456055,30030800,0.0,0.0
2021-11-22 00:00:00-05:00,46.70297081303135,48.611358695636646,46.65920112276144,47.7972297668457,39949300,0.0,0.0
2021-11-23 00:00:00-05:00,47.80597406886036,48.65511987888451,47.68341763017904,48.410003662109375,25653100,0.0,0.0
2021-11-24 00:00:00-05:00,48.278697546577035,48.803940412561495,48.278697546577035,48.6201057434082,19328700,0.0,0.0
2021-11-26 00:00:00-05:00,47.67466675676896,48.313713497381805,47.67466675676896,47.85850143432617,16730300,0.0,0.0
2021-11-29 00:00:00-05:00,48.26995444255012,49.189131372159224,47.99858033670581,48.812705993652344,25724500,0.0,0.0
2021-11-30 00:00:00-05:00,48.655123058663335,48.67262826012255,47.40329077132832,48.007320404052734,45141300,0.0,0.0
2021-12-01 00:00:00-05:00,48.61134850933811,49.35544644565734,48.08610565733492,48.17364501953125,24120500,0.0,0.0
2021-12-02 00:00:00-05:00,48.27870285565199,49.556796418998566,48.2174246258623,49.154109954833984,22384700,0.0,0.0
2021-12-03 00:00:00-05:00,49.28541457680928,49.74062662811145,48.73390721896454,49.22413635253906,26235400,0.0,0.0
2021-12-06 00:00:00-05:00,49.63557391924626,50.047012908201374,49.43423072477622,49.86317825317383,23172800,0.0,0.0
2021-12-07 00:00:00-05:00,49.98574508907273,50.966203465355946,49.906958314896634,50.84364700317383,24254800,0.0,0.0
2021-12-08 00:00:00-05:00,50.84364701108857,50.88741669910141,49.5743060222375,49.915714263916016,23631300,0.0,0.0
2021-12-09 00:00:00-05:00,50.073289467911444,50.624796905464954,49.83692913753137,50.37968063354492,16480200,0.0,0.0
2021-12-10 00:00:00-05:00,50.69482841944216,51.946660923356006,50.69482841944216,51.86787414550781,19901500,0.0,0.0
2021-12-13 00:00:00-05:00,51.736557157777604,52.095473927455785,51.246331329580876,51.30760955810547,18496300,0.0,0.0
2021-12-14 00:00:00-05:00,51.07123967114037,51.23756578318121,50.222093893042,50.57225799560547,19114200,0.0,0.0
2021-12-15 00:00:00-05:00,50.703583494492214,52.55069322347269,50.68607828915071,52.46315383911133,27953900,0.0,0.0
2021-12-16 00:00:00-05:00,52.568195355433154,53.18973359105236,52.41062181127433,52.79580307006836,24599300,0.0,0.0
2021-12-17 00:00:00-05:00,52.76077502404547,53.22473961911955,52.34058010671968,52.927101135253906,62171000,0.0,0.0
2021-12-20 00:00:00-05:00,52.235536101281276,52.8833387756021,51.911636433827276,52.839569091796875,21342100,0.0,0.0
2021-12-21 00:00:00-05:00,52.909603734428444,53.60993208347864,52.52442581398128,53.42609405517578,20761100,0.0,0.0
2021-12-22 00:00:00-05:00,53.37356662957655,53.92507064316572,53.06717217150317,53.863792419433594,17095500,0.0,0.0
2021-12-23 00:00:00-05:00,54.091400029748485,55.06310234659864,54.091400029748485,54.520347595214844,17771400,0.0,0.0
2021-12-27 00:00:00-05:00,54.634154696821625,55.56208738627549,54.5203508435365,55.518314361572266,14779700,0.0,0.0
2021-12-28 00:00:00-05:00,55.51831726302677,55.885989985388775,55.35199111446605,55.6146125793457,12865000,0.0,0.0
2021-12-29 00:00:00-05:00,55.719665202840126,56.27992523216211,55.632122486125326,55.99103927612305,15069900,0.0,0.0
2021-12-30 00:00:00-05:00,56.06106255248663,56.14860191277256,55.56208085214923,55.693389892578125,9076700,0.0,0.0
2021-12-31 00:00:00-05:00,55.632114237759836,55.86847452872576,55.43077102828798,55.47454071044922,10359100,0.0,0.0
2022-01-03 00:00:00-05:00,55.06310228119517,55.45703276428253,54.712938141325594,55.290706634521484,17184300,0.0,0.0
2022-01-04 00:00:00-05:00,54.98250686480659,55.30831850800611,53.811356533722645,53.934635162353516,29682500,0.37,0.0
2022-01-05 00:00:00-05:00,53.88180075363845,54.278055893234175,53.054070407997955,53.08048629760742,30317900,0.0,0.0
2022-01-06 00:00:00-05:00,52.83392064978598,53.82896042923554,52.754669634447694,53.644039154052734,19616600,0.0,0.0
2022-01-07 00:00:00-05:00,53.60002294359009,54.15478016879146,53.42390916553193,53.82897186279297,20152400,0.0,0.0
2022-01-10 00:00:00-05:00,53.600027403111916,54.507012259890736,53.29183078518638,54.43656539916992,24715300,0.0,0.0
2022-01-11 00:00:00-05:00,54.24283963400495,54.97371069460642,54.10194927232278,54.920875549316406,22804200,0.0,0.0
2022-01-12 00:00:00-05:00,54.94729383272953,55.317129765965454,54.524619396044,54.70073318481445,13405400,0.0,0.0
2022-01-13 00:00:00-05:00,54.66551097307252,54.72715029286408,53.899416525792844,54.154781341552734,14871600,0.0,0.0
2022-01-14 00:00:00-05:00,54.1283721594048,54.15478805427812,53.661670075730484,54.03150939941406,18831900,0.0,0.0
2022-01-18 00:00:00-05:00,52.81631368859765,53.0276508681981,52.384838512253744,52.59617233276367,26545800,0.0,0.0
2022-01-19 00:00:00-05:00,51.0727928414779,52.38483675626736,50.879067379928884,51.86530303955078,24333900,0.0,0.0
2022-01-20 00:00:00-05:00,51.94456791415614,52.25276454055954,51.09041817942202,51.143253326416016,17726500,0.0,0.0
2022-01-21 00:00:00-05:00,51.134439328153185,51.372192420948885,49.84881447889422,49.91045379638672,25914000,0.0,0.0
2022-01-24 00:00:00-05:00,49.45255942016555,50.1922345906012,48.31662909430171,50.10417938232422,34180100,0.0,0.0
2022-01-25 00:00:00-05:00,49.39091947571479,49.919257436853115,48.492742254506965,49.408531188964844,25156400,0.0,0.0
2022-01-26 00:00:00-05:00,49.40852341543351,49.707915775398845,48.30781670366245,48.721683502197266,28632700,0.0,0.0
2022-01-27 00:00:00-05:00,48.880187870529824,49.77836505502046,47.90276301828981,48.09648513793945,25967400,0.0,0.0
2022-01-28 00:00:00-05:00,47.99081824809567,49.012274061764906,47.06622517384958,48.96824645996094,30976600,0.0,0.0
2022-01-31 00:00:00-05:00,48.80974617712683,49.18838961274228,48.31662828539511,49.021080017089844,29925300,0.0,0.0
2022-02-01 00:00:00-05:00,48.827366726303076,48.87139433767189,48.20216591122832,48.756919860839844,22438500,0.0,0.0
2022-02-02 00:00:00-05:00,48.63363809901587,49.59345474555218,48.58080295329316,49.461368560791016,23316700,0.0,0.0
2022-02-03 00:00:00-05:00,49.19719701024339,49.44375765179457,48.483941054814856,48.60721969604492,19260500,0.0,0.0
2022-02-04 00:00:00-05:00,48.33424154066795,48.97705397629137,47.893958774425265,48.56319046020508,19675900,0.0,0.0
2022-02-07 00:00:00-05:00,48.72168898778258,48.897799394222005,48.16693180204445,48.58079528808594,14450200,0.0,0.0
2022-02-08 00:00:00-05:00,48.483941980411025,48.86258544804114,48.17574201236104,48.730499267578125,15219900,0.0,0.0
2022-02-09 00:00:00-05:00,49.153172573989934,49.64629052980384,48.85378012922636,49.567039489746094,19136700,0.0,0.0
2022-02-10 00:00:00-05:00,48.642439152331846,49.338083336619135,48.20215640727091,48.316627502441406,19730600,0.0,0.0
2022-02-11 00:00:00-05:00,48.31663259841344,48.510358101581595,47.348011800754925,47.462486267089844,20132500,0.0,0.0
2022-02-14 00:00:00-05:00,47.03100562440891,47.24234283321039,46.40580489363646,46.82847595214844,21868400,0.0,0.0
2022-02-15 00:00:00-05:00,47.303981559292005,47.81470782226208,47.23353470421148,47.788291931152344,17678000,0.0,0.0
2022-02-16 00:00:00-05:00,47.6650087457324,47.93798188539544,47.01338883477782,47.77067565917969,20388700,0.0,0.0
2022-02-17 00:00:00-05:00,48.87138539994915,50.24506879343663,48.783330193315294,49.10913848876953,32884700,0.0,0.0
2022-02-18 00:00:00-05:00,48.83615816501154,50.799818679803124,48.76571467701638,50.37714767456055,35626200,0.0,0.0
2022-02-22 00:00:00-05:00,50.13058952088869,50.31550745250697,49.082717882627946,49.57583236694336,25188300,0.0,0.0
2022-02-23 00:00:00-05:00,49.84881334253309,50.18342917207215,47.87634515046538,47.937984466552734,22033700,0.0,0.0
2022-02-24 00:00:00-05:00,47.612182390521674,48.28141413699152,46.85489542645428,48.193355560302734,27739300,0.0,0.0
2022-02-25 00:00:00-05:00,48.4134963781732,49.50539920227678,47.98202111443307,49.34689712524414,18963700,0.0,0.0
2022-02-28 00:00:00-05:00,48.79213437034235,49.31166815130004,48.21096127292281,49.10913848876953,23868700,0.0,0.0
2022-03-01 00:00:00-05:00,48.89779958305992,49.17958026536004,47.77948103057915,48.09648513793945,17799600,0.0,0.0
2022-03-02 00:00:00-05:00,48.22857844635987,49.646289603673196,48.17574330094323,49.44375991821289,18660000,0.0,0.0
2022-03-03 00:00:00-05:00,49.96329461425281,50.19224019679947,49.17078421487737,49.373313903808594,16794600,0.0,0.0
2022-03-04 00:00:00-05:00,49.021082254477136,50.10418083031219,48.65124633811666,49.76075744628906,16729000,0.0,0.0
2022-03-07 00:00:00-05:00,49.58464220810709,49.699113299237695,48.888994689279635,48.95063400268555,21350900,0.0,0.0
2022-03-08 00:00:00-05:00,49.04750172261299,49.18839207600747,47.61217893803169,47.902767181396484,23642400,0.0,0.0
2022-03-09 00:00:00-05:00,48.99466890591885,49.531814453446366,48.65124886316287,49.24122619628906,19150900,0.0,0.0
2022-03-10 00:00:00-05:00,47.902766124141706,48.57199444822229,47.52412267792147,48.17573928833008,18550900,0.0,0.0
2022-03-11 00:00:00-05:00,48.68647586887962,49.49659465907827,48.07888341713923,48.15813446044922,20330300,0.0,0.0
2022-03-14 00:00:00-04:00,48.19335216507502,48.78333283050636,47.550539716443645,47.8147087097168,17977500,0.0,0.0
2022-03-15 00:00:00-04:00,47.92038201171662,49.07392424538398,47.92038201171662,48.959449768066406,18829100,0.0,0.0
2022-03-16 00:00:00-04:00,49.25003414919843,49.311673472311526,48.078880291867264,49.14436721801758,21821800,0.0,0.0
2022-03-17 00:00:00-04:00,48.86258703805639,49.575843030311276,48.739305031370066,49.461368560791016,18830500,0.0,0.0
2022-03-18 00:00:00-04:00,49.33808721587208,49.6815072465668,48.906611972878046,49.285255432128906,51807200,0.0,0.0
2022-03-21 00:00:00-04:00,49.364495898124005,49.795971048741194,48.88898979169296,49.31166076660156,29174600,0.0,0.0
2022-03-22 00:00:00-04:00,49.628678176033986,49.945682332187815,49.39092505891862,49.461368560791016,29287900,0.0,0.0
2022-03-23 00:00:00-04:00,49.22361417286669,49.39092041328187,47.94679349027241,47.973209381103516,19742100,0.0,0.0
2022-03-24 00:00:00-04:00,48.14051636752946,48.15812808138675,47.2687583656847,47.990821838378906,20551500,0.0,0.0
2022-03-25 00:00:00-04:00,48.087681860830365,48.589603920510434,47.902763914441024,48.404685974121094,18090600,0.0,0.0
2022-03-28 00:00:00-04:00,48.254989912507114,48.571994037741895,47.92037407374919,48.55438232421875,17164600,0.0,0.0
2022-03-29 00:00:00-04:00,49.021080017089844,49.584644761536445,48.46632616786883,49.021080017089844,20036500,0.0,0.0
2022-03-30 00:00:00-04:00,49.0915324370757,50.13940429686331,48.950642074758946,49.3557014465332,16125400,0.0,0.0
2022-03-31 00:00:00-04:00,49.34689864241523,50.08657390494512,49.06511790993635,49.100337982177734,27587700,0.0,0.0
2022-04-01 00:00:00-04:00,49.46136262371861,49.478974336845496,48.33423985632421,49.01227569580078,17465100,0.0,0.0
2022-04-04 00:00:00-04:00,48.83616900144796,49.41734218250147,48.42230543980267,49.197200775146484,19629200,0.0,0.0
2022-04-05 00:00:00-04:00,48.94008258822402,49.28585436494411,48.47018457439173,48.69183349609375,16063600,0.38,0.0
2022-04-06 00:00:00-04:00,48.48792257114976,48.549984005925204,47.7343175019653,48.2042121887207,19644100,0.0,0.0
2022-04-07 00:00:00-04:00,48.257399287404894,48.62976781992621,47.64564953450823,48.43471908569336,15739000,0.0,0.0
2022-04-08 00:00:00-04:00,48.62090733609427,48.68296876326665,47.88503129663014,48.124412536621094,18148200,0.0,0.0
2022-04-11 00:00:00-04:00,47.805239502175695,47.83183967354593,46.8033887757126,46.883182525634766,20992100,0.0,0.0
2022-04-12 00:00:00-04:00,45.83699554741033,46.945240104252484,45.641943423136034,45.94338607788086,25254200,0.0,0.0
2022-04-13 00:00:00-04:00,45.96112364442479,46.422153838562245,45.57988720277447,46.23596954345703,17004600,0.0,0.0
2022-04-14 00:00:00-04:00,46.17391285046919,46.43989092535822,45.32277827589171,45.36710739135742,18024800,0.0,0.0
2022-04-18 00:00:00-04:00,45.10999860935562,45.71288406880707,45.039069316669654,45.31391525268555,13990700,0.0,0.0
2022-04-19 00:00:00-04:00,45.216375465116315,46.04977410907645,45.14544619392287,45.95225143432617,15490900,0.0,0.0
2022-04-20 00:00:00-04:00,46.298025493598324,47.583586468436856,46.23596406924449,47.007301330566406,19526200,0.0,0.0
2022-04-21 00:00:00-04:00,47.29101230068464,47.72544565909185,46.75018841082642,46.794517517089844,17147300,0.0,0.0
2022-04-22 00:00:00-04:00,46.91864002352207,46.95410466111044,45.47349155378298,45.535552978515625,17693000,0.0,0.0
2022-04-25 00:00:00-04:00,45.61536311416489,46.08525789374098,44.80856092061782,46.0497932434082,18677000,0.0,0.0
2022-04-26 00:00:00-04:00,45.99658709731245,46.049780676199624,45.101123522309784,45.127723693847656,19238300,0.0,0.0
2022-04-27 00:00:00-04:00,45.136576650949564,45.31389642690167,43.66482826010587,43.71802520751953,33668600,0.0,0.0
2022-04-28 00:00:00-04:00,43.91307526042173,45.02131966640527,43.62936496305743,44.88833236694336,20170700,0.0,0.0
2022-04-29 00:00:00-04:00,44.78195520782083,44.897213616111515,43.32793854481135,43.42546463012695,20281400,0.0,0.0
2022-05-02 00:00:00-04:00,43.74462405785748,44.24998324484709,43.38112002191594,44.20565414428711,22499200,0.0,0.0
2022-05-03 00:00:00-04:00,44.12587039527837,44.64896201727627,43.91308592951044,44.25885772705078,15828200,0.0,0.0
2022-05-04 00:00:00-04:00,44.356380091023645,45.80153197369795,44.03720511010475,45.73060607910156,23942300,0.0,0.0
2022-05-05 00:00:00-04:00,45.34937077439084,45.40256435110754,43.58504386791378,43.984012603759766,24846500,0.0,0.0
2022-05-06 00:00:00-04:00,43.576187470000534,44.18793739020516,43.31020600877744,43.735774993896484,21743900,0.0,0.0
2022-05-09 00:00:00-04:00,43.44319856450197,43.81556721450642,43.15062029770282,43.40773391723633,22421200,0.0,0.0
2022-05-10 00:00:00-04:00,44.07266800135689,44.542565985568636,43.576176612581506,43.93081283569336,21741100,0.0,0.0
2022-05-11 00:00:00-04:00,43.52298974440946,44.01061677801331,43.07082735596453,43.13288879394531,23872100,0.0,0.0
2022-05-12 00:00:00-04:00,43.11515963017429,43.24814698612147,42.086708519879274,42.813716888427734,25951000,0.0,0.0
2022-05-13 00:00:00-04:00,43.186077417914575,44.00174725238371,43.02648991512919,43.9396858215332,18954500,0.0,0.0
2022-05-16 00:00:00-04:00,44.02833685289287,44.02833685289287,43.33679337513916,43.44318389892578,20254500,0.0,0.0
2022-05-17 00:00:00-04:00,44.04607745441018,44.968137852892156,43.895354417112934,44.86174392700195,18780600,0.0,0.0
2022-05-18 00:00:00-04:00,44.746488123185266,44.746488123185266,42.742779854881775,42.875770568847656,40672700,0.0,0.0
2022-05-19 00:00:00-04:00,38.176803833858024,38.948140979676886,36.36814818385413,36.988765716552734,97674600,0.0,0.0
2022-05-20 00:00:00-04:00,37.112897684758266,38.12361627271373,36.811455002201875,38.07041931152344,46148700,0.0,0.0
2022-05-23 00:00:00-04:00,38.425057345185046,38.85062287059246,38.07041771629846,38.433921813964844,27366600,0.0,0.0
2022-05-24 00:00:00-04:00,38.47825024906355,39.063403207593375,37.68031285920752,38.80628967285156,30053900,0.0,0.0
2022-05-25 00:00:00-04:00,38.788555427031085,39.3825728238801,38.29206070001138,39.01020431518555,25504600,0.0,0.0
2022-05-26 00:00:00-04:00,39.05454111944287,40.366702390274305,39.05454111944287,39.887943267822266,28294700,0.0,0.0
2022-05-27 00:00:00-04:00,40.003200977186346,40.464231192447485,39.85248131674621,40.44649887084961,23882100,0.0,0.0
2022-05-31 00:00:00-04:00,40.136187541777396,40.437630213535975,39.666292905425024,39.94113540649414,64821200,0.0,0.0
2022-06-01 00:00:00-04:00,40.38442977949026,40.60607868429767,39.69288627876121,40.1007194519043,20666000,0.0,0.0
2022-06-02 00:00:00-04:00,40.056386118649066,40.6060743975551,39.808140453741856,40.59720993041992,20546800,0.0,0.0
2022-06-03 00:00:00-04:00,40.3844320034899,40.55288734496057,40.00319559565869,40.11845397949219,17947000,0.0,0.0
2022-06-06 00:00:00-04:00,40.42876232175327,40.86319570023763,40.01206464510674,40.18938446044922,12641900,0.0,0.0
2022-06-07 00:00:00-04:00,39.73722145785446,40.47309755771203,39.648563235216045,40.40216827392578,14667200,0.0,0.0
2022-06-08 00:00:00-04:00,40.29577617502155,40.45536367528653,39.79041688488054,39.82587814331055,16263800,0.0,0.0
2022-06-09 00:00:00-04:00,39.74609302462415,40.13619397562986,39.22300134513517,39.24073028564453,18417700,0.0,0.0
2022-06-10 00:00:00-04:00,38.83289843286811,39.00135381272307,38.380736027251565,38.55805587768555,20262400,0.0,0.0
2022-06-13 00:00:00-04:00,38.17680778497303,38.86835127127215,38.0260847741602,38.336395263671875,29050800,0.0,0.0
2022-06-14 00:00:00-04:00,38.68216162406245,38.74422303690996,37.742369200510666,38.0438117980957,22499100,0.0,0.0
2022-06-15 00:00:00-04:00,38.45166070381765,39.391453513482716,38.212279420730475,38.8328971862793,22525100,0.0,0.0
2022-06-16 00:00:00-04:00,37.95516342232215,38.48711949351765,37.95516342232215,38.407325744628906,27049000,0.0,0.0
2022-06-17 00:00:00-04:00,38.44279026559418,39.01021097500463,38.33639972810328,38.46938705444336,59678600,0.0,0.0
2022-06-21 00:00:00-04:00,38.84175973511451,39.258457423951754,38.74423366471826,39.134334564208984,23277900,0.0,0.0
2022-06-22 00:00:00-04:00,38.54032050210007,39.11660574275106,38.27433905646699,38.62897872924805,19942300,0.0,0.0
2022-06-23 00:00:00-04:00,38.48711948839675,38.531448597308106,37.875369668393894,38.061553955078125,33801700,0.0,0.0
2022-06-24 00:00:00-04:00,38.513716292426146,39.205263243672505,38.33639985671119,39.09886932373047,30543800,0.0,0.0
2022-06-27 00:00:00-04:00,39.26731978898018,39.26731978898018,38.682166830450356,38.80628967285156,22755300,0.0,0.0
2022-06-28 00:00:00-04:00,38.93041230381819,39.4269070528203,38.11474598270091,38.17680740356445,20091300,0.0,0.0
2022-06-29 00:00:00-04:00,38.247744420382034,38.354134975374684,37.848775611541136,38.01723098754883,13450800,0.0,0.0
2022-06-30 00:00:00-04:00,37.565062093928496,38.247741247514185,37.40547458363083,37.804443359375,24947900,0.0,0.0
2022-07-01 00:00:00-04:00,37.698048409072115,37.85763590072571,36.85578184358792,37.76897430419922,24338500,0.0,0.0
2022-07-05 00:00:00-04:00,37.14278016746186,37.54533987913751,36.51657655069253,37.53639221191406,24442600,0.38,0.0
2022-07-06 00:00:00-04:00,37.67952242981833,38.40412987727955,37.581118570128346,38.189430236816406,17250400,0.0,0.0
2022-07-07 00:00:00-04:00,38.3593955466539,38.78879134525959,38.27888362113193,38.663551330566406,22316700,0.0,0.0
2022-07-08 00:00:00-04:00,38.493580345226945,39.01243574186768,38.41306841859423,38.81562805175781,11817000,0.0,0.0
2022-07-11 00:00:00-04:00,38.77089582918336,39.07505158487051,38.529360075031725,38.69038391113281,15245200,0.0,0.0
2022-07-12 00:00:00-04:00,38.98560241811603,39.20924629592752,38.16259117325167,38.34150695800781,17385300,0.0,0.0
2022-07-13 00:00:00-04:00,37.437984456105006,38.511475771475595,37.393256362242646,38.1983757019043,16854200,0.0,0.0
2022-07-14 00:00:00-04:00,37.384314233008205,37.99262589920363,36.99069879456704,37.86738586425781,17336200,0.0,0.0
2022-07-15 00:00:00-04:00,38.01946155463573,38.58304511672012,38.01946155463573,38.52936935424805,19897800,0.0,0.0
2022-07-18 00:00:00-04:00,38.73511692927043,38.75300884806409,37.938945311893015,38.10891342163086,16743800,0.0,0.0
2022-07-19 00:00:00-04:00,38.30571768024707,39.441828827738746,38.15364150294236,39.388153076171875,22861400,0.0,0.0
2022-07-20 00:00:00-04:00,39.43288726668739,39.64758346253923,39.0571638051449,39.47761535644531,15599200,0.0,0.0
2022-07-21 00:00:00-04:00,39.62075262581255,39.97858080458919,39.42394490933767,39.88018035888672,15364600,0.0,0.0
2022-07-22 00:00:00-04:00,40.05909104434121,40.184331072232226,39.58496710660097,39.7728271484375,14854600,0.0,0.0
2022-07-25 00:00:00-04:00,39.95174163929438,39.95174163929438,39.45972579746887,39.66547775268555,12954700,0.0,0.0
2022-07-26 00:00:00-04:00,39.692315787590104,39.84439540403582,39.13767990783455,39.20924758911133,19513000,0.0,0.0
2022-07-27 00:00:00-04:00,39.53127835291029,40.0680255407078,39.209234135272226,39.933837890625,22349000,0.0,0.0
2022-07-28 00:00:00-04:00,40.14855519106566,41.03418315288909,39.996475559594494,40.81053924560547,17576200,0.0,0.0
2022-07-29 00:00:00-04:00,40.354303036119276,40.69424269582418,40.103822977670845,40.586891174316406,23701700,0.0,0.0
2022-08-01 00:00:00-04:00,40.3095624928215,40.640554383912,40.04118718447016,40.50636672973633,14153400,0.0,0.0
2022-08-02 00:00:00-04:00,40.72107347064085,40.88209731901717,40.166437666530435,40.184326171875,15005400,0.0,0.0
2022-08-03 00:00:00-04:00,40.16643316338261,40.98944081833954,40.068029332347756,40.89103698730469,14943800,0.0,0.0
2022-08-04 00:00:00-04:00,41.0610163031091,41.08785247576343,40.2648412515058,40.5958366394043,15249300,0.0,0.0
2022-08-05 00:00:00-04:00,40.1753867993338,40.31851874721748,39.84439480970307,40.26484298706055,19533900,0.0,0.0
2022-08-08 00:00:00-04:00,40.69424772810464,40.72108390553274,40.130664114367654,40.27379608154297,15465600,0.0,0.0
2022-08-09 00:00:00-04:00,40.39008152121594,40.41691769176719,40.00541381815412,40.184326171875,12826200,0.0,0.0
2022-08-10 00:00:00-04:00,40.8910458412375,41.204149318009854,40.64056578984742,41.168365478515625,18935400,0.0,0.0
2022-08-11 00:00:00-04:00,41.24887611540519,41.53513999729741,40.94472031432788,41.06101608276367,15849000,0.0,0.0
2022-08-12 00:00:00-04:00,41.23097975172847,41.69615936279297,41.123631660724136,41.69615936279297,16967600,0.0,0.0
2022-08-15 00:00:00-04:00,41.49936026499298,41.70511223717728,41.177312512866244,41.67827606201172,15456100,0.0,0.0
2022-08-16 00:00:00-04:00,41.660371063344364,42.0539829631979,41.54407531990863,41.83928680419922,21153700,0.0,0.0
2022-08-17 00:00:00-04:00,41.47251475935006,42.13449862309093,41.35621900557183,41.74088668823242,27975600,0.0,0.0
2022-08-18 00:00:00-04:00,44.54985554195958,44.72877130970529,43.932599726398045,44.16518783569336,39999900,0.0,0.0
2022-08-19 00:00:00-04:00,43.84313879090689,44.24569840284836,43.422690674020764,43.56582260131836,23130400,0.0,0.0
2022-08-22 00:00:00-04:00,43.36007412295642,43.386910295045375,42.51022674394861,42.68019485473633,20534100,0.0,0.0
2022-08-23 00:00:00-04:00,42.57284713173732,42.97540677931792,42.393931353642095,42.41182327270508,13764600,0.0,0.0
2022-08-24 00:00:00-04:00,42.125565566704765,42.41182948859822,41.92875784070234,42.10767364501953,14946500,0.0,0.0
2022-08-25 00:00:00-04:00,42.26869102784342,42.429714885714155,41.90191522103441,42.286582946777344,23039300,0.0,0.0
2022-08-26 00:00:00-04:00,42.11661377116472,42.286581877939,41.04312255000493,41.052066802978516,20309800,0.0,0.0
2022-08-29 00:00:00-04:00,40.899984651508234,41.15046464866312,40.694232737769,40.89103698730469,13425700,0.0,0.0
2022-08-30 00:00:00-04:00,40.92682445015112,41.034172542379615,40.22010906686705,40.4705924987793,14279100,0.0,0.0
2022-08-31 00:00:00-04:00,40.953660797185364,40.99839229729715,39.889117297691094,40.00541305541992,23006100,0.0,0.0
2022-09-01 00:00:00-04:00,39.87122445789223,40.56004791076159,39.719148281139724,40.51531982421875,16236400,0.0,0.0
2022-09-02 00:00:00-04:00,40.89104171148686,41.07890173105668,39.61179858530957,39.88911819458008,14720900,0.0,0.0
2022-09-06 00:00:00-04:00,39.95173689490078,40.06803265144224,39.34342535496222,39.781768798828125,14366100,0.0,0.0
2022-09-07 00:00:00-04:00,40.03226024708426,40.407980381218735,39.67442862287834,40.27379608154297,18297400,0.0,0.0
2022-09-08 00:00:00-04:00,40.04119955052388,40.676350775572885,39.91595952129966,40.586891174316406,14231500,0.0,0.0
2022-09-09 00:00:00-04:00,40.8463135649626,41.052065502180696,40.61372545713958,40.94471740722656,15499300,0.0,0.0
2022-09-12 00:00:00-04:00,41.2488768817456,41.80351273664922,41.12363685765782,41.508304595947266,17923000,0.0,0.0
2022-09-13 00:00:00-04:00,40.89998752134022,41.06995561525948,39.379208690761196,39.459720611572266,23028600,0.0,0.0
2022-09-14 00:00:00-04:00,39.39711013577322,39.602862113708966,38.96771425844621,39.32554244995117,27551500,0.0,0.0
2022-09-15 00:00:00-04:00,39.19134920009625,39.245021539660115,38.54725382505536,38.72616958618164,18148600,0.0,0.0
2022-09-16 00:00:00-04:00,38.56515454568934,38.98560616843245,38.27889062755555,38.73512268066406,32696100,0.0,0.0
2022-09-19 00:00:00-04:00,38.377294489264365,38.86036271828071,38.25205103911263,38.73512268066406,13667500,0.0,0.0
2022-09-20 00:00:00-04:00,38.47569063038975,38.48463829638057,37.80475900753626,38.091026306152344,16813900,0.0,0.0
2022-09-21 00:00:00-04:00,37.858434442705054,38.350450279424,37.187502825578854,37.20539474487305,21415900,0.0,0.0
2022-09-22 00:00:00-04:00,36.981750951771225,37.16961098596094,36.80283517098045,36.81178283691406,16691000,0.0,0.0
2022-09-23 00:00:00-04:00,36.901239471702894,36.901239471702894,35.8903681985441,36.37343978881836,19067700,0.0,0.0
2022-09-26 00:00:00-04:00,36.373440334859055,36.84756426620801,36.11401261627632,36.301876068115234,22694800,0.0,0.0
2022-09-27 00:00:00-04:00,36.80283918728567,37.08910310277711,35.98877553775657,36.24820327758789,15027900,0.0,0.0
2022-09-28 00:00:00-04:00,36.543410770946096,37.18750627514557,36.31082262361573,36.981754302978516,23217700,0.0,0.0
2022-09-29 00:00:00-04:00,36.722322607306076,36.76705069859917,35.91720672642656,36.29292678833008,19496400,0.0,0.0
2022-09-30 00:00:00-04:00,36.37343971335213,36.713379359047394,35.747236180503386,35.78302001953125,27989900,0.0,0.0
2022-10-03 00:00:00-04:00,36.38238013916861,37.151715534654784,36.20346778792152,36.93701934814453,22203600,0.0,0.0
2022-10-04 00:00:00-04:00,37.523903140723164,37.95728754243886,37.37041089440109,37.75865173339844,22889400,0.38,0.0
2022-10-05 00:00:00-04:00,37.55098831965778,38.14689229826371,37.37944140486759,37.91214370727539,14289700,0.0,0.0
2022-10-06 00:00:00-04:00,37.60516135288293,38.002429510055926,37.35235121265202,37.48778533935547,18198800,0.0,0.0
2022-10-07 00:00:00-04:00,37.24400736358763,37.24400736358763,36.1876335352341,36.35918045043945,19055400,0.0,0.0
2022-10-10 00:00:00-04:00,36.68421530600223,36.84673486732699,35.754241495258874,36.01607894897461,16628400,0.0,0.0
2022-10-11 00:00:00-04:00,35.94385393748722,36.21471875502768,35.45629519937458,35.73619079589844,19386400,0.0,0.0
2022-10-12 00:00:00-04:00,35.84453584608508,35.98899731096458,35.43823689978867,35.456295013427734,17279900,0.0,0.0
2022-10-13 00:00:00-04:00,35.23959329060713,36.83769982933616,34.85135254392104,36.66615295410156,26328300,0.0,0.0
2022-10-14 00:00:00-04:00,36.873820533285084,36.98216576007187,36.04316460996592,36.29597473144531,19571000,0.0,0.0
2022-10-17 00:00:00-04:00,37.05439406944746,37.49680570522387,36.97313429737372,37.28914260864258,27845200,0.0,0.0
2022-10-18 00:00:00-04:00,37.848936133886056,38.11980437916103,37.253032193900175,37.731563568115234,18223300,0.0,0.0
2022-10-19 00:00:00-04:00,37.587091626565524,38.13785185345165,37.44263021002423,37.81281280517578,19071700,0.0,0.0
2022-10-20 00:00:00-04:00,37.52390159282223,38.480957482210755,37.43361102687704,37.659332275390625,16830500,0.0,0.0
2022-10-21 00:00:00-04:00,37.785736930682816,38.79697063885512,37.74962414728834,38.64347839355469,25035000,0.0,0.0
2022-10-24 00:00:00-04:00,38.93240148704395,39.48316190582466,38.73376912273758,39.311614990234375,18785300,0.0,0.0
2022-10-25 00:00:00-04:00,39.13103595361403,40.08809529147964,39.00463260496315,40.051979064941406,19165200,0.0,0.0
2022-10-26 00:00:00-04:00,40.566623910106124,40.837488725162714,39.97974727395602,40.070037841796875,20051000,0.0,0.0
2022-10-27 00:00:00-04:00,40.42215571992815,40.71107860047887,40.051973063958016,40.106143951416016,18102500,0.0,0.0
2022-10-28 00:00:00-04:00,40.34992691856034,41.270869975002164,40.31381413840726,41.20766830444336,17978300,0.0,0.0
2022-10-31 00:00:00-04:00,40.909717364480215,41.20766759998781,40.683996132276754,41.018062591552734,17793700,0.0,0.0
2022-11-01 00:00:00-04:00,41.153491785785924,41.34309677154044,40.68399126565645,41.045143127441406,12088700,0.0,0.0
2022-11-02 00:00:00-04:00,41.05417488425425,41.72230773883039,40.22351903828242,40.2415771484375,15308800,0.0,0.0
2022-11-03 00:00:00-04:00,39.754015046934384,39.86236369843466,39.17616934919442,39.591495513916016,17895600,0.0,0.0
2022-11-04 00:00:00-04:00,40.17837591064971,40.70205077799759,39.573444713091696,40.196434020996094,19648700,0.0,0.0
2022-11-07 00:00:00-05:00,40.476332304003606,40.611762974417324,40.097118849533445,40.2235221862793,21383000,0.0,0.0
2022-11-08 00:00:00-05:00,40.34992752246563,40.94583145681932,39.88945770946937,40.2776985168457,17503100,0.0,0.0
2022-11-09 00:00:00-05:00,40.1874090860947,40.377017550180504,39.62762136090531,39.64567947387695,19311700,0.0,0.0
2022-11-10 00:00:00-05:00,41.26183948822776,41.361157375583545,40.313811058051265,41.22572326660156,27190100,0.0,0.0
2022-11-11 00:00:00-05:00,40.79234832513739,40.91875168567901,39.65471119179628,40.440223693847656,25961800,0.0,0.0
2022-11-14 00:00:00-05:00,40.47633271778369,41.027089627201924,40.340898601752855,40.39507293701172,21091300,0.0,0.0
2022-11-15 00:00:00-05:00,40.6659350374484,40.8465126988119,40.1332328307539,40.53953170776367,19318000,0.0,0.0
2022-11-16 00:00:00-05:00,40.5756494620183,40.61176568756781,39.99780363015734,40.079063415527344,24939600,0.0,0.0
2022-11-17 00:00:00-05:00,41.704255250690636,42.30015918921068,40.7742848398481,42.06541061401367,38887800,0.0,0.0
2022-11-18 00:00:00-05:00,42.35432517009251,43.37458594257564,42.30918161964255,43.14886474609375,30843200,0.0,0.0
2022-11-21 00:00:00-05:00,42.98634925366754,43.60031124140444,42.94120569897004,42.99537658691406,17049500,0.0,0.0
2022-11-22 00:00:00-05:00,43.3384747377238,43.71768473844727,43.12178084857287,43.68157196044922,16367800,0.0,0.0
2022-11-23 00:00:00-05:00,43.699630118189454,44.23233234184497,43.62739767365123,43.853118896484375,12065600,0.0,0.0
2022-11-25 00:00:00-05:00,44.01563907605513,44.28650385844588,43.65448373671242,43.69963073730469,8492600,0.0,0.0
2022-11-28 00:00:00-05:00,43.600314391069475,43.76283395510678,43.26624448486351,43.410709381103516,14976600,0.0,0.0
2022-11-29 00:00:00-05:00,43.56419644601049,43.70865789231087,43.19401377460126,43.59128189086914,13779300,0.0,0.0
2022-11-30 00:00:00-05:00,43.49196320505992,44.99075541882567,43.30235820605311,44.89143753051758,29919700,0.0,0.0
2022-12-01 00:00:00-05:00,45.0358934004596,45.559564777320254,44.86434308943788,45.11715316772461,18559500,0.0,0.0
2022-12-02 00:00:00-05:00,44.44902554098616,44.99978590990048,44.16912996740747,44.873382568359375,12325100,0.0,0.0
2022-12-05 00:00:00-05:00,44.7379542715897,44.819214065190295,44.394856982583505,44.53932189941406,13795900,0.0,0.0
2022-12-06 00:00:00-05:00,44.63862458349633,44.63862458349633,43.573220212657674,43.87117385864258,15443800,0.0,0.0
2022-12-07 00:00:00-05:00,43.6996237559198,43.8350544033627,43.392642799791076,43.5009880065918,15171700,0.0,0.0
2022-12-08 00:00:00-05:00,43.93437666849836,44.421935314172586,43.898260447878265,44.232330322265625,16015800,0.0,0.0
2022-12-09 00:00:00-05:00,44.33165292728642,44.39485460289541,43.73574895423524,43.753807067871094,14303200,0.0,0.0
2022-12-12 00:00:00-05:00,44.060787418335416,44.53028803278547,43.67254659185235,44.512229919433594,15425300,0.0,0.0
2022-12-13 00:00:00-05:00,45.442206763450855,45.78530060670814,44.449031130027564,44.8192138671875,22705900,0.0,0.0
2022-12-14 00:00:00-05:00,44.90950152470908,45.19842444987327,44.0788455316873,44.512229919433594,19050400,0.0,0.0
2022-12-15 00:00:00-05:00,44.20524200440763,44.28650177973396,43.103724815157065,43.473907470703125,19372500,0.0,0.0
2022-12-16 00:00:00-05:00,42.805772008079636,43.33847422486287,42.50782178878459,43.166927337646484,66125400,0.0,0.0
2022-12-19 00:00:00-05:00,43.0314900213583,43.30235477623276,42.56198950560087,42.7967414855957,17986300,0.0,0.0
2022-12-20 00:00:00-05:00,42.805773357951864,42.941207471868445,42.24598567927968,42.769657135009766,15086200,0.0,0.0
2022-12-21 00:00:00-05:00,43.05858340253394,43.30236276013762,42.81480404493026,43.031497955322266,15599400,0.0,0.0
2022-12-22 00:00:00-05:00,42.87800623449765,42.87800623449765,42.155695545331206,42.72451400756836,23118500,0.0,0.0
2022-12-23 00:00:00-05:00,42.66131346985847,42.87800737119951,42.444619568517425,42.86897659301758,9554400,0.0,0.0
2022-12-27 00:00:00-05:00,43.0405268858089,43.076643112919086,42.634231385634806,42.91412353515625,12066200,0.0,0.0
2022-12-28 00:00:00-05:00,43.05858226337036,43.13081471300099,42.41753477194599,42.49879455566406,9847400,0.0,0.0
2022-12-29 00:00:00-05:00,42.67033007890476,43.10371777265774,42.67033007890476,42.88702392578125,11396500,0.0,0.0
2022-12-30 00:00:00-05:00,42.679380275966096,43.04053225945911,42.390457311478315,43.01344680786133,13199800,0.0,0.0
2023-01-03 00:00:00-05:00,43.21207275532538,43.383619649935845,42.71548673894131,43.2843017578125,17718900,0.0,0.0
2023-01-04 00:00:00-05:00,43.93957163812538,44.12159210359868,42.929361352912615,43.27519989013672,18339800,0.38,0.0
2023-01-05 00:00:00-05:00,43.22059665450665,43.22059665450665,42.556221427483464,42.665435791015625,17372100,0.0,0.0
2023-01-06 00:00:00-05:00,43.19329698363897,44.22170980851193,43.029478888641435,43.975982666015625,20823000,0.0,0.0
2023-01-09 00:00:00-05:00,43.921369691929364,44.7859643079234,43.88496837586509,44.21260452270508,13938000,0.0,0.0
2023-01-10 00:00:00-05:00,44.41282928652764,44.78596972741494,44.22170933499436,44.421932220458984,12474400,0.0,0.0
2023-01-11 00:00:00-05:00,44.44012989174377,44.80416735999566,44.32181606547985,44.78596496582031,12530900,0.0,0.0
2023-01-12 00:00:00-05:00,44.78596857944694,44.986191459779384,44.4583324013582,44.5948486328125,14241700,0.0,0.0
2023-01-13 00:00:00-05:00,44.194402488701904,44.61304713673934,44.06698573030854,44.485633850097656,12649300,0.0,0.0
2023-01-17 00:00:00-05:00,44.522040542135336,44.54024293838932,43.639246890205605,43.75756072998047,19290800,0.0,0.0
2023-01-18 00:00:00-05:00,43.85766446134522,43.93047403932153,42.67453659324426,42.68363952636719,19882200,0.0,0.0
2023-01-19 00:00:00-05:00,42.7291416443791,42.82015014055605,42.219485039234016,42.2831916809082,19118600,0.0,0.0
2023-01-20 00:00:00-05:00,41.919155907023224,42.619932465319025,41.56421442548245,42.574424743652344,21847200,0.0,0.0
2023-01-23 00:00:00-05:00,42.68363269138346,43.56642611659695,42.601723665152186,43.22969055175781,15180500,0.0,0.0
2023-01-24 00:00:00-05:00,43.22059421868749,43.70294547930613,42.82925145079828,43.51182556152344,14872700,0.0,0.0
2023-01-25 00:00:00-05:00,43.66654968261719,43.75756166583362,42.983975431378745,43.66654968261719,14638700,0.0,0.0
2023-01-26 00:00:00-05:00,43.8212612394224,44.11249259516578,43.53002988367902,43.994178771972656,12952700,0.0,0.0
2023-01-27 00:00:00-05:00,43.775754860707075,44.34911812878772,43.657444505640186,44.148895263671875,13414800,0.0,0.0
2023-01-30 00:00:00-05:00,43.81215822927209,44.139794371842314,43.793955835601345,43.88496780395508,19261900,0.0,0.0
2023-01-31 00:00:00-05:00,43.79395620861694,44.312712281521094,43.73024956610251,44.29450988769531,16821600,0.0,0.0
2023-02-01 00:00:00-05:00,44.039688378221854,44.50384079473587,43.23880031661572,44.20350646972656,19639400,0.0,0.0
2023-02-02 00:00:00-05:00,44.16709891006202,45.10450314642823,44.01238376208761,44.886077880859375,17883800,0.0,0.0
2023-02-03 00:00:00-05:00,44.8678746369843,44.8678746369843,44.1488956797932,44.25811004638672,17980000,0.0,0.0
2023-02-06 00:00:00-05:00,43.74845692219023,43.93957687141171,43.247903186335485,43.29340744018555,13991600,0.0,0.0
2023-02-07 00:00:00-05:00,42.993065683936734,43.82125539227865,42.74733860936261,43.53912353515625,16675200,0.0,0.0
2023-02-08 00:00:00-05:00,43.12048644269141,43.26610212643206,42.565325563507734,42.738243103027344,18905500,0.0,0.0
2023-02-09 00:00:00-05:00,42.98396864899468,43.147786721183444,42.255890256906646,42.5289192199707,18598400,0.0,0.0
2023-02-10 00:00:00-05:00,42.50162303850054,43.06588343371987,42.44701584989786,43.01127624511719,17397300,0.0,0.0
2023-02-13 00:00:00-05:00,43.18419448128782,43.675648731683104,43.1295872962155,43.557334899902344,19422100,0.0,0.0
2023-02-14 00:00:00-05:00,43.48452256491369,43.6847454257422,42.93846463579257,43.41171646118164,19134400,0.0,0.0
2023-02-15 00:00:00-05:00,43.22969331172958,44.15799451103373,43.0749781810546,44.09428787231445,27071200,0.0,0.0
2023-02-16 00:00:00-05:00,45.49584217677093,47.0885151340844,45.32292117662735,46.405941009521484,48125300,0.0,0.0
2023-02-17 00:00:00-05:00,46.715379456337416,46.81548742175079,46.05100418637744,46.20572280883789,25321400,0.0,0.0
2023-02-21 00:00:00-05:00,46.1511100451926,46.1966142915625,45.15910219862248,45.222808837890625,25100500,0.0,0.0
2023-02-22 00:00:00-05:00,45.368426758797774,45.368426758797774,44.494732686870755,44.876976013183594,20301900,0.0,0.0
2023-02-23 00:00:00-05:00,45.08629926208603,45.21371254956178,44.185299845040575,44.78596496582031,14066200,0.0,0.0
2023-02-24 00:00:00-05:00,44.42193161413668,44.503840659640396,43.839465361803605,44.12159729003906,17251600,0.0,0.0
2023-02-27 00:00:00-05:00,44.54934014033228,44.90427814223573,44.18529920559704,44.349117279052734,14776400,0.0,0.0
2023-02-28 00:00:00-05:00,44.42192756330137,44.531138456763365,44.03058476733151,44.066986083984375,16622400,0.0,0.0
2023-03-01 00:00:00-05:00,44.0851872687356,44.22170348563164,43.70294741622927,43.994178771972656,13449300,0.0,0.0
2023-03-02 00:00:00-05:00,43.97597906111062,44.25811097309036,43.79395858472859,44.16709899902344,18281800,0.0,0.0
2023-03-03 00:00:00-05:00,44.58574817330002,44.922483805800624,44.43102954966337,44.849674224853516,15969900,0.0,0.0
2023-03-06 00:00:00-05:00,45.01348990205132,45.33202659402563,44.81327050866215,44.97708511352539,13878400,0.0,0.0
2023-03-07 00:00:00-05:00,45.11360462054641,45.28652217101173,44.25811285838621,44.512939453125,17506600,0.0,0.0
2023-03-08 00:00:00-05:00,44.61304107750741,44.84056576468049,44.35821453883395,44.694950103759766,12055500,0.0,0.0
2023-03-09 00:00:00-05:00,44.86787877403664,45.22281681881333,44.33092023990594,44.421932220458984,12497700,0.0,0.0
2023-03-10 00:00:00-05:00,44.494735438960426,44.749562024429444,43.95777693975654,44.19440460205078,16338200,0.0,0.0
2023-03-13 00:00:00-04:00,44.16709892795863,44.48563562905262,43.79395851426417,44.05788803100586,20280800,0.0,0.0
2023-03-14 00:00:00-04:00,44.30361472095415,44.83147027753854,44.14889610267391,44.640350341796875,17679600,0.0,0.0
2023-03-15 00:00:00-04:00,44.02147800061617,44.69495264044238,44.02147800061617,44.64944839477539,17354900,0.0,0.0
2023-03-16 00:00:00-04:00,44.30361738563787,45.768877257957044,44.14889875805192,45.614158630371094,21425100,0.0,0.0
2023-03-17 00:00:00-04:00,45.7415669020881,46.00549640312785,45.268318552863775,45.677860260009766,47642700,0.0,0.0
2023-03-20 00:00:00-04:00,45.705170416800286,46.45145127866165,45.51404699861474,46.36043930053711,22699700,0.0,0.0
2023-03-21 00:00:00-04:00,46.6061621684157,46.71537653216978,45.80527766472912,46.114707946777344,23334000,0.0,0.0
2023-03-22 00:00:00-04:00,46.17842158420977,46.187521046007596,44.977087793533364,45.013492584228516,21399400,0.0,0.0
2023-03-23 00:00:00-04:00,45.10449736575065,45.73246428218297,44.96798115829732,45.259212493896484,17775400,0.0,0.0
2023-03-24 00:00:00-04:00,45.413935917134694,46.00549811150814,45.049894973095846,45.969093322753906,19438800,0.0,0.0
2023-03-27 00:00:00-04:00,46.14201843669275,46.36954317901199,45.94179555249116,45.996402740478516,15857200,0.0,0.0
2023-03-28 00:00:00-04:00,45.79616809159831,46.050994626572255,45.75066384917456,45.8598747253418,11124300,0.0,0.0
2023-03-29 00:00:00-04:00,46.16930953616424,46.66076369827273,46.08740050914616,46.56975173950195,18463400,0.0,0.0
2023-03-30 00:00:00-04:00,46.94290891077588,47.03391742367315,46.53336365923368,46.806392669677734,11754600,0.0,0.0
2023-03-31 00:00:00-04:00,46.81548056074687,47.64367032171401,46.76997631554565,47.57996368408203,20588800,0.0,0.0
2023-04-03 00:00:00-04:00,47.37975218095299,47.83480165205482,47.3160455327389,47.607276916503906,16884600,0.0,0.0
2023-04-04 00:00:00-04:00,47.70813476577705,47.79065906924315,47.157975074556376,47.51557922363281,13599900,0.39,0.0
2023-04-05 00:00:00-04:00,47.74481301127976,47.946539863714676,47.38720886220332,47.51557922363281,13797900,0.0,0.0
2023-04-06 00:00:00-04:00,46.69033540501027,47.277176829710214,46.51611898854261,47.01126480102539,14749000,0.0,0.0
2023-04-10 00:00:00-04:00,46.864553523671695,47.13046554216798,46.65365887039769,47.066280364990234,10177700,0.0,0.0
2023-04-11 00:00:00-04:00,46.87372792946466,47.03877655051945,46.32356819116888,46.415260314941406,15957900,0.0,0.0
2023-04-12 00:00:00-04:00,46.598643501296,46.71784604880225,45.89260302426668,45.9476203918457,16100700,0.0,0.0
2023-04-13 00:00:00-04:00,46.0393075634055,46.60780980719211,45.92927633789147,46.580299377441406,15451700,0.0,0.0
2023-04-14 00:00:00-04:00,46.32356075045132,46.626147508561935,46.030141804113256,46.34189987182617,12360100,0.0,0.0
2023-04-17 00:00:00-04:00,46.3602445986723,46.470275842395644,45.892605691645294,46.10350036621094,12042300,0.0,0.0
2023-04-18 00:00:00-04:00,46.1951895081559,46.47943713941224,45.91093837906987,46.131004333496094,15203600,0.0,0.0
2023-04-19 00:00:00-04:00,45.14071590400401,45.17739414858069,44.00371830476638,44.049564361572266,30466700,0.0,0.0
2023-04-20 00:00:00-04:00,43.65527644546011,43.691954685389355,42.50910768139249,42.71083450317383,39769400,0.0,0.0
2023-04-21 00:00:00-04:00,42.70167331137169,43.205986987480074,42.399086504838785,43.12346267700195,20861000,0.0,0.0
2023-04-24 00:00:00-04:00,43.14179418353963,43.5085696093079,43.09594812977602,43.45355224609375,17359900,0.0,0.0
2023-04-25 00:00:00-04:00,43.435218974884656,43.49023634550855,42.92173750704894,43.1784782409668,20281600,0.0,0.0
2023-04-26 00:00:00-04:00,42.875883345295144,42.9584076434545,42.5732965839307,42.67416000366211,22390500,0.0,0.0
2023-04-27 00:00:00-04:00,42.894220586206615,42.91255970697461,42.151505433165916,42.69249725341797,22845400,0.0,0.0
2023-04-28 00:00:00-04:00,42.811698948526846,43.33435168044633,42.738345958732275,43.3251838684082,19665000,0.0,0.0
2023-05-01 00:00:00-04:00,43.279340665079026,43.5727596392561,43.215155483092175,43.407711029052734,13122300,0.0,0.0
2023-05-02 00:00:00-04:00,43.01341921528122,43.169299978735346,42.23402589149853,42.50910568237305,20175100,0.0,0.0
2023-05-03 00:00:00-04:00,42.56412326715379,42.68332580283636,42.05064187866818,42.142333984375,20765700,0.0,0.0
2023-05-04 00:00:00-04:00,41.968115834947625,42.11482529666069,41.77556032229225,41.9039306640625,17748900,0.0,0.0
2023-05-05 00:00:00-04:00,42.289042553520524,42.50910849950176,42.105654848174424,42.40824508666992,14317400,0.0,0.0
2023-05-08 00:00:00-04:00,42.582475826049304,42.655832332028325,42.261549856967896,42.49078369140625,12000000,0.0,0.0
2023-05-09 00:00:00-04:00,42.160681732173146,42.65582759909986,42.1056643587934,42.609981536865234,15221900,0.0,0.0
2023-05-10 00:00:00-04:00,42.820883607223074,43.03177832814205,42.31656983999673,42.83005142211914,15625100,0.0,0.0
2023-05-11 00:00:00-04:00,42.940072837830805,42.95840846192242,42.362402739709225,42.518280029296875,12521900,0.0,0.0
2023-05-12 00:00:00-04:00,42.43576892280032,42.92174706023453,42.43576892280032,42.83005142211914,14097500,0.0,0.0
2023-05-15 00:00:00-04:00,42.91256131761363,43.334350617619585,42.692498855797375,43.18764114379883,13204400,0.0,0.0
2023-05-16 00:00:00-04:00,43.3160245917855,43.39854890770945,42.912570826010416,43.02260208129883,16496300,0.0,0.0
2023-05-17 00:00:00-04:00,43.23349745577001,43.792825007402705,43.10512358550496,43.67362594604492,29326000,0.0,0.0
2023-05-18 00:00:00-04:00,41.95894623450536,44.2421160418227,41.90393237026638,44.19626998901367,41475700,0.0,0.0
2023-05-19 00:00:00-04:00,44.4071711620324,45.241582038076395,44.379664225866925,45.04902648925781,28564100,0.0,0.0
2023-05-22 00:00:00-04:00,45.030686358930346,45.14071759896194,44.718928263982434,44.764774322509766,18667500,0.0,0.0
2023-05-23 00:00:00-04:00,44.57221782534236,45.25074787183654,44.563046515134886,44.84729766845703,17645900,0.0,0.0
2023-05-24 00:00:00-04:00,44.883977930842825,44.92982399045073,44.16876610920504,44.388832092285156,15452900,0.0,0.0
2023-05-25 00:00:00-04:00,43.80198834232836,45.14071269370081,43.75614228878294,44.95732498168945,21717000,0.0,0.0
2023-05-26 00:00:00-04:00,45.03068247694743,45.929278438371554,45.03068247694743,45.7183837890625,19825600,0.0,0.0
2023-05-30 00:00:00-04:00,45.83759084265501,46.29605842920842,45.608357049378306,46.00263595581055,19074800,0.0,0.0
2023-05-31 00:00:00-04:00,45.76423253681397,45.87426377383527,45.48915269534574,45.544166564941406,51990300,0.0,0.0
2023-06-01 00:00:00-04:00,45.62668065227856,45.929270858630794,45.168213186529734,45.60834503173828,17817000,0.0,0.0
2023-06-02 00:00:00-04:00,45.727551569739816,46.07598788036676,45.59918121788509,45.86509323120117,19155400,0.0,0.0
2023-06-05 00:00:00-04:00,46.04848558054896,46.378582803006395,45.88343696932025,46.03931427001953,13964100,0.0,0.0
2023-06-06 00:00:00-04:00,45.65419963551754,45.764230868527775,45.058190419204955,45.67253875732422,16029600,0.0,0.0
2023-06-07 00:00:00-04:00,45.57167417311993,45.97512434907957,45.52582811868834,45.64502716064453,15950600,0.0,0.0
2023-06-08 00:00:00-04:00,45.77339956745251,45.84675605610062,45.45247367419176,45.55333709716797,13289100,0.0,0.0
2023-06-09 00:00:00-04:00,45.41579729737225,45.81925100586715,45.269087811873206,45.53499984741211,12173400,0.0,0.0
2023-06-12 00:00:00-04:00,45.77339938288471,46.31439124207851,45.544165603528526,46.28688430786133,15495000,0.0,0.0
2023-06-13 00:00:00-04:00,46.479435963291216,46.708669723512706,46.25937351226315,46.580299377441406,24035500,0.0,0.0
2023-06-14 00:00:00-04:00,46.58030695846881,46.96542155719039,46.42442965510709,46.72701644897461,16630700,0.0,0.0
2023-06-15 00:00:00-04:00,46.6811693413629,47.74481399811597,46.60781634667135,47.6164436340332,22496900,0.0,0.0
2023-06-16 00:00:00-04:00,47.86401073397074,48.05656625669899,47.61643784853598,47.744808197021484,37134400,0.0,0.0
2023-06-20 00:00:00-04:00,47.62560566948526,47.7539795158258,47.19464857060298,47.268001556396484,20138000,0.0,0.0
2023-06-21 00:00:00-04:00,47.112133912106344,47.130473036763355,46.59864891520116,46.626155853271484,16939600,0.0,0.0
2023-06-22 00:00:00-04:00,46.44276117147679,46.89205738225686,46.2410343433872,46.87371826171875,14993800,0.0,0.0
2023-06-23 00:00:00-04:00,46.43359304117574,46.50694952835022,45.92927943425561,46.14934539794922,16544600,0.0,0.0
2023-06-26 00:00:00-04:00,46.13100988616332,46.58030616286252,46.01180733409145,46.03931427001953,13032100,0.0,0.0
2023-06-27 00:00:00-04:00,46.13100516137045,46.800367350427756,46.07598779731912,46.635318756103516,12981000,0.0,0.0
2023-06-28 00:00:00-04:00,46.56196117840663,46.78202713161967,46.25020311842211,46.64448547363281,11387600,0.0,0.0
2023-06-29 00:00:00-04:00,46.635327115175585,47.01127042567064,46.59864886590037,46.95625305175781,14246000,0.0,0.0
2023-06-30 00:00:00-04:00,47.57060059684634,47.91903346496658,47.24050335519111,47.442230224609375,18188300,0.0,0.0
2023-07-03 00:00:00-04:00,47.09378989384163,47.524750533923495,47.0662829586296,47.51557922363281,7338300,0.0,0.0
2023-07-05 00:00:00-04:00,47.09058438621134,47.644915916533556,47.05362801102881,47.589481353759766,14950500,0.39,0.0
2023-07-06 00:00:00-04:00,47.182972365829215,47.29383796835284,46.794940994819555,47.21992874145508,13931100,0.0,0.0
2023-07-07 00:00:00-04:00,47.11830715725912,47.71883601116205,46.87809773031062,47.10906982421875,15580400,0.0,0.0
2023-07-10 00:00:00-04:00,47.18297679231549,47.580249056678824,47.13678308062647,47.48786163330078,19046500,0.0,0.0
2023-07-11 00:00:00-04:00,47.644919239428646,48.18077614388573,47.61720371828575,48.15305709838867,14998300,0.0,0.0
2023-07-12 00:00:00-04:00,47.63568571708037,47.97752342781496,46.684078297599214,46.87809753417969,26332500,0.0,0.0
2023-07-13 00:00:00-04:00,46.83190474443307,47.691121293737474,46.7949518845618,47.60797119140625,17864800,0.0,0.0
2023-07-14 00:00:00-04:00,46.58244693350841,47.090588323873554,46.249850102116056,46.545494079589844,19566600,0.0,0.0
2023-07-17 00:00:00-04:00,46.37919187345272,47.07210807617058,46.32375730846783,46.94276428222656,16140700,0.0,0.0
2023-07-18 00:00:00-04:00,47.09982536661893,47.460141241677164,46.97971890014812,47.34003829956055,16430800,0.0,0.0
2023-07-19 00:00:00-04:00,48.23620421359463,48.44869808608819,47.76502276143134,48.43946075439453,21745000,0.0,0.0
2023-07-20 00:00:00-04:00,48.097622478280684,48.845969688305125,47.9682751657425,48.38402557373047,22784400,0.0,0.0
2023-07-21 00:00:00-04:00,48.73511030476336,48.96608239151579,48.531853740627824,48.624244689941406,51284800,0.0,0.0
2023-07-24 00:00:00-04:00,48.67967593645208,49.252489251501665,48.661197746512954,49.067710876464844,18390200,0.0,0.0
2023-07-25 00:00:00-04:00,49.141618375585956,49.66823443500407,49.06770914279522,49.52041244506836,16136600,0.0,0.0
2023-07-26 00:00:00-04:00,49.46498221102782,49.56661049158812,48.92912528602049,49.16933822631836,13563700,0.0,0.0
2023-07-27 00:00:00-04:00,49.52041513792553,49.78834361061432,48.83673971892831,48.96608352661133,15795500,0.0,0.0
2023-07-28 00:00:00-04:00,48.0976239881054,48.43022080058237,47.82969554739666,48.12533950805664,27491300,0.0,0.0
2023-07-31 00:00:00-04:00,47.89437277648865,48.20849496021119,47.80198535012796,48.07915115356445,14193500,0.0,0.0
2023-08-01 00:00:00-04:00,48.568808376356856,48.76282407641719,48.32859896547562,48.65195846557617,15286200,0.0,0.0
2023-08-02 00:00:00-04:00,48.393277940796,49.067716085578716,48.33784336509361,48.57805633544922,17693700,0.0,0.0
2023-08-03 00:00:00-04:00,48.49489395328876,49.215525633154265,48.26392189955199,49.10466003417969,15186400,0.0,0.0
2023-08-04 00:00:00-04:00,48.85521677669384,49.261726380610554,48.541094597736354,48.624244689941406,12266700,0.0,0.0
2023-08-07 00:00:00-04:00,48.938366053935695,49.03075347735641,48.6704375919196,48.975318908691406,11327900,0.0,0.0
2023-08-08 00:00:00-04:00,48.65196194556596,49.086190611921374,48.37479613646112,49.02151870727539,12224800,0.0,0.0
2023-08-09 00:00:00-04:00,48.873694238866975,49.3818321172857,48.65195948817017,48.956844329833984,18765500,0.0,0.0
2023-08-10 00:00:00-04:00,49.3448787447082,50.01931684615465,49.123143980501034,49.30792236328125,16329500,0.0,0.0
2023-08-11 00:00:00-04:00,49.28944403796068,49.843779184787465,49.1416220370111,49.69595718383789,14344500,0.0,0.0
2023-08-14 00:00:00-04:00,49.705189570143496,50.01007439920811,49.63128033920168,49.77910232543945,20707300,0.0,0.0
2023-08-15 00:00:00-04:00,49.538890422796946,49.640518701260156,49.13238083329831,49.2894401550293,20173400,0.0,0.0
2023-08-16 00:00:00-04:00,49.14162063955204,49.44650549028982,48.84597664606023,48.92912673950195,26470200,0.0,0.0
2023-08-17 00:00:00-04:00,50.29647888989265,51.58992394809365,50.231806989418025,50.56440734863281,45278000,0.0,0.0
2023-08-18 00:00:00-04:00,50.4720207428477,51.23884622846103,50.46277988585654,50.85081481933594,28839800,0.0,0.0
2023-08-21 00:00:00-04:00,50.99863240925818,51.54372662098576,50.952438701353266,51.22036361694336,18283200,0.0,0.0
2023-08-22 00:00:00-04:00,51.25732783075084,51.57145002663218,51.07254944652278,51.23884963989258,15661300,0.0,0.0
2023-08-23 00:00:00-04:00,51.377427310703304,51.9225215315303,51.18341161965151,51.71926498413086,18250000,0.0,0.0
2023-08-24 00:00:00-04:00,52.033392543810656,52.18121454154602,51.0078758926165,51.03559494018555,17586400,0.0,0.0
2023-08-25 00:00:00-04:00,51.04483226324342,51.61764206381261,51.04483226324342,51.4605827331543,15731800,0.0,0.0
2023-08-28 00:00:00-04:00,51.636124442237644,51.996440370600546,51.44210871532757,51.92253112792969,15189900,0.0,0.0
2023-08-29 00:00:00-04:00,52.06110391832331,52.47685435518401,51.83937270156704,52.255123138427734,17859100,0.0,0.0
2023-08-30 00:00:00-04:00,52.31979525303587,52.57848284843768,52.23664516532041,52.4860954284668,12145400,0.0,0.0
2023-08-31 00:00:00-04:00,52.75402090427569,53.151293158115934,52.56000520570838,52.98499298095703,22619700,0.0,0.0
2023-09-01 00:00:00-04:00,53.021955502583204,53.76106552873134,53.021955502583204,53.437705993652344,14080400,0.0,0.0
2023-09-05 00:00:00-04:00,53.419218904260674,53.419218904260674,52.874124689957846,52.90184020996094,13885000,0.0,0.0
2023-09-06 00:00:00-04:00,52.75402511468391,53.09586635299038,52.72630959106346,52.8094596862793,11380400,0.0,0.0
2023-09-07 00:00:00-04:00,52.63392869005898,52.74479432264406,52.3475219878297,52.467628479003906,14762000,0.0,0.0
2023-09-08 00:00:00-04:00,52.43989675902391,52.72630339206233,52.255121924138805,52.356746673583984,13992000,0.0,0.0
2023-09-11 00:00:00-04:00,52.40294740559448,52.633919488976886,52.144256275645255,52.51381301879883,15842300,0.0,0.0
2023-09-12 00:00:00-04:00,52.33827737153391,52.532293082652245,52.05187070915369,52.09806442260742,13916100,0.0,0.0
2023-09-13 00:00:00-04:00,52.0333896365142,52.22740533688504,51.8116584144773,51.99643325805664,13092200,0.0,0.0
2023-09-14 00:00:00-04:00,52.125779742326145,52.17197697995396,51.81166108232521,52.079586029052734,15760300,0.0,0.0
2023-09-15 00:00:00-04:00,52.02415425691301,52.09806349224824,51.312759804495336,51.77470397949219,44029200,0.0,0.0
2023-09-18 00:00:00-04:00,51.74698740291072,51.996437692240676,51.580690734378614,51.839378356933594,11825000,0.0,0.0
2023-09-19 00:00:00-04:00,51.90405370383224,51.93176922969939,51.238852888182606,51.58993148803711,10748500,0.0,0.0
2023-09-20 00:00:00-04:00,51.69154922245883,51.78393663937957,51.220364232842556,51.27579879760742,12219900,0.0,0.0
2023-09-21 00:00:00-04:00,49.344880495260675,49.9823622378954,48.827501709992504,49.280208587646484,37436100,0.0,0.0
2023-09-22 00:00:00-04:00,49.33563553889901,49.7329077810634,49.150857178113746,49.49269485473633,17869500,0.0,0.0
2023-09-25 00:00:00-04:00,49.39107152277167,49.59432809241125,49.11390571603416,49.409549713134766,14224400,0.0,0.0
2023-09-26 00:00:00-04:00,49.13238310502702,49.24324872104287,48.57805150059338,48.69815444946289,15618400,0.0,0.0
2023-09-27 00:00:00-04:00,48.86446076679725,49.30792681085771,48.531860352663195,49.1508674621582,15845500,0.0,0.0
2023-09-28 00:00:00-04:00,49.30791732131308,50.065505441325925,49.289439132489086,49.77910232543945,17204400,0.0,0.0
2023-09-29 00:00:00-04:00,50.037792525823576,50.07474890539594,49.42802636029689,49.668235778808594,13951200,0.0,0.0
2023-10-02 00:00:00-04:00,49.74214822164629,50.25952695930642,49.714432699320426,50.25028610229492,13934000,0.0,0.0
2023-10-03 00:00:00-04:00,50.12001182079265,50.14792751251063,49.645423762737785,49.92459487915039,15700600,0.39,0.0
2023-10-04 00:00:00-04:00,49.933904205956,50.11070952187713,49.52445863496616,49.738487243652344,17009000,0.0,0.0
2023-10-05 00:00:00-04:00,49.69194775797901,49.75708672949372,48.92888819182869,49.38486099243164,14929400,0.0,0.0
2023-10-06 00:00:00-04:00,49.31043002627997,50.01765483977308,49.07778977121126,49.738487243652344,15665500,0.0,0.0
2023-10-09 00:00:00-04:00,49.645422853381135,50.21306557330387,49.552368182820224,50.17584228515625,10163600,0.0,0.0
2023-10-10 00:00:00-04:00,50.21306122408415,50.33403512518166,49.92458964044649,50.129310607910156,13105600,0.0,0.0
2023-10-11 00:00:00-04:00,50.18515080066429,50.371263695000785,49.64542376206927,49.93389892578125,12658000,0.0,0.0
2023-10-12 00:00:00-04:00,50.26889588513403,50.45500875895771,49.794307879393266,50.11069869995117,11846100,0.0,0.0
2023-10-13 00:00:00-04:00,50.138624784276885,50.361957423512656,49.72917569599747,50.03626251220703,14413800,0.0,0.0
2023-10-16 00:00:00-04:00,50.315430737716774,50.79932286207153,50.28751504490288,50.3991813659668,11736600,0.0,0.0
2023-10-17 00:00:00-04:00,50.054864578361524,50.2316698464062,49.477914346159224,50.1944465637207,17105900,0.0,0.0
2023-10-18 00:00:00-04:00,50.05487415711139,50.42709640577378,49.87806530542408,50.03626251220703,13087300,0.0,0.0
2023-10-19 00:00:00-04:00,50.02694576879099,50.1851429466519,49.50583400597302,49.61750030517578,16325600,0.0,0.0
2023-10-20 00:00:00-04:00,49.682642398134064,49.868755275041146,49.1336113636525,49.25458526611328,23888700,0.0,0.0
2023-10-23 00:00:00-04:00,49.15222213449395,49.1801378231021,48.53805213645983,48.57527542114258,17760000,0.0,0.0
2023-10-24 00:00:00-04:00,48.631112206666465,49.3662561867716,48.445002862170966,49.32903289794922,14824200,0.0,0.0
2023-10-25 00:00:00-04:00,49.422088047419784,49.66403231010712,48.6962517095498,48.761390686035156,14384700,0.0,0.0
2023-10-26 00:00:00-04:00,48.26819027588462,48.510138084678466,47.74707847197404,47.80290985107422,17594500,0.0,0.0
2023-10-27 00:00:00-04:00,48.0541602744899,48.52874828154677,47.8308276651284,47.97971725463867,13333900,0.0,0.0
2023-10-30 00:00:00-04:00,47.78429678451358,48.054160274817725,47.54235253273567,47.98902130126953,13322400,0.0,0.0
2023-10-31 00:00:00-04:00,48.15652155157558,48.54735538489803,48.09138257935517,48.510135650634766,13509300,0.0,0.0
2023-11-01 00:00:00-04:00,48.426389371461774,48.649721996264915,48.203053196850576,48.56597137451172,14300700,0.0,0.0
2023-11-02 00:00:00-04:00,48.686948050768,49.133616875568556,48.55667008726054,49.08708953857422,17459700,0.0,0.0
2023-11-03 00:00:00-04:00,49.5616731283768,49.73848197537902,48.975422303561196,49.32903289794922,17644900,0.0,0.0
2023-11-06 00:00:00-05:00,49.291812771359226,49.59889602720881,49.20806214707149,49.58959197998047,15429600,0.0,0.0
2023-11-07 00:00:00-05:00,49.636121293558446,49.729175968782414,49.29181473545979,49.440704345703125,15153100,0.0,0.0
2023-11-08 00:00:00-05:00,49.68264320005338,49.785005461494876,49.10569646715611,49.319725036621094,13633800,0.0,0.0
2023-11-09 00:00:00-05:00,48.50083027847247,48.91958336895186,48.156523759548485,48.389163970947266,21039400,0.0,0.0
2023-11-10 00:00:00-05:00,48.62180724020689,48.97542137771831,48.32402803487353,48.93819808959961,17369000,0.0,0.0
2023-11-13 00:00:00-05:00,48.83583541451741,48.98472501594122,48.472917232909865,48.60319519042969,14931600,0.0,0.0
2023-11-14 00:00:00-05:00,48.82653075282731,49.66403341911552,48.82653075282731,49.47792053222656,18331000,0.0,0.0
2023-11-15 00:00:00-05:00,49.570983885455014,49.71987350042751,49.35695528579508,49.58028793334961,32188200,0.0,0.0
2023-11-16 00:00:00-05:00,44.11789296676196,44.722758983198425,42.99191510828368,44.70414733886719,79057800,0.0,0.0
2023-11-17 00:00:00-05:00,44.71344793942707,45.00192307961204,44.415668752697776,44.44358444213867,32593700,0.0,0.0
2023-11-20 00:00:00-05:00,44.25748111997869,45.01123323565512,44.2481735223631,44.91817855834961,27421000,0.0,0.0
2023-11-21 00:00:00-05:00,44.91817684902469,44.99261987807455,44.35053410956046,44.480812072753906,21510500,0.0,0.0
2023-11-22 00:00:00-05:00,44.741371154785156,44.9926194816972,44.620397240110606,44.741371154785156,17308400,0.0,0.0
2023-11-24 00:00:00-05:00,44.750674549065636,45.03914971067703,44.713451260507746,45.00192642211914,8209500,0.0,0.0
2023-11-27 00:00:00-05:00,44.97400952845441,45.01122926620924,44.583172108659944,44.601783752441406,17651600,0.0,0.0
2023-11-28 00:00:00-05:00,44.620394337304326,44.8437269577656,44.49011638373392,44.52733612060547,16360900,0.0,0.0
2023-11-29 00:00:00-05:00,44.76927867956939,45.07636188411277,44.69483211494822,44.713443756103516,16700500,0.0,0.0
2023-11-30 00:00:00-05:00,44.84372568358085,45.13220082243862,44.61108547315591,45.02053451538086,37165000,0.0,0.0
2023-12-01 00:00:00-05:00,44.92748115763327,45.392761628776306,44.68553687455453,45.10429000854492,18744700,0.0,0.0
2023-12-04 00:00:00-05:00,44.722751351584954,44.83441764870913,44.462191925218434,44.713443756103516,17812900,0.0,0.0
2023-12-05 00:00:00-05:00,44.43428250821636,44.62969944320955,44.28539290777278,44.601783752441406,20985000,0.0,0.0
2023-12-06 00:00:00-05:00,44.732062892199416,44.8623408523072,44.34122901187607,44.38775634765625,19535500,0.0,0.0
2023-12-07 00:00:00-05:00,44.583164417461134,45.00191745578318,44.480802169226024,44.90885925292969,20478500,0.0,0.0
2023-12-08 00:00:00-05:00,44.927476301326145,45.215951440183915,44.862337326391796,45.02053451538086,16039900,0.0,0.0
2023-12-11 00:00:00-05:00,45.541654096799036,46.00693459715386,45.45790346474283,45.96040725708008,25618900,0.0,0.0
2023-12-12 00:00:00-05:00,46.13721559543735,46.146519643423105,45.69985079412916,45.90457534790039,18712200,0.0,0.0
2023-12-13 00:00:00-05:00,45.8208134852053,46.248870583793995,45.42067207353965,46.23956298828125,18689200,0.0,0.0
2023-12-14 00:00:00-05:00,46.52803899015763,46.53734303604029,45.75567183901334,46.00692367553711,28418700,0.0,0.0
2023-12-15 00:00:00-05:00,46.05346336648399,46.46290891001207,45.997628431081296,46.407073974609375,58860100,0.0,0.0
2023-12-18 00:00:00-05:00,46.4535943778273,46.80720848297259,45.96970587580677,46.75137710571289,20453100,0.0,0.0
2023-12-19 00:00:00-05:00,46.872350485628694,46.95610110673878,46.37915435565155,46.6955451965332,17035800,0.0,0.0
2023-12-20 00:00:00-05:00,46.63970958236337,46.835130061961756,46.33262634266532,46.3419303894043,17812200,0.0,0.0
2023-12-21 00:00:00-05:00,46.46290323248461,46.50943056473062,45.95109547816269,46.24887466430664,18772300,0.0,0.0
2023-12-22 00:00:00-05:00,46.37915709923018,46.89096490304222,46.37915709923018,46.61179733276367,12903800,0.0,0.0
2023-12-26 00:00:00-05:00,46.630407272519925,46.900270785506,46.57457234058236,46.78860092163086,9721200,0.0,0.0
2023-12-27 00:00:00-05:00,46.80720679921427,47.04915459132895,46.788595157527936,46.93748474121094,10414300,0.0,0.0
2023-12-28 00:00:00-05:00,47.06777441112415,47.114301748520354,46.91888125176301,46.97471618652344,8549900,0.0,0.0
2023-12-29 00:00:00-05:00,46.94679340057277,47.077071345520984,46.73276484104245,47.011932373046875,12492900,0.0,0.0
2024-01-02 00:00:00-05:00,46.98401641952358,47.3283229220582,46.76068026529631,47.00262451171875,20242900,0.0,0.0
2024-01-03 00:00:00-05:00,47.04951728279825,47.52779823154447,46.833823285739626,47.368370056152344,20303900,0.39,0.0
2024-01-04 00:00:00-05:00,47.30272791159013,47.368373760287895,46.880719906370345,46.96512222290039,18134100,0.0,0.0
2024-01-05 00:00:00-05:00,47.0589010654543,47.237082144021336,46.76818117970029,46.9744987487793,13989300,0.0,0.0
2024-01-08 00:00:00-05:00,46.65564135222629,47.35899272939553,46.59937195417791,47.32147979736328,18070300,0.0,0.0
2024-01-09 00:00:00-05:00,46.85258396148962,46.9276098336924,46.35555007915291,46.805694580078125,20489200,0.0,0.0
2024-01-10 00:00:00-05:00,46.8900954927121,47.19019181767102,46.721290862743906,47.115169525146484,15174200,0.0,0.0
2024-01-11 00:00:00-05:00,47.31210676800562,47.35899614771531,46.927608130497624,47.30272674560547,16458300,0.0,0.0
2024-01-12 00:00:00-05:00,47.35899438396845,47.659090695850665,47.17143329468451,47.208946228027344,18785700,0.0,0.0
2024-01-16 00:00:00-05:00,47.12454473786304,47.443397521972656,46.95574011230911,47.443397521972656,17015900,0.0,0.0
2024-01-17 00:00:00-05:00,47.115174293781116,47.2933553868126,46.805697915039815,47.17144012451172,17370600,0.0,0.0
2024-01-18 00:00:00-05:00,47.17142948705452,47.64033038370005,47.1526730218971,47.593441009521484,18487500,0.0,0.0
2024-01-19 00:00:00-05:00,47.593450632855074,48.193643329530744,47.57469416390513,48.08110809326172,23015300,0.0,0.0
2024-01-22 00:00:00-05:00,48.343685549961556,48.55937955017629,48.21239386091174,48.36244201660156,20298700,0.0,0.0
2024-01-23 00:00:00-05:00,48.19363702457881,48.59689211067001,48.109234714061344,48.54062271118164,15044300,0.0,0.0
2024-01-24 00:00:00-05:00,48.765700051202145,48.765700051202145,48.024835672610195,48.11861801147461,19458500,0.0,0.0
2024-01-25 00:00:00-05:00,48.53124940771232,49.29087025153407,48.53124940771232,49.07517623901367,18936600,0.0,0.0
2024-01-26 00:00:00-05:00,49.159575123596774,49.34713622382442,48.75632358763842,48.89699172973633,13160300,0.0,0.0
2024-01-29 00:00:00-05:00,48.61565093306564,49.13144126569844,48.60627448807829,49.037662506103516,13492400,0.0,0.0
2024-01-30 00:00:00-05:00,49.04703807108974,49.15957329607061,48.7656982199224,48.99077224731445,14322100,0.0,0.0
2024-01-31 00:00:00-05:00,48.625026358238266,48.70942867107567,46.95574014593217,47.05889892578125,29311800,0.0,0.0
2024-02-01 00:00:00-05:00,47.1057883045953,47.32148230908415,46.72128967443164,47.05889892578125,20635700,0.0,0.0
2024-02-02 00:00:00-05:00,47.021385991757896,47.24646001846774,46.53372858174515,47.05889892578125,20533100,0.0,0.0
2024-02-05 00:00:00-05:00,46.83382763045913,47.030768756852375,46.196122024591745,46.430572509765625,19602000,0.0,0.0
2024-02-06 00:00:00-05:00,47.180814230552095,47.462154081212,46.6931568199408,46.871337890625,19265800,0.0,0.0
2024-02-07 00:00:00-05:00,47.171430329435225,47.21831970445113,46.38367666590594,46.67439651489258,16794400,0.0,0.0
2024-02-08 00:00:00-05:00,46.796315119900385,46.88071743197562,46.468082316305455,46.843204498291016,19599000,0.0,0.0
2024-02-09 00:00:00-05:00,46.824443778338505,47.133916509551156,46.543103956118834,47.01200485229492,24076900,0.0,0.0
2024-02-12 00:00:00-05:00,46.91822377034557,47.07765193953525,46.4493228617395,46.880714416503906,19046300,0.0,0.0
2024-02-13 00:00:00-05:00,46.53372613895341,46.83382244052609,46.08358168659439,46.55248260498047,23633700,0.0,0.0
2024-02-14 00:00:00-05:00,46.48684093802905,47.208948846494636,46.468084470317294,47.152679443359375,31176400,0.0,0.0
2024-02-15 00:00:00-05:00,45.258319589063326,46.59937663578988,45.19267374012682,46.00856399536133,42766500,0.0,0.0
2024-02-16 00:00:00-05:00,45.71784006936386,46.02731639623064,45.38023083184743,45.427120208740234,24912300,0.0,0.0
2024-02-20 00:00:00-05:00,44.98636040804498,45.455261380144904,44.87382159899102,45.277076721191406,26402500,0.0,0.0
2024-02-21 00:00:00-05:00,45.43650103050545,45.50214687479712,44.920710720743585,45.46463394165039,15981300,0.0,0.0
2024-02-22 00:00:00-05:00,45.26769428809236,45.67094935695269,45.15515907135437,45.549034118652344,22020300,0.0,0.0
2024-02-23 00:00:00-05:00,45.59592512654397,46.08358251977382,45.48338990577713,45.82099914550781,13141900,0.0,0.0
2024-02-26 00:00:00-05:00,45.811618254756816,45.85851120849795,45.35209735850647,45.389610290527344,13018700,0.0,0.0
2024-02-27 00:00:00-05:00,45.155158153749944,45.43649797859278,45.03324291792706,45.305206298828125,12515400,0.0,0.0
2024-02-28 00:00:00-05:00,45.20204668218985,45.464630036803925,45.02386205376182,45.07075500488281,14635100,0.0,0.0
2024-02-29 00:00:00-05:00,45.19266466900746,45.46462803283019,45.13639885403017,45.36146926879883,22962500,0.0,0.0
2024-03-01 00:00:00-05:00,45.11764689952116,45.40836317910768,44.69563535786159,45.389610290527344,18508100,0.0,0.0
2024-03-04 00:00:00-05:00,45.36147587467807,46.393060087788996,45.23018418403838,46.0742073059082,25214500,0.0,0.0
2024-03-05 00:00:00-05:00,45.9898016285208,46.01793453804781,45.54903363297096,45.905399322509766,18101300,0.0,0.0
2024-03-06 00:00:00-05:00,45.93353615285741,46.33679125183918,45.92415970802471,46.111717224121094,20903600,0.0,0.0
2024-03-07 00:00:00-05:00,46.36492316942009,46.40243610280698,45.792867033706024,45.85851287841797,21224700,0.0,0.0
2024-03-08 00:00:00-05:00,45.830375994446584,46.68377554577286,45.811619527914885,46.42119216918945,19316200,0.0,0.0
2024-03-11 00:00:00-04:00,46.62750793101906,47.17143112980652,46.49621624777485,47.09640884399414,17715100,0.0,0.0
2024-03-12 00:00:00-04:00,47.39650222881146,47.405878672425395,46.786929648440065,46.95573425292969,17590400,0.0,0.0
2024-03-13 00:00:00-04:00,46.91822974314003,47.03076855128155,46.73067221776514,46.993255615234375,16669900,0.0,0.0
2024-03-14 00:00:00-04:00,47.143301676212644,47.218323967525436,46.51497254649518,46.69315719604492,17239400,0.0,0.0
2024-03-15 00:00:00-04:00,46.69316034161818,46.85258495729176,45.85851717149048,45.88665008544922,57049200,0.0,0.0
2024-03-18 00:00:00-04:00,46.158615986172144,46.57124758188532,45.93354193014539,46.20550537109375,17406700,0.0,0.0
2024-03-19 00:00:00-04:00,46.06483117803159,46.51497568860682,45.92416303078152,46.083587646484375,19601100,0.0,0.0
2024-03-20 00:00:00-04:00,45.98980504335627,46.49621891702471,45.89602270891937,46.468082427978516,18554100,0.0,0.0
2024-03-21 00:00:00-04:00,46.61812539626904,47.06826981916674,46.47745727641781,46.77755355834961,26102900,0.0,0.0
2024-03-22 00:00:00-04:00,46.93698762999274,46.98387701275385,46.62751484182492,46.683780670166016,15022900,0.0,0.0
2024-03-25 00:00:00-04:00,46.47745731174088,46.665014805018394,46.22425040290038,46.58999252319336,16191200,0.0,0.0
2024-03-26 00:00:00-04:00,46.468082427978516,46.71191292008418,46.40243658258782,46.468082427978516,13842900,0.0,0.0
2024-03-27 00:00:00-04:00,46.67439651489258,46.796311751877944,46.33678729089003,46.67439651489258,17231000,0.0,0.0
2024-03-28 00:00:00-04:00,46.786938112027435,47.07765800066747,46.71191581725514,46.805694580078125,18139700,0.0,0.0
2024-04-01 00:00:00-04:00,46.852586428534195,47.07766047956343,46.768184106577074,46.9276123046875,15138100,0.0,0.0
2024-04-02 00:00:00-04:00,46.8525814348535,46.97449668189321,46.09296419563219,46.28990173339844,16414400,0.0,0.0
2024-04-03 00:00:00-04:00,46.138630882471475,46.53572753813032,46.00626653280454,46.081905364990234,22210000,0.4,0.0
2024-04-04 00:00:00-04:00,46.412813459280216,46.84772589832497,45.4200772895797,45.48625946044922,17374000,0.0,0.0
2024-04-05 00:00:00-04:00,45.34443612475605,46.01571445563761,45.278253957297736,45.902259826660156,18661300,0.0,0.0
2024-04-08 00:00:00-04:00,45.561892937543675,46.00626201636581,45.53353018158743,45.609169006347656,15375700,0.0,0.0
2024-04-09 00:00:00-04:00,46.17644028940634,47.4622713045835,45.873892239559616,47.282630920410156,26686600,0.0,0.0
2024-04-10 00:00:00-04:00,47.01790570921265,47.05572511986737,46.14808090409917,46.52626419067383,20026400,0.0,0.0
2024-04-11 00:00:00-04:00,46.63026515217316,46.885540760742344,46.32771708423727,46.82881164550781,15703900,0.0,0.0
2024-04-12 00:00:00-04:00,46.52626667313895,46.54517637947526,45.798259209150686,45.84553527832031,16418100,0.0,0.0
2024-04-15 00:00:00-04:00,47.00845480449274,47.074636972829104,45.57134959396754,45.609169006347656,20310800,0.0,0.0
2024-04-16 00:00:00-04:00,45.826625645252065,45.86444145132744,45.23098251800795,45.306617736816406,14233400,0.0,0.0
2024-04-17 00:00:00-04:00,45.38225852104692,45.64698720828918,45.10807317688438,45.183712005615234,14407600,0.0,0.0
2024-04-18 00:00:00-04:00,45.769897850841105,45.769897850841105,45.26880324092684,45.48625946044922,13080900,0.0,0.0
2024-04-19 00:00:00-04:00,45.750985175608825,45.78880458698278,45.41061768655844,45.6848030090332,20964400,0.0,0.0
2024-04-22 00:00:00-04:00,45.84553234968174,45.940077268666,45.38225359068092,45.514617919921875,20135700,0.0,0.0
2024-04-23 00:00:00-04:00,45.514619264508006,45.81716734218445,45.43898404841769,45.6848030090332,16261700,0.0,0.0
2024-04-24 00:00:00-04:00,45.42952691419834,45.74153164476388,45.306615631855166,45.713165283203125,14828500,0.0,0.0
2024-04-25 00:00:00-04:00,46.11971456605512,46.26153555275314,45.24043310450545,45.47679901123047,18790900,0.0,0.0
2024-04-26 00:00:00-04:00,45.04189002067054,45.64698621066137,45.01352726384528,45.24989318847656,14658900,0.0,0.0
2024-04-29 00:00:00-04:00,45.37280166181811,45.675349738027414,44.985161713758835,45.174251556396484,11599500,0.0,0.0
2024-04-30 00:00:00-04:00,45.01352797601901,45.08916319763562,44.40843177645477,44.417884826660156,18535400,0.0,0.0
2024-05-01 00:00:00-04:00,44.15315050561458,44.97570282149626,44.134240800959475,44.28551483154297,18266400,0.0,0.0
2024-05-02 00:00:00-04:00,44.46515618358102,44.55024805994161,44.058606508375725,44.23824691772461,15441700,0.0,0.0
2024-05-03 00:00:00-04:00,44.53133367307531,44.814975635571514,44.28551472645695,44.55024337768555,17935300,0.0,0.0
2024-05-06 00:00:00-04:00,44.64479977763298,44.852799351729224,44.408433838287884,44.54079818725586,14163000,0.0,0.0
2024-05-07 00:00:00-04:00,44.63534446536739,44.87171041183512,44.446250986861585,44.7015266418457,14308200,0.0,0.0
2024-05-08 00:00:00-04:00,44.85279460767015,45.51461988916708,44.673157811164856,45.38225555419922,15130200,0.0,0.0
2024-05-09 00:00:00-04:00,45.38225852104692,45.4673504000402,45.0513476619941,45.183712005615234,12449300,0.0,0.0
2024-05-10 00:00:00-04:00,45.382254800339176,45.47679972184353,45.09861642916857,45.43898391723633,12096900,0.0,0.0
2024-05-13 00:00:00-04:00,45.67534884254821,46.15753370247293,45.599710021650026,46.025169372558594,15149100,0.0,0.0
2024-05-14 00:00:00-04:00,46.308807853455974,46.49790129951698,45.71316476069395,46.28044509887695,17379700,0.0,0.0
2024-05-15 00:00:00-04:00,46.507351928298235,47.01790312409349,46.07243954965367,46.96117401123047,37342100,0.0,0.0
2024-05-16 00:00:00-04:00,47.34881683051532,47.37717958319369,45.54297796797058,45.70370864868164,47829400,0.0,0.0
2024-05-17 00:00:00-04:00,45.62806441929425,45.911706339055414,45.4862470660705,45.542972564697266,22020300,0.0,0.0
2024-05-20 00:00:00-04:00,45.38225232574713,45.44843448852292,44.44624178459935,44.55970001220703,22040700,0.0,0.0
2024-05-21 00:00:00-04:00,44.550249676866656,44.578616041121556,44.06806476442785,44.38006591796875,25172200,0.0,0.0
2024-05-22 00:00:00-04:00,44.531337087387634,45.230981784980216,44.474611575865026,44.84334182739258,19940600,0.0,0.0
2024-05-23 00:00:00-04:00,44.57860923365026,44.61642503578558,43.973509512939714,44.05860137939453,18837500,0.0,0.0
2024-05-24 00:00:00-04:00,44.086977872845154,44.24770498717158,43.850611923547596,43.888427734375,11941100,0.0,0.0
2024-05-28 00:00:00-04:00,43.63314245029684,44.332783428307756,43.472411778057314,43.75605010986328,18178800,0.0,0.0
2024-05-29 00:00:00-04:00,43.39677946404708,43.80332908916344,43.349503400048704,43.56696319580078,16001100,0.0,0.0
2024-05-30 00:00:00-04:00,43.585876211919974,43.92624372945486,43.49133128223045,43.60478591918945,19894200,0.0,0.0
2024-05-31 00:00:00-04:00,43.62369423041806,44.030243907056835,43.50078294042877,43.96406173706055,39269100,0.0,0.0
2024-06-03 00:00:00-04:00,44.1720629043053,44.219335365497514,43.756056589835595,44.10588073730469,23295000,0.0,0.0
2024-06-04 00:00:00-04:00,44.10587759306531,45.004065111659735,43.973509661842776,44.83388137817383,23330300,0.0,0.0
2024-06-05 00:00:00-04:00,44.92843415641342,45.03243573746849,43.15096144199549,43.51023864746094,28746400,0.0,0.0
2024-06-06 00:00:00-04:00,43.43459688393265,43.86005622916593,43.28332285081164,43.70878219604492,15456100,0.0,0.0
2024-06-07 00:00:00-04:00,43.44405896004159,43.765516771362556,43.29278490804689,43.340057373046875,15734600,0.0,0.0
2024-06-10 00:00:00-04:00,43.30223010704777,43.35895921875667,42.80113557691955,43.34950256347656,13400400,0.0,0.0
2024-06-11 00:00:00-04:00,43.198229743070705,43.42514258957429,42.88622863661779,43.273868560791016,17450700,0.0,0.0
2024-06-12 00:00:00-04:00,43.48186985293682,43.56696171592328,42.914589564141366,43.13204574584961,16803100,0.0,0.0
2024-06-13 00:00:00-04:00,42.94295757381209,43.06586885909787,42.659319198016746,43.037506103515625,16149000,0.0,0.0
2024-06-14 00:00:00-04:00,42.848410447468474,43.217140677707796,42.51749962716587,43.188777923583984,15274200,0.0,0.0
2024-06-17 00:00:00-04:00,42.92405282995139,43.21714426464329,42.49859344949474,43.19823455810547,16382000,0.0,0.0
2024-06-18 00:00:00-04:00,43.01859405547866,43.481872809159235,43.01859405547866,43.46296310424805,17627000,0.0,0.0
2024-06-20 00:00:00-04:00,43.4062350819472,44.313879300583004,43.3589626218082,44.172061920166016,25613200,0.0,0.0
2024-06-21 00:00:00-04:00,44.531335250142156,45.230979918869245,44.4840627902711,44.710975646972656,64967000,0.0,0.0
2024-06-24 00:00:00-04:00,44.900076777938764,45.17425853478115,44.45570764444884,44.7015266418457,19136200,0.0,0.0
2024-06-25 00:00:00-04:00,44.692068517172814,45.212072819035804,44.427339841313334,44.79607009887695,17615800,0.0,0.0
2024-06-26 00:00:00-04:00,44.49352155569264,44.82443239713611,44.247698982056626,44.30442810058594,13981300,0.0,0.0
2024-06-27 00:00:00-04:00,44.22878875558142,44.91897679294261,44.21933570593325,44.86225128173828,16541900,0.0,0.0
2024-06-28 00:00:00-04:00,44.95679524117542,45.24989026719311,44.75824874290096,44.918975830078125,23921100,0.0,0.0
2024-07-01 00:00:00-04:00,44.89061305352048,45.23098053991752,44.7677017708421,44.92843246459961,17776000,0.0,0.0
2024-07-02 00:00:00-04:00,44.81498489294406,45.18371519236841,44.39897851889967,44.7015266418457,19794200,0.0,0.0
2024-07-03 00:00:00-04:00,44.578610217957205,44.928430740370096,44.47460864480968,44.521881103515625,8118300,0.0,0.0
2024-07-05 00:00:00-04:00,44.2739566119454,44.58863069685184,44.159530002666365,44.483741760253906,14692600,0.4,0.0
2024-07-08 00:00:00-04:00,44.19766943053135,44.607702051218446,43.81624619010458,43.921138763427734,19320900,0.0,0.0
2024-07-09 00:00:00-04:00,43.86392741413911,43.95928232306025,43.53018159535853,43.673213958740234,17343400,0.0,0.0
2024-07-10 00:00:00-04:00,43.92114000200171,44.14045918988206,43.701820814121355,44.12138748168945,18737300,0.0,0.0
2024-07-11 00:00:00-04:00,44.035569467760034,44.73167049290399,44.035569467760034,44.5886344909668,19741200,0.0,0.0
2024-07-12 00:00:00-04:00,44.607707332571685,45.63755784252189,44.48374667447365,45.179847717285156,20936100,0.0,0.0
2024-07-15 00:00:00-04:00,45.20844760916218,45.28473443893466,44.61723922865047,45.19891357421875,15925900,0.0,0.0
2024-07-16 00:00:00-04:00,45.246592626805835,45.74244612522268,45.027273439775456,45.21798324584961,17037300,0.0,0.0
2024-07-17 00:00:00-04:00,45.25612427201302,46.476688064254006,45.15123170167801,46.266902923583984,26638700,0.0,0.0
2024-07-18 00:00:00-04:00,45.914085227329196,46.381329317990996,45.751977536396204,45.8091926574707,18462500,0.0,0.0
2024-07-19 00:00:00-04:00,45.85686388067775,45.86639791411773,44.950977926541185,45.12261962890625,18289200,0.0,0.0
2024-07-22 00:00:00-04:00,45.12262911905687,45.179844244397216,44.59816986821791,44.64584732055664,19899400,0.0,0.0
2024-07-23 00:00:00-04:00,44.57909977506781,44.60770551999627,44.18813883163365,44.207210540771484,16372000,0.0,0.0
2024-07-24 00:00:00-04:00,44.37885134387831,44.855633149538654,44.0927829879934,44.67445373535156,25318200,0.0,0.0
2024-07-25 00:00:00-04:00,45.17030922763627,45.95223113215305,44.87470682321935,45.046348571777344,20631200,0.0,0.0
2024-07-26 00:00:00-04:00,45.122626942252516,45.78058448292134,45.04634374970188,45.65662384033203,16104900,0.0,0.0
2024-07-29 00:00:00-04:00,45.599408875285846,45.97129807945111,45.23705370613876,45.76151657104492,11475700,0.0,0.0
2024-07-30 00:00:00-04:00,45.9522299135949,46.295513401607714,45.666161552769736,45.9045524597168,20166000,0.0,0.0
2024-07-31 00:00:00-04:00,46.16201756004673,46.50530106653417,45.99991348062586,46.20016098022461,19953600,0.0,0.0
2024-08-01 00:00:00-04:00,46.36226349496253,46.45762204218897,45.00820486235665,45.18938064575195,18837500,0.0,0.0
2024-08-02 00:00:00-04:00,45.46590993729147,45.532659094173724,44.19766868141629,44.4932746887207,24000200,0.0,0.0
2024-08-05 00:00:00-04:00,44.3883812730527,44.512345549572146,42.61475253806737,42.66243362426758,29669600,0.0,0.0
2024-08-06 00:00:00-04:00,42.67197013909707,43.61599968236391,42.56707756345005,43.062931060791016,20524000,0.0,0.0
2024-08-07 00:00:00-04:00,43.31085241053479,44.06416844831451,42.99617834716159,43.024784088134766,18301100,0.0,0.0
2024-08-08 00:00:00-04:00,43.17735372849967,44.121383185552425,43.17735372849967,43.70181655883789,18369100,0.0,0.0
2024-08-09 00:00:00-04:00,43.577858780507334,43.921142270592505,43.13922038209032,43.35853958129883,21217600,0.0,0.0
2024-08-12 00:00:00-04:00,43.41575282712794,43.61600396281405,42.4335834088733,42.7768669128418,20289500,0.0,0.0
2024-08-13 00:00:00-04:00,42.89129055477895,43.28225148767658,42.80546968474988,43.263179779052734,20976900,0.0,0.0
2024-08-14 00:00:00-04:00,43.043857205333886,43.61599750644106,42.94850230726079,43.329925537109375,30675600,0.0,0.0
2024-08-15 00:00:00-04:00,46.486224819696005,47.94517594232688,45.92362215842717,46.27643966674805,45976400,0.0,0.0
2024-08-16 00:00:00-04:00,46.381328188290254,47.42071255171244,46.24782987992419,47.16324996948242,27424900,0.0,0.0
2024-08-19 00:00:00-04:00,47.03929306487355,47.66864488106679,47.01068368398542,47.65910720825195,16436600,0.0,0.0
2024-08-20 00:00:00-04:00,47.65910346501577,48.03099264934521,47.29674831519597,47.90703201293945,18697300,0.0,0.0
2024-08-21 00:00:00-04:00,47.954714514771524,48.202639451269086,47.70678594071749,48.10728454589844,21177600,0.0,0.0
2024-08-22 00:00:00-04:00,48.36474796596193,48.56499545312992,47.84982273819581,47.88796615600586,19143100,0.0,0.0
2024-08-23 00:00:00-04:00,48.16449674687826,48.41242532460136,47.98332096897025,48.383819580078125,16474100,0.0,0.0
2024-08-26 00:00:00-04:00,48.431495666503906,48.65081485595702,48.36474650612932,48.431495666503906,12016800,0.0,0.0
2024-08-27 00:00:00-04:00,48.317058310142734,48.47916598832166,48.059599379453886,48.355201721191406,10243900,0.0,0.0
2024-08-28 00:00:00-04:00,48.10728129747065,48.2217079037001,47.11557434333213,47.53514099121094,14571400,0.0,0.0
2024-08-29 00:00:00-04:00,47.64957294664372,48.46010052934846,47.56375207949976,48.05006790161133,16324100,0.0,0.0
2024-08-30 00:00:00-04:00,48.202634010024184,48.33613231749602,47.74492396831099,48.19309997558594,15615800,0.0,0.0
2024-09-03 00:00:00-04:00,47.97378441617277,48.15496018457465,47.582823498790354,47.73539352416992,14918600,0.0,0.0
2024-09-04 00:00:00-04:00,47.506539348036085,47.716324508854434,47.2776861158311,47.392112731933594,16411700,0.0,0.0
2024-09-05 00:00:00-04:00,47.20139691058445,47.34443290169967,46.66739999965149,46.84857940673828,16312000,0.0,0.0
2024-09-06 00:00:00-04:00,46.60064691135428,46.94393035104185,45.961761116701574,46.24782943725586,21040500,0.0,0.0
2024-09-09 00:00:00-04:00,46.21922604887798,46.86764954850028,46.018974940497394,46.43854522705078,18677600,0.0,0.0
2024-09-10 00:00:00-04:00,46.52436447143555,46.69600619403905,46.19061506079268,46.52436447143555,11754700,0.0,0.0
2024-09-11 00:00:00-04:00,46.48622625154848,46.924864641626456,45.628017542651136,46.82950973510742,15106600,0.0,0.0
2024-09-12 00:00:00-04:00,46.81043240121629,47.33489159916123,46.591113232532265,47.3062858581543,13229500,0.0,0.0
2024-09-13 00:00:00-04:00,47.43024960870496,47.735389634600715,47.36349681783148,47.48746109008789,10168900,0.0,0.0
2024-09-16 00:00:00-04:00,47.563754809291915,48.69849421771508,47.468396263905575,48.66035079956055,16668200,0.0,0.0
2024-09-17 00:00:00-04:00,48.6508142853124,49.03223753475666,48.22170994682577,48.25985336303711,13230300,0.0,0.0
2024-09-18 00:00:00-04:00,48.050068468764245,48.76524115755329,47.93564185707379,48.221710205078125,12697700,0.0,0.0
2024-09-19 00:00:00-04:00,49.022705748227416,49.31831178109063,48.774780806593775,49.05131149291992,16274000,0.0,0.0
2024-09-20 00:00:00-04:00,49.06084437307867,49.89998129845737,49.03223499362468,49.556697845458984,44096600,0.0,0.0
2024-09-23 00:00:00-04:00,49.642522657097444,50.00487420847705,49.480414952485326,49.766483306884766,18343400,0.0,0.0
2024-09-24 00:00:00-04:00,49.78555546883706,50.12883895226472,49.59484201831541,50.08116149902344,26479300,0.0,0.0
2024-09-25 00:00:00-04:00,50.12883326010108,50.28140327568266,49.93811983123508,50.20512008666992,22422200,0.0,0.0
2024-09-26 00:00:00-04:00,50.53887187452858,50.815406197421645,50.31001500513791,50.395835876464844,18374000,0.0,0.0
2024-09-27 00:00:00-04:00,50.57701314487007,50.74865488023608,50.405371409504056,50.55794143676758,13868300,0.0,0.0
2024-09-30 00:00:00-04:00,50.55793997391487,50.834474277065084,50.20512247811827,50.748653411865234,17807500,0.0,0.0
2024-10-01 00:00:00-04:00,50.64376064016252,50.72958150502522,49.880910528914164,50.29094314575195,16621800,0.0,0.0
2024-10-02 00:00:00-04:00,50.34858995925479,50.771363046920925,50.08915976954305,50.559974670410156,11071300,0.4,0.0
2024-10-03 00:00:00-04:00,50.14681646119551,50.59841764094867,50.117992101757984,50.37742233276367,11029100,0.0,0.0
2024-10-04 00:00:00-04:00,50.732936382783365,50.83863058823169,50.35820504736185,50.68489456176758,11724100,0.0,0.0
2024-10-07 00:00:00-04:00,50.52155143023971,50.780977995733195,50.31976991823059,50.454288482666016,10941700,0.0,0.0
2024-10-08 00:00:00-04:00,50.57919937465093,50.704111039152416,50.15642622641905,50.66567611694336,12365000,0.0,0.0
2024-10-09 00:00:00-04:00,50.588813784110165,51.57848928142423,50.48311957267737,51.46318817138672,10586100,0.0,0.0
2024-10-10 00:00:00-04:00,51.597701932698676,51.7033961342759,51.32866114722325,51.443965911865234,9377500,0.0,0.0
2024-10-11 00:00:00-04:00,51.42474649984052,52.203037137541195,51.42474649984052,52.12616729736328,12704500,0.0,0.0
2024-10-14 00:00:00-04:00,52.18381684549334,52.27990047514558,51.68417390751954,52.145381927490234,11428600,0.0,0.0
2024-10-15 00:00:00-04:00,52.28951160857508,52.472075651203795,51.809086090677745,51.962825775146484,20066300,0.0,0.0
2024-10-16 00:00:00-04:00,52.846807430662054,54.20160725636116,52.68346451251991,54.17278289794922,32382300,0.0,0.0
2024-10-17 00:00:00-04:00,54.172780068353376,54.36495100022569,53.66352654908839,54.19199752807617,18383400,0.0,0.0
2024-10-18 00:00:00-04:00,54.20161022895938,54.6436008538434,54.00943927651014,54.537906646728516,17679800,0.0,0.0
2024-10-21 00:00:00-04:00,54.47064112766464,54.826158631872595,54.29768765679472,54.37455749511719,14083600,0.0,0.0
2024-10-22 00:00:00-04:00,53.80765756688358,54.67242495820795,53.673139009423295,54.3841667175293,14956300,0.0,0.0
2024-10-23 00:00:00-04:00,53.96139339187951,54.37455962566268,53.79805047707749,54.07669448852539,18723000,0.0,0.0
2024-10-24 00:00:00-04:00,54.17278543768494,54.336128363484946,53.625100610046275,53.76922607421875,14699600,0.0,0.0
2024-10-25 00:00:00-04:00,54.04786700668161,54.41299140120408,53.49057168528648,53.55783462524414,14680500,0.0,0.0
2024-10-28 00:00:00-04:00,53.711578872479485,53.788445055805695,53.04858925634079,53.115848541259766,12912300,0.0,0.0
2024-10-29 00:00:00-04:00,53.202317980772,53.91334932199575,53.10623434847273,53.50018310546875,18810100,0.0,0.0
2024-10-30 00:00:00-04:00,53.39449408645776,53.84609526582214,53.20232313787572,53.41371154785156,13284300,0.0,0.0
2024-10-31 00:00:00-04:00,53.25997407789358,53.33684025602856,52.56816014789944,52.62581253051758,22023400,0.0,0.0
2024-11-01 00:00:00-04:00,52.59698718811463,53.62509750076182,52.3952056854032,53.327232360839844,19235600,0.0,0.0
2024-11-04 00:00:00-05:00,53.279193189768954,53.721183807470005,52.962110573577334,53.644317626953125,13269900,0.0,0.0
2024-11-05 00:00:00-05:00,53.71157180434411,54.067085644326006,53.32722994222188,53.96139144897461,10183600,0.0,0.0
2024-11-06 00:00:00-05:00,54.951067437111995,55.81583480430298,54.730072146686666,55.60444641113281,20506000,0.0,0.0
2024-11-07 00:00:00-05:00,55.53719165771142,56.01761719742407,55.28737198981747,55.80623245239258,17880200,0.0,0.0
2024-11-08 00:00:00-05:00,55.81583454986083,55.9215287459641,55.402668328014784,55.787010192871094,17517700,0.0,0.0
2024-11-11 00:00:00-05:00,56.69021542206016,57.055339869722296,56.07527129885411,56.33470153808594,17827000,0.0,0.0
2024-11-12 00:00:00-05:00,56.45960569238556,56.72864647695551,56.14252675407692,56.411563873291016,16609400,0.0,0.0
2024-11-13 00:00:00-05:00,55.87349137653245,56.9592504502662,55.575626224291995,56.86316680908203,36350600,0.0,0.0
2024-11-14 00:00:00-05:00,56.680606545913804,56.680606545913804,55.26815429227874,55.65249252319336,33747700,0.0,0.0
2024-11-15 00:00:00-05:00,55.20089191235701,55.82544287705192,54.989503514735716,55.21049880981445,28173700,0.0,0.0
2024-11-18 00:00:00-05:00,55.29697793491058,55.719754748399744,54.98950588802169,55.066375732421875,23769300,0.0,0.0
2024-11-19 00:00:00-05:00,54.46103918500837,54.80694615821622,54.14395657111585,54.77811813354492,17476200,0.0,0.0
2024-11-20 00:00:00-05:00,54.61477037844167,55.248931884765625,54.39377509074528,55.248931884765625,15345000,0.0,0.0
2024-11-21 00:00:00-05:00,55.04715699842056,55.66210107797848,54.86459295486967,55.30658721923828,16162400,0.0,0.0
2024-11-22 00:00:00-05:00,55.33541163843714,56.40195688118723,55.210499976715774,56.25782775878906,14952100,0.0,0.0
2024-11-25 00:00:00-05:00,56.35391099170859,56.651772447294924,55.979176033611765,56.44038772583008,52408200,0.0,0.0
2024-11-26 00:00:00-05:00,56.69020836543456,57.30515241209423,56.63255598655185,57.257110595703125,14209700,0.0,0.0
2024-11-27 00:00:00-05:00,57.27633267434644,57.52615233894013,56.62295365574027,56.9688606262207,12703300,0.0,0.0
2024-11-29 00:00:00-05:00,56.757472099019054,57.257115092509444,56.728647739991736,56.891990661621094,11618400,0.0,0.0
2024-12-02 00:00:00-05:00,56.93042101022016,57.3628046876727,56.824726815136685,57.10337448120117,15977400,0.0,0.0
2024-12-03 00:00:00-05:00,57.103378773346094,57.19946241317734,56.85355544521539,57.15142059326172,11746000,0.0,0.0
2024-12-04 00:00:00-05:00,57.30515953965454,57.497330494476635,56.94964565571512,57.28594207763672,16872100,0.0,0.0
2024-12-05 00:00:00-05:00,57.44928515490215,57.87205829734251,57.36280841379436,57.67028045654297,19121700,0.0,0.0
2024-12-06 00:00:00-05:00,57.65106239542863,57.727932237993336,57.430067096088855,57.54536819458008,14622700,0.0,0.0
2024-12-09 00:00:00-05:00,57.48771602838961,57.53575784443183,56.55568940267708,56.64216613769531,16517500,0.0,0.0
2024-12-10 00:00:00-05:00,56.209780897877856,56.55568782832168,55.85426707063527,56.42116928100586,14480200,0.0,0.0
2024-12-11 00:00:00-05:00,56.574912339959916,56.65177851999881,56.02722752026743,56.2962646484375,26842900,0.0,0.0
2024-12-12 00:00:00-05:00,56.39234552507223,57.40124203695867,56.3346968092084,56.54608154296875,17704600,0.0,0.0
2024-12-13 00:00:00-05:00,56.3250846862793,56.63255671355622,56.094482498499445,56.3250846862793,14129700,0.0,0.0
2024-12-16 00:00:00-05:00,56.180959514457314,56.20017697442709,55.58522925146146,56.06565475463867,26883200,0.0,0.0
2024-12-17 00:00:00-05:00,56.09448534565812,56.75747125087062,55.89270383941442,56.22900390625,24912500,0.0,0.0
2024-12-18 00:00:00-05:00,56.41156408050594,56.41156408050594,55.22971773273094,55.27775955200195,24195100,0.0,0.0
2024-12-19 00:00:00-05:00,55.14323829401187,55.863876543887315,55.095196477091314,55.373844146728516,21947800,0.0,0.0
2024-12-20 00:00:00-05:00,55.31619467534754,56.47882356658408,55.02794009331409,56.22900390625,69544600,0.0,0.0
2024-12-23 00:00:00-05:00,55.8542718884348,56.709428726153,55.844661325451554,56.67099380493164,18671200,0.0,0.0
2024-12-24 00:00:00-05:00,56.49803848061552,57.50693130493164,56.49803848061552,57.50693130493164,9922300,0.0,0.0
2024-12-26 00:00:00-05:00,57.28594040607654,57.70871722742007,57.07455566076077,57.6318473815918,8524500,0.0,0.0
2024-12-27 00:00:00-05:00,57.23789412061109,57.67027780627964,56.82472789490066,57.276329040527344,13021400,0.0,0.0
2024-12-30 00:00:00-05:00,56.776684769877896,57.06493933189865,56.12330580777452,56.87276840209961,12948100,0.0,0.0
2024-12-31 00:00:00-05:00,56.901598899560504,57.05533491701692,56.46921520504067,56.882381439208984,14173000,0.0,0.0
2025-01-02 00:00:00-05:00,56.94964343257929,57.343592225175826,56.277046949636066,56.78629684448242,16144300,0.0,0.0
2025-01-03 00:00:00-05:00,56.92173358595559,57.2409732039413,56.45738270231007,56.94108200073242,18859000,0.4,0.0
2025-01-06 00:00:00-05:00,56.98945056194829,57.63760953363573,56.679883309609814,56.8540153503418,18543300,0.0,0.0
2025-01-07 00:00:00-05:00,57.04749351946926,57.318363931827164,56.73792627953663,57.00879669189453,16863800,0.0,0.0
2025-01-08 00:00:00-05:00,56.970097960187395,57.30868965465049,56.37031191415637,57.26999282836914,14400300,0.0,0.0
2025-01-10 00:00:00-05:00,56.87335850561528,57.13455654255931,56.63150888144477,56.824989318847656,17274500,0.0,0.0
2025-01-13 00:00:00-05:00,56.99911725946843,57.00879331095456,56.27356839196807,56.84433364868164,19340700,0.0,0.0
2025-01-14 00:00:00-05:00,57.047495502903686,57.405431944583206,56.83466663417562,57.39575958251953,16715500,0.0,0.0
2025-01-15 00:00:00-05:00,57.908479853553956,58.37283073123338,57.64728179292189,58.024566650390625,19185100,0.0,0.0
2025-01-16 00:00:00-05:00,58.21804556577359,58.47924361949831,57.831084666107486,57.869781494140625,18445700,0.0,0.0
2025-01-17 00:00:00-05:00,58.779134696611706,58.96294278424533,58.23739386653189,58.266414642333984,23876400,0.0,0.0
2025-01-21 00:00:00-05:00,58.49859196370259,59.33055531375899,58.31478387593086,59.04033279418945,18623800,0.0,0.0
2025-01-22 00:00:00-05:00,59.050011804886964,59.74653629188642,59.00164261264618,59.62077713012695,19436600,0.0,0.0
2025-01-23 00:00:00-05:00,59.78523214757878,60.28827985741767,59.378926510977806,60.20121383666992,14212000,0.0,0.0
2025-01-24 00:00:00-05:00,60.0367578476646,60.25925908061267,59.84327739152153,60.20121383666992,17232900,0.0,0.0
2025-01-27 00:00:00-05:00,59.38860001553347,59.45631762293625,56.8443406405927,57.15391159057617,33730300,0.0,0.0
2025-01-28 00:00:00-05:00,57.095859441667685,57.618255513036495,56.99911737826658,57.49249267578125,25473300,0.0,0.0
2025-01-29 00:00:00-05:00,57.99554627021042,58.5663115865304,57.56988852834502,57.608585357666016,17925300,0.0,0.0
2025-01-30 00:00:00-05:00,58.498592376708984,59.08870609151213,58.28576351161076,58.498592376708984,17079000,0.0,0.0
2025-01-31 00:00:00-05:00,58.55663770750325,59.19512065366741,58.48892009884439,58.62435531616211,16554200,0.0,0.0
2025-02-03 00:00:00-05:00,58.227715905799826,59.262832032582224,57.608581440098106,59.05000686645508,20375700,0.0,0.0
2025-02-04 00:00:00-05:00,58.856529744508514,59.58207867938148,58.75011531027391,59.34022903442383,12742700,0.0,0.0
2025-02-05 00:00:00-05:00,59.44663936301962,60.66555986567596,59.30152810993395,60.53012466430664,18997400,0.0,0.0
2025-02-06 00:00:00-05:00,60.77197475921416,60.85904077366763,60.04642586887939,60.239906311035156,15521800,0.0,0.0
2025-02-07 00:00:00-05:00,60.69458479655135,61.187956418232694,60.18186107128868,60.239906311035156,23861000,0.0,0.0
2025-02-10 00:00:00-05:00,61.06219357821178,61.091218043251715,60.34632073965676,60.76230239868164,15816200,0.0,0.0
2025-02-11 00:00:00-05:00,60.49142984566447,60.75262789568772,60.15284183100429,60.394691467285156,17702500,0.0,0.0
2025-02-12 00:00:00-05:00,59.43696383907808,60.52045284031848,59.20479026047835,60.49142837524414,30116300,0.0,0.0
2025-02-13 00:00:00-05:00,63.945043334310135,64.33200423440957,60.67523885883378,61.758724212646484,43257700,0.0,0.0
2025-02-14 00:00:00-05:00,61.7103538307236,62.948622782591215,61.37176212709365,62.75514602661133,23693300,0.0,0.0
2025-02-18 00:00:00-05:00,63.17112764722019,64.09015330843356,62.329488259941684,62.48426818847656,22047500,0.0,0.0
2025-02-19 00:00:00-05:00,62.41654895079451,62.84220665927881,62.19405142547949,62.72611618041992,14164100,0.0,0.0
2025-02-20 00:00:00-05:00,62.84221488780764,63.10341665427553,62.174707463129614,62.561668395996094,14836600,0.0,0.0
2025-02-21 00:00:00-05:00,62.57134097410799,62.84221139787199,61.79742284168745,61.894161224365234,18905800,0.0,0.0
2025-02-24 00:00:00-05:00,62.32948659534252,62.47459784867584,61.09121767747275,61.17828369140625,17287500,0.0,0.0
2025-02-25 00:00:00-05:00,62.49394114991499,62.53263797530129,61.25567226021235,62.17469787597656,22100100,0.0,0.0
2025-02-26 00:00:00-05:00,61.961877358005424,62.668074135312246,61.85545924139417,61.99089813232422,13452300,0.0,0.0
2025-02-27 00:00:00-05:00,62.658400015678595,63.16145138826512,61.671656755089806,61.72970199584961,24695600,0.0,0.0
2025-02-28 00:00:00-05:00,61.845792122480276,62.068297045559966,60.78165515015445,62.01992416381836,26711800,0.0,0.0
2025-03-03 00:00:00-05:00,62.29079011673267,62.76481332497985,61.129911154584434,61.410457611083984,21810700,0.0,0.0
2025-03-04 00:00:00-05:00,61.66198639643449,61.82644238176381,60.56882498044386,61.1976318359375,24588300,0.0,0.0
2025-03-05 00:00:00-05:00,61.16860877911333,62.087638123234804,60.75262711483027,61.87480926513672,14931500,0.0,0.0
2025-03-06 00:00:00-05:00,61.72003160835245,61.932856796672354,60.713936151508356,61.34274673461914,23155100,0.0,0.0
2025-03-07 00:00:00-05:00,60.849369446886456,62.07796234125163,60.16251368103761,61.85546112060547,21154800,0.0,0.0
2025-03-10 00:00:00-04:00,61.410462662996025,61.61361548324283,59.669145921691054,60.03675842285156,27417600,0.0,0.0
2025-03-11 00:00:00-04:00,60.249578393794145,60.34632045959077,58.55663099084415,58.69206619262695,25787400,0.0,0.0
2025-03-12 00:00:00-04:00,58.97261375682702,59.185442615249045,58.28576168325191,58.488914489746094,18935300,0.0,0.0
2025-03-13 00:00:00-04:00,58.440546969621096,58.51794062592331,57.299016371492044,57.72467041015625,16463300,0.0,0.0
2025-03-14 00:00:00-04:00,58.3534825523812,58.64370139081138,57.96652164091914,58.52761459350586,16250700,0.0,0.0
2025-03-17 00:00:00-04:00,58.430872570312744,59.21446301621989,58.37282733011008,58.9048957824707,15335800,0.0,0.0
2025-03-18 00:00:00-04:00,58.69206958650744,58.81783243414908,57.724671014596,58.33413314819336,16669000,0.0,0.0
2025-03-19 00:00:00-04:00,58.653372428717724,59.57240174711826,58.52760958969472,59.12739562988281,15488800,0.0,0.0
2025-03-20 00:00:00-04:00,58.50826443811377,59.030660545944976,58.37282923023145,58.643699645996094,16528600,0.0,0.0
2025-03-21 00:00:00-04:00,58.20837030055172,58.43087521958412,57.49249742392356,58.33413314819336,65935200,0.0,0.0
2025-03-24 00:00:00-04:00,59.05000978017472,59.378925442600085,58.89522615611176,58.98229217529297,28335600,0.0,0.0
2025-03-25 00:00:00-04:00,58.85653286372336,59.21446932393705,58.72109764582265,59.001644134521484,20877600,0.0,0.0
2025-03-26 00:00:00-04:00,59.04033894874006,59.82393319066341,59.02099053272964,59.78523635864258,30621200,0.0,0.0
2025-03-27 00:00:00-04:00,59.87229669908639,59.95936271769757,59.33055586357918,59.39827346801758,25720200,0.0,0.0
2025-03-28 00:00:00-04:00,59.64979163109364,59.76587841832351,58.53728187494911,58.87587356567383,24931700,0.0,0.0
2025-03-31 00:00:00-04:00,58.65337359106156,59.881970160379545,58.27608875684827,59.69816207885742,29335700,0.0,0.0
2025-04-01 00:00:00-04:00,59.378930693422845,60.01741366043458,59.06936341792219,59.78523635864258,17381400,0.0,0.0
2025-04-02 00:00:00-04:00,59.20479459446634,59.852949880031254,59.1080525210242,59.80458068847656,18610700,0.0,0.0
2025-04-03 00:00:00-04:00,57.827648097566644,58.35352822149402,55.76306792595986,55.811763763427734,40006300,0.41,0.0
2025-04-04 00:00:00-04:00,55.1787541268486,55.96757987234101,53.01678974547954,53.11417770385742,42924400,0.0,0.0
2025-04-07 00:00:00-04:00,51.98450744353391,54.652874556577565,50.74770813801006,52.987579345703125,46816200,0.0,0.0
2025-04-08 00:00:00-04:00,53.30895472284621,54.40941088967704,51.34176236549902,51.79947280883789,37377000,0.0,0.0
2025-04-09 00:00:00-04:00,51.692349810355005,56.90248513569581,51.29306473133896,56.610328674316406,53380800,0.0,0.0
2025-04-10 00:00:00-04:00,56.3084321790545,56.42529402189877,53.562154724902626,55.11058807373047,31964600,0.0,0.0
2025-04-11 00:00:00-04:00,55.188495984687066,56.28895586514184,54.80869220058463,55.83124542236328,23036900,0.0,0.0
2025-04-14 00:00:00-04:00,56.3766002425523,56.68823429097258,55.60725206021496,55.909149169921875,15657700,0.0,0.0
2025-04-15 00:00:00-04:00,56.35712591526556,56.39608110231773,55.568303809800234,55.70464324951172,18543600,0.0,0.0
2025-04-16 00:00:00-04:00,55.09110616207152,55.58777545642414,53.97116880144722,54.30228042602539,20551300,0.0,0.0
2025-04-17 00:00:00-04:00,54.73078000781521,54.935289145503596,54.23411071346259,54.30228042602539,15910400,0.0,0.0
2025-04-21 00:00:00-04:00,53.71797573384196,53.883533428861526,52.42274728267477,52.94862747192383,15578800,0.0,0.0
2025-04-22 00:00:00-04:00,53.77640316833022,53.834832230784556,53.16287200776332,53.60110855102539,19961800,0.0,0.0
2025-04-23 00:00:00-04:00,54.68209215468226,55.49039183028854,54.04908338579713,54.17568588256836,30231500,0.0,0.0
2025-04-24 00:00:00-04:00,53.854311430301614,55.09111072709426,53.71797199387851,54.81843185424805,22782300,0.0,0.0
2025-04-25 00:00:00-04:00,54.740518851668654,55.29561722470154,54.604179421796836,55.227447509765625,16493500,0.0,0.0
2025-04-28 00:00:00-04:00,55.05215637283652,55.83124524697686,54.94503146689367,55.35405349731445,23140600,0.0,0.0
2025-04-29 00:00:00-04:00,55.20796799561133,55.987056793419626,55.149538936255205,55.84097671508789,13466000,0.0,0.0
2025-04-30 00:00:00-04:00,55.60724830228052,56.39607402370668,54.98398024756037,56.22077941894531,19921200,0.0,0.0
2025-05-01 00:00:00-04:00,56.26947430279629,56.9414382257081,56.17209005757731,56.6005859375,16420800,0.0,0.0
2025-05-02 00:00:00-04:00,57.516015441160086,57.86660096056688,57.20438139170679,57.77895736694336,18753200,0.0,0.0
2025-05-05 00:00:00-04:00,57.45758059191086,58.09058932170836,57.340718756322524,57.76921463012695,14758500,0.0,0.0
2025-05-06 00:00:00-04:00,57.09725328069834,57.95424501103023,57.04856115976573,57.67182922363281,13766500,0.0,0.0
2025-05-07 00:00:00-04:00,57.652357677757834,58.33405858721041,57.52575517808081,58.0126838684082,14078300,0.0,0.0
2025-05-08 00:00:00-04:00,58.39248548480739,58.70411953785068,57.8763422810115,58.14902114868164,16196700,0.0,0.0
2025-05-09 00:00:00-04:00,59.07418713484593,59.239744817342775,57.88607997035784,58.207454681396484,17480700,0.0,0.0
2025-05-12 00:00:00-04:00,59.99934834485585,60.2330720145146,59.52215663726554,60.057777404785156,23700000,0.0,0.0
2025-05-13 00:00:00-04:00,60.06752129964432,60.61288274989654,59.99935158273416,60.1649055480957,18591200,0.0,0.0
2025-05-14 00:00:00-04:00,60.018825247069,60.25254891404304,59.25921404197664,59.687713623046875,34509200,0.0,0.0
2025-05-15 00:00:00-04:00,61.42118545029595,64.03112355950067,61.27510535542651,62.580078125,60718000,0.0,0.0
2025-05-16 00:00:00-04:00,62.23922188579328,62.35608372534055,61.33353427061744,61.95680236816406,30289900,0.0,0.0
2025-05-19 00:00:00-04:00,61.771770577577925,62.45346773481872,61.52830624571453,62.248958587646484,16249000,0.0,0.0
2025-05-20 00:00:00-04:00,62.0736693259651,62.18079051423873,61.4211829675529,61.76203155517578,14995200,0.0,0.0
2025-05-21 00:00:00-04:00,61.343273753900746,62.239220698286886,61.323796161852684,61.54778289794922,15595900,0.0,0.0
2025-05-22 00:00:00-04:00,61.75229396130635,62.05419107497834,61.30432047518992,61.7036018371582,15641100,0.0,0.0
2025-05-23 00:00:00-04:00,61.0705919973423,61.56726131378654,60.89529738153502,61.46013641357422,15645400,0.0,0.0
2025-05-27 00:00:00-04:00,62.09314147968978,62.31713193387487,61.68412318589969,62.083404541015625,17429400,0.0,0.0
2025-05-28 00:00:00-04:00,62.2197447863068,62.31713274917682,61.59647668382236,61.68412399291992,13814500,0.0,0.0
2025-05-29 00:00:00-04:00,62.063926151319855,62.07366680483974,60.85634516281251,61.401702880859375,13982800,0.0,0.0
2025-05-30 00:00:00-04:00,61.27510221753816,61.52830720701579,60.671311705275336,61.3919677734375,25829000,0.0,0.0
2025-06-02 00:00:00-04:00,61.09006701430333,62.21000437752922,61.07058942281576,62.1807861328125,15816000,0.0,0.0
2025-06-03 00:00:00-04:00,62.132098262742545,62.77484396592719,62.05419160643249,62.677459716796875,15156900,0.0,0.0
2025-06-04 00:00:00-04:00,62.969618307419324,63.19360133178093,62.66771748379811,62.70667266845703,14770900,0.0,0.0
2025-06-05 00:00:00-04:00,62.79432082269598,63.21307975122141,62.59954490829961,62.930660247802734,17025200,0.0,0.0
2025-06-06 00:00:00-04:00,63.61236306895691,64.43040712278352,63.52471947208732,64.33301544189453,20943800,0.0,0.0
2025-06-09 00:00:00-04:00,64.38170946758937,64.62517380306507,63.875299489032464,64.17720031738281,13689800,0.0,0.0
2025-06-10 00:00:00-04:00,64.28432577702497,64.35249549435183,63.11569249863912,63.446807861328125,17214900,0.0,0.0
2025-06-11 00:00:00-04:00,63.407848779552715,63.446803962766126,62.20026410473221,62.51190185546875,20442600,0.0,0.0
2025-06-12 00:00:00-04:00,62.63850192253429,63.505234334599805,62.433992778894954,63.398109436035156,15160800,0.0,0.0
2025-06-13 00:00:00-04:00,62.90144129866063,63.02804750656302,62.258699325244415,62.414512634277344,14635000,0.0,0.0
2025-06-16 00:00:00-04:00,63.48576735217492,63.894785683873366,63.15465196703157,63.797401428222656,16957700,0.0,0.0
2025-06-17 00:00:00-04:00,63.92399805606719,64.42066740201676,63.3202038035414,63.62210464477539,18845200,0.0,0.0
2025-06-18 00:00:00-04:00,63.972678896565206,64.60568010343245,63.67077812612251,64.1187515258789,22664200,0.0,0.0
2025-06-20 00:00:00-04:00,64.75176610658266,64.9075868320748,64.0018992974899,64.58621215820312,50421700,0.0,0.0
2025-06-23 00:00:00-04:00,64.61543547576869,65.72563229111564,64.47909603738869,65.6185073852539,34030000,0.0,0.0
2025-06-24 00:00:00-04:00,66.00804082243879,66.26124577863987,65.59902257545765,66.11516571044922,23162700,0.0,0.0
2025-06-25 00:00:00-04:00,66.07621801993032,66.73844129817479,66.00804830437319,66.40733337402344,19395700,0.0,0.0
2025-06-26 00:00:00-04:00,66.92347790901178,67.35197751821276,66.63131773365804,67.1474609375,23154000,0.0,0.0
2025-06-27 00:00:00-04:00,67.06955833840694,67.41040692476165,66.5534077019933,66.85530853271484,26224600,0.0,0.0
2025-06-30 00:00:00-04:00,67.03060603719507,67.95576758710264,66.95269566269234,67.56622314453125,32561200,0.0,0.0
2025-07-01 00:00:00-04:00,67.5662198219983,67.73178121716077,66.8455674681414,67.29354095458984,21939500,0.0,0.0
2025-07-02 00:00:00-04:00,66.8845260289144,67.13773103140431,66.39759733255653,66.796875,16655200,0.0,0.0
2025-07-03 00:00:00-04:00,66.7968689127216,68.06070026599353,66.7968689127216,67.96273040771484,17973500,0.41,0.0
2025-07-07 00:00:00-04:00,67.6786281752776,67.89416639790949,67.21816151322267,67.53166961669922,23985200,0.0,0.0
2025-07-08 00:00:00-04:00,67.40430143478252,67.52186228784707,66.9634258119248,67.19855499267578,21182600,0.0,0.0
2025-07-09 00:00:00-04:00,67.14957457271163,67.91375002496427,66.92423714402643,67.86476135253906,23765900,0.0,0.0
2025-07-10 00:00:00-04:00,67.85496912705365,67.98232921000496,67.16916509096788,67.3651123046875,15005300,0.0,0.0
2025-07-11 00:00:00-04:00,66.90464736685217,67.11038634043022,66.31682066025458,66.57154083251953,14699400,0.0,0.0
2025-07-14 00:00:00-04:00,66.45398257957952,66.64992233124809,65.83675816004097,66.44418334960938,16451400,0.0,0.0
2025-07-15 00:00:00-04:00,66.30702605824196,66.50296581590844,65.78777897326542,65.81716918945312,13944600,0.0,0.0
2025-07-16 00:00:00-04:00,65.78777295872509,66.18945166760534,65.62122343247283,66.00331115722656,15156100,0.0,0.0
2025-07-17 00:00:00-04:00,66.17965120105147,67.08098584465993,66.14046176333532,66.91443634033203,20400000,0.0,0.0
2025-07-18 00:00:00-04:00,67.38471201395556,67.44349244837159,66.58134702023746,66.66952514648438,16145100,0.0,0.0
2025-07-21 00:00:00-04:00,66.52255202822275,67.22794698533998,66.41478293896199,66.95362091064453,14674200,0.0,0.0
2025-07-22 00:00:00-04:00,66.95363163714761,67.20835929572073,66.69891145319694,66.77729034423828,14527200,0.0,0.0
2025-07-23 00:00:00-04:00,66.96342418758235,67.4336900122989,66.6793063418651,67.22795104980469,13042300,0.0,0.0
2025-07-24 00:00:00-04:00,66.97321984826468,67.19854978224807,66.54214348812766,66.9046401977539,13534000,0.0,0.0
2025-07-25 00:00:00-04:00,66.99281536901972,67.4238917583592,66.68910653541518,67.2965316772461,11590000,0.0,0.0
2025-07-28 00:00:00-04:00,66.37559526015988,66.58133421567223,66.00330678941681,66.54214477539062,20558400,0.0,0.0
2025-07-29 00:00:00-04:00,66.8458638393063,67.32592142206414,66.45397689487017,66.58133697509766,15261800,0.0,0.0
2025-07-30 00:00:00-04:00,66.46376767515258,67.18876112785009,65.98371009943143,66.89484405517578,15518200,0.0,0.0
2025-07-31 00:00:00-04:00,66.92423589468098,67.74719923340514,66.5029587334033,66.69890594482422,18529200,0.0,0.0
2025-08-01 00:00:00-04:00,66.14046019647942,66.23843005113842,65.17053845387926,65.74857330322266,21650000,0.0,0.0
2025-08-04 00:00:00-04:00,66.39519091206883,67.12018439632975,66.23844061454078,67.1005859375,17052200,0.0,0.0
2025-08-05 00:00:00-04:00,67.29652379006023,67.47287252188352,66.07188189534882,66.15025329589844,15434500,0.0,0.0
2025-08-06 00:00:00-04:00,66.5813348765504,67.9431361727121,66.39518690202044,67.80597686767578,23107800,0.0,0.0
2025-08-07 00:00:00-04:00,68.3840171274768,68.71711618731997,67.80598217561311,68.48198699951172,22579600,0.0,0.0
2025-08-08 00:00:00-04:00,68.81508196488103,70.55897099705717,68.79549098148856,70.3336410522461,31662400,0.0,0.0
2025-08-11 00:00:00-04:00,70.8333044071869,71.07823283532431,68.91305895292189,69.23636627197266,28911400,0.0,0.0
2025-08-12 00:00:00-04:00,69.35392599934164,70.04952175195189,69.1285885845928,69.93195343017578,21912100,0.0,0.0
2025-08-13 00:00:00-04:00,70.40222867156182,70.56877821041766,68.82488898093291,68.97184753417969,38096400,0.0,0.0
2025-08-14 00:00:00-04:00,66.62053418970439,69.17758764407314,66.11108633473472,67.8941650390625,39317300,0.0,0.0
2025-08-15 00:00:00-04:00,67.06139610979044,67.257343323854,64.5239413532983,64.85704040527344,40877300,0.0,0.0
2025-08-18 00:00:00-04:00,64.73948128115016,65.74858516801719,64.4161739752737,65.59182739257812,20903400,0.0,0.0
2025-08-19 00:00:00-04:00,65.40568542480469,66.15026241773613,65.13136679850132,65.40568542480469,18746600,0.0,0.0
2025-08-20 00:00:00-04:00,65.46445549247703,65.82695217679817,65.19013690958353,65.74857330322266,14946400,0.0,0.0
2025-08-21 00:00:00-04:00,65.73877927039442,65.85634759004856,65.12156241010833,65.660400390625,12456600,0.0,0.0
2025-08-22 00:00:00-04:00,65.96412204436466,66.65971784097638,65.65061397441822,65.9543228149414,16830600,0.0,0.0
2025-08-25 00:00:00-04:00,65.91512866399289,66.13066684817822,65.74857914880292,65.77796936035156,11724500,0.0,0.0
2025-08-26 00:00:00-04:00,65.8073575230219,67.3553067297753,65.74857710175472,67.00260925292969,28307900,0.0,0.0
2025-08-27 00:00:00-04:00,66.93402927862941,67.3553064031174,66.76747976943261,67.05159759521484,13876700,0.0,0.0
2025-08-28 00:00:00-04:00,66.97322916146457,68.16848107196623,66.96342993156571,68.02152252197266,15256000,0.0,0.0
2025-08-29 00:00:00-04:00,67.70800635540775,68.05090461471733,67.43368774796008,67.68840789794922,14953000,0.0,0.0
2025-09-02 00:00:00-04:00,66.72829991598296,66.93403889359566,66.0131056346055,66.42459106445312,18928800,0.0,0.0
2025-09-03 00:00:00-04:00,66.6695219512682,66.74789336852588,65.96412687359131,66.29722595214844,14320100,0.0,0.0
2025-09-04 00:00:00-04:00,66.71848685479142,67.02220311798008,66.04248963266855,66.6107177734375,14388500,0.0,0.0
2025-09-05 00:00:00-04:00,66.34621159821391,66.71850010570881,65.13136872804226,65.5428466796875,21050800,0.0,0.0
2025-09-08 00:00:00-04:00,65.36649646663874,65.65061432445223,65.00399972226523,65.52324676513672,14038000,0.0,0.0
2025-09-09 00:00:00-04:00,65.38608839168455,66.07189244701829,65.28811851938605,65.97391510009766,11649400,0.0,0.0
2025-09-10 00:00:00-04:00,66.21884797157098,66.93404228923102,65.75838879333858,66.74789428710938,14689500,0.0,0.0
2025-09-11 00:00:00-04:00,66.9242436055347,67.17897127242009,66.14047709341283,66.31682586669922,17560800,0.0,0.0
2025-09-12 00:00:00-04:00,65.52324955735905,65.97391696235088,64.78846428244626,65.18035125732422,18529200,0.0,0.0
2025-09-15 00:00:00-04:00,65.16075184999303,65.8367491327955,65.0039940904542,65.660400390625,16203100,0.0,0.0
2025-09-16 00:00:00-04:00,65.660405748391,66.01310326151147,65.19994661007115,65.57223510742188,18019300,0.0,0.0
2025-09-17 00:00:00-04:00,65.64081922030563,66.50296460278287,65.03339402322378,66.3462142944336,18652100,0.0,0.0
2025-09-18 00:00:00-04:00,66.5225525209434,67.3651067843384,66.11107461778437,67.28672790527344,20279000,0.0,0.0
2025-09-19 00:00:00-04:00,67.52185918333116,67.52185918333116,65.81715962067676,66.82626342773438,47822500,0.0,0.0
2025-09-22 00:00:00-04:00,66.48337182640252,66.620531145497,65.93473455002463,66.37560272216797,20396700,0.0,0.0
2025-09-23 00:00:00-04:00,66.20905028281135,66.83606642104901,65.70939422825191,66.16986083984375,22240000,0.0,0.0
2025-09-24 00:00:00-04:00,66.32661131218343,66.48336908446764,65.53304564520506,65.9543228149414,17433100,0.0,0.0
2025-09-25 00:00:00-04:00,65.95431715242624,66.85565184181033,65.74857819993345,66.47356414794922,22351700,0.0,0.0
2025-09-26 00:00:00-04:00,66.49316913696447,66.53235858052062,65.49385701283778,65.85635375976562,15077400,0.0,0.0
2025-09-29 00:00:00-04:00,66.3462142944336,66.57154426417739,66.0718956488555,66.3462142944336,14358300,0.0,0.0
2025-09-30 00:00:00-04:00,66.33640952411615,67.37490358839334,66.31681854019212,67.0320053100586,20498900,0.0,0.0
2025-10-01 00:00:00-04:00,66.52255348578011,67.42388818423603,66.31681453121656,67.35530853271484,15530700,0.0,0.0
2025-10-02 00:00:00-04:00,67.77658599123934,68.08029481018151,66.87525128851834,66.92423248291016,15708300,0.0,0.0
2025-10-03 00:00:00-04:00,66.97351451712753,67.59446584987069,66.6778302098858,66.9439468383789,11113200,0.41,0.0
2025-10-06 00:00:00-04:00,67.4564916582984,67.95915733581076,66.83554020291947,67.91973876953125,21952700,0.0,0.0
2025-10-07 00:00:00-04:00,67.92957954286472,68.22527138425926,67.45648162034051,67.99857330322266,16493200,0.0,0.0
2025-10-08 00:00:00-04:00,68.806789156195,69.7431416408947,68.00843171198488,69.31932067871094,34246300,0.0,0.0
2025-10-09 00:00:00-04:00,69.29960442466901,69.60515466849144,68.0379999281618,68.95463562011719,21209500,0.0,0.0
2025-10-10 00:00:00-04:00,69.39816691872161,69.7924126473244,66.91437671789468,66.96366119384766,20961500,0.0,0.0
2025-10-13 00:00:00-04:00,67.56489470748033,67.900005075793,66.1652953204985,66.49055480957031,14127900,0.0,0.0
2025-10-14 00:00:00-04:00,66.1455884060617,68.16613164640593,65.84989658365583,67.6733169555664,15402000,0.0,0.0
2025-10-15 00:00:00-04:00,68.3139766589345,69.28975525559441,67.83102032063451,68.52095794677734,16260500,0.0,0.0
2025-10-16 00:00:00-04:00,68.77722420156466,69.06305765434197,67.5846134281011,68.09713745117188,13950600,0.0,0.0
2025-10-17 00:00:00-04:00,68.06756163223803,69.75298694628698,67.9591418003616,69.12218475341797,16286900,0.0,0.0
2025-10-20 00:00:00-04:00,69.11234503269213,69.95012862538576,69.11234503269213,69.63472747802734,12183500,0.0,0.0
2025-10-21 00:00:00-04:00,69.56573256306795,70.21624412885718,69.36860214937698,69.70372009277344,15763300,0.0,0.0
2025-10-22 00:00:00-04:00,69.8417075494903,69.95012739696793,68.8462196407213,69.64458465576172,14967200,0.0,0.0
2025-10-23 00:00:00-04:00,69.58543713305477,70.21623937464263,69.22075905199183,69.26017761230469,14614100,0.0,0.0
2025-10-24 00:00:00-04:00,69.62486389321651,69.92055573674232,69.05319700626978,69.61500549316406,13075600,0.0,0.0
2025-10-27 00:00:00-04:00,69.52629884951956,70.43307609370616,69.41787901382816,70.36408233642578,15986800,0.0,0.0
2025-10-28 00:00:00-04:00,70.17681642980213,71.6355513784921,70.00926122184123,71.576416015625,19896800,0.0,0.0
2025-10-29 00:00:00-04:00,71.63554508532428,71.77353259972945,69.90083523597352,70.30494689941406,18020600,0.0,0.0
2025-10-30 00:00:00-04:00,70.34437346364739,72.05936652578251,70.31479826485153,71.86224365234375,18101800,0.0,0.0
2025-10-31 00:00:00-04:00,71.67497705228202,72.4240575632776,71.38914360045796,72.05937194824219,24008000,0.0,0.0
2025-11-03 00:00:00-05:00,73.53781602043888,73.76450658951667,72.56204494188442,73.38011169433594,21733400,0.0,0.0
2025-11-04 00:00:00-05:00,72.83802774835132,72.9267308014119,70.94562075215595,71.28073120117188,22345000,0.0,0.0
2025-11-05 00:00:00-05:00,71.18215915999,71.53698635897365,70.3148004425829,71.06388092041016,16113500,0.0,0.0
2025-11-06 00:00:00-05:00,70.67948921050757,71.19202075191123,69.67415044814832,70.01911926269531,16469900,0.0,0.0
2025-11-07 00:00:00-05:00,70.36409194650736,70.56121484572922,69.52630834517959,70.04869079589844,16913700,0.0,0.0
2025-11-10 00:00:00-05:00,70.72877173780944,71.45813542837428,70.12753716917643,71.05402374267578,22201200,0.0,0.0
2025-11-11 00:00:00-05:00,70.70904918440645,71.21172227067211,70.07824698663421,70.67948150634766,21412900,0.0,0.0
2025-11-12 00:00:00-05:00,70.87661983061163,73.14356313281154,70.68934782225914,72.89715576171875,57591600,0.0,0.0
2025-11-13 00:00:00-05:00,76.82981386591706,78.35754254610198,75.54850007198539,76.26800537109375,57638500,0.0,0.0
2025-11-14 00:00:00-05:00,75.47950497270078,77.53946691063287,74.75013376656884,76.87909698486328,38819600,0.0,0.0
2025-11-17 00:00:00-05:00,76.77068181039895,78.24912607305102,76.35671922159791,76.66226196289062,28720100,0.0,0.0
2025-11-18 00:00:00-05:00,76.43556943052123,77.07622257880011,75.35137098318977,76.2581558227539,26025500,0.0,0.0
2025-11-19 00:00:00-05:00,76.1891638465189,77.7957372347099,76.05117631721447,77.26349639892578,24759700,0.0,0.0
2025-11-20 00:00:00-05:00,77.98300505580055,78.90949162851118,74.23761012518563,74.35588836669922,27381900,0.0,0.0
2025-11-21 00:00:00-05:00,74.55301999207057,75.83434143957864,74.3854647700946,75.00640869140625,24428800,0.0,0.0
2025-11-24 00:00:00-05:00,75.39079365114792,75.7751885306121,74.5924362122232,75.1443862915039,26691500,0.0,0.0
2025-11-25 00:00:00-05:00,75.39079127852777,75.95259974004522,74.9866871317022,75.22323608398438,18818800,0.0,0.0
2025-11-26 00:00:00-05:00,75.36122440026013,75.49921191720398,74.25731674495364,74.9768295288086,15972600,0.0,0.0
2025-11-28 00:00:00-05:00,75.0458287276595,75.85404460824536,74.72056919138859,75.83433532714844,7320900,0.0,0.0
2025-12-01 00:00:00-05:00,75.56820948252822,75.71605540663191,74.83884578197437,74.947265625,15529600,0.0,0.0
2025-12-02 00:00:00-05:00,75.06554666663006,75.89347184086554,74.67129336090807,75.76534271240234,14619100,0.0,0.0
2025-12-03 00:00:00-05:00,75.48934913231089,76.70167655475704,74.56286264661553,76.63268280029297,16088400,0.0,0.0
2025-12-04 00:00:00-05:00,76.57354622466278,76.74110140858312,76.06101475416449,76.64253997802734,12572600,0.0,0.0
2025-12-05 00:00:00-05:00,76.84953308105469,77.06637277354668,76.28772456857831,76.84953308105469,12579400,0.0,0.0
2025-12-08 00:00:00-05:00,77.08607733829828,78.23926197444146,76.99737429848227,77.72673797607422,17454500,0.0,0.0
2025-12-09 00:00:00-05:00,77.65775426308015,78.7320868785388,77.38177918827452,78.3674087524414,15737500,0.0,0.0
2025-12-10 00:00:00-05:00,77.69717159218698,79.65857209831351,77.6676039117551,79.09676361083984,21302700,0.0,0.0
2025-12-11 00:00:00-05:00,79.08690589717128,79.21504253982948,77.69717226651954,78.13084411621094,18652300,0.0,0.0
2025-12-12 00:00:00-05:00,78.31811733990313,78.41667878365172,76.60312415545805,76.68197631835938,16672300,0.0,0.0
2025-12-15 00:00:00-05:00,77.08608508563434,77.57889985349014,76.42571510144914,77.1255111694336,17646000,0.0,0.0
2025-12-16 00:00:00-05:00,76.98751986985913,77.4803346136069,76.26800703529463,76.4355697631836,17737200,0.0,0.0
2025-12-17 00:00:00-05:00,76.78053434086522,77.07621865893567,74.82898475467472,74.9078369140625,26094400,0.0,0.0
2025-12-18 00:00:00-05:00,75.23309941538753,76.69182682313395,75.16410565312594,75.84418487548828,19249400,0.0,0.0
2025-12-19 00:00:00-05:00,75.8638931080053,78.03227469397949,75.68647952226158,77.29305267333984,84881900,0.0,0.0
2025-12-22 00:00:00-05:00,77.88442949744993,78.01256612817483,76.83966477172265,76.98751068115234,18016100,0.0,0.0
2025-12-23 00:00:00-05:00,76.49470715004013,76.99738030749454,76.47499034870505,76.89881134033203,16712600,0.0,0.0
2025-12-24 00:00:00-05:00,76.89881134033203,77.16493552006054,76.73125612776603,76.89881134033203,9104400,0.0,0.0
2025-12-26 00:00:00-05:00,76.9776536931149,77.15506728373191,76.8100985019087,77.03679656982422,10158000,0.0,0.0
2025-12-29 00:00:00-05:00,76.9086681133447,77.17479228744111,76.40599496652861,76.672119140625,17941800,0.0,0.0
2025-12-30 00:00:00-05:00,76.69183032475466,76.69183032475466,76.06102803534573,76.2975845336914,13952200,0.0,0.0
2025-12-31 00:00:00-05:00,76.22857738848123,76.70168282904636,75.7751887478074,75.92303466796875,13570500,0.0,0.0
2026-01-02 00:00:00-05:00,75.95276419258126,76.2500307433969,74.92222351776539,75.34831237792969,15749800,0.41,0.0
2026-01-05 00:00:00-05:00,75.75458319290247,76.07167206760414,74.52586474843287,74.89250183105469,16328800,0.0,0.0
2026-01-06 00:00:00-05:00,74.84295137305166,75.0411366387789,74.12949953642337,74.54568481445312,17017200,0.0,0.0
2026-01-07 00:00:00-05:00,74.43667664871427,74.69430612592657,73.52503964629042,74.04031372070312,20347400,0.0,0.0
2026-01-08 00:00:00-05:00,73.63404620323485,73.78268325948578,72.88096488888766,73.2872314453125,17192200,0.0,0.0
2026-01-09 00:00:00-05:00,72.78187314621508,73.65387323348591,72.67287313530622,73.20796203613281,19104100,0.0,0.0
2026-01-12 00:00:00-05:00,72.24678429757594,73.3764137841549,72.13778429799426,73.33677673339844,20985700,0.0,0.0
2026-01-13 00:00:00-05:00,73.3169599234513,74.81322657168356,73.18814516883334,74.78350067138672,17809900,0.0,0.0
2026-01-14 00:00:00-05:00,74.24840557343859,74.42676852029035,73.1485019945185,73.73313903808594,17801300,0.0,0.0
2026-01-15 00:00:00-05:00,74.53577245267239,75.358224282117,74.22859474576923,74.56549835205078,18213000,0.0,0.0
2026-01-16 00:00:00-05:00,74.95194606675923,75.29876080720676,73.92140543800491,74.50604248046875,25743300,0.0,0.0
2026-01-20 00:00:00-05:00,73.84213280010205,74.18895510741427,72.54405150585806,72.68277740478516,23999700,0.0,0.0
2026-01-21 00:00:00-05:00,73.27732096984141,73.68359509001787,72.34587669137879,73.01969146728516,18210200,0.0,0.0
2026-01-22 00:00:00-05:00,73.43586961775733,74.09977324444186,73.2079584533758,73.65386962890625,12879800,0.0,0.0
2026-01-23 00:00:00-05:00,73.27732129739609,74.38713609796598,73.03950654012925,73.9114990234375,13125500,0.0,0.0
2026-01-26 00:00:00-05:00,75.77440512762657,76.71576059352164,74.95195326416324,76.30949401855469,24714400,0.0,0.0
2026-01-27 00:00:00-05:00,76.48785020754165,78.1922055847266,76.3491243103284,77.96429443359375,17756700,0.0,0.0
2026-01-28 00:00:00-05:00,78.21201909761052,78.32101909513113,77.31029321993906,78.24174499511719,14022900,0.0,0.0
2026-01-29 00:00:00-05:00,78.39039042473792,78.7570275065103,76.92384965764347,77.7165756225586,22642900,0.0,0.0
2026-01-30 00:00:00-05:00,77.3796556873686,78.08320387063449,77.01302620706878,77.6075668334961,26458400,0.0,0.0
2026-02-02 00:00:00-05:00,77.40938994232417,80.42173771525579,77.29047879181573,79.90646362304688,28238600,0.0,0.0
2026-02-03 00:00:00-05:00,80.07492246096292,82.4927298140506,80.07492246096292,82.35400390625,34962100,0.0,0.0
2026-02-04 00:00:00-05:00,83.21608544635383,83.47371493232188,80.40191536582748,80.42173767089844,39765700,0.0,0.0
2026-02-05 00:00:00-05:00,80.1244616310624,82.55217230375463,80.07491342958129,81.6108169555664,24236500,0.0,0.0
2026-02-06 00:00:00-05:00,82.79990594891265,84.22680961332497,82.05672821703038,84.04844665527344,23936600,0.0,0.0
2026-02-09 00:00:00-05:00,83.95926793820938,86.4563417606582,83.54308266780562,85.99061584472656,22908400,0.0,0.0
2026-02-10 00:00:00-05:00,86.17888830561324,87.38779192129651,85.34652534071877,85.50507354736328,32113800,0.0,0.0
2026-02-11 00:00:00-05:00,85.27716076787651,86.34733846238255,84.35562012427316,84.76189422607422,34455800,0.0,0.0
2026-02-12 00:00:00-05:00,78.88583822992165,79.63892710209126,73.4160459836293,74.3177719116211,68098600,0.0,0.0
2026-02-13 00:00:00-05:00,73.7034142306288,76.5968587702626,72.7521475891036,76.15094757080078,42886400,0.0,0.0
2026-02-17 00:00:00-05:00,76.25003642846055,76.86439944194349,75.78431804146012,76.15094757080078,24792700,0.0,0.0
2026-02-18 00:00:00-05:00,75.85367145215216,77.88501923852941,75.79421209704266,77.46884155273438,20648800,0.0,0.0
2026-02-19 00:00:00-05:00,77.28057552724893,78.43993857305722,77.1616719245984,77.84539031982422,18443200,0.0,0.0
2026-02-20 00:00:00-05:00,77.41930184557714,78.60839079832336,77.41930184557714,78.47956848144531,29461600,0.0,0.0
2026-02-23 00:00:00-05:00,78.13274815562582,78.75702226847515,76.24012619125975,77.03284454345703,24485900,0.0,0.0
2026-02-24 00:00:00-05:00,77.03284389538318,77.99402159883124,76.76530324926611,77.42920684814453,19485100,0.0,0.0
2026-02-25 00:00:00-05:00,77.73638788487294,78.69756562961048,77.54812133321965,78.40029907226562,22721800,0.0,0.0
2026-02-26 00:00:00-05:00,78.22193512559274,78.61829053037826,77.01303148501054,77.38957214355469,19608000,0.0,0.0
2026-02-27 00:00:00-05:00,76.94366480816811,78.80656082445549,76.36893891506014,78.73719787597656,27498000,0.0,0.0
2026-03-02 00:00:00-05:00,78.0336595647268,78.79665202073983,76.98330415359351,78.69756317138672,18540400,0.0,0.0
2026-03-03 00:00:00-05:00,77.66701911000752,78.71738203520657,76.86438963735063,78.24174499511719,17521100,0.0,0.0
2026-03-04 00:00:00-05:00,78.47956177505064,80.22355422071684,77.81565818016443,80.1343765258789,20388100,0.0,0.0
2026-03-05 00:00:00-05:00,79.26237374010199,80.4316402446663,78.33092953341104,79.28219604492188,26844800,0.0,0.0
2026-03-06 00:00:00-05:00,77.80574857352924,78.79665218916763,77.63729677326943,77.9246597290039,20621200,0.0,0.0
2026-03-09 00:00:00-04:00,76.47793947286904,76.85448011593519,74.51594703585307,75.51676177978516,32855900,0.0,0.0
2026-03-10 00:00:00-04:00,76.43830621941424,78.29129874865149,76.39866916659692,76.99320983886719,24836000,0.0,0.0
2026-03-11 00:00:00-04:00,76.93375738005554,77.78593510833497,76.41849081783751,77.38957214355469,14719900,0.0,0.0
2026-03-12 00:00:00-04:00,76.25002978416606,77.41929634665205,76.25002978416606,77.03284454345703,19969500,0.0,0.0
2026-03-13 00:00:00-04:00,77.35984037543096,78.53901802719754,77.23102563464744,77.61747741699219,19080400,0.0,0.0
2026-03-16 00:00:00-04:00,78.20211149883647,78.4498374026417,77.47875609332219,78.18229675292969,14715100,0.0,0.0
2026-03-17 00:00:00-04:00,78.45974960935872,79.32183848777741,78.10302369828855,78.5489273071289,16210500,0.0,0.0
2026-03-18 00:00:00-04:00,79.01465240090921,79.30201535739545,76.82475631181896,76.89411926269531,18827600,0.0,0.0
2026-03-19 00:00:00-04:00,76.84457846729909,78.16247453136907,76.22030435063972,77.79584503173828,17519600,0.0,0.0
2026-03-20 00:00:00-04:00,77.73639058731511,78.32102768907566,76.01222030279207,76.94367218017578,90380800,0.0,0.0
2026-03-23 00:00:00-04:00,77.92465676791845,78.78674560236311,77.70665677116271,78.10301971435547,20072200,0.0,0.0
2026-03-24 00:00:00-04:00,77.65711808774198,80.20374004502051,77.41929577982887,80.12446594238281,23528000,0.0,0.0
2026-03-25 00:00:00-04:00,80.26319573820521,81.92791417443445,80.15419573178583,81.08564758300781,23146000,0.0,0.0
2026-03-26 00:00:00-04:00,81.32346579842631,82.3540065465525,81.06582872139596,81.41265106201172,26649600,0.0,0.0
2026-03-27 00:00:00-04:00,81.23428266458014,81.37300856755496,78.67774949262456,79.1930160522461,20557400,0.0,0.0
2026-03-30 00:00:00-04:00,79.13355822291923,79.65873589558417,75.89329937610874,76.3392105102539,24306300,0.0,0.0
2026-03-31 00:00:00-04:00,77.18148279086817,77.47875690253713,75.61585324806843,76.88420867919922,25105700,0.0,0.0
2026-04-01 00:00:00-04:00,77.290485695693,78.40030051958831,77.10221158056919,77.22112274169922,21309000,0.0,0.0
2026-04-02 00:00:00-04:00,76.4440283426143,78.8051904172119,76.25473404598225,78.7254867553711,12634900,0.42,0.0
2026-04-06 00:00:00-04:00,78.82511777668516,80.1800495836353,78.7254844018829,80.14019775390625,16388600,0.0,0.0
2026-04-07 00:00:00-04:00,79.72175917431441,80.58851938868159,79.12399691656029,80.37930297851562,13428100,0.0,0.0
2026-04-08 00:00:00-04:00,82.00322741592719,83.42789809638369,81.19624872592752,83.38804626464844,19621900,0.0,0.0
2026-04-09 00:00:00-04:00,83.53748944186032,84.45405877666501,81.8438283840273,82.86002349853516,17611700,0.0,0.0
2026-04-10 00:00:00-04:00,83.57734066117534,84.24484174134838,81.31580431455932,81.91356658935547,17571100,0.0,0.0
2026-04-13 00:00:00-04:00,81.73423338065093,82.08292739146817,80.94717684140096,82.04307556152344,19997500,0.0,0.0
2026-04-14 00:00:00-04:00,81.72426863112378,82.34196059464594,81.05676758082427,82.30210876464844,17856800,0.0,0.0
2026-04-15 00:00:00-04:00,82.22240412553427,82.35192447172362,80.57855226226977,82.05303955078125,15066400,0.0,0.0
2026-04-16 00:00:00-04:00,81.77408745258181,84.21495319618265,81.69438379050712,84.18506622314453,14609000,0.0,0.0
2026-04-17 00:00:00-04:00,84.87249618195321,86.05805583971323,84.28469118106489,85.92854309082031,20321900,0.0,0.0
2026-04-20 00:00:00-04:00,85.8787280845626,88.02071651796375,85.5399989188413,87.38310241699219,16695600,0.0,0.0
2026-04-21 00:00:00-04:00,87.59231979635177,89.46531788943159,86.83515779370563,89.36568450927734,18653400,0.0,0.0
2026-04-22 00:00:00-04:00,89.59482952370088,90.11288812962029,89.14650972244291,89.46531677246094,16986100,0.0,0.0
2026-04-23 00:00:00-04:00,88.98710164548342,89.66456757117065,87.94101198343594,88.25981903076172,21156700,0.0,0.0
2026-04-24 00:00:00-04:00,87.08422554237958,89.39557857084196,87.08422554237958,88.67826080322266,18969900,0.0,0.0
2026-04-27 00:00:00-04:00,88.94724823158846,89.16642949790442,87.31336119299971,87.9310531616211,13810500,0.0,0.0
2026-04-28 00:00:00-04:00,88.21997388074324,88.21997388074324,85.46029351773731,86.53627014160156,16889300,0.0,0.0
2026-04-29 00:00:00-04:00,86.99455376819888,89.2959418524616,86.51633940734666,89.23616790771484,15427900,0.0,0.0
2026-04-30 00:00:00-04:00,89.48524234572787,91.32834591239926,88.9871058357648,91.15898132324219,21686700,0.0,0.0
2026-05-01 00:00:00-04:00,91.40804938930371,92.57368699597781,90.82025195722291,91.50767517089844,16095700,0.0,0.0
2026-05-04 00:00:00-04:00,91.50767541105674,92.75301668665892,90.85013917003795,92.2847671508789,12684800,0.0,0.0
2026-05-05 00:00:00-04:00,93.47033297670633,94.36698020093444,93.03197042242597,93.94854736328125,13456200,0.0,0.0
2026-05-06 00:00:00-04:00,92.2947272538162,93.07181895359831,90.66084019248986,91.29845428466797,27026600,0.0,0.0
2026-05-07 00:00:00-04:00,91.65711336703644,92.38439598056665,91.26856751627469,91.81652069091797,17062300,0.0,0.0
2026-05-08 00:00:00-04:00,92.98216062608438,96.65840281603927,92.79286632436386,96.2100830078125,24652500,0.0,0.0
2026-05-11 00:00:00-04:00,95.99090387763549,98.46166430961999,94.974708742496,98.3520736694336,31852500,0.0,0.0
2026-05-12 00:00:00-04:00,99.14908329127454,99.55755886015953,97.40560558214602,98.9199447631836,28810800,0.0,0.0
2026-05-13 00:00:00-04:00,99.0295380234399,101.62981116947924,98.91994738502753,101.4903335571289,45241600,0.0,0.0
2026-05-14 00:00:00-04:00,117.11189435958173,118.91514605987985,113.54523519019843,115.09941864013672,70932300,0.0,0.0
2026-05-15 00:00:00-04:00,114.182843340767,118.38711640346052,113.57511623354583,117.76942443847656,38519600,0.0,0.0
2026-05-18 00:00:00-04:00,118.35723173463485,118.9450291377703,115.5975513545026,118.43692779541016,24763500,0.0,0.0
2026-05-19 00:00:00-04:00,116.60379086055624,118.05834850384714,114.36217664845788,114.9499740600586,32525500,0.0,0.0
2026-05-20 00:00:00-04:00,115.25882260163759,116.48423410107117,113.4256763800439,113.92381286621094,26154800,0.0,0.0
2026-05-21 00:00:00-04:00,113.7046298192243,118.15797115211657,113.146719395743,117.75946044921875,22700600,0.0,0.0
2026-05-22 00:00:00-04:00,118.01849814442764,120.33981604836205,117.2414064240279,119.96123504638672,22237200,0.0,0.0
2026-05-26 00:00:00-04:00,120.0907470750127,120.31988560607661,116.66356555858108,117.88898468017578,26607200,0.0,0.0
2026-05-27 00:00:00-04:00,117.50043579365371,119.94130151480374,116.33479064917161,119.22398376464844,21705100,0.0,0.0
2026-05-28 00:00:00-04:00,120.08077784445092,120.27007213788391,117.52035665852203,118.19782257080078,20631300,0.0,0.0
2026-05-29 00:00:00-04:00,117.38088315730684,120.97742925252889,116.57390446922955,119.97119140625,42179300,0.0,0.0
2026-06-01 00:00:00-04:00,119.35350357607003,121.49548435800466,117.85909413697546,120.87779998779297,23966800,0.0,0.0
2026-06-02 00:00:00-04:00,122.03347533485748,127.74212286136571,122.03347533485748,127.52294158935547,26451500,0.0,0.0
2026-06-03 00:00:00-04:00,125.68980476552466,128.93764925828725,124.45442077836663,126.02853393554688,29972500,0.0,0.0
2026-06-04 00:00:00-04:00,125.59016968918104,129.88410380965527,123.6773273878104,129.51548767089844,23339500,0.0,0.0
2026-06-05 00:00:00-04:00,128.18048613177464,128.35980797247962,121.09698458746,121.1866455078125,33169300,0.0,0.0
2026-06-08 00:00:00-04:00,123.09948898605293,125.96876007990703,121.54530554418845,123.68729400634766,24288200,0.0,0.0
2026-06-09 00:00:00-04:00,122.80060822902054,123.75702936669221,116.66356309442796,119.91141510009766,22744100,0.0,0.0
2026-06-10 00:00:00-04:00,119.27380044260487,120.49921193154478,117.91886860375652,118.35723114013672,19740500,0.0,0.0
2026-06-11 00:00:00-04:00,116.74326755978973,122.09325617395892,116.06580163248876,121.37593841552734,24625500,0.0,0.0
2026-06-12 00:00:00-04:00,121.89400000215892,122.33236255436663,120.28004260713928,120.6486587524414,18222800,0.0,0.0
2026-06-15 00:00:00-04:00,122.10321400670519,122.13310097995415,119.08450809320625,119.72212219238281,23148000,0.0,0.0
2026-06-16 00:00:00-04:00,119.84167688789378,120.31988365861034,118.75573539433903,119.12435913085938,16644300,0.0,0.0
2026-06-17 00:00:00-04:00,118.51663000765573,119.21402563786691,116.50416197970115,116.89270782470703,18472000,0.0,0.0
2026-06-18 00:00:00-04:00,118.15797574441675,119.87156651280579,116.86282541086113,119.09447479248047,52284400,0.0,0.0
2026-06-22 00:00:00-04:00,119.15424968420149,121.63496733435197,119.15424968420149,121.07705688476562,20174100,0.0,0.0
2026-06-23 00:00:00-04:00,118.0981980260692,121.88403072745592,117.21151569647581,120.69847106933594,22654400,0.0,0.0
2026-06-24 00:00:00-04:00,120.12063335816455,122.43198637664679,118.58637205092795,119.28376770019531,21752900,0.0,0.0
2026-06-25 00:00:00-04:00,120.3597346796789,120.68850658293373,117.12184753777049,118.52659606933594,26918700,0.0,0.0
2026-06-26 00:00:00-04:00,116.74326456107165,116.74326456107165,112.4393657219936,113.3459701538086,51641400,0.0,0.0
2026-06-29 00:00:00-04:00,114.5514734620213,117.73954403771249,114.30240521076543,117.2613296508789,22447200,0.0,0.0
2026-06-30 00:00:00-04:00,116.3447584894191,118.65611152085707,115.76691833131969,117.02222442626953,32465500,0.0,0.0
2026-07-01 00:00:00-04:00,116.105656418323,116.99233878090456,114.5614302267925,116.57390594482422,32016000,0.0,0.0
2026-07-02 00:00:00-04:00,116.59382534656903,116.70341598217635,111.48294770808097,112.27000427246094,24251000,0.0,0.0
2026-07-06 00:00:00-04:00,113.05000305175781,115.4800033569336,112.68000030517578,113.9800033569336,22920000,0.42,0.0
2026-07-07 00:00:00-04:00,112.79000091552734,114.02999877929688,111.66999816894531,111.79000091552734,16650900,0.0,0.0
2026-07-08 00:00:00-04:00,111.68000030517578,114.05000305175781,111.33000183105469,113.81999969482422,18314100,0.0,0.0
2026-07-09 00:00:00-04:00,115.27999877929688,119.4800033569336,115.27999877929688,118.30999755859375,21293400,0.0,0.0
2026-07-10 00:00:00-04:00,117.62999725341797,121.61000061035156,117.02999877929688,121.30999755859375,26178700,0.0,0.0
2026-07-13 00:00:00-04:00,119.97000122070312,120.33999633789062,117.26000213623047,119.25,17569200,0.0,0.0
2026-07-14 00:00:00-04:00,119.75,120.05999755859375,116.55999755859375,117.08999633789062,21935600,0.0,0.0
2026-07-15 00:00:00-04:00,117.19999694824219,117.5,110.22000122070312,111.7699966430664,23829100,0.0,0.0
2026-07-16 00:00:00-04:00,110.22000122070312,111.23999786376953,107.52999877929688,109.66000366210938,25222400,0.0,0.0
2026-07-17 00:00:00-04:00,109.1500015258789,113.2300033569336,108.91000366210938,111.94000244140625,28459500,0.0,0.0
2026-07-20 00:00:00-04:00,112.27999877929688,113.2300033569336,110.6500015258789,110.69999694824219,15821200,0.0,0.0
2026-07-21 00:00:00-04:00,112.69999694824219,113.18000030517578,110.93000030517578,112.18000030517578,17031500,0.0,0.0
2026-07-22 00:00:00-04:00,111.5199966430664,113.77999877929688,111.36000061035156,112.20999908447266,13726600,0.0,0.0
2026-07-23 00:00:00-04:00,112.0,113.9000015258789,111.83000183105469,112.76000213623047,15175500,0.0,0.0
2026-07-24 00:00:00-04:00,112.37000274658203,114.56999969482422,112.19999694824219,114.16999816894531,19131700,0.0,0.0
2026-07-27 00:00:00-04:00,115.16000366210938,115.37999725341797,112.73999786376953,114.56999969482422,15974600,0.0,0.0
2026-07-28 00:00:00-04:00,114.12999725341797,117.06999969482422,111.7300033569336,115.58000183105469,27972100,0.0,0.0
2026-07-29 00:00:00-04:00,117.0199966430664,117.27999877929688,112.3499984741211,112.4800033569336,22761500,0.0,0.0
2026-07-30 00:00:00-04:00,112.69000244140625,114.33000183105469,111.66000366210938,113.55999755859375,25570000,0.0,0.0
2026-07-31 00:00:00-04:00,115.33000183105469,117.25,113.88999938964844,115.98999786376953,18812000,0.0,0.0
2026-08-03 00:00:00-04:00,114.5999984741211,116.2699966430664,113.81999969482422,115.86000061035156,17712400,0.0,0.0
2026-08-04 00:00:00-04:00,119.38999938964844,121.9000015258789,118.7300033569336,121.73999786376953,26637900,0.0,0.0
2026-08-05 00:00:00-04:00,124.0,124.20999908447266,114.87999725341797,121.5,18468700,0.0,0.0
2026-08-06 00:00:00-04:00,121.4800033569336,122.19000244140625,119.9000015258789,120.87999725341797,14049700,0.0,0.0
2026-08-07 00:00:00-04:00,121.87999725341797,122.58999633789062,119.44999694824219,121.43000030517578,15964600,0.0,0.0
2026-08-10 00:00:00-04:00,123.05000305175781,124.70999908447266,122.2699966430664,122.56999969482422,21131900,0.0,0.0
2026-08-11 00:00:00-04:00,123.0,123.16000366210938,120.12000274658203,120.43000030517578,16377800,0.0,0.0
2026-08-12 00:00:00-04:00,122.75,124.44999694824219,122.26000213623047,123.87999725341797,36223000,0.0,0.0
2026-08-13 00:00:00-04:00,113.93000030517578,115.94999694824219,111.4800033569336,113.47000122070312,61372800,0.0,0.0
2026-08-14 00:00:00-04:00,112.70500183105469,113.68000030517578,110.05500030517578,111.68000030517578,29278347,0.0,0.0
