Date,Open,High,Low,Close,Volume,Dividends,Stock Splits
2021-07-26 00:00:00-04:00,61.60757124404321,62.97013960142187,61.46158111208779,62.87281036376953,10800049,0.0,0.0
2021-07-27 00:00:00-04:00,64.86799879336795,65.54928854466426,62.28885226423814,63.65142059326172,23964901,0.0,0.0
2021-07-28 00:00:00-04:00,63.99208176285072,65.5979624162688,63.45678572869538,63.894752502441406,13757312,0.0,0.0
2021-07-29 00:00:00-04:00,64.186723767332,65.11132181441606,63.70009243212492,64.67335510253906,10889854,0.0,0.0
2021-07-30 00:00:00-04:00,64.04074144607893,64.33272175570423,62.872820207577725,63.01881408691406,12050777,0.0,0.0
2021-08-02 00:00:00-04:00,63.554098490381975,65.21472921507149,61.09052392290467,61.193931579589844,39943542,0.0,0.125
2021-08-03 00:00:00-04:00,60.95062048828585,62.77549164003917,59.67929543574427,62.69032669067383,23177543,0.0,0.0
2021-08-04 00:00:00-04:00,61.92996112018615,62.92755971643746,61.71706365910657,62.59907913208008,22702917,0.0,0.0
2021-08-05 00:00:00-04:00,62.65383988668982,63.65143119735351,62.36185958021228,62.6660041809082,13050690,0.0,0.0
2021-08-06 00:00:00-04:00,62.87280803683508,64.02856475725861,62.87280803683508,63.578426361083984,17637083,0.0,0.0
2021-08-09 00:00:00-04:00,62.99447287386224,63.42636115564368,62.063792696873456,63.085716247558594,12768033,0.0,0.0
2021-08-10 00:00:00-04:00,63.146551775156,64.67944657299488,62.775499819367646,64.52737426757812,12930790,0.0,0.0
2021-08-11 00:00:00-04:00,64.6064516231708,64.6064516231708,63.15263595295597,64.50303649902344,13330458,0.0,0.0
2021-08-12 00:00:00-04:00,64.59428411638815,65.22690940087269,64.01640933340447,64.7950210571289,10270509,0.0,0.0
2021-08-13 00:00:00-04:00,64.78286063978835,64.85585386377753,63.61494670881693,63.82176208496094,9020462,0.0,0.0
2021-08-16 00:00:00-04:00,63.40202947372075,63.44460822289105,62.19152963901644,62.86673355102539,11101144,0.0,0.0
2021-08-17 00:00:00-04:00,62.374012750815574,62.81806527844993,61.04794103846001,61.814388275146484,13125487,0.0,0.0
2021-08-18 00:00:00-04:00,61.485920033314216,62.939731913933514,61.29126898612417,61.6866569519043,10427487,0.0,0.0
2021-08-19 00:00:00-04:00,60.82896736176845,61.32776673181488,59.97736249656698,60.476158142089844,17344153,0.0,0.0
2021-08-20 00:00:00-04:00,60.57957034344597,61.236524166563115,60.281507891762764,60.85938262939453,10203095,0.0,0.0
2021-08-23 00:00:00-04:00,61.19394092735941,61.72923690432119,60.99320400486785,61.419010162353516,9642436,0.0,0.0
2021-08-24 00:00:00-04:00,61.61365922565751,62.96405969396368,61.47375495119744,62.81807327270508,11007246,0.0,0.0
2021-08-25 00:00:00-04:00,62.87283413098966,63.949512226732594,62.38012423286652,63.68794631958008,12627427,0.0,0.0
2021-08-26 00:00:00-04:00,63.541929355238366,63.639258594372635,62.55650246745071,62.88498306274414,13107992,0.0,0.0
2021-08-27 00:00:00-04:00,63.20129696177506,64.56994759547578,63.20129696177506,64.533447265625,12473178,0.0,0.0
2021-08-30 00:00:00-04:00,64.67944275817203,64.75852184213413,63.748758814104164,63.98598861694336,11469513,0.0,0.0
2021-08-31 00:00:00-04:00,63.83391016273946,64.69768668247424,63.54192989191688,64.11981201171875,17641256,0.0,0.0
2021-09-01 00:00:00-04:00,64.08938935553735,64.15630413835423,62.81198220356842,63.0552978515625,12789542,0.0,0.0
2021-09-02 00:00:00-04:00,63.26211224104219,64.68550561362288,63.24994795006323,64.63684844970703,13633178,0.0,0.0
2021-09-03 00:00:00-04:00,64.4787071396884,65.30598342869453,63.31079336918646,63.718345642089844,12225833,0.0,0.0
2021-09-07 00:00:00-04:00,63.566267367699254,63.833911610078,62.23411340421682,62.83023452758789,17639170,0.0,0.0
2021-09-08 00:00:00-04:00,62.623422806472476,63.70617902945716,61.084449701531916,62.398353576660156,19263203,0.0,0.0
2021-09-09 00:00:00-04:00,62.264527861261975,63.821747317069246,62.1124555760362,62.83023452758789,15066205,0.0,0.0
2021-09-10 00:00:00-04:00,62.83023753505839,63.23171136689024,61.91172163323313,62.04554748535156,15350467,0.0,0.0
2021-09-13 00:00:00-04:00,62.44093602846055,63.78525808636615,62.057712357963055,63.541934967041016,20038302,0.0,0.0
2021-09-14 00:00:00-04:00,63.59059797593189,63.59668384715307,60.87154691943709,61.060115814208984,25717763,0.0,0.0
2021-09-15 00:00:00-04:00,61.309513474483005,62.33144075099839,61.24868455860765,62.14287185668945,13007192,0.0,0.0
2021-09-16 00:00:00-04:00,62.282769404672806,62.47133827862455,61.32775701833861,61.644065856933594,9601506,0.0,0.0
2021-09-17 00:00:00-04:00,61.52849107453916,61.96037931649645,60.908037680424954,61.1148567199707,17203387,0.0,0.0
2021-09-20 00:00:00-04:00,59.91652850979587,60.74988686354191,59.16833138027162,60.71338653564453,16217539,0.0,0.0
2021-09-21 00:00:00-04:00,60.768127970227276,60.82287473274576,58.52354050315278,58.894596099853516,25342171,0.0,0.0
2021-09-22 00:00:00-04:00,59.4116507451874,60.238927004114274,59.405568598332486,59.94086456298828,18002884,0.0,0.0
2021-09-23 00:00:00-04:00,60.54307907544259,63.31079889269274,60.536996927835894,62.62950897216797,18620844,0.0,0.0
2021-09-24 00:00:00-04:00,62.495585468778074,63.43308010094422,62.459060478417356,63.1895751953125,10528608,0.049841,0.0
2021-09-27 00:00:00-04:00,63.64613844672827,64.72973662395036,63.5487335154663,64.13314819335938,12971559,0.0,0.0
2021-09-28 00:00:00-04:00,64.0966116347831,64.985407295529,63.755709326772546,64.36447143554688,20146646,0.0,0.0
2021-09-29 00:00:00-04:00,64.52884776009508,65.1376099825122,64.10879735372333,64.69930267333984,11876404,0.0,0.0
2021-09-30 00:00:00-04:00,64.74799700270046,65.19238740532924,62.67211510327896,62.72081756591797,14356273,0.0,0.0
2021-10-01 00:00:00-04:00,63.4208837134177,64.76624336400592,63.11041208760012,64.41925048828125,12992425,0.0,0.0
2021-10-04 00:00:00-04:00,64.16358825422328,65.18631024422518,63.67657849277853,63.85920715332031,12288913,0.0,0.0
2021-10-05 00:00:00-04:00,63.9566046327055,64.52884557530685,63.15913062124348,63.85920715332031,9208740,0.0,0.0
2021-10-06 00:00:00-04:00,63.116538181188034,63.56701936721696,62.13034087432412,63.51223373413086,11257962,0.0,0.0
2021-10-07 00:00:00-04:00,63.82266846858414,64.85148090181379,63.512204267069116,64.23054504394531,10684302,0.0,0.0
2021-10-08 00:00:00-04:00,64.14529854627511,64.66274621330918,63.71308202671338,63.749603271484375,6859525,0.0,0.0
2021-10-11 00:00:00-04:00,63.82268214053182,64.38274936254483,63.29306048521433,63.36002731323242,6615872,0.0,0.0
2021-10-12 00:00:00-04:00,63.04345407149909,63.33566138569063,61.82593353548604,62.53209686279297,13722903,0.0,0.0
2021-10-13 00:00:00-04:00,62.21554520049175,62.82431112697254,61.59460924841744,62.312950134277344,12065484,0.0,0.0
2021-10-14 00:00:00-04:00,62.7877820694538,63.09825377121152,62.3190366697102,62.54427719116211,9853826,0.0,0.0
2021-10-15 00:00:00-04:00,63.09824310947291,64.46795781842238,62.81820956481905,63.56089782714844,9069257,0.0,0.0
2021-10-18 00:00:00-04:00,63.11651651912724,63.65831187757936,62.726904250888545,63.384368896484375,6653913,0.0,0.0
2021-10-19 00:00:00-04:00,63.66440390213163,63.90181817577665,63.055641708334655,63.75571823120117,6767714,0.0,0.0
2021-10-20 00:00:00-04:00,63.7678864352968,64.54101286317686,63.23217426040298,64.52883911132812,9803748,0.0,0.0
2021-10-21 00:00:00-04:00,64.38275297252811,64.76626723953913,62.70864927176813,62.793880462646484,11588129,0.0,0.0
2021-10-22 00:00:00-04:00,62.73300786564886,63.62179636019094,62.42862671241371,63.34177017211914,8595273,0.0,0.0
2021-10-25 00:00:00-04:00,63.092151243916156,64.52274213352118,62.9034394718073,64.10269927978516,10427005,0.0,0.0
2021-10-26 00:00:00-04:00,64.38274957452364,67.55440382224413,64.05401349249799,65.40546417236328,18781193,0.0,0.0
2021-10-27 00:00:00-04:00,65.6733141668315,65.91681902590452,63.122596295138344,63.220001220703125,14420637,0.0,0.0
2021-10-28 00:00:00-04:00,62.939955295867414,64.15139620485598,62.763417289629054,64.0783462524414,9487384,0.0,0.0
2021-10-29 00:00:00-04:00,63.889637214394675,64.06617524874174,63.38436315958383,63.84093475341797,9018536,0.0,0.0
2021-11-01 00:00:00-04:00,64.38274464963075,64.99758999119999,64.09053730624008,64.66886138916016,7844250,0.0,0.0
2021-11-02 00:00:00-04:00,64.73582390827312,65.22283368601492,64.1027141791447,64.94889068603516,7192101,0.0,0.0
2021-11-03 00:00:00-04:00,64.62622833358722,64.73579952844217,63.81048279017969,64.51055908203125,6599661,0.0,0.0
2021-11-04 00:00:00-04:00,64.4496987685037,64.7723441952424,63.48785309165279,64.04792022705078,7505094,0.0,0.0
2021-11-05 00:00:00-04:00,65.09499115111133,66.75082272790237,65.04628868756238,66.19685363769531,12202399,0.0,0.0
2021-11-08 00:00:00-05:00,66.59864078926027,67.15261740584799,65.94117608354081,66.0020523071289,8305554,0.0,0.0
2021-11-09 00:00:00-05:00,69.84334567270918,70.71996777375686,67.25610614520191,67.74920654296875,40325875,0.0,0.0
2021-11-10 00:00:00-05:00,68.48580296809887,68.5953816603216,65.81333976387731,66.3307876586914,13952431,0.0,0.0
2021-11-11 00:00:00-05:00,66.08118511436966,66.72038538684338,65.00367757459611,65.13760375976562,8848557,0.0,0.0
2021-11-12 00:00:00-05:00,65.38111854867938,65.70376403567484,64.80888500935936,65.49678039550781,12240118,0.0,0.0
2021-11-15 00:00:00-05:00,65.76464919460189,66.15425410984798,64.65061262262712,64.93672943115234,9831034,0.0,0.0
2021-11-16 00:00:00-05:00,64.62015287611975,64.6566815861903,62.59297347365706,62.915618896484375,19257424,0.0,0.0
2021-11-17 00:00:00-05:00,63.12868613196855,63.23826480818856,61.74070696113906,62.08769989013672,13334471,0.0,0.0
2021-11-18 00:00:00-05:00,61.74679622485815,61.97203673450801,60.37708135623713,61.28413772583008,13692888,0.0,0.0
2021-11-19 00:00:00-05:00,60.75450844307672,61.3267455852282,60.45012738101948,60.85190963745117,10598911,0.0,0.0
2021-11-22 00:00:00-05:00,61.162391179461935,62.07553451309214,61.046725611718124,61.50938415527344,9962170,0.0,0.0
2021-11-23 00:00:00-05:00,61.959861741470505,62.22163095764405,61.57634009496871,62.14249038696289,9648856,0.0,0.0
2021-11-24 00:00:00-05:00,62.00856609808991,62.288595950912104,61.673746904463016,62.23380661010742,8943739,0.0,0.0
2021-11-26 00:00:00-05:00,58.842999475430645,59.719617751856234,58.14292297502584,59.56134033203125,13815999,0.0,0.0
2021-11-29 00:00:00-05:00,60.43186603127325,61.13802934131987,58.94648199328877,59.90224075317383,15692352,0.0,0.0
2021-11-30 00:00:00-05:00,58.83082404712676,59.311750654471275,57.50981157387122,57.82636642456055,18313148,0.0,0.0
2021-12-01 00:00:00-05:00,58.776034771370895,58.98301465043401,56.57840040055024,56.614925384521484,13895451,0.0,0.0
2021-12-02 00:00:00-05:00,57.34544278580378,58.30728853292551,56.49926259977943,57.972469329833984,9782400,0.0,0.0
2021-12-03 00:00:00-05:00,57.91159255382908,58.04552247022877,55.8418011364528,56.47491455078125,12973646,0.0,0.0
2021-12-06 00:00:00-05:00,57.132378229028355,58.983019823295734,56.761034025817665,58.44730758666992,10721861,0.0,0.0
2021-12-07 00:00:00-05:00,58.806468322982255,59.85962826497583,58.623839689856375,59.38479232788086,8104115,0.0,0.0
2021-12-08 00:00:00-05:00,59.38479904806806,60.23097922279178,59.03780236941002,59.82919692993164,7635106,0.0,0.0
2021-12-09 00:00:00-05:00,59.51871565171085,59.77439796229767,59.04997034009693,59.555240631103516,6527432,0.0,0.0
2021-12-10 00:00:00-05:00,59.71352461609552,59.9996413170399,58.71515400947165,59.019535064697266,6863859,0.0,0.0
2021-12-13 00:00:00-05:00,58.42295427176228,58.68472350412537,56.50535337549509,56.694068908691406,11843339,0.0,0.0
2021-12-14 00:00:00-05:00,56.4627439652468,57.26022550243282,55.835717350685314,56.07313537597656,11654259,0.0,0.0
2021-12-15 00:00:00-05:00,56.1400865989958,56.25574841352949,54.898207469268215,56.05485916137695,12350388,0.0,0.0
2021-12-16 00:00:00-05:00,56.32272095480835,57.4306665743093,56.12791483080172,56.32880783081055,11440140,0.0,0.0
2021-12-17 00:00:00-05:00,56.28011463532572,56.657549466065454,54.855610227530114,55.67135238647461,14550168,0.0,0.0
2021-12-20 00:00:00-05:00,54.83660907054322,54.89753858643471,53.721597437455614,54.82442092895508,9651745,0.049841,0.0
2021-12-21 00:00:00-05:00,55.27530214836379,57.07272666469178,55.27530214836379,56.701053619384766,12227117,0.0,0.0
2021-12-22 00:00:00-05:00,56.61575903700902,57.09710300854405,56.152691683724605,56.7071533203125,7485993,0.0,0.0
2021-12-23 00:00:00-05:00,56.8472894228266,57.602816250118,56.8472894228266,57.27379608154297,6236589,0.0,0.0
2021-12-27 00:00:00-05:00,57.04835493772952,57.68202268188334,56.93868031118401,57.65155792236328,5503703,0.0,0.0
2021-12-28 00:00:00-05:00,57.53579455053354,58.54113167516126,57.42002771125789,58.06588363647461,6503676,0.0,0.0
2021-12-29 00:00:00-05:00,57.8830895525531,58.17554899525652,57.54188127337442,57.75513458251953,5602577,0.0,0.0
2021-12-30 00:00:00-05:00,57.67593338373931,58.48020158334115,57.596723512720644,57.7003059387207,5247049,0.0,0.0
2021-12-31 00:00:00-05:00,57.57844583904333,57.86481684468414,57.21286868938721,57.5601692199707,6092452,0.0,0.0
2022-01-03 00:00:00-05:00,58.017131361292094,59.36976883670467,57.730760401534845,58.638614654541016,7415209,0.0,0.0
2022-01-04 00:00:00-05:00,60.18622653894272,60.96002990813629,59.76581212791468,60.54570770263672,12237390,0.0,0.0
2022-01-05 00:00:00-05:00,60.76505694712656,62.0202042439991,60.49696632772584,60.54570770263672,9461542,0.0,0.0
2022-01-06 00:00:00-05:00,61.203745011129946,61.587602439716896,60.5761695277406,60.89909744262695,6864983,0.0,0.0
2022-01-07 00:00:00-05:00,60.80770901643899,62.29439003975839,60.789432398981965,61.7825813293457,10029103,0.0,0.0
2022-01-10 00:00:00-05:00,61.977558378046055,62.14816252603518,60.283716232594465,60.576175689697266,9259300,0.0,0.0
2022-01-11 00:00:00-05:00,61.10626742760619,62.37360298927609,60.911290716981256,62.02021026611328,9107137,0.0,0.0
2022-01-12 00:00:00-05:00,61.80086325719252,62.52592530458703,61.770398496635465,62.29439163208008,7316816,0.0,0.0
2022-01-13 00:00:00-05:00,62.324869092674774,63.15351373322753,62.026313632241866,62.42845153808594,7034320,0.0,0.0
2022-01-14 00:00:00-05:00,61.94099570874374,62.921960142646135,61.484020620899756,62.85493469238281,7030789,0.0,0.0
2022-01-18 00:00:00-05:00,62.489368320985676,63.20224595623599,62.245650236595836,62.690433502197266,13499795,0.0,0.0
2022-01-19 00:00:00-05:00,62.568566708703386,62.75135524935103,61.21593300018399,61.30732727050781,9147425,0.0,0.0
2022-01-20 00:00:00-05:00,61.06971017158483,62.02020997300341,59.69269998352849,59.863304138183594,9045502,0.0,0.0
2022-01-21 00:00:00-05:00,59.52818797066285,59.92422984022946,58.40708408606073,58.675174713134766,12964978,0.0,0.0
2022-01-24 00:00:00-05:00,57.63327368302692,59.369768589106684,56.23189483972428,59.04684066772461,15847565,0.0,0.0
2022-01-25 00:00:00-05:00,55.51901639959571,56.2745431188815,53.8008055980941,55.51292419433594,33629909,0.0,0.0
2022-01-26 00:00:00-05:00,55.75664022610789,56.000358273115,53.64847613495017,54.42228317260742,17073695,0.0,0.0
2022-01-27 00:00:00-05:00,54.83661005898195,55.915061017427455,53.66066888880632,54.77568054199219,12527109,0.0,0.0
2022-01-28 00:00:00-05:00,54.41010432538462,56.152687793509486,54.13592149446935,56.11613082885742,10398756,0.0,0.0
2022-01-31 00:00:00-05:00,55.817566896058466,57.614991131907665,55.464177984299695,57.566246032714844,11238219,0.0,0.0
2022-02-01 00:00:00-05:00,57.88309439056499,59.9668825503921,57.73076685490344,59.68051528930664,13080224,0.0,0.0
2022-02-02 00:00:00-05:00,59.509906296357045,60.064367885937564,58.58987133523943,59.735347747802734,8926564,0.0,0.0
2022-02-03 00:00:00-05:00,59.193074776126224,60.41775733227742,58.82749767096568,59.905948638916016,9972924,0.0,0.0
2022-02-04 00:00:00-05:00,59.52818668230204,60.96003033359211,59.49162971819297,60.32636260986328,10278374,0.0,0.0
2022-02-07 00:00:00-05:00,60.54571673565359,61.28905918810655,60.01563135397855,60.86864471435547,7039456,0.0,0.0
2022-02-08 00:00:00-05:00,60.91738146356859,61.23421346164995,60.094832978994084,60.509151458740234,8279712,0.0,0.0
2022-02-09 00:00:00-05:00,61.08189424899347,61.21594143568308,60.39338915873882,60.472599029541016,10632457,0.0,0.0
2022-02-10 00:00:00-05:00,59.94859609995677,61.34388267085012,59.71097025702756,60.19231414794922,8848717,0.0,0.0
2022-02-11 00:00:00-05:00,60.33245360949789,61.06970373592981,58.59596240753627,58.99809646606445,11966771,0.0,0.0
2022-02-14 00:00:00-05:00,58.92498146740278,59.345395865313925,58.224292047778555,58.85795974731445,11172731,0.0,0.0
2022-02-15 00:00:00-05:00,59.704887279061914,61.77039880114919,59.68051472435944,61.4901237487793,10741924,0.0,0.0
2022-02-16 00:00:00-05:00,60.9844090847158,62.093328646617195,60.8625500381783,61.78868103027344,7850670,0.0,0.0
2022-02-17 00:00:00-05:00,61.142821568592595,61.19156667666638,59.63786019234322,59.99125289916992,6229366,0.0,0.0
2022-02-18 00:00:00-05:00,59.96688342294697,60.30199952945839,56.0064644358897,56.47562026977539,25110235,0.0,0.0
2022-02-22 00:00:00-05:00,56.44515358073387,58.01713670957138,56.280641636171794,57.36518859863281,12349746,0.0,0.0
2022-02-23 00:00:00-05:00,57.14583775821134,57.79778580855153,56.24407944195967,56.45124053955078,11839969,0.0,0.0
2022-02-24 00:00:00-05:00,55.19609455070115,56.7193324642779,53.4352307764698,56.384220123291016,18285861,0.0,0.0
2022-02-25 00:00:00-05:00,56.9143137540089,59.35758681865327,56.701056698194975,58.71782684326172,11191511,0.0,0.0
2022-02-28 00:00:00-05:00,57.736857211990824,58.382709336546505,57.35299976826839,58.19382858276367,10142743,0.0,0.0
2022-03-01 00:00:00-05:00,57.85871528687698,58.52893995292108,55.97599252430741,56.25626754760742,10806289,0.0,0.0
2022-03-02 00:00:00-05:00,56.944773969930694,57.85262451345238,56.71324031456595,57.37127685546875,7131107,0.0,0.0
2022-03-03 00:00:00-05:00,57.84653350354944,58.065882766546956,56.043020404646455,56.32938766479492,7420184,0.0,0.0
2022-03-04 00:00:00-05:00,54.970650955489035,55.12906694618116,53.32555407303692,54.31261444091797,13545059,0.0,0.0
2022-03-07 00:00:00-05:00,54.07478018256019,54.404095893939,52.013510947737096,52.068397521972656,11428423,0.049841,0.0
2022-03-08 00:00:00-05:00,53.07463785407053,55.16030154316853,52.172069417754265,53.75766372680664,11006283,0.0,0.0
2022-03-09 00:00:00-05:00,55.77624046719432,56.70930100848523,55.55669790866543,55.64817428588867,10394261,0.0,0.0
2022-03-10 00:00:00-05:00,53.525921881699645,55.861620252506384,53.330770032740595,55.696964263916016,13026132,0.0,0.0
2022-03-11 00:00:00-05:00,56.59343423321924,57.09350737157477,55.8982129697714,56.27631759643555,11342229,0.0,0.0
2022-03-14 00:00:00-04:00,56.37388813093017,57.31914403738136,56.06896687078462,56.37998580932617,9700540,0.0,0.0
2022-03-15 00:00:00-04:00,56.86785079585822,57.05690120032338,55.654263626370174,56.318992614746094,8189827,0.0,0.0
2022-03-16 00:00:00-04:00,57.00202842369479,58.203416716199186,56.55684188243307,57.75213623046875,8954332,0.0,0.0
2022-03-17 00:00:00-04:00,57.447208756312385,58.28269522824708,56.904448180273754,58.25830078125,6982315,0.0,0.0
2022-03-18 00:00:00-04:00,58.294891357421875,58.49004320195078,57.66675580961925,58.294891357421875,11872231,0.0,0.0
2022-03-21 00:00:00-04:00,57.59966960008294,58.37417182446783,57.11179559443619,57.825313568115234,8799280,0.0,0.0
2022-03-22 00:00:00-04:00,58.0814545909748,58.68519950982496,57.691154581432826,57.874107360839844,7730288,0.0,0.0
2022-03-23 00:00:00-04:00,57.678943411370746,57.727732299451965,57.02641350397986,57.14228057861328,7854202,0.0,0.0
2022-03-24 00:00:00-04:00,57.56308587127412,57.58138264203057,57.11180162161858,57.39842987060547,8561245,0.0,0.0
2022-03-25 00:00:00-04:00,57.59356902248211,57.880197226791005,56.96543351225377,57.33743667602539,9227359,0.0,0.0
2022-03-28 00:00:00-04:00,57.08130063620817,57.10569508208673,55.32495280943148,56.105552673339844,12069336,0.0,0.0
2022-03-29 00:00:00-04:00,56.727600514491655,57.91679347576908,56.727600514491655,57.72164535522461,13794811,0.0,0.0
2022-03-30 00:00:00-04:00,57.093510748879034,58.020469998952905,56.898358878207965,57.678958892822266,9042452,0.0,0.0
2022-03-31 00:00:00-04:00,57.17278589221223,57.294754406524326,55.78234333544042,55.80064010620117,13203013,0.0,0.0
2022-04-01 00:00:00-04:00,56.16653386911272,56.447064380421665,55.562789103086615,56.40437316894531,9054811,0.0,0.0
2022-04-04 00:00:00-04:00,56.21532986574464,56.3007048314235,55.4347299455572,56.11775207519531,8249536,0.0,0.0
2022-04-05 00:00:00-04:00,55.89821106434929,56.31290548357807,54.830986623428544,54.94685745239258,10787509,0.0,0.0
2022-04-06 00:00:00-04:00,54.50166651762138,54.989540508471315,53.556410660349634,54.83098220825195,10556215,0.0,0.0
2022-04-07 00:00:00-04:00,54.77609543522789,54.934657468896134,53.11122395398586,54.55655288696289,11391666,0.0,0.0
2022-04-08 00:00:00-04:00,54.574845755283846,55.050520620194206,54.04428058968675,54.7273063659668,6447980,0.0,0.0
2022-04-11 00:00:00-04:00,54.605335001210975,55.85551194296098,54.294312384572905,54.68461227416992,8655143,0.0,0.0
2022-04-12 00:00:00-04:00,54.88587188720703,55.703061614964845,54.458982121038645,54.88587188720703,7240254,0.0,0.0
2022-04-13 00:00:00-04:00,54.98344625190663,55.77014385791369,54.87977451601346,55.34325408935547,6362268,0.0,0.0
2022-04-14 00:00:00-04:00,55.520106349279416,56.19703077252314,55.270071672914455,55.39203643798828,6146543,0.0,0.0
2022-04-18 00:00:00-04:00,55.4774114093633,55.80062940391265,54.82488147655959,55.12980270385742,6291965,0.0,0.0
2022-04-19 00:00:00-04:00,55.37375170656372,56.26412113675333,55.37375170656372,56.044578552246094,7394824,0.0,0.0
2022-04-20 00:00:00-04:00,56.41047749338285,56.7824844150735,55.64817434899138,55.73965072631836,6424385,0.0,0.0
2022-04-21 00:00:00-04:00,56.68490312096013,57.191073871157116,55.75794404830085,55.93479537963867,7225326,0.0,0.0
2022-04-22 00:00:00-04:00,55.42862971902646,55.67866439423698,54.26382757069355,54.3187141418457,7967682,0.0,0.0
2022-04-25 00:00:00-04:00,53.97111025977145,54.885874080980855,52.80021032820258,54.81269073486328,11080599,0.0,0.0
2022-04-26 00:00:00-04:00,51.8061637181224,51.97692111921413,47.817792846653056,49.147247314453125,46154289,0.0,0.0
2022-04-27 00:00:00-04:00,48.78744252366833,49.85466693037152,47.48847646646721,47.695823669433594,20213257,0.0,0.0
2022-04-28 00:00:00-04:00,47.805594386186506,47.99464482515201,46.256593601115206,47.403099060058594,19277327,0.0,0.0
2022-04-29 00:00:00-04:00,47.25673236534254,47.647032303503686,45.34182621095374,45.46379470825195,16677077,0.0,0.0
2022-05-02 00:00:00-04:00,45.18326959928209,46.24439257819174,44.280701191942384,46.073638916015625,18536095,0.0,0.0
2022-05-03 00:00:00-04:00,46.866429516986976,47.73240803445151,46.33586808029896,47.36040115356445,12595004,0.0,0.0
2022-05-04 00:00:00-04:00,47.683634349872996,49.25702986264301,47.09208847969594,49.0496826171875,12019739,0.0,0.0
2022-05-05 00:00:00-04:00,48.409342914121055,48.83623272082439,47.29943091030635,47.92756652832031,11491503,0.0,0.0
2022-05-06 00:00:00-04:00,47.76899968912441,47.80558949065549,46.46393605159804,47.70801544189453,8609237,0.0,0.0
2022-05-09 00:00:00-04:00,46.82374710866301,46.93351652087902,44.23801036571239,44.500244140625,11266308,0.0,0.0
2022-05-10 00:00:00-04:00,45.12838024809887,45.55526997830738,43.38422779173386,44.70758819580078,10974181,0.0,0.0
2022-05-11 00:00:00-04:00,44.9820230620784,45.48209245924816,43.94529072752695,44.17702865600586,12465152,0.0,0.0
2022-05-12 00:00:00-04:00,43.75014219241403,45.256455645032574,43.40253340629014,44.689300537109375,13844409,0.0,0.0
2022-05-13 00:00:00-04:00,45.36621583856245,46.32976462445259,45.21985291054394,45.76871109008789,8309406,0.0,0.0
2022-05-16 00:00:00-04:00,45.31743276521012,45.9821618369682,44.96372262162233,45.51258087158203,10451563,0.0,0.0
2022-05-17 00:00:00-04:00,46.47612824529505,47.079872998600266,46.219995917969925,46.59199905395508,7218585,0.0,0.0
2022-05-18 00:00:00-04:00,46.13462045827591,46.66518191658029,45.628449711682904,45.860191345214844,11337253,0.0,0.0
2022-05-19 00:00:00-04:00,45.738218581016326,46.677376649298346,45.402805251918025,46.18950271606445,9992827,0.0,0.0
2022-05-20 00:00:00-04:00,46.41514598656778,46.61639549095139,44.68319266222562,45.890682220458984,11782667,0.0,0.0
2022-05-23 00:00:00-04:00,46.36026795840814,46.59200962832352,45.744327710308625,46.01875686645508,8467508,0.0,0.0
2022-05-24 00:00:00-04:00,45.57356559969328,45.65894429738962,43.945287601344205,45.445499420166016,9837776,0.0,0.0
2022-05-25 00:00:00-04:00,44.805163101471756,45.48818892329035,44.286796990589345,45.45159912109375,11389740,0.0,0.0
2022-05-26 00:00:00-04:00,45.872393216629796,47.390901938058406,45.55527657899742,46.964012145996094,7528368,0.0,0.0
2022-05-27 00:00:00-04:00,47.134764042333614,48.043430097372124,46.951811295709796,48.03123474121094,7819853,0.0,0.0
2022-05-31 00:00:00-04:00,47.537262625444455,48.20199173095256,47.421391797763015,47.74460983276367,8332038,0.0,0.0
2022-06-01 00:00:00-04:00,48.2263934170616,48.44593601433543,46.768868802606626,47.27503967285156,9514991,0.0,0.0
2022-06-02 00:00:00-04:00,47.579948113007504,47.97024803259871,47.06158202415325,47.5677490234375,9897164,0.0,0.0
2022-06-03 00:00:00-04:00,46.799348084020984,47.04938274376508,46.14681441674809,46.939613342285156,8463013,0.0,0.0
2022-06-06 00:00:00-04:00,47.512868278298875,47.744606181906995,46.817643365371566,46.957908630371094,7614722,0.0,0.0
2022-06-07 00:00:00-04:00,46.90301999798228,47.659225392058836,46.451735832643514,47.5677490234375,8227386,0.0,0.0
2022-06-08 00:00:00-04:00,46.76885649353187,47.73850675482755,46.66518103458111,47.05548095703125,5418794,0.0,0.0
2022-06-09 00:00:00-04:00,46.890828058929976,46.988402112428524,45.58576435803795,45.604061126708984,8114548,0.0,0.0
2022-06-10 00:00:00-04:00,44.53073628000266,44.6161149788865,43.14029385256444,43.439117431640625,15384656,0.0,0.0
2022-06-13 00:00:00-04:00,42.36578925224779,42.68900726067312,40.9448585124588,41.29856491088867,15183217,0.0,0.0
2022-06-14 00:00:00-04:00,41.438832642821886,42.024280712424854,41.18270027925637,41.49981689453125,8634919,0.0,0.0
2022-06-15 00:00:00-04:00,42.05477327744747,42.70120560551033,41.34735669703839,42.14015197753906,10576600,0.0,0.0
2022-06-16 00:00:00-04:00,40.877773249598015,41.005843159033134,39.5483151349715,39.816646575927734,14550650,0.0,0.0
2022-06-17 00:00:00-04:00,39.75566597171661,40.694824234140256,39.35926831902124,40.24964141845703,14449368,0.0,0.0
2022-06-21 00:00:00-04:00,41.139997636540826,41.50590304517154,40.07277352803459,40.09716796875,12972362,0.0,0.0
2022-06-22 00:00:00-04:00,39.139721827253474,39.88373189507926,39.13362414924554,39.3592643737793,15573094,0.0,0.0
2022-06-23 00:00:00-04:00,39.25559220773552,39.688579617950246,38.468894668593684,39.07263946533203,10841280,0.0,0.0
2022-06-24 00:00:00-04:00,39.432446879736986,41.451024704024796,39.28608394046406,40.90826416015625,16044991,0.0,0.0
2022-06-27 00:00:00-04:00,41.19523412058753,41.457780996848854,40.38317365647096,40.731201171875,10911904,0.049841,0.0
2022-06-28 00:00:00-04:00,41.18302444371258,41.793595100455015,39.90693102342234,40.22442626953125,11313819,0.0,0.0
2022-06-29 00:00:00-04:00,40.13284058044275,40.29769690048686,38.636942474799945,38.88727569580078,11088303,0.0,0.0
2022-06-30 00:00:00-04:00,38.19122348907804,38.93001695522277,37.7088719351589,38.875064849853516,13967359,0.0,0.0
2022-07-01 00:00:00-04:00,38.76515628584216,39.40625538667245,37.98362445800448,38.795684814453125,10997455,0.0,0.0
2022-07-05 00:00:00-04:00,37.55623071731282,37.92257311585356,36.591527572425036,37.87372970581055,12889860,0.0,0.0
2022-07-06 00:00:00-04:00,37.58676384524159,38.07522043633962,37.07999237507342,37.59286880493164,7852596,0.0,0.0
2022-07-07 00:00:00-04:00,38.20344118428133,38.545360031574134,37.81878014451869,38.46598434448242,10110160,0.0,0.0
2022-07-08 00:00:00-04:00,38.392715983362294,39.308572008649044,37.97752642316841,38.61862564086914,9940822,0.0,0.0
2022-07-11 00:00:00-04:00,38.093532399593165,38.233965140399924,37.50128038174079,37.80045700073242,7662393,0.0,0.0
2022-07-12 00:00:00-04:00,37.24484390507683,39.4001600465376,37.24484390507683,38.47819900512695,11678496,0.0,0.0
2022-07-13 00:00:00-04:00,37.885938618786156,38.282809540011755,37.37305852673451,37.861515045166016,6961770,0.0,0.0
2022-07-14 00:00:00-04:00,37.24484494396022,37.342535514388786,36.634274205664916,37.29979705810547,8179393,0.0,0.0
2022-07-15 00:00:00-04:00,37.904265532411195,38.45988419607601,37.23874263263965,38.38051223754883,9391720,0.0,0.0
2022-07-18 00:00:00-04:00,39.3146804711063,39.74818868583293,38.66747623659674,38.88117599487305,10607899,0.0,0.0
2022-07-19 00:00:00-04:00,39.381840300235574,40.78615665736855,39.36963038155771,40.7495231628418,10070675,0.0,0.0
2022-07-20 00:00:00-04:00,40.48087106874262,41.68980255050734,40.32822839369622,41.45167922973633,11004036,0.0,0.0
2022-07-21 00:00:00-04:00,41.33567390423145,41.72643993649419,40.96933144995266,41.59822082519531,9551106,0.0,0.0
2022-07-22 00:00:00-04:00,41.76306864493486,41.98287334459676,41.421149807850455,41.634849548339844,9009387,0.0,0.0
2022-07-25 00:00:00-04:00,41.14027913786986,42.08666732261542,40.926579424199836,41.73863983154297,9468604,0.0,0.0
2022-07-26 00:00:00-04:00,42.54459951911264,44.797606043966205,42.22099556791812,43.66194534301758,28957643,0.0,0.0
2022-07-27 00:00:00-04:00,43.96112714454189,44.205355420984176,42.80103909294796,43.70468521118164,11570152,0.0,0.0
2022-07-28 00:00:00-04:00,45.51807690320088,45.73177661924912,44.51674034316204,44.657169342041016,18063717,0.0,0.0
2022-07-29 00:00:00-04:00,44.57169318332991,45.49975904154341,44.223665682630326,45.12731170654297,12729511,0.0,0.0
2022-08-01 00:00:00-04:00,44.75486904841744,46.617109656516135,44.382417936003236,46.28129577636719,14685317,0.0,0.0
2022-08-02 00:00:00-04:00,45.93937660626133,46.4339381148578,45.377649331324164,45.40207290649414,9290599,0.0,0.0
2022-08-03 00:00:00-04:00,45.74399090208803,45.976009254196,45.21890086880962,45.634090423583984,9678390,0.0,0.0
2022-08-04 00:00:00-04:00,45.48144022524873,45.57913076946622,44.913608095590234,44.980770111083984,6942669,0.0,0.0
2022-08-05 00:00:00-04:00,44.83424067238774,45.81726246890452,44.69381165752325,45.40207290649414,7447953,0.0,0.0
2022-08-08 00:00:00-04:00,46.330136007607024,46.87964954759854,45.70735175252112,45.902732849121094,9833442,0.0,0.0
2022-08-09 00:00:00-04:00,46.01873953527957,46.458352586719705,45.71345425170684,45.75008773803711,7581496,0.0,0.0
2022-08-10 00:00:00-04:00,46.53162837142971,47.502436504738796,46.34845716659754,47.09946060180664,16331500,0.0,0.0
2022-08-11 00:00:00-04:00,47.6245472462107,48.36334071049406,47.60012367294227,48.1740608215332,14557872,0.0,0.0
2022-08-12 00:00:00-04:00,48.412182057863134,48.82737157027572,47.96646401478765,48.802947998046875,8273452,0.0,0.0
2022-08-15 00:00:00-04:00,48.424397603815216,48.937273948181755,48.283964861886005,48.72968292236328,5467107,0.0,0.0
2022-08-16 00:00:00-04:00,48.4305019479563,49.639433289463675,48.320597739276465,49.499000549316406,9268610,0.0,0.0
2022-08-17 00:00:00-04:00,48.882325118504006,49.07770622512653,48.39386861345496,48.796844482421875,6485057,0.0,0.0
2022-08-18 00:00:00-04:00,48.70525726490229,48.778524242821355,48.241224348265476,48.363338470458984,6421014,0.0,0.0
2022-08-19 00:00:00-04:00,47.929833255435625,47.984785361457064,47.178833601452034,47.453590393066406,5801930,0.0,0.0
2022-08-22 00:00:00-04:00,46.482790260614294,46.50721009991556,45.40207778576858,45.65851974487305,8143279,0.0,0.0
2022-08-23 00:00:00-04:00,45.78672962936706,47.197147035522,45.743987442215264,46.46446228027344,7642490,0.0,0.0
2022-08-24 00:00:00-04:00,46.49498721818833,47.18493347145251,46.330134656395785,46.855224609375,7649392,0.0,0.0
2022-08-25 00:00:00-04:00,47.23988794979896,48.65030916806152,47.20325445782304,47.71002960205078,8349212,0.0,0.0
2022-08-26 00:00:00-04:00,47.862673966420964,48.00310671888888,45.9210576993506,45.95769119262695,8628819,0.0,0.0
2022-08-29 00:00:00-04:00,45.69514730602427,46.91628865218664,45.35322473830442,46.433937072753906,7868808,0.0,0.0
2022-08-30 00:00:00-04:00,46.86743936492465,47.12388127901606,45.38375120162368,45.87221145629883,6886330,0.0,0.0
2022-08-31 00:00:00-04:00,46.04316991356251,46.275188258780716,44.79150006584362,44.8403434753418,10274200,0.0,0.0
2022-09-01 00:00:00-04:00,44.72433605444595,44.72433605444595,43.61309526420323,44.62053680419922,8002191,0.0,0.0
2022-09-02 00:00:00-04:00,45.0540385914369,45.40206607362258,44.02828223510871,44.223663330078125,6479760,0.0,0.0
2022-09-06 00:00:00-04:00,44.266406033877885,44.351886673083236,43.436030692653404,44.058815002441406,6472859,0.0,0.0
2022-09-07 00:00:00-04:00,43.90006676002657,45.023517590186984,43.79016627766422,44.92582702636719,5494394,0.0,0.0
2022-09-08 00:00:00-04:00,44.290821085967124,45.23110045932633,44.0099593870396,45.04182434082031,5810597,0.0,0.0
2022-09-09 00:00:00-04:00,45.50586820924826,45.77451629727772,44.98687943211893,45.20668411254883,10795534,0.0,0.0
2022-09-12 00:00:00-04:00,45.43260540380098,46.70259403848683,45.3410197927946,45.988224029541016,11661482,0.0,0.0
2022-09-13 00:00:00-04:00,44.73044035493548,45.09678272772587,43.1185331669592,43.25285720825195,11574005,0.0,0.0
2022-09-14 00:00:00-04:00,43.16737394785815,43.35054512311173,41.93402286321437,42.75829315185547,9968109,0.0,0.0
2022-09-15 00:00:00-04:00,42.60566168128945,43.22233738536557,41.97677231923065,42.074462890625,7908775,0.0,0.0
2022-09-16 00:00:00-04:00,39.9313542386763,40.66403902018531,39.797026452303946,40.53581619262695,22966955,0.0,0.0
2022-09-19 00:00:00-04:00,40.0473608296626,41.20744883909074,39.96798888579965,40.93879699707031,8045047,0.0,0.0
2022-09-20 00:00:00-04:00,40.57245925971583,41.03038731404173,40.26106893047289,40.65793991088867,8379870,0.0,0.0
2022-09-21 00:00:00-04:00,40.92048035143113,40.95100888634637,39.78481960028276,39.82145309448242,10164733,0.0,0.0
2022-09-22 00:00:00-04:00,39.687120544754535,40.1206249000993,39.394045176877675,39.906925201416016,11345279,0.0,0.0
2022-09-23 00:00:00-04:00,39.41236877441406,39.735972742301314,38.801798071602775,39.41236877441406,13124524,0.0,0.0
2022-09-26 00:00:00-04:00,39.44904892893277,40.445515612969984,39.25342535884144,39.33900833129883,16780605,0.049841,0.0
2022-09-27 00:00:00-04:00,39.6446751260969,39.92588917354461,38.82549809681572,39.41237258911133,12596770,0.0,0.0
2022-09-28 00:00:00-04:00,39.73025940283904,39.773054632402584,39.24119673216163,39.40625762939453,10686228,0.0,0.0
2022-09-29 00:00:00-04:00,38.98444175924073,39.19229415053965,37.8534842917582,38.34865951538086,14124337,0.0,0.0
2022-09-30 00:00:00-04:00,38.293637513828756,38.69100093070447,37.82902872887742,37.84736633300781,12709126,0.0,0.0
2022-10-03 00:00:00-04:00,38.366999449373736,39.35735369987024,37.99408987527408,38.880516052246094,8721754,0.0,0.0
2022-10-04 00:00:00-04:00,39.66301387025263,41.35028307161902,39.65690133552086,41.28915023803711,12441557,0.0,0.0
2022-10-05 00:00:00-04:00,40.76951592139674,41.69873720380503,40.37826879525848,41.2280158996582,9327837,0.0,0.0
2022-10-06 00:00:00-04:00,40.79398121574522,41.25248132228406,40.21933169164998,40.48220443725586,7953396,0.0,0.0
2022-10-07 00:00:00-04:00,40.10927899402888,40.21320329816721,39.18617409500617,39.467384338378906,6856315,0.0,0.0
2022-10-10 00:00:00-04:00,39.76693920838786,40.115394838675705,39.16172344876996,39.724143981933594,5764210,0.0,0.0
2022-10-11 00:00:00-04:00,39.424593583548514,39.89531863025258,38.562621411183876,39.12504196166992,8500412,0.0,0.0
2022-10-12 00:00:00-04:00,38.935535914578935,39.99313552821038,38.55039753101472,39.577430725097656,8598323,0.0,0.0
2022-10-13 00:00:00-04:00,38.93553446858977,41.79044019427455,38.62987028445643,41.53368377685547,12818915,0.0,0.0
2022-10-14 00:00:00-04:00,41.75375481045464,42.04719387928404,41.07518117480985,41.3074836730957,9106174,0.0,0.0
2022-10-17 00:00:00-04:00,42.151113641667315,42.90916136842733,41.83322447067021,41.95549011230469,8251944,0.0,0.0
2022-10-18 00:00:00-04:00,42.90917056128831,43.489932483474504,42.75022594173746,43.220947265625,9806637,0.0,0.0
2022-10-19 00:00:00-04:00,42.95807884653952,43.392121223967656,42.38954198698983,43.11702346801758,8408280,0.0,0.0
2022-10-20 00:00:00-04:00,43.25761966886568,43.77724863351029,42.689082951472614,42.7746696472168,9609852,0.0,0.0
2022-10-21 00:00:00-04:00,42.79301952663781,44.56587554022008,42.64018743435765,44.5169677734375,10352529,0.0,0.0
2022-10-24 00:00:00-04:00,44.62701038594401,45.433962372254,44.48640335746414,44.84708786010742,10913990,0.0,0.0
2022-10-25 00:00:00-04:00,45.849659299208184,46.00249137210115,43.453250150367374,44.62700271606445,15445168,0.0,0.0
2022-10-26 00:00:00-04:00,44.804293592559695,46.84613105940309,44.74315701355269,46.13087463378906,12975572,0.0,0.0
2022-10-27 00:00:00-04:00,46.644393236073995,47.45746148588682,46.3937493466933,46.460994720458984,10105505,0.0,0.0
2022-10-28 00:00:00-04:00,46.882808202386464,47.9098413026866,46.81556283414669,47.8853874206543,8648081,0.0,0.0
2022-10-31 00:00:00-04:00,47.54915583493174,48.2093919202389,47.402436288959926,47.5674934387207,10585428,0.0,0.0
2022-11-01 00:00:00-04:00,48.02598047680473,48.961314127888734,47.34740691774934,47.81201934814453,9174391,0.0,0.0
2022-11-02 00:00:00-04:00,47.738666038564226,48.698453733771494,47.24349085473472,47.31684875488281,10230221,0.0,0.0
2022-11-03 00:00:00-04:00,46.992849537902224,48.16048592774255,46.80944729134596,47.91595458984375,13947456,0.0,0.0
2022-11-04 00:00:00-04:00,48.90018874547979,49.615445100143454,48.55784564716655,49.5604248046875,11558435,0.0,0.0
2022-11-07 00:00:00-05:00,49.584870734209346,51.25379821767699,49.56041685757994,51.02149200439453,12864178,0.0,0.0
2022-11-08 00:00:00-05:00,51.229346446024884,51.78565438232863,50.52631898704737,51.35161209106445,10052376,0.0,0.0
2022-11-09 00:00:00-05:00,50.874780772051125,51.83456844834265,50.67915721342364,50.83198928833008,7961743,0.0,0.0
2022-11-10 00:00:00-05:00,52.10355222241026,52.372537415508184,51.44331617963643,52.19525146484375,13786304,0.0,0.0
2022-11-11 00:00:00-05:00,52.43978842324828,53.05111677194893,52.054650066314004,52.7637939453125,12490513,0.0,0.0
2022-11-14 00:00:00-05:00,52.562047599130274,53.24673376783153,52.372536583072936,52.4703483581543,7906367,0.0,0.0
2022-11-15 00:00:00-05:00,52.904393658778304,53.56462972818912,52.70877009761388,53.27119064331055,7913108,0.0,0.0
2022-11-16 00:00:00-05:00,53.0816825170789,53.14281535117469,51.74898523653788,51.901817321777344,7629328,0.0,0.0
2022-11-17 00:00:00-05:00,51.19879098684251,52.43367651177885,50.86867292599291,52.20137023925781,7466411,0.0,0.0
2022-11-18 00:00:00-05:00,52.873818918617296,53.27729478945063,51.87123990345506,52.256378173828125,6555521,0.0,0.0
2022-11-21 00:00:00-05:00,52.03018912778909,52.5742720329746,51.79788663266531,52.50702667236328,5247691,0.0,0.0
2022-11-22 00:00:00-05:00,52.75767127810098,53.546285501046114,52.57427279570126,53.36900329589844,6797569,0.0,0.0
2022-11-23 00:00:00-05:00,53.203944116563726,53.77248092742924,53.148923821458695,53.71746063232422,5867738,0.0,0.0
2022-11-25 00:00:00-05:00,53.61353351274945,54.02923448516824,53.399568620978535,53.88251495361328,3040207,0.0,0.0
2022-11-28 00:00:00-05:00,53.30787818422849,53.527959404921646,52.06076748720827,52.250282287597656,6876058,0.0,0.0
2022-11-29 00:00:00-05:00,52.421448676934425,52.5253767452677,51.93849851808104,52.36642837524414,7205262,0.0,0.0
2022-11-30 00:00:00-05:00,52.35419507921643,52.78823740322974,50.85644081447395,52.55593490600586,11654259,0.0,0.0
2022-12-01 00:00:00-05:00,52.70266061821228,52.947195715908585,51.88348357492919,52.12189865112305,6806718,0.0,0.0
2022-12-02 00:00:00-05:00,51.70007607379144,53.155035134702516,51.602260554459804,53.11224365234375,7191459,0.0,0.0
2022-12-05 00:00:00-05:00,52.476457620777865,52.60483580151455,51.730638671255065,51.755088806152344,7568656,0.0,0.0
2022-12-06 00:00:00-05:00,52.94718909060038,53.246736967952636,51.638942015626284,52.13412094116211,9444207,0.0,0.0
2022-12-07 00:00:00-05:00,51.96294403076172,52.623180058424026,51.852907188239136,51.96294403076172,7801715,0.0,0.0
2022-12-08 00:00:00-05:00,52.32974637719952,52.69043084159253,50.550781680265274,51.125431060791016,10334231,0.0,0.0
2022-12-09 00:00:00-05:00,51.11931709626861,51.22935769822651,49.71937440445078,49.7927360534668,8899117,0.0,0.0
2022-12-12 00:00:00-05:00,49.95778395245414,50.899230200149226,49.53596671398533,50.8686637878418,7480054,0.0,0.0
2022-12-13 00:00:00-05:00,51.70008052656089,51.90181663051084,50.08616923616878,50.66693115234375,12391318,0.0,0.0
2022-12-14 00:00:00-05:00,50.40991471940412,50.997359823176495,49.77351835481595,49.85306930541992,12271899,0.049841,0.0
2022-12-15 00:00:00-05:00,48.99638943251189,49.69397777618349,48.035674444914264,48.225372314453125,15598294,0.0,0.0
2022-12-16 00:00:00-05:00,47.60121047385635,47.94388431589293,46.9280996693477,47.515541076660156,15978540,0.0,0.0
2022-12-19 00:00:00-05:00,47.27077630153318,47.943887145772074,47.24018035406778,47.76642990112305,7061125,0.0,0.0
2022-12-20 00:00:00-05:00,47.75419565469133,49.44309504533062,47.63793029856056,49.15549087524414,11196647,0.0,0.0
2022-12-21 00:00:00-05:00,49.58995319842453,51.150350370679725,49.54712036779636,50.77708053588867,12127441,0.0,0.0
2022-12-22 00:00:00-05:00,50.287545208813825,50.61186002480474,49.12489538343083,50.03665542602539,9730074,0.0,0.0
2022-12-23 00:00:00-05:00,49.99994177103131,50.416048188200726,49.54100252271887,50.04889678955078,5286213,0.0,0.0
2022-12-27 00:00:00-05:00,50.177397374196715,50.844389809087396,50.11620547644067,50.691410064697266,6804792,0.0,0.0
2022-12-28 00:00:00-05:00,50.783198151817786,50.893341320251125,49.74905432549355,50.15903854370117,6210907,0.0,0.0
2022-12-29 00:00:00-05:00,50.33037070458685,51.34615532853807,50.17739097969215,51.24824905395508,7088733,0.0,0.0
2022-12-30 00:00:00-05:00,50.73424159583634,51.41959308121105,50.654694378838705,51.27273178100586,6625342,0.0,0.0
2023-01-03 00:00:00-05:00,51.431825627341695,52.06822204343299,51.11974773242378,52.000911712646484,10280781,0.0,0.0
2023-01-04 00:00:00-05:00,53.62446066260036,55.027587890625,52.32324123894816,55.027587890625,21031104,0.0,1.281
2023-01-05 00:00:00-05:00,54.79242692744106,56.0858118992088,54.08694421556775,55.88200378417969,16001061,0.0,0.0
2023-01-06 00:00:00-05:00,56.446396400738315,56.69723372115001,55.45871976818159,56.39152526855469,13018044,0.0,0.0
2023-01-09 00:00:00-05:00,56.43855971630274,57.935749327144435,56.40720692170337,56.96375274658203,9488844,0.0,0.0
2023-01-10 00:00:00-05:00,56.59532414041498,59.0801862554135,56.59532414041498,59.001800537109375,11597142,0.0,0.0
2023-01-11 00:00:00-05:00,59.43292899300271,60.90660376130312,59.18992988852344,60.898765563964844,12729603,0.0,0.0
2023-01-12 00:00:00-05:00,61.047699213870494,62.09024690827875,60.58521559384355,61.81589126586914,14407871,0.0,0.0
2023-01-13 00:00:00-05:00,61.75318808825506,63.179833824076184,61.533703552475096,62.86628341674805,13843395,0.0,0.0
2023-01-17 00:00:00-05:00,62.646801567310895,63.22686572431803,62.52138289770105,63.09360885620117,10640727,0.0,0.0
2023-01-18 00:00:00-05:00,63.446340896248685,63.634465126122066,62.03537545146406,62.13727951049805,9816378,0.0,0.0
2023-01-19 00:00:00-05:00,61.09473531783877,61.72967055367655,60.099220502821126,60.2481575012207,13045860,0.0,0.0
2023-01-20 00:00:00-05:00,60.820378839456346,60.94579748829397,59.31534755990846,60.890926361083984,10351409,0.0,0.0
2023-01-23 00:00:00-05:00,60.836061097118694,62.72518295570947,60.78118996462035,62.52921676635742,13729748,0.0,0.0
2023-01-24 00:00:00-05:00,61.14176111915743,63.375785860563305,60.726310457108504,63.25820541381836,16767395,0.0,0.0
2023-01-25 00:00:00-05:00,62.53705541457096,63.76772743879067,62.26270349685254,63.328765869140625,10652380,0.0,0.0
2023-01-26 00:00:00-05:00,63.86963262083173,63.94802209590336,62.80357397669367,63.603118896484375,8158534,0.0,0.0
2023-01-27 00:00:00-05:00,63.49336380446665,65.83713445009326,63.414974345228025,65.24139404296875,9760244,0.0,0.0
2023-01-30 00:00:00-05:00,64.5986252029456,64.86513890745866,63.234696396587104,63.36011505126953,7175806,0.0,0.0
2023-01-31 00:00:00-05:00,63.06224743162289,63.42282699409033,62.29405162858565,63.08576202392578,8625026,0.0,0.0
2023-02-01 00:00:00-05:00,62.921163209243275,64.6456795493012,62.71735877637246,64.5280990600586,9112192,0.0,0.0
2023-02-02 00:00:00-05:00,64.4261836077292,65.86850202313121,64.19886086905198,65.7979507446289,10391129,0.0,0.0
2023-02-03 00:00:00-05:00,65.4608831093418,65.60197815103635,64.13613787374707,64.24588012695312,7240085,0.0,0.0
2023-02-06 00:00:00-05:00,63.861791230853484,64.62214137510597,63.681505188745916,64.55159759521484,5425114,0.0,0.0
2023-02-07 00:00:00-05:00,64.2615679107182,64.56728013315345,63.132799883606154,64.36347198486328,5891982,0.0,0.0
2023-02-08 00:00:00-05:00,64.03424131115945,64.74756221025062,63.728529142907675,64.24588012695312,4269472,0.0,0.0
2023-02-09 00:00:00-05:00,64.54376149731895,64.77108422691325,63.05440645792505,63.328765869140625,4838334,0.0,0.0
2023-02-10 00:00:00-05:00,63.34443194204422,63.7677170466708,63.02304339508067,63.72068786621094,4373095,0.0,0.0
2023-02-13 00:00:00-05:00,63.650144028468425,64.99840394757865,63.55608565657434,64.81027221679688,5114245,0.0,0.0
2023-02-14 00:00:00-05:00,64.37913715583672,65.69603670458318,64.2458803108828,65.4843978881836,6726731,0.0,0.0
2023-02-15 00:00:00-05:00,64.75539952833279,66.46423138670723,64.6221351920731,66.44855499267578,7305617,0.0,0.0
2023-02-16 00:00:00-05:00,65.53927495578989,66.26827235896808,65.04543848870128,65.8841781616211,5645893,0.0,0.0
2023-02-17 00:00:00-05:00,65.52359146631808,65.70388499476894,64.45752917101207,65.09246063232422,5543523,0.0,0.0
2023-02-21 00:00:00-05:00,64.38698258923085,65.35897897924404,64.12829960400478,64.48104095458984,5101965,0.0,0.0
2023-02-22 00:00:00-05:00,64.40266551531134,66.1036593703528,64.355628834365,65.21004486083984,10829053,0.0,0.0
2023-02-23 00:00:00-05:00,65.44521491730116,66.1663741864698,64.198866341009,65.01409149169922,10120732,0.0,0.0
2023-02-24 00:00:00-05:00,64.08909865977444,65.67251164605942,64.00287101143113,65.49222564697266,8704340,0.0,0.0
2023-02-27 00:00:00-05:00,65.84499265139785,66.5191152290741,65.44521453066744,65.71957397460938,8007297,0.0,0.0
2023-02-28 00:00:00-05:00,65.54711135866273,67.13837047958071,65.42169269575018,66.40152740478516,11441143,0.0,0.0
2023-03-01 00:00:00-05:00,66.36232827455251,66.91103954092749,65.6490073750132,65.95471954345703,7512988,0.0,0.0
2023-03-02 00:00:00-05:00,65.5314418555672,67.20108313299497,65.35899398598455,67.19324493408203,8546337,0.0,0.0
2023-03-03 00:00:00-05:00,67.33433057226236,68.22794507109656,66.74642826868643,67.71058654785156,9618780,0.0,0.0
2023-03-06 00:00:00-05:00,67.97735277663783,68.90317753122122,67.8439723883333,68.306884765625,8084105,0.063847,0.0
2023-03-07 00:00:00-05:00,68.2284180133161,68.71486674970141,67.55366315296862,67.78119659423828,8643445,0.0,0.0
2023-03-08 00:00:00-05:00,68.07936309341902,68.58150287758951,67.53014301670449,68.24412536621094,7598067,0.0,0.0
2023-03-09 00:00:00-05:00,70.58220579586444,74.48948654385538,70.43312699188112,71.83755493164062,35826152,0.0,0.0
2023-03-10 00:00:00-05:00,72.10432249824025,73.90889173920073,71.23342348423064,71.39818572998047,23152683,0.0,0.0
2023-03-13 00:00:00-04:00,70.37822213179956,71.18635751063015,68.77764980420841,69.80546569824219,14201502,0.0,0.0
2023-03-14 00:00:00-04:00,71.53157043457031,73.03014400904146,70.77050795132217,71.53157043457031,14218418,0.0,0.0
2023-03-15 00:00:00-04:00,69.8211471287395,70.42528533935547,67.82827933030302,70.42528533935547,15107797,0.0,0.0
2023-03-16 00:00:00-04:00,70.14282916139206,72.2612392452725,69.49161820991687,72.15924072265625,10183883,0.0,0.0
2023-03-17 00:00:00-04:00,72.01802782012122,72.04940967873465,70.1036144375951,70.84113311767578,12765689,0.0,0.0
2023-03-20 00:00:00-04:00,71.1078848183037,71.57864263904696,70.1506782495182,70.55081939697266,8705343,0.0,0.0
2023-03-21 00:00:00-04:00,71.38249703586858,72.99876768947603,71.36680610725311,72.32401275634766,8553980,0.0,0.0
2023-03-22 00:00:00-04:00,72.56721961316012,72.65352720013077,70.26051115572434,70.2918930053711,8784783,0.0,0.0
2023-03-23 00:00:00-04:00,71.10789722809609,72.92815761910273,71.02944257790911,71.8611068725586,10834691,0.0,0.0
2023-03-24 00:00:00-04:00,71.06081718166482,72.45739231727329,70.86466557533808,71.68849182128906,8342975,0.0,0.0
2023-03-27 00:00:00-04:00,72.40247411795889,73.46952475628197,72.26909372572398,73.21060943603516,7524516,0.0,0.0
2023-03-28 00:00:00-04:00,73.23414902363908,73.54798260713832,72.62216528532699,73.07722473144531,5023152,0.0,0.0
2023-03-29 00:00:00-04:00,73.72843270604994,74.08150106212112,73.49305380200249,73.7990493774414,6162254,0.0,0.0
2023-03-30 00:00:00-04:00,73.71275933618426,73.99521108813875,73.40676368786286,73.79121398925781,6623107,0.0,0.0
2023-03-31 00:00:00-04:00,74.16781468886379,75.06225009667935,73.99519947829559,75.00733184814453,9247391,0.0,0.0
2023-04-03 00:00:00-04:00,75.12501231860914,76.05867493506395,74.81901675492065,76.04298400878906,6199468,0.0,0.0
2023-04-04 00:00:00-04:00,76.07436354755667,76.78834560361076,74.2776402142335,74.5757827758789,8554983,0.0,0.0
2023-04-05 00:00:00-04:00,74.52089182301876,74.78765263382377,73.48522293934428,73.94813537597656,10642230,0.0,0.0
2023-04-06 00:00:00-04:00,73.84611982700955,74.05796233405373,73.39105296015693,73.4381332397461,8025340,0.0,0.0
2023-04-10 00:00:00-04:00,73.61859946219779,74.52873335746801,73.44599174091076,74.03443908691406,7499832,0.0,0.0
2023-04-11 00:00:00-04:00,74.15210863490836,74.50517698337005,73.65781444715059,73.68135833740234,6663078,0.0,0.0
2023-04-12 00:00:00-04:00,73.95597163131522,74.27765815748818,73.6029032490601,73.83043670654297,8768118,0.0,0.0
2023-04-13 00:00:00-04:00,74.05012167390994,74.29334604949442,73.3361394745564,73.98735046386719,11044694,0.0,0.0
2023-04-14 00:00:00-04:00,73.64212444411473,75.03870692893595,73.60289712727469,74.88179016113281,7211767,0.0,0.0
2023-04-17 00:00:00-04:00,75.02301976249868,75.98807180867779,74.91317576939798,75.92530059814453,7676003,0.0,0.0
2023-04-18 00:00:00-04:00,76.10575134118302,77.29833668180902,75.99590736240623,77.25910186767578,8909832,0.0,0.0
2023-04-19 00:00:00-04:00,77.34542555947529,77.91818196080625,77.21989062908916,77.69849395751953,7038101,0.0,0.0
2023-04-20 00:00:00-04:00,77.91032641864399,78.82829813446315,77.72202029720043,78.271240234375,8661237,0.0,0.0
2023-04-21 00:00:00-04:00,78.44384011393309,78.52230224012519,77.77693829284809,78.07508087158203,5112741,0.0,0.0
2023-04-24 00:00:00-04:00,78.13001083913723,79.0636734391943,78.13001083913723,78.57722473144531,7833505,0.0,0.0
2023-04-25 00:00:00-04:00,79.98951090920035,80.03659119519386,76.53728912268603,77.23558044433594,11649768,0.0,0.0
2023-04-26 00:00:00-04:00,77.07081256669748,77.24342026821952,75.39177833181631,75.48593139648438,8032357,0.0,0.0
2023-04-27 00:00:00-04:00,76.12144306958122,77.03942222316918,75.79191112977496,76.93742370605469,9348633,0.0,0.0
2023-04-28 00:00:00-04:00,76.20777264189839,78.23987560616567,76.0116210139137,77.65142822265625,6279159,0.0,0.0
2023-05-01 00:00:00-04:00,78.05939495269665,80.02873369283782,77.96524189531617,79.38536071777344,7408237,0.0,0.0
2023-05-02 00:00:00-04:00,78.93814276943904,80.05227357964068,78.60861830487414,79.64427947998047,7485046,0.0,0.0
2023-05-03 00:00:00-04:00,79.93458182654541,80.77409889151566,79.4873604226562,79.84827423095703,5917543,0.0,0.0
2023-05-04 00:00:00-04:00,79.62858832489339,79.83258537413877,76.42744424681294,77.92601776123047,9055431,0.0,0.0
2023-05-05 00:00:00-04:00,78.91461846406455,79.84044329305762,78.26340739818697,78.64785766601562,6302841,0.0,0.0
2023-05-08 00:00:00-04:00,78.63215366172952,79.33044489967287,78.63215366172952,79.1813735961914,4282128,0.0,0.0
2023-05-09 00:00:00-04:00,79.06367234821832,79.95026965848623,79.06367234821832,79.24413299560547,6520737,0.0,0.0
2023-05-10 00:00:00-04:00,79.62074258283415,79.76981388732572,77.25126263593887,78.09862518310547,5053224,0.0,0.0
2023-05-11 00:00:00-04:00,77.98878078325718,78.44384011393309,77.53371395213905,78.07508087158203,5117628,0.0,0.0
2023-05-12 00:00:00-04:00,78.13001957327144,78.45954405697957,76.66282032256436,77.51803588867188,4332874,0.0,0.0
2023-05-15 00:00:00-04:00,77.78480963651882,80.27197960962462,77.6906565538495,80.02875518798828,7973716,0.0,0.0
2023-05-16 00:00:00-04:00,79.42460777319828,80.20919920457742,79.15783948610326,79.34614562988281,5523851,0.0,0.0
2023-05-17 00:00:00-04:00,79.9267415619898,81.26839836047941,79.67567172253229,81.18209075927734,6871703,0.0,0.0
2023-05-18 00:00:00-04:00,80.72702200743099,81.81760894140064,79.81689573542367,81.60577392578125,5772320,0.0,0.0
2023-05-19 00:00:00-04:00,82.00593037920244,82.99451897149463,81.47240875810651,81.80193328857422,7230687,0.0,0.0
2023-05-22 00:00:00-04:00,81.67638870807546,83.12004410117014,81.67638870807546,82.02945709228516,4996087,0.0,0.0
2023-05-23 00:00:00-04:00,81.488090736402,81.70777873287685,79.46383348380336,79.79336547851562,5738239,0.0,0.0
2023-05-24 00:00:00-04:00,79.46381821054503,79.61288950077098,78.3889223275981,79.22843933105469,6275400,0.0,0.0
2023-05-25 00:00:00-04:00,79.5579693190215,80.09933622835965,78.88321454751384,79.65211486816406,6737506,0.0,0.0
2023-05-26 00:00:00-04:00,79.70704845242946,81.5586902744844,79.68351206282675,80.60932922363281,6796523,0.0,0.0
2023-05-30 00:00:00-04:00,80.82902383342615,80.86825115265277,78.97738185927764,80.34257507324219,7098370,0.0,0.0
2023-05-31 00:00:00-04:00,79.49522613381536,79.90321282520343,78.23203123323971,79.65998840332031,13358734,0.0,0.0
2023-06-01 00:00:00-04:00,79.40891570845233,82.51591482672018,79.29907169918471,82.12361907958984,7797043,0.0,0.0
2023-06-02 00:00:00-04:00,82.77480636103495,83.72416734635132,82.02159694308624,83.01018524169922,7477278,0.0,0.0
2023-06-05 00:00:00-04:00,83.01020304456983,83.01020304456983,81.6763916015625,81.6763916015625,5108732,0.0,0.0
2023-06-06 00:00:00-04:00,81.85684123719513,83.25341620649486,81.67638058079336,82.7434310913086,7794036,0.0,0.0
2023-06-07 00:00:00-04:00,83.66926490968834,84.21063193719446,82.88466599247903,83.22988891601562,9121088,0.0,0.0
2023-06-08 00:00:00-04:00,83.04158510459361,84.12432659261952,82.87681536700586,83.22203826904297,4477596,0.0,0.0
2023-06-09 00:00:00-04:00,83.3946508744824,83.59864042353954,82.44528979854167,83.40249633789062,4365076,0.0,0.0
2023-06-12 00:00:00-04:00,83.41034353567429,83.8654104245864,82.89250543774806,83.34757232666016,4677449,0.0,0.0
2023-06-13 00:00:00-04:00,83.1906609882627,84.06940546875214,83.01804577753214,83.74772644042969,5411582,0.0,0.0
2023-06-14 00:00:00-04:00,83.73202940947098,83.7948006236327,81.5665462782145,82.14714813232422,6429268,0.0,0.0
2023-06-15 00:00:00-04:00,81.94315344930772,82.88466918605836,81.59009254847024,82.70421600341797,8733159,0.0,0.0
2023-06-16 00:00:00-04:00,83.12788505527952,85.4424468374519,83.1200395916412,83.3946533203125,13731752,0.0,0.0
2023-06-20 00:00:00-04:00,83.2298954478122,83.33189399009407,81.13502885021028,81.61363220214844,8068443,0.0,0.0
2023-06-21 00:00:00-04:00,81.31546746389957,82.92389245693354,81.26839468379715,82.42174530029297,5983576,0.0,0.0
2023-06-22 00:00:00-04:00,82.11577517813926,83.00236523363208,82.10008424800864,82.2413101196289,5292046,0.0,0.0
2023-06-23 00:00:00-04:00,80.88394885469219,81.88822822142602,80.5308804834917,81.4253158569336,7532911,0.0,0.0
2023-06-26 00:00:00-04:00,81.22916881744176,82.46883466827974,81.09578842534445,81.95100402832031,5326378,0.0,0.0
2023-06-27 00:00:00-04:00,82.09222972092742,82.54728914581628,81.88038718665963,82.31976318359375,5973427,0.0,0.0
2023-06-28 00:00:00-04:00,82.61004483442015,84.24200608737586,82.35897502634118,83.99093627929688,6009012,0.0,0.0
2023-06-29 00:00:00-04:00,83.3397325663414,84.60293479265245,83.19850671194897,84.53231811523438,4070746,0.0,0.0
2023-06-30 00:00:00-04:00,85.5130654842578,86.5095069807115,85.20707736757575,86.18782043457031,9250648,0.0,0.0
2023-07-03 00:00:00-04:00,85.56797728638219,85.77981229399495,84.19493121607782,84.95599365234375,3723916,0.0,0.0
2023-07-05 00:00:00-04:00,84.90892228807257,85.51306052231777,84.54800844033592,85.24629974365234,4588235,0.0,0.0
2023-07-06 00:00:00-04:00,84.7441593503405,85.32476118768645,83.84187098814694,84.24201965332031,4594375,0.0,0.0
2023-07-07 00:00:00-04:00,84.06155326087553,85.41890094335794,83.90463649134475,84.94815063476562,4843847,0.0,0.0
2023-07-10 00:00:00-04:00,85.12088811301128,86.9425017423752,85.08948305208837,86.78546142578125,5805400,0.063847,0.0
2023-07-11 00:00:00-04:00,86.9425130552927,87.5706518854325,86.54991971871348,87.3272476196289,4746113,0.0,0.0
2023-07-12 00:00:00-04:00,87.3821924518189,87.91611600119487,87.06812684017608,87.31153106689453,5403938,0.0,0.0
2023-07-13 00:00:00-04:00,87.3507977037095,87.79834988502245,87.01317075124518,87.37435150146484,3477075,0.0,0.0
2023-07-14 00:00:00-04:00,87.15450116354235,87.32724402596631,86.39288333246411,86.58917999267578,3405529,0.0,0.0
2023-07-17 00:00:00-04:00,86.69909842908854,88.05744989431831,86.48709925362782,87.26441955566406,4557412,0.0,0.0
2023-07-18 00:00:00-04:00,87.07597138493426,87.80618400873423,86.7776008203124,87.20159912109375,4476718,0.0,0.0
2023-07-19 00:00:00-04:00,86.62842954681699,87.00531279991417,85.45066468964471,86.28295135498047,5604920,0.0,0.0
2023-07-20 00:00:00-04:00,86.40072183454525,87.81403956490512,86.3379117163902,87.34293365478516,5158852,0.0,0.0
2023-07-21 00:00:00-04:00,87.49996855032968,87.84544672641871,86.22798856735447,86.62842559814453,10277106,0.0,0.0
2023-07-24 00:00:00-04:00,86.68338926966376,87.13878514102713,86.41642375142966,86.56561279296875,6687261,0.0,0.0
2023-07-25 00:00:00-04:00,89.90260876339879,92.61931916752707,89.21951115924864,91.99118041992188,21329067,0.0,0.0
2023-07-26 00:00:00-04:00,91.97548968204968,92.17177884372417,89.07819230038058,90.07536315917969,9449750,0.0,0.0
2023-07-27 00:00:00-04:00,90.73488706198279,92.06968459245428,90.2402273746778,90.62496185302734,7752311,0.0,0.0
2023-07-28 00:00:00-04:00,90.71134282163045,90.96259832399238,89.5257266977409,89.81624603271484,5600785,0.0,0.0
2023-07-31 00:00:00-04:00,89.85549624172893,90.09890046219478,89.29016764690884,89.6984634399414,5169252,0.0,0.0
2023-08-01 00:00:00-04:00,89.2666149755488,89.66705200283984,88.15166780745123,88.8975830078125,6595040,0.0,0.0
2023-08-02 00:00:00-04:00,88.70128633156133,89.11743339442181,87.88470974758906,87.9161148071289,5377375,0.0,0.0
2023-08-03 00:00:00-04:00,87.80618863370924,88.85832567070679,87.58633820735282,88.22232818603516,4347409,0.0,0.0
2023-08-04 00:00:00-04:00,88.58352725002166,89.40796276678667,87.78265303852835,88.77197265625,6118274,0.0,0.0
2023-08-07 00:00:00-04:00,89.14883798307318,90.27948767443989,89.14883798307318,90.08319854736328,4140914,0.0,0.0
2023-08-08 00:00:00-04:00,89.81624381176601,90.16171448947861,88.81906558631091,89.15669250488281,4735463,0.0,0.0
2023-08-09 00:00:00-04:00,89.43150207238547,89.45506337383868,87.9239690908399,88.07315063476562,3900213,0.0,0.0
2023-08-10 00:00:00-04:00,88.292999574499,90.32660481687657,88.292999574499,89.17239379882812,5853515,0.0,0.0
2023-08-11 00:00:00-04:00,89.14883826000884,90.60141233243904,89.07817687619792,89.98112487792969,4463437,0.0,0.0
2023-08-14 00:00:00-04:00,89.90260777085511,90.96259611785557,89.667054804855,90.72704315185547,4916020,0.0,0.0
2023-08-15 00:00:00-04:00,90.02040419967132,90.02825546654496,89.09390216664357,89.39226531982422,4276614,0.0,0.0
2023-08-16 00:00:00-04:00,89.29802154516086,90.56215777949912,89.0938811486136,89.17239379882812,4614924,0.0,0.0
2023-08-17 00:00:00-04:00,89.49433282499146,89.81625726151009,87.1073977481497,87.12310028076172,5734981,0.0,0.0
2023-08-18 00:00:00-04:00,86.6048743301667,87.88471312143083,86.38502389296909,87.77478790283203,5651281,0.0,0.0
2023-08-21 00:00:00-04:00,87.97108583272373,88.31656405342945,87.17021166771497,87.95538330078125,3686075,0.0,0.0
2023-08-22 00:00:00-04:00,88.0574487467456,88.76410765174555,87.02886545009288,87.67271423339844,3308421,0.0,0.0
2023-08-23 00:00:00-04:00,87.54709043470994,89.32158904249845,87.54709043470994,89.09388732910156,3568043,0.0,0.0
2023-08-24 00:00:00-04:00,88.88187604231643,89.47860967402288,87.17019529815472,87.18589782714844,4211960,0.0,0.0
2023-08-25 00:00:00-04:00,87.5078190091534,88.23018041450612,86.5420533803881,87.9161148071289,3903596,0.0,0.0
2023-08-28 00:00:00-04:00,88.37151889565989,89.72987029742019,88.05744577980106,89.4786148071289,3524313,0.0,0.0
2023-08-29 00:00:00-04:00,89.25092099737822,90.82127170344066,88.66203854435604,90.55431365966797,5833091,0.0,0.0
2023-08-30 00:00:00-04:00,90.17743926724044,90.7506117394089,89.47078025405625,89.7534408569336,6086573,0.0,0.0
2023-08-31 00:00:00-04:00,89.96542324686857,90.24808379691451,89.3608383160557,89.87120056152344,5218620,0.0,0.0
2023-09-01 00:00:00-04:00,90.31089962350097,90.65637779222497,89.14098610991122,89.6984634399414,4435119,0.0,0.0
2023-09-05 00:00:00-04:00,89.26662051858636,89.65920630536645,88.18307834276067,88.63063049316406,4406550,0.0,0.0
2023-09-06 00:00:00-04:00,88.60707355477427,89.56498794462037,87.8847121298408,88.47358703613281,5018014,0.0,0.0
2023-09-07 00:00:00-04:00,88.11240731782515,88.84262001609527,87.47641730778109,87.77478790283203,4139035,0.0,0.0
2023-09-08 00:00:00-04:00,87.54709039626059,87.96322998905109,87.32723994852635,87.7198257446289,3170967,0.0,0.0
2023-09-11 00:00:00-04:00,88.13597045017272,89.74557742467907,88.03389649463996,89.71417236328125,5272499,0.0,0.0
2023-09-12 00:00:00-04:00,89.70631414767014,91.72421678796458,89.51001751716275,90.29519653320312,5275255,0.0,0.0
2023-09-13 00:00:00-04:00,90.05180135980922,90.57786617426608,88.44218684233945,89.19595336914062,3508651,0.0,0.0
2023-09-14 00:00:00-04:00,89.80053537191905,92.03043732236944,89.76127904556967,90.8055648803711,6637768,0.0,0.0
2023-09-15 00:00:00-04:00,90.62498053061341,91.00972259424636,89.66706601657003,90.67994689941406,8437076,0.0,0.0
2023-09-18 00:00:00-04:00,90.907643693955,92.20317759262956,90.23238980871419,91.5279312133789,4700880,0.0,0.0
2023-09-19 00:00:00-04:00,91.09608071671725,91.61430177728619,90.46794193753226,91.24526977539062,3882045,0.0,0.0
2023-09-20 00:00:00-04:00,91.4965243753583,92.39162118852907,90.15386789661716,90.17742919921875,5134919,0.0,0.0
2023-09-21 00:00:00-04:00,89.4707692643291,89.77698362883532,87.98678251652461,88.71699523925781,5760292,0.0,0.0
2023-09-22 00:00:00-04:00,88.64634877307402,88.88190178818905,87.20947688207062,87.3508071899414,6249463,0.0,0.0
2023-09-25 00:00:00-04:00,86.9972147316029,87.97153235097035,86.92649498025881,87.78295135498047,4741101,0.063847,0.0
2023-09-26 00:00:00-04:00,87.2172150083789,87.95581764247848,86.23504048325873,86.37647247314453,6022043,0.0,0.0
2023-09-27 00:00:00-04:00,86.92649588124128,87.69651868149947,86.5493413967439,87.13079071044922,5912656,0.0,0.0
2023-09-28 00:00:00-04:00,87.26435824947552,88.78083297210003,87.08363418277412,88.27010345458984,5518337,0.0,0.0
2023-09-29 00:00:00-04:00,88.49797579717423,88.5922662952318,86.3607595610302,86.86363220214844,4924165,0.0,0.0
2023-10-02 00:00:00-04:00,86.7850509456696,87.37435708711963,84.93855586532929,85.48072052001953,5389278,0.0,0.0
2023-10-03 00:00:00-04:00,85.1035853041443,86.42362985671808,84.10568933993613,84.67142486572266,8624900,0.0,0.0
2023-10-04 00:00:00-04:00,84.83642408273138,85.81074165997889,84.35712220931826,85.52787017822266,4876551,0.0,0.0
2023-10-05 00:00:00-04:00,85.15072077274571,85.76359775254176,84.21568771600101,85.42572784423828,4819539,0.0,0.0
2023-10-06 00:00:00-04:00,85.13500934557058,87.92438725182916,84.82071017542363,87.58651733398438,5284026,0.0,0.0
2023-10-09 00:00:00-04:00,87.2250714075489,87.32721881947053,86.07003723749214,86.63577270507812,5418473,0.0,0.0
2023-10-10 00:00:00-04:00,87.38223148410087,88.78084516309052,87.0993599727766,87.5943832397461,5707039,0.0,0.0
2023-10-11 00:00:00-04:00,88.00294962344742,89.10298527313952,87.8536607342257,88.99298095703125,3580573,0.0,0.0
2023-10-12 00:00:00-04:00,89.18156478133048,89.37013824969314,87.02863490086676,87.47650909423828,3861746,0.0,0.0
2023-10-13 00:00:00-04:00,87.45294636847684,87.58652145644355,85.37859277977009,85.94432830810547,4578337,0.0,0.0
2023-10-16 00:00:00-04:00,86.3450358313554,87.15435062053325,84.85213191025768,85.75572967529297,5616698,0.0,0.0
2023-10-17 00:00:00-04:00,85.44931609103425,86.97364804733387,84.90715128895995,86.44720458984375,4916647,0.0,0.0
2023-10-18 00:00:00-04:00,85.66143782406506,86.10145508328951,84.39639947088062,84.5221176147461,6080433,0.0,0.0
2023-10-19 00:00:00-04:00,84.60070864373051,85.72431521487276,83.8149644775431,84.03497314453125,5035055,0.0,0.0
2023-10-20 00:00:00-04:00,83.83853824121972,84.2628417587314,82.91922647226458,83.35137939453125,9714760,0.0,0.0
2023-10-23 00:00:00-04:00,83.66567048324977,85.09571922042618,83.44566182962396,83.83067321777344,7300229,0.0,0.0
2023-10-24 00:00:00-04:00,87.25650864177835,90.27375202118995,85.11143547492827,89.27586364746094,15904078,0.0,0.0
2023-10-25 00:00:00-04:00,89.83373148630761,89.83373148630761,87.28793318023479,87.3743667602539,8224191,0.0,0.0
2023-10-26 00:00:00-04:00,87.82223298225338,88.25439336856626,84.05068079168886,85.48858642578125,9738191,0.0,0.0
2023-10-27 00:00:00-04:00,85.8343214190205,86.30576642672915,83.07637112848171,83.56352996826172,6677237,0.0,0.0
2023-10-30 00:00:00-04:00,84.48284212394326,86.80863179117058,84.40426545880894,86.28218841552734,5611435,0.0,0.0
2023-10-31 00:00:00-04:00,86.04646459688949,86.23503807433906,84.93070751713189,85.35501098632812,6349452,0.0,0.0
2023-11-01 00:00:00-04:00,85.09571191312887,85.11928265726657,83.15493379687312,84.27068328857422,12703791,0.0,0.0
2023-11-02 00:00:00-04:00,85.5514469085425,85.82645395878927,84.35712070392829,84.68712615966797,9398127,0.0,0.0
2023-11-03 00:00:00-04:00,85.29216491592965,85.99933249598001,84.93072420910786,85.58289337158203,6941620,0.0,0.0
2023-11-06 00:00:00-05:00,85.873601217575,87.90867005116253,85.28429499075301,87.83009338378906,6131806,0.0,0.0
2023-11-07 00:00:00-05:00,87.50009073424764,88.73370163695435,87.10721489607255,87.84581756591797,5237415,0.0,0.0
2023-11-08 00:00:00-05:00,88.16010740158924,89.6137269409113,87.99510466071075,89.45658111572266,6065021,0.0,0.0
2023-11-09 00:00:00-05:00,89.849436846934,90.1794497938495,88.73368737276135,88.85940551757812,5786605,0.0,0.0
2023-11-10 00:00:00-05:00,89.36229411205852,90.80019987625423,88.9379981140325,90.57233428955078,4382618,0.0,0.0
2023-11-13 00:00:00-05:00,90.47018298131121,91.58594011887566,90.13232058516971,90.76876831054688,5753776,0.0,0.0
2023-11-14 00:00:00-05:00,91.53877614036429,92.37166164377548,90.80803803520972,92.12808227539062,6007634,0.0,0.0
2023-11-15 00:00:00-05:00,91.90023168124004,92.32453517201849,90.92591404924997,91.38164520263672,5245309,0.0,0.0
2023-11-16 00:00:00-05:00,91.60952085885758,93.47173025555836,91.38951217360938,93.45600891113281,5825072,0.0,0.0
2023-11-17 00:00:00-05:00,93.76242654730105,94.35173268812592,93.45598434951592,94.23387145996094,5186418,0.0,0.0
2023-11-20 00:00:00-05:00,94.23388300191468,94.87033070740272,94.00601743212692,94.34388732910156,5190678,0.0,0.0
2023-11-21 00:00:00-05:00,94.13171861712668,94.4853022811741,93.5345555963837,94.20243835449219,3506019,0.0,0.0
2023-11-22 00:00:00-05:00,94.21030131524968,94.67388931640374,93.78599788660341,93.97457885742188,3773785,0.0,0.0
2023-11-24 00:00:00-05:00,94.27316148033538,94.56388986601866,94.03743901038285,94.26530456542969,1981995,0.0,0.0
2023-11-27 00:00:00-05:00,94.05315284019423,94.54031160991066,93.75457505099618,94.26530456542969,3984415,0.0,0.0
2023-11-28 00:00:00-05:00,94.26529613551406,94.37530044574721,93.15740363036969,93.38526916503906,4378107,0.0,0.0
2023-11-29 00:00:00-05:00,93.91172917545018,94.0531611676659,93.07098662636557,93.39314270019531,3792831,0.0,0.0
2023-11-30 00:00:00-05:00,93.54242214647951,95.7346365825664,93.42456091298912,95.70320892333984,10174611,0.0,0.0
2023-12-01 00:00:00-05:00,95.624644161589,96.84254873344979,95.44392758716057,96.25324249267578,5668572,0.0,0.0
2023-12-04 00:00:00-05:00,95.71105934265132,96.18250424461799,95.20032986931754,95.49105072021484,4747116,0.0,0.0
2023-12-05 00:00:00-05:00,95.082481444979,95.21605651700101,94.28102350145565,94.4696044921875,3688206,0.0,0.0
2023-12-06 00:00:00-05:00,95.137467986687,96.31608025328538,94.05314620369457,94.13957977294922,3964241,0.0,0.0
2023-12-07 00:00:00-05:00,93.89600099921213,94.3045830822352,92.85096378136586,93.88028717041016,5064626,0.0,0.0
2023-12-08 00:00:00-05:00,93.58170884772376,94.93318836187598,93.48742586790095,94.7524642944336,4925418,0.0,0.0
2023-12-11 00:00:00-05:00,94.75246764055501,95.0039039517438,94.00601562225133,94.5088882446289,4643869,0.0,0.0
2023-12-12 00:00:00-05:00,95.06676384729683,96.23751178777911,94.76817854236806,96.11180114746094,4664543,0.0,0.0
2023-12-13 00:00:00-05:00,95.96250116174296,96.14322522324487,94.69746277679265,95.21604919433594,5506309,0.0,0.0
2023-12-14 00:00:00-05:00,95.17676499772014,96.17465326312472,94.21030439134795,95.34962463378906,10454155,0.0,0.0
2023-12-15 00:00:00-05:00,96.18250819033688,97.17253952052504,95.72677709822149,96.82681274414062,13586279,0.0,0.0
2023-12-18 00:00:00-05:00,97.17254230207911,97.30611736542087,96.72467562312995,97.14897155761719,5206215,0.0,0.0
2023-12-19 00:00:00-05:00,97.196115147103,98.9876042973414,97.196115147103,98.95616912841797,5957138,0.0,0.0
2023-12-20 00:00:00-05:00,98.55546612917708,99.17620006203049,96.81897498902553,96.93683624267578,6231921,0.0,0.0
2023-12-21 00:00:00-05:00,97.61256530801245,99.82835062254807,97.5811376468849,99.76549530029297,5185165,0.0,0.0
2023-12-22 00:00:00-05:00,100.0955004042326,100.59837298828985,99.1447536387659,99.54547882080078,4030650,0.0,0.0
2023-12-26 00:00:00-05:00,99.63192756347411,100.34695197510989,99.50620939831792,100.15837097167969,2480063,0.0,0.0
2023-12-27 00:00:00-05:00,99.77311886488023,100.96033342350029,99.73380961330648,100.79522705078125,3314310,0.063847,0.0
2023-12-28 00:00:00-05:00,100.63797030243437,101.58145235446027,100.48858013238413,100.88956451416016,3965494,0.0,0.0
2023-12-29 00:00:00-05:00,100.8266640413428,101.0153634616315,99.8202871760924,100.34706115722656,4441133,0.0,0.0
2024-01-02 00:00:00-05:00,99.8596004047276,100.75591141266958,98.46797031002497,99.02619171142578,5189425,0.0,0.0
2024-01-03 00:00:00-05:00,98.37360786523254,98.4522263532224,97.21784093070322,97.54019927978516,4531850,0.0,0.0
2024-01-04 00:00:00-05:00,97.72889850549487,98.88466552681031,97.6266944634336,98.01194763183594,4364199,0.0,0.0
2024-01-05 00:00:00-05:00,98.20063822536675,99.3328196834348,98.06697927141992,99.29351043701172,4190157,0.0,0.0
2024-01-08 00:00:00-05:00,99.23845484659998,100.97603601522377,97.65812567191144,100.85809326171875,6920068,0.0,0.0
2024-01-09 00:00:00-05:00,100.06400642275352,101.251220703125,99.81241223942935,101.251220703125,4815028,0.0,0.0
2024-01-10 00:00:00-05:00,101.1883260789921,102.3440930531926,101.03894343057604,101.97456359863281,4571320,0.0,0.0
2024-01-11 00:00:00-05:00,102.30478325113978,102.36767804334825,100.48857586839132,102.07677459716797,5014005,0.0,0.0
2024-01-12 00:00:00-05:00,102.68218881854322,102.83943333701873,101.56573094065075,102.04533386230469,5640380,0.0,0.0
2024-01-16 00:00:00-05:00,101.58143961899256,102.09248982773242,100.04041962829156,100.61436462402344,6314619,0.0,0.0
2024-01-17 00:00:00-05:00,100.18196285502663,101.1726161009081,99.21489515955011,99.75739288330078,5031171,0.0,0.0
2024-01-18 00:00:00-05:00,100.0089715460281,101.16473849698177,99.67089701065173,101.07038879394531,6508082,0.0,0.0
2024-01-19 00:00:00-05:00,101.18833261257693,102.24974995037742,100.19767943707322,102.0610580444336,6154611,0.0,0.0
2024-01-22 00:00:00-05:00,102.43059985560704,103.9952058191161,102.41487615456096,103.17752075195312,10052443,0.0,0.0
2024-01-23 00:00:00-05:00,100.34707290879537,103.68856978992318,99.45863119815355,102.17113494873047,13333800,0.0,0.0
2024-01-24 00:00:00-05:00,102.42271341324822,102.51706311990442,99.41929911143201,102.1553955078125,10785198,0.0,0.0
2024-01-25 00:00:00-05:00,102.71362438242916,104.1760185292215,101.96670361060833,102.1553955078125,6086573,0.0,0.0
2024-01-26 00:00:00-05:00,102.62715267746756,103.97161178157104,102.51707925506224,103.14607238769531,4696495,0.0,0.0
2024-01-29 00:00:00-05:00,103.31116500893638,103.89297944530203,101.96670608382718,103.0752944946289,6126544,0.0,0.0
2024-01-30 00:00:00-05:00,103.37405779174713,105.57551838779649,103.16964219513959,105.30033111572266,7871346,0.0,0.0
2024-01-31 00:00:00-05:00,105.17454619203983,105.72491328381808,103.87726575447168,104.1131362915039,6253472,0.0,0.0
2024-02-01 00:00:00-05:00,104.59272589865775,106.5032755021399,104.1524322812947,106.46395874023438,6190572,0.0,0.0
2024-02-02 00:00:00-05:00,106.47969153208871,108.03643550801858,106.17306435646657,107.3524169921875,6103864,0.0,0.0
2024-02-05 00:00:00-05:00,106.91211808904436,109.00349781524653,106.73128051959344,108.27230072021484,7158013,0.0,0.0
2024-02-06 00:00:00-05:00,108.24872336758516,108.80695230098387,107.38386725040094,108.17009735107422,6026178,0.0,0.0
2024-02-07 00:00:00-05:00,108.9877746977442,109.15288856918599,108.44527701871446,108.89342498779297,5807655,0.0,0.0
2024-02-08 00:00:00-05:00,109.01135492797145,109.66393350019797,108.69686593162133,109.32585144042969,4327110,0.0,0.0
2024-02-09 00:00:00-05:00,109.29439840256029,109.62461108007248,108.66540541011057,109.50668334960938,4324604,0.0,0.0
2024-02-12 00:00:00-05:00,109.71109438658257,110.71747862314352,109.2079060263558,110.2064208984375,4516313,0.0,0.0
2024-02-13 00:00:00-05:00,109.93910492517531,111.4801249421331,109.04280158251534,111.46440124511719,9054930,0.0,0.0
2024-02-14 00:00:00-05:00,112.43149106767315,115.49780049738855,111.92044074873876,115.18331146240234,13116028,0.0,0.0
2024-02-15 00:00:00-05:00,115.57640825999782,117.06238788168947,115.41130191851248,116.65354919433594,8627532,0.0,0.0
2024-02-16 00:00:00-05:00,117.10957473819566,118.21816314591602,116.76363081709904,117.2746810913086,8616756,0.0,0.0
2024-02-20 00:00:00-05:00,117.16460190699654,118.20243361911551,116.22111989890803,116.85011291503906,7166032,0.0,0.0
2024-02-21 00:00:00-05:00,116.73219265120949,117.45552794813156,116.09533770431948,117.20393371582031,5302571,0.0,0.0
2024-02-22 00:00:00-05:00,117.81717650695984,119.70413294355517,117.81717650695984,119.24812316894531,5753024,0.0,0.0
2024-02-23 00:00:00-05:00,119.50758995812967,120.92281304994687,119.43682579709544,120.55327606201172,7066168,0.0,0.0
2024-02-26 00:00:00-05:00,120.81274501268464,122.00782134120068,120.73411899871874,121.68546295166016,7705449,0.0,0.0
2024-02-27 00:00:00-05:00,121.85841932993131,121.87414302797588,120.37243967142318,121.07218933105469,7300354,0.0,0.0
2024-02-28 00:00:00-05:00,121.20585801509864,123.36800195982241,120.93854009465547,122.34589385986328,7633025,0.0,0.0
2024-02-29 00:00:00-05:00,122.64466050392654,123.58028069435618,121.94491082341854,123.3522720336914,8177329,0.0,0.0
2024-03-01 00:00:00-05:00,123.43875797399586,125.26282734204352,123.3365539290216,124.73604583740234,8698201,0.0,0.0
2024-03-04 00:00:00-05:00,125.30213437279383,127.18909098824895,124.68101068378306,126.59156036376953,8402242,0.0,0.0
2024-03-05 00:00:00-05:00,126.99253861160294,127.48786516896882,123.10853712750955,124.11491394042969,8003663,0.0,0.0
2024-03-06 00:00:00-05:00,125.08984613229796,126.56797150420421,124.59451956394244,125.40434265136719,8198755,0.0,0.0
2024-03-07 00:00:00-05:00,127.40137906753372,131.08882707649482,127.03185710100139,130.90798950195312,14393838,0.0,0.0
2024-03-08 00:00:00-05:00,133.27455478736144,138.22782065507246,131.57629005668664,132.05589294433594,21242234,0.0,0.0
2024-03-11 00:00:00-04:00,131.37187780336782,132.41756401033868,128.14044691548335,130.95516967773438,9338609,0.0,0.0
2024-03-12 00:00:00-04:00,131.65491891153923,131.93009870004042,128.88736726173178,131.66278076171875,6928589,0.0,0.0
2024-03-13 00:00:00-04:00,130.1296133984697,134.48534842940703,130.1296133984697,133.7855987548828,8462887,0.0,0.0
2024-03-14 00:00:00-04:00,133.85635043253865,134.24947294186995,130.2239507584287,131.1045379638672,9460777,0.0,0.0
2024-03-15 00:00:00-04:00,130.23965949396137,134.05289628686666,129.64212898192812,132.7870635986328,13263757,0.0,0.0
2024-03-18 00:00:00-04:00,132.84211427826514,134.24947545060024,132.54334898234256,133.5890350341797,6228788,0.0,0.0
2024-03-19 00:00:00-04:00,133.51043236032507,136.74970996938418,132.87357741559285,136.38018798828125,9360787,0.0,0.0
2024-03-20 00:00:00-04:00,135.71187061341857,137.41799709484093,135.24012960265188,136.74969482421875,7229434,0.0,0.0
2024-03-21 00:00:00-04:00,137.29218766338352,139.20273718678183,136.08924963132588,138.88038635253906,7890893,0.0,0.0
2024-03-22 00:00:00-04:00,138.61305018859616,139.55653205268382,137.65384462892132,137.70887756347656,6842132,0.0,0.0
2024-03-25 00:00:00-04:00,137.32365932117847,137.99194658107297,135.85338826564703,136.4037628173828,6288181,0.0,0.0
2024-03-26 00:00:00-04:00,136.40377189387505,137.63029563647822,135.54677012792024,136.45094299316406,5056983,0.0,0.0
2024-03-27 00:00:00-04:00,137.60670187980108,141.80518501382267,137.3393839675554,141.61648559570312,12606433,0.0,0.0
2024-03-28 00:00:00-04:00,141.4828225506899,141.49854624822538,137.06417793111672,138.00765991210938,12122274,0.0,0.0
2024-04-01 00:00:00-04:00,138.06270758093606,138.4007821094187,136.0656627083949,137.87400817871094,7399592,0.0,0.0
2024-04-02 00:00:00-04:00,138.44331551943185,142.36421361279224,132.00043242064942,134.443603515625,20490400,0.0,1.253
2024-04-03 00:00:00-04:00,136.09863697439985,145.743275974022,135.96071640291814,143.4577178955078,16208500,0.0,0.0
2024-04-04 00:00:00-04:00,144.47245953888716,149.73317990334255,144.03900551172123,145.20147705078125,11880200,0.0,0.0
2024-04-05 00:00:00-04:00,146.3245264207604,154.1466304170367,146.3245264207604,153.97915649414062,14777900,0.0,0.0
2024-04-08 00:00:00-04:00,155.13178310289703,155.60465153826678,151.41775833272695,154.19589233398438,9588800,0.0,0.0
2024-04-09 00:00:00-04:00,153.81166177211975,155.52581524068177,148.68886350282415,152.19601440429688,8807300,0.0,0.0
2024-04-10 00:00:00-04:00,149.63461575479647,155.44700184475423,149.39817405427007,154.28453063964844,8075400,0.0,0.0
2024-04-11 00:00:00-04:00,154.73775608721667,156.08740885603876,152.4521973508852,155.33868408203125,6063200,0.0,0.0
2024-04-12 00:00:00-04:00,153.85830702127487,154.9241650059537,151.0258977385459,152.60494995117188,6851300,0.28,0.0
2024-04-15 00:00:00-04:00,155.1412976069089,156.61178991058878,150.69036622285213,151.6871337890625,6423700,0.0,0.0
2024-04-16 00:00:00-04:00,150.70021917316078,154.9636511548267,150.00938947028658,154.70704650878906,6187200,0.0,0.0
2024-04-17 00:00:00-04:00,155.93078937842415,156.6018766866907,151.61802489612728,153.6313018798828,6519900,0.0,0.0
2024-04-18 00:00:00-04:00,154.6280990376804,155.93081944105782,150.87787618689794,150.9370880126953,6186600,0.0,0.0
2024-04-19 00:00:00-04:00,151.44039828117587,151.5193523991237,144.85775116922775,146.12098693847656,9566100,0.0,0.0
2024-04-22 00:00:00-04:00,146.88090885210627,149.92057466306957,146.88090885210627,148.2230987548828,7322800,0.0,0.0
2024-04-23 00:00:00-04:00,155.7630623269137,161.50683585737374,150.81867863830988,160.49032592773438,19250900,0.0,0.0
2024-04-24 00:00:00-04:00,159.75011967076597,160.21396568001788,153.52275885335305,157.105224609375,10416000,0.0,0.0
2024-04-25 00:00:00-04:00,156.0196335179053,159.36523712756335,155.0623355327592,159.1481170654297,5908200,0.0,0.0
2024-04-26 00:00:00-04:00,158.90138382873081,161.23047752238716,158.21055414395093,160.22384643554688,5898000,0.0,0.0
2024-04-29 00:00:00-04:00,160.86535355185433,163.89515608938336,160.86535355185433,162.33584594726562,5371700,0.0,0.0
2024-04-30 00:00:00-04:00,161.4180089127346,164.0826465867452,159.46394329298803,159.7008056640625,6723600,0.0,0.0
2024-05-01 00:00:00-04:00,160.4409599471682,161.16139551342934,156.7400706521214,157.60853576660156,4775800,0.0,0.0
2024-05-02 00:00:00-04:00,159.2764104805288,160.68769080544615,157.33220870679745,160.51004028320312,5030400,0.0,0.0
2024-05-03 00:00:00-04:00,163.13521822524413,163.13521822524413,159.88829595041094,161.96080017089844,3968600,0.0,0.0
2024-05-06 00:00:00-04:00,162.9575362895671,165.7800815114149,162.8687185695367,165.7702178955078,4831600,0.0,0.0
2024-05-07 00:00:00-04:00,165.61232794253877,168.56317579122538,165.03005830177128,166.5696258544922,4781800,0.0,0.0
2024-05-08 00:00:00-04:00,165.89853336881276,167.96115867882455,165.89853336881276,166.64857482910156,4878200,0.0,0.0
2024-05-09 00:00:00-04:00,166.54990529982763,167.1223113983119,164.94126210027,165.30641174316406,4968800,0.0,0.0
2024-05-10 00:00:00-04:00,165.71104537997067,166.5301774631796,160.97390342186273,161.24037170410156,5711300,0.0,0.0
2024-05-13 00:00:00-04:00,160.94428090343314,160.97388681407642,156.77954547142545,157.41116333007812,7768600,0.0,0.0
2024-05-14 00:00:00-04:00,156.56242746008064,158.7138857015816,155.9604155042296,157.9046173095703,6103500,0.0,0.0
2024-05-15 00:00:00-04:00,157.90462020111693,161.59564611954295,157.1446999998908,161.3291778564453,7133300,0.0,0.0
2024-05-16 00:00:00-04:00,160.8653174116123,161.7732670893147,158.9803275627622,159.0099334716797,4283200,0.0,0.0
2024-05-17 00:00:00-04:00,159.700783226813,159.7599950465228,157.01640363428305,157.79605102539062,5946300,0.0,0.0
2024-05-20 00:00:00-04:00,157.8256638901745,159.30601968398312,156.74007867675624,157.1940460205078,5586800,0.0,0.0
2024-05-21 00:00:00-04:00,155.87161676277933,159.10866060731527,155.29921064821437,158.89154052734375,5071300,0.0,0.0
2024-05-22 00:00:00-04:00,158.38820859986575,159.62183844579573,157.63815201580715,158.70401000976562,4432200,0.0,0.0
2024-05-23 00:00:00-04:00,159.86858367801364,164.09253157471701,159.63172129782996,163.0957489013672,7411500,0.0,0.0
2024-05-24 00:00:00-04:00,163.65827029610287,166.9347833083777,161.70420485327156,165.1386260986328,5500300,0.0,0.0
2024-05-28 00:00:00-04:00,164.8129560844513,166.44134154313926,163.14508603560037,166.35252380371094,5749700,0.0,0.0
2024-05-29 00:00:00-04:00,164.41815418865656,165.23727096665053,161.25018684477,161.4574432373047,4820800,0.0,0.0
2024-05-30 00:00:00-04:00,161.3390191670759,162.85885935939342,161.0528237084726,162.04959106445312,4384400,0.0,0.0
2024-05-31 00:00:00-04:00,162.13840547778858,163.18453607015604,157.9736856350424,162.97727966308594,11704800,0.0,0.0
2024-06-03 00:00:00-04:00,163.94448102866818,164.6057048748428,156.94733556589196,159.34552001953125,5220500,0.0,0.0
2024-06-04 00:00:00-04:00,158.8915274862427,159.85868908921583,156.27623818163636,159.2665557861328,5598600,0.0,0.0
2024-06-05 00:00:00-04:00,159.7106469173113,160.80611075931836,158.41780532319498,160.4212188720703,4279900,0.0,0.0
2024-06-06 00:00:00-04:00,160.17450108292556,161.0331026307989,157.6677568205765,158.51649475097656,3867300,0.0,0.0
2024-06-07 00:00:00-04:00,158.59542995305503,161.65483760819333,158.00329673715987,159.79945373535156,3341800,0.0,0.0
2024-06-10 00:00:00-04:00,159.87843231400046,161.75354370644547,159.44419218717107,160.70742797851562,4385200,0.0,0.0
2024-06-11 00:00:00-04:00,159.90803058658395,160.13501425696091,157.5197250620848,158.25990295410156,5106400,0.0,0.0
2024-06-12 00:00:00-04:00,159.1480982945773,160.8061044772287,157.09533662312901,158.94085693359375,5790700,0.0,0.0
2024-06-13 00:00:00-04:00,158.48690056685007,158.52638515758085,152.16084267908255,153.6510772705078,8080900,0.0,0.0
2024-06-14 00:00:00-04:00,152.20028306942882,154.54911859013598,151.21337941319285,153.8385467529297,6247400,0.0,0.0
2024-06-17 00:00:00-04:00,154.0951707979794,165.30639944637227,153.41420471321476,161.09231567382812,9564800,0.0,0.0
2024-06-18 00:00:00-04:00,161.2600783090437,163.02664458144412,160.23370496126438,162.8095245361328,5105300,0.0,0.0
2024-06-20 00:00:00-04:00,162.8095206777057,164.12210453545083,160.91466719358735,162.83912658691406,4957200,0.0,0.0
2024-06-21 00:00:00-04:00,162.34567036984632,162.76016814669455,159.18758131365277,162.08908081054688,17195200,0.0,0.0
2024-06-24 00:00:00-04:00,161.95090512215026,162.6022501271006,157.1150678991902,158.43751525878906,5519000,0.0,0.0
2024-06-25 00:00:00-04:00,157.49009302832707,161.50678322543382,156.3452811310806,157.63812255859375,6825500,0.0,0.0
2024-06-26 00:00:00-04:00,156.4933413487622,158.91125262463643,155.45708935654272,158.53622436523438,3998000,0.0,0.0
2024-06-27 00:00:00-04:00,158.69411488752115,159.73036676417235,157.50983348232913,158.39804077148438,3339700,0.0,0.0
2024-06-28 00:00:00-04:00,158.16120664896965,159.50339649640136,155.8321129448663,156.8881072998047,8641200,0.0,0.0
2024-07-01 00:00:00-04:00,158.56584084435488,159.286276443217,154.00634984539846,156.8881072998047,4435100,0.0,0.0
2024-07-02 00:00:00-04:00,156.74007028599067,160.8061091631179,156.17752788615817,159.3356170654297,5247300,0.0,0.0
2024-07-03 00:00:00-04:00,159.7599832918038,162.33580267235803,159.42442457320917,160.8653106689453,2577300,0.0,0.0
2024-07-05 00:00:00-04:00,161.10216227815286,161.10216227815286,157.56904529374546,158.39804077148438,4668300,0.0,0.0
2024-07-08 00:00:00-04:00,158.6941387212398,161.63510791526753,158.54609411150955,161.3883819580078,3453300,0.0,0.0
2024-07-09 00:00:00-04:00,161.83249635968326,163.41154861403808,160.89494067195437,160.99363708496094,3829900,0.0,0.0
2024-07-10 00:00:00-04:00,161.01334535723652,163.8161635315656,160.4113334502978,163.5299530029297,3904600,0.0,0.0
2024-07-11 00:00:00-04:00,163.30258842207246,163.78698016728933,159.9414268050924,160.0699462890625,4553800,0.28,0.0
2024-07-12 00:00:00-04:00,160.0304255161034,160.44562494571153,156.98561461452928,157.19320678710938,5983400,0.0,0.0
2024-07-15 00:00:00-04:00,158.76504900435054,158.91332912527622,156.78790027495364,157.73692321777344,5383300,0.0,0.0
2024-07-16 00:00:00-04:00,158.05328214868777,161.99768440678386,157.82589917264855,160.98934936523438,6500700,0.0,0.0
2024-07-17 00:00:00-04:00,159.80303234111054,160.09960765315904,154.72176095409603,154.87005615234375,6041200,0.0,0.0
2024-07-18 00:00:00-04:00,155.57191917576765,158.6068492522204,154.63277668968507,156.97569274902344,5274800,0.0,0.0
2024-07-19 00:00:00-04:00,157.83577177029554,158.60685849512583,155.81907180962682,157.31182861328125,5459800,0.0,0.0
2024-07-22 00:00:00-04:00,158.14221423937067,161.07828078779573,157.9445024184368,160.90032958984375,6350500,0.0,0.0
2024-07-23 00:00:00-04:00,164.10332914840342,175.17535797767152,162.73909182605053,170.03477478027344,16428000,0.0,0.0
2024-07-24 00:00:00-04:00,169.54051466963782,170.89485681111222,160.19848932718017,160.4456329345703,7335200,0.0,0.0
2024-07-25 00:00:00-04:00,161.43418647614683,166.27819452044753,160.06994911284846,162.7885284423828,8791500,0.0,0.0
2024-07-26 00:00:00-04:00,165.33904899939506,170.6476880774649,164.21207491901023,167.8697967529297,7297700,0.0,0.0
2024-07-29 00:00:00-04:00,169.29336037852792,170.7564462182999,166.47591739830327,167.9291229248047,4886600,0.0,0.0
2024-07-30 00:00:00-04:00,168.53215997616226,172.73360118832312,165.35884459026826,165.56643676757812,5329500,0.0,0.0
2024-07-31 00:00:00-04:00,168.917714175826,169.78766453291655,166.04097394399122,168.25537109375,5568800,0.0,0.0
2024-08-01 00:00:00-04:00,168.79906013050558,172.70392556173044,166.2979683818869,167.81048583984375,6112900,0.0,0.0
2024-08-02 00:00:00-04:00,163.67825109079863,165.51698477402002,156.55062388131384,158.4486846923828,8210700,0.0,0.0
2024-08-05 00:00:00-04:00,150.7476875841212,158.07301105835876,148.4838441828543,156.5506134033203,7064800,0.0,0.0
2024-08-06 00:00:00-04:00,158.1026943210859,163.55962915574958,157.93463848559045,160.4159698486328,5056700,0.0,0.0
2024-08-07 00:00:00-04:00,162.5413859010688,164.37025440453326,159.72395817411297,160.27755737304688,4307500,0.0,0.0
2024-08-08 00:00:00-04:00,162.60071007674495,164.42957871665084,161.6912234557238,163.71780395507812,3842700,0.0,0.0
2024-08-09 00:00:00-04:00,163.55961579003096,165.96185919574935,162.68968065881717,165.22042846679688,2770100,0.0,0.0
2024-08-12 00:00:00-04:00,165.7147203123673,166.85157476184406,162.73910191519104,164.96339416503906,3173700,0.0,0.0
2024-08-13 00:00:00-04:00,165.8432276521349,166.70329759471542,164.35048581289706,166.04095458984375,2942400,0.0,0.0
2024-08-14 00:00:00-04:00,166.57477052080034,167.24699380818365,163.72767169318445,166.0310516357422,4456000,0.0,0.0
2024-08-15 00:00:00-04:00,166.8219156846414,168.7990643149779,166.297972504358,167.99832153320312,4162500,0.0,0.0
2024-08-16 00:00:00-04:00,168.10707486946708,168.38387448669667,166.93066895401736,167.48426818847656,3305600,0.0,0.0
2024-08-19 00:00:00-04:00,167.6720947176075,169.04621244934418,166.1002651343985,168.9770050048828,4506000,0.0,0.0
2024-08-20 00:00:00-04:00,168.95724660608533,168.95724660608533,167.25689750900358,168.04776000976562,2573900,0.0,0.0
2024-08-21 00:00:00-04:00,168.15647393777914,170.22259035231167,167.90933039294669,169.243896484375,4102900,0.0,0.0
2024-08-22 00:00:00-04:00,169.7777630483752,170.01501123658062,166.84169604375413,167.7412872314453,2996600,0.0,0.0
2024-08-23 00:00:00-04:00,168.0576404718479,169.4218779097602,166.92078599655264,169.26370239257812,4058000,0.0,0.0
2024-08-26 00:00:00-04:00,168.591463986778,169.96558173784638,167.64244105258055,169.26370239257812,3707300,0.0,0.0
2024-08-27 00:00:00-04:00,168.74963617197017,169.54049865781738,167.66221345282162,169.0363311767578,3206000,0.0,0.0
2024-08-28 00:00:00-04:00,169.24392226786674,171.19141490459313,168.34431600735917,169.90626525878906,4578700,0.0,0.0
2024-08-29 00:00:00-04:00,170.6476875171844,173.95941739149765,170.51918311810962,171.5967254638672,4262500,0.0,0.0
2024-08-30 00:00:00-04:00,171.97239980815388,172.8225743487993,169.8074195776471,172.62484741210938,5295600,0.0,0.0
2024-09-03 00:00:00-04:00,172.19976909649856,172.75336832109747,161.7307703103544,162.33380126953125,6099600,0.0,0.0
2024-09-04 00:00:00-04:00,161.63189029117817,164.7162371320972,161.53302683214523,164.45921325683594,4112400,0.0,0.0
2024-09-05 00:00:00-04:00,162.89728747834727,164.10334944609247,160.65321937974616,161.97792053222656,3144200,0.0,0.0
2024-09-06 00:00:00-04:00,162.6303707584294,164.142888398971,158.7551608813696,159.38784790039062,3954900,0.0,0.0
2024-09-09 00:00:00-04:00,161.62202081690737,164.47899999496568,161.0486459018488,163.4607696533203,3716000,0.0,0.0
2024-09-10 00:00:00-04:00,165.53677471386766,165.81357432983273,162.37333975680426,165.0721435546875,3473200,0.0,0.0
2024-09-11 00:00:00-04:00,164.3405817952478,164.82497350320216,160.37638956647325,164.44932556152344,4258000,0.0,0.0
2024-09-12 00:00:00-04:00,164.60749308935303,169.01654088558737,164.33069350585268,167.76104736328125,5148500,0.0,0.0
2024-09-13 00:00:00-04:00,167.4743774330422,177.2711524628166,167.27666558798393,176.24302673339844,7360800,0.0,0.0
2024-09-16 00:00:00-04:00,176.6779746673621,179.44598532575557,174.24607560231317,179.3668975830078,6844600,0.0,0.0
2024-09-17 00:00:00-04:00,179.43611799190353,180.34560454906935,176.94492158575468,178.2696075439453,5936900,0.0,0.0
2024-09-18 00:00:00-04:00,179.12967919711528,183.6474714692068,178.36847268150075,181.4528350830078,5686500,0.0,0.0
2024-09-19 00:00:00-04:00,185.50597088935214,185.8420976327961,182.17448015425995,184.0330047607422,5021500,0.0,0.0
2024-09-20 00:00:00-04:00,182.8862391817518,185.69378647649103,182.21401592150977,185.28846740722656,9895700,0.0,0.0
2024-09-23 00:00:00-04:00,185.66413823650305,187.61163082859787,185.25881915025155,186.51431274414062,3972500,0.0,0.0
2024-09-24 00:00:00-04:00,186.51431745528188,187.63141127774634,184.86340013055974,187.49301147460938,3648900,0.0,0.0
2024-09-25 00:00:00-04:00,187.66105042734455,188.69905639976272,186.0496695836435,187.16676330566406,3214800,0.0,0.0
2024-09-26 00:00:00-04:00,187.51325696081767,187.6617717770042,182.69177504299773,182.7511749267578,4781500,0.28,0.0
2024-09-27 00:00:00-04:00,182.33538723197105,184.33526921541727,181.30575384742963,183.53334045410156,4452800,0.0,0.0
2024-09-30 00:00:00-04:00,183.23631207291382,186.8301563616144,181.26613018419158,186.70144653320312,5628400,0.0,0.0
2024-10-01 00:00:00-04:00,185.62231627512412,186.34504012091165,183.07791018205955,184.4441680908203,3794000,0.0,0.0
2024-10-02 00:00:00-04:00,183.72145027649262,186.32524123875473,182.88980646176006,184.58277893066406,2879800,0.0,0.0
2024-10-03 00:00:00-04:00,184.64216741353607,184.8500821310687,181.8700567848976,182.05816650390625,3999500,0.0,0.0
2024-10-04 00:00:00-04:00,184.72139612584095,185.29562030279737,183.01852859605006,185.21641540527344,3978300,0.0,0.0
2024-10-07 00:00:00-04:00,184.0877542049433,185.3648971750714,182.95911096153193,184.10755920410156,2514200,0.0,0.0
2024-10-08 00:00:00-04:00,185.75102353999608,187.9885202786194,184.7015851188102,185.60252380371094,3627200,0.0,0.0
2024-10-09 00:00:00-04:00,184.7709045448781,187.53310552899418,184.64219469563602,187.39450073242188,2312600,0.0,0.0
2024-10-10 00:00:00-04:00,186.27573266049203,187.85980026007752,185.52330885942243,186.24603271484375,2300900,0.0,0.0
2024-10-11 00:00:00-04:00,187.52320040573437,189.8596919260138,187.1766808797125,189.25576782226562,2983900,0.0,0.0
2024-10-14 00:00:00-04:00,190.06758651802778,191.9981585667735,189.75078205436137,190.71112060546875,3132900,0.0,0.0
2024-10-15 00:00:00-04:00,191.91895570128392,192.394169917791,187.8696870413606,188.671630859375,3824300,0.0,0.0
2024-10-16 00:00:00-04:00,188.6023521545716,190.30521974477287,188.02812795724418,190.26560974121094,2912800,0.0,0.0
2024-10-17 00:00:00-04:00,192.1565755053975,192.85950951176972,190.28540327975696,190.7012176513672,2633300,0.0,0.0
2024-10-18 00:00:00-04:00,191.17643899716825,191.51304845908177,189.23595690434635,190.69131469726562,3075900,0.0,0.0
2024-10-21 00:00:00-04:00,190.98832310286926,192.4535757949857,190.1071894770089,192.295166015625,4728800,0.0,0.0
2024-10-22 00:00:00-04:00,182.66210584413508,183.15712510116526,173.99926884610701,174.90020751953125,15636200,0.0,0.0
2024-10-23 00:00:00-04:00,177.90991439356546,183.13731643460943,177.83070950121163,179.88009643554688,9788600,0.0,0.0
2024-10-24 00:00:00-04:00,180.08799558656395,180.39492020867462,177.84061908742933,177.94952392578125,4366800,0.0,0.0
2024-10-25 00:00:00-04:00,178.2069159883989,179.61276873504843,176.52385369208815,177.31588745117188,3974900,0.0,0.0
2024-10-28 00:00:00-04:00,178.1871167448172,178.7811458600117,173.46464419549378,173.61314392089844,5687400,0.0,0.0
2024-10-29 00:00:00-04:00,172.82110679034156,173.15771623260048,171.0489446387414,172.31619262695312,5219300,0.0,0.0
2024-10-30 00:00:00-04:00,171.2568619919157,174.77150182150254,170.7915426707338,172.90032958984375,3694000,0.0,0.0
2024-10-31 00:00:00-04:00,170.2866115450532,171.89046898241014,168.7322439442269,170.0688018798828,5177100,0.0,0.0
2024-11-01 00:00:00-04:00,171.03906251880002,173.52406906473703,169.8807191735344,169.9896240234375,3984900,0.0,0.0
2024-11-04 00:00:00-05:00,170.58362518579764,172.93990638591197,169.74208647425047,170.0489959716797,4197400,0.0,0.0
2024-11-05 00:00:00-05:00,170.6430242371119,173.72204435576106,170.05890518959532,173.51412963867188,3607300,0.0,0.0
2024-11-06 00:00:00-05:00,179.69198450113524,180.24640363402506,176.7218690548355,178.9593505859375,5939500,0.0,0.0
2024-11-07 00:00:00-05:00,179.21675615808743,179.21675615808743,175.00909294023973,177.06837463378906,5084200,0.0,0.0
2024-11-08 00:00:00-05:00,177.8604368733447,184.5630027427771,177.66243216532234,182.9690399169922,4676500,0.0,0.0
2024-11-11 00:00:00-05:00,184.77088345470358,185.60251213921345,181.87006289833167,182.72149658203125,3371900,0.0,0.0
2024-11-12 00:00:00-05:00,183.2264189085585,183.85013284485908,178.79103587937934,180.82061767578125,3158000,0.0,0.0
2024-11-13 00:00:00-05:00,181.1275364955482,184.4441714389557,180.93942676767654,181.73146057128906,3934800,0.0,0.0
2024-11-14 00:00:00-05:00,181.1770312964275,181.96906505569285,175.72192502753043,176.6228485107422,5085600,0.0,0.0
2024-11-15 00:00:00-05:00,174.98929605777658,176.14763923159626,174.13786238640643,175.16749572753906,5302100,0.0,0.0
2024-11-18 00:00:00-05:00,175.23679324418677,176.7911607519042,173.38542630792563,175.75161743164062,2833800,0.0,0.0
2024-11-19 00:00:00-05:00,174.74177571367238,176.10803352509558,173.9497419808649,175.7912139892578,3216000,0.0,0.0
2024-11-20 00:00:00-05:00,176.32587666947768,176.76148095381004,174.2467896143182,176.20706176757812,3225400,0.0,0.0
2024-11-21 00:00:00-05:00,176.63277158196675,179.13756776667253,175.57342314067807,176.9198760986328,4532000,0.0,0.0
2024-11-22 00:00:00-05:00,177.51391202085125,179.92960845890104,176.99908775369576,179.34547424316406,3405200,0.0,0.0
2024-11-25 00:00:00-05:00,180.4246330299341,181.8700808710734,177.76142688029122,178.41485595703125,9740700,0.0,0.0
2024-11-26 00:00:00-05:00,179.06825401241213,183.08780780098274,178.62273972033492,182.7611083984375,3918900,0.0,0.0
2024-11-27 00:00:00-05:00,182.80069776496447,182.85020270854073,178.64253931995077,178.8009490966797,2726200,0.0,0.0
2024-11-29 00:00:00-05:00,179.64249443928009,181.1473572866525,179.3256899542904,180.34542846679688,2054700,0.0,0.0
2024-12-02 00:00:00-05:00,178.99899264666718,179.8306214949602,177.63273446247783,178.642578125,2817700,0.0,0.0
2024-12-03 00:00:00-05:00,179.19696359218506,180.42461673700623,178.11782528236958,178.9197540283203,2882300,0.0,0.0
2024-12-04 00:00:00-05:00,178.701943960602,181.07803024755677,176.22684778386235,180.8305206298828,3713400,0.0,0.0
2024-12-05 00:00:00-05:00,178.5336449084135,178.96926426645274,170.98955635608078,171.18756103515625,7547300,0.0,0.0
2024-12-06 00:00:00-05:00,171.57367654393494,174.07847276188994,170.72224282235572,173.83096313476562,6899600,0.0,0.0
2024-12-09 00:00:00-05:00,173.25672216785236,174.61306995865164,169.06886391335271,169.61338806152344,6500800,0.0,0.0
2024-12-10 00:00:00-05:00,169.30646888599617,171.43506060487,168.91045955107387,169.5638885498047,5100300,0.0,0.0
2024-12-11 00:00:00-05:00,171.44497163043187,171.44497163043187,166.25716425838138,166.96009826660156,7606400,0.0,0.0
2024-12-12 00:00:00-05:00,166.96009362011532,167.59371766185663,162.8118298486637,163.18804931640625,7808600,0.0,0.0
2024-12-13 00:00:00-05:00,163.9998782456393,166.19776501482323,163.89097340187652,164.35629272460938,4957100,0.0,0.0
2024-12-16 00:00:00-05:00,164.66319249760315,167.51449279202427,163.80184882452912,164.13845825195312,7436000,0.0,0.0
2024-12-17 00:00:00-05:00,164.1483917236328,164.8513106219649,161.90100002476825,164.1483917236328,4855100,0.0,0.0
2024-12-18 00:00:00-05:00,164.34641086467778,164.97014002924075,158.01016974152685,158.35667419433594,8059100,0.0,0.0
2024-12-19 00:00:00-05:00,161.40599834813708,164.11870966148393,160.5644594610168,163.1583709716797,6257600,0.0,0.0
2024-12-20 00:00:00-05:00,162.33660126803025,167.395698208851,161.53467256327576,166.69276428222656,9281500,0.0,0.0
2024-12-23 00:00:00-05:00,166.4452600383395,167.6432132145657,164.8909075212197,167.3363037109375,4127700,0.0,0.0
2024-12-24 00:00:00-05:00,167.5541361977829,169.78172302246094,167.16802175244362,169.78172302246094,2235700,0.0,0.0
2024-12-26 00:00:00-05:00,169.31637125169843,170.94992856757304,168.43523768073078,170.4351043701172,3309700,0.0,0.0
2024-12-27 00:00:00-05:00,169.29472096080175,170.03845947891747,167.56924215146967,168.66006469726562,3188400,0.28,0.0
2024-12-30 00:00:00-05:00,165.804114141609,167.81716531058754,164.62404653260782,166.6966094970703,4117500,0.0,0.0
2024-12-31 00:00:00-05:00,167.09325243860232,167.1428380323713,164.76286571405043,165.39752197265625,2806900,0.0,0.0
2025-01-02 00:00:00-05:00,166.51810573593443,169.27489549132125,165.82395276360677,167.18251037597656,4148000,0.0,0.0
2025-01-03 00:00:00-05:00,167.80725322746986,171.18878817550402,167.58908870621607,170.52438354492188,3975500,0.0,0.0
2025-01-06 00:00:00-05:00,171.70442207111032,172.2299960665213,169.75086773669645,171.01026916503906,4980300,0.0,0.0
2025-01-07 00:00:00-05:00,170.7821997106148,172.24983949763072,169.35421932048084,170.87144470214844,6496400,0.0,0.0
2025-01-08 00:00:00-05:00,170.5640403586102,172.13085138232353,169.28481671373643,171.4466094970703,4527700,0.0,0.0
2025-01-10 00:00:00-05:00,170.96070161965392,172.01186485284057,169.31457173473913,170.2566375732422,5131200,0.0,0.0
2025-01-13 00:00:00-05:00,168.09481972719806,171.07970006066674,167.58908297145183,170.13763427734375,5610800,0.0,0.0
2025-01-14 00:00:00-05:00,171.66479078310297,176.41479478297174,170.9607115643353,175.38348388671875,6432700,0.0,0.0
2025-01-15 00:00:00-05:00,177.57503495004406,179.36992167914795,177.38661875082974,178.7848358154297,7397000,0.0,0.0
2025-01-16 00:00:00-05:00,180.1632166386398,181.35321040757506,177.1287658169334,178.2394256591797,6144700,0.0,0.0
2025-01-17 00:00:00-05:00,179.27073024832842,181.66061363877444,178.45758400781494,181.32345581054688,5899100,0.0,0.0
2025-01-21 00:00:00-05:00,183.35633174040913,187.73944409900903,182.96958831246198,185.93463134765625,7508400,0.0,0.0
2025-01-22 00:00:00-05:00,186.50981437876752,187.66013374070081,185.0520854754247,186.7874755859375,7457800,0.0,0.0
2025-01-23 00:00:00-05:00,199.71857792879734,205.91639893119796,196.44614054464898,199.12359619140625,14403500,0.0,0.0
2025-01-24 00:00:00-05:00,200.80941768583227,201.30524340851335,193.88769483399665,195.107421875,7835700,0.0,0.0
2025-01-27 00:00:00-05:00,192.71752413869822,194.98841425576137,191.13089102122,192.83653259277344,7674800,0.0,0.0
2025-01-28 00:00:00-05:00,193.66950965011534,194.90907382461506,190.18880376402504,192.8067626953125,4858800,0.0,0.0
2025-01-29 00:00:00-05:00,193.30260540940176,198.270788742957,193.30260540940176,197.43780517578125,5595800,0.0,0.0
2025-01-30 00:00:00-05:00,198.14185357155233,204.21075498381916,197.8146068106989,203.85377502441406,6282100,0.0,0.0
2025-01-31 00:00:00-05:00,204.12152118893704,204.151269520519,201.37465769687205,201.8704833984375,5507800,0.0,0.0
2025-02-03 00:00:00-05:00,198.33028733187092,203.02079439047765,197.3088875626238,202.40597534179688,4678300,0.0,0.0
2025-02-04 00:00:00-05:00,201.23581926778044,202.83237868994215,198.7566906701008,200.49208068847656,5413800,0.0,0.0
2025-02-05 00:00:00-05:00,202.177886859791,203.5661927300528,200.10532398942988,202.87203979492188,3239400,0.0,0.0
2025-02-06 00:00:00-05:00,203.28854306775864,204.37936569287731,202.35638830291174,204.33969116210938,3113200,0.0,0.0
2025-02-07 00:00:00-05:00,204.7561712482033,206.10481772065992,202.79270576657055,203.56619262695312,3954400,0.0,0.0
2025-02-10 00:00:00-05:00,204.41903139477847,204.9346943908605,201.70190094660066,203.5067138671875,3787500,0.0,0.0
2025-02-11 00:00:00-05:00,203.288544407152,207.40389181454162,202.73322202394183,207.07666015625,4110900,0.0,0.0
2025-02-12 00:00:00-05:00,204.9743434584303,209.6549393250034,204.4190210897521,207.88980102539062,4595200,0.0,0.0
2025-02-13 00:00:00-05:00,209.35743577657615,209.53594089438917,204.54793563317094,206.6204833984375,3763300,0.0,0.0
2025-02-14 00:00:00-05:00,206.91799345700767,207.4138191778585,203.25879721610445,206.53125,4268500,0.0,0.0
2025-02-18 00:00:00-05:00,208.1178878921811,210.41852655156254,207.572491692142,208.32614135742188,4396000,0.0,0.0
2025-02-19 00:00:00-05:00,207.29478192568212,210.0119119458843,207.13612921690822,208.7425994873047,2699100,0.0,0.0
2025-02-20 00:00:00-05:00,207.97903963496685,208.52445092010078,205.4205772594834,206.997314453125,2969100,0.0,0.0
2025-02-21 00:00:00-05:00,206.62048246166788,207.37413206432996,196.7833025726191,198.1616973876953,5419500,0.0,0.0
2025-02-24 00:00:00-05:00,200.9383275716839,201.55314659625196,195.78172819817314,197.05105590820312,4299100,0.0,0.0
2025-02-25 00:00:00-05:00,197.31879688966453,198.40961951293062,193.21336058335388,197.60638427734375,4121400,0.0,0.0
2025-02-26 00:00:00-05:00,200.0755910301188,202.8918926469333,198.32037885888127,199.92684936523438,3157400,0.0,0.0
2025-02-27 00:00:00-05:00,202.71337996319343,203.7546169727818,199.4211051414413,199.7483367919922,3480200,0.0,0.0
2025-02-28 00:00:00-05:00,200.26402343413247,205.5892024389716,199.35170584240583,205.2520294189453,6117400,0.0,0.0
2025-03-03 00:00:00-05:00,205.36108723433838,206.73948209145897,199.13351757886122,200.27392578125,5376400,0.0,0.0
2025-03-04 00:00:00-05:00,196.34698932360737,201.34490603039208,191.6465559500714,197.11056518554688,6164200,0.0,0.0
2025-03-05 00:00:00-05:00,197.20971813520163,202.76297228286202,197.03122813807408,200.80941772460938,6221200,0.0,0.0
2025-03-06 00:00:00-05:00,197.33862229442528,198.5484381742799,193.6496779937864,194.4132537841797,5621400,0.0,0.0
2025-03-07 00:00:00-05:00,193.4414596817064,194.11577541881184,186.11314078598315,192.2316436767578,7681300,0.0,0.0
2025-03-10 00:00:00-04:00,187.9694913662113,190.95992484283886,186.6878878473352,190.87049865722656,6195000,0.36,0.0
2025-03-11 00:00:00-04:00,188.6947773597592,192.42038912402126,187.09526259547363,190.47314453125,5356700,0.0,0.0
2025-03-12 00:00:00-04:00,193.65232998674307,195.96717857947718,191.17851832062007,193.7318115234375,4735000,0.0,0.0
2025-03-13 00:00:00-04:00,193.28473132483163,194.34776461006504,190.4234567874032,191.1685791015625,3837200,0.0,0.0
2025-03-14 00:00:00-04:00,194.09940512591962,196.41425377542052,192.34092724692366,195.82809448242188,3263200,0.0,0.0
2025-03-17 00:00:00-04:00,195.71879395219332,202.27587636162067,195.05315317261892,200.71607971191406,3733000,0.0,0.0
2025-03-18 00:00:00-04:00,200.48758723776007,200.6664093227062,198.22241653779218,199.48414611816406,3983100,0.0,0.0
2025-03-19 00:00:00-04:00,200.0107030333992,205.47493324729984,200.0107030333992,204.23306274414062,3564000,0.0,0.0
2025-03-20 00:00:00-04:00,203.6667777548651,204.82916681363676,201.78907001999508,202.60372924804688,3970800,0.0,0.0
2025-03-21 00:00:00-04:00,201.28239603280298,202.981266550595,199.51397348374698,202.8024444580078,7976300,0.0,0.0
2025-03-24 00:00:00-04:00,205.57427648250393,209.5085289582092,204.26286909697035,208.8627471923828,4043900,0.0,0.0
2025-03-25 00:00:00-04:00,209.39922585367407,211.37627384953515,208.882603517067,210.75038146972656,4315200,0.0,0.0
2025-03-26 00:00:00-04:00,210.90936321692107,212.81688981835438,205.34579196799297,206.0213623046875,4791100,0.0,0.0
2025-03-27 00:00:00-04:00,205.01792017563778,206.33927222267275,201.48107537463702,204.54104614257812,3301900,0.0,0.0
2025-03-28 00:00:00-04:00,204.26287911326432,205.51467920077806,198.29195566101833,198.580078125,5178400,0.0,0.0
2025-03-31 00:00:00-04:00,196.245356477963,200.25909070553243,193.18538553165905,198.8483123779297,6923100,0.0,0.0
2025-04-01 00:00:00-04:00,198.26214448668756,203.17001926011304,197.17923701987732,202.46463012695312,3854000,0.0,0.0
2025-04-02 00:00:00-04:00,198.1826722111829,200.87505432351267,197.13949788250744,198.47079467773438,6026500,0.0,0.0
2025-04-03 00:00:00-04:00,188.60534749519906,192.88731443010775,185.5056436677026,186.40972900390625,12750500,0.0,0.0
2025-04-04 00:00:00-04:00,178.51142169105717,181.9687999968927,164.34416881658026,165.72512817382812,18167100,0.0,0.0
2025-04-07 00:00:00-04:00,162.14855531548722,174.19965642827293,158.32358808332899,166.60934448242188,18545500,0.0,0.0
2025-04-08 00:00:00-04:00,174.85538015350141,177.1901029409632,165.27807471056676,168.26849365234375,11903400,0.0,0.0
2025-04-09 00:00:00-04:00,164.73163846910094,187.88010801596744,164.62235325685424,186.0520782470703,12548600,0.0,0.0
2025-04-10 00:00:00-04:00,180.71702238716674,184.20420509567526,174.81566541806535,180.32955932617188,8150900,0.0,0.0
2025-04-11 00:00:00-04:00,177.84582079797502,183.05174843617777,173.91158275377217,180.488525390625,6491100,0.0,0.0
2025-04-14 00:00:00-04:00,184.14456238827708,186.38985877757847,182.634443627211,184.7903289794922,5319100,0.0,0.0
2025-04-15 00:00:00-04:00,182.68412671459976,187.214467968089,181.10445588420885,184.4624786376953,4999300,0.0,0.0
2025-04-16 00:00:00-04:00,182.8728869283516,184.67111296031067,180.10102352387014,181.26341247558594,5128000,0.0,0.0
2025-04-17 00:00:00-04:00,182.19731216539856,183.04179020618682,180.40901553520456,180.6077117919922,4932000,0.0,0.0
2025-04-21 00:00:00-04:00,178.12396790241826,179.61421254438898,174.8752454977998,177.19009399414062,8501600,0.0,0.0
2025-04-22 00:00:00-04:00,185.28708285947042,188.76432033940685,180.9157046627998,187.94964599609375,13041000,0.0,0.0
2025-04-23 00:00:00-04:00,194.6656912533653,195.7485987145029,191.31761316398206,192.42037963867188,7235700,0.0,0.0
2025-04-24 00:00:00-04:00,193.06615840070762,196.41423643793306,192.78798061978662,196.12612915039062,5906300,0.0,0.0
2025-04-25 00:00:00-04:00,197.4077441392576,198.68936306570242,195.9771068072043,197.13949584960938,4390600,0.0,0.0
2025-04-28 00:00:00-04:00,198.20252475754853,200.1696433149791,197.30838409313955,199.55368041992188,3416900,0.0,0.0
2025-04-29 00:00:00-04:00,199.18611541448018,201.1134858582531,198.35156684716296,199.196044921875,3444200,0.0,0.0
2025-04-30 00:00:00-04:00,197.30841157936584,200.71609730841112,195.57972220653357,200.22927856445312,4436300,0.0,0.0
2025-05-01 00:00:00-04:00,200.93464144543697,203.905201058237,199.55368209330652,202.28579711914062,4687600,0.0,0.0
2025-05-02 00:00:00-04:00,204.97818267655143,207.3625679512336,204.22311571724563,206.3491973876953,3831700,0.0,0.0
2025-05-05 00:00:00-04:00,204.9682457816698,209.15087241674274,204.31253450042848,207.58114624023438,4466500,0.0,0.0
2025-05-06 00:00:00-04:00,204.68015487510584,208.46537414602395,204.580799160459,207.24337768554688,3169600,0.0,0.0
2025-05-07 00:00:00-04:00,207.5414083994785,209.26016822302847,206.8658380703434,208.55477905273438,3968300,0.0,0.0
2025-05-08 00:00:00-04:00,209.62773912472503,215.39002124158046,209.1409204342479,213.0950469970703,5870300,0.0,0.0
2025-05-09 00:00:00-04:00,213.81037056420098,214.71444078237502,211.34648853526215,213.56199645996094,3778200,0.0,0.0
2025-05-12 00:00:00-04:00,217.91350976571215,218.54934689334374,209.77677133772724,217.5260467529297,5468000,0.0,0.0
2025-05-13 00:00:00-04:00,218.5692203136226,222.09613576423024,217.87377582635347,220.13894653320312,7188700,0.0,0.0
2025-05-14 00:00:00-04:00,221.4900950137857,221.89743218559036,219.01628346257831,221.78814697265625,4764700,0.0,0.0
2025-05-15 00:00:00-04:00,221.99677244636857,228.59358808154283,221.99677244636857,227.88821411132812,7207700,0.0,0.0
2025-05-16 00:00:00-04:00,227.58023146649927,230.8090948210076,226.1098458547994,230.27259826660156,4651700,0.0,0.0
2025-05-19 00:00:00-04:00,228.00744291572644,234.33601066324533,227.43121313627017,233.75978088378906,4734400,0.0,0.0
2025-05-20 00:00:00-04:00,232.63712823014137,234.54463956104783,232.2794689081244,233.72996520996094,4311000,0.0,0.0
2025-05-21 00:00:00-04:00,233.3325712406803,235.75670494589738,231.14688213516655,232.02114868164062,4631000,0.0,0.0
2025-05-22 00:00:00-04:00,229.68643000956442,230.9382299881563,227.92793717618048,228.7724151611328,6909400,0.0,0.0
2025-05-23 00:00:00-04:00,227.35173855574394,232.17020271098772,226.52713463023036,231.2760467529297,4234200,0.0,0.0
2025-05-27 00:00:00-04:00,233.8889422723927,240.70432881228925,233.57103127799536,240.20758056640625,7162400,0.0,0.0
2025-05-28 00:00:00-04:00,240.20757366297906,244.40012995050398,240.02875157618607,242.0852813720703,9570500,0.0,0.0
2025-05-29 00:00:00-04:00,242.93967133322752,243.34700849192177,239.91944897410954,242.57208251953125,5243700,0.0,0.0
2025-05-30 00:00:00-04:00,241.80709943259788,245.25453331365276,240.72419194453988,244.3107147216797,9143000,0.0,0.0
2025-06-02 00:00:00-04:00,244.25110974263336,246.4864767683699,242.9198129704901,245.87049865722656,5450800,0.0,0.0
2025-06-03 00:00:00-04:00,245.89037951325892,248.87086896190448,242.5919639135056,247.25146484375,6456200,0.0,0.0
2025-06-04 00:00:00-04:00,248.35424191350177,251.41421284284567,248.0959382902099,249.24839782714844,5811500,0.0,0.0
2025-06-05 00:00:00-04:00,250.83795648768694,251.3645083452181,248.48337496780036,250.28160095214844,4188200,0.0,0.0
2025-06-06 00:00:00-04:00,251.3545983016263,255.7955285831979,250.43065389275495,253.96749877929688,5796700,0.0,0.0
2025-06-09 00:00:00-04:00,252.36797448163063,253.65952290881734,249.5066998318081,249.7749481201172,5771600,0.0,0.0
2025-06-10 00:00:00-04:00,249.1490295048176,249.61597403218926,238.1907652705169,240.42613220214844,11230900,0.0,0.0
2025-06-11 00:00:00-04:00,241.0619887948751,245.35390092726948,236.9588434219453,243.9232635498047,6940800,0.0,0.0
2025-06-12 00:00:00-04:00,238.43914398443283,241.84682947395848,237.12772141593325,238.42921447753906,8946600,0.0,0.0
2025-06-13 00:00:00-04:00,233.47164851283563,236.45213764278674,232.18010019127982,235.06124877929688,7420300,0.0,0.0
2025-06-16 00:00:00-04:00,236.05475161250732,238.379529559164,234.53470332742012,235.0016326904297,4505600,0.0,0.0
2025-06-17 00:00:00-04:00,235.19040386563546,237.41584130958677,233.352444579649,234.21678161621094,5720500,0.0,0.0
2025-06-18 00:00:00-04:00,234.42543276650386,237.96227775961765,230.72962470055165,234.3558807373047,7761100,0.0,0.0
2025-06-20 00:00:00-04:00,238.16097751265224,239.2339555307135,234.97184714011843,237.81324768066406,9142100,0.0,0.0
2025-06-23 00:00:00-04:00,237.6840924386333,246.8441307771566,237.06811434076982,246.19834899902344,8052000,0.0,0.0
2025-06-24 00:00:00-04:00,246.76464384436306,247.76806976377927,243.97292135012657,247.13223266601562,5255700,0.0,0.0
2025-06-25 00:00:00-04:00,248.45360226453943,249.35768770227762,246.86400182806685,248.27476501464844,5197400,0.0,0.0
2025-06-26 00:00:00-04:00,249.54642156493367,253.81845916973418,248.37410307500468,249.3675994873047,6790300,0.0,0.0
2025-06-27 00:00:00-04:00,250.21210810460002,258.8555097573074,250.14255607064717,252.85479736328125,26988000,0.0,0.0
2025-06-30 00:00:00-04:00,254.64307131415578,256.2128126754723,252.2189375635724,255.716064453125,8135800,0.0,0.0
2025-07-01 00:00:00-04:00,254.08672449528257,254.08672449528257,245.50291552340764,247.40049743652344,7178300,0.0,0.0
2025-07-02 00:00:00-04:00,246.38711226777963,247.50976807392746,242.07534144138606,243.1582489013672,6228600,0.0,0.0
2025-07-03 00:00:00-04:00,243.95304675790788,247.08255438880047,243.40662069993635,245.27439880371094,3089500,0.0,0.0
2025-07-07 00:00:00-04:00,246.26935089730867,248.1796478213088,245.23459724158542,247.3936309814453,5336400,0.36,0.0
2025-07-08 00:00:00-04:00,246.74692416971774,248.19955387098332,242.11046622518103,245.80172729492188,5994500,0.0,0.0
2025-07-09 00:00:00-04:00,247.73191413735364,250.4481158010731,245.5728804885828,249.0651397705078,5589500,0.0,0.0
2025-07-10 00:00:00-04:00,249.34373517780918,251.4032681259183,245.50323812011143,251.29383850097656,5462500,0.0,0.0
2025-07-11 00:00:00-04:00,250.22923364640076,255.58205471534734,250.12973284861675,254.12942504882812,7867200,0.0,0.0
2025-07-14 00:00:00-04:00,254.89554564348097,261.13385414728003,254.7065032315433,261.01446533203125,7502200,0.0,0.0
2025-07-15 00:00:00-04:00,262.58649219746377,263.7207162761735,260.41748411119335,263.33270263671875,9392400,0.0,0.0
2025-07-16 00:00:00-04:00,262.66607476611944,265.5116093349964,260.7060274633673,264.8350524902344,11912900,0.0,0.0
2025-07-17 00:00:00-04:00,268.4367297150746,271.4215711738636,256.8555606439295,258.96484375,16260200,0.0,0.0
2025-07-18 00:00:00-04:00,264.0590008558239,268.33729235867764,261.2333542368941,261.93975830078125,8619800,0.0,0.0
2025-07-21 00:00:00-04:00,262.35765308741713,264.9047157183996,258.2684039403268,261.5318298339844,5208500,0.0,0.0
2025-07-22 00:00:00-04:00,259.4125842166,260.17868259974887,253.37324766216003,257.6913146972656,4751300,0.0,0.0
2025-07-23 00:00:00-04:00,259.21364569876886,262.3974895338422,258.63658956489667,261.8502502441406,4689800,0.0,0.0
2025-07-24 00:00:00-04:00,262.2282953366708,268.47656286537756,261.8502105227287,266.65582275390625,5206700,0.0,0.0
2025-07-25 00:00:00-04:00,267.4716785605547,271.4514678983585,266.9045816560888,270.2177429199219,4598400,0.0,0.0
2025-07-28 00:00:00-04:00,271.9787808715205,272.0583936594587,266.08870982614127,269.24267578125,5006400,0.0,0.0
2025-07-29 00:00:00-04:00,271.351999797225,272.416570378103,267.76022409990316,268.9442138671875,4125300,0.0,0.0
2025-07-30 00:00:00-04:00,269.5511303222624,272.247428947963,268.14825101456046,272.1678161621094,4697000,0.0,0.0
2025-07-31 00:00:00-04:00,271.6902623749102,273.55080893953254,268.51637810700805,269.7102966308594,4524000,0.0,0.0
2025-08-01 00:00:00-04:00,264.18836754402076,269.18299228965344,260.3876613954459,268.0189208984375,4416300,0.0,0.0
2025-08-04 00:00:00-04:00,269.14319007137186,275.4511519870848,268.8546468673852,274.83428955078125,3744000,0.0,0.0
2025-08-05 00:00:00-04:00,274.864121593285,275.60037280073135,267.262710454973,270.7450256347656,4000600,0.0,0.0
2025-08-06 00:00:00-04:00,272.1181033529099,273.6602596177831,268.54624596895854,270.9042663574219,3576800,0.0,0.0
2025-08-07 00:00:00-04:00,270.57591509918046,271.49124955999173,267.37218375958065,270.6455383300781,3050400,0.0,0.0
2025-08-08 00:00:00-04:00,272.19768559638135,275.7795021677882,271.20273823562303,273.6204833984375,4467300,0.0,0.0
2025-08-11 00:00:00-04:00,273.7597436942833,275.01338700935304,271.172874639982,273.80950927734375,3360100,0.0,0.0
2025-08-12 00:00:00-04:00,274.6452752225162,279.12253830121296,274.30699676684293,278.2171325683594,3630100,0.0,0.0
2025-08-13 00:00:00-04:00,279.5802010986601,280.07767476609547,262.7456788327597,267.50152587890625,7599600,0.0,0.0
2025-08-14 00:00:00-04:00,271.61069658061143,272.7747984652365,268.11845165350985,268.33734130859375,4481700,0.0,0.0
2025-08-15 00:00:00-04:00,267.5612439753589,268.3373016626534,263.86996759348193,266.49664306640625,5203300,0.0,0.0
2025-08-18 00:00:00-04:00,266.5463277597162,268.24767883562436,265.16336704987754,267.09356689453125,2697000,0.0,0.0
2025-08-19 00:00:00-04:00,264.96441906926873,267.6010234016487,262.46709157310255,264.5863342285156,3404900,0.0,0.0
2025-08-20 00:00:00-04:00,264.1187211611228,267.5811489503257,262.47706406818617,265.0937805175781,3854700,0.0,0.0
2025-08-21 00:00:00-04:00,265.7902506526739,270.54609778901835,264.79530329893333,267.352294921875,3266400,0.0,0.0
2025-08-22 00:00:00-04:00,268.36713191052127,270.9738888399711,265.0240933710656,265.18328857421875,5229300,0.0,0.0
2025-08-25 00:00:00-04:00,265.6509224296485,270.5460763826219,265.21314319957037,265.26287841796875,4301600,0.0,0.0
2025-08-26 00:00:00-04:00,266.62600002051096,273.3120473828287,266.0688319372664,272.5558776855469,4693500,0.0,0.0
2025-08-27 00:00:00-04:00,272.31707916891895,273.31202643608583,270.85450547164845,271.9688415527344,2705700,0.0,0.0
2025-08-28 00:00:00-04:00,271.1231530230978,275.27209683475286,270.7550273615381,274.60546875,3388100,0.0,0.0
2025-08-29 00:00:00-04:00,274.6054549724909,274.88403900213063,270.26749931618946,273.80950927734375,5037100,0.0,0.0
2025-09-02 00:00:00-04:00,272.51607347315564,274.1875777362795,266.65584936242556,273.9985656738281,4081200,0.0,0.0
2025-09-03 00:00:00-04:00,274.51587858888655,275.91875774868504,272.2175530446191,274.5357666015625,4120400,0.0,0.0
2025-09-04 00:00:00-04:00,274.4362872655678,280.933291609109,274.4362872655678,280.84375,4591300,0.0,0.0
2025-09-05 00:00:00-04:00,280.8437708421132,282.9729726946539,270.48636553252715,277.81915283203125,4952600,0.0,0.0
2025-09-08 00:00:00-04:00,278.5852047944604,281.4904638614888,274.0979833866688,274.6551513671875,5008600,0.0,0.0
2025-09-09 00:00:00-04:00,273.98859815947515,275.67999038741937,271.91909072796585,274.84423828125,3073600,0.0,0.0
2025-09-10 00:00:00-04:00,276.1475902957098,282.05757924432584,275.4909518466455,281.9779968261719,3206400,0.0,0.0
2025-09-11 00:00:00-04:00,282.29643937481455,285.46036484921314,278.1773425258394,280.13739013671875,4016800,0.0,0.0
2025-09-12 00:00:00-04:00,280.13734511467027,282.0973924105422,279.2817050546007,280.2666931152344,3249700,0.0,0.0
2025-09-15 00:00:00-04:00,280.56515743923615,285.65928235816637,280.1970318252057,285.3309631347656,3716600,0.0,0.0
2025-09-16 00:00:00-04:00,288.4053728324333,293.2507613897994,287.38057831432536,291.4897155761719,5538400,0.0,0.0
2025-09-17 00:00:00-04:00,290.614171992804,291.2310345005244,285.0524198700109,288.0372619628906,4149600,0.0,0.0
2025-09-18 00:00:00-04:00,289.24109903910227,296.14603520396946,288.74362542701317,295.5888671875,3977500,0.0,0.0
2025-09-19 00:00:00-04:00,296.2853894353662,301.49890400160496,293.86764422054364,299.61846923828125,9652600,0.0,0.0
2025-09-22 00:00:00-04:00,298.58368893073254,299.6283714438302,294.852636579124,299.4990234375,4192800,0.0,0.0
2025-09-23 00:00:00-04:00,300.1258531284885,304.22503123042947,299.6283794682843,304.08575439453125,3637400,0.0,0.0
2025-09-24 00:00:00-04:00,305.3493118802578,305.6975494983349,297.2803040741063,298.78265380859375,5645500,0.0,0.0
2025-09-25 00:00:00-04:00,296.99177402450647,298.7229726392212,293.38011040687127,295.6784362792969,4504500,0.0,0.0
2025-09-26 00:00:00-04:00,298.4145028336728,300.4740508002096,291.2707893104681,293.4895324707031,3817600,0.0,0.0
2025-09-29 00:00:00-04:00,295.22283176247646,296.7868148609162,288.5485583622714,292.5033264160156,3860800,0.36,0.0
2025-09-30 00:00:00-04:00,293.5791995322827,300.3132713770274,292.78228126447715,299.665771484375,4112400,0.0,0.0
2025-10-01 00:00:00-04:00,295.2427914532205,301.0703510171771,293.89796533838717,299.72552490234375,3633300,0.0,0.0
2025-10-02 00:00:00-04:00,301.150037005904,302.27570607085073,295.66116909474846,298.301025390625,2508200,0.0,0.0
2025-10-03 00:00:00-04:00,298.3109650787543,301.58834987858734,294.3263130572371,295.86041259765625,2817000,0.0,0.0
2025-10-06 00:00:00-04:00,294.66501668271434,298.14164638364946,293.6190576451895,297.07574462890625,2759800,0.0,0.0
2025-10-07 00:00:00-04:00,296.9262830176989,301.5783467382885,296.74698099174225,300.5821838378906,2578800,0.0,0.0
2025-10-08 00:00:00-04:00,302.2358516508586,303.5009981319476,298.4404730085566,301.3990783691406,2658600,0.0,0.0
2025-10-09 00:00:00-04:00,301.548509281697,302.8335681322886,294.96388609315807,298.201416015625,4292500,0.0,0.0
2025-10-10 00:00:00-04:00,297.8527455875197,298.84890861624046,290.3715515136719,290.3715515136719,3380000,0.0,0.0
2025-10-13 00:00:00-04:00,294.86426893460697,296.4381932101394,291.9953144268414,296.3883972167969,2604100,0.0,0.0
2025-10-14 00:00:00-04:00,293.7087043146322,301.13013105331567,290.8895763140492,298.9285888671875,2516500,0.0,0.0
2025-10-15 00:00:00-04:00,300.3829790463812,303.7798982927733,294.5853034856599,298.9684143066406,2773000,0.0,0.0
2025-10-16 00:00:00-04:00,300.5125094981572,301.8871889196472,296.6175084693959,298.68951416015625,2623100,0.0,0.0
2025-10-17 00:00:00-04:00,297.02593050697,301.7975293150592,296.1990982054472,298.9883728027344,3949300,0.0,0.0
2025-10-20 00:00:00-04:00,302.6940807906284,304.2580640287935,300.51251174436686,301.51861572265625,5058700,0.0,0.0
2025-10-21 00:00:00-04:00,306.1208728684687,315.3154681563276,301.86726787033047,305.4534606933594,6726600,0.0,0.0
2025-10-22 00:00:00-04:00,306.4197434500671,307.8143655634621,293.66883886928497,296.74700927734375,5212200,0.0,0.0
2025-10-23 00:00:00-04:00,298.00214543445765,305.91168182279085,297.5339476240482,305.2143859863281,3091000,0.0,0.0
2025-10-24 00:00:00-04:00,308.00366594045863,309.10939236990953,302.4052342803364,302.7040710449219,3586800,0.0,0.0
2025-10-27 00:00:00-04:00,306.3101699796454,312.12775860936404,303.33165215462355,311.6396484375,4244400,0.0,0.0
2025-10-28 00:00:00-04:00,310.90248300917654,315.4549552830748,308.2626570999682,308.6013488769531,3058100,0.0,0.0
2025-10-29 00:00:00-04:00,308.8105203884087,313.9108699255854,307.8342697346205,313.0740966796875,3596800,0.0,0.0
2025-10-30 00:00:00-04:00,309.21895593810865,313.6319506672014,307.31628098798586,309.5576477050781,3782000,0.0,0.0
2025-10-31 00:00:00-04:00,310.54382963885854,313.71165093783196,306.00132899938365,307.7645568847656,4023800,0.0,0.0
2025-11-03 00:00:00-05:00,307.91402128450017,310.49408007377417,305.1048340373115,307.43585205078125,3297600,0.0,0.0
2025-11-04 00:00:00-05:00,304.6465549636273,308.0434742076113,301.9071069023963,303.03277587890625,3938200,0.0,0.0
2025-11-05 00:00:00-05:00,302.28566623721156,307.3561321203847,301.3392992529189,303.93927001953125,4711100,0.0,0.0
2025-11-06 00:00:00-05:00,302.56459422231546,306.84808289541553,300.2833724757061,304.0986633300781,3467800,0.0,0.0
2025-11-07 00:00:00-05:00,302.8634147317226,307.73466605711906,296.55771675395823,306.0909729003906,4766500,0.0,0.0
2025-11-10 00:00:00-05:00,308.75077693517665,312.5561270673319,307.7347015723455,310.74310302734375,3716400,0.0,0.0
2025-11-11 00:00:00-05:00,309.30861391836095,311.52009701167094,305.8718393812973,309.52777099609375,2682200,0.0,0.0
2025-11-12 00:00:00-05:00,309.5875462172283,311.25115185875245,300.841236002448,307.83428955078125,3884500,0.0,0.0
2025-11-13 00:00:00-05:00,308.79063460256515,310.1852567988789,301.4190036782936,303.0029296875,4153300,0.0,0.0
2025-11-14 00:00:00-05:00,299.8151874090832,305.6228044794453,295.1132967063002,303.6504211425781,2803300,0.0,0.0
2025-11-17 00:00:00-05:00,305.6427573759359,307.6350834960051,297.4044694131399,298.9784240722656,3076600,0.0,0.0
2025-11-18 00:00:00-05:00,294.6949046054144,299.92476066938207,292.6228988172364,294.8742370605469,4053600,0.0,0.0
2025-11-19 00:00:00-05:00,294.72478094243434,300.5125161442204,294.3661768420668,299.665771484375,2952600,0.0,0.0
2025-11-20 00:00:00-05:00,304.2282026340148,305.90174933475396,289.3654663052591,289.5049133300781,3733900,0.0,0.0
2025-11-21 00:00:00-05:00,289.5048882341556,290.5907022637423,282.9501490242197,286.33709716796875,5604100,0.0,0.0
2025-11-24 00:00:00-05:00,288.36925049445733,293.688756792505,286.2673309434586,292.92169189453125,11909200,0.0,0.0
2025-11-25 00:00:00-05:00,293.36001532633674,294.8443187835838,285.1117873751476,292.3140563964844,4693100,0.0,0.0
2025-11-26 00:00:00-05:00,294.07727904078337,297.46422725654367,292.3339937414452,295.48187255859375,4113700,0.0,0.0
2025-11-28 00:00:00-05:00,295.87039339989616,297.53396864770997,294.12710808483763,297.30487060546875,1376400,0.0,0.0
2025-12-01 00:00:00-05:00,294.6152089837737,295.2627088574877,286.92482936249746,287.3432312011719,3756300,0.0,0.0
2025-12-02 00:00:00-05:00,289.68420175481765,290.87960957078144,287.35318387412354,288.20989990234375,4255800,0.0,0.0
2025-12-03 00:00:00-05:00,286.93480152701676,288.23977263632486,283.40837596421966,287.383056640625,4059500,0.0,0.0
2025-12-04 00:00:00-05:00,287.7416824118134,293.40985219135916,286.55624603539286,290.7401123046875,4195300,0.0,0.0
2025-12-05 00:00:00-05:00,290.55090719172335,292.1547152039508,281.0674149438206,282.8505554199219,5220300,0.0,0.0
2025-12-08 00:00:00-05:00,283.90647418103885,287.73173671142,282.21298480643196,286.08807373046875,4333200,0.0,0.0
2025-12-09 00:00:00-05:00,286.0980337106458,289.3355635506143,283.6773344490099,284.21527099609375,3553400,0.0,0.0
2025-12-10 00:00:00-05:00,284.3547485022053,284.7830913081285,280.230618974062,282.5118408203125,5807400,0.0,0.0
2025-12-11 00:00:00-05:00,280.99762428274516,288.249689154918,278.56701471613326,287.3133239746094,5971500,0.0,0.0
2025-12-12 00:00:00-05:00,289.8137048256359,302.84353436340643,289.58460678361917,298.6596374511719,9381900,0.0,0.0
2025-12-15 00:00:00-05:00,298.8488836465919,306.87795455519193,298.7592326295556,299.82513427734375,6808600,0.0,0.0
2025-12-16 00:00:00-05:00,296.5178995013228,300.24353961020086,295.7209508146083,297.58380126953125,5271300,0.0,0.0
2025-12-17 00:00:00-05:00,297.97224135632047,300.0741608805533,290.501019617042,291.0588684082031,3802500,0.0,0.0
2025-12-18 00:00:00-05:00,294.8642698632318,301.15005642726396,294.28650865660484,300.5324401855469,4495100,0.0,0.0
2025-12-19 00:00:00-05:00,303.0627034904686,307.246570168478,302.47497092381315,306.03125,8856400,0.0,0.0
2025-12-22 00:00:00-05:00,308.4618747094605,315.1859751303535,304.75614703926016,313.52239990234375,6959900,0.0,0.0
2025-12-23 00:00:00-05:00,313.7913402539266,316.53078846249264,312.9545669946406,314.3193054199219,2724800,0.0,0.0
2025-12-24 00:00:00-05:00,314.77757427009334,315.9430984956313,313.91091722057104,315.53466796875,878500,0.0,0.0
2025-12-26 00:00:00-05:00,315.385206091562,316.8395955327333,313.3331127812644,313.9308166503906,1882300,0.0,0.0
2025-12-29 00:00:00-05:00,312.4947027260106,313.15292590402623,310.41034454658654,310.73944091796875,2773200,0.36,0.0
2025-12-30 00:00:00-05:00,311.0984723099807,312.0857918172751,309.7221903087522,310.9488830566406,3155100,0.0,0.0
2025-12-31 00:00:00-05:00,311.2979331244195,312.5146126289133,307.03943311769603,307.1990051269531,2555700,0.0,0.0
2026-01-02 00:00:00-05:00,308.9143795688359,320.11409506970034,307.82732374171144,319.88470458984375,4340100,0.0,0.0
2026-01-05 00:00:00-05:00,322.94644771209664,328.54129917286525,322.54753286726185,323.4450988769531,5628200,0.0,0.0
2026-01-06 00:00:00-05:00,325.04074737120186,331.89220863570705,320.59275763274536,326.6563720703125,4324700,0.0,0.0
2026-01-07 00:00:00-05:00,327.53401015681976,329.3690425987625,322.07876576814664,322.76690673828125,4656800,0.0,0.0
2026-01-08 00:00:00-05:00,329.2593463606937,329.2593463606937,309.43297188129696,313.59173583984375,5771700,0.0,0.0
2026-01-09 00:00:00-05:00,316.2545173715261,321.43051873724875,314.3397140015223,320.7224426269531,3508000,0.0,0.0
2026-01-12 00:00:00-05:00,319.3362103394308,323.6644986923148,318.5483329963531,323.2955017089844,4125300,0.0,0.0
2026-01-13 00:00:00-05:00,324.67173807884546,327.2048943372919,324.1232340107732,326.34722900390625,2783900,0.0,0.0
2026-01-14 00:00:00-05:00,323.9437226453613,325.41971048994856,315.5065237361564,318.0197448730469,3923600,0.0,0.0
2026-01-15 00:00:00-05:00,319.7251141333734,323.5747165177749,317.0922521065131,319.0768737792969,4044900,0.0,0.0
2026-01-16 00:00:00-05:00,320.85206797986956,324.67172204981824,317.84022626459995,324.2428894042969,4109700,0.0,0.0
2026-01-20 00:00:00-05:00,320.8820245805543,323.0062834124528,308.8246430667273,311.4974060058594,10372200,0.0,0.0
2026-01-21 00:00:00-05:00,312.21545072582376,319.46582737686975,309.8219313302649,317.6407775878906,9783900,0.0,0.0
2026-01-22 00:00:00-05:00,305.0448331430554,309.1636962890625,294.04459058605136,294.20416259765625,13939000,0.0,0.0
2026-01-23 00:00:00-05:00,296.19877040753386,298.303063561442,289.28747306915125,293.07720947265625,7780200,0.0,0.0
2026-01-26 00:00:00-05:00,292.20956731150125,297.9241203183446,289.6564759158863,294.2640075683594,7844800,0.0,0.0
2026-01-27 00:00:00-05:00,294.71277671935616,299.81895900730177,293.80522808404004,296.66748046875,7452200,0.0,0.0
2026-01-28 00:00:00-05:00,296.19877430943393,297.46533723615465,290.36454994053145,291.69097900390625,7541300,0.0,0.0
2026-01-29 00:00:00-05:00,292.5087432751761,298.3828682475336,289.54675431932645,298.0537414550781,6149900,0.0,0.0
2026-01-30 00:00:00-05:00,296.19877408448014,306.7701842297641,295.5804515469404,305.9623718261719,7427800,0.0,0.0
2026-02-02 00:00:00-05:00,304.77560159305494,308.82464666397556,300.20793982608893,307.877197265625,6727200,0.0,0.0
2026-02-03 00:00:00-05:00,309.0540018945908,311.5871276391085,304.1871621546613,309.0938720703125,4588100,0.0,0.0
2026-02-04 00:00:00-05:00,309.17368689568383,310.9389009593701,301.18528596249786,307.5081787109375,6591900,0.0,0.0
2026-02-05 00:00:00-05:00,305.8825666639131,308.39578782963065,301.6839326846185,305.5434875488281,4461900,0.0,0.0
2026-02-06 00:00:00-05:00,309.8518490886484,322.3081448780506,309.38311579770107,320.134033203125,5800600,0.0,0.0
2026-02-09 00:00:00-05:00,320.17391588963835,323.6145903160633,315.53646661517513,315.885498046875,4706400,0.0,0.0
2026-02-10 00:00:00-05:00,316.084963188767,319.20652395908144,315.02782528661714,315.4765930175781,4610600,0.0,0.0
2026-02-11 00:00:00-05:00,318.58820639109973,320.91190717246764,311.9162521036841,312.8836364746094,5241100,0.0,0.0
2026-02-12 00:00:00-05:00,316.9226903452687,324.00354201761314,310.8192057808231,312.0458984375,6163900,0.0,0.0
2026-02-13 00:00:00-05:00,314.3696226827588,325.7986981720331,312.6841794120894,314.5591125488281,4393400,0.0,0.0
2026-02-17 00:00:00-05:00,314.15020372266326,329.50865203983255,313.65155260564313,326.1976013183594,5863600,0.0,0.0
2026-02-18 00:00:00-05:00,329.45879913243436,330.8949167844038,325.6191794439778,328.69085693359375,3988900,0.0,0.0
2026-02-19 00:00:00-05:00,327.15503778315366,334.97388375111785,324.69170001448356,333.8369445800781,4456700,0.0,0.0
2026-02-20 00:00:00-05:00,337.9159261781368,343.3711709968984,335.88145139192744,342.2940979003906,5035400,0.0,0.0
2026-02-23 00:00:00-05:00,341.22694863955155,342.35390501829863,336.09084829128926,338.0754699707031,5045100,0.0,0.0
2026-02-24 00:00:00-05:00,337.06821147740584,345.86439382798517,329.82778770244266,344.7075500488281,6171900,0.0,0.0
2026-02-25 00:00:00-05:00,344.6775985853116,347.53988146369267,337.74636655943186,341.9649658203125,5030300,0.0,0.0
2026-02-26 00:00:00-05:00,341.68571576839975,343.05204544252064,333.90677024440834,339.9205017089844,4722400,0.0,0.0
2026-02-27 00:00:00-05:00,339.70107966082145,342.8724934379391,336.7590563525829,341.336669921875,7055100,0.0,0.0
2026-03-02 00:00:00-05:00,340.52887661458,346.2633647403166,334.42536107862054,344.8072814941406,3981200,0.0,0.0
2026-03-03 00:00:00-05:00,339.7609523031785,340.20975052818756,328.19223912604764,333.2386169433594,5891500,0.0,0.0
2026-03-04 00:00:00-05:00,335.64206490808874,339.3320954604507,332.5205343861417,338.8932800292969,3920400,0.0,0.0
2026-03-05 00:00:00-05:00,335.67197393294833,340.88787559528566,319.92459350556703,326.10784912109375,4825400,0.0,0.0
2026-03-06 00:00:00-05:00,322.79682902173147,323.66447709984175,316.7531494542151,322.2383117675781,4677000,0.0,0.0
2026-03-09 00:00:00-04:00,319.4917669694269,321.5991254907336,309.7339106424785,321.5292053222656,5740100,0.47,0.0
2026-03-10 00:00:00-04:00,321.8588189958862,331.4668379040221,320.1509258788456,326.1134948730469,4146700,0.0,0.0
2026-03-11 00:00:00-04:00,323.8263711335781,325.79391986384024,320.79014715072594,324.7452087402344,3116000,0.0,0.0
2026-03-12 00:00:00-04:00,318.24331362504086,318.24331362504086,300.7551035031341,306.31817626953125,8007200,0.0,0.0
2026-03-13 00:00:00-04:00,306.98732577357026,309.1246761476353,298.6776766879311,299.31689453125,5770600,0.0,0.0
2026-03-16 00:00:00-04:00,303.39179637268995,305.31941669349754,299.77630813756195,303.62152099609375,6327200,0.0,0.0
2026-03-17 00:00:00-04:00,305.02977165768345,305.61903345679843,298.64771250529697,301.7138977050781,4787100,0.0,0.0
2026-03-18 00:00:00-04:00,302.4429967824996,304.59031393919133,299.80626894909636,300.5852966308594,3942400,0.0,0.0
2026-03-19 00:00:00-04:00,295.7313791850233,295.87118904395516,285.77379002359606,291.2469482421875,7128700,0.0,0.0
2026-03-20 00:00:00-04:00,289.63894787303263,293.0646701827757,281.93855541386404,286.4329528808594,10192400,0.0,0.0
2026-03-23 00:00:00-04:00,296.430493954651,299.4567206115587,289.808773412789,291.17706298828125,6473800,0.0,0.0
2026-03-24 00:00:00-04:00,287.3518102852004,292.15581969390774,284.9448069288042,290.2681884765625,5028200,0.0,0.0
2026-03-25 00:00:00-04:00,294.7326220562319,297.4991625787017,292.7251146474605,296.1907958984375,4456600,0.0,0.0
2026-03-26 00:00:00-04:00,291.2169912100566,293.6539560301898,282.32807714297377,284.8848876953125,5890800,0.0,0.0
2026-03-27 00:00:00-04:00,282.6376848555793,284.6152308482871,280.62021060574784,282.4579162597656,4161700,0.0,0.0
2026-03-30 00:00:00-04:00,283.71635763724106,284.35554502722067,270.4528916396187,272.9098205566406,8598600,0.0,0.0
2026-03-31 00:00:00-04:00,277.58399153095905,286.13333256081177,275.456638337951,283.4167175292969,7828800,0.0,0.0
2026-04-01 00:00:00-04:00,289.8486866671743,295.13210927270194,289.62895934294863,292.31561279296875,5242500,0.0,0.0
2026-04-02 00:00:00-04:00,284.53533426427185,288.75005121769277,278.9622641452004,280.8099670410156,5322900,0.0,0.0
2026-04-06 00:00:00-04:00,280.20071621197684,288.43047852443374,278.22320072607744,288.3305969238281,5062800,0.0,0.0
2026-04-07 00:00:00-04:00,285.1445758072592,289.73885527870493,282.7675338362302,288.24072265625,5280500,0.0,0.0
2026-04-08 00:00:00-04:00,309.5341834262042,312.7401786533707,304.9199094190215,307.6764831542969,6432900,0.0,0.0
2026-04-09 00:00:00-04:00,305.61903040438864,314.657750974515,303.7713275560271,312.6302795410156,5470800,0.0,0.0
2026-04-10 00:00:00-04:00,312.69021736362623,313.07974646297913,306.0385355586038,307.96612548828125,3685100,0.0,0.0
2026-04-13 00:00:00-04:00,306.0484969908723,311.7613769902997,303.9411385045844,311.5116882324219,3811500,0.0,0.0
2026-04-14 00:00:00-04:00,314.61782771112314,318.7426908087548,312.63028450084425,317.6040954589844,3530100,0.0,0.0
2026-04-15 00:00:00-04:00,316.04603888992466,318.183358769293,311.0123050879257,313.5391540527344,3993700,0.0,0.0
2026-04-16 00:00:00-04:00,313.1796154534072,313.5591472335197,297.4891523184113,297.91864013671875,7373300,0.0,0.0
2026-04-17 00:00:00-04:00,309.7439034935136,313.60908059739114,303.4717231007491,303.7513732910156,7733100,0.0,0.0
2026-04-20 00:00:00-04:00,303.50169609936177,305.08971300599467,298.03850463735955,303.2220458984375,5315200,0.0,0.0
2026-04-21 00:00:00-04:00,293.2144945937664,303.9211499644972,283.8561646384106,286.373046875,12891500,0.0,0.0
2026-04-22 00:00:00-04:00,286.29313274552834,287.44169497219156,268.5752276793647,275.946044921875,12777700,0.0,0.0
2026-04-23 00:00:00-04:00,276.14577178200346,282.58775399410507,273.01966362411673,281.9884948730469,8591100,0.0,0.0
2026-04-24 00:00:00-04:00,280.26064359405547,285.7737910486682,276.83492104311705,284.2456970214844,9672300,0.0,0.0
2026-04-27 00:00:00-04:00,282.4578977525505,284.5153306042842,279.7512802498572,284.2057189941406,5213300,0.0,0.0
2026-04-28 00:00:00-04:00,283.01720694796217,289.04969584156817,280.2007104584763,288.8399658203125,8417200,0.0,0.0
2026-04-29 00:00:00-04:00,286.8524325533501,289.5790448427004,279.2419238647909,283.21697998046875,9819400,0.0,0.0
2026-04-30 00:00:00-04:00,284.6551732145579,291.2070035971616,284.4753741494988,289.56903076171875,7603400,0.0,0.0
2026-05-01 00:00:00-04:00,288.69013620469093,291.396784346687,285.88363694095005,286.1533203125,3782900,0.0,0.0
2026-05-04 00:00:00-04:00,286.0434302148459,289.47914990499,279.06214241310255,280.1707458496094,6133100,0.0,0.0
2026-05-05 00:00:00-04:00,282.1283366893635,290.2981456598858,281.25939419549826,286.3230895996094,6401100,0.0,0.0
2026-05-06 00:00:00-04:00,300.0559779921962,307.9860956765103,299.48668028790286,305.4492492675781,9168300,0.0,0.0
2026-05-07 00:00:00-04:00,307.6265417171076,309.61405444215643,301.4841739953136,302.25323486328125,5477800,0.0,0.0
2026-05-08 00:00:00-04:00,304.0709900360618,305.029786358833,296.4604508803342,296.7800598144531,3952200,0.0,0.0
2026-05-11 00:00:00-04:00,295.66144925821374,302.69269317864365,292.4854155892309,300.3955383300781,4562000,0.0,0.0
2026-05-12 00:00:00-04:00,299.34687498198787,300.5353959702605,292.9348539319828,297.0797119140625,4393300,0.0,0.0
2026-05-13 00:00:00-04:00,295.6015196714406,298.02848701539034,290.94731769653566,294.34307861328125,4219900,0.0,0.0
2026-05-14 00:00:00-04:00,294.66270844522893,297.47920507075105,288.7201035594202,291.17706298828125,4686200,0.0,0.0
2026-05-15 00:00:00-04:00,287.1320758817647,287.95106232734224,280.95977706717105,281.17950439453125,5022500,0.0,0.0
2026-05-18 00:00:00-04:00,283.03720295265686,286.882385439526,281.6888775644737,285.6339416503906,4696200,0.0,0.0
2026-05-19 00:00:00-04:00,284.4354549913275,287.06218561047484,282.26814315406,284.9248352050781,5239400,0.0,0.0
2026-05-20 00:00:00-04:00,288.64021803236307,300.07597588672536,285.8237213925175,299.79632568359375,6098400,0.0,0.0
2026-05-21 00:00:00-04:00,298.1283871112589,302.5029391757558,294.3830556148863,301.38433837890625,4928300,0.0,0.0
2026-05-22 00:00:00-04:00,302.8724754145756,305.9186661906372,299.8762102002517,302.4629821777344,3502100,0.0,0.0
2026-05-26 00:00:00-04:00,305.96859986908464,314.5878603823855,305.96859986908464,314.09844970703125,5084200,0.0,0.0
2026-05-27 00:00:00-04:00,313.9086827831323,320.0810118176295,311.56163292820173,316.8150634765625,4788100,0.0,0.0
2026-05-28 00:00:00-04:00,316.37561713753706,321.91872579373023,313.8987241915454,320.42059326171875,5022600,0.0,0.0
2026-05-29 00:00:00-04:00,318.9324257102999,325.5142480849269,316.18584941748804,323.35693359375,9345400,0.0,0.0
2026-06-01 00:00:00-04:00,321.0797814834759,325.99363921555926,314.5279508543082,324.1958923339844,4633500,0.0,0.0
2026-06-02 00:00:00-04:00,322.5978884548521,324.6253600330785,316.2657849520193,317.324462890625,4827600,0.0,0.0
2026-06-03 00:00:00-04:00,313.0497728116425,319.15215129330005,310.6128081485732,314.248291015625,4127000,0.0,0.0
2026-06-04 00:00:00-04:00,316.27578467308024,329.0498402041472,315.8562941283583,327.2420959472656,4243400,0.0,0.0
2026-06-05 00:00:00-04:00,326.49300767681507,332.0760445423288,322.1284531464306,327.5916442871094,3951500,0.0,0.0
2026-06-08 00:00:00-04:00,329.15969253127463,331.60662399252953,320.6403136039217,321.6390686035156,3152100,0.0,0.0
2026-06-09 00:00:00-04:00,324.2458251386632,330.8975375164423,319.6215843197884,330.02862548828125,4825300,0.0,0.0
2026-06-10 00:00:00-04:00,329.0797797335522,330.1584522169907,317.8537831322463,318.3132019042969,3777800,0.0,0.0
2026-06-11 00:00:00-04:00,320.1609100808466,332.5055381049794,319.36191824842484,332.3457336425781,4451200,0.0,0.0
2026-06-12 00:00:00-04:00,334.14346889849986,336.44059319660784,328.06105463268335,334.8825378417969,4377500,0.0,0.0
2026-06-15 00:00:00-04:00,343.02244432308237,348.4656412198271,341.5342785281748,341.83392333984375,5252700,0.0,0.0
2026-06-16 00:00:00-04:00,343.6116857134471,352.4406764352244,343.6116857134471,351.2921142578125,5210300,0.0,0.0
2026-06-17 00:00:00-04:00,351.6716220524018,361.8788997672718,349.5642635509099,356.58551025390625,5029400,0.0,0.0
2026-06-18 00:00:00-04:00,362.39826835013537,364.2459712496083,356.65542693367746,357.19476318359375,7763400,0.0,0.0
2026-06-22 00:00:00-04:00,357.1947691850646,360.8302217021374,354.09862244738474,354.6778869628906,5426700,0.0,0.0
2026-06-23 00:00:00-04:00,348.8451633374838,359.4719317207853,347.33703345552203,356.0262145996094,4735200,0.0,0.0
2026-06-24 00:00:00-04:00,356.39574540101574,368.79029912530956,355.21722176698177,365.42449951171875,6453700,0.0,0.0
2026-06-25 00:00:00-04:00,367.1922715085387,379.1973261761022,366.0537066521721,370.89764404296875,7591800,0.0,0.0
2026-06-26 00:00:00-04:00,367.94135976171117,370.9775836928659,363.3670749761275,368.5406188964844,8360900,0.0,0.0
2026-06-29 00:00:00-04:00,367.3620994273791,375.5319086352474,367.0125290548068,373.2447509765625,6071500,0.0,0.0
2026-06-30 00:00:00-04:00,374.1436188412274,376.3508894717533,368.2809315087908,373.2647399902344,4887500,0.0,0.0
2026-07-01 00:00:00-04:00,374.56308985967905,376.2210268324063,370.91764017222425,374.47320556640625,3951400,0.0,0.0
2026-07-02 00:00:00-04:00,379.31718121704097,382.49321489599305,373.90391554572057,377.04998779296875,3274700,0.0,0.0
2026-07-06 00:00:00-04:00,377.1700134277344,380.2900085449219,373.8399963378906,378.67999267578125,4065400,0.47,0.0
2026-07-07 00:00:00-04:00,377.3999938964844,377.8999938964844,363.6300048828125,366.9800109863281,4263100,0.0,0.0
2026-07-08 00:00:00-04:00,360.1199951171875,363.010009765625,354.25,356.0299987792969,4214900,0.0,0.0
2026-07-09 00:00:00-04:00,361.5899963378906,362.260009765625,357.8699951171875,359.0400085449219,3045200,0.0,0.0
2026-07-10 00:00:00-04:00,356.80999755859375,360.69000244140625,353.75,359.2699890136719,2335100,0.0,0.0
2026-07-13 00:00:00-04:00,356.1700134277344,358.70001220703125,352.0299987792969,353.4200134277344,2668900,0.0,0.0
2026-07-14 00:00:00-04:00,355.010009765625,359.20001220703125,352.57000732421875,353.7300109863281,4416200,0.0,0.0
2026-07-15 00:00:00-04:00,355.6000061035156,360.6300048828125,353.3500061035156,360.3500061035156,5429300,0.0,0.0
2026-07-16 00:00:00-04:00,353.2200012207031,354.2699890136719,336.5299987792969,345.7300109863281,6883600,0.0,0.0
2026-07-17 00:00:00-04:00,346.989990234375,357.05999755859375,343.0199890136719,348.8299865722656,5596300,0.0,0.0
2026-07-20 00:00:00-04:00,353.79998779296875,357.1000061035156,339.8900146484375,341.29998779296875,3887100,0.0,0.0
2026-07-21 00:00:00-04:00,345.0,346.25,340.010009765625,340.70001220703125,3938600,0.0,0.0
2026-07-22 00:00:00-04:00,340.7099914550781,345.20001220703125,340.3699951171875,341.19000244140625,4200100,0.0,0.0
2026-07-23 00:00:00-04:00,340.0,349.7200012207031,338.6000061035156,349.0,3823600,0.0,0.0
2026-07-24 00:00:00-04:00,350.239990234375,359.9700012207031,350.20001220703125,353.7300109863281,2956199,0.0,0.0
