Date,Open,High,Low,Close,Volume,Dividends,Stock Splits
2021-08-16 00:00:00-04:00,136.31623668767153,137.14638467025773,134.10980386854092,137.09384155273438,22384000,0.0,0.0
2021-08-17 00:00:00-04:00,136.53926086012802,137.05023283102287,134.8859222967135,135.4603271484375,21716000,0.0,0.0
2021-08-18 00:00:00-04:00,135.30028723233838,135.89948159949586,134.1321478539644,134.25852966308594,19258000,0.0,0.0
2021-08-19 00:00:00-04:00,133.2539190566179,135.15406239448427,133.0700483663603,134.4874725341797,21782000,0.0,0.0
2021-08-20 00:00:00-04:00,134.80467835737872,136.34502089676778,134.06127020467258,136.22161865234375,31194000,0.0,0.0
2021-08-23 00:00:00-04:00,136.75685870008374,139.63632491734674,136.39804086783937,138.81065368652344,28454000,0.0,0.0
2021-08-24 00:00:00-04:00,139.3756318907388,140.83123074253442,139.10503630618481,140.01992797851562,19268000,0.0,0.0
2021-08-25 00:00:00-04:00,140.38022622324365,140.9397636176069,140.13342175774235,140.83023071289062,15848000,0.0,0.0
2021-08-26 00:00:00-04:00,140.50411569948363,141.1657446019955,140.1145645733413,140.1973419189453,20610000,0.0,0.0
2021-08-27 00:00:00-04:00,140.40749322860248,143.24235690353456,140.25335764035904,142.7383270263672,28780000,0.0,0.0
2021-08-30 00:00:00-04:00,143.13084003592397,144.68754743750398,142.89592354953737,143.31967163085938,24434000,0.0,0.0
2021-08-31 00:00:00-04:00,143.8712627569478,143.89553786032653,143.01287695186656,143.4257049560547,22448000,0.0,0.0
2021-09-01 00:00:00-04:00,143.72554217822025,144.96851813744988,143.61006529217806,143.93914794921875,21936000,0.0,0.0
2021-09-02 00:00:00-04:00,143.93963387875368,144.24046361719394,141.92647945415075,142.027587890625,32342000,0.0,0.0
2021-09-03 00:00:00-04:00,141.82294596604638,142.88799546511845,141.14891473928407,142.4761505126953,19850000,0.0,0.0
2021-09-07 00:00:00-04:00,142.57031097305716,143.29438972638894,142.3567051696293,143.01239013671875,20124000,0.0,0.0
2021-09-08 00:00:00-04:00,142.83348703566523,143.13083818572056,141.74314906987232,142.42807006835938,18344000,0.0,0.0
2021-09-09 00:00:00-04:00,142.57624028484273,143.04211051634226,141.9190731671668,142.2793731689453,15314000,0.0,0.0
2021-09-10 00:00:00-04:00,142.94494785456573,143.44651225924972,139.50099932298838,139.63778686523438,36840000,0.0,0.0
2021-09-13 00:00:00-04:00,140.7018679540071,141.6935778474216,140.00852254788668,141.08151245117188,22094000,0.0,0.0
2021-09-14 00:00:00-04:00,141.73865068075114,142.10292843249584,140.50409923851902,141.29161071777344,19674000,0.0,0.0
2021-09-15 00:00:00-04:00,141.51663270038054,143.18087624925593,140.10515271027106,143.16006469726562,27408000,0.0,0.0
2021-09-16 00:00:00-04:00,142.68527016924585,143.03170083482422,141.14988885441545,142.34776306152344,26190000,0.0,0.0
2021-09-17 00:00:00-04:00,141.7733642211635,142.18917178562248,139.23536813670114,139.56246948242188,53384000,0.0,0.0
2021-09-20 00:00:00-04:00,136.9471803209948,137.77831160755642,135.12385505551097,137.50027465820312,46518000,0.0,0.0
2021-09-21 00:00:00-04:00,138.5211835537175,138.78088932420297,137.06262052986705,137.8109893798828,25332000,0.0,0.0
2021-09-22 00:00:00-04:00,138.07962340432297,139.64870264345097,137.33373489370697,139.05050659179688,25056000,0.0,0.0
2021-09-23 00:00:00-04:00,139.7483157407974,140.45108373468472,139.1674677468827,139.9748077392578,20952000,0.0,0.0
2021-09-24 00:00:00-04:00,139.30326368063228,141.07952064576384,139.00837789075337,140.96502685546875,22984000,0.0,0.0
2021-09-27 00:00:00-04:00,139.5669415885207,140.69097726660868,138.83641973309338,139.83209228515625,21882000,0.0,0.0
2021-09-28 00:00:00-04:00,137.4363058631819,137.87392316936433,134.17026871953288,134.63613891601562,45772000,0.0,0.0
2021-09-29 00:00:00-04:00,135.7760328990303,135.94553512593572,132.68842135183831,133.17262268066406,30848000,0.0,0.0
2021-09-30 00:00:00-04:00,133.08143210735338,134.35116361737062,132.3821276786133,132.50106811523438,37996000,0.0,0.0
2021-10-01 00:00:00-04:00,133.26582358259782,135.7071886414203,132.89461860515644,135.34291076660156,35360000,0.0,0.0
2021-10-04 00:00:00-04:00,134.76551219994235,134.76551219994235,129.89817950948486,132.4847412109375,51202000,0.0,0.0
2021-10-05 00:00:00-04:00,132.86287924921712,136.01840082000018,132.86287924921712,134.82745361328125,32404000,0.0,0.0
2021-10-06 00:00:00-04:00,133.56565053252967,136.53928282638935,133.3674114045409,136.3559112548828,24364000,0.0,0.0
2021-10-07 00:00:00-04:00,137.67124657959297,138.81114805651399,137.43236744248404,138.00132751464844,25110000,0.0,0.0
2021-10-08 00:00:00-04:00,138.3502060903865,139.097576749606,137.99386876227683,138.556884765625,26526000,0.0,0.0
2021-10-11 00:00:00-04:00,138.0677377987258,139.47525527556462,137.63852974209917,137.69305419921875,17954000,0.0,0.0
2021-10-12 00:00:00-04:00,138.25409150890258,138.28086218891866,134.56678576661557,135.24974060058594,36332000,0.0,0.0
2021-10-13 00:00:00-04:00,136.19483027400855,136.7870823219551,135.31909643090742,136.3727569580078,19654000,0.0,0.0
2021-10-14 00:00:00-04:00,138.2480926655134,140.0952083551367,137.6047949923992,139.9103546142578,31894000,0.0,0.0
2021-10-15 00:00:00-04:00,140.3698121513104,140.47240282360914,139.51786944318084,140.12547302246094,30274000,0.0,0.0
2021-10-18 00:00:00-04:00,139.83653402400074,141.5409184042978,139.8295917986677,141.5230712890625,20396000,0.0,0.0
2021-10-19 00:00:00-04:00,142.1272172677941,142.39980927751645,141.346647938062,141.97804260253906,20164000,0.0,0.0
2021-10-20 00:00:00-04:00,142.0781590742051,142.28433864697428,140.1338971977449,140.52294921875,23288000,0.0,0.0
2021-10-21 00:00:00-04:00,140.52295525974566,140.90656241415812,139.26511158996246,140.63893127441406,26292000,0.0,0.0
2021-10-22 00:00:00-04:00,137.92698514135645,139.34738897299374,134.86018454789837,136.35740661621094,50588000,0.0,0.0
2021-10-25 00:00:00-04:00,136.3410289296942,136.7870707005219,134.23370805453146,136.2389373779297,34412000,0.0,0.0
2021-10-26 00:00:00-04:00,138.0394580079976,138.85174370106543,137.08888742885156,138.0840606689453,49236000,0.0,0.0
2021-10-27 00:00:00-04:00,138.17973449966777,147.34347311686153,138.17973449966777,144.93235778808594,85782000,0.0,0.0
2021-10-28 00:00:00-04:00,145.84128603540435,145.8645780331488,143.35581813063857,144.56707763671875,36206000,0.0,0.0
2021-10-29 00:00:00-04:00,143.80286589775253,146.93905794038585,143.37813478343114,146.74478149414062,43320000,0.0,0.0
2021-11-01 00:00:00-04:00,146.74479239872048,146.74479239872048,141.96665019325252,142.2357635498047,46924000,0.0,0.0
2021-11-02 00:00:00-04:00,143.3087514833836,145.3204089612238,143.0668927959046,144.1542510986328,33482000,0.0,0.0
2021-11-03 00:00:00-04:00,144.61813015361963,145.3798843880956,143.3201457071093,145.30950927734375,27494000,0.0,0.0
2021-11-04 00:00:00-04:00,145.83138101023934,148.41745854274853,145.02205961897133,146.96434020996094,38412000,0.0,0.0
2021-11-05 00:00:00-04:00,147.85840028668068,149.00622700469464,146.89445936853247,147.543701171875,38354000,0.0,0.0
2021-11-08 00:00:00-05:00,148.50815818871942,149.29122320690345,147.12591397324758,147.7211456298828,23052000,0.0,0.0
2021-11-09 00:00:00-05:00,147.92135382889896,148.5175685400609,145.9508203469495,147.609619140625,19530000,0.0,0.0
2021-11-10 00:00:00-05:00,146.20357706440018,146.76857441866247,143.2671214393326,144.61119079589844,29970000,0.0,0.0
2021-11-11 00:00:00-05:00,145.20197357813035,146.23878525750848,144.32077969235291,144.48532104492188,16518000,0.0,0.0
2021-11-12 00:00:00-05:00,145.32684378573572,147.54171627859984,144.13293221150644,147.3712158203125,22360000,0.0,0.0
2021-11-15 00:00:00-05:00,147.59176109433906,148.2350588729297,146.27791087379003,147.14720153808594,23508000,0.0,0.0
2021-11-16 00:00:00-05:00,146.84738864467752,147.45499226873417,146.0177396467435,146.5762939453125,18904000,0.0,0.0
2021-11-17 00:00:00-05:00,146.72642872326313,147.2537504824228,145.9458594225756,146.74575805664062,19594000,0.0,0.0
2021-11-18 00:00:00-05:00,146.9385513960959,149.25699753565374,146.58469452521086,148.52151489257812,35608000,0.0,0.0
2021-11-19 00:00:00-05:00,148.65732984777023,149.63963221382073,147.59029904384553,147.6175537109375,33682000,0.0,0.0
2021-11-22 00:00:00-05:00,148.0199641044775,148.512589853607,144.86296070061218,145.01609802246094,30594000,0.0,0.0
2021-11-23 00:00:00-05:00,144.86841272271184,145.3709602825968,142.84833094604366,144.50067138671875,27218000,0.0,0.0
2021-11-24 00:00:00-05:00,144.19486085461955,144.96404119545522,143.10403922999805,144.83567810058594,18040000,0.0,0.0
2021-11-26 00:00:00-05:00,143.07976736967893,143.28693003446975,140.59579672453097,140.9333038330078,30470000,0.0,0.0
2021-11-29 00:00:00-05:00,142.73435339938078,145.0116607886392,142.62878315864714,144.25140380859375,32596000,0.0,0.0
2021-11-30 00:00:00-05:00,143.7339630400776,144.7167492078786,140.35691078730716,140.6503143310547,42068000,0.0,0.0
2021-12-01 00:00:00-05:00,142.73433859612626,144.66769552061407,139.67348254273247,139.81175231933594,34020000,0.0,0.0
2021-12-02 00:00:00-05:00,140.00850599610223,142.60002820764856,138.98210021683846,141.7094268798828,29194000,0.0,0.0
2021-12-03 00:00:00-05:00,142.4181454494306,143.13082014038355,139.06784841754663,140.75340270996094,41230000,0.0,0.0
2021-12-06 00:00:00-05:00,141.78326347810582,142.5881230149532,138.9181661975633,141.89675903320312,30618000,0.0,0.0
2021-12-07 00:00:00-05:00,144.31681320908484,146.23431960919498,143.95105317379645,145.97511291503906,32240000,0.0,0.0
2021-12-08 00:00:00-05:00,146.2992073386308,147.0887152685384,145.11918035220566,146.88401794433594,24270000,0.0,0.0
2021-12-09 00:00:00-05:00,146.29379822913546,147.78953800523445,145.8219839399429,146.34088134765625,23270000,0.0,0.0
2021-12-10 00:00:00-05:00,147.39299993214777,147.66805721897558,145.41454157462314,146.7006378173828,24458000,0.0,0.0
2021-12-13 00:00:00-05:00,146.48258801928816,146.66943824103194,144.23849477412142,144.54478454589844,27070000,0.0,0.0
2021-12-14 00:00:00-05:00,142.70263459263393,143.2101279735769,139.9738254109234,142.6421661376953,38446000,0.0,0.0
2021-12-15 00:00:00-05:00,142.148536251989,145.43142268224105,140.43274769467823,145.1538848876953,36370000,0.0,0.0
2021-12-16 00:00:00-05:00,145.87696937173112,146.37901781040114,142.3447831853687,143.17543029785156,33650000,0.0,0.0
2021-12-17 00:00:00-05:00,141.2475371685675,142.57031110994896,140.05808724892535,140.47935485839844,50416000,0.0,0.0
2021-12-20 00:00:00-05:00,138.7694954805613,140.52840440165772,138.0964625804988,140.36236572265625,27192000,0.0,0.0
2021-12-21 00:00:00-05:00,140.8049373737219,142.6044862116724,139.26757475967167,142.2114715576172,28756000,0.0,0.0
2021-12-22 00:00:00-05:00,141.81003144963466,145.2123570924687,141.81003144963466,145.1280975341797,26322000,0.0,0.0
2021-12-23 00:00:00-05:00,145.2123704862323,146.94054613463166,145.16478825775857,145.62521362304688,26384000,0.0,0.0
2021-12-27 00:00:00-05:00,145.96172629853862,147.0401610488901,145.87598451208166,146.60650634765625,15976000,0.0,0.0
2021-12-28 00:00:00-05:00,146.93310171719043,146.9955515001699,144.77078743444807,145.39772033691406,18200000,0.0,0.0
2021-12-29 00:00:00-05:00,145.35559153853998,146.12130842393856,144.36736044495242,145.36599731445312,17788000,0.0,0.0
2021-12-30 00:00:00-05:00,145.40465905246458,146.0053355046696,144.71131371891346,144.91549682617188,15688000,0.0,0.0
2021-12-31 00:00:00-05:00,144.7663412906992,145.40914004664086,143.57887268066406,143.57887268066406,18136000,0.0,0.0
2022-01-03 00:00:00-05:00,143.78006634339744,144.56907529374837,142.44986625187568,143.71713256835938,28646000,0.0,0.0
2022-01-04 00:00:00-05:00,144.1180572750369,145.1974901309125,142.45332978624396,143.1303253173828,28400000,0.0,0.0
2022-01-05 00:00:00-05:00,143.1506401362504,143.22943968889484,136.4778153700128,136.5640411376953,54618000,0.0,0.0
2022-01-06 00:00:00-05:00,135.79436399283284,138.71000766618633,135.3582289281207,136.53677368164062,37348000,0.0,0.0
2022-01-07 00:00:00-05:00,136.9313045859878,137.23165041306362,134.57321626393153,135.81272888183594,29760000,0.0,0.0
2022-01-10 00:00:00-05:00,133.89077354018556,137.59938954533916,131.9940937569273,137.45069885253906,44408000,0.0,0.0
2022-01-11 00:00:00-05:00,136.7940204323314,138.9836045313537,135.49107504085617,138.5078125,28730000,0.0,0.0
2022-01-12 00:00:00-05:00,139.90937157216942,141.35456438559447,139.45788494003665,140.18740844726562,26108000,0.0,0.0
2022-01-13 00:00:00-05:00,140.29596006685344,141.59445882785775,137.1924825382084,137.36892700195312,31436000,0.0,0.0
2022-01-14 00:00:00-05:00,135.87416542111617,139.50497974939202,135.79438276109653,138.2545623779297,29662000,0.0,0.0
2022-01-18 00:00:00-05:00,134.97813484766374,135.92622520287958,134.24811208025204,134.8026885986328,34872000,0.0,0.0
2022-01-19 00:00:00-05:00,135.3235557494751,136.74693894623502,133.82881433443535,133.92892456054688,28648000,0.0,0.0
2022-01-20 00:00:00-05:00,135.05247646638676,136.41638959519287,131.79584612438092,132.13583374023438,29908000,0.0,0.0
2022-01-21 00:00:00-05:00,131.42809390052594,133.68011249754008,128.94312507327743,129.20579528808594,55652000,0.0,0.0
2022-01-24 00:00:00-05:00,124.87074048240562,130.04982252537027,123.40573418952586,129.65432739257812,76622000,0.0,0.0
2022-01-25 00:00:00-05:00,127.60847149388137,128.26167595997225,125.38865318603597,125.81932830810547,46960000,0.0,0.0
2022-01-26 00:00:00-05:00,129.96656245343323,131.8310265621683,126.02451243511305,128.09713745117188,49130000,0.0,0.0
2022-01-27 00:00:00-05:00,130.1499289030449,131.48657203766555,127.79926707176217,127.87113952636719,31950000,0.0,0.0
2022-01-28 00:00:00-05:00,128.51940331451533,132.18441508658373,127.35572577765842,132.178955078125,34362000,0.0,0.0
2022-01-31 00:00:00-05:00,132.9828264004286,134.28230836211273,131.0474879109952,134.11428833007812,39986000,0.0,0.0
2022-02-01 00:00:00-05:00,136.38513965543686,136.58189655421876,133.1874959638718,136.4342041015625,68644000,0.0,0.0
2022-02-02 00:00:00-05:00,149.92062310914736,150.21451067811546,144.24347030048295,146.69918823242188,123200000,0.0,0.0
2022-02-03 00:00:00-05:00,144.42485698358425,148.35946558582248,141.41156796467584,141.83233642578125,71518000,0.0,0.0
2022-02-04 00:00:00-05:00,142.18372697506842,143.6016501301799,139.27997087416557,142.03355407714844,57998000,0.0,0.0
2022-02-07 00:00:00-05:00,142.98217422912157,142.98217422912157,137.67918979362946,137.97755432128906,54974000,0.0,0.0
2022-02-08 00:00:00-05:00,137.80457400105325,138.7695132466174,135.80976527306845,138.17379760742188,54284000,0.0,0.0
2022-02-09 00:00:00-05:00,139.72453341095786,141.27181794404441,138.95485380934457,140.34750366210938,40144000,0.0,0.0
2022-02-10 00:00:00-05:00,138.47559928783693,140.24093608556134,136.74444425283198,137.401611328125,39330000,0.0,0.0
2022-02-11 00:00:00-05:00,137.38182183921865,137.93341878729322,132.22751362039665,133.10226440429688,39958000,0.0,0.0
2022-02-14 00:00:00-05:00,132.08527017678978,135.10202275464846,132.08527017678978,134.33482360839844,34302000,0.0,0.0
2022-02-15 00:00:00-05:00,136.36137222330987,136.89465323637597,134.62775140934284,135.4078369140625,26680000,0.0,0.0
2022-02-16 00:00:00-05:00,135.44549125984014,136.87233817056384,133.73812696337785,136.52740478515625,25022000,0.0,0.0
2022-02-17 00:00:00-05:00,135.04550824241358,135.90835577846806,131.3140998808297,131.3740692138672,38950000,0.0,0.0
2022-02-18 00:00:00-05:00,132.29390062238596,132.89161259379068,129.05215373124426,129.2568359375,45620000,0.0,0.0
2022-02-22 00:00:00-05:00,128.69680623013534,131.01871597493778,127.09649469482315,128.6725311279297,44990000,0.0,0.0
2022-02-23 00:00:00-05:00,130.49139522919555,130.89035389025435,126.40661391799688,126.46658325195312,32786000,0.0,0.0
2022-02-24 00:00:00-05:00,123.85524617381691,131.8310242930199,123.85524617381691,131.5247344970703,54456000,0.0,0.0
2022-02-25 00:00:00-05:00,132.37818496175834,134.0825696110589,130.5935034058996,133.2777099609375,36406000,0.0,0.0
2022-02-28 00:00:00-05:00,131.88060076108007,134.55834913060832,131.42711758243306,133.86996459960938,38864000,0.0,0.0
2022-03-01 00:00:00-05:00,133.69299913792386,135.0578951055112,132.04760096390638,132.8831787109375,26496000,0.0,0.0
2022-03-02 00:00:00-05:00,133.44473958983755,134.07365391727686,131.90191664243002,133.38873291015625,23520000,0.0,0.0
2022-03-03 00:00:00-05:00,134.81456495195397,135.24029431326773,131.8562994539406,132.72262573242188,24604000,0.0,0.0
2022-03-04 00:00:00-05:00,131.75915337109652,132.67502797880198,129.19190640491172,130.7471160888672,30430000,0.0,0.0
2022-03-07 00:00:00-05:00,130.3323188037654,130.57714191731998,125.18495329978524,125.2677230834961,45112000,0.0,0.0
2022-03-08 00:00:00-05:00,125.14036103345764,130.0964149357728,124.56991874531153,125.98735046386719,40428000,0.0,0.0
2022-03-09 00:00:00-05:00,130.0964193195806,132.56007791135033,128.75877778532615,132.24734497070312,37026000,0.0,0.0
2022-03-10 00:00:00-05:00,130.11227705245972,132.10064255507427,129.76188368845354,131.2655487060547,27102000,0.0,0.0
2022-03-11 00:00:00-05:00,132.31523116771578,132.61953964393146,128.49213662745805,128.72903442382812,31526000,0.0,0.0
2022-03-14 00:00:00-04:00,129.10519737260148,129.26279649048794,124.17392551133625,124.84397888183594,38812000,0.0,0.0
2022-03-15 00:00:00-04:00,125.85993866054957,128.7131474380256,124.61547312820265,128.06240844726562,30920000,0.0,0.0
2022-03-16 00:00:00-04:00,129.58397474034425,132.1611139748442,127.60303518238473,132.1090850830078,35576000,0.0,0.0
2022-03-17 00:00:00-04:00,131.9787056808196,132.90202164574634,131.02317416057818,132.6626434326172,28264000,0.0,0.0
2022-03-18 00:00:00-04:00,132.25179767226226,135.0465201210338,131.09604557963877,134.92906188964844,44566000,0.0,0.0
2022-03-21 00:00:00-04:00,134.96674026176896,135.84545378656605,132.91394338144454,134.90528869628906,26832000,0.0,0.0
2022-03-22 00:00:00-04:00,134.905281506743,139.81028984562343,134.905281506743,138.638671875,35496000,0.0,0.0
2022-03-23 00:00:00-04:00,137.48341434965386,138.36162868482575,136.62354624695533,137.06016540527344,25154000,0.0,0.0
2022-03-24 00:00:00-04:00,137.97652160094876,140.37426649245424,136.53976827528788,140.3276824951172,26396000,0.0,0.0
2022-03-25 00:00:00-04:00,140.6686405705943,140.7865978961549,138.50929099112452,140.4277801513672,24126000,0.0,0.0
2022-03-28 00:00:00-04:00,139.66207420173586,140.75439330324906,138.5826413227132,140.2122039794922,35050000,0.0,0.0
2022-03-29 00:00:00-04:00,141.3937560937845,142.52967985366587,140.79009997554334,141.25299072265625,34318000,0.0,0.0
2022-03-30 00:00:00-04:00,141.2078644355121,141.4660728529996,140.35542274045525,140.69094848632812,19884000,0.0,0.0
2022-03-31 00:00:00-04:00,140.80443254820148,140.8589569957828,137.80256299655076,137.84518432617188,37524000,0.0,0.0
2022-04-01 00:00:00-04:00,138.27389064424523,139.23634932313234,137.0918670617453,138.91867065429688,25942000,0.0,0.0
2022-04-04 00:00:00-04:00,139.12486433293225,142.4488900673313,139.07728210128434,141.7148895263672,25942000,0.0,0.0
2022-04-05 00:00:00-04:00,141.6132941655978,141.73371683584432,139.14865258935774,139.35531616210938,21418000,0.0,0.0
2022-04-06 00:00:00-04:00,137.53048114777272,138.13561937873442,134.3258953417317,135.34783935546875,32468000,0.0,0.0
2022-04-07 00:00:00-04:00,134.81456023404073,135.9589233791473,133.04772597265375,134.6941375732422,26234000,0.0,0.0
2022-04-08 00:00:00-04:00,134.39180707525873,134.4775488545769,131.7968213100517,132.11599731445312,25142000,0.0,0.0
2022-04-11 00:00:00-04:00,130.66488623898726,130.93151917710668,127.53761718894488,127.69125366210938,36884000,0.0,0.0
2022-04-12 00:00:00-04:00,130.4433348003117,130.4433348003117,125.67461550166297,126.59197998046875,32710000,0.0,0.0
2022-04-13 00:00:00-04:00,126.87495402475328,129.18843915155622,126.61822782302634,128.75230407714844,27928000,0.0,0.0
2022-04-14 00:00:00-04:00,129.3326910511807,129.3326910511807,125.48827070120589,125.61614227294922,31598000,0.0,0.0
2022-04-18 00:00:00-04:00,125.88375359295895,127.08559046617161,125.07294248805825,126.55430603027344,20808000,0.0,0.0
2022-04-19 00:00:00-04:00,126.56918205499946,129.18745998099084,125.88326290264443,128.86631774902344,26490000,0.0,0.0
2022-04-20 00:00:00-04:00,129.74154970357304,130.24409728114765,126.37936469139383,126.91461181640625,31696000,0.0,0.0
2022-04-21 00:00:00-04:00,128.11397656104157,128.95501432098166,123.43198996855905,123.71746063232422,36446000,0.0,0.0
2022-04-22 00:00:00-04:00,123.90133604882998,124.2998031690539,117.8797341417918,118.583984375,56884000,0.0,0.0
2022-04-25 00:00:00-04:00,118.05418408752932,122.19397402288331,117.46937340165847,121.99226379394531,46128000,0.0,0.0
2022-04-26 00:00:00-04:00,121.21963094813664,121.43323675370941,117.46938423541988,117.60716247558594,73054000,0.0,0.0
2022-04-27 00:00:00-04:00,113.46338958402451,116.2115203098223,111.74562732959535,113.28993225097656,91820000,0.0,0.0
2022-04-28 00:00:00-04:00,115.39180660167489,118.59787504178948,113.11201872859588,117.48078155517578,48884000,0.0,0.0
2022-04-29 00:00:00-04:00,115.70848796251151,116.88356939125211,112.81415439821426,113.10655975341797,42676000,0.0,0.0
2022-05-02 00:00:00-04:00,112.40824262327081,115.71938168066022,111.61031774703048,115.55831146240234,35534000,0.0,0.0
2022-05-03 00:00:00-04:00,115.40715683615127,117.40098229604361,115.01464126005,116.30271911621094,24968000,0.0,0.0
2022-05-04 00:00:00-04:00,116.00287299219873,121.77469077330238,114.10420454212863,121.18640899658203,49916000,0.0,0.0
2022-05-05 00:00:00-04:00,119.14750092797412,119.97516100768799,113.99469020299561,115.48150634765625,45840000,0.0,0.0
2022-05-06 00:00:00-04:00,114.17211482737774,116.5381358862753,113.01339074570949,114.72917175292969,39710000,0.0,0.0
2022-05-09 00:00:00-04:00,112.25461312851758,114.06555854767906,111.0160988528587,111.52210998535156,40802000,0.0,0.0
2022-05-10 00:00:00-04:00,114.4922665247754,115.22824075207245,111.90817806145773,113.38954162597656,39900000,0.0,0.0
2022-05-11 00:00:00-04:00,112.24123869560488,115.34174426145016,112.24123869560488,112.60401916503906,37534000,0.0,0.0
2022-05-12 00:00:00-04:00,110.39857820468676,113.29043134538728,108.85922651182088,111.85218811035156,53836000,0.0,0.0
2022-05-13 00:00:00-04:00,113.52633065893913,116.83895961506994,112.60649331317624,115.0304946899414,35038000,0.0,0.0
2022-05-16 00:00:00-04:00,113.94512859894805,115.14895451492976,112.88850359418764,113.43911743164062,25990000,0.0,0.0
2022-05-17 00:00:00-04:00,115.8135653153096,115.87254399135374,113.86038727804181,115.44929504394531,23054000,0.0,0.0
2022-05-18 00:00:00-04:00,113.98924386906536,114.38572970803413,110.57501446156296,110.9159927368164,35126000,0.0,0.0
2022-05-19 00:00:00-04:00,110.45209689987173,112.01672181932308,109.03317553495751,109.41380310058594,34144000,0.0,0.0
2022-05-20 00:00:00-04:00,110.96702082393216,111.19748304933411,104.86661954709218,107.95076751708984,48962000,0.0,0.0
2022-05-23 00:00:00-04:00,108.6243014393132,111.1617983492407,107.78523742789535,110.50809478759766,37184000,0.0,0.0
2022-05-24 00:00:00-04:00,104.8423469431348,105.5228136697581,100.98901060230938,105.03860473632812,76780000,0.0,0.0
2022-05-25 00:00:00-04:00,104.0627373069411,105.56392921352518,102.94366271417042,104.87503814697266,40258000,0.0,0.0
2022-05-26 00:00:00-04:00,104.7481849485602,107.69455509948278,104.30015422152373,106.8450927734375,37948000,0.0,0.0
2022-05-27 00:00:00-04:00,108.52073095633479,111.3308125955402,108.17925358101334,111.3293228149414,37914000,0.0,0.0
2022-05-31 00:00:00-04:00,111.75553808376368,114.71777381462744,111.0934100457265,112.76211547851562,50012000,0.0,0.0
2022-06-01 00:00:00-04:00,113.84550156256307,116.07225439334378,112.25460515544829,112.89096069335938,36606000,0.0,0.0
2022-06-02 00:00:00-04:00,112.99801816382626,116.863242236052,111.95378036843927,116.58867645263672,37992000,0.0,0.0
2022-06-03 00:00:00-04:00,115.04239803816901,115.29912428517936,112.5207591526129,113.53427124023438,26136000,0.0,0.0
2022-06-06 00:00:00-04:00,115.6787463489471,118.29802241385896,115.14300011660191,115.79373168945312,33542000,0.0,0.0
2022-06-07 00:00:00-04:00,114.46550552636866,116.65657936123159,114.0407744070312,116.11983489990234,31590000,0.0,0.0
2022-06-08 00:00:00-04:00,115.73523910380932,117.52834484529313,115.57515955281724,116.1639404296875,26108000,0.0,0.0
2022-06-09 00:00:00-04:00,115.30507039819871,117.25924660830835,113.76720845942926,113.82618713378906,25798000,0.0,0.0
2022-06-10 00:00:00-04:00,111.45669849147991,112.28336793856525,109.3959688716571,110.18447875976562,41452000,0.0,0.0
2022-06-13 00:00:00-04:00,105.84791642014875,107.83529107558937,105.18628753798215,105.45738220214844,47252000,0.0,0.0
2022-06-14 00:00:00-04:00,105.59863233927445,106.97591545107889,104.87009189196922,105.77754211425781,33706000,0.0,0.0
2022-06-15 00:00:00-04:00,107.59096455911155,110.44416645951732,106.7231636370719,108.79975128173828,39698000,0.0,0.0
2022-06-16 00:00:00-04:00,106.27861002380959,107.69356127238406,104.21391782028991,105.10154724121094,51684000,0.0,0.0
2022-06-17 00:00:00-04:00,105.10154532268795,107.7441135350495,104.12272168588028,106.20178985595703,51376000,0.0,0.0
2022-06-21 00:00:00-04:00,107.97208392269314,111.50079919576064,107.64548168742688,110.56360626220703,47416000,0.0,0.0
2022-06-22 00:00:00-04:00,109.58479714760662,112.35026855081978,109.4123229035937,110.50761413574219,30774000,0.0,0.0
2022-06-23 00:00:00-04:00,111.2450721279725,111.75158241290121,109.5292910357325,111.25547790527344,28362000,0.0,0.0
2022-06-24 00:00:00-04:00,112.00186213185698,117.04117725395231,111.95973234728507,116.9380874633789,41164000,0.0,0.0
2022-06-27 00:00:00-04:00,117.23347197127057,117.53727377160598,114.16715569950595,114.81541442871094,36420000,0.0,0.0
2022-06-28 00:00:00-04:00,114.78466807841109,116.27842626455549,110.86492729453904,111.02302551269531,35792000,0.0,0.0
2022-06-29 00:00:00-04:00,110.57155017231149,112.16591040015909,109.89801807125794,110.71973419189453,24716000,0.0,0.0
2022-06-30 00:00:00-04:00,109.03317519019397,109.9133707611735,105.81174046866552,108.00528717041016,43170000,0.0,0.0
2022-07-01 00:00:00-04:00,106.98434306481707,108.28976888662308,105.79241280402681,107.78177642822266,35476000,0.0,0.0
2022-07-05 00:00:00-04:00,106.15916719622534,112.38049828174634,104.80219643466671,112.26750183105469,39342000,0.0,0.0
2022-07-06 00:00:00-04:00,112.30616050739741,114.57355354870796,110.49620571439615,113.56499481201172,37432000,0.0,0.0
2022-07-07 00:00:00-04:00,114.06853442164258,118.14191207685637,113.82420284830546,117.73898315429688,40936000,0.0,0.0
2022-07-08 00:00:00-04:00,116.21945418412874,118.63304981056329,115.87401417090683,118.3044662475586,38238000,0.0,0.0
2022-07-11 00:00:00-04:00,116.96088070050413,116.96088070050413,114.31682284364507,114.65978240966797,31196000,0.0,0.0
2022-07-12 00:00:00-04:00,115.19354138227133,115.94587292313885,112.69074055561225,113.0183334350586,29960000,0.0,0.0
2022-07-13 00:00:00-04:00,110.71922817942544,113.19230171782554,110.22412191978457,110.37478637695312,43722000,0.0,0.0
2022-07-14 00:00:00-04:00,109.24183551851672,110.11657870733588,107.4204842436842,109.39745330810547,37004000,0.0,0.0
2022-07-15 00:00:00-04:00,111.01609870201857,112.14607830712104,109.92526931854086,110.79505157470703,46770000,0.0,0.0
2022-07-18 00:00:00-04:00,111.64996438782659,112.68082434708725,107.41749833919559,108.07169342041016,43164600,0.0,20.0
2022-07-19 00:00:00-04:00,109.87570948732167,113.01784573162385,108.59704671976239,112.8096923828125,36530900,0.0,0.0
2022-07-20 00:00:00-04:00,112.17530815715327,114.38571124810389,111.4913779467038,112.89889526367188,35600400,0.0,0.0
2022-07-21 00:00:00-04:00,113.27556700444859,113.54319815061008,110.13343063915318,113.33503723144531,32676200,0.0,0.0
2022-07-22 00:00:00-04:00,110.02438896081073,111.35260768410927,105.56394075969678,106.9516372680664,48901200,0.0,0.0
2022-07-25 00:00:00-04:00,107.45714691741362,108.9043135147735,105.3656919047465,106.56505584716797,34690900,0.0,0.0
2022-07-26 00:00:00-04:00,105.66305372814293,106.25777860539752,103.15529199478907,104.09693908691406,47991000,0.0,0.0
2022-07-27 00:00:00-04:00,108.29968789382276,112.9088193610781,107.06067446511638,112.0662841796875,59858500,0.0,0.0
2022-07-28 00:00:00-04:00,111.3823490591432,113.33502778538879,110.48034369240179,113.2160873413086,32816600,0.0,0.0
2022-07-29 00:00:00-04:00,112.08612453789166,115.68421719468779,112.06629608601654,115.29764556884766,37223400,0.0,0.0
2022-08-01 00:00:00-04:00,114.28658368655181,115.69410090489107,113.3350148683378,113.85044860839844,26034300,0.0,0.0
2022-08-02 00:00:00-04:00,112.9980223744773,115.32736606008014,112.72048458212805,114.11808776855469,20236000,0.0,0.0
2022-08-03 00:00:00-04:00,114.69298797756183,117.57741471400418,114.46501375387983,117.04216003417969,28499000,0.0,0.0
2022-08-04 00:00:00-04:00,116.4474330419797,117.73600237782314,115.86261481324507,117.15119171142578,21602900,0.0,0.0
2022-08-05 00:00:00-04:00,115.20842372972953,117.07189713527843,114.98044193983411,116.4375228881836,19159500,0.0,0.0
2022-08-08 00:00:00-04:00,117.34944383201373,119.0939769251346,115.85271343429999,116.26902770996094,19138300,0.0,0.0
2022-08-09 00:00:00-04:00,116.11042376218631,116.28884199524232,114.69299212244628,115.60490417480469,19086500,0.0,0.0
2022-08-10 00:00:00-04:00,117.7360142356941,119.85720468184134,117.36927109011395,118.6479263305664,30930400,0.0,0.0
2022-08-11 00:00:00-04:00,120.21404319356567,120.42219655162552,117.51794863944885,117.79548645019531,24293700,0.0,0.0
2022-08-12 00:00:00-04:00,119.20299447658569,120.61051177978516,118.4100229343774,120.61051177978516,19096300,0.0,0.0
2022-08-15 00:00:00-04:00,120.06534908400887,121.22507134763688,119.54992284865891,121.00700378417969,19494800,0.0,0.0
2022-08-16 00:00:00-04:00,120.45190710937071,121.35391237274759,119.57964451594304,120.63032531738281,19041200,0.0,0.0
2022-08-17 00:00:00-04:00,119.06423449827227,120.2239492265823,118.33073312003822,118.4992446899414,22847000,0.0,0.0
2022-08-18 00:00:00-04:00,118.38030617411171,119.75808858144609,117.67654741342811,119.11380004882812,17987700,0.0,0.0
2022-08-19 00:00:00-04:00,118.0135401713866,118.10275306426914,115.73376016351709,116.17980194091797,21809500,0.0,0.0
2022-08-22 00:00:00-04:00,114.18745448797223,114.6136753350017,112.84932173271015,113.23589324951172,21456600,0.0,0.0
2022-08-23 00:00:00-04:00,112.48259557937843,113.99914676758455,112.43303201855512,112.8592529296875,15870400,0.0,0.0
2022-08-24 00:00:00-04:00,112.50242528038645,113.77117388855237,111.87796520171241,112.69075775146484,17734600,0.0,0.0
2022-08-25 00:00:00-04:00,113.23590401424377,115.69410978570761,113.1070493505059,115.62472534179688,16956800,0.0,0.0
2022-08-26 00:00:00-04:00,113.71170152369614,114.10818734688105,109.22151791479679,109.37019348144531,37245700,0.0,0.0
2022-08-29 00:00:00-04:00,109.02325697837799,109.97481829229946,107.84372145048772,108.45826721191406,21191200,0.0,0.0
2022-08-30 00:00:00-04:00,109.2016831186449,109.52878447093995,106.85251855405113,107.98249816894531,27513300,0.0,0.0
2022-08-31 00:00:00-04:00,109.67744838588192,109.8756874700724,107.17959357599838,107.26880645751953,28627000,0.0,0.0
2022-09-01 00:00:00-04:00,107.32830011371269,109.47922565257869,106.41638802751207,108.77546691894531,28360900,0.0,0.0
2022-09-02 00:00:00-04:00,109.61799202942274,109.76667515278551,106.3172660149257,106.9020767211914,24160700,0.0,0.0
2022-09-06 00:00:00-04:00,106.3569145236708,107.08049412281643,104.8502699767572,105.8712158203125,25068300,0.0,0.0
2022-09-07 00:00:00-04:00,106.119028582092,109.0133699405841,105.96043878239212,108.48802185058594,23167000,0.0,0.0
2022-09-08 00:00:00-04:00,107.09041353468496,108.63669993090151,106.21815077108502,107.42742156982422,24238300,0.0,0.0
2022-09-09 00:00:00-04:00,108.11135259840358,110.0144753600422,108.06178903761959,109.6774673461914,23197700,0.0,0.0
2022-09-12 00:00:00-04:00,110.01446714894143,110.63893469392616,108.96378628731095,109.88561248779297,22966800,0.0,0.0
2022-09-13 00:00:00-04:00,106.85252347865307,107.34812886109147,103.17512488610275,103.40310668945312,38172900,0.0,0.0
2022-09-14 00:00:00-04:00,103.65090463743046,104.35466334080722,102.74890681508529,104.0771255493164,26395100,0.0,0.0
2022-09-15 00:00:00-04:00,103.11564426895569,104.3447433760891,101.45041004927867,102.0054931640625,34188300,0.0,0.0
2022-09-16 00:00:00-04:00,101.1728895094597,102.22357057340155,100.05282398964128,101.89647674560547,42797200,0.0,0.0
2022-09-19 00:00:00-04:00,100.85568758151153,102.42180228471612,100.65744846869414,102.1640853881836,23036800,0.0,0.0
2022-09-20 00:00:00-04:00,101.18278566442122,101.4702376623831,99.63649189737326,100.25104522705078,26517100,0.0,0.0
2022-09-21 00:00:00-04:00,100.7763951258115,101.97575922569139,98.39748781362077,98.40740203857422,31487300,0.0,0.0
2022-09-22 00:00:00-04:00,97.95143652872501,100.35016449651606,97.92170141907806,99.25983428955078,34298600,0.0,0.0
2022-09-23 00:00:00-04:00,98.75433126053103,98.7840739374912,96.61331982204246,97.87215423583984,31625400,0.0,0.0
2022-09-26 00:00:00-04:00,97.23775972454996,99.0021134075617,96.940401077741,97.30714416503906,27072700,0.0,0.0
2022-09-27 00:00:00-04:00,98.55608825728369,99.12107809995993,96.01859107787291,96.64305114746094,30072800,0.0,0.0
2022-09-28 00:00:00-04:00,96.79173171420844,99.81491997880579,96.25647699916067,99.17063903808594,32466300,0.0,0.0
2022-09-29 00:00:00-04:00,97.77302956785141,97.77302956785141,95.11658440664736,96.56375122070312,31047200,0.0,0.0
2022-09-30 00:00:00-04:00,96.19699975151396,98.03073800147999,94.72009038986029,94.8093032836914,32941500,0.0,0.0
2022-10-03 00:00:00-04:00,95.90955206825485,98.41731399775504,95.67165604887613,97.77302551269531,27982000,0.0,0.0
2022-10-04 00:00:00-04:00,99.55720093087983,100.94488980250854,99.49772314899776,100.74665069580078,28850800,0.0,0.0
2022-10-05 00:00:00-04:00,98.95256237530134,101.03410325667056,97.93161660163159,100.53849792480469,22176900,0.0,0.0
2022-10-06 00:00:00-04:00,99.79509354103838,102.02531761520133,99.70588064565636,100.5285873413086,22324000,0.0,0.0
2022-10-07 00:00:00-04:00,98.97239021921095,99.64641382042795,97.43601811981739,97.81267547607422,27502800,0.0,0.0
2022-10-10 00:00:00-04:00,98.12986522026777,98.22898478378026,96.15735792571904,96.99988555908203,18225100,0.0,0.0
2022-10-11 00:00:00-04:00,96.57366940141243,98.37767277088885,95.46351057314297,96.32586669921875,26507100,0.0,0.0
2022-10-12 00:00:00-04:00,96.44479769912304,97.88205009327943,95.88971460177453,96.70250701904297,21876400,0.0,0.0
2022-10-13 00:00:00-04:00,94.31368643309878,98.90298861010616,93.55045006588469,98.18931579589844,34574500,0.0,0.0
2022-10-14 00:00:00-04:00,99.1111725485932,99.80502469341954,95.52299404724495,95.71131896972656,25410700,0.0,0.0
2022-10-17 00:00:00-04:00,97.99109458245891,100.04290051639435,97.96135947016587,99.09133911132812,28419200,0.0,0.0
2022-10-18 00:00:00-04:00,102.22357373598798,102.56058936234253,99.09135133650616,99.88431549072266,24060700,0.0,0.0
2022-10-19 00:00:00-04:00,99.13099079757089,100.13210822606936,98.05056713051532,98.75432586669922,23811100,0.0,0.0
2022-10-20 00:00:00-04:00,99.12107422362116,101.42068284311566,98.51643506587006,99.09133911132812,25323200,0.0,0.0
2022-10-21 00:00:00-04:00,96.98997216298973,100.41956051373178,96.861117485556,100.24114227294922,32458700,0.0,0.0
2022-10-24 00:00:00-04:00,100.90525400873032,101.84690116488177,99.10125080640549,101.6189193725586,27176400,0.0,0.0
2022-10-25 00:00:00-04:00,101.99556913962125,103.89869161857824,101.81715093457301,103.56168365478516,40611400,0.0,0.0
2022-10-26 00:00:00-04:00,95.58245054848182,97.44592398970775,93.85774600381856,94.09563446044922,88114100,0.0,0.0
2022-10-27 00:00:00-04:00,93.6892501170497,94.59125565804386,90.99316284511286,91.40946960449219,60710900,0.0,0.0
2022-10-28 00:00:00-04:00,91.45900853564996,95.70139671064247,91.32023964176592,95.44367980957031,43697300,0.0,0.0
2022-10-31 00:00:00-04:00,94.58132675716521,95.18596591202643,93.15398843755676,93.67932891845703,31675000,0.0,0.0
2022-11-01 00:00:00-04:00,94.61105231503412,95.18595629968785,89.57570802441086,89.6748275756836,47161400,0.0,0.0
2022-11-02 00:00:00-04:00,90.14071264226654,90.3786011169974,86.11639164873716,86.20560455322266,57038300,0.0,0.0
2022-11-03 00:00:00-04:00,85.56131487965403,85.75955401223071,82.60750340529754,82.69671630859375,61288000,0.0,0.0
2022-11-04 00:00:00-04:00,84.64938669325439,85.87848571894034,82.97423836047841,85.81901550292969,51124900,0.0,0.0
2022-11-07 00:00:00-05:00,86.51287043332725,88.11863452220038,86.08664952122535,87.71223449707031,34078900,0.0,0.0
2022-11-08 00:00:00-05:00,88.11864471435547,89.52616228462122,86.82015337855162,88.11864471435547,30429000,0.0,0.0
2022-11-09 00:00:00-05:00,87.67257842772042,88.65388241006076,86.51286378932228,86.5525131225586,31769100,0.0,0.0
2022-11-10 00:00:00-05:00,91.43919312210994,93.56038355540274,90.80481883714413,93.11434173583984,51620100,0.0,0.0
2022-11-11 00:00:00-05:00,93.85774604143894,96.07805594966968,93.09450954770053,95.56262969970703,33090500,0.0,0.0
2022-11-14 00:00:00-05:00,94.25421709955037,95.93927974232757,93.67932066979866,94.85885620117188,30179500,0.0,0.0
2022-11-15 00:00:00-05:00,97.39636509743826,99.25983848330503,95.85998549384487,97.57478332519531,41640800,0.0,0.0
2022-11-16 00:00:00-05:00,97.03953112343324,98.76423566096419,96.78181421845211,97.9811782836914,29105200,0.0,0.0
2022-11-17 00:00:00-05:00,96.11770867544051,98.4074031127186,95.93929043602027,97.49549102783203,26052600,0.0,0.0
2022-11-18 00:00:00-05:00,97.90187281922236,98.0307350439421,95.52297330311087,96.57365417480469,28342300,0.0,0.0
2022-11-21 00:00:00-05:00,96.43489902752911,97.53514361353429,94.52186189317523,94.75975036621094,21647400,0.0,0.0
2022-11-22 00:00:00-05:00,95.10666080878029,96.36550259521411,93.22336658471515,96.1969985961914,23438500,0.0,0.0
2022-11-23 00:00:00-05:00,96.23664311244816,97.89197072674976,96.23664311244816,97.5946044921875,18868100,0.0,0.0
2022-11-25 00:00:00-05:00,97.37653668783366,97.77302247882432,96.543923332857,96.6033935546875,9701400,0.0,0.0
2022-11-28 00:00:00-05:00,96.18708410227205,96.72233877031711,94.76965254495012,95.2057876586914,26237500,0.0,0.0
2022-11-29 00:00:00-05:00,94.88859478446217,95.27516631640454,93.282830877853,94.35334014892578,20061700,0.0,0.0
2022-11-30 00:00:00-05:00,93.98660272217356,100.15193477810236,93.59011691093076,100.10237121582031,43647500,0.0,0.0
2022-12-01 00:00:00-05:00,100.1321063282544,101.35129887441687,99.36887738054075,100.10237121582031,28687100,0.0,0.0
2022-12-02 00:00:00-05:00,98.17942293118247,99.88429898405619,98.03073981360708,99.55720520019531,21480700,0.0,0.0
2022-12-05 00:00:00-05:00,98.52635317800012,100.4889462901507,98.12986735299515,98.60565185546875,24405100,0.0,0.0
2022-12-06 00:00:00-05:00,98.42722540069438,98.9030023011365,95.57253374869178,96.12761688232422,24910700,0.0,0.0
2022-12-07 00:00:00-05:00,95.56262596381266,96.02848863434032,93.88747748283083,94.10554504394531,31045400,0.0,0.0
2022-12-08 00:00:00-05:00,94.54167257081721,94.73991924555087,92.62863564307744,92.8863525390625,32213300,0.0,0.0
2022-12-09 00:00:00-05:00,92.94583211796659,93.43153084821046,91.93480044321662,92.01409912109375,28225400,0.0,0.0
2022-12-12 00:00:00-05:00,91.89514325545609,92.73767083950996,90.80481299595476,92.4898681640625,29420000,0.0,0.0
2022-12-13 00:00:00-05:00,96.90077367161189,98.65521352800921,94.1947647555695,94.78948974609375,40593700,0.0,0.0
2022-12-14 00:00:00-05:00,94.3632525525602,96.018580115214,92.77731699649831,94.2343978881836,28733600,0.0,0.0
2022-12-15 00:00:00-05:00,92.31145406282408,92.81697366079501,89.21888137485573,90.06140899658203,40107000,0.0,0.0
2022-12-16 00:00:00-05:00,89.96228779812273,90.52727761063562,88.73318105041864,89.46668243408203,58011800,0.0,0.0
2022-12-19 00:00:00-05:00,89.46666927813943,89.76402791543508,87.43468455943786,87.66266632080078,29493000,0.0,0.0
2022-12-20 00:00:00-05:00,87.33559658096561,88.39619198491054,86.67148706572723,88.23759460449219,23453800,0.0,0.0
2022-12-21 00:00:00-05:00,88.29706577054422,89.42704555295457,87.5437433948244,88.79267120361328,24745600,0.0,0.0
2022-12-22 00:00:00-05:00,87.38514089164586,87.76179824360828,85.56130923053732,86.98865509033203,27658300,0.0,0.0
2022-12-23 00:00:00-05:00,86.34436275710375,88.76291923113465,86.30471342250716,88.44573211669922,23003000,0.0,0.0
2022-12-27 00:00:00-05:00,88.01951318270693,88.15828207571641,86.24524512227134,86.62190246582031,20097300,0.0,0.0
2022-12-28 00:00:00-05:00,86.21551552084601,87.26619651001516,85.18465541951453,85.26394653320312,19523200,0.0,0.0
2022-12-29 00:00:00-05:00,85.85867467640674,88.06907033133078,85.84876045182291,87.6725845336914,23333500,0.0,0.0
2022-12-30 00:00:00-05:00,86.21550783549851,87.52390562395297,85.80910782884277,87.45452117919922,23986300,0.0,0.0
2023-01-03 00:00:00-05:00,88.80257078642089,90.24974519044535,87.74197554671677,88.33670806884766,28131200,0.0,0.0
2023-01-04 00:00:00-05:00,89.55588448127065,89.85325071371112,86.50295373591993,87.30583953857422,34854800,0.0,0.0
2023-01-05 00:00:00-05:00,86.70120175720164,86.80032131544093,85.14500124959856,85.4423599243164,27194400,0.0,0.0
2023-01-06 00:00:00-05:00,86.02716538968608,86.91925640594395,84.1141287068417,86.57232666015625,41381500,0.0,0.0
2023-01-09 00:00:00-05:00,87.58338400149272,89.2585326181373,87.08777861785474,87.24636840820312,29003900,0.0,0.0
2023-01-10 00:00:00-05:00,85.22430369329793,87.89065547093827,85.07562056818927,87.64285278320312,30467800,0.0,0.0
2023-01-11 00:00:00-05:00,88.39616224006632,90.79489009418965,88.22765825182702,90.71559143066406,26862000,0.0,0.0
2023-01-12 00:00:00-05:00,90.6759627102154,91.06253429761234,88.96116478580137,90.32903289794922,30258100,0.0,0.0
2023-01-13 00:00:00-05:00,90.051483892175,91.3797100639102,89.3378110312232,91.3103256225586,26329200,0.0,0.0
2023-01-17 00:00:00-05:00,91.25086172242439,91.43919419002684,89.2585335052812,90.48763275146484,32602400,0.0,0.0
2023-01-18 00:00:00-05:00,91.33016162262862,91.9843643742161,89.84334543702602,90.31912994384766,29116700,0.0,0.0
2023-01-19 00:00:00-05:00,89.92263219572776,92.78723039529136,89.83341930400117,92.2321548461914,37000400,0.0,0.0
2023-01-20 00:00:00-05:00,94.26414410700895,97.436023155267,94.18484542927642,97.15847778320312,63191100,0.0,0.0
2023-01-23 00:00:00-05:00,97.08908644403112,99.1607207694037,96.64304464751609,98.91291809082031,40005100,0.0,0.0
2023-01-24 00:00:00-05:00,97.23776385107986,98.73449405924738,96.34567274812117,96.84127807617188,33078500,0.0,0.0
2023-01-25 00:00:00-05:00,94.73000174467127,95.31481996198589,92.93591288382635,94.3830795288086,42330000,0.0,0.0
2023-01-26 00:00:00-05:00,95.65183309275027,96.71242824527482,94.54167438000948,96.6628646850586,30114000,0.0,0.0
2023-01-27 00:00:00-05:00,96.45471331121503,99.43825971343786,96.45471331121503,98.49661254882812,33879800,0.0,0.0
2023-01-30 00:00:00-05:00,96.62322160019781,97.42609984090785,95.5527122376928,96.08796691894531,27226200,0.0,0.0
2023-01-31 00:00:00-05:00,96.01858885911187,98.01091703799966,95.96902529627194,97.97126770019531,29870700,0.0,0.0
2023-02-01 00:00:00-05:00,97.8424259365929,100.300632268513,96.72236035456929,99.54730987548828,35531100,0.0,0.0
2023-02-02 00:00:00-05:00,104.8700863300786,106.90206355804081,104.68175389285314,106.79302978515625,69883800,0.0,0.0
2023-02-03 00:00:00-05:00,102.02531630709647,106.86242173682118,101.67839407914221,103.85905456542969,65309300,0.0,0.0
2023-02-06 00:00:00-05:00,101.49998482270392,103.44275703327085,100.98455098504732,101.99559020996094,31999600,0.0,0.0
2023-02-07 00:00:00-05:00,102.31277427376001,107.22917865979215,102.2136547117616,106.69392395019531,49010200,0.0,0.0
2023-02-08 00:00:00-05:00,101.15305759656383,102.23347365780366,97.17830046850436,98.49661254882812,94743500,0.0,0.0
2023-02-09 00:00:00-05:00,99.12107385512309,99.15080896730558,92.80705872811015,94.17493438720703,119455000,0.0,0.0
2023-02-10 00:00:00-05:00,94.61105508342865,95.89963197469012,93.42160530867747,93.7387924194336,54980700,0.0,0.0
2023-02-13 00:00:00-05:00,93.90730468774592,94.36326072696573,93.01521349695155,93.77845001220703,50076100,0.0,0.0
2023-02-14 00:00:00-05:00,93.6000290448755,94.01633573432831,91.44910358703162,93.84783172607422,54726100,0.0,0.0
2023-02-15 00:00:00-05:00,93.6594961857254,96.26638514602948,93.32248818030943,96.08796691894531,50169000,0.0,0.0
2023-02-16 00:00:00-05:00,94.53176333918978,96.82145754317696,93.90729578367531,94.6705322265625,42462600,0.0,0.0
2023-02-17 00:00:00-05:00,94.01633442041258,94.72009311770113,92.39074945945416,93.5207290649414,34284100,0.0,0.0
2023-02-21 00:00:00-05:00,92.18260235411577,92.28172191944829,90.91385376824827,90.98323822021484,33629300,0.0,0.0
2023-02-22 00:00:00-05:00,90.89402316340856,91.30042320267887,89.81360707091751,90.84446716308594,30884000,0.0,0.0
2023-02-23 00:00:00-05:00,91.11208656749149,91.13191501658295,88.97107536820448,90.09114074707031,41206400,0.0,0.0
2023-02-24 00:00:00-05:00,88.65388384050988,89.09992561252551,87.8014420680175,88.34660339355469,36585100,0.0,0.0
2023-02-27 00:00:00-05:00,89.08010864257812,89.36756065406263,88.55476061737971,89.08010864257812,27502300,0.0,0.0
2023-02-28 00:00:00-05:00,88.54486061355257,90.42816260421704,88.53494638831793,89.26844024658203,30142000,0.0,0.0
2023-03-01 00:00:00-05:00,89.18913856984402,90.2299052260907,88.88185812266312,89.5657958984375,31111200,0.0,0.0
2023-03-02 00:00:00-05:00,88.87195398014434,91.46892114468274,88.80256197209034,91.1913833618164,32204400,0.0,0.0
2023-03-03 00:00:00-05:00,91.66716673162266,92.90618007780824,91.63742405895086,92.8268814086914,35160100,0.0,0.0
2023-03-06 00:00:00-05:00,93.19363210202732,95.12649761674808,93.17381121430402,94.29387664794922,32639300,0.0,0.0
2023-03-07 00:00:00-05:00,94.14519285358496,94.82912307414622,92.70793284331539,93.0350341796875,27835500,0.0,0.0
2023-03-08 00:00:00-05:00,93.29276092219925,95.11658511938656,93.17381290668519,93.42161560058594,34103300,0.0,0.0
2023-03-09 00:00:00-05:00,93.2233655789375,94.69035312052974,91.09226114790435,91.5085678100586,28813500,0.0,0.0
2023-03-10 00:00:00-05:00,91.35988513059155,91.97443846501345,89.60544558188205,89.83341979980469,35941000,0.0,0.0
2023-03-13 00:00:00-04:00,89.29816499049838,91.75637076191212,88.6340556613181,90.3092041015625,37335600,0.0,0.0
2023-03-14 00:00:00-04:00,91.74645521251553,93.5306374048924,91.62751477458181,93.1440658569336,36050200,0.0,0.0
2023-03-15 00:00:00-04:00,92.40066793697098,96.07805893634688,91.82576388320213,95.26526641845703,50622100,0.0,0.0
2023-03-16 00:00:00-04:00,95.35446457801073,100.30061132579071,94.66062012558537,99.4382553100586,65492000,0.0,0.0
2023-03-17 00:00:00-04:00,99.37878995970463,101.93610789707766,99.22019261289883,100.72683715820312,61028500,0.0,0.0
2023-03-20 00:00:00-04:00,99.2400149300755,100.85568559854943,98.9922122627572,100.3303451538086,32960400,0.0,0.0
2023-03-21 00:00:00-04:00,100.36008414076306,104.17624385241345,100.33034902951017,103.9978256225586,42110300,0.0,0.0
2023-03-22 00:00:00-04:00,103.35353221376229,105.65314064298035,102.42179933554432,102.4614486694336,43427400,0.0,0.0
2023-03-23 00:00:00-04:00,104.13659740739351,105.36570416377398,103.541872478814,104.6718521118164,40797800,0.0,0.0
2023-03-24 00:00:00-04:00,104.06721812674961,104.56282351890222,102.92732421233099,104.51326751708984,30393300,0.0,0.0
2023-03-27 00:00:00-04:00,103.70048258202414,103.83925149701737,101.03412295673954,101.55946350097656,31120900,0.0,0.0
2023-03-28 00:00:00-04:00,101.53963970691353,101.54954637031634,98.86336593215388,100.14202880859375,32057900,0.0,0.0
2023-03-29 00:00:00-04:00,101.38103253800085,101.58918588440255,99.7653617660232,100.49885559082031,28779600,0.0,0.0
2023-03-30 00:00:00-04:00,100.02308620252188,100.27088890436659,98.90301315028726,100.00325775146484,33086200,0.0,0.0
2023-03-31 00:00:00-04:00,100.40964092180509,102.97687285114189,100.15192403778421,102.81828308105469,36863400,0.0,0.0
2023-04-03 00:00:00-04:00,101.49006273887221,103.61125302709605,101.03410672538214,103.4427490234375,25035400,0.0,0.0
2023-04-04 00:00:00-04:00,103.41301187553275,104.65202522333027,103.12555987136325,103.7995834350586,24420100,0.0,0.0
2023-04-05 00:00:00-04:00,104.85025654335166,105.16744363432637,102.7488949015205,103.55177307128906,28290500,0.0,0.0
2023-04-06 00:00:00-04:00,104.33484197686876,108.21047194004801,103.41301570943838,107.4670639038086,48711500,0.0,0.0
2023-04-10 00:00:00-04:00,106.03972551827178,106.6443570965018,104.19607298512094,105.50447082519531,27067400,0.0,0.0
2023-04-11 00:00:00-04:00,105.61351451266003,105.79193276041674,103.75994758109535,104.42405700683594,26311800,0.0,0.0
2023-04-12 00:00:00-04:00,105.64325016239964,105.81175418548557,103.4229324985419,103.72029876708984,24370300,0.0,0.0
2023-04-13 00:00:00-04:00,104.90973463774462,106.54523377059805,104.90973463774462,106.48576354980469,24843600,0.0,0.0
2023-04-14 00:00:00-04:00,105.95051585392284,107.98250090468606,105.90095229177238,107.91311645507812,26578000,0.0,0.0
2023-04-17 00:00:00-04:00,103.74012106946371,105.22693719940173,103.60134460665196,105.03860473632812,37571200,0.0,0.0
2023-04-18 00:00:00-04:00,105.55402729287576,105.60359085373453,103.15529916912894,103.5815200805664,26596400,0.0,0.0
2023-04-19 00:00:00-04:00,102.66961069827711,104.05730725261225,102.16409110128505,103.26433563232422,20905700,0.0,0.0
2023-04-20 00:00:00-04:00,102.99670263824548,105.31613193758433,102.95705330462381,104.36457061767578,27820800,0.0,0.0
2023-04-21 00:00:00-04:00,104.54299836188882,105.0683388461455,103.85906052869694,104.48352813720703,25800100,0.0,0.0
2023-04-24 00:00:00-04:00,104.56282024731928,105.69279990108514,103.77976284473804,105.03860473632812,23542800,0.0,0.0
2023-04-25 00:00:00-04:00,104.89982577246494,105.75226754350551,102.92731111776044,102.93722534179688,46664100,0.0,0.0
2023-04-26 00:00:00-04:00,103.99782596670221,105.41525758570141,101.72795253139088,102.7984619140625,53347600,0.0,0.0
2023-04-27 00:00:00-04:00,103.53196218207461,107.41751415837903,102.62996431134651,106.64436340332031,50089200,0.0,0.0
2023-04-28 00:00:00-04:00,106.09919436658583,106.40646726401752,104.16632896179492,106.39655303955078,36139800,0.0,0.0
2023-05-01 00:00:00-04:00,105.90094553226093,107.040839327923,105.88112464606859,106.25778198242188,26681700,0.0,0.0
2023-05-02 00:00:00-04:00,106.19832091951841,106.2577911455612,102.79846768787561,104.39431762695312,30997200,0.0,0.0
2023-05-03 00:00:00-04:00,104.60246858657061,106.54524073699993,104.03747876508014,104.48352813720703,21795400,0.0,0.0
2023-05-04 00:00:00-04:00,104.5628157154331,104.67184949855658,103.05617876315749,103.76985168457031,23419500,0.0,0.0
2023-05-05 00:00:00-04:00,103.89871228613758,104.94939327912539,103.19495354910443,104.64212036132812,26639300,0.0,0.0
2023-05-08 00:00:00-04:00,104.2555520857097,107.01111689548593,104.2357311971691,106.82278442382812,26511400,0.0,0.0
2023-05-09 00:00:00-04:00,107.43733903114305,109.18187217322726,106.2478890847401,106.40647888183594,36360100,0.0,0.0
2023-05-10 00:00:00-04:00,107.02101664654327,111.94733485864512,106.98136731248631,110.76779174804688,63153400,0.0,0.0
2023-05-11 00:00:00-04:00,114.38571831983981,116.88356600068316,113.40442182690181,115.5454330444336,78900000,0.0,0.0
2023-05-12 00:00:00-04:00,115.65445099486213,116.99258376791674,115.08946126569079,116.47715759277344,41102300,0.0,0.0
2023-05-15 00:00:00-04:00,115.08948372088383,117.4386559807011,114.99036415582506,115.48596954345703,36266800,0.0,0.0
2023-05-16 00:00:00-04:00,115.46614156745153,119.6887016048796,115.40667134063953,118.45960235595703,45035600,0.0,0.0
2023-05-17 00:00:00-04:00,118.55871573573606,120.60060741468727,117.8450428018749,119.77790069580078,33323600,0.0,0.0
2023-05-18 00:00:00-04:00,119.8869385456927,122.2261965471798,119.76799809424153,121.75041961669922,35234200,0.0,0.0
2023-05-19 00:00:00-04:00,122.46408765080419,124.8628157815704,121.07639112841179,121.6810302734375,41353400,0.0,0.0
2023-05-22 00:00:00-04:00,121.85944209965614,125.31876521794419,121.66119542840033,123.95089721679688,35253000,0.0,0.0
2023-05-23 00:00:00-04:00,123.06872361968306,123.53458629434267,121.13585822548262,121.48278045654297,34046300,0.0,0.0
2023-05-24 00:00:00-04:00,120.05544702738894,120.83850441605266,118.80651938298395,119.8373794555664,34182600,0.0,0.0
2023-05-25 00:00:00-04:00,123.42555925112126,124.21853087598284,120.88806215130478,122.39470672607422,42317000,0.0,0.0
2023-05-26 00:00:00-04:00,122.08741708575724,124.15905132995717,121.37374418942687,123.51476287841797,35635900,0.0,0.0
2023-05-30 00:00:00-04:00,124.53570932230704,124.55553777083063,120.92770304942592,122.58302307128906,35076700,0.0,0.0
2023-05-31 00:00:00-04:00,121.67111394373497,122.96959754632296,121.42331126767849,121.7900619506836,37325800,0.0,0.0
2023-06-01 00:00:00-04:00,121.74050008884288,123.32643572526102,121.54226097016722,122.6325912475586,30772700,0.0,0.0
2023-06-02 00:00:00-04:00,122.90021802977736,125.04123686671639,122.67224379356901,123.5742416381836,26980100,0.0,0.0
2023-06-05 00:00:00-04:00,122.92005938301956,126.30999866835852,122.75154779147523,124.90248107910156,32305500,0.0,0.0
2023-06-06 00:00:00-04:00,124.90247813379248,127.16243004172154,124.25818958529099,126.19104766845703,26638300,0.0,0.0
2023-06-07 00:00:00-04:00,125.85403022098032,127.90582861001033,121.04665959275812,121.4233169555664,52539000,0.0,0.0
2023-06-08 00:00:00-04:00,121.15570308045743,122.14691391047484,120.17439891385648,121.06649017333984,29389200,0.0,0.0
2023-06-09 00:00:00-04:00,121.17550631108766,122.67223656375475,120.83849830791537,121.15568542480469,23778300,0.0,0.0
2023-06-12 00:00:00-04:00,121.7107637315462,122.95969134096524,120.59069835405128,122.55329132080078,28306400,0.0,0.0
2023-06-13 00:00:00-04:00,123.88150134297227,124.05991954947275,122.09731927796739,122.74160766601562,22278300,0.0,0.0
2023-06-14 00:00:00-04:00,122.01803328576474,122.95968796986351,120.38253415008784,122.58302307128906,30592300,0.0,0.0
2023-06-15 00:00:00-04:00,122.05768176188316,124.35729022251407,121.32418798075481,123.99053955078125,35246300,0.0,0.0
2023-06-16 00:00:00-04:00,124.82315134066675,125.00156955141776,122.19644173440794,122.44424438476562,45535600,0.0,0.0
2023-06-20 00:00:00-04:00,121.84953188431368,123.47511683040602,121.06647452234982,122.01803588867188,26097500,0.0,0.0
2023-06-21 00:00:00-04:00,121.32419395167761,121.58191085699323,119.04440626489465,119.4904556274414,30306300,0.0,0.0
2023-06-22 00:00:00-04:00,118.94527385499144,122.1567941316219,117.78555924986613,122.06758880615234,26952200,0.0,0.0
2023-06-23 00:00:00-04:00,120.31315570854476,121.71076646804086,119.99596857737609,121.26471710205078,34913600,0.0,0.0
2023-06-26 00:00:00-04:00,119.69860904954042,120.927708228838,117.23048890392118,117.29987335205078,33969900,0.0,0.0
2023-06-27 00:00:00-04:00,116.05094940599243,118.03337078609204,115.07955960231514,117.28996276855469,39535900,0.0,0.0
2023-06-28 00:00:00-04:00,116.0608579876023,119.33185634380241,115.82296953551025,119.12370300292969,27091400,0.0,0.0
2023-06-29 00:00:00-04:00,118.19196866920258,119.00476118828789,117.26023569905081,118.0531997680664,24090900,0.0,0.0
2023-06-30 00:00:00-04:00,119.11379660317279,120.0158020352129,118.63801966773421,118.6479263305664,29532200,0.0,0.0
2023-07-03 00:00:00-04:00,118.19196580370979,119.13362053840451,117.77565911039436,118.8461685180664,14467900,0.0,0.0
2023-07-05 00:00:00-04:00,118.19196765372497,121.5323506020042,118.18206099111318,120.6799087524414,27584800,0.0,0.0
2023-07-06 00:00:00-04:00,118.74704077325545,119.24264610609485,117.35934432883768,119.05431365966797,24745200,0.0,0.0
2023-07-07 00:00:00-04:00,119.04440112824291,119.98605581142945,118.35055667733691,118.42985534667969,21709500,0.0,0.0
2023-07-10 00:00:00-04:00,117.26022125117554,117.27012791265184,115.1192026477231,115.42647552490234,35315200,0.0,0.0
2023-07-11 00:00:00-04:00,115.2678850745914,116.67540235428439,114.33614466240792,116.11041259765625,23078800,0.0,0.0
2023-07-12 00:00:00-04:00,117.75582704091902,119.27237810993883,117.36925549635855,117.88468170166016,30404400,0.0,0.0
2023-07-13 00:00:00-04:00,119.86711735011022,123.73284082144414,119.39133285851337,123.44538879394531,44297900,0.0,0.0
2023-07-14 00:00:00-04:00,123.703104019214,125.6656970596948,122.4046128006824,124.3176498413086,33283100,0.0,0.0
2023-07-17 00:00:00-04:00,124.83308323552517,125.98288376353565,123.10837110000271,123.5544204711914,25716200,0.0,0.0
2023-07-18 00:00:00-04:00,123.50484690725973,123.58414557513862,121.87926202742847,122.67223358154297,26193600,0.0,0.0
2023-07-19 00:00:00-04:00,123.50485449122769,124.07975852514653,120.72946900607533,120.95744323730469,37224000,0.0,0.0
2023-07-20 00:00:00-04:00,120.35280998310415,122.9993409263446,117.18093854128094,118.1523208618164,37906800,0.0,0.0
2023-07-21 00:00:00-04:00,119.55982794306409,119.9265710332931,117.68644047254966,118.96509552001953,72937900,0.0,0.0
2023-07-24 00:00:00-04:00,120.59070763979601,121.91892646074687,119.91668400402355,120.46184539794922,29686100,0.0,0.0
2023-07-25 00:00:00-04:00,120.29333663689901,122.06760477820553,119.95632105113091,121.1358642578125,52509600,0.0,0.0
2023-07-26 00:00:00-04:00,128.92679121548855,129.82878151515044,127.19217238007396,128.13381958007812,61682100,0.0,0.0
2023-07-27 00:00:00-04:00,130.51268637579733,132.0688941403828,127.65799525968609,128.26263427734375,44952100,0.0,0.0
2023-07-28 00:00:00-04:00,129.63055136465587,132.56454208145672,129.4224055598101,131.41473388671875,36591200,0.0,0.0
2023-07-31 00:00:00-04:00,131.5633887175357,132.35636028283042,130.62174160079337,131.55348205566406,28055500,0.0,0.0
2023-08-01 00:00:00-04:00,129.63054701957142,131.4642930466913,129.5314198898495,130.39378356933594,23166800,0.0,0.0
2023-08-02 00:00:00-04:00,128.3122125664853,128.94658676241383,126.43882508751874,127.25162506103516,26273300,0.0,0.0
2023-08-03 00:00:00-04:00,126.84522229017263,128.25273953384962,126.30005343266693,127.32099914550781,20089500,0.0,0.0
2023-08-04 00:00:00-04:00,128.14371584341106,130.35411143081842,126.78576204807231,126.98400115966797,26147200,0.0,0.0
2023-08-07 00:00:00-04:00,128.0247675508261,130.4532305494762,127.88599866875109,130.37393188476562,22746300,0.0,0.0
2023-08-08 00:00:00-04:00,129.47192832567612,130.35410518598817,128.4014190247344,130.2450714111328,23535200,0.0,0.0
2023-08-09 00:00:00-04:00,130.50279169045498,130.87944143501775,127.86616785514812,128.52037048339844,24912900,0.0,0.0
2023-08-10 00:00:00-04:00,130.16581894175462,130.88939864324297,128.31224432674867,128.55014038085938,20857800,0.0,0.0
2023-08-11 00:00:00-04:00,127.52916585454872,128.78799249024013,127.04346719118266,128.42124938964844,19591100,0.0,0.0
2023-08-14 00:00:00-04:00,128.25273871650413,130.21533146634363,127.8265254190536,130.17568969726562,24695600,0.0,0.0
2023-08-15 00:00:00-04:00,129.94771801923622,130.26489755204278,128.14370743533297,128.63931274414062,19770700,0.0,0.0
2023-08-16 00:00:00-04:00,127.56881713867188,129.1349318973664,126.74611798522649,127.56881713867188,25216100,0.0,0.0
2023-08-17 00:00:00-04:00,128.65913574269388,130.8298893232879,128.15360866932792,128.778076171875,33446300,0.0,0.0
2023-08-18 00:00:00-04:00,127.38047304852682,128.11397436209768,125.2691971219061,126.33970642089844,30504800,0.0,0.0
2023-08-21 00:00:00-04:00,126.06217131195805,127.59854328866702,125.44761798387218,127.24170684814453,25248700,0.0,0.0
2023-08-22 00:00:00-04:00,127.38049057746434,129.13493787485558,127.19217323593709,127.94548797607422,22054900,0.0,0.0
2023-08-23 00:00:00-04:00,129.03581933612043,132.23744122531156,128.72854639699096,131.20657348632812,27819700,0.0,0.0
2023-08-24 00:00:00-04:00,132.7726592046356,133.07002541485494,128.4311669842587,128.63931274414062,28500700,0.0,0.0
2023-08-25 00:00:00-04:00,128.40142596774677,129.61070421801392,126.13156014533209,128.7384490966797,26762900,0.0,0.0
2023-08-28 00:00:00-04:00,130.15587147682967,131.3750563736932,128.99615680059247,129.85850524902344,20543300,0.0,0.0
2023-08-29 00:00:00-04:00,131.07771469222826,135.36965904379704,131.07771469222826,133.38723754882812,43075600,0.0,0.0
2023-08-30 00:00:00-04:00,133.59537690208668,135.08219295170898,132.89162577508347,134.6857147216797,28315800,0.0,0.0
2023-08-31 00:00:00-04:00,134.8145929291476,136.7871081215822,134.59652531492154,134.9731903076172,30053800,0.0,0.0
2023-09-01 00:00:00-04:00,136.25181824627185,136.25181824627185,133.66475792752385,134.46763610839844,21543700,0.0,0.0
2023-09-05 00:00:00-04:00,134.24960452599169,135.22098695723608,133.3971625609101,134.5767059326172,19403100,0.0,0.0
2023-09-06 00:00:00-04:00,134.824484524279,135.32999653967815,132.4951333142853,133.2781982421875,18684500,0.0,0.0
2023-09-07 00:00:00-04:00,132.41583170533318,134.38834641226532,131.78145747227418,134.07115173339844,18844300,0.0,0.0
2023-09-08 00:00:00-04:00,133.72425434486345,135.4588732667458,133.66478411606147,135.18133544921875,23558300,0.0,0.0
2023-09-11 00:00:00-04:00,135.3398878687072,136.27162824714438,134.5964799231039,135.716552734375,20763400,0.0,0.0
2023-09-12 00:00:00-04:00,135.0623790459448,135.66701824288407,134.00179134784412,134.1504669189453,18405500,0.0,0.0
2023-09-13 00:00:00-04:00,133.9026662941698,135.69675546177504,132.9709257016799,135.50843811035156,20749500,0.0,0.0
2023-09-14 00:00:00-04:00,136.39060981836033,137.48093260507594,135.0425625482196,136.88621520996094,24751000,0.0,0.0
2023-09-15 00:00:00-04:00,136.7672257039477,137.30248786391493,135.28040989797375,136.19232177734375,38919600,0.0,0.0
2023-09-18 00:00:00-04:00,135.40931114975817,137.9369017736187,135.40931114975817,136.99525451660156,21861300,0.0,0.0
2023-09-19 00:00:00-04:00,136.21216019438876,137.19346414304988,135.41918868155213,136.8267059326172,20353700,0.0,0.0
2023-09-20 00:00:00-04:00,136.8663646339005,136.8663646339005,132.44555860062232,132.56451416015625,29927500,0.0,0.0
2023-09-21 00:00:00-04:00,130.284744080372,131.06779392210422,128.9267901856762,129.2935333251953,31503900,0.0,0.0
2023-09-22 00:00:00-04:00,129.61069078701092,130.86953246620288,128.46089800194463,129.1051788330078,26397300,0.0,0.0
2023-09-25 00:00:00-04:00,128.6888930557924,130.0171118264149,127.82654454608127,129.9576416015625,20094600,0.0,0.0
2023-09-26 00:00:00-04:00,128.62941408463055,129.2142247554818,126.10182382754034,127.4399642944336,25718700,0.0,0.0
2023-09-27 00:00:00-04:00,127.43996798020761,129.7494756200031,127.43996798020761,129.39263916015625,22746500,0.0,0.0
2023-09-28 00:00:00-04:00,128.6987879376221,132.12838346203904,128.64922437989011,131.14707946777344,22513100,0.0,0.0
2023-09-29 00:00:00-04:00,132.10856705829798,132.87180356786632,129.21423349403221,129.7098388671875,30859800,0.0,0.0
2023-10-02 00:00:00-04:00,130.05674778825096,133.238525303025,130.01709089494992,132.99072265625,22288000,0.0,0.0
2023-10-03 00:00:00-04:00,132.76277495232893,133.0799545386721,130.68122625412332,131.2660369873047,22989400,0.0,0.0
2023-10-04 00:00:00-04:00,131.6228674142173,134.37844718411898,131.36515806688755,134.0513458251953,26752300,0.0,0.0
2023-10-05 00:00:00-04:00,133.88282775878906,134.2991344106199,132.27705624495698,133.88282775878906,19832600,0.0,0.0
2023-10-06 00:00:00-04:00,132.832158631349,136.94569267381706,132.832158631349,136.37078857421875,27597600,0.0,0.0
2023-10-09 00:00:00-04:00,135.73641188198502,137.71883351864395,134.41809967864563,137.20339965820312,19278100,0.0,0.0
2023-10-10 00:00:00-04:00,137.28269277954,138.4919711389079,136.12297798401696,136.8465576171875,27786600,0.0,0.0
2023-10-11 00:00:00-04:00,137.36199550625815,139.86975763903897,137.36199550625815,139.31468200683594,25884300,0.0,0.0
2023-10-12 00:00:00-04:00,139.8102704594491,139.9787744613181,137.04478417224522,137.74855041503906,24765500,0.0,0.0
2023-10-13 00:00:00-04:00,138.15494443848604,138.76949019803877,135.41919338050468,136.15269470214844,23420500,0.0,0.0
2023-10-16 00:00:00-04:00,136.95559225322052,138.4027666531714,136.77718157188923,137.87742614746094,28501900,0.0,0.0
2023-10-17 00:00:00-04:00,137.41155773728624,138.67038456071032,135.97428998075208,138.49197387695312,23515800,0.0,0.0
2023-10-18 00:00:00-04:00,138.2243153813824,139.48315708044316,136.17251730070473,136.74742126464844,23375000,0.0,0.0
2023-10-19 00:00:00-04:00,137.2826688181467,138.43247675008314,136.17251778023484,136.5392608642578,26066000,0.0,0.0
2023-10-20 00:00:00-04:00,136.1229628278564,136.65820993362706,133.89273882524216,134.40817260742188,26335700,0.0,0.0
2023-10-23 00:00:00-04:00,133.85310324956066,136.45008589771163,132.77268707945487,135.30027770996094,26317900,0.0,0.0
2023-10-24 00:00:00-04:00,136.6185834917505,138.13513477372655,136.21218344241674,137.5899658203125,44814300,0.0,0.0
2023-10-25 00:00:00-04:00,127.03357963724113,127.18225520722929,123.97073433573493,124.50598907470703,84366200,0.0,0.0
2023-10-26 00:00:00-04:00,122.18655016094156,123.23723873561569,120.20412859059402,121.20525360107422,57061100,0.0,0.0
2023-10-27 00:00:00-04:00,121.79997301237394,122.22619393308011,119.15344215145646,121.0962142944336,44566500,0.0,0.0
2023-10-30 00:00:00-04:00,122.12707543139821,124.29782939084916,121.6711193945083,123.3660888671875,28940100,0.0,0.0
2023-10-31 00:00:00-04:00,123.96080791175726,124.268088371617,121.61164338905817,122.98942565917969,26292300,0.0,0.0
2023-11-01 00:00:00-04:00,122.97951373794584,125.37824186558063,122.63259149838505,125.33859252929688,30082400,0.0,0.0
2023-11-02 00:00:00-04:00,127.29128739355363,127.8463630140724,125.81438543905156,126.36946105957031,27124600,0.0,0.0
2023-11-03 00:00:00-04:00,126.8948073232597,128.39153014476756,126.73620996974631,127.96531677246094,26393100,0.0,0.0
2023-11-06 00:00:00-05:00,127.91572915468251,129.19438415583073,127.53906429208809,129.1051788330078,19052700,0.0,0.0
2023-11-07 00:00:00-05:00,129.5611383567172,130.7505879983134,128.73843178073938,129.81884765625,29757300,0.0,0.0
2023-11-08 00:00:00-05:00,129.81886492088287,131.04797161797262,129.63053247035484,130.68121337890625,26425800,0.0,0.0
2023-11-09 00:00:00-05:00,130.8001902664459,131.38500103733298,128.92680236714457,129.09530639648438,23747800,0.0,0.0
2023-11-10 00:00:00-05:00,128.95651664701234,131.63278248151076,128.27257885187583,131.42462158203125,26913300,0.0,0.0
2023-11-13 00:00:00-05:00,130.62174322003068,131.42462145714984,130.09640276550397,130.92901611328125,18324800,0.0,0.0
2023-11-14 00:00:00-05:00,133.01055394719708,134.50727652084166,132.14820555787506,132.445556640625,32395200,0.0,0.0
2023-11-15 00:00:00-05:00,133.6846160921879,133.84321347423608,132.39605395591323,133.4368133544922,23861500,0.0,0.0
2023-11-16 00:00:00-05:00,134.0017891113594,136.0139458049548,133.13944056401175,135.7264862060547,28013200,0.0,0.0
2023-11-17 00:00:00-05:00,134.80465005712884,134.86412027691202,132.47529895112487,134.12071228027344,37240600,0.0,0.0
2023-11-20 00:00:00-05:00,132.5149627101394,135.45885973926121,132.44557070034907,135.05245971679688,27815500,0.0,0.0
2023-11-21 00:00:00-05:00,135.09211259340776,135.9742895959558,134.76502634077858,135.76614379882812,22635300,0.0,0.0
2023-11-22 00:00:00-05:00,136.26175732475545,138.19461546533844,136.26175732475545,137.27279663085938,17813900,0.0,0.0
2023-11-24 00:00:00-05:00,136.8168204777558,136.91594760397751,134.79475717504624,135.4886016845703,12514300,0.0,0.0
2023-11-27 00:00:00-05:00,134.83439465228903,137.2033876965765,134.80465954030564,135.2110595703125,23436500,0.0,0.0
2023-11-28 00:00:00-05:00,134.8839589217478,136.0436736692128,134.2297562053289,135.99411010742188,18730000,0.0,0.0
2023-11-29 00:00:00-05:00,136.360853061755,137.07451079768657,133.65483716334538,133.80352783203125,23967200,0.0,0.0
2023-11-30 00:00:00-05:00,133.8630133792204,134.35861874891418,130.1261446568203,131.3651580810547,38988300,0.0,0.0
2023-12-01 00:00:00-05:00,130.7010498046875,130.94885249162763,129.52150659490437,130.7010498046875,31442300,0.0,0.0
2023-12-04 00:00:00-05:00,128.73845875055255,128.88713431514626,126.7758581121976,128.13381958007812,36669900,0.0,0.0
2023-12-05 00:00:00-05:00,127.8166359971415,130.97860102647664,127.12279142754068,129.83871459960938,27384800,0.0,0.0
2023-12-06 00:00:00-05:00,130.28472982782802,130.68120803665548,128.73844363885704,128.87721252441406,23576200,0.0,0.0
2023-12-07 00:00:00-05:00,133.8530984180632,137.34216463354636,133.5160903794074,135.7264862060547,56767100,0.0,0.0
2023-12-08 00:00:00-05:00,133.02046296777098,135.20112331976583,132.85195897633275,133.80352783203125,32260100,0.0,0.0
2023-12-11 00:00:00-05:00,131.21646382988015,132.16801753433697,130.20542478480553,132.1184539794922,31138000,0.0,0.0
2023-12-12 00:00:00-05:00,130.6514736502255,131.8310167463247,130.10630476656524,131.35523986816406,29032800,0.0,0.0
2023-12-13 00:00:00-05:00,132.20769395702044,132.32663440647838,130.41360492921032,131.40481567382812,30104800,0.0,0.0
2023-12-14 00:00:00-05:00,132.2077264924818,132.54473459866523,128.55015552478955,130.78038024902344,38722400,0.0,0.0
2023-12-15 00:00:00-05:00,130.463127310648,132.33651463883635,130.0269922501728,131.4345245361328,50847100,0.0,0.0
2023-12-18 00:00:00-05:00,131.46426381839478,135.9445247418158,131.26600960302858,134.6063995361328,32258000,0.0,0.0
2023-12-19 00:00:00-05:00,135.63727655584978,136.26174417356714,134.883961824314,135.44894409179688,25476800,0.0,0.0
2023-12-20 00:00:00-05:00,137.74855205293554,140.45455302635412,136.85646847368653,137.12408447265625,49107200,0.0,0.0
2023-12-21 00:00:00-05:00,138.26398757269197,139.4534374013907,137.9566995474428,139.18580627441406,27488300,0.0,0.0
2023-12-22 00:00:00-05:00,139.53275641715152,140.74203487129944,139.4732861857471,140.24642944335938,26532200,0.0,0.0
2023-12-26 00:00:00-05:00,140.3455151877592,141.42593118854055,139.94903696948103,140.27613830566406,16780300,0.0,0.0
2023-12-27 00:00:00-05:00,140.34552403156647,140.83122273553664,138.6604688106895,139.13624572753906,19628600,0.0,0.0
2023-12-28 00:00:00-05:00,139.5426512492503,139.8994877320987,138.5217053642322,138.9974822998047,16045700,0.0,0.0
2023-12-29 00:00:00-05:00,138.40274901874815,139.12632856419143,137.56021390956434,138.46221923828125,18733000,0.0,0.0
2024-01-02 00:00:00-05:00,137.3322465738531,138.2243301608941,135.28043314911363,136.95558166503906,23711200,0.0,0.0
2024-01-03 00:00:00-05:00,136.04366979922918,138.4027561263541,135.87516579367383,137.69898986816406,24212100,0.0,0.0
2024-01-04 00:00:00-05:00,137.20337960162615,137.93688094484938,135.15158137245075,135.19122314453125,27137700,0.0,0.0
2024-01-05 00:00:00-05:00,135.54807229763554,135.9544723417591,133.96212902161366,134.5370330810547,22513900,0.0,0.0
2024-01-08 00:00:00-05:00,135.09209963177744,137.78819394542484,135.06236452075504,137.61968994140625,21404000,0.0,0.0
2024-01-09 00:00:00-05:00,137.2826878289855,140.24641339378692,136.9357580192586,139.71115112304688,24759600,0.0,0.0
2024-01-10 00:00:00-05:00,139.7607161678604,141.74313767378752,139.67151083001588,141.0294647216797,21320200,0.0,0.0
2024-01-11 00:00:00-05:00,142.2288487056122,143.94363922184246,139.4038917651352,140.83123779296875,24008700,0.0,0.0
2024-01-12 00:00:00-05:00,141.41602290609686,141.94136334539857,140.57350292074238,141.3961944580078,18785500,0.0,0.0
2024-01-16 00:00:00-05:00,140.75191120368166,143.08126226290798,140.20674232549314,141.23760986328125,22670500,0.0,0.0
2024-01-17 00:00:00-05:00,140.10765256153263,140.59333617350276,137.6791740029759,140.22659301757812,20968600,0.0,0.0
2024-01-18 00:00:00-05:00,140.80149369743117,142.9425126026269,140.74202347084398,142.2189178466797,25746400,0.0,0.0
2024-01-19 00:00:00-05:00,143.4678295070268,145.16279118468964,143.11099308151773,145.09341430664062,34271900,0.0,0.0
2024-01-22 00:00:00-05:00,145.80710794511032,147.0857631627537,144.55817271543333,144.7068634033203,32200400,0.0,0.0
2024-01-23 00:00:00-05:00,144.60771819556675,145.8863732533205,144.2211466548808,145.7476043701172,21636100,0.0,0.0
2024-01-24 00:00:00-05:00,147.2344232959612,148.53292195218594,146.79830331468807,147.3930206298828,25233500,0.0,0.0
2024-01-25 00:00:00-05:00,148.75097410565905,151.70477730195304,148.22561860084704,150.53514099121094,29149100,0.0,0.0
2024-01-26 00:00:00-05:00,149.7719550941985,151.19928591444616,149.68273462913356,150.8523712158203,26115500,0.0,0.0
2024-01-29 00:00:00-05:00,150.7234988316385,152.42838247060587,150.0990312415879,152.16075134277344,27784300,0.0,0.0
2024-01-30 00:00:00-05:00,151.4570029311418,152.26978786685433,149.86115304703833,150.1287841796875,36331800,0.0,0.0
2024-01-31 00:00:00-05:00,142.35768815981584,142.73435309816574,138.6406477145511,138.86863708496094,71910000,0.0,0.0
2024-02-01 00:00:00-05:00,140.87088072545782,141.80262134151818,139.55256848408283,139.91932678222656,40466500,0.0,0.0
2024-02-02 00:00:00-05:00,138.03599811357188,141.3664667061821,135.30026199719302,141.1285858154297,62499600,0.0,0.0
2024-02-05 00:00:00-05:00,141.56471810110367,144.19142038150497,141.52506120365902,142.41714477539062,38505400,0.0,0.0
2024-02-06 00:00:00-05:00,143.37861935248668,144.08238559279584,141.93146022405054,142.83346557617188,29128200,0.0,0.0
2024-02-07 00:00:00-05:00,143.48766006197988,144.34010189614554,142.66495333978824,144.26080322265625,25208900,0.0,0.0
2024-02-08 00:00:00-05:00,144.54826480197747,145.0438701746272,143.82468519281807,144.6275634765625,22563800,0.0,0.0
2024-02-09 00:00:00-05:00,145.3907830102507,148.12653431225093,144.89517764390865,147.69039916992188,26829500,0.0,0.0
2024-02-12 00:00:00-05:00,147.11546841286923,148.02738030636831,146.0746943076273,146.23329162597656,21564100,0.0,0.0
2024-02-13 00:00:00-05:00,143.6462512860247,145.3808699923918,142.42706637302987,143.86431884765625,27837700,0.0,0.0
2024-02-14 00:00:00-05:00,144.79605648646725,145.23219160120888,142.82354180831294,144.65728759765625,22704200,0.0,0.0
2024-02-15 00:00:00-05:00,141.88189508654546,142.25855998207064,139.22545774352974,141.51515197753906,37590700,0.0,0.0
2024-02-16 00:00:00-05:00,141.7332189292563,141.9314580380152,138.90826247425002,139.28492736816406,31468900,0.0,0.0
2024-02-20 00:00:00-05:00,138.43249472896153,140.83122289008293,138.26399071915645,139.87965393066406,25144700,0.0,0.0
2024-02-21 00:00:00-05:00,140.2067659418033,141.4358727901422,139.44352938378043,141.29710388183594,23223300,0.0,0.0
2024-02-22 00:00:00-05:00,143.65614538078825,143.72553738281633,141.5448770819428,142.8235321044922,27191900,0.0,0.0
2024-02-23 00:00:00-05:00,142.40724256933106,143.40835995334845,142.16934655124388,142.6947021484375,19493800,0.0,0.0
2024-02-26 00:00:00-05:00,140.89069563143732,141.18806188186093,136.18244456120365,136.36087036132812,53641800,0.0,0.0
2024-02-27 00:00:00-05:00,136.80689055869198,138.0260753556502,135.88505684049912,137.65933227539062,33099200,0.0,0.0
2024-02-28 00:00:00-05:00,136.6879649944579,136.79699878882042,134.21985975111554,135.18133544921875,37328600,0.0,0.0
2024-02-29 00:00:00-05:00,136.07342061463353,137.6395355304316,135.20115025022022,137.24305725097656,42133000,0.0,0.0
2024-03-01 00:00:00-05:00,137.21328646339086,137.6494215802847,135.71656378920932,135.93463134765625,31151100,0.0,0.0
2024-03-04 00:00:00-05:00,134.46765773338637,134.46765773338637,130.7506173169925,132.17796325683594,55999400,0.0,0.0
2024-03-05 00:00:00-05:00,130.72087171210643,132.06891886657937,129.5215001124862,131.50392150878906,40194800,0.0,0.0
2024-03-06 00:00:00-05:00,131.94995491359472,132.40591846062833,129.69991766152992,130.2450714111328,35318600,0.0,0.0
2024-03-07 00:00:00-05:00,131.62286181229678,133.75397388585452,130.45324044956945,133.1988983154297,37738200,0.0,0.0
2024-03-08 00:00:00-05:00,133.03041390483907,136.8763016912152,132.822252972934,134.21986389160156,39370400,0.0,0.0
2024-03-11 00:00:00-04:00,134.93353345070832,137.8774307891928,134.93353345070832,136.45999145507812,32437800,0.0,0.0
2024-03-12 00:00:00-04:00,135.82560336197784,138.15495459716567,135.82560336197784,137.28268432617188,27563400,0.0,0.0
2024-03-13 00:00:00-04:00,137.7782905156126,139.84991729704038,137.7683838532644,138.56134033203125,23347200,0.0,0.0
2024-03-14 00:00:00-04:00,139.9490235510771,142.32792288200474,139.22544406599317,141.8422393798828,42753400,0.0,0.0
2024-03-15 00:00:00-04:00,141.24752279739727,141.9215388042357,138.7992311922684,139.93911743164062,49475400,0.0,0.0
2024-03-18 00:00:00-04:00,147.3038069838802,150.8126858318924,145.87646130852835,146.38197326660156,69273700,0.0,0.0
2024-03-19 00:00:00-04:00,146.8577896722865,147.4822421656298,144.79606947876087,145.7377166748047,24070400,0.0,0.0
2024-03-20 00:00:00-04:00,146.6991920761811,147.55163393242162,145.45027196690233,147.4326934814453,21311500,0.0,0.0
2024-03-21 00:00:00-04:00,148.15624755525624,149.0483310331233,145.6088290884326,146.3026885986328,24755600,0.0,0.0
2024-03-22 00:00:00-04:00,147.8093327695821,150.24771771386577,147.67056387842288,149.44483947753906,29211800,0.0,0.0
2024-03-25 00:00:00-04:00,148.622129594887,149.0582647076252,146.52076782406607,148.75099182128906,19229300,0.0,0.0
2024-03-26 00:00:00-04:00,148.89967658168865,150.92173980939236,148.66178056238658,149.34571838378906,22149100,0.0,0.0
2024-03-27 00:00:00-04:00,149.85121819279237,150.30718174477965,147.59125913003174,149.5439453125,22879200,0.0,0.0
2024-03-28 00:00:00-04:00,149.52414052577765,150.09902942352818,148.85010938322958,149.60342407226562,24485400,0.0,0.0
2024-04-01 00:00:00-04:00,149.3655526121771,154.3711700008442,149.28625393600836,154.1233673095703,31730800,0.0,0.0
2024-04-02 00:00:00-04:00,152.1508722171171,153.3403222648886,150.8127314604504,153.20155334472656,24586000,0.0,0.0
2024-04-03 00:00:00-04:00,152.2499745660593,153.71696221529052,151.38761094398126,153.55836486816406,24705000,0.0,0.0
2024-04-04 00:00:00-04:00,152.15083657251893,153.40967834779974,149.12764102936788,149.20693969726562,34724700,0.0,0.0
2024-04-05 00:00:00-04:00,148.71134571985755,152.07154951460475,148.28513236262637,151.15963745117188,23459200,0.0,0.0
2024-04-08 00:00:00-04:00,151.4371847974656,153.9053051340792,151.2686807764452,153.48899841308594,20702000,0.0,0.0
2024-04-09 00:00:00-04:00,154.71807515609422,157.16636680492698,153.825991572372,155.22360229492188,31079500,0.0,0.0
2024-04-10 00:00:00-04:00,154.83704643510924,155.23352470706243,153.32047998943062,154.7676544189453,22838600,0.0,0.0
2024-04-11 00:00:00-04:00,155.53088422887154,158.27652714867145,155.08484241109738,158.0089111328125,27166400,0.0,0.0
2024-04-12 00:00:00-04:00,156.57163251549102,158.81176301923506,155.75883256632315,156.34364318847656,25353700,0.0,0.0
2024-04-15 00:00:00-04:00,157.46372881803066,157.8403937153416,153.23125499058935,153.49888610839844,27136500,0.0,0.0
2024-04-16 00:00:00-04:00,152.8347772006078,154.28193632388786,152.08144740386092,153.0429229736328,20779500,0.0,0.0
2024-04-17 00:00:00-04:00,154.25223698800912,155.6994115715961,153.22138429637593,154.1035614013672,21763100,0.0,0.0
2024-04-18 00:00:00-04:00,153.97466932035476,155.5606125191913,153.26099639334586,154.63877868652344,19883000,0.0,0.0
2024-04-19 00:00:00-04:00,154.8271274373676,154.98572479887758,150.96141127979288,152.7356719970703,32615600,0.0,0.0
2024-04-22 00:00:00-04:00,152.9537163543577,156.2544497066036,152.7059136863934,154.90640258789062,26446200,0.0,0.0
2024-04-23 00:00:00-04:00,155.58044145804854,157.57276956282405,154.90641030278562,156.86900329589844,21151600,0.0,0.0
2024-04-24 00:00:00-04:00,156.10578401898567,158.16750416167633,155.7885893241061,157.7313690185547,22779100,0.0,0.0
2024-04-25 00:00:00-04:00,149.99992338282905,155.11457444082362,149.5439597867095,154.62887573242188,57109700,0.0,0.0
2024-04-26 00:00:00-04:00,172.83740297886922,173.17442610783888,168.1588873174152,170.4386749267578,64665300,0.0,0.0
2024-04-29 00:00:00-04:00,167.57404719945058,168.05974579654776,163.75789579256286,164.6896209716797,45610000,0.0,0.0
2024-04-30 00:00:00-04:00,164.1544172520467,166.62253752967678,161.1708782605576,161.3492889404297,33562900,0.0,0.0
2024-05-01 00:00:00-04:00,162.8559043704291,165.65111039357393,161.65653289129983,162.41976928710938,33493200,0.0,0.0
2024-05-02 00:00:00-04:00,163.34160023066508,165.26455135719664,162.4495166743879,165.155517578125,24294500,0.0,0.0
2024-05-03 00:00:00-04:00,166.08727540907034,166.48376879475936,161.61692024874446,165.7700958251953,34662400,0.0,0.0
2024-05-06 00:00:00-04:00,165.98815382038057,166.6621698501134,164.5707146259979,166.62252807617188,21871300,0.0,0.0
2024-05-07 00:00:00-04:00,167.01898291372035,170.25032396319247,166.90994914481348,169.74481201171875,28039700,0.0,0.0
2024-05-08 00:00:00-04:00,167.51460097970468,168.65448718502228,167.25689165384944,167.89126586914062,19569100,0.0,0.0
2024-05-09 00:00:00-04:00,167.9011587181858,169.18973549080403,166.70178726740875,168.46615600585938,15346700,0.0,0.0
2024-05-10 00:00:00-04:00,166.5531482403928,168.35715914244224,164.72932401226194,167.16769409179688,29799900,0.0,0.0
2024-05-13 00:00:00-04:00,162.81625335334653,167.79213497268913,162.55854403329832,167.6533660888672,31327600,0.0,0.0
2024-05-14 00:00:00-04:00,168.2778370057792,169.74482453915033,167.31636146118933,168.8428192138672,25127100,0.0,0.0
2024-05-15 00:00:00-04:00,169.13029325056647,171.13252805375882,169.01133767709646,170.99375915527344,26948400,0.0,0.0
2024-05-16 00:00:00-04:00,171.76691660178736,173.58083422008207,171.17219918369724,172.6490936279297,27867900,0.0,0.0
2024-05-17 00:00:00-04:00,172.64909207464802,174.7207341676862,172.16340845627886,174.5125732421875,24479300,0.0,0.0
2024-05-20 00:00:00-04:00,174.6413954830634,177.19872060867087,174.53236171366905,175.36497497558594,22554400,0.0,0.0
2024-05-21 00:00:00-04:00,175.34518759904142,176.58420112115073,174.26477143768452,176.28684997558594,16989400,0.0,0.0
2024-05-22 00:00:00-04:00,175.08745176039344,175.5929637561036,173.6700277652412,174.82974243164062,17880000,0.0,0.0
2024-05-23 00:00:00-04:00,175.5136937401354,176.68331515847908,171.42989518914035,172.02462768554688,21024900,0.0,0.0
2024-05-24 00:00:00-04:00,173.44205880318444,174.22512379260593,172.12374664509454,173.4519805908203,16579400,0.0,0.0
2024-05-28 00:00:00-04:00,172.91669064448408,175.71191186906103,172.83739197945985,174.84954833984375,20572200,0.0,0.0
2024-05-29 00:00:00-04:00,173.88808788543193,175.2856986187846,173.1843367499764,174.3539581298828,23388700,0.0,0.0
2024-05-30 00:00:00-04:00,173.6600966913534,173.67992513855842,170.28006486489895,170.59725952148438,22931500,0.0,0.0
2024-05-31 00:00:00-04:00,170.34948191938355,171.53893180715215,167.95075369372532,170.98385620117188,37638900,0.0,0.0
2024-06-03 00:00:00-04:00,171.0234968625416,172.9960117081414,169.65563630662328,171.64796447753906,27459100,0.0,0.0
2024-06-04 00:00:00-04:00,171.7570001617278,172.3219975576634,170.37921780326457,172.26251220703125,26879600,0.0,0.0
2024-06-05 00:00:00-04:00,173.6601252146541,175.09737781727256,172.40128329216327,173.8682861328125,22068500,0.0,0.0
2024-06-06 00:00:00-04:00,174.3539443603167,175.59295765203206,174.20526881518043,175.17665100097656,23251000,0.0,0.0
2024-06-07 00:00:00-04:00,175.49388346446483,176.3066684940716,172.76805363555374,172.92665100097656,19661400,0.0,0.0
2024-06-10 00:00:00-04:00,173.63119590631558,175.70520037025813,171.43809934111798,173.67088317871094,23726700,0.2,0.0
2024-06-11 00:00:00-04:00,174.8716214180017,175.48687252833415,172.440371072749,175.2685546875,21540600,0.0,0.0
2024-06-12 00:00:00-04:00,176.88606752522927,179.0295432819228,174.76244297240288,176.42958068847656,27864700,0.0,0.0
2024-06-13 00:00:00-04:00,174.76244518542256,175.38762940788288,173.5418611176958,173.81971740722656,20913300,0.0,0.0
2024-06-14 00:00:00-04:00,172.886928506799,175.7051941501706,172.81745685502335,175.437255859375,18063600,0.0,0.0
2024-06-17 00:00:00-04:00,174.1174408030097,176.99524483970762,173.47240531751984,175.88381958007812,19618500,0.0,0.0
2024-06-18 00:00:00-04:00,175.78459187073935,176.03267896636487,172.76785945042823,173.75027465820312,21869900,0.0,0.0
2024-06-20 00:00:00-04:00,174.02812743639052,175.93343447480135,173.65104535533175,174.95101928710938,20160100,0.0,0.0
2024-06-21 00:00:00-04:00,175.64564289932446,179.46618977626414,175.25862768166826,178.25552368164062,57759000,0.0,0.0
2024-06-24 00:00:00-04:00,178.7814578148954,179.5058677711299,177.30285352534577,177.84864807128906,18298000,0.0,0.0
2024-06-25 00:00:00-04:00,178.24558215319573,182.87984651633045,178.04711553791142,182.62184143066406,23130200,0.0,0.0
2024-06-26 00:00:00-04:00,181.23257184786374,183.0981763241254,181.0837105201297,182.47300720214844,19839000,0.0,0.0
2024-06-27 00:00:00-04:00,182.77070317530075,184.6264047984624,182.61193895476885,183.99130249023438,18848900,0.0,0.0
2024-06-28 00:00:00-04:00,182.90966546961494,183.71346525578238,180.56772262567728,180.75625610351562,29156600,0.0,0.0
2024-07-01 00:00:00-04:00,181.62953102450626,182.47303324260807,179.9127724889494,181.58984375,16006100,0.0,0.0
2024-07-02 00:00:00-04:00,180.65700787416756,184.1500780686585,180.17075176456586,183.82260131835938,17372500,0.0,0.0
2024-07-03 00:00:00-04:00,183.43559898745033,184.666101253454,182.59209683114494,184.39817810058594,10242100,0.0,0.0
2024-07-05 00:00:00-04:00,184.43785005315465,189.3995914027585,184.37831157968466,189.14158630371094,20967500,0.0,0.0
2024-07-08 00:00:00-04:00,188.4469257746695,188.71486404073931,186.34315233953677,187.58358764648438,21035900,0.0,0.0
2024-07-09 00:00:00-04:00,188.85380640623399,189.89577517091524,187.27597621110633,187.5339813232422,15121400,0.0,0.0
2024-07-10 00:00:00-04:00,187.7026819141074,190.28279364749721,187.5836049591009,189.71714782714844,15952500,0.0,0.0
2024-07-11 00:00:00-04:00,188.39735066829172,189.39961710579536,183.66384453862594,184.1501007080078,25625800,0.0,0.0
2024-07-12 00:00:00-04:00,183.66384869720036,185.67831479276816,183.07836675932379,183.6539306640625,22898400,0.0,0.0
2024-07-15 00:00:00-04:00,183.5050408426138,186.79964437744582,183.5050408426138,185.10272216796875,16474000,0.0,0.0
2024-07-16 00:00:00-04:00,185.9263913901426,187.2362833659617,181.96691593885006,182.51271057128906,18290700,0.0,0.0
2024-07-17 00:00:00-04:00,181.569963789314,182.14552760174087,178.52344733868037,179.6348876953125,20734100,0.0,0.0
2024-07-18 00:00:00-04:00,180.53791505223174,181.10356083919302,175.119701930773,176.3303680419922,25315700,0.0,0.0
2024-07-19 00:00:00-04:00,177.511279614787,178.9104792954856,175.77466998349036,176.3006134033203,18881900,0.0,0.0
2024-07-22 00:00:00-04:00,179.20819962101348,181.30205541728276,178.8509535799711,180.27993774414062,24100300,0.0,0.0
2024-07-23 00:00:00-04:00,180.65702234023118,182.205083362309,180.15091498468195,180.3990020751953,36352700,0.0,0.0
2024-07-24 00:00:00-04:00,172.27166103830413,174.84183935353695,170.50528237716065,171.30908203125,49585200,0.0,0.0
2024-07-25 00:00:00-04:00,171.1999255778285,172.09303295252627,165.91070754972583,166.00001525878906,44852000,0.0,0.0
2024-07-26 00:00:00-04:00,165.87099888612107,166.80380863547714,162.8046465209646,165.72215270996094,41336900,0.0,0.0
2024-07-29 00:00:00-04:00,167.53816257445885,169.12591074335177,166.70459365013758,168.23280334472656,20293800,0.0,0.0
2024-07-30 00:00:00-04:00,168.9373789518768,169.91979407162952,167.15114899500833,168.9869842529297,18959700,0.0,0.0
2024-07-31 00:00:00-04:00,171.91443658888358,172.91670298864665,168.7091404604878,170.22743225097656,25729100,0.0,0.0
2024-08-01 00:00:00-04:00,168.9473226614739,172.71824977865398,167.58781013807817,169.4534149169922,24531400,0.0,0.0
2024-08-02 00:00:00-04:00,165.1664630337912,167.22061625981866,163.41000220136607,165.38478088378906,29130100,0.0,0.0
2024-08-05 00:00:00-04:00,154.3101575722687,163.17182044634595,153.74451178437454,158.03146362304688,53630700,0.0,0.0
2024-08-06 00:00:00-04:00,158.11086239581772,159.34137978517677,155.2132070680051,157.0788116455078,49004600,0.0,0.0
2024-08-07 00:00:00-04:00,160.01616866155442,161.7329270375027,157.2574415077753,157.72384643554688,25138600,0.0,0.0
2024-08-08 00:00:00-04:00,159.28181801513983,162.4374934400702,158.9841256428161,160.79019165039062,25578800,0.0,0.0
2024-08-09 00:00:00-04:00,158.7856348991968,162.5367099988413,157.84290710869936,162.41763305664062,28602300,0.0,0.0
2024-08-12 00:00:00-04:00,163.09246822974885,163.63824774493187,160.60166401463542,161.0482177734375,15895300,0.0,0.0
2024-08-13 00:00:00-04:00,162.1596237343071,163.46951549041373,161.72298810159427,162.9038848876953,18551700,0.0,0.0
2024-08-14 00:00:00-04:00,161.15733357604037,161.97106632758315,156.50323346974255,159.1428680419922,40591100,0.0,0.0
2024-08-15 00:00:00-04:00,159.27189898700752,160.40317542086007,158.38870962322818,160.06578063964844,31524300,0.0,0.0
2024-08-16 00:00:00-04:00,160.23446942114322,163.79699592189854,159.89707465805918,161.71307373046875,24208600,0.0,0.0
2024-08-19 00:00:00-04:00,164.0153203524916,165.41453504299912,163.00312088041883,165.39468383789062,22416200,0.0,0.0
2024-08-20 00:00:00-04:00,165.62294626435101,167.34963797695062,165.54357171525163,165.9008026123047,18341500,0.0,0.0
2024-08-21 00:00:00-04:00,163.88630724691845,165.57331138365288,163.40998432722168,164.58096313476562,22902000,0.0,0.0
2024-08-22 00:00:00-04:00,165.9801625781286,166.30763931714822,162.06039002531082,162.54664611816406,22493300,0.0,0.0
2024-08-23 00:00:00-04:00,163.4596147462646,164.9084347985432,162.57642535652303,164.35272216796875,13955700,0.0,0.0
2024-08-26 00:00:00-04:00,165.1069286953162,166.26797448558267,163.20162161831215,164.88861083984375,14190400,0.0,0.0
2024-08-27 00:00:00-04:00,164.57104961527048,165.1664646925233,163.201619164844,163.419921875,11821900,0.0,0.0
2024-08-28 00:00:00-04:00,163.77715768210635,164.33288545251102,160.2940205808296,161.6039276123047,16407400,0.0,0.0
2024-08-29 00:00:00-04:00,163.05275436266322,164.70005625165825,159.02382249929119,160.5421142578125,19699800,0.0,0.0
2024-08-30 00:00:00-04:00,161.37568835446018,162.40773914692483,160.45281163127092,162.1298828125,22123800,0.0,0.0
2024-09-03 00:00:00-04:00,160.48255309061489,160.61156320284906,155.28264303988357,156.15591430664062,38945300,0.0,0.0
2024-09-04 00:00:00-04:00,155.4612837104589,157.78337502963737,154.76664294942685,155.2528839111328,19353800,0.0,0.0
2024-09-05 00:00:00-04:00,155.1040401638185,158.2299312085826,154.78648144405375,156.03684997558594,18688700,0.0,0.0
2024-09-06 00:00:00-04:00,156.09638450541732,156.62232787245784,149.39803374273566,149.76519775390625,37912100,0.0,0.0
2024-09-09 00:00:00-04:00,151.54385960268255,152.4282209390493,146.2873778721235,147.7679443359375,39260500,0.2,0.0
2024-09-10 00:00:00-04:00,149.4969156283568,150.31172831197244,147.40028159964342,147.71826171875,31118800,0.0,0.0
2024-09-11 00:00:00-04:00,148.97025775559644,150.54025030429756,146.5854677760219,150.20240783691406,29607700,0.0,0.0
2024-09-12 00:00:00-04:00,152.8256911821986,153.839233801539,151.68296725155358,153.71005249023438,29621500,0.0,0.0
2024-09-13 00:00:00-04:00,154.44535510677574,157.37667920350046,154.2267627397466,156.46250915527344,29591200,0.0,0.0
2024-09-16 00:00:00-04:00,156.313451749423,157.2474993531957,155.60795803142506,157.05870056152344,18379800,0.0,0.0
2024-09-17 00:00:00-04:00,158.01264265003823,159.53294917671778,157.37669753536267,158.3107452392578,20715600,0.0,0.0
2024-09-18 00:00:00-04:00,158.84732423336595,159.483269373917,157.5953115022546,158.79763793945312,23677300,0.0,0.0
2024-09-19 00:00:00-04:00,162.67291544318158,162.7523953061902,160.31791891468873,161.11285400390625,26587700,0.0,0.0
2024-09-20 00:00:00-04:00,162.46425419413836,162.69279293629415,161.03337393309369,162.55368041992188,40896400,0.0,0.0
2024-09-23 00:00:00-04:00,163.3088698512438,164.4416474906759,160.64583942390462,160.82470703125,24150900,0.0,0.0
2024-09-24 00:00:00-04:00,161.9972194853163,162.18601827960998,159.67204679818846,161.26190185546875,23332100,0.0,0.0
2024-09-25 00:00:00-04:00,160.44711769027916,161.77862539142924,160.27819642927898,160.4669952392578,18869200,0.0,0.0
2024-09-26 00:00:00-04:00,162.60335078741144,163.0405658423745,161.25196569121914,161.69911193847656,20319300,0.0,0.0
2024-09-27 00:00:00-04:00,161.7786145898017,164.65030615932238,161.59976214731748,162.91139221191406,21101300,0.0,0.0
2024-09-30 00:00:00-04:00,162.28540572954867,165.09746486800793,162.22577308210086,164.79937744140625,20413900,0.0,0.0
2024-10-01 00:00:00-04:00,166.62769139519463,168.08838020304094,163.53739254376728,165.93212890625,28338100,0.0,0.0
2024-10-02 00:00:00-04:00,165.36574568962988,166.4587833748385,163.68644922877587,164.80929565429688,17760200,0.0,0.0
2024-10-03 00:00:00-04:00,163.3684842780683,165.5843532266716,162.88158291608877,164.80929565429688,15073100,0.0,0.0
2024-10-04 00:00:00-04:00,166.99535885279488,167.16428010496523,164.4317010051406,166.00169372558594,19047400,0.0,0.0
2024-10-07 00:00:00-04:00,166.65753420806615,167.41271432730716,161.71901678363855,161.9475555419922,22463100,0.0,0.0
2024-10-08 00:00:00-04:00,162.90145376713176,163.68644249996592,161.83822486594266,163.3386688232422,23072700,0.0,0.0
2024-10-09 00:00:00-04:00,162.41456443992033,163.7957583809211,158.72807525360884,160.8346405029297,31181800,0.0,0.0
2024-10-10 00:00:00-04:00,159.85089649743236,162.03697180217182,159.38387269706766,161.05323791503906,14144100,0.0,0.0
2024-10-11 00:00:00-04:00,161.10293319324816,162.86170956550862,160.21857182956228,162.20590209960938,15344300,0.0,0.0
2024-10-14 00:00:00-04:00,162.60336327926677,165.17695235890986,162.36487818674945,163.91500854492188,19016100,0.0,0.0
2024-10-15 00:00:00-04:00,164.73974614754195,166.61777276120088,163.5871060435806,164.41184997558594,20247200,0.0,0.0
2024-10-16 00:00:00-04:00,163.48770991975573,164.74966878217245,162.70272119940034,164.1137237548828,16406000,0.0,0.0
2024-10-17 00:00:00-04:00,164.68013867476157,165.31608383228354,161.7289516506957,161.8978729248047,21453400,0.0,0.0
2024-10-18 00:00:00-04:00,162.1562268737477,163.66660222742627,162.04692309495266,162.384765625,19757700,0.0,0.0
2024-10-21 00:00:00-04:00,161.9177395848208,163.45792366085925,161.58982825285435,163.03065490722656,20946500,0.0,0.0
2024-10-22 00:00:00-04:00,161.9475365199372,164.71987068710104,161.9475365199372,164.09385681152344,16568100,0.0,0.0
2024-10-23 00:00:00-04:00,163.71626254064074,164.76956032222017,160.90418838301372,161.74880981445312,18280500,0.0,0.0
2024-10-24 00:00:00-04:00,161.79848222899673,162.29531475497333,159.9900045566217,161.68917846679688,22412500,0.0,0.0
2024-10-25 00:00:00-04:00,162.63318258273335,164.5410179603954,162.38476628102538,164.22305297851562,19828900,0.0,0.0
2024-10-28 00:00:00-04:00,167.68098784367282,167.68098784367282,162.91139226813863,165.66384887695312,32138600,0.0,0.0
2024-10-29 00:00:00-04:00,166.66744336321563,169.30066498158368,166.03149830422933,168.60508728027344,42169000,0.0,0.0
2024-10-30 00:00:00-04:00,179.5353953312524,180.86691803166593,172.95733750175077,173.3548126220703,68890800,0.0,0.0
2024-10-31 00:00:00-04:00,172.03322375098372,175.6998499725552,169.91671248048732,170.02601623535156,44769000,0.0,0.0
2024-11-01 00:00:00-04:00,168.9926374988831,171.22838406204764,167.8101735573136,170.20489501953125,31796500,0.0,0.0
2024-11-04 00:00:00-05:00,168.85349334018605,169.6484284063568,166.94565827865142,168.16787719726562,21492700,0.0,0.0
2024-11-05 00:00:00-05:00,168.35668494331603,169.4497227111904,167.77042612333224,168.66473388671875,18242100,0.0,0.0
2024-11-06 00:00:00-05:00,172.69899134986846,175.81909904785277,172.40088879790804,175.39181518554688,33695500,0.0,0.0
2024-11-07 00:00:00-05:00,176.2861274447148,179.93287650946746,176.06751991171046,179.60496520996094,25352900,0.0,0.0
2024-11-08 00:00:00-05:00,179.50560202546419,179.7540183112244,176.95189049215537,177.22018432617188,22006200,0.0,0.0
2024-11-11 00:00:00-05:00,177.44871282536081,179.40623425717754,177.3394090594478,179.20750427246094,17450400,0.0,0.0
2024-11-12 00:00:00-05:00,178.6808819487348,181.33396618962504,178.25359803223796,180.46946716308594,25134900,0.0,0.0
2024-11-13 00:00:00-05:00,179.31681892204128,179.8136514950511,177.4089684990119,177.746826171875,23184000,0.0,0.0
2024-11-14 00:00:00-05:00,177.15062051532624,177.68720818344102,173.21571503907634,174.4677276611328,31007500,0.0,0.0
2024-11-15 00:00:00-05:00,172.62942807176185,173.03683438867833,170.1353342086739,171.3972930908203,32504600,0.0,0.0
2024-11-18 00:00:00-05:00,172.3213885251699,174.32859614097288,171.80467846165004,174.18948364257812,20135300,0.0,0.0
2024-11-19 00:00:00-05:00,172.61950254558704,177.73687175049812,172.46051249052883,176.9916229248047,23434900,0.0,0.0
2024-11-20 00:00:00-05:00,176.21655843045156,176.5544009125721,172.67911323618793,174.86517333984375,18997100,0.0,0.0
2024-11-21 00:00:00-05:00,172.79836977486937,173.02692368437366,162.662987910428,166.56809997558594,59734400,0.0,0.0
2024-11-22 00:00:00-05:00,164.7993539822004,165.4054902668861,162.8616950123504,163.71624755859375,38604600,0.0,0.0
2024-11-25 00:00:00-05:00,165.0378213787698,167.56173904858872,164.56086640923021,166.5879364013672,33135300,0.0,0.0
2024-11-26 00:00:00-05:00,166.5680936524055,168.74422275300518,166.5184073625678,168.04864501953125,20486700,0.0,0.0
2024-11-27 00:00:00-05:00,167.92943546987343,168.40639056782365,166.95564772260406,168.15797424316406,19266500,0.0,0.0
2024-11-29 00:00:00-05:00,167.43256870496816,168.35666996658753,166.10106111500806,167.8797149658203,14257200,0.0,0.0
2024-12-02 00:00:00-05:00,167.7008703464783,170.98989954223964,167.50214035040204,170.4036407470703,23789100,0.0,0.0
2024-12-03 00:00:00-05:00,170.40363650165742,171.5860852555961,169.7676914327812,170.25457763671875,22248700,0.0,0.0
2024-12-04 00:00:00-05:00,170.06577798333072,173.80196851105399,169.976351762093,173.265380859375,31615100,0.0,0.0
2024-12-05 00:00:00-05:00,174.24911120663256,174.9446737388749,171.2383071896845,171.5463409423828,21356200,0.0,0.0
2024-12-06 00:00:00-05:00,170.94019551806315,173.9708769207123,170.77127428081718,173.6032257080078,21462400,0.0,0.0
2024-12-09 00:00:00-05:00,173.05610866341627,175.34414569527965,172.74770667593938,174.45877075195312,25389600,0.2,0.0
2024-12-10 00:00:00-05:00,181.89990276575224,185.39165905883286,180.10925267461994,184.2078399658203,54813000,0.0,0.0
2024-12-11 00:00:00-05:00,184.3471064632806,194.59358956818772,183.88950517431252,194.38467407226562,67894100,0.0,0.0
2024-12-12 00:00:00-05:00,193.9867829766418,194.16584041322724,190.71388444540256,190.96258544921875,34817500,0.0,0.0
2024-12-13 00:00:00-05:00,190.01748306194702,191.7285469445743,188.65460660803555,188.83367919921875,25143500,0.0,0.0
2024-12-16 00:00:00-05:00,191.86783751599637,197.96599073113543,191.61913652261555,195.63815307617188,44934900,0.0,0.0
2024-12-17 00:00:00-05:00,196.22506444695088,200.37339478634232,193.96685539925252,194.40457153320312,43504000,0.0,0.0
2024-12-18 00:00:00-05:00,194.20565261646016,195.97640265451105,186.76452239029663,187.42108154296875,34166100,0.0,0.0
2024-12-19 00:00:00-05:00,190.63427019379503,192.0269895380088,187.40115762090377,187.5304718017578,32265200,0.0,0.0
2024-12-20 00:00:00-05:00,184.8146548375062,191.88771069567545,184.25756711987572,190.4154052734375,63462900,0.0,0.0
2024-12-23 00:00:00-05:00,191.6191173596315,194.0862418964859,189.16195057639908,193.61868286132812,25675000,0.0,0.0
2024-12-24 00:00:00-05:00,193.82758299009262,195.0909881591797,192.7730933133359,195.0909881591797,10403300,0.0,0.0
2024-12-26 00:00:00-05:00,194.13597478356786,195.72766709348628,193.36998671071595,194.58364868164062,12046600,0.0,0.0
2024-12-27 00:00:00-05:00,193.9370152813754,194.3051030426647,189.65935551931798,191.75839233398438,18891400,0.0,0.0
2024-12-30 00:00:00-05:00,188.81380244155494,191.54951344453465,188.13732782747584,190.24632263183594,14264700,0.0,0.0
2024-12-31 00:00:00-05:00,190.0871254076539,190.96255767118524,187.53047217416017,188.31637573242188,17466900,0.0,0.0
2025-01-02 00:00:00-05:00,189.65935593229025,191.00234725825092,186.52572974438567,188.44569396972656,20370800,0.0,0.0
2025-01-03 00:00:00-05:00,190.37561071207793,192.20606135937345,188.99283394745663,190.79342651367188,18596200,0.0,0.0
2025-01-06 00:00:00-05:00,192.97207816719848,197.1900526464094,192.84276396758787,195.84706115722656,29563600,0.0,0.0
2025-01-07 00:00:00-05:00,196.085805432373,199.95559215597262,193.5888530048973,194.47422790527344,26487200,0.0,0.0
2025-01-08 00:00:00-05:00,191.56941104474132,195.2700679108895,191.3803958585084,192.94223022460938,24864800,0.0,0.0
2025-01-10 00:00:00-05:00,193.29038055109964,195.49884619203587,189.32110794141667,191.0421142578125,26665200,0.0,0.0
2025-01-13 00:00:00-05:00,189.08238366148746,190.1866014129224,186.38645842630518,190.01748657226562,21823700,0.0,0.0
2025-01-14 00:00:00-05:00,190.24630678281764,190.98245196740993,187.33152340912505,188.6745147705078,17174900,0.0,0.0
2025-01-15 00:00:00-05:00,192.08668076451275,195.33969375687735,190.8630762218721,194.53390502929688,21776000,0.0,0.0
2025-01-16 00:00:00-05:00,193.1312278332848,194.46426141133438,191.8081368295779,191.90762329101562,17815400,0.0,0.0
2025-01-17 00:00:00-05:00,195.50881224351804,196.2051719482703,192.74325857357104,194.9815673828125,27735100,0.0,0.0
2025-01-21 00:00:00-05:00,198.03563938794179,201.23889429991502,196.8418624454126,197.02093505859375,29971300,0.0,0.0
2025-01-22 00:00:00-05:00,198.02566579041408,199.43828553458843,196.5036170079127,197.33924865722656,26200600,0.0,0.0
2025-01-23 00:00:00-05:00,197.11045095911172,199.25923110054313,194.18572496319172,196.95127868652344,26951400,0.0,0.0
2025-01-24 00:00:00-05:00,197.07067128135972,199.85611023612495,196.97118481318788,199.16970825195312,23877500,0.0,0.0
2025-01-27 00:00:00-05:00,191.41024296924735,195.85701810278013,189.73896434118248,190.8133544921875,41728900,0.0,0.0
2025-01-28 00:00:00-05:00,191.7484490804529,194.4642594397363,189.6891977496922,194.2852020263672,24157900,0.0,0.0
2025-01-29 00:00:00-05:00,194.54385257803781,195.7674571519655,192.4249153665142,194.39463806152344,18218300,0.0,0.0
2025-01-30 00:00:00-05:00,196.97118096512546,200.3535083038363,196.6428938419765,199.82626342773438,24354700,0.0,0.0
2025-01-31 00:00:00-05:00,200.95037662702387,204.41228975627837,200.75141889398662,202.9598846435547,32001100,0.0,0.0
2025-02-03 00:00:00-05:00,199.6471997728737,202.6912973186069,199.06026910715457,200.18438720703125,27838300,0.0,0.0
2025-02-04 00:00:00-05:00,202.33317837712485,205.97416454187623,201.75619025433605,205.30764770507812,43856400,0.0,0.0
2025-02-05 00:00:00-05:00,190.0772023789456,191.74846576717462,187.05298980095407,190.33584594726562,70373900,0.0,0.0
2025-02-06 00:00:00-05:00,188.5153520057582,191.10184839531686,187.73940612479137,190.6044464111328,29297400,0.0,0.0
2025-02-07 00:00:00-05:00,190.05729013281342,190.18660431911357,182.28787402069702,184.376953125,49315000,0.0,0.0
2025-02-10 00:00:00-05:00,186.37651565839897,187.22208986080463,184.89425239135454,185.50108337402344,23105600,0.0,0.0
2025-02-11 00:00:00-05:00,184.0685692836796,185.96864842614565,183.3224663388948,184.35707092285156,21239500,0.0,0.0
2025-02-12 00:00:00-05:00,182.26797191010567,184.14815067534644,180.88519509524076,182.65594482421875,22072600,0.0,0.0
2025-02-13 00:00:00-05:00,183.3622856084759,185.31209300157155,182.18840896285295,185.17282104492188,21402500,0.0,0.0
2025-02-14 00:00:00-05:00,184.09840225302517,185.43143579936174,183.3622571021092,184.26751708984375,20448400,0.0,0.0
2025-02-18 00:00:00-05:00,184.63561754552705,184.99374757151398,180.79567372558517,182.81512451171875,29916700,0.0,0.0
2025-02-19 00:00:00-05:00,183.11355043751632,184.496327170372,182.63603366423376,184.30731201171875,19549400,0.0,0.0
2025-02-20 00:00:00-05:00,183.83977159439488,184.34711614040583,181.77057757262898,183.60101318359375,20441500,0.0,0.0
2025-02-21 00:00:00-05:00,184.18795032658747,184.37696551099646,178.14949807767616,178.7264862060547,35199200,0.0,0.0
2025-02-24 00:00:00-05:00,181.04438722615922,182.16850543528213,177.9604887236702,178.31861877441406,29854200,0.0,0.0
2025-02-25 00:00:00-05:00,177.11488051844918,177.81125539535978,173.7822965453186,174.5084991455078,41913400,0.0,0.0
2025-02-26 00:00:00-05:00,174.1603418876601,175.16508845335508,170.68847049649932,171.83248901367188,35431300,0.0,0.0
2025-02-27 00:00:00-05:00,173.08594510447406,173.65297546387492,167.06737815788244,167.6244659423828,39991000,0.0,0.0
2025-02-28 00:00:00-05:00,167.80351036476668,169.7234897370402,165.90344649975822,169.39520263671875,48130600,0.0,0.0
2025-03-03 00:00:00-05:00,171.0366301036563,172.46915017235435,165.06780660374991,166.14219665527344,40770500,0.0,0.0
2025-03-04 00:00:00-05:00,165.37621562667857,172.38957139478455,164.93849945595062,170.03189086914062,45388000,0.0,0.0
2025-03-05 00:00:00-05:00,169.6339770163835,172.87703249017144,168.18155654289944,172.12098693847656,30954900,0.0,0.0
2025-03-06 00:00:00-05:00,169.64391728856972,173.9016770030345,169.61407438427003,171.4544677734375,28302000,0.0,0.0
2025-03-07 00:00:00-05:00,170.37010783184354,174.06083692312112,169.38526170085638,172.95660400390625,27385800,0.0,0.0
2025-03-10 00:00:00-04:00,167.57846950382446,167.77767157580016,163.0269878624875,165.19815063476562,43604000,0.2,0.0
2025-03-11 00:00:00-04:00,164.24206639490993,166.074610170201,160.71639599552714,163.37557983398438,39587400,0.0,0.0
2025-03-12 00:00:00-04:00,165.90529913170525,166.96100335852913,162.86764957538162,166.4331512451172,28372400,0.0,0.0
2025-03-13 00:00:00-04:00,165.36748287025196,165.45712989370372,161.4534078114044,162.10076904296875,31756200,0.0,0.0
2025-03-14 00:00:00-04:00,162.60869285591215,165.8156517325666,161.79200690237369,164.8197021484375,31995900,0.0,0.0
2025-03-17 00:00:00-04:00,164.36155036232188,165.6264105255193,163.00705838835037,163.62454223632812,31184300,0.0,0.0
2025-03-18 00:00:00-04:00,163.01702900544848,163.5847275921019,156.08522805432327,160.01922607421875,42074800,0.0,0.0
2025-03-19 00:00:00-04:00,161.10480349722013,165.19815700358515,160.3478872642785,163.22618103027344,34275600,0.0,0.0
2025-03-20 00:00:00-04:00,160.91558075554488,164.22212545502225,160.3080509045436,162.14059448242188,28138500,0.0,0.0
2025-03-21 00:00:00-04:00,160.55705156299513,163.57477782056455,160.2383403768693,163.32579040527344,36625800,0.0,0.0
2025-03-24 00:00:00-04:00,166.39330929919817,167.6382463166508,164.47111864181912,167.00082397460938,30879100,0.0,0.0
2025-03-25 00:00:00-04:00,168.29556886017417,169.93889491315255,167.63825363596857,169.86917114257812,24174400,0.0,0.0
2025-03-26 00:00:00-04:00,168.31547745607713,168.92300730211159,164.17232359449744,164.3914337158203,28901600,0.0,0.0
2025-03-27 00:00:00-04:00,163.96318944763343,164.74998295425303,161.3438371056606,161.58287048339844,24508300,0.0,0.0
2025-03-28 00:00:00-04:00,159.8399637284922,161.1645785777556,153.0077485673884,153.7049102783203,48669300,0.0,0.0
2025-03-31 00:00:00-04:00,152.48983972652445,154.9099898943082,150.0497663121255,154.01364135742188,54603500,0.0,0.0
2025-04-01 00:00:00-04:00,152.9977542507569,157.45961886287364,152.9977542507569,156.4337921142578,30672900,0.0,0.0
2025-04-02 00:00:00-04:00,154.52160145666073,157.76840744806043,154.07342709747007,156.40394592285156,25041700,0.0,0.0
2025-04-03 00:00:00-04:00,150.49796262916686,152.16119683607278,149.78087761580798,150.1095428466797,46883400,0.0,0.0
2025-04-04 00:00:00-04:00,147.41049617328275,150.45811474262314,144.79115903527634,145.01026916503906,62259500,0.0,0.0
2025-04-07 00:00:00-04:00,140.9766740613606,152.23090799124293,139.96080117715204,146.15560913085938,76794100,0.0,0.0
2025-04-08 00:00:00-04:00,150.60753452542212,151.62340760729396,142.45070298527986,144.1139373779297,52200200,0.0,0.0
2025-04-09 00:00:00-04:00,143.8350407612742,158.90376321404577,143.32711193141117,158.06716918945312,70406200,0.0,0.0
2025-04-10 00:00:00-04:00,155.9059376747643,157.081166059798,149.32271046519142,152.20101928710938,48022000,0.0,0.0
2025-04-11 00:00:00-04:00,152.28069286385934,157.03137687020202,152.2010302665367,156.50352478027344,33636200,0.0,0.0
2025-04-14 00:00:00-04:00,159.35194610703772,161.06498074344722,156.92182649738766,158.42572021484375,30333000,0.0,0.0
2025-04-15 00:00:00-04:00,158.48548058954378,159.00336349160088,154.58135959003184,155.67689514160156,27551500,0.0,0.0
2025-04-16 00:00:00-04:00,152.47988970477897,155.25858239966342,150.89631829246227,152.70895385742188,28187400,0.0,0.0
2025-04-17 00:00:00-04:00,153.66505665607545,154.0534763910807,147.8985151753075,150.54774475097656,33046600,0.0,0.0
2025-04-21 00:00:00-04:00,148.27697454416065,148.34668311054725,145.50823599827558,147.07186889648438,26049100,0.0,0.0
2025-04-22 00:00:00-04:00,148.2869392297591,151.5735760354548,147.93835078181212,150.8564910888672,26971800,0.0,0.0
2025-04-23 00:00:00-04:00,154.9797361333446,156.8919577671247,153.18702360261742,154.72079467773438,31128800,0.0,0.0
2025-04-24 00:00:00-04:00,155.51752994672043,158.94359913409957,155.15898746904153,158.63485717773438,45894000,0.0,0.0
2025-04-25 00:00:00-04:00,164.4014202116321,165.42724716152773,160.38772903857225,161.30401611328125,56034000,0.0,0.0
2025-04-28 00:00:00-04:00,161.77207767108948,162.48916256089402,157.95760427833062,159.95945739746094,29745800,0.0,0.0
2025-04-29 00:00:00-04:00,159.6706623611363,160.0889594093041,156.88200017636458,159.5113067626953,26809000,0.0,0.0
2025-04-30 00:00:00-04:00,157.34011335090173,158.62489684356424,154.7705615625615,158.15679931640625,34981100,0.0,0.0
2025-05-01 00:00:00-04:00,159.80011945187778,161.29404393761732,158.26636366652554,160.6466827392578,30203200,0.0,0.0
2025-05-02 00:00:00-04:00,162.7481319399907,164.3018109241553,161.21436100650547,163.36561584472656,25715000,0.0,0.0
2025-05-05 00:00:00-04:00,162.33980079480253,164.72011996544808,162.06093609508568,163.54490661621094,21341800,0.0,0.0
2025-05-06 00:00:00-04:00,161.51314352018753,164.13249581033162,160.53711717512775,162.56884765625,21277200,0.0,0.0
2025-05-07 00:00:00-04:00,163.41541831659652,164.33169015930102,147.24119073545722,150.76686096191406,127490100,0.0,0.0
2025-05-08 00:00:00-04:00,154.37220586033243,155.29843180094085,152.2807053795591,153.65512084960938,57498700,0.0,0.0
2025-05-09 00:00:00-04:00,153.5455638933439,154.4220044950508,151.58354176260508,152.13131713867188,32435300,0.0,0.0
2025-05-12 00:00:00-04:00,156.85210396646104,158.45558338936252,155.61712102310727,157.81817626953125,44138800,0.0,0.0
2025-05-13 00:00:00-04:00,158.1468266808066,159.919630909492,155.52748962665564,158.8838348388672,42382100,0.0,0.0
2025-05-14 00:00:00-04:00,159.31210428165852,166.3235827604559,158.96351584378579,164.70018005371094,48755900,0.0,0.0
2025-05-15 00:00:00-04:00,165.16827329805872,165.53678497348048,161.71232706903228,163.2958984375,33146700,0.0,0.0
2025-05-16 00:00:00-04:00,167.0506320085185,168.66408078965867,164.94917762065725,165.51687622070312,42846900,0.0,0.0
2025-05-19 00:00:00-04:00,163.84367142462605,165.96504904182535,163.55485271284547,165.86544799804688,30426100,0.0,0.0
2025-05-20 00:00:00-04:00,165.75590012466307,167.817523283891,162.24019892385144,163.31582641601562,46607700,0.0,0.0
2025-05-21 00:00:00-04:00,163.02701835873927,172.43874053476267,162.8975400271314,167.87728881835938,73416000,0.0,0.0
2025-05-22 00:00:00-04:00,171.15394376538748,176.05401394301808,170.0185618363875,170.1779022216797,74864400,0.0,0.0
2025-05-23 00:00:00-04:00,168.3752347830085,169.2715985296926,167.2099755896054,167.78762817382812,35211400,0.0,0.0
2025-05-27 00:00:00-04:00,169.47079940418584,172.46860243837372,169.3114438097941,172.19969177246094,37995700,0.0,0.0
2025-05-28 00:00:00-04:00,172.45864324425892,174.56009759174123,171.21370619473115,171.66188049316406,34784000,0.0,0.0
2025-05-29 00:00:00-04:00,173.29522613701107,173.71352313508294,169.93888093061088,171.1638946533203,29317300,0.0,0.0
2025-05-30 00:00:00-04:00,170.65598330984582,171.51250064033223,166.76181642373982,171.04440307617188,52639900,0.0,0.0
2025-06-02 00:00:00-04:00,167.1602000728598,169.18197682154243,166.71202573097702,168.3453826904297,38612300,0.0,0.0
2025-06-03 00:00:00-04:00,166.8116037120677,167.79758408844376,164.61054841286258,165.50689697265625,45084900,0.0,0.0
2025-06-04 00:00:00-04:00,166.06463226073475,167.53863332913048,165.68616657138267,167.36932373046875,26900800,0.0,0.0
2025-06-05 00:00:00-04:00,169.65006425936653,170.23767092126516,166.9112026488037,167.52870178222656,36379100,0.0,0.0
2025-06-06 00:00:00-04:00,170.1380845314093,173.79321800916722,170.1380845314093,172.97653198242188,35731800,0.0,0.0
2025-06-09 00:00:00-04:00,174.04348698482235,175.96800471005412,173.87397240224888,175.58908081054688,28935900,0.21,0.0
2025-06-10 00:00:00-04:00,175.69878257607027,180.59481935710423,174.41245877453574,178.0919647216797,61766100,0.0,0.0
2025-06-11 00:00:00-04:00,179.25860337876443,179.85688739895457,176.24719026638135,176.84548950195312,31646800,0.0,0.0
2025-06-12 00:00:00-04:00,175.6788256293735,176.2172980493167,174.25290075490625,175.2001953125,20941900,0.0,0.0
2025-06-13 00:00:00-04:00,171.9494740114175,176.6261351195968,171.8996131999643,174.17312622070312,27663100,0.0,0.0
2025-06-16 00:00:00-04:00,174.23294549738824,176.43666545813562,174.15317124562452,176.26715087890625,27389200,0.0,0.0
2025-06-17 00:00:00-04:00,175.20018931566514,176.85547082344988,174.08338020939252,175.44947814941406,24973000,0.0,0.0
2025-06-18 00:00:00-04:00,175.50931582595604,176.0577543370001,172.70731159680278,172.8269805908203,28707500,0.0,0.0
2025-06-20 00:00:00-04:00,173.45517315134433,173.8440631360939,164.98933381824614,166.1659698486328,75659900,0.0,0.0
2025-06-23 00:00:00-04:00,165.7970070061314,166.86395520731054,161.53914984557392,164.72007751464844,57671000,0.0,0.0
2025-06-24 00:00:00-04:00,166.4451757427373,167.74148079179992,165.65742968002243,166.2956085205078,40524300,0.0,0.0
2025-06-25 00:00:00-04:00,167.15316152434053,171.86970222006798,167.07338726794845,170.19447326660156,35479000,0.0,0.0
2025-06-26 00:00:00-04:00,171.9394978428303,173.19592338119924,169.4565906415466,173.0463409423828,31796700,0.0,0.0
2025-06-27 00:00:00-04:00,173.046329910377,178.17170771682706,171.241481190895,178.0221405029297,108140200,0.0,0.0
2025-06-30 00:00:00-04:00,180.26574336762212,180.7144602330707,174.08338322657394,175.7286834716797,63378900,0.0,0.0
2025-07-01 00:00:00-04:00,175.24007631497474,175.58907153758963,173.03635642713306,175.33978271484375,35904500,0.0,0.0
2025-07-02 00:00:00-04:00,175.04064818266679,178.35121133766924,174.57199915363273,178.1318359375,29128900,0.0,0.0
2025-07-03 00:00:00-04:00,177.9922335542414,179.15890351135596,176.54636131074304,179.01930236816406,21689700,0.0,0.0
2025-07-07 00:00:00-04:00,178.550625649566,178.78994839919216,175.1802358653973,176.28707885742188,34175600,0.0,0.0
2025-07-08 00:00:00-04:00,177.34407588154812,177.44378228214464,172.31840465770773,173.86399841308594,40442500,0.0,0.0
2025-07-09 00:00:00-04:00,174.75148618121452,178.92956979741228,172.27854501653255,176.11758422851562,43025600,0.0,0.0
2025-07-10 00:00:00-04:00,175.1304013990042,177.92242424511252,173.88395719435462,177.11473083496094,29252400,0.0,0.0
2025-07-11 00:00:00-04:00,176.2870917998284,180.91389212460822,175.97797606848104,179.67742919921875,34282900,0.0,0.0
2025-07-14 00:00:00-04:00,180.49507959550706,183.14751640721383,179.16886118965368,181.04351806640625,32536600,0.0,0.0
2025-07-15 00:00:00-04:00,182.28996266650833,183.69595532751242,181.08341324296114,181.48226928710938,33448300,0.0,0.0
2025-07-16 00:00:00-04:00,182.71874486155866,183.80564050002502,181.51218023918355,182.4495086669922,33104200,0.0,0.0
2025-07-17 00:00:00-04:00,181.6218637248093,183.53640005379035,179.96658229342344,183.05776977539062,31992600,0.0,0.0
2025-07-18 00:00:00-04:00,184.87259850820493,185.88970124039062,183.1874187229756,184.5335693359375,34014500,0.0,0.0
2025-07-21 00:00:00-04:00,185.720180506412,189.74868135121883,185.62045888710102,189.55923461914062,45803100,0.0,0.0
2025-07-22 00:00:00-04:00,190.9552485801447,191.10481579575136,186.9267476808465,190.7957000732422,44660200,0.0,0.0
2025-07-23 00:00:00-04:00,190.95526494810704,191.98233382433085,188.6418570458734,189.68887329101562,58681900,0.0,0.0
2025-07-24 00:00:00-04:00,196.4694966306823,197.38687762988894,190.45665172284095,191.62332153320312,74881700,0.0,0.0
2025-07-25 00:00:00-04:00,191.43387927305906,193.77720042486192,190.71592620592727,192.63046264648438,39785900,0.0,0.0
2025-07-28 00:00:00-04:00,193.0991291078416,193.49800038051387,190.29712498462092,192.0321807861328,38139500,0.0,0.0
2025-07-29 00:00:00-04:00,191.88259792418754,195.36267559548023,191.53360267868564,195.1931610107422,41389200,0.0,0.0
2025-07-30 00:00:00-04:00,195.04360005779435,197.0379108346005,194.13618500265545,195.970947265625,32445400,0.0,0.0
2025-07-31 00:00:00-04:00,195.15328548422434,195.43248777249184,190.54641729704366,191.35411071777344,51329200,0.0,0.0
2025-08-01 00:00:00-04:00,188.49228886934085,190.28717167835873,187.2857393250735,188.59201049804688,34832200,0.0,0.0
2025-08-04 00:00:00-04:00,189.7486806495505,194.71452513752175,189.579166069655,194.48516845703125,31547400,0.0,0.0
2025-08-05 00:00:00-04:00,194.15610566816423,197.29713862348967,193.33843105874547,194.1162109375,31602300,0.0,0.0
2025-08-06 00:00:00-04:00,193.94672263242092,196.0706684741306,193.11908183595835,195.53219604492188,21562900,0.0,0.0
2025-08-07 00:00:00-04:00,196.49942519635405,196.9780554903085,193.77719542929833,195.96096801757812,26321800,0.0,0.0
2025-08-08 00:00:00-04:00,196.65896623314958,202.03363260270996,196.60910542589713,200.84701538085938,39161800,0.0,0.0
2025-08-11 00:00:00-04:00,200.36839577051538,200.90685295750995,198.50372015999918,200.42822265625,25832400,0.0,0.0
2025-08-12 00:00:00-04:00,200.7971688962253,203.9182700251912,200.01938893683175,202.76156616210938,30397900,0.0,0.0
2025-08-13 00:00:00-04:00,203.5493232968563,203.94817934449617,196.94814463612107,201.385498046875,28342900,0.0,0.0
2025-08-14 00:00:00-04:00,200.92679533252792,203.85843438375156,200.65755913802832,202.36270141601562,25230400,0.0,0.0
2025-08-15 00:00:00-04:00,203.270115954676,205.85274455493158,200.70741950553764,203.31996154785156,34931400,0.0,0.0
2025-08-18 00:00:00-04:00,203.61911775674488,204.68608127587706,201.91399064284568,202.92111206054688,18526600,0.0,0.0
2025-08-19 00:00:00-04:00,202.45245084896237,202.86128819689205,199.39119181596234,200.99661254882812,24240200,0.0,0.0
2025-08-20 00:00:00-04:00,200.15898342104597,200.70742189093835,196.04074228977996,198.7530059814453,28955500,0.0,0.0
2025-08-21 00:00:00-04:00,199.18177795410156,201.9040077554449,198.86268094385764,199.18177795410156,19774600,0.0,0.0
2025-08-22 00:00:00-04:00,202.15329588435108,207.9467659198768,200.7273710651735,205.5037384033203,42827000,0.0,0.0
2025-08-25 00:00:00-04:00,205.84277405344866,209.92115104730735,204.69605147341804,207.8969268798828,29928900,0.0,0.0
2025-08-26 00:00:00-04:00,206.91970861500775,207.25875300984708,205.11485980130033,206.55076599121094,28464100,0.0,0.0
2025-08-27 00:00:00-04:00,205.11485047791405,208.31572581537765,205.0649896678173,206.88978576660156,23022900,0.0,0.0
2025-08-28 00:00:00-04:00,206.66043741838072,211.61630051242363,206.31142697470574,211.03794860839844,32339300,0.0,0.0
2025-08-29 00:00:00-04:00,209.91115472146953,214.03937701544265,209.6020390158818,212.30433654785156,39728400,0.0,0.0
2025-09-02 00:00:00-04:00,207.84706876322787,211.0778424398192,205.61343524607918,210.74879455566406,47523000,0.0,0.0
2025-09-03 00:00:00-04:00,225.5665221360729,230.65200537566233,224.15054812619755,230.0038604736328,103336100,0.0,0.0
2025-09-04 00:00:00-04:00,228.996719869086,231.70898363627637,225.46679662750995,231.63919067382812,51684200,0.0,0.0
2025-09-05 00:00:00-04:00,231.53945928914177,235.08932974831836,231.24030965390477,234.3314971923828,46588900,0.0,0.0
2025-09-08 00:00:00-04:00,235.01017746372742,237.66498669397225,233.21368944217105,233.5829620361328,32474700,0.21,0.0
2025-09-09 00:00:00-04:00,233.71270408816554,240.00040430810463,232.7745373112583,239.16204833984375,38061000,0.0,0.0
2025-09-10 00:00:00-04:00,238.4334648921733,241.1880848518513,237.38552753776509,238.70294189453125,35141100,0.0,0.0
2025-09-11 00:00:00-04:00,239.41157085914617,241.77693788592924,235.78865459463688,239.90060424804688,30599300,0.0,0.0
2025-09-12 00:00:00-04:00,239.90058949520323,241.6072568290254,237.53522261387997,240.3297576904297,26771600,0.0,0.0
2025-09-15 00:00:00-04:00,244.18222746714693,251.91709313601174,244.18222746714693,251.11865234375,58383800,0.0,0.0
2025-09-16 00:00:00-04:00,251.58774200911427,252.54585880051692,248.98283818718852,250.66954040527344,34109700,0.0,0.0
2025-09-17 00:00:00-04:00,250.7294115061419,251.10867430438276,245.7990560449756,249.04270935058594,34108000,0.0,0.0
2025-09-18 00:00:00-04:00,251.18851917528045,253.49402106561863,249.31220074129322,251.537841796875,31239500,0.0,0.0
2025-09-19 00:00:00-04:00,252.7554645478164,255.5000944688687,251.31827407979023,254.22259521484375,55571400,0.0,0.0
2025-09-22 00:00:00-04:00,253.93314887572123,255.28051872493555,249.81122418035432,252.036865234375,32290500,0.0,0.0
2025-09-23 00:00:00-04:00,252.54585863312587,253.8632882566711,249.9908602190898,251.16856384277344,26628000,0.0,0.0
2025-09-24 00:00:00-04:00,251.16857220037895,251.85722723296598,245.95876438662486,246.6573944091797,28201000,0.0,0.0
2025-09-25 00:00:00-04:00,243.9227126560544,246.00864273328935,240.26987173165682,245.30999755859375,31020400,0.0,0.0
2025-09-26 00:00:00-04:00,246.58752699597628,248.93292875938775,245.4896689933639,246.0585479736328,18503200,0.0,0.0
2025-09-29 00:00:00-04:00,247.3659922504587,250.65953566268354,242.295910900337,243.5734100341797,32505800,0.0,0.0
2025-09-30 00:00:00-04:00,242.33584768941728,242.8149061000678,238.78280195485732,242.6252899169922,34724300,0.0,0.0
2025-10-01 00:00:00-04:00,240.2798631456683,245.81902814560354,238.1440427490887,244.4217529296875,31658200,0.0,0.0
2025-10-02 00:00:00-04:00,244.67126631775048,246.32802833371,241.82684091969116,245.21022033691406,25483300,0.0,0.0
2025-10-03 00:00:00-04:00,244.01255894852343,245.8190218960462,241.18808361984188,244.87088012695312,30249600,0.0,0.0
2025-10-06 00:00:00-04:00,244.30198799944458,250.82922509816828,244.10238160883648,249.94094848632812,28894700,0.0,0.0
2025-10-07 00:00:00-04:00,247.78518329877946,249.95094390133718,245.04055349112926,245.2800750732422,23181300,0.0,0.0
2025-10-08 00:00:00-04:00,244.4816510919942,245.52958847857047,243.3438778825467,244.14230346679688,21307100,0.0,0.0
2025-10-09 00:00:00-04:00,243.99259549865826,244.28202248032238,238.68297718710045,241.05833435058594,27892100,0.0,0.0
2025-10-10 00:00:00-04:00,240.958526974338,243.61333616794536,235.37944680935243,236.1080322265625,33180300,0.0,0.0
2025-10-13 00:00:00-04:00,239.74093961058136,244.02255566567635,239.2419159793632,243.67323303222656,24995000,0.0,0.0
2025-10-14 00:00:00-04:00,240.75892736637323,246.63742490132327,240.04033214741565,244.97068786621094,22111600,0.0,0.0
2025-10-15 00:00:00-04:00,246.76717761089535,251.6176877577252,245.50964358356617,250.539794921875,27007700,0.0,0.0
2025-10-16 00:00:00-04:00,251.27834055068328,256.4581925767255,249.61160360230107,250.9689483642578,27997200,0.0,0.0
2025-10-17 00:00:00-04:00,250.27031046967195,253.72356048353365,247.32607427452788,252.80535888671875,29671600,0.0,0.0
2025-10-20 00:00:00-04:00,254.19265795496185,256.82748687148535,253.73354951664797,256.04901123046875,22350200,0.0,0.0
2025-10-21 00:00:00-04:00,254.24254216862593,254.38226816359625,243.6732110393333,249.9709014892578,47312100,0.0,0.0
2025-10-22 00:00:00-04:00,253.87326076642051,255.85936494298178,248.8031791754094,251.19850158691406,35029400,0.0,0.0
2025-10-23 00:00:00-04:00,252.48597410141812,254.54194887812838,251.35819113136333,252.58578491210938,19901400,0.0,0.0
2025-10-24 00:00:00-04:00,256.0789706985135,261.16901817646277,254.82145177331685,259.4124755859375,28655100,0.0,0.0
2025-10-27 00:00:00-04:00,264.3028491565017,269.61246721569535,263.76389517627246,268.744140625,35235200,0.0,0.0
2025-10-28 00:00:00-04:00,269.1633589320839,270.20133657580493,265.9795858431389,266.94769287109375,29738600,0.0,0.0
2025-10-29 00:00:00-04:00,267.2271543584551,274.802329420885,267.14732397902117,274.0338439941406,43580300,0.0,0.0
2025-10-30 00:00:00-04:00,291.02060225143094,291.02060225143094,279.51311834988803,280.93035888671875,74876000,0.0,0.0
2025-10-31 00:00:00-04:00,282.6569440736325,285.44150434001006,276.48901957648127,280.6408996582031,39267900,0.0,0.0
2025-11-03 00:00:00-05:00,281.62895336390585,284.97241759660864,279.25359613963377,283.16595458984375,29786000,0.0,0.0
2025-11-04 00:00:00-05:00,276.2095810062224,280.72074368596594,275.72054759218855,276.998046875,30078400,0.0,0.0
2025-11-05 00:00:00-05:00,278.32541216487215,285.86068664735006,276.79840119805726,283.7547912597656,31010300,0.0,0.0
2025-11-06 00:00:00-05:00,284.7728237611903,287.78694611145437,280.59103358006456,284.1939697265625,37173600,0.0,0.0
2025-11-07 00:00:00-05:00,282.656912627443,283.22580678831247,274.6525857946798,278.28546142578125,34479600,0.0,0.0
2025-11-10 00:00:00-05:00,283.8645774088431,290.2320924976737,282.30759586857965,289.5334777832031,29557300,0.0,0.0
2025-11-11 00:00:00-05:00,287.18807388729897,291.34994399814246,286.75892091303916,290.7411193847656,19842100,0.0,0.0
2025-11-12 00:00:00-05:00,291.11038092678234,291.43975353768866,283.1359940674285,286.15008544921875,24829900,0.0,0.0
2025-11-13 00:00:00-05:00,281.7886277548892,282.2876513282579,276.6985812149319,278.0260009765625,29494000,0.0,0.0
2025-11-14 00:00:00-05:00,270.88000309409097,278.0160347166159,270.17139808707816,275.8702392578125,31647200,0.0,0.0
2025-11-17 00:00:00-05:00,285.22190446328057,293.3759628274161,283.01622885841863,284.46337890625,52670200,0.0,0.0
2025-11-18 00:00:00-05:00,287.3577599014325,288.236015842567,277.65674001133203,283.724853515625,49158700,0.0,0.0
2025-11-19 00:00:00-05:00,286.5992292728396,303.21670857801746,286.07026549054086,292.2381896972656,68198900,0.0,0.0
2025-11-20 00:00:00-05:00,303.94529376978943,305.8216273232207,288.1062900504894,288.884765625,62025200,0.0,0.0
2025-11-21 00:00:00-05:00,295.84113571634185,303.32648898994427,293.2761473513388,299.0747985839844,74137700,0.0,0.0
2025-11-24 00:00:00-05:00,310.52242205466104,318.85612204740676,308.9954110970811,317.9578552246094,85165100,0.0,0.0
2025-11-25 00:00:00-05:00,325.5729598317621,328.187838552192,317.0296784660599,322.8083801269531,88632100,0.0,0.0
2025-11-26 00:00:00-05:00,320.053780820363,323.86632857763385,316.1713929045335,319.3252258300781,51373400,0.0,0.0
2025-11-28 00:00:00-05:00,322.73852157316225,326.2117368304371,316.1713843298485,319.55474853515625,26018600,0.0,0.0
2025-12-01 00:00:00-05:00,317.07959553768603,319.22539084430224,313.2770382872594,314.27508544921875,41183000,0.0,0.0
2025-12-02 00:00:00-05:00,316.1214443613123,317.75825630619534,313.29698432996054,315.1932678222656,35854700,0.0,0.0
2025-12-03 00:00:00-05:00,315.2731421058358,320.9520026070636,313.4866291038915,319.0058288574219,41838300,0.0,0.0
2025-12-04 00:00:00-05:00,321.6007694211511,321.73048997615604,314.0854750084747,316.999755859375,31240900,0.0,0.0
2025-12-05 00:00:00-05:00,318.8660555204289,322.528901747787,318.5467035992101,320.642578125,28851700,0.0,0.0
2025-12-08 00:00:00-05:00,319.63395301128804,320.0234606774875,310.81544458829893,313.31219482421875,33909400,0.21,0.0
2025-12-09 00:00:00-05:00,311.96391713296777,317.57660631064704,311.4945269093235,316.66778564453125,30194000,0.0,0.0
2025-12-10 00:00:00-05:00,315.4194206321133,320.8923078304596,314.27092168020465,319.7937316894531,33428900,0.0,0.0
2025-12-11 00:00:00-05:00,319.6638831462354,320.7025396818571,308.19882663213485,312.0238342285156,42353700,0.0,0.0
2025-12-12 00:00:00-05:00,313.29221022339095,314.46067218572114,305.1627773855729,308.887939453125,35940200,0.0,0.0
2025-12-15 00:00:00-05:00,310.9152814169449,311.01515750934647,304.4836511834585,307.8193054199219,29151900,0.0,0.0
2025-12-16 00:00:00-05:00,304.55358908476643,310.3660001485481,302.1966411442108,306.1714782714844,30585000,0.0,0.0
2025-12-17 00:00:00-05:00,307.60959033164653,307.6894729197007,295.7350329501308,296.3342590332031,43930400,0.0,0.0
2025-12-18 00:00:00-05:00,301.32777470817274,303.56485302569047,298.8410213827925,302.0668029785156,33518000,0.0,0.0
2025-12-19 00:00:00-05:00,301.33777770154796,306.85059101726483,300.5787559089981,306.7607116699219,59943200,0.0,0.0
2025-12-22 00:00:00-05:00,309.47716491524386,309.7268399185022,304.90310178792384,309.3772888183594,26429900,0.0,0.0
2025-12-23 00:00:00-05:00,309.2274800840275,314.5305745464577,308.91788552805923,313.94134521484375,25478700,0.0,0.0
2025-12-24 00:00:00-05:00,314.3608103937755,314.67040497756983,311.51453957359615,313.68170166015625,10097400,0.0,0.0
2025-12-26 00:00:00-05:00,314.0711877312235,314.6803801033015,311.87403553475036,313.1024475097656,10899000,0.0,0.0
2025-12-29 00:00:00-05:00,310.96521879647884,313.61176774066803,310.2161937852231,313.1523742675781,19621800,0.0,0.0
2025-12-30 00:00:00-05:00,312.09376543928346,316.5379928503015,312.0538089034933,313.4420166015625,17380900,0.0,0.0
2025-12-31 00:00:00-05:00,312.4433102220648,314.17104176667254,311.03513952358344,312.5931091308594,16377700,0.0,0.0
2026-01-02 00:00:00-05:00,316.4880510777925,322.0807776535599,309.92658419973367,314.7403259277344,32009400,0.0,0.0
2026-01-05 00:00:00-05:00,317.24707928114736,318.60529679570504,314.2210191795431,316.1285400390625,30195600,0.0,0.0
2026-01-06 00:00:00-05:00,315.9886856047422,320.5227923064431,311.3746963103618,313.9313659667969,31212100,0.0,0.0
2026-01-07 00:00:00-05:00,313.95131240372154,325.725993751253,313.7815504740342,321.5614318847656,35104400,0.0,0.0
2026-01-08 00:00:00-05:00,328.54234711069296,329.8905982345552,321.08205673508803,325.0169372558594,31896100,0.0,0.0
2026-01-09 00:00:00-05:00,326.6647962522232,330.3999246926398,325.37646465172014,328.14288330078125,26214200,0.0,0.0
2026-01-12 00:00:00-05:00,325.37643895257156,333.6057474535575,324.57749116547984,331.4285583496094,33923900,0.0,0.0
2026-01-13 00:00:00-05:00,334.5146010595183,340.04737751020235,333.18631289711504,335.53326416015625,33517600,0.0,0.0
2026-01-14 00:00:00-05:00,334.62442706687915,336.08252056576845,330.05039437456895,335.4034118652344,28525600,0.0,0.0
2026-01-15 00:00:00-05:00,337.21104566866205,337.2510022020921,330.3100250775331,332.3473815917969,28442400,0.0,0.0
2026-01-16 00:00:00-05:00,333.97528525413946,334.2149635116852,327.27401649506595,329.5710144042969,40341600,0.0,0.0
2026-01-20 00:00:00-05:00,320.4528849486331,327.30398324237245,320.01345448184367,321.5814208984375,35361000,0.0,0.0
2026-01-21 00:00:00-05:00,320.50283121296127,332.0478012719212,318.9348648307384,327.953125,35386600,0.0,0.0
2026-01-22 00:00:00-05:00,334.0152418739244,334.71431361791133,328.32263943252485,330.1103210449219,26253600,0.0,0.0
2026-01-23 00:00:00-05:00,332.05776231305794,333.2562145369407,327.0243361197249,327.5036926269531,27280000,0.0,0.0
2026-01-26 00:00:00-05:00,327.3838548641184,335.4034148973675,326.5749102768944,332.8267822265625,26042100,0.0,0.0
2026-01-27 00:00:00-05:00,334.93402312381306,337.4707297257924,333.04649592160257,334.1150817871094,21636200,0.0,0.0
2026-01-28 00:00:00-05:00,335.62313448097893,337.1012215187292,331.5084951745387,335.5732116699219,27434400,0.0,0.0
2026-01-29 00:00:00-05:00,339.85759500876696,341.84502871736817,326.115503846963,337.8102722167969,39785600,0.0,0.0
2026-01-30 00:00:00-05:00,339.5580079569619,339.5580079569619,331.8580393103398,337.56060791015625,31024000,0.0,0.0
2026-02-02 00:00:00-05:00,335.78293445124825,344.3817273143538,335.1937050748485,343.24322509765625,32006100,0.0,0.0
2026-02-03 00:00:00-05:00,346.8884575284791,348.5463032010534,337.0312933144156,339.26837158203125,36506700,0.0,0.0
2026-02-04 00:00:00-05:00,342.514142570529,342.86369366519597,328.09291217000737,332.6070556640625,70618400,0.0,0.0
2026-02-05 00:00:00-05:00,311.814107165092,332.25749685616427,306.06158556074746,330.8193664550781,88205800,0.0,0.0
2026-02-06 00:00:00-05:00,326.75466854448496,329.95052083207565,319.50412705068965,322.4402770996094,56380500,0.0,0.0
2026-02-09 00:00:00-05:00,320.5127991892576,327.2740180221729,316.84758707958963,323.8984069824219,39640100,0.0,0.0
2026-02-10 00:00:00-05:00,320.5527401483992,321.25184233940706,314.2009923012897,318.16583251953125,39170000,0.0,0.0
2026-02-11 00:00:00-05:00,318.55535268111106,320.64263210541753,309.25745775560665,310.5557556152344,45406400,0.0,0.0
2026-02-12 00:00:00-05:00,311.68427643298344,315.8288752987113,306.80064932708433,308.5982971191406,47761300,0.0,0.0
2026-02-13 00:00:00-05:00,307.32996759040856,308.2287915112591,303.31517401115394,305.32257080078125,38499700,0.0,0.0
2026-02-17 00:00:00-05:00,299.6499434457439,304.0442171582303,295.86486207725466,301.6273498535156,39247600,0.0,0.0
2026-02-18 00:00:00-05:00,301.6972906518214,304.983022308801,300.8583862777236,302.9356689453125,28482100,0.0,0.0
2026-02-19 00:00:00-05:00,301.42763905495286,305.0728879320441,299.64995428739604,302.456298828125,25834400,0.0,0.0
2026-02-20 00:00:00-05:00,303.9243808328656,316.08853909864735,303.504913437054,314.5705261230469,53210800,0.0,0.0
2026-02-23 00:00:00-05:00,318.6352220336332,319.1046122516075,309.4671633706354,311.0850524902344,31423000,0.0,0.0
2026-02-24 00:00:00-05:00,310.11633870149166,311.8640638461802,305.53230897934316,310.495849609375,25615600,0.0,0.0
2026-02-25 00:00:00-05:00,311.6543207518016,313.2322838254539,309.03773161827513,312.49322509765625,29963600,0.0,0.0
2026-02-26 00:00:00-05:00,312.23361045347764,312.73296049797625,301.95697800388234,306.9804382324219,36431200,0.0,0.0
2026-02-27 00:00:00-05:00,303.7446468483449,311.9639287272481,303.4050620118916,311.354736328125,44640600,0.0,0.0
2026-03-02 00:00:00-05:00,302.83581985466094,308.0889612664211,300.908305641281,306.12152099609375,34790200,0.0,0.0
2026-03-03 00:00:00-05:00,298.2018299939976,303.5448811012492,296.3242691134317,303.1853332519531,35497000,0.0,0.0
2026-03-04 00:00:00-05:00,302.49628364637806,305.07291645770977,300.3590508331652,302.7359619140625,29536200,0.0,0.0
2026-03-05 00:00:00-05:00,302.6460567428228,302.9056980180265,297.6026034525966,300.4888610839844,35752300,0.0,0.0
2026-03-06 00:00:00-05:00,295.7050936872067,300.1393243405422,294.7962729857715,298.1319274902344,25576900,0.0,0.0
2026-03-09 00:00:00-04:00,294.1842573074437,306.6168332730834,293.9044256827884,306.1770935058594,29312100,0.21,0.0
2026-03-10 00:00:00-04:00,305.98724420005084,309.3252467158022,305.3875962722132,306.8567199707031,23239700,0.0,0.0
2026-03-11 00:00:00-04:00,306.56689883882945,311.23412470378855,305.7374076911934,308.5157470703125,24125700,0.0,0.0
2026-03-12 00:00:00-04:00,306.636841807898,308.7555713296518,300.8502897843219,303.3687744140625,24928300,0.0,0.0
2026-03-13 00:00:00-04:00,306.8267356773544,307.50632242162294,300.26065041451466,302.09954833984375,23693100,0.0,0.0
2026-03-16 00:00:00-04:00,304.16832484157635,306.3070315122431,302.8391017033621,305.3775939941406,23519700,0.0,0.0
2026-03-17 00:00:00-04:00,305.67739809365116,311.2341070358109,305.3176276402165,310.7344055175781,21955200,0.0,0.0
2026-03-18 00:00:00-04:00,309.0853604878573,312.28346234614037,306.74676108497374,307.5063171386719,20009800,0.0,0.0
2026-03-19 00:00:00-04:00,303.8285227221892,307.8760927647981,302.16951004441273,306.9466552734375,25075800,0.0,0.0
2026-03-20 00:00:00-04:00,305.2776414809433,305.8173276578073,298.0919312440676,300.8203125,44364100,0.0,0.0
2026-03-23 00:00:00-04:00,301.92965766257777,305.7973733016039,300.75036931754545,301.87969970703125,29326900,0.0,0.0
2026-03-24 00:00:00-04:00,299.02141279307426,299.7409842283802,290.15668188195673,290.2666320800781,36864300,0.0,0.0
2026-03-25 00:00:00-04:00,293.2648285118823,295.82329783701033,289.0673235725591,290.7563171386719,29460700,0.0,0.0
2026-03-26 00:00:00-04:00,287.7381369232671,287.7781215852462,278.33375052565475,280.7523193359375,39080600,0.0,0.0
2026-03-27 00:00:00-04:00,277.1144865271076,279.203235317384,273.7864876697142,274.1762390136719,35890600,0.0,0.0
2026-03-30 00:00:00-04:00,276.2550012483934,276.9245842043685,271.9475460941929,273.33673095703125,35141200,0.0,0.0
2026-03-31 00:00:00-04:00,277.87403020607053,287.9080147834651,276.9245851168754,287.3883361816406,43875400,0.0,0.0
2026-04-01 00:00:00-04:00,290.6663854824321,300.34059988895723,290.23664948178913,297.2124938964844,37684500,0.0,0.0
2026-04-02 00:00:00-04:00,290.5164904801884,297.90206355243157,289.2772403921399,295.59344482421875,21666500,0.0,0.0
2026-04-06 00:00:00-04:00,295.69337737406744,300.4405418912755,295.0037868253031,299.8109130859375,16945500,0.0,0.0
2026-04-07 00:00:00-04:00,302.54929810267237,305.4475608650088,297.5422790326475,305.27764892578125,23205400,0.0,0.0
2026-04-08 00:00:00-04:00,320.25872115869026,321.88772251879675,314.8319393907938,317.1305847167969,33547100,0.0,0.0
2026-04-09 00:00:00-04:00,315.72141928886384,319.3492572184689,310.8743084256086,318.29986572265625,23739200,0.0,0.0
2026-04-10 00:00:00-04:00,319.8289680511782,321.6378852163977,316.1311948927162,317.0506286621094,19152600,0.0,0.0
2026-04-13 00:00:00-04:00,316.9507009019676,321.43801087893695,315.28168437302884,321.1181945800781,18866400,0.0,0.0
2026-04-14 00:00:00-04:00,324.59612530340485,333.09105123243734,323.5567375910905,332.7112731933594,27721400,0.0,0.0
2026-04-15 00:00:00-04:00,332.69130668872015,337.278563176308,330.70247381548376,336.91876220703125,24918800,0.0,0.0
2026-04-16 00:00:00-04:00,338.5477782390461,339.67710854893676,334.3202924195682,335.81939697265625,20541500,0.0,0.0
2026-04-17 00:00:00-04:00,337.4484504303517,342.1156763245155,336.0392884001999,341.4760437011719,25581900,0.0,0.0
2026-04-20 00:00:00-04:00,340.55660000710446,341.1962021124509,336.40905286572576,337.2185974121094,18784200,0.0,0.0
2026-04-21 00:00:00-04:00,337.48841459650436,339.13742351057505,331.1522029907326,332.0916442871094,23123800,0.0,0.0
2026-04-22 00:00:00-04:00,336.818816762841,339.6171637007564,334.96994545488326,339.1174621582031,20293000,0.0,0.0
2026-04-23 00:00:00-04:00,340.9763246437424,341.7558578013153,335.97930940305434,338.6877136230469,18650300,0.0,0.0
2026-04-24 00:00:00-04:00,338.5277988797623,345.06387272769797,335.1897964239415,344.19439697265625,26426100,0.0,0.0
2026-04-27 00:00:00-04:00,345.77347673538645,352.9691603649003,342.5254168368208,350.130859375,28576900,0.0,0.0
2026-04-28 00:00:00-04:00,348.34192077884484,352.20963620070955,345.91337868788094,349.5711975097656,27824100,0.0,0.0
2026-04-29 00:00:00-04:00,347.36252924438134,355.5776236260777,344.0045190996302,349.7311096191406,35376300,0.0,0.0
2026-04-30 00:00:00-04:00,373.8467067603946,385.6096696957082,365.60163158627074,384.5702819824219,72040000,0.0,0.0
2026-05-01 00:00:00-04:00,381.4022037517389,386.52914645154755,378.82372671588394,385.45977783203125,30105200,0.0,0.0
2026-05-04 00:00:00-04:00,385.39979379858875,387.14874909409923,379.56328378663693,383.0212097167969,26298600,0.0,0.0
2026-05-05 00:00:00-04:00,385.99945170269467,392.58551415458055,383.79074899852696,388.1981201171875,23878600,0.0,0.0
2026-05-06 00:00:00-04:00,394.0146525811788,399.61131576273664,392.52555179602564,397.8023986816406,31308500,0.0,0.0
2026-05-07 00:00:00-04:00,399.6812819584635,399.8611671879692,392.4455831227277,397.7524108886719,24433500,0.0,0.0
2026-05-08 00:00:00-04:00,396.7630105926761,401.76002583943523,396.1233780013978,400.56072998046875,21461800,0.0,0.0
2026-05-11 00:00:00-04:00,393.41500861238904,397.2027547509894,388.23810807955056,388.40802001953125,30753700,0.0,0.0
2026-05-12 00:00:00-04:00,387.10877062384725,388.28805889354703,382.541491402114,387.1187744140625,26017500,0.0,0.0
2026-05-13 00:00:00-04:00,385.3698394939953,403.4590416115898,384.77019153718186,402.3796691894531,28144600,0.0,0.0
2026-05-14 00:00:00-04:00,397.04285074569174,402.6894719958145,395.6037078837972,400.8305969238281,21136700,0.0,0.0
2026-05-15 00:00:00-04:00,396.0834349796574,399.30151410906007,392.9452946767326,396.54315185546875,20309700,0.0,0.0
2026-05-18 00:00:00-04:00,395.4538101055549,408.36608091552193,394.29449886421145,396.70306396484375,26837200,0.0,0.0
2026-05-19 00:00:00-04:00,396.72302500471704,396.91291402359946,385.8794958446922,387.4285888671875,39545700,0.0,0.0
2026-05-20 00:00:00-04:00,387.4685872554011,393.62488340369265,382.6714341601505,388.6778564453125,31744400,0.0,0.0
2026-05-21 00:00:00-04:00,385.46976743485186,392.2656959548347,382.7913440893277,387.4285888671875,24852800,0.0,0.0
2026-05-22 00:00:00-04:00,387.1187843592316,388.5079387636157,381.54209816202837,382.74139404296875,20442100,0.0,0.0
2026-05-26 00:00:00-04:00,384.2804712769477,389.0276356997364,382.3716078175452,388.6478576660156,27747400,0.0,0.0
2026-05-27 00:00:00-04:00,386.4391861502527,393.64487351491664,385.66962629134815,388.5978698730469,23087300,0.0,0.0
2026-05-28 00:00:00-04:00,387.76839182151133,391.6360768291116,384.9300907577927,389.8971252441406,24357500,0.0,0.0
2026-05-29 00:00:00-04:00,385.0100143138995,385.0100143138995,378.2340629764561,380.1129455566406,44415800,0.0,0.0
2026-06-01 00:00:00-04:00,376.2952290661171,378.3340198477676,373.2970198869562,376.14532470703125,28672100,0.0,0.0
2026-06-02 00:00:00-04:00,366.371163421305,373.31702687507857,358.2260345973877,361.6340026855469,50412300,0.0,0.0
2026-06-03 00:00:00-04:00,361.81388965190393,366.2312646097652,357.8662353535933,358.77569580078125,55441600,0.0,0.0
2026-06-04 00:00:00-04:00,358.68575901079333,373.0271992966173,357.99616844622375,371.96783447265625,44055500,0.0,0.0
2026-06-05 00:00:00-04:00,366.1213024821565,371.8578661166277,363.90262653478294,368.30999755859375,37471200,0.0,0.0
2026-06-08 00:00:00-04:00,365.17999267578125,366.20001220703125,360.5299987792969,363.30999755859375,27942500,0.22,0.0
2026-06-09 00:00:00-04:00,367.0899963378906,372.0799865722656,357.29998779296875,364.260009765625,29535100,0.0,0.0
2026-06-10 00:00:00-04:00,363.19000244140625,368.55999755859375,355.20001220703125,356.3800048828125,32357100,0.0,0.0
2026-06-11 00:00:00-04:00,355.92999267578125,358.79998779296875,346.3599853515625,357.7699890136719,35538200,0.0,0.0
2026-06-12 00:00:00-04:00,362.6199951171875,366.57000732421875,354.94000244140625,359.67999267578125,24704600,0.0,0.0
2026-06-15 00:00:00-04:00,367.92999267578125,372.989990234375,366.54998779296875,369.3500061035156,27727500,0.0,0.0
2026-06-16 00:00:00-04:00,369.6000061035156,376.0,367.05999755859375,373.25,24876100,0.0,0.0
2026-06-17 00:00:00-04:00,369.1300048828125,372.3299865722656,362.0199890136719,363.7900085449219,24543600,0.0,0.0
2026-06-18 00:00:00-04:00,365.75,369.4800109863281,358.6700134277344,368.0299987792969,44470100,0.0,0.0
2026-06-22 00:00:00-04:00,357.95001220703125,358.9200134277344,341.7200012207031,349.67999267578125,52814800,0.0,0.0
2026-06-23 00:00:00-04:00,340.69000244140625,349.2900085449219,340.20001220703125,346.1300048828125,34007700,0.0,0.0
2026-06-24 00:00:00-04:00,349.0400085449219,353.4800109863281,341.92999267578125,345.2900085449219,44997300,0.0,0.0
2026-06-25 00:00:00-04:00,336.7300109863281,345.57000732421875,335.8399963378906,343.7099914550781,44491400,0.0,0.0
2026-06-26 00:00:00-04:00,342.54998779296875,346.3599853515625,330.20001220703125,337.3900146484375,114706300,0.0,0.0
2026-06-29 00:00:00-04:00,341.8299865722656,354.3500061035156,340.6700134277344,353.6499938964844,34213900,0.0,0.0
2026-06-30 00:00:00-04:00,353.8699951171875,358.6199951171875,350.3999938964844,357.3699951171875,35237200,0.0,0.0
2026-07-01 00:00:00-04:00,358.3699951171875,362.9700012207031,356.42999267578125,361.2099914550781,26736400,0.0,0.0
2026-07-02 00:00:00-04:00,359.4800109863281,364.2099914550781,353.4200134277344,359.9100036621094,25974800,0.0,0.0
2026-07-06 00:00:00-04:00,361.54998779296875,367.92999267578125,357.3800048828125,366.4599914550781,26915800,0.0,0.0
2026-07-07 00:00:00-04:00,369.07000732421875,373.1600036621094,365.5,367.0299987792969,24045600,0.0,0.0
2026-07-08 00:00:00-04:00,364.760009765625,367.8399963378906,358.0199890136719,361.9200134277344,22094800,0.0,0.0
2026-07-09 00:00:00-04:00,354.30999755859375,359.6499938964844,351.0799865722656,358.8900146484375,24729100,0.0,0.0
2026-07-10 00:00:00-04:00,357.5299987792969,357.82000732421875,352.75,357.17999267578125,18146100,0.0,0.0
2026-07-13 00:00:00-04:00,356.19000244140625,358.1300048828125,351.75,352.510009765625,15901700,0.0,0.0
2026-07-14 00:00:00-04:00,351.20001220703125,360.1600036621094,351.0899963378906,359.510009765625,18259400,0.0,0.0
2026-07-15 00:00:00-04:00,357.9700012207031,373.6499938964844,357.760009765625,370.9200134277344,28284600,0.0,0.0
2026-07-16 00:00:00-04:00,373.05999755859375,375.2699890136719,352.29998779296875,354.4599914550781,41158500,0.0,0.0
2026-07-17 00:00:00-04:00,346.0,348.5199890136719,341.3599853515625,346.7699890136719,29959300,0.0,0.0
2026-07-20 00:00:00-04:00,350.8800048828125,359.67999267578125,350.5199890136719,351.989990234375,24736600,0.0,0.0
2026-07-21 00:00:00-04:00,351.32000732421875,351.32000732421875,347.0,347.1499938964844,23369800,0.0,0.0
2026-07-22 00:00:00-04:00,348.1600036621094,349.94000244140625,341.7300109863281,342.0899963378906,39334100,0.0,0.0
2026-07-23 00:00:00-04:00,321.1300048828125,324.489990234375,314.8999938964844,317.69000244140625,69419700,0.0,0.0
2026-07-24 00:00:00-04:00,318.4200134277344,324.17999267578125,317.32000732421875,319.739990234375,31806600,0.0,0.0
2026-07-27 00:00:00-04:00,325.0400085449219,330.4200134277344,324.45001220703125,326.55999755859375,28471600,0.0,0.0
2026-07-28 00:00:00-04:00,327.8999938964844,335.8800048828125,324.44000244140625,333.7099914550781,29511900,0.0,0.0
2026-07-29 00:00:00-04:00,334.6700134277344,342.5,331.6199951171875,336.7099914550781,27501600,0.0,0.0
2026-07-30 00:00:00-04:00,334.20001220703125,336.510009765625,330.3399963378906,333.6600036621094,30168000,0.0,0.0
2026-07-31 00:00:00-04:00,340.8299865722656,358.5799865722656,340.0,356.1300048828125,46498000,0.0,0.0
2026-08-03 00:00:00-04:00,365.45001220703125,376.69000244140625,363.3500061035156,373.510009765625,38669700,0.0,0.0
2026-08-04 00:00:00-04:00,368.2200012207031,380.5199890136719,367.5,377.6499938964844,35705700,0.0,0.0
2026-08-05 00:00:00-04:00,383.3399963378906,384.4800109863281,356.7699890136719,362.42999267578125,46926300,0.0,0.0
2026-08-06 00:00:00-04:00,360.7699890136719,364.1300048828125,356.8800048828125,357.75,25235900,0.0,0.0
2026-08-07 00:00:00-04:00,356.7200012207031,358.8999938964844,353.7799987792969,354.29998779296875,19859900,0.0,0.0
2026-08-10 00:00:00-04:00,355.17999267578125,357.6099853515625,352.7099914550781,357.5199890136719,18991400,0.0,0.0
2026-08-11 00:00:00-04:00,355.8900146484375,356.80999755859375,343.3900146484375,343.79998779296875,29081800,0.0,0.0
2026-08-12 00:00:00-04:00,346.30999755859375,346.4800109863281,340.8800048828125,343.5400085449219,25012000,0.0,0.0
2026-08-13 00:00:00-04:00,345.7699890136719,347.92999267578125,343.760009765625,346.3599853515625,17822700,0.0,0.0
2026-08-14 00:00:00-04:00,346.5400085449219,350.45001220703125,344.5,345.8999938964844,16891717,0.0,0.0
