Date,Open,High,Low,Close,Volume,Dividends,Stock Splits
2021-09-07 00:00:00-04:00,364.0957375202728,367.4000710994111,362.8909568156647,363.49334716796875,1557000,0.0,0.0
2021-09-08 00:00:00-04:00,362.5187997226454,364.0779528085924,358.51464306581533,358.7803955078125,1646200,0.0,0.0
2021-09-09 00:00:00-04:00,358.4882000624802,362.21773822673777,357.46057851628984,358.408447265625,2424600,0.0,0.0
2021-09-10 00:00:00-04:00,361.438117609757,363.02384633275193,357.1504725960185,357.4339599609375,1956000,0.0,0.0
2021-09-13 00:00:00-04:00,360.9154117342505,362.65172433493916,357.71737940302023,362.5542907714844,1802800,0.0,0.0
2021-09-14 00:00:00-04:00,363.47560311711965,369.41986184488496,356.8138126625762,357.6199645996094,3263200,0.0,0.0
2021-09-15 00:00:00-04:00,352.5793245179711,357.54908543709075,350.99359586558427,356.07855224609375,3199800,0.0,0.0
2021-09-16 00:00:00-04:00,358.35525133707966,359.64865229421065,349.8242714652628,351.40997314453125,2882900,0.0,0.0
2021-09-17 00:00:00-04:00,351.091116499222,353.6070063526152,344.45587300959846,346.7857360839844,3843700,0.0,0.0
2021-09-20 00:00:00-04:00,334.7023392877411,337.39538819306847,329.9894631511528,334.9769592285156,3834500,0.0,0.0
2021-09-21 00:00:00-04:00,337.38655957335646,337.9623747262094,331.3891496710653,332.94830322265625,2377300,0.0,0.0
2021-09-22 00:00:00-04:00,337.34221780450054,344.863337871414,336.37661435436934,341.4792785644531,2991300,0.0,0.0
2021-09-23 00:00:00-04:00,345.8378612187061,348.8055303401072,343.88005173692903,347.14007568359375,2518000,0.0,0.0
2021-09-24 00:00:00-04:00,345.908692933345,347.69815629102817,344.25210583380886,346.2453308105469,1789700,0.0,0.0
2021-09-27 00:00:00-04:00,351.32137500155187,355.2369664270763,350.0811515980518,354.1827697753906,2788500,0.0,0.0
2021-09-28 00:00:00-04:00,354.7497180684856,358.08059967050286,344.06603570264286,345.0493469238281,2609000,0.0,0.0
2021-09-29 00:00:00-04:00,346.0946351392347,347.60950521654036,340.4427320382331,340.9654235839844,1955000,0.0,0.0
2021-09-30 00:00:00-04:00,343.7205063546199,343.7382141739519,333.63921501276843,334.8883056640625,2665700,0.0,0.0
2021-10-01 00:00:00-04:00,336.1374555447776,339.04313348270955,332.9571576671969,336.633544921875,2382300,0.0,0.0
2021-10-04 00:00:00-04:00,336.81955814262915,342.71950696331925,330.2729358928791,331.4511413574219,2895600,0.0,0.0
2021-10-05 00:00:00-04:00,334.9504071955154,343.9154863560552,332.64711946997926,341.780517578125,2508100,0.0,0.0
2021-10-06 00:00:00-04:00,338.74195018241164,345.09367873188233,335.4464837561059,343.7648620605469,2111800,0.0,0.0
2021-10-07 00:00:00-04:00,348.0702018771947,352.44643977143977,345.27969259709977,346.0415344238281,2348000,0.0,0.0
2021-10-08 00:00:00-04:00,346.22761114650024,349.3104756450184,343.8800403667363,347.9816589355469,1446700,0.0,0.0
2021-10-11 00:00:00-04:00,348.06137017028584,351.64919135705605,341.08064902224004,341.2755432128906,1787400,0.0,0.0
2021-10-12 00:00:00-04:00,342.1438064930474,344.243333053561,337.5372300218633,342.4184265136719,2088200,0.0,0.0
2021-10-13 00:00:00-04:00,343.720554696149,344.05719255467363,335.41988480135547,342.2234191894531,2391600,0.0,0.0
2021-10-14 00:00:00-04:00,347.26414195603627,348.73470253605234,338.58254922107477,346.5554504394531,3380900,0.0,0.0
2021-10-15 00:00:00-04:00,356.397544949056,360.79149187626524,351.10885266869184,359.72845458984375,6451400,0.0,0.0
2021-10-18 00:00:00-04:00,361.4469807547388,368.4719846552921,361.0837676417738,366.478759765625,3832300,0.0,0.0
2021-10-19 00:00:00-04:00,367.7986622015558,368.3922120997327,362.9352027398193,365.1233215332031,2568300,0.0,0.0
2021-10-20 00:00:00-04:00,364.09579589308186,367.04575723454735,359.8435930323567,361.3407287597656,2453400,0.0,0.0
2021-10-21 00:00:00-04:00,360.3750391807884,365.5662965844546,358.44383227439016,361.07489013671875,2162100,0.0,0.0
2021-10-22 00:00:00-04:00,363.2010297471394,367.9581891967753,362.41261256504686,367.0368957519531,2411000,0.0,0.0
2021-10-25 00:00:00-04:00,368.7111595504619,371.61683740074767,366.10667688183986,367.41778564453125,1824700,0.0,0.0
2021-10-26 00:00:00-04:00,368.8529666189648,371.9003886728331,366.54083834112157,369.9514465332031,1843300,0.0,0.0
2021-10-27 00:00:00-04:00,369.0123616142816,370.35004565221953,363.6970951767127,364.0868835449219,2067200,0.0,0.0
2021-10-28 00:00:00-04:00,364.981585427956,367.5683600161245,362.3771030196392,367.4797668457031,1444700,0.0,0.0
2021-10-29 00:00:00-04:00,366.7711047537409,368.4897097910354,364.25521513008715,366.1775817871094,2061700,0.0,0.0
2021-11-01 00:00:00-04:00,369.4730951982074,370.9436557283563,366.08903519635317,369.14532470703125,1820800,0.0,0.0
2021-11-02 00:00:00-04:00,367.72784848275444,377.52565394323415,365.6814731039734,375.4792785644531,3000800,0.0,0.0
2021-11-03 00:00:00-04:00,374.8326269067674,375.6122037306517,365.4777590898483,370.2083435058594,3542400,0.0,0.0
2021-11-04 00:00:00-04:00,367.32918548198626,368.5162583641556,357.0352908611492,361.5001220703125,3802300,0.0,0.0
2021-11-05 00:00:00-04:00,364.45016801801233,367.1521118736958,359.7550258928355,360.6231689453125,2105600,0.0,0.0
2021-11-08 00:00:00-05:00,363.1124455873515,366.44332755891406,361.40268097553945,361.73931884765625,1728400,0.0,0.0
2021-11-09 00:00:00-05:00,359.7638554994775,361.06609707398906,354.4043051002451,359.0906066894531,2246900,0.0,0.0
2021-11-10 00:00:00-05:00,356.4151625278619,359.2676897983111,351.91491571499307,353.5715026855469,2243900,0.0,0.0
2021-11-11 00:00:00-05:00,354.47512696785174,357.6820000168155,353.0311419460067,356.4240417480469,1252400,0.0,0.0
2021-11-12 00:00:00-05:00,357.00874534249124,358.8690940874731,353.64242059240553,358.7007751464844,1360100,0.0,0.0
2021-11-15 00:00:00-05:00,359.6663181255312,360.85339090669083,357.81483712123327,358.61212158203125,1436500,0.0,0.0
2021-11-16 00:00:00-05:00,357.8148967256511,359.52463434963835,353.46523358942943,357.0884704589844,1311000,0.0,0.0
2021-11-17 00:00:00-05:00,355.99003704299395,356.6987285441197,346.79462017945156,346.865478515625,2927000,0.0,0.0
2021-11-18 00:00:00-05:00,347.5297617557545,348.96490613609393,341.6652565365635,346.7059020996094,1847400,0.0,0.0
2021-11-19 00:00:00-05:00,338.7419198453212,345.70490560280183,337.55484696942153,343.18017578125,2610400,0.0,0.0
2021-11-22 00:00:00-05:00,348.29170750870003,356.55693521248344,345.65178201995445,350.9493408203125,3058700,0.0,0.0
2021-11-23 00:00:00-05:00,354.57256758925627,360.5167996910152,352.14527121805867,359.9675598144531,2402300,0.0,0.0
2021-11-24 00:00:00-05:00,358.78046157922637,360.9774479653902,352.84507028978163,353.6335144042969,2186300,0.0,0.0
2021-11-26 00:00:00-05:00,340.60230214264186,347.00718125660484,339.043148582415,344.95196533203125,2687900,0.0,0.0
2021-11-29 00:00:00-05:00,349.0358564560656,351.13538253607635,338.803978584553,342.4272155761719,2883400,0.0,0.0
2021-11-30 00:00:00-05:00,339.76069616185936,342.68408195549557,334.2062523400131,337.51055908203125,4570400,0.0,0.0
2021-12-01 00:00:00-05:00,341.8120150255041,347.4581170581116,335.0348934347326,335.2753601074219,2476000,2.0,0.0
2021-12-02 00:00:00-05:00,336.6289659010918,346.5051934118617,334.87457575889823,345.1248474121094,3343700,0.0,0.0
2021-12-03 00:00:00-05:00,347.208725070031,347.208725070031,337.54622189206975,340.8412780761719,2807500,0.0,0.0
2021-12-06 00:00:00-05:00,346.1311437949879,350.5215622600501,341.5180599684544,346.6921691894531,1990200,0.0,0.0
2021-12-07 00:00:00-05:00,350.50369264918,357.7795196045948,350.04061506483356,356.3190002441406,2441000,0.0,0.0
2021-12-08 00:00:00-05:00,357.3165068196324,357.74395476654394,351.89304357307685,353.8344421386719,1635200,0.0,0.0
2021-12-09 00:00:00-05:00,352.39169781139844,356.3902705509418,349.98719476263574,353.09521484375,2111500,0.0,0.0
2021-12-10 00:00:00-05:00,354.43995912676615,355.20582137012656,346.122200533183,348.259521484375,1893800,0.0,0.0
2021-12-13 00:00:00-05:00,348.37531516264164,348.37531516264164,340.7789016691255,342.5422058105469,2313300,0.0,0.0
2021-12-14 00:00:00-05:00,341.5804838591523,349.54202932550675,341.31332884787287,346.2648010253906,2788500,0.0,0.0
2021-12-15 00:00:00-05:00,346.8702827229622,348.56232744708404,338.9443689896986,347.23541259765625,2802300,0.0,0.0
2021-12-16 00:00:00-05:00,351.88410733342164,356.0786031151575,348.9185514996848,353.8789367675781,3578200,0.0,0.0
2021-12-17 00:00:00-05:00,346.6120612919233,350.5839465037347,338.9711299259225,340.0130615234375,7058600,0.0,0.0
2021-12-20 00:00:00-05:00,334.4203887997752,334.5183637433429,326.5211895493354,330.9383239746094,3735600,0.0,0.0
2021-12-21 00:00:00-05:00,335.23074429710783,340.27127580971637,333.7435365165702,338.69500732421875,2942800,0.0,0.0
2021-12-22 00:00:00-05:00,338.7841144233552,341.9811957734047,337.75995694233086,340.48504638671875,1487900,0.0,0.0
2021-12-23 00:00:00-05:00,341.7852161471427,345.18710668484783,341.58929347303314,342.8984069824219,1624000,0.0,0.0
2021-12-27 00:00:00-05:00,344.6350630471058,346.5230308739454,342.8628714473396,345.5701599121094,1430400,0.0,0.0
2021-12-28 00:00:00-05:00,346.3627311690351,348.50005268300816,343.96714170562865,345.18719482421875,1528200,0.0,0.0
2021-12-29 00:00:00-05:00,345.5077259867093,346.8346407894042,342.34627482870735,343.93145751953125,1327800,0.0,0.0
2021-12-30 00:00:00-05:00,345.31183969579314,347.11966074817025,343.04094098272583,343.3258972167969,1160100,0.0,0.0
2021-12-31 00:00:00-05:00,342.8627730846679,344.64387839939343,339.15807076873756,340.680908203125,1601300,0.0,0.0
2022-01-03 00:00:00-05:00,346.4250080649687,355.5976902095658,344.9466872885314,352.06219482421875,3334300,0.0,0.0
2022-01-04 00:00:00-05:00,358.2070142022422,365.3759524040758,357.2719175818872,362.8824157714844,3916400,0.0,0.0
2022-01-05 00:00:00-05:00,364.9484022118925,367.49539648430533,354.34194589428256,355.0009460449219,3469600,0.0,0.0
2022-01-06 00:00:00-05:00,357.11167805396065,357.28979948758706,344.13631704445874,353.48712158203125,2960900,0.0,0.0
2022-01-07 00:00:00-05:00,354.14609276293163,356.7108616272315,351.3497443297738,354.00360107421875,2360700,0.0,0.0
2022-01-10 00:00:00-05:00,357.39655510137493,360.1127295018893,351.07362657480087,355.48187255859375,3009400,0.0,0.0
2022-01-11 00:00:00-05:00,356.4437797746098,359.1955848318677,352.93499935603137,358.93731689453125,1748800,0.0,0.0
2022-01-12 00:00:00-05:00,359.1064849084296,359.89017568271356,346.0331769629125,347.5916442871094,4158000,0.0,0.0
2022-01-13 00:00:00-05:00,350.9223116682569,353.43367702745644,347.0929455898428,348.02801513671875,2497800,0.0,0.0
2022-01-14 00:00:00-05:00,340.3068299579153,342.3194872975283,333.95718630719364,339.2470703125,4685300,0.0,0.0
2022-01-18 00:00:00-05:00,320.63457680680534,321.9971212448454,309.2265997803204,315.6118469238281,13123500,0.0,0.0
2022-01-19 00:00:00-05:00,319.1206119386879,320.3406646389666,308.47852479137845,309.3067321777344,7426100,0.0,0.0
2022-01-20 00:00:00-05:00,310.7138045179275,318.0875791442533,308.25589776082506,310.0013732910156,4599900,0.0,0.0
2022-01-21 00:00:00-05:00,307.7215942948073,310.79398487046586,303.4291236643668,306.2699890136719,4904100,0.0,0.0
2022-01-24 00:00:00-05:00,300.40125368449236,306.4124846175611,290.5250271609446,305.8069152832031,6569800,0.0,0.0
2022-01-25 00:00:00-05:00,300.88213217933566,305.39724104103897,294.6928070150844,304.16827392578125,3959300,0.0,0.0
2022-01-26 00:00:00-05:00,308.6655695876955,312.12091839342713,301.3719408399041,305.1745910644531,3745900,0.0,0.0
2022-01-27 00:00:00-05:00,307.8373779590197,310.5980697142838,300.7574727966174,303.7052001953125,2573400,0.0,0.0
2022-01-28 00:00:00-05:00,300.7663727264666,309.15536392911014,296.9548082629966,309.03070068359375,3714600,0.0,0.0
2022-01-31 00:00:00-05:00,306.88450663898044,316.3332589964687,305.8514621083924,315.86126708984375,3312400,0.0,0.0
2022-02-01 00:00:00-05:00,317.15255338265473,324.6421052284004,315.3001884538963,324.2146301269531,3303700,0.0,0.0
2022-02-02 00:00:00-05:00,323.71594208502324,328.19542157202903,318.66649576206925,323.3240966796875,2742400,0.0,0.0
2022-02-03 00:00:00-05:00,323.1103423690218,325.728569523622,318.960363458516,319.6015625,2372900,0.0,0.0
2022-02-04 00:00:00-05:00,322.53149272061654,330.3505445674831,321.5073353437476,327.3671875,3762300,0.0,0.0
2022-02-07 00:00:00-05:00,325.48809071830175,330.8136055351815,323.58232211305426,327.8569641113281,2635600,0.0,0.0
2022-02-08 00:00:00-05:00,330.46626056757447,331.86443473021484,326.1649032891286,329.5935363769531,3422300,0.0,0.0
2022-02-09 00:00:00-05:00,332.1761821599483,335.0971941492141,330.30601591335744,333.5387268066406,2250400,0.0,0.0
2022-02-10 00:00:00-05:00,331.0273007971132,336.0945472876755,328.4625049493934,330.0120849609375,2406200,0.0,0.0
2022-02-11 00:00:00-05:00,328.21322284408444,333.8682385470974,321.2847231624877,323.3240966796875,3142100,0.0,0.0
2022-02-14 00:00:00-05:00,323.32410965446115,324.4194994239043,318.087654643489,320.812744140625,2585600,0.0,0.0
2022-02-15 00:00:00-05:00,324.2413350402294,325.8443462352059,321.8101163421467,324.1077575683594,1846400,0.0,0.0
2022-02-16 00:00:00-05:00,321.80119785873416,323.2884055294542,317.50872766523116,320.6434631347656,2165300,0.0,0.0
2022-02-17 00:00:00-05:00,319.5125279393951,321.45392649309963,309.76987827216243,310.8563537597656,3102400,0.0,0.0
2022-02-18 00:00:00-05:00,307.74833972879503,311.6934821372429,305.789112684355,308.1669006347656,2910900,0.0,0.0
2022-02-22 00:00:00-05:00,304.97870827453306,310.8029312725539,303.85663021254004,306.5906066894531,2590800,0.0,0.0
2022-02-23 00:00:00-05:00,309.52938641980194,311.0344225498282,302.6276034862826,303.84765625,2217300,0.0,0.0
2022-02-24 00:00:00-05:00,292.60887538340535,303.6784377196151,291.1661845144878,302.95709228515625,4564000,0.0,0.0
2022-02-25 00:00:00-05:00,302.9571412296588,312.3168592990867,302.9571412296588,311.8003234863281,2980500,0.0,0.0
2022-02-28 00:00:00-05:00,303.01052422293026,306.2076048175008,300.60602131547734,303.93670654296875,4245700,0.0,0.0
2022-03-01 00:00:00-05:00,302.24371528528263,302.92453383706385,292.9452822763503,294.0023498535156,5631500,2.0,0.0
2022-03-02 00:00:00-05:00,297.0480225235646,302.7811512814697,293.2856422530287,301.3299560546875,3469900,0.0,0.0
2022-03-03 00:00:00-05:00,303.5604807283964,305.91644483866975,295.73117841382924,298.6783752441406,2393700,0.0,0.0
2022-03-04 00:00:00-05:00,292.9272578790326,296.20589652297423,290.23985184344514,295.3190612792969,3293100,0.0,0.0
2022-03-07 00:00:00-05:00,292.7660599213499,293.63498908462,287.41812008920556,288.3497619628906,3689900,0.0,0.0
2022-03-08 00:00:00-05:00,288.89626373561674,296.11642863606926,285.35783344624804,287.8840026855469,3596400,0.0,0.0
2022-03-09 00:00:00-05:00,297.1196724458754,302.30637493114597,295.64160425699805,298.8306579589844,3202100,0.0,0.0
2022-03-10 00:00:00-05:00,293.4916549818924,297.26297427864745,290.92070725372383,295.5251159667969,2232600,0.0,0.0
2022-03-11 00:00:00-05:00,299.5293646923036,301.5359527881767,292.66751684722936,292.92730712890625,2613500,0.0,0.0
2022-03-14 00:00:00-04:00,294.9069926041524,297.0658788791901,289.2544837142502,291.1177673339844,2342200,0.0,0.0
2022-03-15 00:00:00-04:00,292.98999008586026,297.3167020626027,290.99234162484447,294.8622131347656,2140700,0.0,0.0
2022-03-16 00:00:00-04:00,300.1564537825511,305.7641570408974,299.43085617773545,305.2535705566406,3468500,0.0,0.0
2022-03-17 00:00:00-04:00,302.21684658554796,307.7977052918102,300.0042135986575,307.5020751953125,2403500,0.0,0.0
2022-03-18 00:00:00-04:00,303.56050007786683,310.63733229194224,302.1540840028734,309.3921813964844,5861900,0.0,0.0
2022-03-21 00:00:00-04:00,309.284671347885,310.2162859377542,302.0197014070685,303.67694091796875,3401200,0.0,0.0
2022-03-22 00:00:00-04:00,306.5435368954452,310.162558255189,304.6802529305752,307.2691345214844,2840200,0.0,0.0
2022-03-23 00:00:00-04:00,304.5728448192769,305.316348853032,300.21029109251873,300.6402587890625,2196800,0.0,0.0
2022-03-24 00:00:00-04:00,301.3836674312605,302.3332154914167,299.4666377724136,301.195556640625,1944100,0.0,0.0
2022-03-25 00:00:00-04:00,302.2704728151468,306.2119962847336,300.52367525699896,302.32421875,1580800,0.0,0.0
2022-03-28 00:00:00-04:00,302.9154989326136,303.22903516029237,296.9673867273547,300.3624572753906,2182600,0.0,0.0
2022-03-29 00:00:00-04:00,306.78539055381214,308.1559668710965,301.643494505834,304.2681884765625,2378700,0.0,0.0
2022-03-30 00:00:00-04:00,303.676942163919,304.44731892459237,298.86648878155125,300.62225341796875,2650200,0.0,0.0
2022-03-31 00:00:00-04:00,301.10597034688857,301.4374127565693,295.70428466796875,295.70428466796875,2632000,0.0,0.0
2022-04-01 00:00:00-04:00,299.1352782624364,299.34132264870834,293.4379883225901,295.8118591308594,2444800,0.0,0.0
2022-04-04 00:00:00-04:00,295.61472405073647,297.2898697796565,291.90608984508845,294.01123046875,2569400,0.0,0.0
2022-04-05 00:00:00-04:00,293.24976219839425,295.3817755694428,289.7740730156772,290.20404052734375,2573900,0.0,0.0
2022-04-06 00:00:00-04:00,286.6567186531429,287.212111671499,282.84955910853085,283.3064270019531,3151300,0.0,0.0
2022-04-07 00:00:00-04:00,282.1776053138181,282.92110888018175,276.0861631818082,281.4161682128906,3562600,0.0,0.0
2022-04-08 00:00:00-04:00,280.90567533711453,289.95328410331746,280.3861220277671,287.90191650390625,3294200,0.0,0.0
2022-04-11 00:00:00-04:00,287.2031627162636,294.62937144908153,285.78780710871337,287.3375549316406,2747700,0.0,0.0
2022-04-12 00:00:00-04:00,288.1616439495966,293.034810084568,284.8740651982397,286.4596252441406,2365200,0.0,0.0
2022-04-13 00:00:00-04:00,282.89430598233747,289.0126499315638,281.9268516959503,288.4214172363281,3022900,0.0,0.0
2022-04-14 00:00:00-04:00,294.24414078609357,298.3289965069469,285.7877660880466,288.1258239746094,5460900,0.0,0.0
2022-04-18 00:00:00-04:00,287.2389685588422,297.9975616763379,287.2389685588422,295.5072326660156,3653400,0.0,0.0
2022-04-19 00:00:00-04:00,296.0357572344953,302.06451594534593,296.0357572344953,300.94476318359375,2774800,0.0,0.0
2022-04-20 00:00:00-04:00,302.8706808808033,308.96212393214427,302.33319417916516,305.5222473144531,3040100,0.0,0.0
2022-04-21 00:00:00-04:00,308.4516015187995,311.1569420274938,298.62464895253237,299.4667053222656,3097800,0.0,0.0
2022-04-22 00:00:00-04:00,297.6840200608393,297.8542246619489,286.18192335742674,286.4506530761719,3125200,0.0,0.0
2022-04-25 00:00:00-04:00,283.41389092730145,288.5916263034746,280.1531579523204,287.9287414550781,3093600,0.0,0.0
2022-04-26 00:00:00-04:00,284.8203314105956,288.090004099164,280.20692803248585,280.49359130859375,2791700,0.0,0.0
2022-04-27 00:00:00-04:00,279.61565062944214,285.9758229871934,279.61565062944214,280.5920715332031,2469300,0.0,0.0
2022-04-28 00:00:00-04:00,284.0767988260703,286.08338707336054,279.624660649109,285.2323913574219,2176000,0.0,0.0
2022-04-29 00:00:00-04:00,284.1933056475053,285.83261197772663,272.95993612432386,273.6586608886719,3129600,0.0,0.0
2022-05-02 00:00:00-04:00,273.94522838526007,278.9258856991813,270.72033547106764,278.07489013671875,2968100,0.0,0.0
2022-05-03 00:00:00-04:00,279.0603062489915,286.22672422769125,278.881162202153,281.8731384277344,2606200,0.0,0.0
2022-05-04 00:00:00-04:00,282.9211392913731,290.9564844856321,279.64252796296563,290.33837890625,2629400,0.0,0.0
2022-05-05 00:00:00-04:00,287.1046262978524,287.26586414470586,276.52520372175695,280.4488220214844,2622100,0.0,0.0
2022-05-06 00:00:00-04:00,279.7411113061789,281.0221018974638,274.16922050111003,280.3502502441406,2375600,0.0,0.0
2022-05-09 00:00:00-04:00,276.7312491952866,281.07586833333113,273.20178606551144,276.7043762207031,3234000,0.0,0.0
2022-05-10 00:00:00-04:00,279.2395150651096,282.3121106243015,269.32297629673764,273.2734680175781,2798400,0.0,0.0
2022-05-11 00:00:00-04:00,273.2734558256309,278.5139049087713,269.63650056319125,270.1291809082031,2320600,0.0,0.0
2022-05-12 00:00:00-04:00,268.7406476787897,271.3295290401973,263.2762490417785,268.2121276855469,3408300,0.0,0.0
2022-05-13 00:00:00-04:00,271.99243694886354,277.36725035810827,271.93869100178824,275.0023193359375,2152500,0.0,0.0
2022-05-16 00:00:00-04:00,274.0707382579542,274.53654563555494,269.2333837270722,271.822265625,1568800,0.0,0.0
2022-05-17 00:00:00-04:00,277.58219984206653,281.568530229701,276.02351289408097,280.35919189453125,2096200,0.0,0.0
2022-05-18 00:00:00-04:00,276.80290100546927,280.2606846402625,273.1122000327642,274.7694396972656,2033200,0.0,0.0
2022-05-19 00:00:00-04:00,272.16262475527003,277.68970889404204,271.77743637910993,276.08624267578125,2108800,0.0,0.0
2022-05-20 00:00:00-04:00,278.82732768720814,280.01873226913284,268.2120689605625,274.83203125,2201100,0.0,0.0
2022-05-23 00:00:00-04:00,280.1352775840708,288.2960228683025,278.6572093556256,283.61993408203125,2653000,0.0,0.0
2022-05-24 00:00:00-04:00,282.49120858522457,282.89430314312705,274.50064151680357,281.2370910644531,1870900,0.0,0.0
2022-05-25 00:00:00-04:00,278.8184618849591,284.5068118760991,277.6808028218176,282.088134765625,1929500,0.0,0.0
2022-05-26 00:00:00-04:00,285.13383662582777,291.5836235660614,284.84720069115076,289.9084777832031,2440400,0.0,0.0
2022-05-27 00:00:00-04:00,292.70328480532345,294.4232365640631,289.51423207602176,294.34259033203125,2106700,0.0,0.0
2022-05-31 00:00:00-04:00,292.02643458408085,297.17278314083745,290.8096898626397,294.5860900878906,2722900,2.0,0.0
2022-06-01 00:00:00-04:00,294.72121820745906,296.7671323586117,284.65381770343595,290.07958984375,2330200,0.0,0.0
2022-06-02 00:00:00-04:00,288.9439881021328,293.09894111270546,287.7182493213544,292.2427062988281,1957500,0.0,0.0
2022-06-03 00:00:00-04:00,289.2053486122585,290.6654310277629,286.1589902366348,287.2225036621094,1238900,0.0,0.0
2022-06-06 00:00:00-04:00,291.1161782673641,293.108018101438,288.22304995568226,288.8719787597656,1099700,0.0,0.0
2022-06-07 00:00:00-04:00,286.86193178409565,290.07051473219667,285.40184968475063,289.7731018066406,2516800,0.0,0.0
2022-06-08 00:00:00-04:00,286.9160270478309,288.00657785843134,281.92288367971673,283.6173095703125,1438100,0.0,0.0
2022-06-09 00:00:00-04:00,282.60800270214304,283.1307654032852,274.00970323271554,274.1899719238281,2896500,0.0,0.0
2022-06-10 00:00:00-04:00,267.67358911165286,269.1697309103197,258.534540540688,258.687744140625,3866900,0.0,0.0
2022-06-13 00:00:00-04:00,251.45937985723566,258.1469496603555,250.84651055057108,255.3529510498047,4218100,0.0,0.0
2022-06-14 00:00:00-04:00,256.26321866404965,260.6344711992138,253.5323169779786,254.64993286132812,2487700,0.0,0.0
2022-06-15 00:00:00-04:00,258.8138636273859,265.4112983439247,256.11902132728164,261.4366149902344,2725800,0.0,0.0
2022-06-16 00:00:00-04:00,254.77614173102606,257.8855970225454,251.59459548577763,256.84912109375,2777300,0.0,0.0
2022-06-17 00:00:00-04:00,254.28041280396909,258.00273701021644,250.69327630996798,252.17140197753906,5234400,0.0,0.0
2022-06-21 00:00:00-04:00,259.36366689362853,259.634069826976,255.04651669401977,256.69586181640625,2506300,0.0,0.0
2022-06-22 00:00:00-04:00,254.42464677107887,257.77743988424623,253.29803655166955,256.4525451660156,2463100,0.0,0.0
2022-06-23 00:00:00-04:00,255.74949295040588,258.3001259008036,251.39625648593852,257.9216003417969,2547000,0.0,0.0
2022-06-24 00:00:00-04:00,262.2748543623555,273.207484135738,261.37356620303467,272.864990234375,3984300,0.0,0.0
2022-06-27 00:00:00-04:00,273.144382890883,274.28001475467454,269.3770050478407,271.0894470214844,2091700,0.0,0.0
2022-06-28 00:00:00-04:00,275.7040488667097,278.4710101816026,269.64739119458153,269.9267883300781,2276600,0.0,0.0
2022-06-29 00:00:00-04:00,273.42376399482987,277.092013129503,270.3053148987946,273.3426513671875,2475900,0.0,0.0
2022-06-30 00:00:00-04:00,267.30408400581837,270.68391528373763,263.3835017275419,267.7006530761719,2669500,0.0,0.0
2022-07-01 00:00:00-04:00,266.1233533374804,270.68386936781116,262.9237912725114,269.6924743652344,1749400,0.0,0.0
2022-07-05 00:00:00-04:00,264.0774928763227,267.99810279377357,259.89550162967157,267.8629150390625,2480900,0.0,0.0
2022-07-06 00:00:00-04:00,267.0246660275786,267.98905107834855,261.9143769361759,264.762451171875,1774500,0.0,0.0
2022-07-07 00:00:00-04:00,268.277420769527,269.54824029883025,264.6181932618013,269.1246337890625,2046500,0.0,0.0
2022-07-08 00:00:00-04:00,270.83714697548436,271.18866263159566,265.9431578759623,267.2049560546875,1438900,0.0,0.0
2022-07-11 00:00:00-04:00,264.2576979073903,267.26799704287214,263.06799094219195,264.2396545410156,1519400,0.0,0.0
2022-07-12 00:00:00-04:00,261.11219975654427,269.5572658879147,260.9319586175284,263.6538391113281,1772600,0.0,0.0
2022-07-13 00:00:00-04:00,261.83323659067713,262.44610594860876,257.59717116499525,261.5087585449219,1884100,0.0,0.0
2022-07-14 00:00:00-04:00,256.1821398313959,256.1821398313959,250.41390106261,253.79373168945312,3171900,0.0,0.0
2022-07-15 00:00:00-04:00,258.2190227936311,267.1688064065042,257.00227844174543,264.86151123046875,3457600,0.0,0.0
2022-07-18 00:00:00-04:00,275.5778916682811,280.52595513553507,269.223793289842,271.5220947265625,6767900,0.0,0.0
2022-07-19 00:00:00-04:00,273.6221033997028,287.63715254282465,273.5409907557786,286.65472412109375,5641100,0.0,0.0
2022-07-20 00:00:00-04:00,285.96070202021104,290.3680142590421,285.0864514179042,289.7190856933594,3489800,0.0,0.0
2022-07-21 00:00:00-04:00,288.87187417290204,294.8654348779813,288.2770206924322,294.306640625,2518800,0.0,0.0
2022-07-22 00:00:00-04:00,294.8203437711522,296.56884492460233,290.3860216230174,291.9542541503906,1830300,0.0,0.0
2022-07-25 00:00:00-04:00,293.79290742314026,294.9826144150407,290.75557067505724,292.1255187988281,4024500,0.0,0.0
2022-07-26 00:00:00-04:00,290.00746497372126,292.2787286120186,286.3933183595885,287.1053161621094,2054700,0.0,0.0
2022-07-27 00:00:00-04:00,288.6736143846496,294.17147807908736,286.95215056773606,292.50408935546875,2081900,0.0,0.0
2022-07-28 00:00:00-04:00,293.1890192119369,297.40706858617614,290.11565087716633,296.6229248046875,1820700,0.0,0.0
2022-07-29 00:00:00-04:00,296.9744748146464,302.09378541203995,296.9744748146464,300.4804992675781,2112200,0.0,0.0
2022-08-01 00:00:00-04:00,298.98434530316814,301.7512791808124,296.5328402922777,299.2997741699219,1476500,0.0,0.0
2022-08-02 00:00:00-04:00,296.9744869029815,299.07447648352604,294.9195507341769,295.514404296875,1862900,0.0,0.0
2022-08-03 00:00:00-04:00,299.2907735425539,302.39120709261414,297.0826064920586,300.2821960449219,1770600,0.0,0.0
2022-08-04 00:00:00-04:00,300.3813237858883,301.30062782842316,297.98389392443164,299.1105041503906,1533400,0.0,0.0
2022-08-05 00:00:00-04:00,298.23625074266624,303.6530014603696,297.12768389391175,301.6341247558594,1876400,0.0,0.0
2022-08-08 00:00:00-04:00,303.83325116084967,305.3924896449067,301.3366927547672,301.64312744140625,1460000,0.0,0.0
2022-08-09 00:00:00-04:00,302.96805599721523,304.78867596321675,301.544032588045,303.39166259765625,1587900,0.0,0.0
2022-08-10 00:00:00-04:00,307.6637451410548,315.1805133829091,307.6547509620076,313.56719970703125,2459500,0.0,0.0
2022-08-11 00:00:00-04:00,315.4508085405485,320.90359008612694,315.25252407497504,316.9649658203125,2360800,0.0,0.0
2022-08-12 00:00:00-04:00,318.5513353947065,319.5607738786109,315.58608921938537,318.8938293457031,2369000,0.0,0.0
2022-08-15 00:00:00-04:00,316.35219591487254,323.2200084168181,314.59467271329095,320.72344970703125,2045700,0.0,0.0
2022-08-16 00:00:00-04:00,318.1456764829228,321.28216896158557,317.27142592883496,319.93023681640625,1740900,0.0,0.0
2022-08-17 00:00:00-04:00,317.1632884098135,320.48904382003076,316.1448284189975,318.8216552734375,1576300,0.0,0.0
2022-08-18 00:00:00-04:00,317.84827548243754,320.0474207218194,316.2259403440522,319.524658203125,1102200,0.0,0.0
2022-08-19 00:00:00-04:00,316.3522074807431,317.12730225102206,313.1976982893397,314.79296875,1812300,0.0,0.0
2022-08-22 00:00:00-04:00,308.637187007859,310.5208763723737,307.1230291701348,308.6191711425781,1723900,0.0,0.0
2022-08-23 00:00:00-04:00,308.1955481537843,310.1062749673554,305.5637741901906,306.6002502441406,1538000,0.0,0.0
2022-08-24 00:00:00-04:00,305.55471924282267,310.3315632618804,305.0770375914302,308.1864929199219,1530800,0.0,0.0
2022-08-25 00:00:00-04:00,310.44871497158385,312.62079521347994,308.33967649129886,312.2873229980469,1763900,0.0,0.0
2022-08-26 00:00:00-04:00,313.95467999286996,314.3151897163874,302.8327886163263,303.19329833984375,1703900,0.0,0.0
2022-08-29 00:00:00-04:00,300.9581298828125,303.1933067335778,299.2366663373453,300.9581298828125,1835600,0.0,0.0
2022-08-30 00:00:00-04:00,301.9315990248425,302.84190906533763,298.48867090637094,300.69683837890625,1830300,0.0,0.0
2022-08-31 00:00:00-04:00,301.0781885567287,304.3382664403373,299.3800592754081,302.09527587890625,2488000,2.5,0.0
2022-09-01 00:00:00-04:00,299.55252662250797,303.0214472961803,294.7850400731191,302.8489074707031,1575100,0.0,0.0
2022-09-02 00:00:00-04:00,303.9204983159534,309.04215512237903,299.6433888937659,301.0146179199219,2215400,0.0,0.0
2022-09-06 00:00:00-04:00,301.77744304357157,302.62196280031526,293.7317254358858,296.4832458496094,1578100,0.0,0.0
2022-09-07 00:00:00-04:00,294.44907512978006,301.6320921308017,293.540982376874,300.17913818359375,1496600,0.0,0.0
2022-09-08 00:00:00-04:00,299.9339936047332,304.94665613369875,297.2732605065376,304.5561828613281,1755600,0.0,0.0
2022-09-09 00:00:00-04:00,306.9172546727532,309.68692698997563,306.0545553147742,308.8424072265625,1445600,0.0,0.0
2022-09-12 00:00:00-04:00,310.25902195971656,312.7199459466028,308.83330946290516,311.0944519042969,1563200,0.0,0.0
2022-09-13 00:00:00-04:00,305.19185777299975,305.59142087667345,296.7919982241086,298.2086486816406,2242100,0.0,0.0
2022-09-14 00:00:00-04:00,298.26309727046316,300.5151497237704,293.76802673453903,297.1824645996094,1953300,0.0,0.0
2022-09-15 00:00:00-04:00,298.51738015772395,304.46537739154945,297.4821409802242,301.1417541503906,1489400,0.0,0.0
2022-09-16 00:00:00-04:00,296.3833613733421,298.76256030708987,290.3990325638511,296.2289733886719,2946800,0.0,0.0
2022-09-19 00:00:00-04:00,291.10735839647225,299.02592988655414,291.08011671697415,298.4538269042969,1652700,0.0,0.0
2022-09-20 00:00:00-04:00,295.7658894298177,296.7647695198777,290.5988382481597,293.5501403808594,1569900,0.0,0.0
2022-09-21 00:00:00-04:00,295.0575885377738,299.47999699550235,291.1618618242434,291.2344970703125,1796700,0.0,0.0
2022-09-22 00:00:00-04:00,292.69649827858353,293.6681642931485,282.59851007519603,284.1604309082031,2239900,0.0,0.0
2022-09-23 00:00:00-04:00,279.2839738261788,281.31812086532517,270.12131934727614,274.2168273925781,2918500,0.0,0.0
2022-09-26 00:00:00-04:00,271.5198102196495,274.33490409559033,265.4446657605872,267.5423583984375,2308800,0.0,0.0
2022-09-27 00:00:00-04:00,270.1575591174641,271.6559064237933,262.0936920785001,264.60003662109375,2007400,0.0,0.0
2022-09-28 00:00:00-04:00,266.97930529011586,274.6163696955488,265.58083450282305,273.145263671875,2289700,0.0,0.0
2022-09-29 00:00:00-04:00,269.76717491320073,271.8376256969622,264.75448417466447,268.8953857421875,1930800,0.0,0.0
2022-09-30 00:00:00-04:00,268.7954927498229,273.41768218812734,265.79879732793296,266.1166076660156,1970800,0.0,0.0
2022-10-03 00:00:00-04:00,269.8579995187621,273.5448547521539,264.3458685514286,271.656005859375,1938800,0.0,0.0
2022-10-04 00:00:00-04:00,278.6028373902163,286.1945069940023,277.7674076010437,285.93115234375,2399500,0.0,0.0
2022-10-05 00:00:00-04:00,278.40311098124073,281.6994926647003,275.6970118570313,280.6007080078125,1992800,0.0,0.0
2022-10-06 00:00:00-04:00,279.13862282269736,280.6732739595143,275.5334937666383,276.6686096191406,1367400,0.0,0.0
2022-10-07 00:00:00-04:00,276.0602741453319,277.1045755608876,271.6560175185455,273.40863037109375,1790100,0.0,0.0
2022-10-10 00:00:00-04:00,275.7242162658782,276.7140340742782,271.0021227069427,272.918212890625,1309600,0.0,0.0
2022-10-11 00:00:00-04:00,270.62072136918084,274.7162007070271,266.90662545600077,267.1699523925781,2392800,0.0,0.0
2022-10-12 00:00:00-04:00,266.97019512255673,272.2280602279869,264.8997446337397,268.16888427734375,1763800,0.0,0.0
2022-10-13 00:00:00-04:00,263.7283427935958,280.38276265931233,261.30372264355145,278.84808349609375,2724900,0.0,0.0
2022-10-14 00:00:00-04:00,279.2021542754482,282.9798229690492,271.58327146540614,272.418701171875,2397600,0.0,0.0
2022-10-17 00:00:00-04:00,276.4324856461641,282.97982586310104,276.18731060839065,278.5210876464844,3118600,0.0,0.0
2022-10-18 00:00:00-04:00,292.1062365192649,294.65797518685923,283.3249665483205,285.00494384765625,6428600,0.0,0.0
2022-10-19 00:00:00-04:00,283.87885126896606,285.8585144559068,279.74704048722407,283.10699462890625,2363800,0.0,0.0
2022-10-20 00:00:00-04:00,283.4157405693465,287.00269014915654,280.60064762344643,282.2442932128906,2382300,0.0,0.0
2022-10-21 00:00:00-04:00,282.41686363223755,295.8293844461405,281.04563462239236,295.2209777832031,3545700,0.0,0.0
2022-10-24 00:00:00-04:00,298.30848266087276,300.79664804693675,295.9020423006876,298.4901123046875,2232600,0.0,0.0
2022-10-25 00:00:00-04:00,297.7273478132652,302.9398203052639,295.96567294740987,301.85009765625,1837700,0.0,0.0
2022-10-26 00:00:00-04:00,303.7752266339414,307.543834335488,303.4301746110279,304.83770751953125,2176700,0.0,0.0
2022-10-27 00:00:00-04:00,308.1250077425064,310.50420676869874,305.6005105229775,306.1907653808594,1998800,0.0,0.0
2022-10-28 00:00:00-04:00,307.40757391727,311.09442857903986,305.1191899691075,310.404296875,1677100,0.0,0.0
2022-10-31 00:00:00-04:00,309.7232650098987,314.36360662086366,309.2692185409058,312.84710693359375,2224000,0.0,0.0
2022-11-01 00:00:00-04:00,313.41009550526957,316.64290389356444,312.1750747959552,316.5429992675781,2316600,0.0,0.0
2022-11-02 00:00:00-04:00,315.6712414489502,324.58872015160335,314.8721152831929,317.6418151855469,3221200,0.0,0.0
2022-11-03 00:00:00-04:00,315.5622527286234,318.4409191413884,311.1035136882751,316.80633544921875,2515600,0.0,0.0
2022-11-04 00:00:00-04:00,321.46485669545393,325.4423076614955,318.9494495730584,325.0155029296875,3172700,0.0,0.0
2022-11-07 00:00:00-05:00,326.9224727669326,329.60132969416367,325.56939575382484,329.23809814453125,2526900,0.0,0.0
2022-11-08 00:00:00-05:00,329.0020135863191,333.44260072407485,328.2392189523621,330.5639343261719,3501300,0.0,0.0
2022-11-09 00:00:00-05:00,329.59228295947617,333.4062559774058,327.71252426878647,328.7295837402344,3047200,0.0,0.0
2022-11-10 00:00:00-05:00,335.9943691998572,345.46577138866326,335.75825618043297,343.5406188964844,3790400,0.0,0.0
2022-11-11 00:00:00-05:00,345.07528928788435,351.4319393537138,343.94017320470056,349.7701416015625,3409100,0.0,0.0
2022-11-14 00:00:00-05:00,348.70754683549717,351.70424123100037,345.52922284090283,347.21826171875,2609100,0.0,0.0
2022-11-15 00:00:00-05:00,350.5056140218727,353.7747254196064,345.66546463680794,347.6905212402344,3192400,0.0,0.0
2022-11-16 00:00:00-05:00,347.9901965684346,349.9789218028069,345.08431654975374,347.1910705566406,2303700,0.0,0.0
2022-11-17 00:00:00-05:00,342.4872300492394,346.63722123339943,340.543925663217,344.8755187988281,2297600,0.0,0.0
2022-11-18 00:00:00-05:00,346.23760614604436,347.64513883779654,342.70513972313483,344.3487854003906,2384500,0.0,0.0
2022-11-21 00:00:00-05:00,344.0763309128452,345.7744598891222,340.91618593891053,345.26593017578125,1877500,0.0,0.0
2022-11-22 00:00:00-05:00,346.3465788291215,350.3694231711466,346.3465788291215,348.5895690917969,2019400,0.0,0.0
2022-11-23 00:00:00-05:00,348.6168004738884,352.5216159186269,348.1718438953861,350.7508239746094,1865400,0.0,0.0
2022-11-25 00:00:00-05:00,350.305936294551,353.64771161395197,349.7792268778647,353.1210021972656,1129300,0.0,0.0
2022-11-28 00:00:00-05:00,350.0061125593628,352.6940865194257,345.8833922452949,347.21826171875,2232200,0.0,0.0
2022-11-29 00:00:00-05:00,346.1014683345697,349.5522104381842,344.40333896258267,348.4443359375,1746900,0.0,0.0
2022-11-30 00:00:00-05:00,349.62341612265453,352.9596862792969,342.85946541579005,352.9596862792969,2964100,2.5,0.0
2022-12-01 00:00:00-05:00,353.27956168262455,353.27956168262455,347.7495822888723,350.8207702636719,1706300,0.0,0.0
2022-12-02 00:00:00-05:00,348.72764622825173,349.64169439419396,345.87582041363777,347.8684387207031,1932300,0.0,0.0
2022-12-05 00:00:00-05:00,346.0128653394719,346.3053673993137,337.5670705968938,339.60540771484375,2329600,0.0,0.0
2022-12-06 00:00:00-05:00,337.7225894219204,338.5360779362676,329.35902482706786,331.71728515625,3081900,0.0,0.0
2022-12-07 00:00:00-05:00,331.3332742222082,333.9017470538119,327.36630896665474,328.98419189453125,2128200,0.0,0.0
2022-12-08 00:00:00-05:00,330.91283886848595,331.4247035827321,325.4559704911349,327.3023376464844,1967800,0.0,0.0
2022-12-09 00:00:00-05:00,326.0501731374988,330.5564526201949,325.5931489708817,328.2713317871094,1588800,0.0,0.0
2022-12-12 00:00:00-05:00,327.75024081740503,332.72266481773704,325.7119034694248,331.9639892578125,1750400,0.0,0.0
2022-12-13 00:00:00-05:00,342.42984468226206,346.0220470259883,334.0937304608227,337.0003967285156,3062600,0.0,0.0
2022-12-14 00:00:00-05:00,335.4648376110136,337.12838412922815,328.55463547523834,329.4046936035156,2519700,0.0,0.0
2022-12-15 00:00:00-05:00,324.0118211224892,325.50169628073314,318.0339379891057,319.761474609375,3163700,0.0,0.0
2022-12-16 00:00:00-05:00,315.41976827299095,317.88770978746555,313.8933232659258,316.58062744140625,5008800,0.0,0.0
2022-12-19 00:00:00-05:00,316.507435545976,318.45436252362055,313.1803148620034,314.9901123046875,1646700,0.0,0.0
2022-12-20 00:00:00-05:00,316.251534977638,317.55864513318664,313.9664144257153,314.8804626464844,1623000,0.0,0.0
2022-12-21 00:00:00-05:00,318.32639405658364,320.721195568998,317.0741526470032,320.0630798339844,1923100,0.0,0.0
2022-12-22 00:00:00-05:00,317.32092050666046,318.13440875605994,310.66665189977834,315.876708984375,1528900,0.0,0.0
2022-12-23 00:00:00-05:00,315.20035014461354,317.8693829268405,313.6190368560287,315.8127746582031,1062000,0.0,0.0
2022-12-27 00:00:00-05:00,316.7268125051167,317.86022321015434,312.4125044057209,312.5770263671875,1035000,0.0,0.0
2022-12-28 00:00:00-05:00,311.23333991069353,313.3813582613769,310.1364711672928,311.571533203125,1117200,0.0,0.0
2022-12-29 00:00:00-05:00,313.0066308561861,315.0175478164006,311.909761987972,313.9115295410156,1273600,0.0,0.0
2022-12-30 00:00:00-05:00,312.36685317923076,314.1492584995846,310.2279835315301,313.86590576171875,1031400,0.0,0.0
2023-01-03 00:00:00-05:00,315.8036761244245,318.63723132991913,313.3448840555974,316.4617919921875,1589700,0.0,0.0
2023-01-04 00:00:00-05:00,318.11613773928207,320.20016615138496,315.41968486775926,317.81451416015625,1881000,0.0,0.0
2023-01-05 00:00:00-05:00,314.66107046066134,315.47458669015447,310.9043460153446,314.21319580078125,1397800,0.0,0.0
2023-01-06 00:00:00-05:00,317.44887834966477,319.0027712010072,311.6446955159318,318.1618347167969,3097800,0.0,0.0
2023-01-09 00:00:00-05:00,321.63526711832446,325.8581651033828,319.4598280606796,322.65899658203125,1989000,0.0,0.0
2023-01-10 00:00:00-05:00,322.329945682981,326.7722062016886,320.3738692970402,326.64422607421875,1610100,0.0,0.0
2023-01-11 00:00:00-05:00,328.0244880904694,334.0846323970775,325.59311641979724,333.1523132324219,2127000,0.0,0.0
2023-01-12 00:00:00-05:00,334.7610157529436,338.289256435642,331.4064743605259,338.14300537109375,2103100,0.0,0.0
2023-01-13 00:00:00-05:00,332.2473787013342,342.17395687987033,331.21449974917357,341.8540344238281,3310200,0.0,0.0
2023-01-17 00:00:00-05:00,333.4447634266393,335.26373826505323,314.4325725248141,319.84375,14448300,0.0,0.0
2023-01-18 00:00:00-05:00,318.38124548510154,324.2951378932979,317.9059226137345,319.0850524902344,5585200,0.0,0.0
2023-01-19 00:00:00-05:00,316.28810822650394,321.8912283451172,315.8219347024869,320.6024169921875,3100400,0.0,0.0
2023-01-20 00:00:00-05:00,319.79799585165637,321.97343473542134,309.14019193933,312.45819091796875,11247200,0.0,0.0
2023-01-23 00:00:00-05:00,312.3027676531089,319.5145912957115,307.2663546464863,319.1307067871094,4915700,0.0,0.0
2023-01-24 00:00:00-05:00,310.7763720185172,320.1910568365579,310.7763720185172,318.390380859375,2372000,0.0,0.0
2023-01-25 00:00:00-05:00,315.1181146695603,319.880297946627,314.3411681262755,319.57867431640625,1985200,0.0,0.0
2023-01-26 00:00:00-05:00,321.4981488385942,324.4870760889872,319.4780824498628,324.45965576171875,1919200,0.0,0.0
2023-01-27 00:00:00-05:00,321.6992135636367,325.39194750065485,321.5895043692274,323.2987976074219,2427400,0.0,0.0
2023-01-30 00:00:00-05:00,322.92406126224887,331.1870360073729,322.1105450633616,326.7356262207031,3184500,0.0,0.0
2023-01-31 00:00:00-05:00,328.28947591489305,334.4684491872745,326.1871488237216,334.3678894042969,2311500,0.0,0.0
2023-02-01 00:00:00-05:00,328.2347052451591,337.2289359404656,327.923932212981,334.27655029296875,2889400,0.0,0.0
2023-02-02 00:00:00-05:00,336.36969658273665,340.83940512507377,333.2162195194599,337.7133483886719,2619600,0.0,0.0
2023-02-03 00:00:00-05:00,334.19422562695036,342.37496639284274,334.0297036814753,338.1520690917969,2243100,0.0,0.0
2023-02-06 00:00:00-05:00,337.2838014698148,339.3495594240395,334.340565013294,338.9290771484375,1816200,0.0,0.0
2023-02-07 00:00:00-05:00,336.5251326676447,343.96547039109606,335.7664570528776,342.2196350097656,2205500,0.0,0.0
2023-02-08 00:00:00-05:00,340.86684828095287,345.8301230394444,340.00764078861846,342.8594665527344,1893200,0.0,0.0
2023-02-09 00:00:00-05:00,344.6327488345755,347.0458216313032,336.18692430968366,336.360595703125,2052500,0.0,0.0
2023-02-10 00:00:00-05:00,335.45564269840554,340.23612416090805,333.2253631693385,339.3677673339844,1933400,0.0,0.0
2023-02-13 00:00:00-05:00,337.36600307063287,342.82287123324653,336.3696940090913,341.87225341796875,1570600,0.0,0.0
2023-02-14 00:00:00-05:00,341.7992072001381,344.64188388791683,337.6311493828787,339.8248596191406,2155500,0.0,0.0
2023-02-15 00:00:00-05:00,337.0460894355059,342.1921847316756,336.5982147901421,342.1647644042969,1687200,0.0,0.0
2023-02-16 00:00:00-05:00,338.8833610906992,342.08252970517646,337.10095599053295,338.3806457519531,1947800,0.0,0.0
2023-02-17 00:00:00-05:00,336.4153579127504,339.16665134084093,335.32763855255325,336.8266906738281,1857300,0.0,0.0
2023-02-21 00:00:00-05:00,335.1997297702935,335.1997297702935,329.13958623381654,330.0810546875,2403000,0.0,0.0
2023-02-22 00:00:00-05:00,330.54723631282457,331.79947781279395,327.2658068079707,329.870849609375,2203800,0.0,0.0
2023-02-23 00:00:00-05:00,331.98228729026295,336.2600257836249,328.70083000266624,332.2930603027344,1931400,0.0,0.0
2023-02-24 00:00:00-05:00,329.2127558176632,333.7921183779774,328.62775157433225,332.5764465332031,2428600,0.0,0.0
2023-02-27 00:00:00-05:00,336.5708218643951,338.472029804685,333.1797109279821,334.1120300292969,2842400,0.0,0.0
2023-02-28 00:00:00-05:00,334.5416145131242,334.5507639206463,321.13251621519123,321.4250183105469,4945600,0.0,0.0
2023-03-01 00:00:00-05:00,321.6459850592926,324.54584723991326,318.4883298815555,318.7369079589844,2717400,2.5,0.0
2023-03-02 00:00:00-05:00,316.6747833875902,322.005024830157,313.4527078234106,321.3790283203125,3259800,0.0,0.0
2023-03-03 00:00:00-05:00,322.7968099163642,329.3606157677605,321.80255353747873,328.734619140625,2396200,0.0,0.0
2023-03-06 00:00:00-05:00,329.6274701122759,330.3639331467254,325.6413154757126,328.6976623535156,1614200,0.0,0.0
2023-03-07 00:00:00-05:00,327.31680147678753,327.9152093502161,318.1845354429397,318.5987854003906,2048500,0.0,0.0
2023-03-08 00:00:00-05:00,318.6999900104544,321.92206447005816,317.7609955675892,321.5538330078125,1584600,0.0,0.0
2023-03-09 00:00:00-05:00,321.4710900848213,326.1569051308395,313.9682345836215,314.9256591796875,3177800,0.0,0.0
2023-03-10 00:00:00-05:00,311.9612881334333,312.93711428671327,300.14087955517687,301.6506652832031,4559700,0.0,0.0
2023-03-13 00:00:00-04:00,294.2859689793361,300.2145618976453,289.56332251769516,290.456298828125,5660700,0.0,0.0
2023-03-14 00:00:00-04:00,298.98097993827037,300.46314928443974,293.6231500040699,296.56903076171875,3785900,0.0,0.0
2023-03-15 00:00:00-04:00,286.09261767347397,287.69446826822536,280.23766088254195,287.3998718261719,6596700,0.0,0.0
2023-03-16 00:00:00-04:00,284.4632032619494,293.0431357469723,280.70719662889945,290.0696105957031,4399100,0.0,0.0
2023-03-17 00:00:00-04:00,285.4666084617751,285.75198997271804,277.8993347743361,279.4367370605469,6369800,0.0,0.0
2023-03-20 00:00:00-04:00,282.41948043923657,287.40910617209164,281.940782259239,284.95111083984375,3963700,0.0,0.0
2023-03-21 00:00:00-04:00,292.398783202585,294.8843958721425,290.3090469275246,292.0857849121094,3242400,0.0,0.0
2023-03-22 00:00:00-04:00,292.08574792186783,296.6334796206368,288.5966925615146,288.7624206542969,2505900,0.0,0.0
2023-03-23 00:00:00-04:00,290.1800632695607,295.84170365650124,287.81416100577235,289.8486633300781,2585900,0.0,0.0
2023-03-24 00:00:00-04:00,285.5219084757818,287.9154558539327,281.1122602143736,287.749755859375,2456700,0.0,0.0
2023-03-27 00:00:00-04:00,293.31933070975504,295.4182815797921,291.9844877456926,293.2364807128906,2300600,0.0,0.0
2023-03-28 00:00:00-04:00,293.75203587545803,295.151327211441,291.01787336598755,293.1536560058594,1224300,0.0,0.0
2023-03-29 00:00:00-04:00,296.89127913012345,297.0845958175794,293.3746066936157,295.25262451171875,1475900,0.0,0.0
2023-03-30 00:00:00-04:00,298.78769490223783,299.07307651628236,294.4793259280127,295.6392822265625,1456300,0.0,0.0
2023-03-31 00:00:00-04:00,297.784218446889,301.3376939370233,296.8176070358523,301.1351623535156,2281100,0.0,0.0
2023-04-03 00:00:00-04:00,300.24220876392167,302.8566894626145,297.48961664245485,300.5920104980469,1808800,0.0,0.0
2023-04-04 00:00:00-04:00,300.8682744082274,300.9142928302179,294.70028877066585,297.0293884277344,1536800,0.0,0.0
2023-04-05 00:00:00-04:00,294.2398941941129,296.6150395765421,294.0097459722485,295.99822998046875,1329300,0.0,0.0
2023-04-06 00:00:00-04:00,294.9395761585265,297.5632717057177,294.57134459445547,296.7991638183594,1311000,0.0,0.0
2023-04-10 00:00:00-04:00,296.79916803242503,299.18350045440326,295.7957250660204,299.1558837890625,1114400,0.0,0.0
2023-04-11 00:00:00-04:00,300.15929187884024,303.05918187401,297.96830446309417,301.3744812011719,1559600,0.0,0.0
2023-04-12 00:00:00-04:00,305.3790892188838,305.70130236466736,301.1995894317372,304.0166015625,1862400,0.0,0.0
2023-04-13 00:00:00-04:00,303.869359079147,306.5022699627691,301.0339446833644,305.756591796875,1765500,0.0,0.0
2023-04-14 00:00:00-04:00,309.8071235012926,312.6609670731891,307.7726210850334,310.1661682128906,2275700,0.0,0.0
2023-04-17 00:00:00-04:00,309.3192254816752,313.4158752711481,307.1834431345348,312.7070007324219,3012100,0.0,0.0
2023-04-18 00:00:00-04:00,301.9544948011541,309.8255534736599,300.2329904386816,307.39520263671875,7549500,0.0,0.0
2023-04-19 00:00:00-04:00,306.5390584246311,310.23061714419964,305.3330838769086,310.1385803222656,2625400,0.0,0.0
2023-04-20 00:00:00-04:00,308.3525853604818,312.366356688417,307.7726073717517,311.8139953613281,2217900,0.0,0.0
2023-04-21 00:00:00-04:00,312.0810045808522,315.1741833533967,309.3192257792518,314.52978515625,2278900,0.0,0.0
2023-04-24 00:00:00-04:00,314.8335864545913,317.6598136656955,314.4101215472077,316.64715576171875,1966300,0.0,0.0
2023-04-25 00:00:00-04:00,313.922179279349,316.1960448688674,311.46418387190175,312.52288818359375,2138200,0.0,0.0
2023-04-26 00:00:00-04:00,310.77374196802754,313.5539505345155,308.06722466134056,309.8347473144531,2041900,0.0,0.0
2023-04-27 00:00:00-04:00,313.1304601505535,316.09474210656794,311.8600375441109,314.4745178222656,1768200,0.0,0.0
2023-04-28 00:00:00-04:00,313.04763332670007,316.77605177269163,312.72544825734917,316.16845703125,1714100,0.0,0.0
2023-05-01 00:00:00-04:00,316.7299820426378,319.86920726276816,313.34220684870695,313.5263366699219,1375000,0.0,0.0
2023-05-02 00:00:00-04:00,312.090229080705,312.9003553824592,303.79567750177864,306.8980712890625,2397600,0.0,0.0
2023-05-03 00:00:00-04:00,305.9682791618483,308.242145019156,302.18465537793276,302.5528869628906,1825400,0.0,0.0
2023-05-04 00:00:00-04:00,300.0672160039408,301.01542540604623,293.26402214372246,295.7496337890625,2965100,0.0,0.0
2023-05-05 00:00:00-04:00,299.24798308363916,301.8348473800605,296.8176319716415,301.0523376464844,2413400,0.0,0.0
2023-05-08 00:00:00-04:00,303.464285246933,304.0718518944498,299.80952997046876,300.58282470703125,1607300,0.0,0.0
2023-05-09 00:00:00-04:00,299.22953510373577,301.1995893732794,297.62768429463506,298.98095703125,1253300,0.0,0.0
2023-05-10 00:00:00-04:00,303.7220809679873,303.7220809679873,293.7428272692329,296.9372863769531,1752200,0.0,0.0
2023-05-11 00:00:00-04:00,294.27679805886385,296.3757492340594,292.9143101368248,295.25262451171875,1515200,0.0,0.0
2023-05-12 00:00:00-04:00,296.46786187030375,297.55415517650545,292.1226605512202,294.1295471191406,1099100,0.0,0.0
2023-05-15 00:00:00-04:00,294.9764493881216,297.5817154636479,292.8038350931168,296.49542236328125,1178200,0.0,0.0
2023-05-16 00:00:00-04:00,296.891284373299,297.4160291999331,295.05009811361964,295.3354797363281,1618900,0.0,0.0
2023-05-17 00:00:00-04:00,297.0384862526118,304.1546789509155,297.0384862526118,303.9613342285156,2098100,0.0,0.0
2023-05-18 00:00:00-04:00,303.79568851920294,304.3480499353643,299.8003182899899,303.4090270996094,1645400,0.0,0.0
2023-05-19 00:00:00-04:00,303.7956616288724,305.59082904893125,298.9993804131868,300.2513732910156,1546100,0.0,0.0
2023-05-22 00:00:00-04:00,300.25136032729944,301.3468680952328,296.8267537112103,299.1190490722656,1498900,0.0,0.0
2023-05-23 00:00:00-04:00,297.90389840432374,301.16280546868114,297.17662207284656,297.87628173828125,1550900,0.0,0.0
2023-05-24 00:00:00-04:00,294.9487850766185,296.3388613097715,293.4850175813228,294.4148254394531,1439100,0.0,0.0
2023-05-25 00:00:00-04:00,293.59548835766975,299.35838057846684,293.4849936148792,298.16162109375,1618500,0.0,0.0
2023-05-26 00:00:00-04:00,298.9348971869746,306.43772293950383,298.2720692426648,305.6460266113281,2718700,0.0,0.0
2023-05-30 00:00:00-04:00,305.71052523884856,306.1248033457452,301.7059679787749,304.5597839355469,1998600,0.0,0.0
2023-05-31 00:00:00-04:00,302.46331858063564,303.55788260860754,298.52100841688747,300.4504089355469,2938000,2.5,0.0
2023-06-01 00:00:00-04:00,301.01634135878555,301.1740179547886,291.2857704287509,293.49346923828125,3339700,0.0,0.0
2023-06-02 00:00:00-04:00,295.2002035734249,301.72124786217375,294.0963543598258,300.2185363769531,3987700,0.0,0.0
2023-06-05 00:00:00-04:00,299.55069013075996,300.0701453035618,297.1296610191139,298.51177978515625,1462900,0.0,0.0
2023-06-06 00:00:00-04:00,299.0868240842993,304.3185150166199,298.131394779618,303.14044189453125,1495600,0.0,0.0
2023-06-07 00:00:00-04:00,303.9196928093239,313.38122120366745,302.6952507309865,311.4425354003906,3382700,0.0,0.0
2023-06-08 00:00:00-04:00,311.08077980906035,311.9805554213348,307.3518277222873,311.1828308105469,2009500,0.0,0.0
2023-06-09 00:00:00-04:00,310.94169826449274,311.86004420219325,308.46501486726646,311.69305419921875,1702100,0.0,0.0
2023-06-12 00:00:00-04:00,313.9378327721299,315.46837143249184,311.99914669458013,314.91180419921875,2290800,0.0,0.0
2023-06-13 00:00:00-04:00,315.5703829872782,320.2825912490596,314.87468110971207,317.703857421875,1772400,0.0,0.0
2023-06-14 00:00:00-04:00,319.8187888000285,322.55522749815026,312.8154012486876,313.91925048828125,1819400,0.0,0.0
2023-06-15 00:00:00-04:00,312.8989247717954,319.0953035229865,311.3962130461422,315.1437072753906,3322700,0.0,0.0
2023-06-16 00:00:00-04:00,316.6649769722908,316.68351883316006,312.7040957923907,313.8172302246094,4544900,0.0,0.0
2023-06-20 00:00:00-04:00,311.04371102555615,311.0993649169729,305.3946145812811,306.7767333984375,3208100,0.0,0.0
2023-06-21 00:00:00-04:00,304.671129408003,306.10890232291086,301.39669288820977,301.53582763671875,2158700,0.0,0.0
2023-06-22 00:00:00-04:00,300.2556061203466,300.78434625237253,295.9144339281043,296.4431457519531,2409100,0.0,0.0
2023-06-23 00:00:00-04:00,293.6418208772919,294.7085580025313,291.3320999017185,291.9257507324219,2612000,0.0,0.0
2023-06-26 00:00:00-04:00,292.315356963583,293.7160456851197,289.5696617095811,289.7458801269531,2481000,0.0,0.0
2023-06-27 00:00:00-04:00,289.79236533573714,292.82561599924264,288.0762946646994,290.757080078125,2156800,0.0,0.0
2023-06-28 00:00:00-04:00,289.1522312437758,292.10200018365845,288.1968018711152,290.9517822265625,2423500,0.0,0.0
2023-06-29 00:00:00-04:00,294.8384685028553,301.93462216396637,293.3542987998598,299.6990966796875,3553600,0.0,0.0
2023-06-30 00:00:00-04:00,302.23143872914045,302.4262273184303,299.1054229846124,299.18890380859375,2361800,0.0,0.0
2023-07-03 00:00:00-04:00,299.0683500797125,305.55228303068475,299.0683500797125,302.9642639160156,1106800,0.0,0.0
2023-07-05 00:00:00-04:00,300.4968534522741,301.10904621603885,296.4896036948983,296.8791809082031,2561000,0.0,0.0
2023-07-06 00:00:00-04:00,294.9776433877671,295.5713226730808,290.19121030562474,290.3396301269531,2896900,0.0,0.0
2023-07-07 00:00:00-04:00,290.52510005973295,294.39318644224466,290.0612988325036,292.35247802734375,2903100,0.0,0.0
2023-07-10 00:00:00-04:00,293.743911960224,296.90701174448094,293.12240579613155,293.5583801269531,1775800,0.0,0.0
2023-07-11 00:00:00-04:00,295.74747636375236,297.7974981579646,291.80516595544,297.6490783691406,2041700,0.0,0.0
2023-07-12 00:00:00-04:00,301.08119641263676,309.21628816895816,300.7751000539948,302.7694396972656,2741300,0.0,0.0
2023-07-13 00:00:00-04:00,303.6507004778636,305.4409666058343,302.11087684750777,304.8843994140625,2787800,0.0,0.0
2023-07-14 00:00:00-04:00,307.95472889288465,308.4092733437974,301.48933867196445,302.57464599609375,1815200,0.0,0.0
2023-07-17 00:00:00-04:00,302.29646987513917,303.7806116093899,300.8772105101359,303.5116271972656,1777400,0.0,0.0
2023-07-18 00:00:00-04:00,303.6043394065657,313.76159986058207,303.6043394065657,312.8525390625,3887400,0.0,0.0
2023-07-19 00:00:00-04:00,313.52964448341993,320.8391567006857,307.3146964203872,315.89501953125,6037400,0.0,0.0
2023-07-20 00:00:00-04:00,314.60568527865877,326.21925905150147,314.60568527865877,325.4586181640625,3915000,0.0,0.0
2023-07-21 00:00:00-04:00,326.31204223183767,329.3731194954696,321.67402922137427,326.47900390625,3217400,0.0,0.0
2023-07-24 00:00:00-04:00,327.2860454066382,335.43968099670394,326.5161476277775,332.9444274902344,3517500,0.0,0.0
2023-07-25 00:00:00-04:00,331.5437406573015,334.6975839013938,328.352785382144,329.0206604003906,2893000,0.0,0.0
2023-07-26 00:00:00-04:00,328.8258069477645,334.1780915841041,328.6310183456306,331.6735534667969,2281600,0.0,0.0
2023-07-27 00:00:00-04:00,332.20227676011274,334.43780210743716,328.5289789090768,328.8443603515625,2010800,0.0,0.0
2023-07-28 00:00:00-04:00,330.328514896023,330.69029346136955,326.1543036181095,327.65704345703125,1827400,0.0,0.0
2023-07-31 00:00:00-04:00,329.18760901559165,331.3396538010126,328.3898560743648,330.1059265136719,1385500,0.0,0.0
2023-08-01 00:00:00-04:00,328.37130828973,331.96112569002867,327.8054843125262,331.8219909667969,2024300,0.0,0.0
2023-08-02 00:00:00-04:00,329.2896337622969,329.2896337622969,323.6127104512052,325.6812744140625,2106600,0.0,0.0
2023-08-03 00:00:00-04:00,324.6516199160393,329.4937065458029,323.3808089029182,327.5921325683594,1840400,0.0,0.0
2023-08-04 00:00:00-04:00,327.7590738873459,332.75886510181607,326.9891762446104,327.64776611328125,1725300,0.0,0.0
2023-08-07 00:00:00-04:00,329.6700005781754,331.77567686695335,328.2971666716824,329.81842041015625,1260300,0.0,0.0
2023-08-08 00:00:00-04:00,326.23783005520875,326.51609949855344,317.2679008889517,323.046875,1917300,0.0,0.0
2023-08-09 00:00:00-04:00,321.7111609816027,323.2324146220738,317.6946256156324,317.8801574707031,1326000,0.0,0.0
2023-08-10 00:00:00-04:00,319.1602344188818,322.1192889872059,315.1993531867006,315.75592041015625,1345900,0.0,0.0
2023-08-11 00:00:00-04:00,315.31997362169136,317.04532933442704,313.11227470415656,316.06207275390625,1256800,0.0,0.0
2023-08-14 00:00:00-04:00,312.9824167615387,313.9471314537808,310.61701299473043,313.28851318359375,1347000,0.0,0.0
2023-08-15 00:00:00-04:00,309.1699580231901,309.8471181620009,306.5541400127886,308.15887451171875,1657800,0.0,0.0
2023-08-16 00:00:00-04:00,306.60975733181476,308.81745594833035,305.1534145223407,305.28326416015625,3340300,0.0,0.0
2023-08-17 00:00:00-04:00,306.1088754143498,309.8100009402855,300.5432594977253,303.80841064453125,3135200,0.0,0.0
2023-08-18 00:00:00-04:00,300.8400902930206,303.90116763386476,299.80117988178097,301.4059143066406,1730500,0.0,0.0
2023-08-21 00:00:00-04:00,301.8326152868154,302.7602178612611,296.2669998401411,298.7436828613281,1983500,0.0,0.0
2023-08-22 00:00:00-04:00,299.1333051750801,299.28172499229765,295.26518976709747,295.71044921875,1810300,0.0,0.0
2023-08-23 00:00:00-04:00,297.40788735667724,299.1054156606064,294.97757351301715,298.99407958984375,1429000,0.0,0.0
2023-08-24 00:00:00-04:00,298.8271979854021,303.7805929043445,296.37834162812356,296.7957458496094,1185600,0.0,0.0
2023-08-25 00:00:00-04:00,297.57492092846326,299.35593048482383,295.15389158254914,296.97198486328125,1159600,0.0,0.0
2023-08-28 00:00:00-04:00,298.075801117133,302.95499960671026,298.075801117133,302.37060546875,1440100,0.0,0.0
2023-08-29 00:00:00-04:00,301.9903098414867,308.61340620505734,301.1740149980923,308.4742431640625,1831700,0.0,0.0
2023-08-30 00:00:00-04:00,308.6613521113627,310.447850029194,306.4633034405109,307.3331604003906,1131500,2.75,0.0
2023-08-31 00:00:00-04:00,308.1094328142823,309.1195844384847,304.882508032116,306.51934814453125,1271100,0.0,0.0
2023-09-01 00:00:00-04:00,308.3526651252166,310.1765557625131,305.1163774642091,306.22943115234375,1201400,0.0,0.0
2023-09-05 00:00:00-04:00,306.17331779022993,307.23961604631376,301.7678869638779,302.8154602050781,1846000,0.0,0.0
2023-09-06 00:00:00-04:00,301.46855931439563,303.18024253792214,298.66254744757856,300.3648681640625,2120800,0.0,0.0
2023-09-07 00:00:00-04:00,299.8878562118721,303.2550763764733,299.4295500451036,301.1412048339844,1471100,0.0,0.0
2023-09-08 00:00:00-04:00,301.1037562672944,304.891860412529,300.8605594673743,304.470947265625,2026400,0.0,0.0
2023-09-11 00:00:00-04:00,307.03387052578427,308.80164340602147,303.320579827795,303.65728759765625,1283100,0.0,0.0
2023-09-12 00:00:00-04:00,303.0586535154559,313.5998948125627,303.04929100812313,309.50311279296875,2054700,0.0,0.0
2023-09-13 00:00:00-04:00,311.9349655290219,315.21800833336005,309.42826860866853,313.31927490234375,2165000,0.0,0.0
2023-09-14 00:00:00-04:00,317.07937891411376,322.80363924070735,315.06840921096807,322.2892150878906,2822700,0.0,0.0
2023-09-15 00:00:00-04:00,322.83165850942396,323.8044172791135,319.7543908465254,320.39044189453125,3063900,0.0,0.0
2023-09-18 00:00:00-04:00,320.3904331957855,321.9992144255731,317.3318620857235,321.1199951171875,1356600,0.0,0.0
2023-09-19 00:00:00-04:00,321.2509285131327,322.66329691509947,316.1159360709295,319.782470703125,1660200,0.0,0.0
2023-09-20 00:00:00-04:00,320.4558882123594,321.5689418466381,314.5445783625448,314.9280700683594,1224400,0.0,0.0
2023-09-21 00:00:00-04:00,312.8702877213319,313.04800406964443,308.7360848129092,308.8857421875,1685100,0.0,0.0
2023-09-22 00:00:00-04:00,308.75480074435217,310.10168853183177,305.69622997751424,306.6877136230469,1669100,0.0,0.0
2023-09-25 00:00:00-04:00,305.9207876631471,307.99723767948086,304.2465258484787,307.5763244628906,833300,0.0,0.0
2023-09-26 00:00:00-04:00,304.5551842511831,306.2575050979086,301.5714843318805,302.8809509277344,1481800,0.0,0.0
2023-09-27 00:00:00-04:00,303.96593743868016,303.98463390945943,298.353913428044,301.1318664550781,1493000,0.0,0.0
2023-09-28 00:00:00-04:00,299.5043094536673,305.70559950423024,299.5043094536673,304.1716613769531,1389600,0.0,0.0
2023-09-29 00:00:00-04:00,306.0423428070612,306.7531796679408,301.43110872423915,302.6470642089844,1403900,0.0,0.0
2023-10-02 00:00:00-04:00,301.20664650083665,302.65640778707416,296.5954408157307,297.9049072265625,1303800,0.0,0.0
2023-10-03 00:00:00-04:00,294.8837697327311,295.2672614373024,284.7073242503904,286.325439453125,3118600,0.0,0.0
2023-10-04 00:00:00-04:00,285.1375357381511,289.0752971452216,283.85612841039296,288.6450500488281,1872000,0.0,0.0
2023-10-05 00:00:00-04:00,287.48526829101996,290.4689966597851,284.538961407871,290.4222412109375,1584600,0.0,0.0
2023-10-06 00:00:00-04:00,288.1867525919269,294.9305548612541,287.30756181871476,292.2742004394531,1595100,0.0,0.0
2023-10-09 00:00:00-04:00,288.925658891231,293.20951930418926,288.42993131096046,292.395751953125,1094400,0.0,0.0
2023-10-10 00:00:00-04:00,294.1355174096836,296.36162471698225,292.0964889772379,294.4161071777344,1193800,0.0,0.0
2023-10-11 00:00:00-04:00,295.03340188459686,296.15581792607765,291.4510730197913,292.77923583984375,1672500,0.0,0.0
2023-10-12 00:00:00-04:00,293.836209018286,293.9297484577469,288.1025867645077,289.81427001953125,1727700,0.0,0.0
2023-10-13 00:00:00-04:00,291.8252267210464,295.73492963868165,288.24289755505293,289.2998046875,1785200,0.0,0.0
2023-10-16 00:00:00-04:00,292.9289208087796,295.4730393374622,290.18838944481485,294.0606994628906,2273900,0.0,0.0
2023-10-17 00:00:00-04:00,293.11600063814535,295.73493359788387,286.1290300323042,289.3559265136719,4123000,0.0,0.0
2023-10-18 00:00:00-04:00,287.14861836603205,287.3543937620052,281.985565536483,282.43450927734375,3460300,0.0,0.0
2023-10-19 00:00:00-04:00,282.43444091946265,285.59588553595654,279.31978029414245,279.84356689453125,3211800,0.0,0.0
2023-10-20 00:00:00-04:00,279.19815744202776,283.64100919361783,278.8240282665286,280.6479187011719,2329000,0.0,0.0
2023-10-23 00:00:00-04:00,279.00181660407026,283.9216721924742,278.9082771500052,279.8716735839844,2959800,0.0,0.0
2023-10-24 00:00:00-04:00,280.60118141118556,283.5007326612801,279.74065856206414,279.8341979980469,1697100,0.0,0.0
2023-10-25 00:00:00-04:00,279.29169574668066,280.60116212776495,275.95253506674595,277.5706787109375,1809300,0.0,0.0
2023-10-26 00:00:00-04:00,277.75779917276697,280.7321939361082,275.7187703969685,277.7858581542969,2011200,0.0,0.0
2023-10-27 00:00:00-04:00,278.30962857783976,278.98307263944366,270.6492130811827,271.1636657714844,2601700,0.0,0.0
2023-10-30 00:00:00-04:00,274.4747670351114,282.29417387217165,274.32510962820953,281.3775329589844,3065200,0.0,0.0
2023-10-31 00:00:00-04:00,282.17252816805933,284.6137731767917,281.2559159526789,283.97772216796875,2611000,0.0,0.0
2023-11-01 00:00:00-04:00,283.71585981395407,288.31773203806176,283.25755365630346,287.2982177734375,2345400,0.0,0.0
2023-11-02 00:00:00-04:00,289.6646059479819,294.2009974870855,288.08388365348776,293.471435546875,2597000,0.0,0.0
2023-11-03 00:00:00-04:00,297.86751782208523,308.0346300219597,297.3717901794493,306.4352111816406,3742000,0.0,0.0
2023-11-06 00:00:00-05:00,305.53729606929096,307.6324425572598,301.2721601220801,302.9651184082031,2087600,0.0,0.0
2023-11-07 00:00:00-05:00,301.3002122043559,305.2847582786726,300.5145322893495,303.0025329589844,1505000,0.0,0.0
2023-11-08 00:00:00-05:00,303.00248659394936,305.5372423235224,302.74059332902175,303.5730285644531,1484400,0.0,0.0
2023-11-09 00:00:00-05:00,304.9199370697436,305.5279005605771,298.9899024551055,300.0374755859375,1787900,0.0,0.0
2023-11-10 00:00:00-05:00,302.4132485296505,304.9760634775233,300.8512227523133,304.4616394042969,1781400,0.0,0.0
2023-11-13 00:00:00-05:00,303.1989103450612,307.464045695883,302.609643341659,305.7710876464844,1403300,0.0,0.0
2023-11-14 00:00:00-05:00,311.96304109280373,319.6795736339102,310.9715858619696,316.81744384765625,3592700,0.0,0.0
2023-11-15 00:00:00-05:00,317.92110051356786,319.024791530981,313.6559652732042,315.76983642578125,2534500,0.0,0.0
2023-11-16 00:00:00-05:00,315.9195386556737,317.7808507666287,313.34736105564946,314.9000244140625,1620400,0.0,0.0
2023-11-17 00:00:00-05:00,317.54700182948915,318.43558364994334,316.25623183524124,317.2570495605469,1465200,0.0,0.0
2023-11-20 00:00:00-05:00,318.0146987826593,319.2493509344309,315.6763554092574,317.5002746582031,3146000,0.0,0.0
2023-11-21 00:00:00-05:00,316.48071512744514,317.16352163236905,312.91708229797587,313.3099365234375,1900900,0.0,0.0
2023-11-22 00:00:00-05:00,315.1525603943613,316.99517606535915,313.68407394431,316.7426452636719,1235200,0.0,0.0
2023-11-24 00:00:00-05:00,316.89229173672635,318.2672388219342,315.807325498923,317.21966552734375,460100,0.0,0.0
2023-11-27 00:00:00-05:00,317.25711243843455,318.0334299636692,314.03018681326324,315.872802734375,1250500,0.0,0.0
2023-11-28 00:00:00-05:00,315.5641195821504,316.5181534028406,313.21641370044836,315.816650390625,1419000,0.0,0.0
2023-11-29 00:00:00-05:00,317.79702932112605,323.95493499925993,317.33495976361644,320.87127685546875,2038100,2.75,0.0
2023-11-30 00:00:00-05:00,322.21031563284714,325.11482657860455,320.7109207813232,322.07830810546875,1903600,0.0,0.0
2023-12-01 00:00:00-05:00,322.0028484076791,329.00949250030504,321.02213062092153,328.57568359375,3623300,0.0,0.0
2023-12-04 00:00:00-05:00,326.56703735790273,330.5182840574275,325.61460899390056,329.4809875488281,2178100,0.0,0.0
2023-12-05 00:00:00-05:00,326.84997880559933,327.06685448365164,321.13529317747276,322.2763366699219,2429700,0.0,0.0
2023-12-06 00:00:00-05:00,323.93608127729806,327.2272044704499,322.13491367245547,322.48382568359375,1869300,0.0,0.0
2023-12-07 00:00:00-05:00,324.1246080015908,325.0487757147146,322.51205578069994,324.9827575683594,2162400,0.0,0.0
2023-12-08 00:00:00-05:00,324.69043246295973,332.21572431211416,324.1906342169752,330.8388977050781,2238800,0.0,0.0
2023-12-11 00:00:00-05:00,331.41416978736214,332.9135645990692,329.1603434870291,331.7159423828125,1636000,0.0,0.0
2023-12-12 00:00:00-05:00,331.38585208637863,333.828264466186,329.6601135862487,332.5174560546875,1597600,0.0,0.0
2023-12-13 00:00:00-05:00,332.82869986311283,342.17400958058,331.56505948266175,342.06085205078125,2876500,0.0,0.0
2023-12-14 00:00:00-05:00,345.61600615015107,364.1934673782639,344.20147952197857,361.6190185546875,5376300,0.0,0.0
2023-12-15 00:00:00-05:00,358.52592516325996,363.91054852515833,357.7055043150678,358.82769775390625,4522300,0.0,0.0
2023-12-18 00:00:00-05:00,359.5349549889714,360.94948160773475,354.48980429299183,354.9518737792969,2740900,0.0,0.0
2023-12-19 00:00:00-05:00,354.5840986498762,361.9018965162829,353.20727207149326,360.6571350097656,2091800,0.0,0.0
2023-12-20 00:00:00-05:00,359.03516438992534,363.18443680437565,355.7534522041215,356.008056640625,1836500,0.0,0.0
2023-12-21 00:00:00-05:00,358.39388968816604,359.75183757058295,355.5271364062799,358.88427734375,1301600,0.0,0.0
2023-12-22 00:00:00-05:00,360.23279657189744,361.6378838729281,357.7903839438626,358.959716796875,1538200,0.0,0.0
2023-12-26 00:00:00-05:00,358.95970125120414,360.80800798560824,358.3938848447406,359.864990234375,837300,0.0,0.0
2023-12-27 00:00:00-05:00,359.4784053794851,363.7691249595889,358.63910570388344,362.5715026855469,1367200,0.0,0.0
2023-12-28 00:00:00-05:00,362.60919256156893,365.6645897901034,361.76992168800183,364.3915100097656,1024700,0.0,0.0
2023-12-29 00:00:00-05:00,363.5994385791598,364.6084746944466,361.7134026755766,363.78802490234375,881300,0.0,0.0
2024-01-02 00:00:00-05:00,361.17578471360866,366.96592729533836,360.4119426670259,366.17376708984375,2263100,0.0,0.0
2024-01-03 00:00:00-05:00,362.0056631912296,363.4390398296029,355.29138132832657,360.0347595214844,2265300,0.0,0.0
2024-01-04 00:00:00-05:00,361.6944497415497,365.03274066447113,360.1856443509263,361.128662109375,1618300,0.0,0.0
2024-01-05 00:00:00-05:00,360.1573395615731,367.27711182182543,359.3651793531813,364.4197692871094,2913900,0.0,0.0
2024-01-08 00:00:00-05:00,363.9765371163072,366.90930830361225,360.26104513424303,366.70184326171875,1902600,0.0,0.0
2024-01-09 00:00:00-05:00,362.6846369490251,363.95771668319634,360.01588056706794,361.8736267089844,1708800,0.0,0.0
2024-01-10 00:00:00-05:00,359.6198717878998,361.2229849055562,356.9605544779606,360.1950988769531,1547300,0.0,0.0
2024-01-11 00:00:00-05:00,359.1860770951807,359.2709452469218,353.32991561745837,358.11102294921875,2209900,0.0,0.0
2024-01-12 00:00:00-05:00,361.4964106895306,363.8633943847809,355.12160166922257,356.2249450683594,2223800,0.0,0.0
2024-01-16 00:00:00-05:00,356.80018572124425,363.0712768457024,352.99041469292945,358.7711181640625,3926600,0.0,0.0
2024-01-17 00:00:00-05:00,353.820251823422,358.53534031372016,352.8112159796303,355.6874084472656,2415100,0.0,0.0
2024-01-18 00:00:00-05:00,358.65787387592036,359.89325341764965,353.21667264279654,355.4327697753906,1771200,0.0,0.0
2024-01-19 00:00:00-05:00,355.2631086824751,361.4587138008144,350.86864224976824,360.4214172363281,2603300,0.0,0.0
2024-01-22 00:00:00-05:00,364.34433392282983,370.35138132671193,362.64691343840343,363.9671325683594,2922700,0.0,0.0
2024-01-23 00:00:00-05:00,358.3278517294815,361.5152271654981,357.05477216500975,359.07281494140625,3313300,0.0,0.0
2024-01-24 00:00:00-05:00,360.05365186967805,362.69409040322955,357.57351025854484,357.7809753417969,2235800,0.0,0.0
2024-01-25 00:00:00-05:00,360.88347443145625,364.6743955247041,360.24222925165446,360.8929138183594,2376300,0.0,0.0
2024-01-26 00:00:00-05:00,357.07364620285347,359.19543602698343,355.28191832931145,356.2626647949219,3464700,0.0,0.0
2024-01-29 00:00:00-05:00,354.47100059742,359.13892178186654,352.9149980906497,358.8748779296875,1632300,0.0,0.0
2024-01-30 00:00:00-05:00,362.1188607107258,365.81550340974127,359.8461841991849,364.8253173828125,3897900,0.0,0.0
2024-01-31 00:00:00-05:00,364.0048615459929,371.46413560779195,361.83593217258084,362.1282653808594,3421100,0.0,0.0
2024-02-01 00:00:00-05:00,362.524293569591,367.3431290620963,357.2150992251833,361.97735595703125,2138500,0.0,0.0
2024-02-02 00:00:00-05:00,360.04416484437655,366.58871032086563,358.91256081341476,365.75885009765625,2180900,0.0,0.0
2024-02-05 00:00:00-05:00,362.68462524488905,363.37300977048216,359.2897556561937,361.19464111328125,2231100,0.0,0.0
2024-02-06 00:00:00-05:00,361.1946525408991,364.7781373006933,361.1758025459773,363.0523986816406,1487800,0.0,0.0
2024-02-07 00:00:00-05:00,363.3541481309165,365.0138684941119,360.7042706929517,364.6272277832031,1963200,0.0,0.0
2024-02-08 00:00:00-05:00,364.00489847381203,365.99465236934765,359.61043173828426,363.099609375,1913700,0.0,0.0
2024-02-09 00:00:00-05:00,362.84496371810167,364.12748294461244,360.789191735008,362.3640441894531,2028200,0.0,0.0
2024-02-12 00:00:00-05:00,363.0618703767783,373.7651286747789,362.4206251489558,370.26654052734375,2797200,0.0,0.0
2024-02-13 00:00:00-05:00,365.50421088189137,366.9847555129171,353.8202370554848,357.1679382324219,3030800,0.0,0.0
2024-02-14 00:00:00-05:00,359.17661060016405,359.7424270143558,354.36721424746105,356.4984436035156,2041300,0.0,0.0
2024-02-15 00:00:00-05:00,357.79980972252565,365.14589732277057,357.5357659019325,363.4579162597656,2218900,0.0,0.0
2024-02-16 00:00:00-05:00,361.40211961020304,365.4948132632192,359.2426296456075,362.53375244140625,2376800,0.0,0.0
2024-02-20 00:00:00-05:00,359.2426402407182,363.6087884541738,359.14833270556676,362.60919189453125,2358900,0.0,0.0
2024-02-21 00:00:00-05:00,360.0819103156003,366.5132985651905,359.5349726587237,366.1455078125,1772500,0.0,0.0
2024-02-22 00:00:00-05:00,367.0508209702315,373.0578396258977,366.8339165204693,368.22015380859375,2326800,0.0,0.0
2024-02-23 00:00:00-05:00,367.7769631258991,374.18006241372035,367.03197096309174,368.7671203613281,2247400,0.0,0.0
2024-02-26 00:00:00-05:00,368.7670670432016,373.49159501865176,366.6641559507713,367.984375,1797800,0.0,0.0
2024-02-27 00:00:00-05:00,369.9081893897637,373.3407593834732,367.1451252299143,368.5408020019531,1724900,0.0,0.0
2024-02-28 00:00:00-05:00,367.7145321439145,373.47922102859974,367.5340867336318,373.4032287597656,2572900,2.75,0.0
2024-02-29 00:00:00-05:00,375.34065269726136,376.06243439000184,366.2710240337513,369.4809875488281,3139100,0.0,0.0
2024-03-01 00:00:00-05:00,370.03180645915836,371.3708876276153,365.87211367683653,368.5787658691406,1697700,0.0,0.0
2024-03-04 00:00:00-05:00,369.25304750662235,376.62273262951163,366.7743431238554,372.52001953125,1955100,0.0,0.0
2024-03-05 00:00:00-05:00,371.0669911046852,377.4964532393764,370.6776104106703,371.2474365234375,2697800,0.0,0.0
2024-03-06 00:00:00-05:00,375.1316896493107,375.4071109036633,365.17881818388133,369.9748229980469,2692400,0.0,0.0
2024-03-07 00:00:00-05:00,372.1876127072776,374.66634603361734,367.591065857146,368.89215087890625,2033100,0.0,0.0
2024-03-08 00:00:00-05:00,369.1770651360413,375.7204861438781,367.25865168457614,367.5245666503906,1657200,0.0,0.0
2024-03-11 00:00:00-04:00,366.27101465920083,366.97378377410695,362.23478742321095,366.7363586425781,1654200,0.0,0.0
2024-03-12 00:00:00-04:00,368.12292464625375,369.5569817593246,364.47607799143185,368.6547546386719,1703900,0.0,0.0
2024-03-13 00:00:00-04:00,369.3479897362452,375.3690868545634,368.65469800359045,372.57696533203125,2370600,0.0,0.0
2024-03-14 00:00:00-04:00,374.59040538606854,376.44233317224996,366.0621124402705,369.0631408691406,3029500,0.0,0.0
2024-03-15 00:00:00-04:00,369.310057455632,371.4563900266027,366.9642958793024,367.7335510253906,3763900,0.0,0.0
2024-03-18 00:00:00-04:00,369.1010939383361,369.4619847659463,364.1246725872292,365.036376953125,2069000,0.0,0.0
2024-03-19 00:00:00-04:00,364.75144377733704,371.1239254194854,364.409536558477,369.1105651855469,1858200,0.0,0.0
2024-03-20 00:00:00-04:00,366.9262538094388,376.55623033285764,366.5843755573343,376.5277404785156,2157400,0.0,0.0
2024-03-21 00:00:00-04:00,379.6617763358076,393.1950090983105,379.0159869212009,392.9006042480469,4613800,0.0,0.0
2024-03-22 00:00:00-04:00,393.5558639349454,395.79717208639255,385.36945062552064,386.3571472167969,2190300,0.0,0.0
2024-03-25 00:00:00-04:00,386.40463128689504,389.81405254653936,383.54602355564344,384.57171630859375,1683900,0.0,0.0
2024-03-26 00:00:00-04:00,385.66385904918417,388.74087928691256,384.1728223606323,385.74932861328125,1407000,0.0,0.0
2024-03-27 00:00:00-04:00,389.0163102636292,394.5910475054001,387.82918465055843,394.3631286621094,2353600,0.0,0.0
2024-03-28 00:00:00-04:00,395.27485269231704,398.1144770082624,394.1067395797512,396.680419921875,2409700,0.0,0.0
2024-04-01 00:00:00-04:00,395.7212279466524,396.92736622364316,391.2766362192005,392.710693359375,1863900,0.0,0.0
2024-04-02 00:00:00-04:00,390.0799731360271,392.38776737209514,387.11691222052536,389.5196533203125,1976000,0.0,0.0
2024-04-03 00:00:00-04:00,390.3269237573596,395.673742459664,390.3269237573596,393.176025390625,1549200,0.0,0.0
2024-04-04 00:00:00-04:00,396.9748072415865,397.92450773737977,385.29350273635293,385.8158264160156,1704700,0.0,0.0
2024-04-05 00:00:00-04:00,386.1102848189917,388.5605286683115,381.2763121026589,387.5443420410156,1694900,0.0,0.0
2024-04-08 00:00:00-04:00,388.52250455976014,391.7799705219556,387.05045130348424,389.89007568359375,1181900,0.0,0.0
2024-04-09 00:00:00-04:00,390.81126094171776,392.43524067708137,386.57557585606384,390.0514831542969,1247200,0.0,0.0
2024-04-10 00:00:00-04:00,383.68851643671394,385.05608750439353,377.3065277817292,380.60198974609375,1903300,0.0,0.0
2024-04-11 00:00:00-04:00,380.33603977506436,381.2762339291517,374.97971542225343,377.4869384765625,2176200,0.0,0.0
2024-04-12 00:00:00-04:00,373.0803366635414,374.26746227492725,367.6480487065375,369.8988342285156,2815800,0.0,0.0
2024-04-15 00:00:00-04:00,386.5280738420631,392.1028107121093,378.6360656112143,380.7159118652344,6177000,0.0,0.0
2024-04-16 00:00:00-04:00,384.10638473490883,384.6002185687947,375.3026424154556,376.89813232421875,3459700,0.0,0.0
2024-04-17 00:00:00-04:00,382.15941852581193,386.64200537796046,381.000782928952,383.5934753417969,4373800,0.0,0.0
2024-04-18 00:00:00-04:00,385.0940319765122,387.34481743958827,382.1689672989311,382.833740234375,2776300,0.0,0.0
2024-04-19 00:00:00-04:00,383.73593478255196,387.477756613552,382.73876097252463,383.678955078125,2805500,0.0,0.0
2024-04-22 00:00:00-04:00,386.47112764614684,396.95582938591593,384.2203420758902,396.3575134277344,4165600,0.0,0.0
2024-04-23 00:00:00-04:00,396.6994100715745,403.95513621165486,395.26538194398796,402.67303466796875,2662300,0.0,0.0
2024-04-24 00:00:00-04:00,400.2987750839966,403.22383997641197,398.50382716309423,401.7613220214844,1575900,0.0,0.0
2024-04-25 00:00:00-04:00,399.8144127020738,402.30262342764814,393.9832665793051,398.92169189453125,1970100,0.0,0.0
2024-04-26 00:00:00-04:00,399.09267790996535,406.9751809876042,398.5323580558617,406.0634765625,2322700,0.0,0.0
2024-04-29 00:00:00-04:00,406.0634217609726,411.53367655590387,405.7120372373942,409.14044189453125,2453000,0.0,0.0
2024-04-30 00:00:00-04:00,406.94664551584117,409.6912937461172,404.572394375142,405.2466735839844,1829900,0.0,0.0
2024-05-01 00:00:00-04:00,405.22767798927293,411.6286496003226,403.80312734710645,405.474609375,2310100,0.0,0.0
2024-05-02 00:00:00-04:00,409.51086564073506,411.8376144673798,406.6332742959452,410.81195068359375,2087500,0.0,0.0
2024-05-03 00:00:00-04:00,413.11976007993155,420.05256285146646,413.04379678442814,416.1398010253906,2406300,0.0,0.0
2024-05-06 00:00:00-04:00,419.53019996520885,422.0279169417698,417.5643129552282,421.3536376953125,1914300,0.0,0.0
2024-05-07 00:00:00-04:00,422.7781647513232,424.9149907773306,420.59383631298084,421.47705078125,2058200,0.0,0.0
2024-05-08 00:00:00-04:00,420.52737810841523,425.4848159755801,419.8151027193545,424.4686584472656,2006700,0.0,0.0
2024-05-09 00:00:00-04:00,423.88926904803316,433.4717425154747,423.88926904803316,432.6455078125,2710200,0.0,0.0
2024-05-10 00:00:00-04:00,433.55724275747764,435.6750852130516,431.4679191389062,431.8572998046875,1823900,0.0,0.0
2024-05-13 00:00:00-04:00,433.3198657149429,434.203109265827,430.51826644189265,430.7461853027344,1579600,0.0,0.0
2024-05-14 00:00:00-04:00,431.9617623121456,438.54317967460844,431.17352366704426,435.4091796875,2412900,0.0,0.0
2024-05-15 00:00:00-04:00,438.37225227195785,442.740880387951,437.7644590201782,442.6459045410156,2217700,0.0,0.0
2024-05-16 00:00:00-04:00,441.0124274269822,444.6972700950918,439.02755681092515,441.1548767089844,2070300,0.0,0.0
2024-05-17 00:00:00-04:00,442.92137438919565,445.0866906170764,440.8985074560644,444.1939697265625,1655900,0.0,0.0
2024-05-20 00:00:00-04:00,444.64982274845386,447.76483948874517,439.33149370873264,439.6543884277344,2591500,0.0,0.0
2024-05-21 00:00:00-04:00,438.98008338306533,447.60335138356777,438.95159352666457,446.7486267089844,2762600,0.0,0.0
2024-05-22 00:00:00-04:00,443.85201808463734,446.6726297690786,436.6248110884185,439.1225280761719,2729500,0.0,0.0
2024-05-23 00:00:00-04:00,440.8795119350885,440.9554752293764,434.40254700533984,435.1053161621094,2254500,0.0,0.0
2024-05-24 00:00:00-04:00,436.71028441751014,441.8481677177777,436.00751530587627,437.9828796386719,1932200,0.0,0.0
2024-05-28 00:00:00-04:00,436.8052283913326,440.3666050877989,435.82703808467215,436.6817626953125,1930800,0.0,0.0
2024-05-29 00:00:00-04:00,431.961803027556,435.66562944758437,428.93225589593465,434.17462158203125,2315700,0.0,0.0
2024-05-30 00:00:00-04:00,432.81784450317247,435.5504111591855,427.6584323208178,430.1712646484375,2135000,2.75,0.0
2024-05-31 00:00:00-04:00,429.7221626768988,436.41983116094355,428.1552144684184,436.18096923828125,2638300,0.0,0.0
2024-06-03 00:00:00-04:00,438.4263018077234,438.4263018077234,430.14258619222494,434.7096252441406,1930700,0.0,0.0
2024-06-04 00:00:00-04:00,430.42918259405457,437.31795224670583,429.19664691474253,435.01531982421875,1835000,0.0,0.0
2024-06-05 00:00:00-04:00,437.165110590895,442.391411000421,437.11734986611214,441.1111145019531,1678900,0.0,0.0
2024-06-06 00:00:00-04:00,441.24487952989654,443.8245709170202,436.64917826182483,437.69061279296875,1598000,0.0,0.0
2024-06-07 00:00:00-04:00,435.1491168438916,440.61427903033166,434.2509936443124,434.6427307128906,1736100,0.0,0.0
2024-06-10 00:00:00-04:00,432.17764487718154,435.07265023895417,430.2380872144487,433.3432922363281,1698600,0.0,0.0
2024-06-11 00:00:00-04:00,430.9451452934387,431.7285902592522,423.6264123017351,424.47674560546875,1938200,0.0,0.0
2024-06-12 00:00:00-04:00,435.301995180432,437.2511167298024,426.311228468632,428.70941162109375,1733000,0.0,0.0
2024-06-13 00:00:00-04:00,426.8272166839013,428.3463752242937,422.4512493238698,426.4641418457031,1849100,0.0,0.0
2024-06-14 00:00:00-04:00,422.29839127450174,428.26040576191576,419.5849228448644,426.5692443847656,1559100,0.0,0.0
2024-06-17 00:00:00-04:00,425.26984240683225,430.69677917829495,423.63603475316756,430.1235046386719,1531600,0.0,0.0
2024-06-18 00:00:00-04:00,429.5406404389778,437.2988712955187,428.52786818379093,437.0504455566406,1798400,0.0,0.0
2024-06-20 00:00:00-04:00,437.5950920564218,439.8977247515682,434.95804679994734,437.6428527832031,2080600,0.0,0.0
2024-06-21 00:00:00-04:00,438.2448113357951,438.35946041212884,429.85598040790836,430.1235046386719,3780800,0.0,0.0
2024-06-24 00:00:00-04:00,431.1457882386895,442.8691213909989,429.95147857597846,441.5028381347656,1882200,0.0,0.0
2024-06-25 00:00:00-04:00,438.9900653000122,443.40422974500973,436.400809765358,437.00274658203125,1555900,0.0,0.0
2024-06-26 00:00:00-04:00,435.12048102884194,437.52819895993474,432.29236373800956,435.5504150390625,2131700,0.0,0.0
2024-06-27 00:00:00-04:00,429.7412785053655,429.7412785053655,423.072242858189,426.0914611816406,2835200,0.0,0.0
2024-06-28 00:00:00-04:00,430.04705659297144,436.9644892697858,429.5024443541519,432.16815185546875,3839700,0.0,0.0
2024-07-01 00:00:00-04:00,434.260558248742,443.346846357821,433.7828343824704,443.0028991699219,1850500,0.0,0.0
2024-07-02 00:00:00-04:00,440.94871525174557,445.4966268671776,439.12380648896277,444.86602783203125,1491800,0.0,0.0
2024-07-03 00:00:00-04:00,448.14315574135117,448.9552920424966,445.0666132668328,447.07305908203125,993900,0.0,0.0
2024-07-05 00:00:00-04:00,446.6431610886711,446.7482463454085,439.63017809901623,444.0443420410156,1593800,0.0,0.0
2024-07-08 00:00:00-04:00,446.81517161773013,453.70394230394595,443.3660189491792,444.11126708984375,2214300,0.0,0.0
2024-07-09 00:00:00-04:00,444.8565047953948,457.9461222572469,441.01558594995237,451.7643737792969,4525100,0.0,0.0
2024-07-10 00:00:00-04:00,451.4585909651424,458.4811080612383,448.91709664663324,457.5543518066406,1946000,0.0,0.0
2024-07-11 00:00:00-04:00,458.6148956573697,461.634113886068,455.0510652421703,457.87921142578125,2251400,0.0,0.0
2024-07-12 00:00:00-04:00,459.50348314066844,461.90166634318564,456.79957881571187,458.5002746582031,2727800,0.0,0.0
2024-07-15 00:00:00-04:00,458.85383402214825,471.03579421742654,455.0893671272063,470.30010986328125,3568200,0.0,0.0
2024-07-16 00:00:00-04:00,471.99118580589806,484.02026941078253,470.07072650881554,480.60931396484375,3981700,0.0,0.0
2024-07-17 00:00:00-04:00,480.59020631117966,486.7815180742376,477.17925093050627,479.8067321777344,3908900,0.0,0.0
2024-07-18 00:00:00-04:00,477.26528702614826,481.2495172857226,462.64694696747256,464.54827880859375,3320200,0.0,0.0
2024-07-19 00:00:00-04:00,467.32861541255426,470.65358419750766,461.66281705173384,463.3252868652344,2032700,0.0,0.0
2024-07-22 00:00:00-04:00,462.9717875329389,467.66303976938707,460.88891830931277,465.34130859375,1792500,0.0,0.0
2024-07-23 00:00:00-04:00,465.3795054286814,473.720575288265,464.6151588455652,470.2236328125,2020500,0.0,0.0
2024-07-24 00:00:00-04:00,467.4623622953265,473.892506810163,464.1756197955015,465.01641845703125,1598600,0.0,0.0
2024-07-25 00:00:00-04:00,464.39535452262766,474.00715629209884,461.7010141013637,469.8031921386719,1489700,0.0,0.0
2024-07-26 00:00:00-04:00,473.63452859394783,481.54563427645735,473.567640257946,476.79705810546875,2249700,0.0,0.0
2024-07-29 00:00:00-04:00,478.1251783705747,479.6347729939254,469.18217222193965,470.7682189941406,1599500,0.0,0.0
2024-07-30 00:00:00-04:00,476.1091854961812,486.771986322441,476.09962168774456,483.14129638671875,2642500,0.0,0.0
2024-07-31 00:00:00-04:00,482.3673325899983,494.2149079063447,482.3673325899983,486.3515625,2658900,0.0,0.0
2024-08-01 00:00:00-04:00,487.27836007618293,491.11927875199024,472.6408933206919,477.8385314941406,4006800,0.0,0.0
2024-08-02 00:00:00-04:00,469.22038853072286,472.4306789247844,446.3947281437798,449.67193603515625,6115500,0.0,0.0
2024-08-05 00:00:00-04:00,427.6488499384155,442.5442766883243,417.8841728809249,438.5696105957031,4177200,0.0,0.0
2024-08-06 00:00:00-04:00,440.4709645102284,454.07653076754286,437.05044533033407,449.2706298828125,2209300,0.0,0.0
2024-08-07 00:00:00-04:00,458.03213244706427,466.7840085903843,451.51597148716746,451.9363708496094,2587600,0.0,0.0
2024-08-08 00:00:00-04:00,456.579806820814,466.0005366987767,455.9014470896815,464.1278381347656,1936400,0.0,0.0
2024-08-09 00:00:00-04:00,463.4112200090133,470.0802552655364,460.71687973033744,468.41778564453125,1622700,0.0,0.0
2024-08-12 00:00:00-04:00,468.4177827567292,470.9114871728632,462.19780911132307,463.8698425292969,1839300,0.0,0.0
2024-08-13 00:00:00-04:00,468.4465271578431,471.29374304487914,464.7967094304565,470.02301025390625,1243700,0.0,0.0
2024-08-14 00:00:00-04:00,470.94016683535745,477.10281618103244,466.6406521731516,476.4817810058594,1545600,0.0,0.0
2024-08-15 00:00:00-04:00,482.5011247937317,484.3260335369553,476.06141614188084,476.78753662109375,1732300,0.0,0.0
2024-08-16 00:00:00-04:00,474.9052684599313,482.4151025573185,474.8575077380269,481.7940673828125,1587000,0.0,0.0
2024-08-19 00:00:00-04:00,482.50112381944535,485.1572674535591,479.5010038260184,482.19537353515625,1027900,0.0,0.0
2024-08-20 00:00:00-04:00,481.42147650865104,481.6985645338349,474.37983091442834,475.1824035644531,2122700,0.0,0.0
2024-08-21 00:00:00-04:00,477.24618328951414,478.4691553256196,472.01988257846403,474.34161376953125,917100,0.0,0.0
2024-08-22 00:00:00-04:00,474.8575108986533,477.4372313735564,472.7459796280986,475.5740966796875,943800,0.0,0.0
2024-08-23 00:00:00-04:00,480.35139335067623,489.6096850946861,477.5806004936206,486.7242431640625,1751800,0.0,0.0
2024-08-26 00:00:00-04:00,489.5141066969364,490.6224003844757,482.8068450938832,485.24322509765625,1084200,0.0,0.0
2024-08-27 00:00:00-04:00,485.2145472165601,488.69239077405757,484.02023761433423,484.660400390625,977900,0.0,0.0
2024-08-28 00:00:00-04:00,484.02981975942436,485.7209517233839,476.26202514698826,480.9054870605469,1568100,0.0,0.0
2024-08-29 00:00:00-04:00,483.45655977457795,490.3739921293457,478.8130977219668,487.3739013671875,1566300,0.0,0.0
2024-08-30 00:00:00-04:00,488.07549184487766,491.30480370376694,485.51899117508805,490.4013671875,1838900,3.0,0.0
2024-09-03 00:00:00-04:00,487.7294550934959,489.87271881469724,466.5179694485164,468.4978332519531,2373600,0.0,0.0
2024-09-04 00:00:00-04:00,467.76746222073217,476.8979137918052,467.76746222073217,471.55419921875,1509400,0.0,0.0
2024-09-05 00:00:00-04:00,474.3797727271968,476.48458428497696,464.2786306576407,468.9015197753906,1828300,0.0,0.0
2024-09-06 00:00:00-04:00,467.6713573288798,476.13864763839774,458.5024533231869,460.9532470703125,1995600,0.0,0.0
2024-09-09 00:00:00-04:00,466.64297498738,475.0526016662778,464.5862358286037,469.5647277832031,1714200,0.0,0.0
2024-09-10 00:00:00-04:00,470.10294459271864,470.1702286458942,443.6150254793387,448.958740234375,3583100,0.0,0.0
2024-09-11 00:00:00-04:00,445.9312706336583,453.5335765525339,439.68411948385545,452.8415832519531,2426500,0.0,0.0
2024-09-12 00:00:00-04:00,452.96652513102754,455.88827803284767,447.2960396593437,455.6191711425781,1480500,0.0,0.0
2024-09-13 00:00:00-04:00,457.4740603311134,463.34639761906135,457.0031306337646,460.35736083984375,1794500,0.0,0.0
2024-09-16 00:00:00-04:00,462.70246967072126,468.42102768465526,460.83793290636885,466.2873840332031,1500300,0.0,0.0
2024-09-17 00:00:00-04:00,469.0168802018955,470.67959404517956,463.0580474507572,466.5084228515625,1444900,0.0,0.0
2024-09-18 00:00:00-04:00,466.517998063321,473.8127445433051,463.0291998923616,465.7298889160156,1699500,0.0,0.0
2024-09-19 00:00:00-04:00,475.49471216277493,486.71076460504366,474.26450505774153,484.2311096191406,3060700,0.0,0.0
2024-09-20 00:00:00-04:00,480.7326833343573,482.5203155234353,476.20590986901436,479.0411376953125,4452600,0.0,0.0
2024-09-23 00:00:00-04:00,478.82968990880374,481.8956016850123,475.9560098917196,478.0608215332031,953200,0.0,0.0
2024-09-24 00:00:00-04:00,478.23385918518915,480.1272278085741,474.87962877342983,478.6471252441406,1035400,0.0,0.0
2024-09-25 00:00:00-04:00,479.1083808633901,482.47223108008393,471.32346449580945,472.0346984863281,1763900,0.0,0.0
2024-09-26 00:00:00-04:00,474.78347941036935,479.01231425157835,473.3226177249915,477.58990478515625,1378100,0.0,0.0
2024-09-27 00:00:00-04:00,479.56017039147434,485.7400376694065,476.5711335025301,479.1180725097656,1420100,0.0,0.0
2024-09-30 00:00:00-04:00,475.6388973901586,477.20546609614684,469.8818871828965,475.8503112792969,1602500,0.0,0.0
2024-10-01 00:00:00-04:00,475.3409347115415,475.3409347115415,465.7587643286084,471.1025085449219,1528600,0.0,0.0
2024-10-02 00:00:00-04:00,472.0636046865248,475.6100374896964,468.9688608263853,472.8516845703125,1445100,0.0,0.0
2024-10-03 00:00:00-04:00,470.8717966236176,471.42925114416147,465.3647114517081,467.1907958984375,1290600,0.0,0.0
2024-10-04 00:00:00-04:00,476.35971511778297,477.00363582390713,467.09469515179376,475.89837646484375,1721600,0.0,0.0
2024-10-07 00:00:00-04:00,475.38895388297306,479.5985770734139,471.6983329664018,475.37933349609375,1173300,0.0,0.0
2024-10-08 00:00:00-04:00,477.66677554753966,478.95464623157534,473.61093173285167,477.2535095214844,1296700,0.0,0.0
2024-10-09 00:00:00-04:00,478.8200741132555,486.5761295086178,475.9848171301249,485.5285339355469,1695900,0.0,0.0
2024-10-10 00:00:00-04:00,486.6145813923335,487.0855110479525,480.15598765186525,484.1253356933594,1309000,0.0,0.0
2024-10-11 00:00:00-04:00,488.23891380826166,497.8210548846277,488.04668203127477,496.2160339355469,2409700,0.0,0.0
2024-10-14 00:00:00-04:00,497.5135430492022,502.72268971919453,495.4567745382252,502.4151306152344,2174900,0.0,0.0
2024-10-15 00:00:00-04:00,517.8408520044203,519.4843547054761,495.45684618020687,502.0596008300781,4525400,0.0,0.0
2024-10-16 00:00:00-04:00,509.3830727365006,515.3610874328946,505.51943141331407,509.2485046386719,2649000,0.0,0.0
2024-10-17 00:00:00-04:00,510.57491338920613,514.4673578674731,507.6819921038439,508.42205810546875,2123500,0.0,0.0
2024-10-18 00:00:00-04:00,508.7968605612823,510.1231835604052,506.37486923055314,507.94146728515625,1779200,0.0,0.0
2024-10-21 00:00:00-04:00,507.4608872258177,509.23889906707893,496.88878540861316,497.65765380859375,1752100,0.0,0.0
2024-10-22 00:00:00-04:00,495.5528522674601,499.4164937823224,492.9867311987784,498.1382141113281,1588000,0.0,0.0
2024-10-23 00:00:00-04:00,495.73543002037474,499.7720622553859,493.4288249295798,497.08099365234375,1263200,0.0,0.0
2024-10-24 00:00:00-04:00,498.8109646952641,504.5775654431862,498.0420963277204,504.0970153808594,2058200,0.0,0.0
2024-10-25 00:00:00-04:00,507.5089211193817,508.2297462299558,490.8722799137666,492.659912109375,1633200,0.0,0.0
2024-10-28 00:00:00-04:00,495.3511275772243,504.18364184992606,494.94742320763476,503.2129211425781,1687100,0.0,0.0
2024-10-29 00:00:00-04:00,500.90617442420404,506.7304390482368,500.73318343468605,503.8856201171875,1281600,0.0,0.0
2024-10-30 00:00:00-04:00,503.0399068062114,510.14239324779845,502.72272729078185,504.0010070800781,1441600,0.0,0.0
2024-10-31 00:00:00-04:00,502.1172108616771,504.57762512537613,494.5149337872522,497.6480712890625,2061700,0.0,0.0
2024-11-01 00:00:00-04:00,499.77207742833207,506.1537964956477,496.92719986966296,499.1473388671875,1625000,0.0,0.0
2024-11-04 00:00:00-05:00,497.849896618997,497.89793989614316,490.65126560768255,491.57391357421875,1797800,0.0,0.0
2024-11-05 00:00:00-05:00,493.0443258885256,506.94185373616995,492.6598624039829,506.4613037109375,2169900,0.0,0.0
2024-11-06 00:00:00-05:00,545.2321606311552,575.3242071419305,544.0788285978357,572.7965087890625,8042800,0.0,0.0
2024-11-07 00:00:00-05:00,567.0490507034135,571.8545511331034,558.8989407461454,559.5236206054688,4475600,0.0,0.0
2024-11-08 00:00:00-05:00,563.6083403551892,571.998784655588,558.68751222054,566.337890625,2714000,0.0,0.0
2024-11-11 00:00:00-05:00,575.602870940616,583.531946732366,572.9790277892104,578.9090576171875,2510800,0.0,0.0
2024-11-12 00:00:00-05:00,574.7859606418915,578.6688429777637,568.46190492544,569.5383911132812,2392900,0.0,0.0
2024-11-13 00:00:00-05:00,571.4990033565531,580.0720005165541,569.5960437762018,571.1049194335938,1763100,0.0,0.0
2024-11-14 00:00:00-05:00,576.660141566808,578.1306530850368,563.4353929344646,565.7131958007812,1670500,0.0,0.0
2024-11-15 00:00:00-05:00,570.278425011526,571.9892115980108,564.2523663889152,570.451416015625,2007700,0.0,0.0
2024-11-18 00:00:00-05:00,571.575933559219,571.9219155601687,561.9744930760967,565.1173095703125,1848900,0.0,0.0
2024-11-19 00:00:00-05:00,557.1112815517847,562.0129274641723,553.1227511658184,558.764404296875,2217400,0.0,0.0
2024-11-20 00:00:00-05:00,561.1191436211531,564.9346832404457,554.1895900929658,559.2930297851562,1528600,0.0,0.0
2024-11-21 00:00:00-05:00,563.6948488980192,577.332862143978,561.7726486302922,572.92138671875,2281900,0.0,0.0
2024-11-22 00:00:00-05:00,573.0271573565014,580.4468817184215,571.3164294317145,579.33203125,1733700,0.0,0.0
2024-11-25 00:00:00-05:00,585.1080917295517,587.5204622960747,575.5355725551644,579.5722045898438,2940800,0.0,0.0
2024-11-26 00:00:00-05:00,576.7850031536365,583.5703674596476,569.932354801849,581.9461059570312,2846500,0.0,0.0
2024-11-27 00:00:00-05:00,584.0412592473959,588.4334934242263,579.8124543115226,581.8787841796875,1424500,0.0,0.0
2024-11-29 00:00:00-05:00,585.608055463505,588.895002255384,583.4455796628906,584.8968505859375,1170200,0.0,0.0
2024-12-02 00:00:00-05:00,587.2438270769029,591.0203198288149,580.7725428500625,581.1685791015625,1804100,3.0,0.0
2024-12-03 00:00:00-05:00,588.1710104050418,590.5469918454643,580.2895479522866,581.52587890625,1718100,0.0,0.0
2024-12-04 00:00:00-05:00,582.4144594931424,583.6507904567823,576.3874934241607,578.2709350585938,1617300,0.0,0.0
2024-12-05 00:00:00-05:00,580.0289124599142,585.8530274289985,575.9915589726659,576.4262084960938,1672800,0.0,0.0
2024-12-06 00:00:00-05:00,576.7737740525249,579.5168463974672,574.0790419393174,579.207763671875,1405700,0.0,0.0
2024-12-09 00:00:00-05:00,578.5413258756711,582.4144396244857,573.4512172983857,573.8375854492188,1633200,0.0,0.0
2024-12-10 00:00:00-05:00,569.8582867716376,575.9142572599475,563.8313204251415,565.0579833984375,2600800,0.0,0.0
2024-12-11 00:00:00-05:00,569.9741672319132,573.4416358556117,566.8641215882973,572.3308715820312,2195300,0.0,0.0
2024-12-12 00:00:00-05:00,572.3598533356799,575.9624976214221,568.51568473984,571.4132690429688,1218400,0.0,0.0
2024-12-13 00:00:00-05:00,573.7217742103626,574.6876357831073,565.1063054879031,565.4926147460938,1215000,0.0,0.0
2024-12-16 00:00:00-05:00,567.9265708565439,568.1873723300935,558.9440705567677,566.3135986328125,1713300,0.0,0.0
2024-12-17 00:00:00-05:00,561.0109574555107,561.754630641109,552.7527953840608,555.0612182617188,2314100,0.0,0.0
2024-12-18 00:00:00-05:00,557.775263807818,559.6876504239793,525.9018391304696,531.4652099609375,3271600,0.0,0.0
2024-12-19 00:00:00-05:00,542.2732552821818,547.6434425904406,534.7008755694297,535.0775756835938,2753300,0.0,0.0
2024-12-20 00:00:00-05:00,535.9951217210948,553.3420134949743,534.4883803118894,546.7741088867188,4515900,0.0,0.0
2024-12-23 00:00:00-05:00,545.7117864635798,552.1251214298508,542.6210176525987,551.2944946289062,1519500,0.0,0.0
2024-12-24 00:00:00-05:00,554.59769180705,562.8944091796875,551.8546191751652,562.8944091796875,913400,0.0,0.0
2024-12-26 00:00:00-05:00,558.4128234428704,562.7012506584736,557.7849899169074,561.3876342773438,1092000,0.0,0.0
2024-12-27 00:00:00-05:00,557.3020231812412,562.0927169080778,551.8448827358678,556.510009765625,1486000,0.0,0.0
2024-12-30 00:00:00-05:00,547.9042087325057,556.355495882091,545.808247074328,553.9697875976562,1265900,0.0,0.0
2024-12-31 00:00:00-05:00,555.4379053509083,557.224725305551,550.9273492575537,553.071533203125,1055800,0.0,0.0
2025-01-02 00:00:00-05:00,559.5331730667774,564.3624801340198,550.2898722658953,555.34130859375,2219000,0.0,0.0
2025-01-03 00:00:00-05:00,561.1654289126078,562.2665249696768,552.2118755799362,560.3251342773438,1422600,0.0,0.0
2025-01-06 00:00:00-05:00,565.0096859165735,573.3837482263616,560.0258661226152,563.4739990234375,2257000,0.0,0.0
2025-01-07 00:00:00-05:00,567.0669140068665,568.197014372854,548.9956836160837,560.3155517578125,2021900,0.0,0.0
2025-01-08 00:00:00-05:00,561.2041327625792,561.3587036121252,553.1198768962003,560.218994140625,1513400,0.0,0.0
2025-01-10 00:00:00-05:00,556.577633040292,556.577633040292,538.9603304956906,540.8823852539062,2817900,0.0,0.0
2025-01-13 00:00:00-05:00,538.8348255435989,546.8611323578988,537.7530653652498,543.7317504882812,1871200,0.0,0.0
2025-01-14 00:00:00-05:00,550.2125837597271,554.0084709706067,545.9048796088744,552.018798828125,2221900,0.0,0.0
2025-01-15 00:00:00-05:00,577.5851954284474,588.6056495564029,572.7558877743634,585.2348022460938,5119800,0.0,0.0
2025-01-16 00:00:00-05:00,589.1657703688359,595.7819561547219,585.3119929170183,592.0633544921875,3224500,0.0,0.0
2025-01-17 00:00:00-05:00,596.7091630922811,605.5950997918072,592.0730401473331,604.5712890625,3425200,0.0,0.0
2025-01-21 00:00:00-05:00,595.752973813093,613.7373085472199,588.2095985607111,613.0708618164062,5076700,0.0,0.0
2025-01-22 00:00:00-05:00,611.8152994762801,613.9015343386013,608.2126550131369,611.1295166015625,2835700,0.0,0.0
2025-01-23 00:00:00-05:00,613.244794655862,623.5022395310968,612.8294812663632,617.66845703125,2582700,0.0,0.0
2025-01-24 00:00:00-05:00,608.4926981102965,618.7308056407574,607.4882234502428,615.1571655273438,3183500,0.0,0.0
2025-01-27 00:00:00-05:00,603.6634055086616,614.0078028479996,603.1418615488437,611.6607666015625,3351700,0.0,0.0
2025-01-28 00:00:00-05:00,610.617627620015,617.2627591898344,610.2409275017494,616.0264282226562,2338000,0.0,0.0
2025-01-29 00:00:00-05:00,615.253756499433,626.8440941414946,614.6838722933691,615.6207885742188,1918900,0.0,0.0
2025-01-30 00:00:00-05:00,622.4880247262726,627.3463360247744,619.1171777616516,623.65673828125,1812800,0.0,0.0
2025-01-31 00:00:00-05:00,627.8100283693378,627.8100283693378,615.6788092561385,618.5377807617188,1995100,0.0,0.0
2025-02-03 00:00:00-05:00,604.6292666071472,616.6831986168785,601.2294154448109,610.7817993164062,2102600,0.0,0.0
2025-02-04 00:00:00-05:00,610.424519159744,615.9009378173012,607.613887897848,612.5300903320312,1743400,0.0,0.0
2025-02-05 00:00:00-05:00,616.2196639581854,624.3425335898788,613.8340142455423,623.4153442382812,1908200,0.0,0.0
2025-02-06 00:00:00-05:00,627.8099753752593,636.3578260747655,626.7861645427076,635.7493286132812,2439200,0.0,0.0
2025-02-07 00:00:00-05:00,636.8890599770579,641.2064323365266,630.8620350451255,633.508544921875,2616700,0.0,0.0
2025-02-10 00:00:00-05:00,636.5220539800786,639.8735650324663,622.2562609984872,628.3218994140625,2351600,0.0,0.0
2025-02-11 00:00:00-05:00,624.6999064942221,626.8827038853851,621.628415158862,625.1441650390625,2711400,0.0,0.0
2025-02-12 00:00:00-05:00,621.782950818929,628.2638431519546,617.2916716812135,626.8440551757812,2295800,0.0,0.0
2025-02-13 00:00:00-05:00,629.5775232614842,629.7417032114207,618.6439639168227,626.7958374023438,2031800,0.0,0.0
2025-02-14 00:00:00-05:00,628.1190122939777,640.6172615574753,628.1190122939777,637.999755859375,2246000,0.0,0.0
2025-02-18 00:00:00-05:00,639.9701248348811,649.2423706054688,638.4537153772254,649.2423706054688,2350100,0.0,0.0
2025-02-19 00:00:00-05:00,646.2386983188342,648.131749333143,640.6367128076005,645.3404541015625,1953600,0.0,0.0
2025-02-20 00:00:00-05:00,645.224498720342,647.3976871377082,610.096061045128,620.334228515625,3929000,0.0,0.0
2025-02-21 00:00:00-05:00,622.7391279904155,625.3952467992152,602.1469561876496,604.2428588867188,3000800,0.0,0.0
2025-02-24 00:00:00-05:00,611.8829208190689,615.543514636788,593.8116311523858,604.7645263671875,3274100,0.0,0.0
2025-02-25 00:00:00-05:00,607.0729964371686,609.7677289751639,585.3121071279152,593.9179077148438,2885900,0.0,0.0
2025-02-26 00:00:00-05:00,595.6177538683361,601.8572399531553,594.1979658573877,596.6802368164062,2001200,0.0,0.0
2025-02-27 00:00:00-05:00,596.4580096327394,603.8854859313977,586.5772666750709,587.2437133789062,2396300,0.0,0.0
2025-02-28 00:00:00-05:00,589.95186859355,605.3464363555807,586.2828391263926,604.0263061523438,3337200,3.0,0.0
2025-03-03 00:00:00-05:00,604.1331249078273,610.3258821950868,580.7598353806997,587.4961547851562,3152300,0.0,0.0
2025-03-04 00:00:00-05:00,578.488470751155,582.3905061000496,550.912306354601,564.0840454101562,4061000,0.0,0.0
2025-03-05 00:00:00-05:00,565.006152525431,579.5950033016728,559.851999126329,575.6638793945312,2600600,0.0,0.0
2025-03-06 00:00:00-05:00,563.5502521436962,569.4906311234884,548.0489259125247,551.0093994140625,4332300,0.0,0.0
2025-03-07 00:00:00-05:00,551.4947347512843,551.4947347512843,528.9173841311372,543.2442016601562,4069600,0.0,0.0
2025-03-10 00:00:00-04:00,526.3840150688795,530.4316130707712,507.7766523541635,516.0562744140625,5272100,0.0,0.0
2025-03-11 00:00:00-04:00,516.8423411254867,524.1416532251122,508.81510025688414,515.8328857421875,4190500,0.0,0.0
2025-03-12 00:00:00-04:00,528.0340395938373,529.0046904019142,513.0763367086546,519.9873657226562,3078100,0.0,0.0
2025-03-13 00:00:00-04:00,519.9485108206791,522.3460491651313,504.79666566149484,509.4072570800781,2529100,0.0,0.0
2025-03-14 00:00:00-04:00,518.3178072387441,527.6166584197149,511.2417842887764,525.52001953125,2808100,0.0,0.0
2025-03-17 00:00:00-04:00,525.3453059002351,540.8077658105283,524.1514243915885,535.1586303710938,2695600,0.0,0.0
2025-03-18 00:00:00-04:00,534.1394348633671,537.4979081317965,530.6063107950412,535.5857543945312,2641000,0.0,0.0
2025-03-19 00:00:00-04:00,532.8873503128033,546.4764630712355,528.6164626054783,540.9826049804688,2769800,0.0,0.0
2025-03-20 00:00:00-04:00,536.8669804587993,551.7567910926325,535.7992881835012,546.1658325195312,2531300,0.0,0.0
2025-03-21 00:00:00-04:00,539.0315671851125,550.3590463119383,535.0324903182604,548.5536499023438,3565600,0.0,0.0
2025-03-24 00:00:00-04:00,558.124288878849,565.6176856768442,556.2315077025805,563.0745849609375,1877700,0.0,0.0
2025-03-25 00:00:00-04:00,567.5297895894116,569.6652330889362,561.2399916851936,568.7431030273438,1875500,0.0,0.0
2025-03-26 00:00:00-04:00,571.1212765547363,575.2465427301113,554.2416437974478,557.075927734375,1944200,0.0,0.0
2025-03-27 00:00:00-04:00,548.4176865674494,549.3883373401352,536.3330725987475,542.51611328125,2100900,0.0,0.0
2025-03-28 00:00:00-04:00,539.633337261268,544.0497866601456,521.9286757167633,527.1798706054688,2773100,0.0,0.0
2025-03-31 00:00:00-04:00,518.1528481741707,531.3245874276936,513.0763631443914,530.2568359375,2455100,0.0,0.0
2025-04-01 00:00:00-04:00,527.3061189286881,535.7605098761063,517.5898936181497,532.353515625,1869600,0.0,0.0
2025-04-02 00:00:00-04:00,523.9573326936766,550.6696638447509,523.2584924977564,546.573486328125,2560700,0.0,0.0
2025-04-03 00:00:00-04:00,510.0090539685775,514.4352193443185,494.6048301727785,496.225830078125,5193900,0.0,0.0
2025-04-04 00:00:00-04:00,472.7069661698958,477.56022044268735,446.4993930968215,456.99212646484375,8105200,0.0,0.0
2025-04-07 00:00:00-04:00,433.78385904148297,475.59951425747755,426.48457531167446,451.8476867675781,6353800,0.0,0.0
2025-04-08 00:00:00-04:00,473.9203084472659,477.48261033293403,439.53984006246674,448.6542663574219,4240900,0.0,0.0
2025-04-09 00:00:00-04:00,438.1129685298121,506.67976115435295,433.98770227520293,501.7003173828125,7024100,0.0,0.0
2025-04-10 00:00:00-04:00,488.33447958586817,488.33447958586817,460.08853213187035,475.4248046875,5374500,0.0,0.0
2025-04-11 00:00:00-04:00,472.706944471019,483.8888311383548,464.5340516171601,479.9285888671875,3770200,0.0,0.0
2025-04-14 00:00:00-04:00,495.0319057584655,496.97320734967514,482.55903711056106,489.1885986328125,4392600,0.0,0.0
2025-04-15 00:00:00-04:00,492.5179636352424,503.4280996042136,492.11999322218844,492.98388671875,2501200,0.0,0.0
2025-04-16 00:00:00-04:00,486.99494057105153,494.4980822272369,478.2299646717832,484.4032897949219,2765600,0.0,0.0
2025-04-17 00:00:00-04:00,488.47029775128664,499.72016655920777,484.4712212059407,494.536865234375,2593500,0.0,0.0
2025-04-21 00:00:00-04:00,490.5669456363257,494.32335977798283,480.16156708553945,486.6455078125,2859300,0.0,0.0
2025-04-22 00:00:00-04:00,495.25516708944093,505.70906551498933,493.99330327950037,504.72869873046875,2514600,0.0,0.0
2025-04-23 00:00:00-04:00,517.9684263699662,535.5954200294764,512.7560359589831,513.7752075195312,3048100,0.0,0.0
2025-04-24 00:00:00-04:00,511.63008019776333,530.7907792718077,508.05809189375293,529.3638916015625,2223600,0.0,0.0
2025-04-25 00:00:00-04:00,528.616395730036,532.9746675352982,525.3355913253351,528.8687744140625,1612700,0.0,0.0
2025-04-28 00:00:00-04:00,528.8688072377956,538.225895638377,526.5489374907369,530.3636474609375,1459700,0.0,0.0
2025-04-29 00:00:00-04:00,527.8302483679623,534.7121895350896,525.4133370291185,532.8096923828125,1695600,0.0,0.0
2025-04-30 00:00:00-04:00,520.0359062622124,533.3920713701197,515.8524034894846,531.4798583984375,2438300,0.0,0.0
2025-05-01 00:00:00-04:00,532.0137524293167,541.962924487883,529.4900837022373,537.5756225585938,2583000,0.0,0.0
2025-05-02 00:00:00-04:00,545.0981716682504,553.0575212278609,543.2733431608918,549.4854736328125,2883000,0.0,0.0
2025-05-05 00:00:00-04:00,541.9726581660386,549.9320079214486,541.1379125553252,543.137451171875,2197200,0.0,0.0
2025-05-06 00:00:00-04:00,533.469641042402,541.0795691685646,531.0042094072239,533.2366943359375,2902500,0.0,0.0
2025-05-07 00:00:00-04:00,534.0617827127315,539.0800306168558,531.6642444985529,535.7215576171875,1954900,0.0,0.0
2025-05-08 00:00:00-04:00,542.4190857427575,555.3675342042591,541.8270029748278,549.09716796875,1994600,0.0,0.0
2025-05-09 00:00:00-04:00,553.513628458937,555.3093087730672,549.1748477434757,550.4560546875,1522500,0.0,0.0
2025-05-12 00:00:00-04:00,578.7603271499872,585.6616409740006,570.8204097321135,573.9847412109375,3527700,0.0,0.0
2025-05-13 00:00:00-04:00,575.8871342267281,589.8742460733328,575.6541875030466,586.0886840820312,2765800,0.0,0.0
2025-05-14 00:00:00-04:00,586.0790802961593,596.9503836852102,584.8172458054296,593.650146484375,2874400,0.0,0.0
2025-05-15 00:00:00-04:00,591.8350152836948,601.0368270496853,591.8350152836948,597.823974609375,2428100,0.0,0.0
2025-05-16 00:00:00-04:00,598.8430900681798,602.5703563816465,595.5525692686349,600.862060546875,2021800,0.0,0.0
2025-05-19 00:00:00-04:00,591.3108187556046,601.2017537062796,580.7792802840485,594.3295288085938,2842100,0.0,0.0
2025-05-20 00:00:00-04:00,589.913058843194,593.601520254164,585.3121832561154,588.7191772460938,1601600,0.0,0.0
2025-05-21 00:00:00-04:00,584.1377373542005,591.9708977304393,574.6253697709479,576.0425415039062,2635900,0.0,0.0
2025-05-22 00:00:00-04:00,575.159195193085,584.5260003402062,575.1203904837674,580.6724853515625,1939600,0.0,0.0
2025-05-23 00:00:00-04:00,567.8307963541247,584.2930575215039,565.404169019278,580.973388671875,1530600,0.0,0.0
2025-05-27 00:00:00-04:00,588.1174786445417,599.5420009016049,587.1953483237498,597.658935546875,2364700,0.0,0.0
2025-05-28 00:00:00-04:00,599.1634664886743,600.473821616584,589.4860453932355,590.5828857421875,2001900,0.0,0.0
2025-05-29 00:00:00-04:00,590.6604643493883,592.0970086254063,580.7403820210391,587.1078491210938,1736100,0.0,0.0
2025-05-30 00:00:00-04:00,585.2934398872591,588.8051767109316,579.2746890180408,585.732421875,2129500,3.0,0.0
2025-06-02 00:00:00-04:00,583.9278068998576,584.4838428843598,577.6554185358656,584.0448608398438,1221200,0.0,0.0
2025-06-03 00:00:00-04:00,585.2934621133347,591.4585603922908,579.1771263817288,589.0296020507812,1730300,0.0,0.0
2025-06-04 00:00:00-04:00,590.6391031315641,591.4683045646537,584.044787491205,584.5228271484375,1294900,0.0,0.0
2025-06-05 00:00:00-04:00,585.293537514539,594.7752642434886,578.3675878029386,591.0294189453125,2086700,0.0,0.0
2025-06-06 00:00:00-04:00,597.9748892023043,606.1494935927033,595.0484215553109,598.9503784179688,1675900,0.0,0.0
2025-06-09 00:00:00-04:00,599.6818881323275,603.9252416462836,596.0335686441673,598.4820556640625,1610700,0.0,0.0
2025-06-10 00:00:00-04:00,597.9747904264729,601.4377646622265,594.3752334336946,599.7989501953125,1376400,0.0,0.0
2025-06-11 00:00:00-04:00,602.052312880698,614.4020373524593,599.525829632852,608.8709716796875,2063600,0.0,0.0
2025-06-12 00:00:00-04:00,605.7787180420008,610.6659278539142,600.7061629235175,609.7879638671875,1634700,0.0,0.0
2025-06-13 00:00:00-04:00,600.9500741874206,604.9203221411541,594.6484524334029,598.5015869140625,1674800,0.0,0.0
2025-06-16 00:00:00-04:00,603.8277606002472,616.7725201748453,602.8522714878075,612.4608154296875,1870400,0.0,0.0
2025-06-17 00:00:00-04:00,609.3881168143447,616.1872479781533,607.7297732619824,609.32958984375,1479300,0.0,0.0
2025-06-18 00:00:00-04:00,609.2026388853578,624.1958999037997,608.3637326430523,619.6696166992188,2423100,0.0,0.0
2025-06-20 00:00:00-04:00,623.1716989010479,626.8883098740475,621.0841380030565,625.0933837890625,4115400,0.0,0.0
2025-06-23 00:00:00-04:00,623.5911313284201,631.5510956732466,614.5678577360321,631.0243530273438,2020800,0.0,0.0
2025-06-24 00:00:00-04:00,638.4088225329999,647.500387650079,637.2284593449889,645.8810424804688,2307800,0.0,0.0
2025-06-25 00:00:00-04:00,648.3099596287684,653.6946779118223,644.5933489544753,653.4508056640625,1566400,0.0,0.0
2025-06-26 00:00:00-04:00,654.1825090227628,672.4339318957185,654.0752195089326,670.3170776367188,2849500,0.0,0.0
2025-06-27 00:00:00-04:00,674.0629698227576,677.1845468585616,668.5904902471623,673.8776245117188,3650500,0.0,0.0
2025-06-30 00:00:00-04:00,696.7626127168004,696.79184642921,685.72006905191,690.4024047851562,3976400,0.0,0.0
2025-07-01 00:00:00-04:00,690.6463358993165,695.5335461923231,683.4374566066814,689.1441040039062,3301000,0.0,0.0
2025-07-02 00:00:00-04:00,691.4265912657066,701.113189890641,687.7978007646249,698.3428344726562,2906500,0.0,0.0
2025-07-03 00:00:00-04:00,698.3623860906791,708.2050974577991,695.9139584250102,705.9419555664062,1502000,0.0,0.0
2025-07-07 00:00:00-04:00,704.0105541379689,706.2248740931788,689.0270546007644,693.5045166015625,2863700,0.0,0.0
2025-07-08 00:00:00-04:00,693.2996036206919,693.7581144706362,676.7651105527326,680.1890869140625,3100700,0.0,0.0
2025-07-09 00:00:00-04:00,687.0760282157166,687.0760282157166,677.6820632920982,679.4866943359375,1763400,0.0,0.0
2025-07-10 00:00:00-04:00,679.6622706625667,692.9679563670849,679.3794002557161,691.7388305664062,1733500,0.0,0.0
2025-07-11 00:00:00-04:00,686.3444915186116,688.6953943587914,683.0668024656865,687.671142578125,1681800,0.0,0.0
2025-07-14 00:00:00-04:00,687.4661611153069,695.9431635577104,684.9201489192214,695.8163452148438,1909300,0.0,0.0
2025-07-15 00:00:00-04:00,695.8163380958756,697.1722821854977,682.8813435688454,685.2908325195312,1981200,0.0,0.0
2025-07-16 00:00:00-04:00,691.1340643539347,692.3827190475711,674.3556390277769,691.4462280273438,3323200,0.0,0.0
2025-07-17 00:00:00-04:00,688.9685242599144,699.8647216920862,687.0175459066236,688.539306640625,2046100,0.0,0.0
2025-07-18 00:00:00-04:00,689.7293644767227,692.8801754173438,681.271890113452,690.8999633789062,1925200,0.0,0.0
2025-07-21 00:00:00-04:00,691.7583625985272,695.2896284179039,687.0857316508848,688.6953125,2006500,0.0,0.0
2025-07-22 00:00:00-04:00,686.4126492160121,689.1733001015318,674.9214183221013,683.2423095703125,1978900,0.0,0.0
2025-07-23 00:00:00-04:00,684.7933132514133,701.3863915218424,684.3055687263054,699.9329223632812,2395700,0.0,0.0
2025-07-24 00:00:00-04:00,701.3084348318896,707.9808070754833,697.2113683341837,701.5523071289062,1974700,0.0,0.0
2025-07-25 00:00:00-04:00,703.0935079766449,711.9997279027309,700.7425459882139,711.1119995117188,1851400,0.0,0.0
2025-07-28 00:00:00-04:00,710.1560735481831,714.5653033870204,704.468955354169,705.9127197265625,1464800,0.0,0.0
2025-07-29 00:00:00-04:00,709.034188584164,716.1357774109609,704.7127792592559,714.0384521484375,2136000,0.0,0.0
2025-07-30 00:00:00-04:00,713.2191391333688,719.79392636484,705.4542241990515,712.8386840820312,1816200,0.0,0.0
2025-07-31 00:00:00-04:00,708.7806543239308,716.0480005179534,702.7813725182441,705.8541870117188,2358100,0.0,0.0
2025-08-01 00:00:00-04:00,693.0947575292661,697.0064782763286,677.038185797324,692.1777954101562,2999100,0.0,0.0
2025-08-04 00:00:00-04:00,697.6698715731259,708.9757577970955,697.6698715731259,708.2344360351562,1753700,0.0,0.0
2025-08-05 00:00:00-04:00,710.1560509098464,711.5217594387859,697.0357108636451,703.2398071289062,1977300,0.0,0.0
2025-08-06 00:00:00-04:00,706.7418442935657,710.448690920337,704.3031215734361,706.9759521484375,1477100,0.0,0.0
2025-08-07 00:00:00-04:00,712.7118368443023,714.9749786862814,700.0207142095685,702.0985107421875,1400400,0.0,0.0
2025-08-08 00:00:00-04:00,708.0685262217646,710.1560872511527,701.0352876934561,703.591064453125,1275400,0.0,0.0
2025-08-11 00:00:00-04:00,704.4983092981591,706.0981258690805,698.1966276575604,701.61083984375,1273500,0.0,0.0
2025-08-12 00:00:00-04:00,707.5027891071384,729.8024564657698,706.5955318162604,725.1591186523438,2418100,0.0,0.0
2025-08-13 00:00:00-04:00,727.5003210810135,730.5535473202334,714.6628506271771,726.43701171875,1862600,0.0,0.0
2025-08-14 00:00:00-04:00,724.5152055394788,729.821868403599,718.9354366991025,728.8854370117188,1371200,0.0,0.0
2025-08-15 00:00:00-04:00,730.6412944879586,730.6900570323688,711.3070944771067,712.809326171875,1645900,0.0,0.0
2025-08-18 00:00:00-04:00,711.6192825780856,713.6775502437871,706.1272743044487,713.0435180664062,1157800,0.0,0.0
2025-08-19 00:00:00-04:00,711.2876388463679,712.107075925473,700.1378050625322,703.6983642578125,1856400,0.0,0.0
2025-08-20 00:00:00-04:00,703.5227152534019,704.5469668487835,688.2562877947142,703.0154418945312,1872700,0.0,0.0
2025-08-21 00:00:00-04:00,698.9769334457635,701.5912370709873,695.494430238153,698.4014282226562,1162000,0.0,0.0
2025-08-22 00:00:00-04:00,702.4887393770621,726.5833322131318,700.9669787526329,723.7056274414062,1948600,0.0,0.0
2025-08-25 00:00:00-04:00,723.7056315603937,728.2026220771319,720.2328927033861,720.6815795898438,1381200,0.0,0.0
2025-08-26 00:00:00-04:00,719.6281021194737,730.7974049427482,715.872433273713,730.5925903320312,1511600,0.0,0.0
2025-08-27 00:00:00-04:00,727.685600174038,734.543317359779,726.7589331287274,731.294921875,1534800,0.0,0.0
2025-08-28 00:00:00-04:00,732.5826023441758,734.8652731994819,728.6806456636851,732.8069458007812,1411200,0.0,0.0
2025-08-29 00:00:00-04:00,732.3067375486607,734.4740705649971,724.6473869786931,730.8748779296875,1467000,4.0,0.0
2025-09-02 00:00:00-04:00,722.1858018676608,722.1858018676608,707.249532340395,716.7526245117188,2296400,0.0,0.0
2025-09-03 00:00:00-04:00,714.5069004883889,717.9001825565626,708.367639220062,716.4683227539062,1485600,0.0,0.0
2025-09-04 00:00:00-04:00,719.596732467654,734.4642856384916,717.0664812001074,734.4545288085938,1778200,0.0,0.0
2025-09-05 00:00:00-04:00,737.6810240206564,742.7414665429212,713.1240416455755,723.970703125,1822800,0.0,0.0
2025-09-08 00:00:00-04:00,725.1573456472121,729.1978703724171,719.4202099651286,727.5404663085938,1400100,0.0,0.0
2025-09-09 00:00:00-04:00,725.8537186931185,750.8520353118345,724.2943616906325,749.184814453125,2611300,0.0,0.0
2025-09-10 00:00:00-04:00,747.164475581176,759.531227049215,746.9389312034277,754.735595703125,1996200,0.0,0.0
2025-09-11 00:00:00-04:00,757.1090109866861,777.870649359372,756.4715247933597,769.5934448242188,2075700,0.0,0.0
2025-09-12 00:00:00-04:00,768.3871373059417,771.8490761777118,761.2867986073911,765.0134887695312,1099400,0.0,0.0
2025-09-15 00:00:00-04:00,767.8477218421735,777.0958197797113,766.3668385923908,771.584228515625,1292000,0.0,0.0
2025-09-16 00:00:00-04:00,774.3008349780807,774.7715571342187,764.6506117722813,770.3779907226562,1529500,0.0,0.0
2025-09-17 00:00:00-04:00,773.6437325374771,783.1664587264584,770.0837465085029,778.9003295898438,1945300,0.0,0.0
2025-09-18 00:00:00-04:00,780.224310189928,791.7084583249912,777.1154728699929,788.7957153320312,1501600,0.0,0.0
2025-09-19 00:00:00-04:00,788.579991372272,794.0424993625154,781.9895818494492,789.472412109375,3789800,0.0,0.0
2025-09-22 00:00:00-04:00,785.6868802800047,790.4825717738822,782.1562845164639,790.0216064453125,1151000,0.0,0.0
2025-09-23 00:00:00-04:00,791.5318912922345,809.3318213951112,786.5302887111532,790.7669677734375,1758800,0.0,0.0
2025-09-24 00:00:00-04:00,793.9346668700341,797.1612447299096,777.0566669814656,777.1448974609375,1402500,0.0,0.0
2025-09-25 00:00:00-04:00,770.8388931775727,782.7839467057026,766.92586562534,779.429931640625,1413100,0.0,0.0
2025-09-26 00:00:00-04:00,781.7836163625569,793.8856173988411,779.7928040009082,787.0304565429688,1376200,0.0,0.0
2025-09-29 00:00:00-04:00,792.218323213545,793.2383009489018,782.5975508267671,788.6093139648438,1059000,0.0,0.0
2025-09-30 00:00:00-04:00,789.9627265528345,794.0032511663142,771.2801935947566,780.9891967773438,2463900,0.0,0.0
2025-10-01 00:00:00-04:00,778.3119512237279,780.9206763131313,768.1223483608686,770.3583984375,1788900,0.0,0.0
2025-10-02 00:00:00-04:00,773.6633122835522,775.7424148520497,757.5404207613396,764.3465576171875,1553700,0.0,0.0
2025-10-03 00:00:00-04:00,767.8967217264085,779.586780219057,762.85585276324,774.7420654296875,1470500,0.0,0.0
2025-10-06 00:00:00-04:00,779.6653771696442,787.0207109165277,765.0037332626181,781.4110717773438,1632600,0.0,0.0
2025-10-07 00:00:00-04:00,782.6074932139792,789.7863059737722,766.3178954717395,774.4185791015625,1547200,0.0,0.0
2025-10-08 00:00:00-04:00,776.4780099415673,779.6653210022685,759.4038561046216,761.531982421875,1939300,0.0,0.0
2025-10-09 00:00:00-04:00,763.8267705256952,767.8084549588107,756.4714377164042,764.9154052734375,1575000,0.0,0.0
2025-10-10 00:00:00-04:00,768.0144205573317,776.3896712432261,749.2632303661168,749.6162719726562,2457900,0.0,0.0
2025-10-13 00:00:00-04:00,762.8755897433755,775.7915387540577,762.8755897433755,771.6039428710938,2766000,0.0,0.0
2025-10-14 00:00:00-04:00,749.7045987663556,771.3979231161937,728.1387716458331,755.8928833007812,4710800,0.0,0.0
2025-10-15 00:00:00-04:00,763.6012351900234,767.3965821759674,747.9490652375347,753.117431640625,3217400,0.0,0.0
2025-10-16 00:00:00-04:00,755.7947706936252,766.3668648134975,737.8967935755481,743.46728515625,3160900,0.0,0.0
2025-10-17 00:00:00-04:00,743.5261044662626,744.300844644816,725.735991702054,736.2884521484375,2884700,0.0,0.0
2025-10-20 00:00:00-04:00,742.3982734212175,751.6365548586778,738.3577486371966,748.5963745117188,1925400,0.0,0.0
2025-10-21 00:00:00-04:00,744.3597212670428,750.5381891953169,743.6438213220506,744.340087890625,1782200,0.0,0.0
2025-10-22 00:00:00-04:00,745.9385579597955,745.9385579597955,728.7761159518027,730.2373657226562,2141400,0.0,0.0
2025-10-23 00:00:00-04:00,734.8861134051068,740.4369121307755,730.2963325861231,736.29833984375,1615400,0.0,0.0
2025-10-24 00:00:00-04:00,745.1932508840235,769.4756655211212,741.4175373683436,768.759765625,2505600,0.0,0.0
2025-10-27 00:00:00-04:00,773.7809977535687,781.3423012956523,771.829392393525,774.7518920898438,1645300,0.0,0.0
2025-10-28 00:00:00-04:00,776.7722566823546,782.9605416628351,772.162902292156,776.8115234375,1242000,0.0,0.0
2025-10-29 00:00:00-04:00,772.8003426436643,785.0494146395285,763.797421977027,767.9556274414062,2251500,0.0,0.0
2025-10-30 00:00:00-04:00,768.4459709560252,791.5711549677443,765.5430446122657,774.9186401367188,1829500,0.0,0.0
2025-10-31 00:00:00-04:00,769.8386454732388,776.4486292710876,767.8968564849187,774.1439819335938,1328100,0.0,0.0
2025-11-03 00:00:00-05:00,774.3400318481316,780.6459967241545,766.3668462135645,770.3681640625,1569100,0.0,0.0
2025-11-04 00:00:00-05:00,762.0124939038551,790.4531146544495,758.0896496623938,775.5757446289062,2046000,0.0,0.0
2025-11-05 00:00:00-05:00,775.193266992778,781.9797708932507,760.6199147376251,777.7921752929688,1832700,0.0,0.0
2025-11-06 00:00:00-05:00,778.6845759332334,782.803574326617,762.0124880354186,772.388427734375,1572500,0.0,0.0
2025-11-07 00:00:00-05:00,767.8967012188946,771.8783854234935,748.0863273512564,771.1723022460938,2098400,0.0,0.0
2025-11-10 00:00:00-05:00,780.7244843681942,790.8061630288282,773.5848790559476,781.8228759765625,1698200,0.0,0.0
2025-11-11 00:00:00-05:00,783.0781638415867,796.3373967949519,780.2635278311984,794.6799926757812,1521500,0.0,0.0
2025-11-12 00:00:00-05:00,798.4262807542331,823.7972704741358,798.4262807542331,822.787109375,2954100,0.0,0.0
2025-11-13 00:00:00-05:00,816.9912264301614,825.0527031915407,789.4921073933923,789.9628295898438,2557400,0.0,0.0
2025-11-14 00:00:00-05:00,780.2046271935841,785.1670224790837,762.993161046433,775.6541137695312,2552000,0.0,0.0
2025-11-17 00:00:00-05:00,774.7617511130874,781.3619175091957,755.6378851045997,760.6002807617188,1850600,0.0,0.0
2025-11-18 00:00:00-05:00,757.1678441276213,772.5061807995495,751.754299453327,761.3260498046875,1673500,0.0,0.0
2025-11-19 00:00:00-05:00,761.3259484047717,772.6727820227958,760.0510360577931,770.8290405273438,1521100,0.0,0.0
2025-11-20 00:00:00-05:00,779.9104961494681,800.2602513146383,757.2953007554055,758.7761840820312,2599000,0.0,0.0
2025-11-21 00:00:00-05:00,761.8457714117012,765.3174669328466,739.4561216832938,759.0997924804688,2284700,0.0,0.0
2025-11-24 00:00:00-05:00,763.6208790934844,778.6747700193052,760.4041180639823,775.4580688476562,2319500,0.0,0.0
2025-11-25 00:00:00-05:00,781.6266654829656,789.7273479044991,762.983339831894,786.8440551757812,2252900,0.0,0.0
2025-11-26 00:00:00-05:00,790.2962050868894,803.7711651016332,789.4723814818017,800.27001953125,1862500,0.0,0.0
2025-11-28 00:00:00-05:00,804.1830939469577,814.5492173530945,803.1533592738404,810.1065673828125,868300,0.0,0.0
2025-12-01 00:00:00-05:00,802.8002975926106,808.8218180439187,793.9934715194623,795.2193603515625,2133200,0.0,0.0
2025-12-02 00:00:00-05:00,799.4179546334436,807.874187686473,796.6386315977039,803.448974609375,2254200,4.0,0.0
2025-12-03 00:00:00-05:00,801.221564528107,825.8214275610278,801.221564528107,824.5007934570312,2347900,0.0,0.0
2025-12-04 00:00:00-05:00,823.4856141555591,831.8137177471522,822.4606399268246,825.7426147460938,1670800,0.0,0.0
2025-12-05 00:00:00-05:00,825.180801503323,843.8475552151712,824.4514871594108,842.231201171875,2277500,0.0,0.0
2025-12-08 00:00:00-05:00,848.6768390301553,858.0003807471861,843.946100924225,854.1862182617188,2238100,0.0,0.0
2025-12-09 00:00:00-05:00,853.506154309667,870.9704776922354,851.8405336577748,863.9335327148438,2274800,0.0,0.0
2025-12-10 00:00:00-05:00,858.7789739935242,884.2560710832785,856.7290255495652,876.410888671875,2394300,0.0,0.0
2025-12-11 00:00:00-05:00,877.14017733621,905.8400562567069,875.1887621835153,897.8865356445312,2683000,0.0,0.0
2025-12-12 00:00:00-05:00,900.5672570170735,901.7893578149932,874.1933160131019,875.1493530273438,2715200,0.0,0.0
2025-12-15 00:00:00-05:00,879.1311248961666,891.4211914563242,876.7559204101562,876.7559204101562,1976600,0.0,0.0
2025-12-16 00:00:00-05:00,877.3865967828591,883.3098998961927,861.7061574599363,866.4664916992188,2161600,0.0,0.0
2025-12-17 00:00:00-05:00,873.5429564374957,883.0438346847598,855.911040576158,859.7449340820312,2213300,0.0,0.0
2025-12-18 00:00:00-05:00,867.7969500043149,879.9096194509349,862.0806391391241,863.6575317382812,2066300,0.0,0.0
2025-12-19 00:00:00-05:00,870.4284063916883,886.7692220135071,869.2260363207915,880.5896606445312,4808300,0.0,0.0
2025-12-22 00:00:00-05:00,883.5858277758714,892.4165223831594,881.9300725370049,886.030029296875,1442300,0.0,0.0
2025-12-23 00:00:00-05:00,887.3606248097253,892.850273627894,880.8066004648834,888.7010498046875,1210200,0.0,0.0
2025-12-24 00:00:00-05:00,888.1588698463325,898.7242428734606,885.7343989519004,897.64013671875,771800,0.0,0.0
2025-12-26 00:00:00-05:00,897.8569309498058,900.1434673448707,892.249018623639,893.9540405273438,995300,0.0,0.0
2025-12-29 00:00:00-05:00,893.3726790068974,893.4022149172029,878.6974822527621,879.3085327148438,1578000,0.0,0.0
2025-12-30 00:00:00-05:00,881.8315203224283,882.1075096190881,868.4671536984097,871.660400390625,1833300,0.0,0.0
2025-12-31 00:00:00-05:00,871.3450013854465,873.2176140100611,864.1404656895835,866.318603515625,1221500,0.0,0.0
2026-01-02 00:00:00-05:00,871.246552746038,901.2473979865993,868.0434404197657,901.1488647460938,2817600,0.0,0.0
2026-01-05 00:00:00-05:00,901.2079534838757,947.8156778719291,899.4338740030653,934.7568359375,3742000,0.0,0.0
2026-01-06 00:00:00-05:00,935.7127940599805,944.7406760271057,929.6416911166303,941.6853637695312,1966000,0.0,0.0
2026-01-07 00:00:00-05:00,943.0750197173418,944.4252498042506,920.5251065141352,927.44384765625,2683300,0.0,0.0
2026-01-08 00:00:00-05:00,921.9837259467275,931.5536605517292,918.5539514718187,921.3431396484375,1960800,0.0,0.0
2026-01-09 00:00:00-05:00,925.2263567493616,932.4900247294498,919.2439215999806,925.4332885742188,1334100,0.0,0.0
2026-01-12 00:00:00-05:00,920.5251219240816,936.84620733274,915.7056558315084,935.8507690429688,2179600,0.0,0.0
2026-01-13 00:00:00-05:00,933.652982599554,936.235178939382,917.5684246925146,924.6152954101562,1969600,0.0,0.0
2026-01-14 00:00:00-05:00,918.8496982701653,924.6153364279929,904.6574831258403,919.21435546875,2513000,0.0,0.0
2026-01-15 00:00:00-05:00,911.5564885935131,967.1033682433425,911.3297658991718,961.78125,3773700,0.0,0.0
2026-01-16 00:00:00-05:00,958.9624569708493,970.4936722356423,943.1932901552958,948.1211547851562,3071600,0.0,0.0
2026-01-20 00:00:00-05:00,932.7265941636527,948.7125595827271,925.551593744739,929.760009765625,2629100,0.0,0.0
2026-01-21 00:00:00-05:00,930.3809030239048,954.9413651036626,929.8388499100548,939.2609252929688,2251300,0.0,0.0
2026-01-22 00:00:00-05:00,946.2091815915512,956.9420856540279,937.0926316342786,940.8772583007812,2468300,0.0,0.0
2026-01-23 00:00:00-05:00,920.6040121165971,923.669129601063,903.8196756461399,905.623291015625,3872600,0.0,0.0
2026-01-26 00:00:00-05:00,905.1600471152791,920.268897625483,904.7362579556985,918.416015625,2655900,0.0,0.0
2026-01-27 00:00:00-05:00,910.6694361777805,919.933846278659,907.111532146701,916.306884765625,2012500,0.0,0.0
2026-01-28 00:00:00-05:00,919.0566041808198,923.6493474746566,909.4472683056852,923.2945556640625,1674100,0.0,0.0
2026-01-29 00:00:00-05:00,923.7775008325455,941.5966763577612,911.7830950453534,926.5568237304688,2335400,0.0,0.0
2026-01-30 00:00:00-05:00,920.4758968697572,933.3376122301822,909.8513912692115,921.914794921875,1893700,0.0,0.0
2026-02-02 00:00:00-05:00,918.682158600088,935.7424246994401,898.9214321251735,932.6773071289062,1802000,0.0,0.0
2026-02-03 00:00:00-05:00,935.8014963457816,950.5850902848936,905.8006539724934,925.443115234375,2321900,0.0,0.0
2026-02-04 00:00:00-05:00,923.6001346041471,930.5385466405394,880.9051064282754,900.123779296875,3561900,0.0,0.0
2026-02-05 00:00:00-05:00,888.6615256439784,897.6894073560873,864.0714690456924,877.56396484375,3214300,0.0,0.0
2026-02-06 00:00:00-05:00,894.7721227946464,918.3273407166289,894.1413416600324,915.3508911132812,2473200,0.0,0.0
2026-02-09 00:00:00-05:00,915.5972758561138,935.3087349703467,913.734528532715,930.00634765625,2322600,0.0,0.0
2026-02-10 00:00:00-05:00,932.0563757237649,947.9536726439532,916.5138706379427,935.2988891601562,3324900,0.0,0.0
2026-02-11 00:00:00-05:00,936.9251068078681,954.1627685051516,917.84442846085,930.96240234375,2654300,0.0,0.0
2026-02-12 00:00:00-05:00,942.3752708728192,954.4190036036754,890.9382161998798,891.5,3188700,0.0,0.0
2026-02-13 00:00:00-05:00,881.5062436598428,892.9191948487663,856.4628623797979,892.0814819335938,2623000,0.0,0.0
2026-02-17 00:00:00-05:00,894.6341099844327,908.254735300891,892.6136974783982,902.82421875,2008500,0.0,0.0
2026-02-18 00:00:00-05:00,908.2843576690776,934.0275189219125,906.7074048188776,920.259033203125,1864900,0.0,0.0
2026-02-19 00:00:00-05:00,911.6549246211013,916.2476678273867,893.4119607750292,903.4254150390625,1974200,0.0,0.0
2026-02-20 00:00:00-05:00,899.3846098812201,909.0629437527525,887.5774648432479,908.934814453125,2009100,0.0,0.0
2026-02-23 00:00:00-05:00,905.2487420831491,918.5539767245454,871.0000825432585,879.4365844726562,2535900,0.0,0.0
2026-02-24 00:00:00-05:00,872.6656601087342,898.6158110856811,868.9303605199308,889.2528686523438,1971500,0.0,0.0
2026-02-25 00:00:00-05:00,901.5232090402199,909.2008603861015,894.4271323246188,908.087158203125,1763600,0.0,0.0
2026-02-26 00:00:00-05:00,914.3751891797853,924.851834673655,908.2448940199065,915.5972900390625,2220300,0.0,0.0
2026-02-27 00:00:00-05:00,898.8425277076686,903.0312127326221,841.8271567827882,847.1689453125,5552300,0.0,0.0
2026-03-02 00:00:00-05:00,832.2382321748412,865.5574890935354,828.2751929740086,853.7377319335938,2873200,4.5,0.0
2026-03-03 00:00:00-05:00,828.2752062956116,860.316405356998,817.0201892973095,854.609619140625,3782100,0.0,0.0
2026-03-04 00:00:00-05:00,861.8025447253829,870.6797139728042,852.053441531241,859.2364501953125,2081700,0.0,0.0
2026-03-05 00:00:00-05:00,854.0448329524397,858.513169158819,814.6026892074843,827.7401733398438,3093700,0.0,0.0
2026-03-06 00:00:00-05:00,808.4599938550224,819.5168465754267,793.9255645738971,813.8298950195312,2473000,0.0,0.0
2026-03-09 00:00:00-04:00,802.5154511670352,828.9489158081929,787.6540539232012,824.3419189453125,3258200,0.0,0.0
2026-03-10 00:00:00-04:00,826.9673638836334,838.27196680954,818.7143180045649,826.1054077148438,1871900,0.0,0.0
2026-03-11 00:00:00-04:00,822.2810596137224,825.1047006887386,803.0503791659094,816.1482543945312,2227000,0.0,0.0
2026-03-12 00:00:00-04:00,797.8786761147859,799.7512266187072,776.8547220636391,780.2431640625,3533000,0.0,0.0
2026-03-13 00:00:00-04:00,782.0660734074728,790.6262518503629,773.2879568536445,774.982177734375,2567400,0.0,0.0
2026-03-16 00:00:00-04:00,784.6817235970753,798.017371628841,782.7002040930424,787.4261474609375,2082700,0.0,0.0
2026-03-17 00:00:00-04:00,798.8495501193272,812.8589070728156,796.0456831798772,799.5827026367188,1955600,0.0,0.0
2026-03-18 00:00:00-04:00,793.5985859344833,808.6482294523876,793.5985859344833,798.0371704101562,1541300,0.0,0.0
2026-03-19 00:00:00-04:00,785.6031829639901,808.6383489592574,783.2848388309084,802.0200805664062,1765900,0.0,0.0
2026-03-20 00:00:00-04:00,799.5431271173953,819.586177731408,797.4922471556088,806.0128173828125,3918400,0.0,0.0
2026-03-23 00:00:00-04:00,825.3028621843577,841.6801496882018,821.339823230291,823.5888671875,2190300,0.0,0.0
2026-03-24 00:00:00-04:00,817.3074653473108,836.6966416713578,810.441507267224,827.9977416992188,1656100,0.0,0.0
2026-03-25 00:00:00-04:00,837.2019710162627,846.8519620550194,826.194643852328,834.061279296875,1628900,0.0,0.0
2026-03-26 00:00:00-04:00,826.0855704547893,836.9938452453636,808.5689449014773,815.0386352539062,2052200,0.0,0.0
2026-03-27 00:00:00-04:00,806.1514893020349,809.549788074206,790.4083624332374,795.4711303710938,2106800,0.0,0.0
2026-03-30 00:00:00-04:00,803.6250670146533,811.0656826294972,794.4704563331086,800.1375732421875,1621400,0.0,0.0
2026-03-31 00:00:00-04:00,816.2870020178735,840.6596682707222,802.5154169702829,838.1728515625,2689800,0.0,0.0
2026-04-01 00:00:00-04:00,852.0038673964804,862.1591549327884,842.2944338462457,852.261474609375,1803600,0.0,0.0
2026-04-02 00:00:00-04:00,830.6431150699622,859.2859539990877,823.321385706851,855.0653076171875,1717700,0.0,0.0
2026-04-06 00:00:00-04:00,855.025680152097,865.1413591573557,851.8255454508561,858.0474853515625,1444500,0.0,0.0
2026-04-07 00:00:00-04:00,850.0719031766249,859.9497492957632,842.1458248253277,856.1651000976562,1498400,0.0,0.0
2026-04-08 00:00:00-04:00,894.6660041309772,909.6363699860232,885.342920679818,897.3806762695312,2439000,0.0,0.0
2026-04-09 00:00:00-04:00,893.6653069979579,900.9969534389619,887.0172872128616,895.369384765625,1797800,0.0,0.0
2026-04-10 00:00:00-04:00,895.0226844635714,900.5610584071914,886.7300296939602,899.4117431640625,1642700,0.0,0.0
2026-04-13 00:00:00-04:00,867.4597292756297,888.6520958735753,857.344110436911,882.5588989257812,4236200,0.0,0.0
2026-04-14 00:00:00-04:00,886.1553149760449,905.7426545028242,881.8752256173119,901.2247924804688,2822600,0.0,0.0
2026-04-15 00:00:00-04:00,906.5451600041364,919.216955279817,888.8105365106672,891.178466796875,2403900,0.0,0.0
2026-04-16 00:00:00-04:00,889.6923400784366,899.5702462515028,887.5720996959425,891.6837768554688,1742100,0.0,0.0
2026-04-17 00:00:00-04:00,907.0405910315004,920.6040950245924,903.7908698823599,917.39404296875,2805100,0.0,0.0
2026-04-20 00:00:00-04:00,915.145026970173,933.0975901432487,914.46140027277,933.0381469726562,2374300,0.0,0.0
2026-04-21 00:00:00-04:00,935.772614545082,943.2132301868374,914.0155079523663,917.9884643554688,1765400,0.0,0.0
2026-04-22 00:00:00-04:00,930.3234383964033,932.2851234205197,922.5459982702721,926.201904296875,1382600,0.0,0.0
2026-04-23 00:00:00-04:00,926.3604033943491,935.6636523329645,912.1826332222089,922.694580078125,1655000,0.0,0.0
2026-04-24 00:00:00-04:00,921.8920908793607,924.2996299740405,910.7262084099552,918.3451538085938,1263300,0.0,0.0
2026-04-27 00:00:00-04:00,917.483147440245,933.0281705114428,917.443538819423,929.1444091796875,1223000,0.0,0.0
2026-04-28 00:00:00-04:00,932.5427279788338,936.5652102768242,915.6998116768049,917.9884643554688,1501600,0.0,0.0
2026-04-29 00:00:00-04:00,918.9297195927844,921.4066191065116,890.8515600978541,897.2320556640625,1725900,0.0,0.0
2026-04-30 00:00:00-04:00,901.9975951227216,919.4250864615692,896.6376112583191,915.2341918945312,1880300,0.0,0.0
2026-05-01 00:00:00-04:00,907.9322920358738,927.1332215253389,903.7116456723252,915.1747436523438,1359800,0.0,0.0
2026-05-04 00:00:00-04:00,913.7480193448303,916.4527741274244,890.6930204762751,894.923583984375,1660100,0.0,0.0
2026-05-05 00:00:00-04:00,901.3238378851867,913.2327892970977,899.8277810041152,910.3992309570312,1507200,0.0,0.0
2026-05-06 00:00:00-04:00,927.2817977061277,935.3366795905525,922.7243268866089,928.6886596679688,2318200,0.0,0.0
2026-05-07 00:00:00-04:00,929.2633189020665,936.5552964145372,913.4606882198448,917.3147583007812,1715300,0.0,0.0
2026-05-08 00:00:00-04:00,927.3511758366263,931.0962769190558,918.890108886545,927.8267211914062,1665000,0.0,0.0
2026-05-11 00:00:00-04:00,924.0321342326259,941.0038541242593,918.067740998328,936.1292724609375,2411400,0.0,0.0
2026-05-12 00:00:00-04:00,933.4542365165942,939.7356803229088,912.2916214759638,937.1597290039062,2236500,0.0,0.0
2026-05-13 00:00:00-04:00,933.1372007770184,950.6835174591242,924.4581355871833,946.5916748046875,2355200,0.0,0.0
2026-05-14 00:00:00-04:00,957.9656900304477,966.6446952205657,951.62480302122,960.0066528320312,1898000,0.0,0.0
2026-05-15 00:00:00-04:00,944.8381216730361,950.6340424017608,932.9093348000195,939.7059326171875,1862700,0.0,0.0
2026-05-18 00:00:00-04:00,938.9826708241767,952.8037819465941,929.8775859631081,937.6154174804688,1508000,0.0,0.0
2026-05-19 00:00:00-04:00,924.5967874666948,930.9575086188134,915.2737648003172,920.158203125,1767300,0.0,0.0
2026-05-20 00:00:00-04:00,936.2679849934007,973.6493318582864,931.8095660172417,973.0449829101562,3104400,0.0,0.0
2026-05-21 00:00:00-04:00,973.1341729873653,990.264387597492,961.3341902928046,979.0390625,2452300,0.0,0.0
2026-05-22 00:00:00-04:00,985.4393871837985,996.0702200821736,981.74387262131,987.5199584960938,1923500,0.0,0.0
2026-05-26 00:00:00-04:00,997.2294173005062,1007.1468713745456,977.9096026190266,985.3303833007812,2080600,0.0,0.0
2026-05-27 00:00:00-04:00,986.7075060660039,994.3760372494685,965.4160889285779,987.2623291015625,2195000,0.0,0.0
2026-05-28 00:00:00-04:00,977.3052400498246,1000.6376206503037,973.3719527703416,999.0524291992188,2273000,0.0,0.0
2026-05-29 00:00:00-04:00,999.9441633451983,1017.7282533897871,994.7228398450351,1016.0836791992188,2158000,0.0,0.0
2026-06-01 00:00:00-04:00,1010.3815939858358,1046.0767084451206,1006.6697316190043,1043.469482421875,2666700,4.5,0.0
2026-06-02 00:00:00-04:00,1044.6238396765204,1068.7357297331253,1042.7828803743428,1059.3914794921875,2125600,0.0,0.0
2026-06-03 00:00:00-04:00,1050.136798295306,1050.8233770604265,1025.9850661507178,1035.9462890625,2562200,0.0,0.0
2026-06-04 00:00:00-04:00,1047.7386033912583,1090.5589164484034,1044.8825958216942,1087.284912109375,2608800,0.0,0.0
2026-06-05 00:00:00-04:00,1087.4938267043274,1093.0068650603969,1030.5527312245497,1033.6177978515625,2643800,0.0,0.0
2026-06-08 00:00:00-04:00,1047.649094181939,1057.9984319862851,1037.2499514724934,1039.906982421875,2326700,0.0,0.0
2026-06-09 00:00:00-04:00,1056.6151127274895,1059.1625726948812,1001.3955075132812,1026.980224609375,2868500,0.0,0.0
2026-06-10 00:00:00-04:00,1023.3380252241774,1031.2593125477795,995.166004332938,996.409912109375,2287200,0.0,0.0
2026-06-11 00:00:00-04:00,1008.5604202894332,1031.866320007915,995.5740353133616,1030.592529296875,2561900,0.0,0.0
2026-06-12 00:00:00-04:00,1047.8679535192086,1068.5068624678345,1042.952088094829,1057.5704345703125,2206000,0.0,0.0
2026-06-15 00:00:00-04:00,1084.2099598295606,1088.8472821184498,1069.760707396848,1070.925048828125,2364000,0.0,0.0
2026-06-16 00:00:00-04:00,1080.707086887193,1091.9022569861627,1080.239406712703,1085.3543701171875,1965500,0.0,0.0
2026-06-17 00:00:00-04:00,1093.106341755491,1116.4818476510864,1088.9567430370296,1093.7830810546875,2180000,0.0,0.0
2026-06-18 00:00:00-04:00,1114.541399217635,1119.5170304641424,1088.0013384176311,1091.2156982421875,4499200,0.0,0.0
2026-06-22 00:00:00-04:00,1104.2915097606365,1110.5409315311463,1086.3096325443944,1100.977783203125,1894400,0.0,0.0
2026-06-23 00:00:00-04:00,1072.089321790577,1098.1716644190944,1063.7900025564231,1089.10595703125,2066900,0.0,0.0
2026-06-24 00:00:00-04:00,1084.6876682928576,1084.7871566279005,1063.3024137983984,1071.6614990234375,1933100,0.0,0.0
2026-06-25 00:00:00-04:00,1090.2801576905242,1099.8632278142768,1056.9235081740906,1059.89892578125,1950000,0.0,0.0
2026-06-26 00:00:00-04:00,1049.5994769128515,1051.8484720109618,1008.4410687818801,1014.6406860351562,4008500,0.0,0.0
2026-06-29 00:00:00-04:00,1024.173946692442,1030.8812095042122,1011.2174439690516,1015.23779296875,1887200,0.0,0.0
2026-06-30 00:00:00-04:00,1014.3222400332313,1021.3179461701534,1001.2064830036244,1006.4408569335938,3162800,0.0,0.0
2026-07-01 00:00:00-04:00,1005.0775371154886,1028.4928875055464,998.1116531948861,1014.6406860351562,1735000,0.0,0.0
2026-07-02 00:00:00-04:00,1033.92623773296,1034.214863224548,1004.8088332369092,1016.02392578125,1543500,0.0,0.0
2026-07-06 00:00:00-04:00,1024.8606578054337,1050.1468505859375,1023.9849418202748,1050.1468505859375,1754400,0.0,0.0
2026-07-07 00:00:00-04:00,1046.872786482168,1048.7237066797024,1030.0850119609984,1037.896728515625,1353500,0.0,0.0
2026-07-08 00:00:00-04:00,1024.9800570516636,1035.1104959190673,1006.9881571019131,1024.621826171875,1699000,0.0,0.0
2026-07-09 00:00:00-04:00,1049.8582429744572,1058.8243406253782,1037.528613581816,1050.823486328125,1241800,0.0,0.0
2026-07-10 00:00:00-04:00,1058.0281248569734,1061.9689073486454,1042.8922937031143,1050.037353515625,1110600,0.0,0.0
2026-07-13 00:00:00-04:00,1051.1915984606262,1052.664365831903,1031.7866371477558,1040.8125,1799500,0.0,0.0
2026-07-14 00:00:00-04:00,1079.712023818702,1138.2652206641148,1076.7266449510005,1134.4439697265625,3792600,0.0,0.0
2026-07-15 00:00:00-04:00,1142.822964389084,1148.365764310693,1111.9541277965745,1146.455078125,2736800,0.0,0.0
2026-07-16 00:00:00-04:00,1142.0566742501449,1146.8332074031593,1083.702455905954,1090.1209716796875,2529400,0.0,0.0
2026-07-17 00:00:00-04:00,1066.4170743603518,1080.637466881366,1042.0464430103982,1060.0283203125,2162700,0.0,0.0
2026-07-20 00:00:00-04:00,1069.4124334073463,1082.597856029351,1048.5247434396488,1049.8880615234375,1718300,0.0,0.0
2026-07-21 00:00:00-04:00,1064.8546700698482,1083.1749779528716,1057.8191810822736,1080.269287109375,1718600,0.0,0.0
2026-07-22 00:00:00-04:00,1073.2636386531433,1101.2665073680523,1072.7461535400503,1092.84765625,1538700,0.0,0.0
2026-07-23 00:00:00-04:00,1067.2928265013086,1079.443279157801,1057.301720065941,1069.4820556640625,1852700,0.0,0.0
2026-07-24 00:00:00-04:00,1069.7607698816462,1072.1291753288644,1046.6936888549387,1056.057861328125,1381400,0.0,0.0
2026-07-27 00:00:00-04:00,1074.9155738017882,1083.19497111947,1023.984956620978,1043.1212158203125,2538900,0.0,0.0
2026-07-28 00:00:00-04:00,1036.8519327690217,1042.6036700931757,1006.9383797996334,1028.3037109375,2173100,0.0,0.0
2026-07-29 00:00:00-04:00,1020.0044303775411,1023.1092194919679,972.9349697866809,975.9700927734375,3198400,0.0,0.0
2026-07-30 00:00:00-04:00,1002.4503422826306,1024.7710770218607,993.6434994614718,1019.8650512695312,2330800,0.0,0.0
2026-07-31 00:00:00-04:00,1029.677016110984,1037.8967687487307,1003.6843230204823,1013.4166870117188,1553700,0.0,0.0
2026-08-03 00:00:00-04:00,1020.0044249386357,1022.9499598204849,1000.2610930523142,1022.054443359375,1706500,0.0,0.0
2026-08-04 00:00:00-04:00,1044.8825656630202,1060.963839924805,1038.1853854163064,1047.8480224609375,2653600,0.0,0.0
2026-08-05 00:00:00-04:00,1058.5256405436016,1071.9598441067083,1054.8536832111943,1055.2119140625,1648000,0.0,0.0
2026-08-06 00:00:00-04:00,1056.8638636057258,1062.834620779092,1025.7562090144595,1027.54736328125,1726500,0.0,0.0
2026-08-07 00:00:00-04:00,1033.2793830844416,1041.897210645002,1027.0001994520476,1034.543212890625,1429400,0.0,0.0
2026-08-10 00:00:00-04:00,1034.543136916353,1040.3348394417374,1025.0495940713545,1029.468017578125,1819100,0.0,0.0
2026-08-11 00:00:00-04:00,1031.3388607204963,1038.3445880659199,1022.1836267622056,1029.3685302734375,1829300,0.0,0.0
2026-08-12 00:00:00-04:00,1049.8582429152352,1050.9031741168185,1026.7115955382396,1032.1549072265625,1737800,0.0,0.0
2026-08-13 00:00:00-04:00,1035.5382875014045,1053.9082787619664,1033.4087028006368,1037.5484619140625,1421700,0.0,0.0
2026-08-14 00:00:00-04:00,1035.8368543072004,1038.6530177423288,1024.5619966358515,1034.3541259765625,1592900,0.0,0.0
2026-08-17 00:00:00-04:00,1035.7175312795198,1049.490045133821,1033.0804223133007,1046.186279296875,1450400,0.0,0.0
2026-08-18 00:00:00-04:00,1034.9312456224122,1038.4141873144108,1021.0790452191037,1035.39892578125,1909200,0.0,0.0
2026-08-19 00:00:00-04:00,1039.7277742608971,1039.7277742608971,1009.5555992533239,1016.6707763671875,2744200,0.0,0.0
2026-08-20 00:00:00-04:00,1012.0334496074103,1021.4175437270228,996.7980689335711,997.0667724609375,1756200,0.0,0.0
2026-08-21 00:00:00-04:00,1011.0383143922187,1038.5735016071771,1003.9330983524162,1034.21484375,2744000,0.0,0.0
2026-08-24 00:00:00-04:00,1033.9362065191963,1042.265408636664,1025.1592461651862,1031.2294921875,1987500,0.0,0.0
2026-08-25 00:00:00-04:00,1044.882512743037,1058.3366384384155,1034.2247499851753,1053.71923828125,2497300,0.0,0.0
2026-08-26 00:00:00-04:00,1055.8289705058328,1057.3814257923248,1031.7270414453599,1035.3890380859375,1487900,0.0,0.0
2026-08-27 00:00:00-04:00,1036.603107595924,1047.4201244696637,1029.955611168401,1035.7969970703125,1712500,0.0,0.0
2026-08-28 00:00:00-04:00,1041.3896394067035,1043.7281617536837,1026.55227329444,1028.9505615234375,1053100,0.0,0.0
2026-08-31 00:00:00-04:00,1027.567321569891,1027.567321569891,1017.6359812231374,1020.9000244140625,1359800,0.0,0.0
2026-09-01 00:00:00-04:00,1004.719970703125,1031.1199951171875,996.969970703125,1002.5599975585938,1845600,5.0,0.0
2026-09-02 00:00:00-04:00,1009.739990234375,1021.8400268554688,998.0,1004.4199829101562,2193300,0.0,0.0
2026-09-03 00:00:00-04:00,1013.5,1039.8299560546875,1012.5,1037.9300537109375,1675400,0.0,0.0
2026-09-04 00:00:00-04:00,1031.0899658203125,1041.1953125,1024.6300048828125,1038.6099853515625,1428326,0.0,0.0
