Date,Open,High,Low,Close,Volume,Dividends,Stock Splits
2021-09-07 00:00:00-04:00,48.817956144045404,48.89558200306379,47.87782220269259,48.01582336425781,20035300,0.0,0.0
2021-09-08 00:00:00-04:00,47.964075026215575,48.71445613723252,47.964075026215575,48.66270446777344,12040100,0.0,0.0
2021-09-09 00:00:00-04:00,48.455705086234026,48.66270518671411,48.1279510885654,48.17970275878906,12545400,0.0,0.0
2021-09-10 00:00:00-04:00,48.30908595339462,48.41258931302686,47.8864587506239,47.96408462524414,10573700,0.0,0.0
2021-09-13 00:00:00-04:00,48.076210025025006,48.64546532328824,48.076210025025006,48.360836029052734,20274300,0.0,0.0
2021-09-14 00:00:00-04:00,48.59546922799021,48.64761148451517,48.27393360035171,48.39559555053711,13918900,0.42,0.0
2021-09-15 00:00:00-04:00,48.38690289969937,48.664988281820925,48.160956454826085,48.560707092285156,15746000,0.0,0.0
2021-09-16 00:00:00-04:00,48.42167094854963,48.656306143010696,47.63955363367943,48.10013198852539,17430400,0.0,0.0
2021-09-17 00:00:00-04:00,47.813354213998124,47.96108563166238,47.24849138342899,47.309322357177734,33370200,0.0,0.0
2021-09-20 00:00:00-04:00,47.02254949680051,47.27456543194528,46.69232183402596,46.97909927368164,27542500,0.0,0.0
2021-09-21 00:00:00-04:00,47.26586404903875,47.63954186101813,46.874805488241854,46.97039794921875,16418200,0.0,0.0
2021-09-22 00:00:00-04:00,47.37014124685816,47.41359477277041,46.97908603395666,47.0399169921875,12719700,0.0,0.0
2021-09-23 00:00:00-04:00,47.152901161706836,47.46574807883113,46.92695800769462,46.96171951293945,13836200,0.0,0.0
2021-09-24 00:00:00-04:00,46.92695997859409,47.13552570378311,46.80529802016706,46.83136749267578,9682200,0.0,0.0
2021-09-27 00:00:00-04:00,46.796605621415154,47.144214055675654,46.55328170645663,46.588043212890625,12429500,0.0,0.0
2021-09-28 00:00:00-04:00,46.457692470551066,46.457692470551066,45.56260516503116,45.74509811401367,19926100,0.0,0.0
2021-09-29 00:00:00-04:00,45.74508890105255,46.19697848017107,45.67556921236316,46.02317428588867,13941500,0.0,0.0
2021-09-30 00:00:00-04:00,46.20566069604675,46.34470668393751,45.56258957724606,45.59735107421875,17672000,0.0,0.0
2021-10-01 00:00:00-04:00,45.86675168284472,46.2317408290285,45.6842587672725,46.0753173828125,16277400,0.0,0.0
2021-10-04 00:00:00-04:00,46.11008635280268,46.518522470699814,45.53653472880427,46.04925537109375,18973400,0.0,0.0
2021-10-05 00:00:00-04:00,46.07531822503143,46.46637684771966,45.997106500493786,46.12746047973633,17173100,0.0,0.0
2021-10-06 00:00:00-04:00,45.858059038601965,46.72707663649466,45.63211260672799,46.67493438720703,21284500,0.0,0.0
2021-10-07 00:00:00-04:00,46.91826627336699,47.170278882595646,46.7618428248585,46.82267379760742,13774400,0.0,0.0
2021-10-08 00:00:00-04:00,46.92695735666003,47.26587374049625,46.84005690979315,47.0312385559082,13786800,0.0,0.0
2021-10-11 00:00:00-04:00,47.10945411558987,47.26587758470407,46.935649892680786,47.126834869384766,12378500,0.0,0.0
2021-10-12 00:00:00-04:00,47.29194705787649,47.648247538112024,47.11814615000723,47.126834869384766,19474400,0.0,0.0
2021-10-13 00:00:00-04:00,47.07468283718605,47.300629274582406,46.7444585287439,47.13551712036133,12143300,0.0,0.0
2021-10-14 00:00:00-04:00,47.265865396083896,47.6308545015759,47.19634571387145,47.45705032348633,13704000,0.0,0.0
2021-10-15 00:00:00-04:00,47.48312074622898,47.6916864271447,47.178965914725886,47.344078063964844,17867000,0.0,0.0
2021-10-18 00:00:00-04:00,47.231114044392726,47.26587555048645,46.80529719738348,46.87481689453125,15861800,0.0,0.0
2021-10-19 00:00:00-04:00,46.961715722832906,47.10075841755102,46.72708055392622,47.057308197021484,11068500,0.0,0.0
2021-10-20 00:00:00-04:00,47.083375303704486,47.58740380362592,47.022544335007744,47.47443389892578,12474800,0.0,0.0
2021-10-21 00:00:00-04:00,47.44835637482319,47.50918733744167,47.10944006450913,47.231101989746094,14388300,0.0,0.0
2021-10-22 00:00:00-04:00,47.26586998454842,47.38753192651009,46.98778459862478,47.31801223754883,12828600,0.0,0.0
2021-10-25 00:00:00-04:00,47.25718886532653,47.335400599883634,46.944341927098144,47.126834869384766,11855000,0.0,0.0
2021-10-26 00:00:00-04:00,47.20503422184442,47.4309806468714,47.126822507802615,47.33538818359375,12086700,0.0,0.0
2021-10-27 00:00:00-04:00,48.638922402951195,48.73451488168046,48.03060934152456,48.24786376953125,24019800,0.0,0.0
2021-10-28 00:00:00-04:00,48.44772928855625,48.76057614261953,48.33475607680253,48.699745178222656,15928000,0.0,0.0
2021-10-29 00:00:00-04:00,48.55201386133746,49.073426426228664,48.47380214235573,48.98652267456055,24463700,0.0,0.0
2021-11-01 00:00:00-04:00,49.0039100315447,49.012602065402945,48.57809319359987,48.81272506713867,11651100,0.0,0.0
2021-11-02 00:00:00-04:00,49.07342718875601,49.09949665714194,48.6389183687813,48.751888275146484,11498900,0.0,0.0
2021-11-03 00:00:00-04:00,48.664983925954346,48.95176131530813,48.47379899971849,48.91699981689453,10788300,0.0,0.0
2021-11-04 00:00:00-04:00,48.760584543050086,49.21247415287719,48.69106153459692,49.1864013671875,10820200,0.0,0.0
2021-11-05 00:00:00-04:00,49.39496612548828,49.67305152386225,49.177711700818655,49.39496612548828,12886700,0.0,0.0
2021-11-08 00:00:00-05:00,49.31674895500459,49.43841088898073,48.77795896952209,48.95176315307617,12828000,0.0,0.0
2021-11-09 00:00:00-05:00,49.021293483267385,49.11688597073359,48.74320805520558,49.090816497802734,10155800,0.0,0.0
2021-11-10 00:00:00-05:00,49.13425649653713,49.46448080172087,48.91700209389772,49.290679931640625,8813600,0.0,0.0
2021-11-11 00:00:00-05:00,49.386271408365396,49.429721625013705,49.160324977731705,49.30805969238281,7257700,0.0,0.0
2021-11-12 00:00:00-05:00,49.316753191987154,49.525318893178515,49.142948993500916,49.195091247558594,10162500,0.0,0.0
2021-11-15 00:00:00-05:00,49.12556940251545,49.25592338321899,48.899626259674015,49.20378112792969,10289200,0.0,0.0
2021-11-16 00:00:00-05:00,49.20377570613778,49.481861073626135,48.83009787200548,48.856170654296875,13756500,0.0,0.0
2021-11-17 00:00:00-05:00,48.69975377980329,48.70844249837794,48.36083739972004,48.5867805480957,13288700,0.0,0.0
2021-11-18 00:00:00-05:00,48.517260433471755,48.60416087862245,47.917636090797686,48.15227127075195,15380100,0.0,0.0
2021-11-19 00:00:00-05:00,48.17834035781341,48.22179389508238,47.7090733166795,47.9089469909668,15813700,0.0,0.0
2021-11-22 00:00:00-05:00,47.88287542192286,48.682373454420436,47.8654979846212,48.20441436767578,16905600,0.0,0.0
2021-11-23 00:00:00-05:00,48.36952214893687,48.76058075349507,48.2304794578761,48.560707092285156,13835900,0.0,0.0
2021-11-24 00:00:00-05:00,48.41297492494026,48.525948153342846,47.8220426279659,48.16965103149414,12598900,0.0,0.0
2021-11-26 00:00:00-05:00,47.43967754822332,47.57872025105863,46.561971108145386,46.69232177734375,14754300,0.0,0.0
2021-11-29 00:00:00-05:00,46.97040667018472,47.561338979542754,46.86612547295668,47.43098831176758,22712500,0.0,0.0
2021-11-30 00:00:00-05:00,46.94055939728101,46.96683437089195,45.92468172399012,45.933441162109375,30485200,0.42,0.0
2021-12-01 00:00:00-05:00,46.39758538731333,46.87049476451016,45.78455508436333,45.80207061767578,18719600,0.0,0.0
2021-12-02 00:00:00-05:00,46.064791832640424,46.71285313042066,45.9859736118394,46.47639846801758,17074200,0.0,0.0
2021-12-03 00:00:00-05:00,46.70409623783091,46.94930699136105,46.397579455172284,46.888004302978516,21064400,0.0,0.0
2021-12-06 00:00:00-05:00,47.56235772062229,48.38556799147331,47.413477312690645,48.08781051635742,26624100,0.0,0.0
2021-12-07 00:00:00-05:00,48.184139941011686,48.53444065950143,48.03525954657455,48.35053253173828,23832700,0.0,0.0
2021-12-08 00:00:00-05:00,48.271712038445614,48.47313569386923,47.606138365773944,48.166622161865234,18026300,0.0,0.0
2021-12-09 00:00:00-05:00,47.94768401081411,48.28047252474581,47.80756305875028,48.04401779174805,13846400,0.0,0.0
2021-12-10 00:00:00-05:00,48.38556911109147,49.32262873430892,48.22793260057382,49.28759765625,23153600,0.0,0.0
2021-12-13 00:00:00-05:00,49.9006167400066,50.732586279406405,49.8831012049854,50.58370590209961,31362800,0.0,0.0
2021-12-14 00:00:00-05:00,50.26844317038158,50.94277298683493,50.26844317038158,50.618743896484375,24806600,0.0,0.0
2021-12-15 00:00:00-05:00,50.7325862396997,51.01282811832604,50.487375431088324,50.846435546875,24923800,0.0,0.0
2021-12-16 00:00:00-05:00,50.776381285025664,51.564563778918966,50.7063224748725,51.36314010620117,24696900,0.0,0.0
2021-12-17 00:00:00-05:00,51.22300718245911,51.599579462988245,50.53115863725546,50.557430267333984,51874400,0.0,0.0
2021-12-20 00:00:00-05:00,50.09328718558806,50.60122436763244,49.91813516597911,50.39104461669922,20879500,0.0,0.0
2021-12-21 00:00:00-05:00,50.45235111833595,50.76762410920289,50.38228896892233,50.592472076416016,15864900,0.0,0.0
2021-12-22 00:00:00-05:00,50.53991612725448,50.9602789238339,50.3472519334555,50.95152282714844,12447400,0.0,0.0
2021-12-23 00:00:00-05:00,51.24927951878377,51.32809775085195,50.74133905862295,50.98655319213867,11027300,0.0,0.0
2021-12-27 00:00:00-05:00,50.79389682275076,51.39816784090414,50.79389682275076,51.36314010620117,9860000,0.0,0.0
2021-12-28 00:00:00-05:00,51.144197084686596,51.61710320503618,51.05661940258706,51.56455993652344,8979900,0.0,0.0
2021-12-29 00:00:00-05:00,51.625858306884766,51.75721980787882,51.37188806125088,51.625858306884766,9996000,0.0,0.0
2021-12-30 00:00:00-05:00,51.722188619437205,51.87106564542259,51.459458953527616,51.47697448730469,7703900,0.0,0.0
2021-12-31 00:00:00-05:00,51.450710273963686,51.976163000037296,51.406923103582045,51.85355758666992,10021300,0.0,0.0
2022-01-03 00:00:00-05:00,51.51201400421121,51.94113630027082,51.12668222015033,51.932376861572266,20187300,0.0,0.0
2022-01-04 00:00:00-05:00,52.30894865920418,53.01831280743933,52.18634325251467,52.799373626708984,26141600,0.0,0.0
2022-01-05 00:00:00-05:00,52.624213374137,53.59630371889043,52.58918230892604,53.23724365234375,22507300,0.0,0.0
2022-01-06 00:00:00-05:00,52.95701217651367,53.52625206424113,52.93073720208998,52.95701217651367,17902300,0.0,0.0
2022-01-07 00:00:00-05:00,52.79060586046954,53.17594089584282,52.59794168352915,52.83439636230469,12307900,0.0,0.0
2022-01-10 00:00:00-05:00,53.02705639929235,53.26351105960729,52.70302742363676,52.921966552734375,20954300,0.0,0.0
2022-01-11 00:00:00-05:00,52.92198336458566,52.97452997493025,52.40528672214521,52.93949890136719,19369600,0.0,0.0
2022-01-12 00:00:00-05:00,53.009562551402134,53.14968351771062,52.71180508040316,53.0183219909668,15753800,0.0,0.0
2022-01-13 00:00:00-05:00,53.01831468057461,53.45619305750553,52.88694983119658,53.333587646484375,14318000,0.0,0.0
2022-01-14 00:00:00-05:00,53.368611761212435,53.81524954623437,52.8606746155807,53.76270294189453,19729600,0.0,0.0
2022-01-18 00:00:00-05:00,53.473708593472395,53.58755456613667,52.93949643909718,53.333587646484375,21976700,0.0,0.0
2022-01-19 00:00:00-05:00,53.12340043009484,53.57879430762698,53.03582609780839,53.42115783691406,18654700,0.0,0.0
2022-01-20 00:00:00-05:00,53.4211600974754,53.806491852886715,53.17594928409973,53.20222091674805,23002400,0.0,0.0
2022-01-21 00:00:00-05:00,53.49122661737069,53.68389084047342,52.89571172978689,52.93949890136719,26643200,0.0,0.0
2022-01-24 00:00:00-05:00,52.45782508583052,52.85191290884748,51.293067128568055,52.51036834716797,30185100,0.0,0.0
2022-01-25 00:00:00-05:00,51.98492049410998,52.589191440567085,51.39816174255293,52.38776779174805,19027100,0.0,0.0
2022-01-26 00:00:00-05:00,52.36148331030355,52.851904825090685,51.85354292342142,52.19508743286133,19190200,0.0,0.0
2022-01-27 00:00:00-05:00,52.44031525366551,53.359859175265115,52.10752675244246,52.2388916015625,18893800,0.0,0.0
2022-01-28 00:00:00-05:00,52.01118480302329,53.324819724833596,51.61709365833093,53.28103256225586,19101500,0.0,0.0
2022-01-31 00:00:00-05:00,52.80812613786855,53.54376186879617,52.67676464279902,53.42991256713867,22045300,0.0,0.0
2022-02-01 00:00:00-05:00,53.342344986105694,53.54376864329419,52.685527405416124,53.035831451416016,20841700,0.0,0.0
2022-02-02 00:00:00-05:00,53.0883676411627,53.65761080482475,53.03582437979154,53.578792572021484,20225600,0.0,0.0
2022-02-03 00:00:00-05:00,53.36861311924382,54.10424889498735,53.062099604661825,53.95537185668945,19440500,0.0,0.0
2022-02-04 00:00:00-05:00,53.85028464111857,54.016677222845935,53.044586684748275,53.386131286621094,17403700,0.0,0.0
2022-02-07 00:00:00-05:00,53.75394530151595,54.05170270273259,53.29855143255247,53.94660949707031,17846400,0.0,0.0
2022-02-08 00:00:00-05:00,54.148036117708656,54.585914449539075,54.069217884349314,54.296913146972656,18771700,0.0,0.0
2022-02-09 00:00:00-05:00,54.44579083854154,54.57715567598728,53.33358280201979,53.4561882019043,23595600,0.0,0.0
2022-02-10 00:00:00-05:00,52.86067220835426,54.559638915679535,52.72055127724234,53.753944396972656,23561500,0.0,0.0
2022-02-11 00:00:00-05:00,54.09549317574301,54.27940128577727,52.676768220019476,52.799373626708984,22781400,0.0,0.0
2022-02-14 00:00:00-05:00,52.685521048438446,53.23724868505598,51.914854244674686,53.14091491699219,23641300,0.0,0.0
2022-02-15 00:00:00-05:00,53.38612954513025,54.1042497976288,53.09713156095245,53.342342376708984,13408700,0.0,0.0
2022-02-16 00:00:00-05:00,53.29855657455065,53.77146602341529,53.03583021654148,53.333587646484375,15484700,0.0,0.0
2022-02-17 00:00:00-05:00,53.02706279786433,54.542121353146584,52.90445740529471,54.402000427246094,21468700,0.0,0.0
2022-02-18 00:00:00-05:00,54.402005429413826,55.0150357893754,54.28815946341489,54.76982498168945,21975000,0.0,0.0
2022-02-22 00:00:00-05:00,54.673490541986546,54.85739864550436,54.05170409252345,54.5421257019043,21731400,0.0,0.0
2022-02-23 00:00:00-05:00,54.50710180761512,54.58592004905977,53.718919393168584,53.93785858154297,19248500,0.0,0.0
2022-02-24 00:00:00-05:00,52.51913640808408,53.08837632410239,51.86231880754575,52.992042541503906,27207400,0.0,0.0
2022-02-25 00:00:00-05:00,53.36860673202321,55.085092230491526,53.35109119889384,55.04130172729492,21487800,0.0,0.0
2022-02-28 00:00:00-05:00,53.9904101156675,54.594681128047405,53.78022700572173,54.50710678100586,25879100,0.0,0.0
2022-03-01 00:00:00-05:00,54.41952218081116,54.953734315851264,53.86779451043813,54.27064514160156,15871100,0.0,0.0
2022-03-02 00:00:00-05:00,54.498348024012486,55.06759130914934,54.10425677589829,54.673500061035156,17319100,0.0,0.0
2022-03-03 00:00:00-05:00,54.83113584812467,55.19019601602134,54.55089392882712,54.70853042602539,21262800,0.0,0.0
2022-03-04 00:00:00-05:00,53.82401007105298,54.813616152675934,53.59631478167581,54.79610061645508,17163000,0.0,0.0
2022-03-07 00:00:00-05:00,54.305669189804284,54.35821579224056,53.17594563376996,53.49121856689453,29151400,0.0,0.0
2022-03-08 00:00:00-05:00,53.81524916940445,53.89406740498897,51.310584506104036,51.37188720703125,30242100,0.0,0.0
2022-03-09 00:00:00-05:00,52.3877720569041,52.40528759397702,51.37189429190426,51.634620666503906,23022700,0.0,0.0
2022-03-10 00:00:00-05:00,51.21424966279305,51.371886130659185,50.35600852704774,50.68879699707031,20887300,0.0,0.0
2022-03-11 00:00:00-05:00,50.75886224979422,51.53828525074572,50.67128790795021,50.72383117675781,19855600,0.0,0.0
2022-03-14 00:00:00-04:00,51.15624226265879,52.10047483910819,51.15624226265879,51.659244537353516,17799400,0.44,0.0
2022-03-15 00:00:00-04:00,52.13577469956727,52.850565642580506,52.047526618360635,52.612300872802734,18607200,0.0,0.0
2022-03-16 00:00:00-04:00,52.75348694061198,52.894680484160155,51.72100978460086,52.471099853515625,17347300,0.0,0.0
2022-03-17 00:00:00-04:00,52.471098977110614,53.07117236874747,52.26813347204514,53.02705001831055,15586200,0.0,0.0
2022-03-18 00:00:00-04:00,53.21237000944754,53.21237000944754,52.69171815501365,53.0358772277832,30197800,0.0,0.0
2022-03-21 00:00:00-04:00,53.38885894335534,53.91833388386905,53.1682438237547,53.45945739746094,17440100,0.0,0.0
2022-03-22 00:00:00-04:00,53.76831959523351,53.78596920954012,53.00057988765438,53.65359878540039,17559500,0.0,0.0
2022-03-23 00:00:00-04:00,53.60947321937326,53.812438722253695,52.94762787098593,53.30061340332031,15529200,0.0,0.0
2022-03-24 00:00:00-04:00,53.51239847747476,53.847734374300636,53.35355533510036,53.812435150146484,13151300,0.0,0.0
2022-03-25 00:00:00-04:00,53.93598945527985,54.368396618642336,53.87421748427377,54.29779815673828,12259800,0.0,0.0
2022-03-28 00:00:00-04:00,54.29778966777488,54.65959831266783,54.015402596947176,54.64194869995117,11485200,0.0,0.0
2022-03-29 00:00:00-04:00,54.89786304077536,55.18025011163347,54.48310892400719,54.85374069213867,14720600,0.0,0.0
2022-03-30 00:00:00-04:00,54.72137632972877,54.89786911010742,54.32427178177655,54.89786911010742,13641000,0.0,0.0
2022-03-31 00:00:00-04:00,54.90668967634725,55.27732144546462,54.712547302246094,54.712547302246094,16822900,0.0,0.0
2022-04-01 00:00:00-04:00,55.003774704020834,55.550899372147065,54.79198266386085,55.48030090332031,12644900,0.0,0.0
2022-04-04 00:00:00-04:00,55.24203239579242,55.40970206479062,54.465469488979885,55.1890869140625,11505800,0.0,0.0
2022-04-05 00:00:00-04:00,55.065528306000886,55.806795149723484,55.03905220586565,55.12730026245117,15721200,0.0,0.0
2022-04-06 00:00:00-04:00,55.39204403768791,55.82444778231681,54.97728654007609,55.68325424194336,19267400,0.0,0.0
2022-04-07 00:00:00-04:00,55.70972723562945,56.1862533038425,55.339092108886696,55.9832878112793,13960800,0.0,0.0
2022-04-08 00:00:00-04:00,56.01858663412745,56.512765677466305,55.736199571167916,56.327449798583984,12703500,0.0,0.0
2022-04-11 00:00:00-04:00,56.39804388758642,56.74220627042953,56.159779176227,56.30979919433594,12720100,0.0,0.0
2022-04-12 00:00:00-04:00,56.81279459440483,57.19225281210747,56.380390910439814,56.97163772583008,18089900,0.0,0.0
2022-04-13 00:00:00-04:00,56.86576301766839,57.24522134363424,56.6804471002395,57.12167739868164,11883000,0.0,0.0
2022-04-14 00:00:00-04:00,57.324633259807484,57.86293470330335,57.201089328445086,57.37757873535156,16388400,0.0,0.0
2022-04-18 00:00:00-04:00,57.156967672047955,57.518779734348186,56.636319171828355,56.865760803222656,11679400,0.0,0.0
2022-04-19 00:00:00-04:00,56.91870113280153,57.580546494810854,56.86575565828532,57.42170333862305,11993800,0.0,0.0
2022-04-20 00:00:00-04:00,57.74821201461572,58.45417631073141,57.71291278991413,58.207088470458984,14827100,0.0,0.0
2022-04-21 00:00:00-04:00,58.22473792876029,59.12484453999337,57.99529634839174,58.42770004272461,15120400,0.0,0.0
2022-04-22 00:00:00-04:00,58.312998886322745,58.542433798058006,57.51878298859253,57.5805549621582,14902200,0.0,0.0
2022-04-25 00:00:00-04:00,59.12486306660459,59.30135250210546,57.165799362399106,58.189456939697266,25082000,0.0,0.0
2022-04-26 00:00:00-04:00,57.818807316596654,58.568904105899556,57.395230059189885,57.404056549072266,21982600,0.0,0.0
2022-04-27 00:00:00-04:00,57.3599349709301,58.48948338236608,57.3599349709301,57.85411071777344,16971000,0.0,0.0
2022-04-28 00:00:00-04:00,57.05990116215201,58.48948291338311,56.91870424553486,58.410064697265625,22010600,0.0,0.0
2022-04-29 00:00:00-04:00,58.12767589475977,58.26886607460348,56.90987608883106,57.01577377319336,20137100,0.0,0.0
2022-05-02 00:00:00-04:00,57.607015118104265,57.633487853471834,55.224374678080984,55.9832878112793,24970300,0.0,0.0
2022-05-03 00:00:00-04:00,56.23038160838193,56.42452062055358,55.30379543199742,55.66560745239258,21686300,0.0,0.0
2022-05-04 00:00:00-04:00,55.595012184975104,57.46583089177524,55.542063342447655,57.38640594482422,19780200,0.0,0.0
2022-05-05 00:00:00-04:00,57.0863677143108,57.3864010306478,56.486294348998,56.92752456665039,20155200,0.0,0.0
2022-05-06 00:00:00-04:00,56.65397123289201,57.63350309639114,56.539253771745805,57.13050079345703,18984000,0.0,0.0
2022-05-09 00:00:00-04:00,56.892229841090355,57.67761915201919,56.5127715545913,57.01577377319336,20055300,0.0,0.0
2022-05-10 00:00:00-04:00,56.918701360525645,57.64231868991203,56.3451006979615,56.486297607421875,21322200,0.0,0.0
2022-05-11 00:00:00-04:00,56.7686867636048,57.53642310571137,56.44217394805178,56.751033782958984,19648400,0.0,0.0
2022-05-12 00:00:00-04:00,56.61866476082148,56.94517081299541,55.78032330769865,56.92752456665039,22574700,0.0,0.0
2022-05-13 00:00:00-04:00,57.19226183525508,58.06590256224616,56.58336867925913,57.995304107666016,16167000,0.0,0.0
2022-05-16 00:00:00-04:00,57.74821201461572,58.57772023086763,57.74821201461572,58.207088470458984,13223200,0.0,0.0
2022-05-17 00:00:00-04:00,58.330635370415386,58.330635370415386,57.36875669555462,58.048248291015625,21300600,0.0,0.0
2022-05-18 00:00:00-04:00,57.73057748325314,57.818822206885606,53.794803562005754,54.006595611572266,31437300,0.0,0.0
2022-05-19 00:00:00-04:00,53.79478538593103,53.79478538593103,52.64758753471979,52.94762420654297,31493900,0.0,0.0
2022-05-20 00:00:00-04:00,53.380031436375624,54.041876740829196,52.64758768361375,53.812435150146484,29133800,0.0,0.0
2022-05-23 00:00:00-04:00,54.403693437591286,55.683258522832965,54.35074459351075,55.47146987915039,19406900,0.0,0.0
2022-05-24 00:00:00-04:00,55.48911239453909,56.64513676166343,55.374391596868584,56.495113372802734,16154200,0.0,0.0
2022-05-25 00:00:00-04:00,56.47747363798279,56.89223116223405,56.12448808121749,56.53924560546875,15360500,0.0,0.0
2022-05-26 00:00:00-04:00,56.53924912170738,57.44818244237391,56.44217791924397,56.742218017578125,16159800,0.0,0.0
2022-05-27 00:00:00-04:00,56.70691337342886,57.20991558697927,56.60101569013009,57.077545166015625,17709000,0.0,0.0
2022-05-31 00:00:00-04:00,56.54807046600197,56.75985910090104,55.63913386174115,55.93034744262695,43159000,0.0,0.0
2022-06-01 00:00:00-04:00,55.96564772524054,56.19508935854556,54.82727614851303,55.65678787231445,15408300,0.0,0.0
2022-06-02 00:00:00-04:00,55.75385561141114,56.24803471172529,54.809623129592104,56.23920822143555,14586000,0.0,0.0
2022-06-03 00:00:00-04:00,56.09800976727968,56.15095860542799,55.427341315664805,55.56853485107422,13539900,0.0,0.0
2022-06-06 00:00:00-04:00,55.88623536643359,56.27451684601991,55.2949849721305,55.48030090332031,15112800,0.0,0.0
2022-06-07 00:00:00-04:00,55.04789210192877,55.92152619382975,54.90669854332255,55.81563186645508,17886300,0.0,0.0
2022-06-08 00:00:00-04:00,55.58618813288209,55.78032715293499,55.206729850237394,55.49794006347656,10211500,0.0,0.0
2022-06-09 00:00:00-04:00,55.48028895467381,55.903869577448035,54.51840690514915,54.53605651855469,13382200,0.0,0.0
2022-06-10 00:00:00-04:00,53.838916594639,54.615482820059256,53.35356396612128,54.19190216064453,14967600,0.0,0.0
2022-06-13 00:00:00-04:00,53.609478903897056,54.96846897127064,53.5388804434164,54.130130767822266,23064200,0.0,0.0
2022-06-14 00:00:00-04:00,53.97901367646001,54.121227310854714,52.13912329807339,52.64575958251953,24620000,0.44,0.0
2022-06-15 00:00:00-04:00,53.33017519606662,53.89902985565541,52.414674940206005,53.03685760498047,19684700,0.0,0.0
2022-06-16 00:00:00-04:00,52.12135923853751,52.90353611914688,51.77471362969964,52.50355911254883,15053800,0.0,0.0
2022-06-17 00:00:00-04:00,53.063522101347274,53.44572194063849,52.556885735894454,52.82353591918945,34781900,0.0,0.0
2022-06-21 00:00:00-04:00,52.87686725306404,54.112349033776184,52.450222891499166,53.95235824584961,17705000,0.0,0.0
2022-06-22 00:00:00-04:00,53.86347046358064,54.618983241312726,53.61459742136536,54.352333068847656,15207100,0.0,0.0
2022-06-23 00:00:00-04:00,54.485659734543354,55.02785037250644,54.42344147024999,55.00118637084961,17190900,0.0,0.0
2022-06-24 00:00:00-04:00,55.2056125061046,56.05000750665139,55.2056125061046,56.032230377197266,18147100,0.0,0.0
2022-06-27 00:00:00-04:00,55.978901457534405,56.25444189026369,55.66781015496981,55.916683197021484,12142100,0.0,0.0
2022-06-28 00:00:00-04:00,56.06778394818614,56.672189389006924,55.20561182876358,55.356712341308594,13150100,0.0,0.0
2022-06-29 00:00:00-04:00,55.587817135197405,56.09445350134975,55.490044610038,55.75669479370117,11795500,0.0,0.0
2022-06-30 00:00:00-04:00,55.39226972224052,56.09445110876164,55.25005607097657,55.916683197021484,15514200,0.0,0.0
2022-07-01 00:00:00-04:00,56.10334580946079,57.285496314851635,55.83669559995199,57.2232780456543,15143200,0.0,0.0
2022-07-05 00:00:00-04:00,57.04550984561113,57.04550984561113,55.48115617292137,56.24555587768555,15921200,0.0,0.0
2022-07-06 00:00:00-04:00,56.52998454061336,56.965512407411914,56.165561811180574,56.361106872558594,13450500,0.0,0.0
2022-07-07 00:00:00-04:00,56.22777449958608,56.51220519275487,55.73002841548272,55.916683197021484,14828400,0.0,0.0
2022-07-08 00:00:00-04:00,56.02334792258143,56.36999351863125,55.89002451906139,56.12112045288086,11311500,0.0,0.0
2022-07-11 00:00:00-04:00,55.987800087862674,56.4055508436666,55.63226421123157,55.943355560302734,12702100,0.0,0.0
2022-07-12 00:00:00-04:00,55.99668291154357,56.39665989618283,55.52560079110243,55.703365325927734,14731100,0.0,0.0
2022-07-13 00:00:00-04:00,55.40116890895152,55.99668760999436,55.09007416562224,55.44561004638672,13145300,0.0,0.0
2022-07-14 00:00:00-04:00,54.512324316171046,55.33005197080217,54.48565692524808,55.2678337097168,14433000,0.0,0.0
2022-07-15 00:00:00-04:00,55.77447805786132,55.970023129682986,55.17006910008658,55.552268981933594,21968400,0.0,0.0
2022-07-18 00:00:00-04:00,55.570047209158346,55.60560147576085,54.67232062597326,54.79676055908203,10780800,0.0,0.0
2022-07-19 00:00:00-04:00,55.18784695768324,55.68559651492799,55.0456332828478,55.57893371582031,10998200,0.0,0.0
2022-07-20 00:00:00-04:00,55.46338711035337,55.623377917433814,54.35234172265111,54.66343307495117,11010500,0.0,0.0
2022-07-21 00:00:00-04:00,54.45010817444622,55.00118910074097,54.0323574349766,54.53899383544922,11959600,0.0,0.0
2022-07-22 00:00:00-04:00,54.55676486594814,54.99229268890834,54.50343347531099,54.7434196472168,11644700,0.0,0.0
2022-07-25 00:00:00-04:00,54.707871105348566,55.37449830011067,54.49455230178379,55.27672576904297,14941700,0.0,0.0
2022-07-26 00:00:00-04:00,55.77447051989116,56.70774783452609,55.578925474497595,56.18333435058594,20118000,0.0,0.0
2022-07-27 00:00:00-04:00,55.89003080282226,56.165567902127265,54.92119904282871,56.005577087402344,12142900,0.0,0.0
2022-07-28 00:00:00-04:00,55.925581324474734,57.10773529346611,55.89891731907064,56.9388542175293,10837000,0.0,0.0
2022-07-29 00:00:00-04:00,56.62775722849847,57.143283886056594,56.556652090935316,57.03662109375,13734200,0.0,0.0
2022-08-01 00:00:00-04:00,56.96551360101618,57.80991213090651,56.912185594534776,57.347713470458984,12831500,0.0,0.0
2022-08-02 00:00:00-04:00,57.409924323879586,57.41881458423917,56.37887790446537,56.56553268432617,15241900,0.0,0.0
2022-08-03 00:00:00-04:00,56.4855464946152,56.97440578415031,56.27222768021219,56.814414978027344,11317000,0.0,0.0
2022-08-04 00:00:00-04:00,56.56554104386987,56.6455364457239,55.925577829037664,56.59220504760742,11795600,0.0,0.0
2022-08-05 00:00:00-04:00,56.55664737010349,56.55664737010349,55.70336205608144,56.33443832397461,10445400,0.0,0.0
2022-08-08 00:00:00-04:00,56.44110242628553,56.716642887107696,55.774475232274284,55.97002029418945,9165200,0.0,0.0
2022-08-09 00:00:00-04:00,56.15667591591851,56.272225580616315,55.86335831875668,56.0411262512207,7910900,0.0,0.0
2022-08-10 00:00:00-04:00,56.55664761300877,56.69886126751641,56.08556212755641,56.574424743652344,8857300,0.0,0.0
2022-08-11 00:00:00-04:00,56.60996943781918,56.8766229777384,56.06778227023026,56.19221878051758,8507800,0.0,0.0
2022-08-12 00:00:00-04:00,56.378879788680706,56.67219396817315,56.07667534853156,56.618865966796875,9489300,0.0,0.0
2022-08-15 00:00:00-04:00,56.56553727894924,57.498818035342175,56.50331901394186,57.32993698120117,9863300,0.0,0.0
2022-08-16 00:00:00-04:00,57.39215391760668,57.978789072337854,57.17883512555995,57.80101776123047,9569600,0.0,0.0
2022-08-17 00:00:00-04:00,57.62325253582078,57.96989811169308,57.56103427300478,57.66769027709961,8144000,0.0,0.0
2022-08-18 00:00:00-04:00,57.73879891242085,58.08544448896398,57.51658986175053,57.96989822387695,6532000,0.0,0.0
2022-08-19 00:00:00-04:00,57.96101126461873,58.19211058923853,57.73880220129113,57.92545700073242,8921100,0.0,0.0
2022-08-22 00:00:00-04:00,57.632140497995415,57.7032490271109,56.8766344153118,57.06328582763672,9087900,0.0,0.0
2022-08-23 00:00:00-04:00,56.725529934896684,57.21439259121071,56.601093400795385,57.12550354003906,8443800,0.0,0.0
2022-08-24 00:00:00-04:00,57.09883876520213,57.40104661627825,56.92996448908077,57.205501556396484,6844700,0.0,0.0
2022-08-25 00:00:00-04:00,57.2055076725124,57.516599036819834,56.79664376781074,57.48104476928711,7913900,0.0,0.0
2022-08-26 00:00:00-04:00,57.53437678347367,57.596595053331264,55.97890986510955,56.094459533691406,10089500,0.0,0.0
2022-08-29 00:00:00-04:00,55.721140531708464,56.023344977364346,55.47226747904165,55.75669479370117,9115900,0.0,0.0
2022-08-30 00:00:00-04:00,55.91668683026304,55.91668683026304,55.098959130022926,55.241172790527344,8456800,0.0,0.0
2022-08-31 00:00:00-04:00,55.44561214103768,55.578935558380024,54.84120315528928,54.85009002685547,14633600,0.0,0.0
2022-09-01 00:00:00-04:00,54.73452814605234,55.14339193441828,54.476764865744876,55.10783767700195,14939700,0.0,0.0
2022-09-02 00:00:00-04:00,55.45448801920753,55.79224671267177,54.130124026686616,54.352333068847656,11809800,0.0,0.0
2022-09-06 00:00:00-04:00,54.476770325107196,55.081179199192874,54.21012014904374,54.378997802734375,12181800,0.0,0.0
2022-09-07 00:00:00-04:00,54.50343537690103,55.543375491442355,54.50343537690103,55.383384704589844,13290700,0.0,0.0
2022-09-08 00:00:00-04:00,55.17894955830142,55.374491204739996,54.52120931853306,55.214500427246094,17193500,0.0,0.0
2022-09-09 00:00:00-04:00,55.25895757653258,55.89003399988759,54.98342046146608,55.39228439331055,11855900,0.0,0.0
2022-09-12 00:00:00-04:00,55.49005071192514,55.827809456714895,55.347837038957046,55.552268981933594,13026900,0.0,0.0
2022-09-13 00:00:00-04:00,55.28560706294839,55.303384192135496,53.579039958032986,53.747920989990234,18532800,0.0,0.0
2022-09-14 00:00:00-04:00,53.89902566363266,54.290115754663645,53.72125774867685,54.032352447509766,12881600,0.0,0.0
2022-09-15 00:00:00-04:00,54.07711889803989,54.07711889803989,53.14598890230726,53.29819107055664,11451900,0.44,0.0
2022-09-16 00:00:00-04:00,53.41459265374875,53.53993644169663,52.922169165941185,53.30715560913086,20493500,0.0,0.0
2022-09-19 00:00:00-04:00,53.17284906983728,53.808522997205046,53.029598559228184,53.71004104614258,12596200,0.0,0.0
2022-09-20 00:00:00-04:00,53.432492460105024,53.745851889292254,53.11017795273437,53.62946319580078,11984600,0.0,0.0
2022-09-21 00:00:00-04:00,53.84433313191081,54.34571159555939,53.172845764787816,53.181800842285156,14165300,0.0,0.0
2022-09-22 00:00:00-04:00,53.31610014003586,53.477257393082745,53.00274071209003,53.05645751953125,11657600,0.0,0.0
2022-09-23 00:00:00-04:00,52.78786781775923,52.913211599816286,51.92836467048631,52.465553283691406,14824000,0.0,0.0
2022-09-26 00:00:00-04:00,52.367064642624754,52.43868818807959,51.6508086959076,51.81196594238281,18670100,0.0,0.0
2022-09-27 00:00:00-04:00,51.999989958470444,52.259629177749645,50.415279160803316,50.47795104980469,23829300,0.0,0.0
2022-09-28 00:00:00-04:00,50.728631902089525,51.25686876483944,50.057144538358,51.015132904052734,21480100,0.0,0.0
2022-09-29 00:00:00-04:00,51.113621037568144,51.2926850273525,50.13772587937303,50.64805603027344,14570700,0.0,0.0
2022-09-30 00:00:00-04:00,50.91664969730786,51.14943390584732,50.13772527874289,50.15563201904297,16124600,0.0,0.0
2022-10-03 00:00:00-04:00,50.46003438783829,50.89873752460222,50.19144014272716,50.71967697143555,16277600,0.0,0.0
2022-10-04 00:00:00-04:00,50.98827659909682,51.75824935429532,50.54957000065994,50.8360710144043,18861400,0.0,0.0
2022-10-05 00:00:00-04:00,50.58538854325167,50.719687401104146,49.69902359522133,50.35260772705078,14324900,0.0,0.0
2022-10-06 00:00:00-04:00,50.13773393529253,50.22726423688929,49.126025133511135,49.2692756652832,17192800,0.0,0.0
2022-10-07 00:00:00-04:00,49.23345825472098,49.32298854297162,48.57092250943685,48.80370330810547,11479800,0.0,0.0
2022-10-10 00:00:00-04:00,48.88428182845501,49.20659633004209,48.36500001006816,48.696266174316406,10239100,0.0,0.0
2022-10-11 00:00:00-04:00,48.75894109755567,49.439383624500984,48.56197376848142,48.77684783935547,14303900,0.0,0.0
2022-10-12 00:00:00-04:00,49.4483268772109,50.17353442762657,49.27821798208875,49.36774826049805,18377400,0.0,0.0
2022-10-13 00:00:00-04:00,48.77684240134345,50.209350847364604,48.579871678867214,50.021331787109375,16220700,0.0,0.0
2022-10-14 00:00:00-04:00,50.39737235656371,50.55852961818558,49.18869289439968,49.22450637817383,15997900,0.0,0.0
2022-10-17 00:00:00-04:00,49.806455470127936,50.334692316488166,49.752735253166115,49.860172271728516,13721400,0.0,0.0
2022-10-18 00:00:00-04:00,50.4152809132862,50.836077409013875,50.22726182438457,50.53166961669922,11823100,0.0,0.0
2022-10-19 00:00:00-04:00,50.415276294702466,50.62119869190915,49.89599105494176,50.10191345214844,10182300,0.0,0.0
2022-10-20 00:00:00-04:00,49.93180451434116,50.066099947922744,49.20659687769886,49.31403732299805,16905100,0.0,0.0
2022-10-21 00:00:00-04:00,49.242410381539266,50.236212301151824,49.23345871877446,50.10191345214844,15034100,0.0,0.0
2022-10-24 00:00:00-04:00,50.71072844968106,51.68662361817744,50.64805656489923,51.543373107910156,17416700,0.0,0.0
2022-10-25 00:00:00-04:00,52.859494037646996,52.92216592778623,51.70453477874659,52.77891540527344,28829900,0.0,0.0
2022-10-26 00:00:00-04:00,52.83263409338305,53.522028324765714,52.698338644897795,53.172855377197266,15831400,0.0,0.0
2022-10-27 00:00:00-04:00,53.51306853701858,53.575740419869675,53.16389564245921,53.29819107055664,16026100,0.0,0.0
2022-10-28 00:00:00-04:00,53.33400765024156,54.53373198724969,53.24447735964043,54.39943313598633,12888900,0.0,0.0
2022-10-31 00:00:00-04:00,54.175606549165046,54.229326775276284,53.42354046041677,53.58469772338867,14016400,0.0,0.0
2022-11-01 00:00:00-04:00,53.74584799576571,53.978632196608245,53.15493924684744,53.39667510986328,10659500,0.0,0.0
2022-11-02 00:00:00-04:00,53.39668310721119,53.924920053947474,52.61775859773967,52.65357208251953,14549200,0.0,0.0
2022-11-03 00:00:00-04:00,52.02684849799527,52.82367973052324,52.01789341933664,52.626708984375,9194000,0.0,0.0
2022-11-04 00:00:00-04:00,53.0922710013998,53.351913621904416,52.42973866363958,53.05645751953125,9725900,0.0,0.0
2022-11-07 00:00:00-05:00,53.05645289750285,53.5130662131449,53.03854957348984,53.26237869262695,8849700,0.0,0.0
2022-11-08 00:00:00-05:00,53.4951653991332,53.53097888184871,52.76995774327164,53.36086654663086,10081600,0.0,0.0
2022-11-09 00:00:00-05:00,53.351919081211015,53.39668423044655,52.59985296182323,52.617759704589844,10115200,0.0,0.0
2022-11-10 00:00:00-05:00,53.94281991026313,54.65012077524628,53.432489771063004,54.50687026977539,16804800,0.0,0.0
2022-11-11 00:00:00-05:00,54.94557538585695,55.01720234879858,53.90700833073435,54.90081024169922,18972100,0.0,0.0
2022-11-14 00:00:00-05:00,54.90081460716839,55.25894261963014,54.35467092507706,54.37257766723633,16361000,0.0,0.0
2022-11-15 00:00:00-05:00,54.73069733264084,55.01719833277082,53.7189887547911,54.28303909301758,13295800,0.0,0.0
2022-11-16 00:00:00-05:00,54.42629475055518,54.641168813333614,53.97863646851152,54.1845588684082,14199500,0.0,0.0
2022-11-17 00:00:00-05:00,53.88910264145449,54.38152948288223,53.83538583356175,54.35466766357422,11212600,0.0,0.0
2022-11-18 00:00:00-05:00,54.60535910473833,54.94557694226347,54.43524677061409,54.739654541015625,10415600,0.0,0.0
2022-11-21 00:00:00-05:00,54.981396734449,55.69764938954384,54.79338105286699,55.581260681152344,15399400,0.0,0.0
2022-11-22 00:00:00-05:00,55.930419405836766,55.95727780626819,55.55438472299082,55.82297897338867,12319600,0.0,0.0
2022-11-23 00:00:00-05:00,55.948333291149225,56.21692757585601,55.77822095905767,56.07367706298828,8990400,0.0,0.0
2022-11-25 00:00:00-05:00,56.163209113062635,56.23483607942228,55.84984967364353,56.12739562988281,5165500,0.0,0.0
2022-11-28 00:00:00-05:00,56.1273936462059,56.494473297421266,56.011004953027545,56.136348724365234,12267500,0.0,0.0
2022-11-29 00:00:00-05:00,55.97519412936682,56.01995927620451,55.49172234665148,55.93938064575195,10969600,0.0,0.0
2022-11-30 00:00:00-05:00,55.91232753765233,57.4181120953908,55.677895805572184,57.35499572753906,30433900,0.44,0.0
2022-12-01 00:00:00-05:00,57.354995623340145,57.80582878693869,57.192695409277945,57.517295837402344,12001400,0.0,0.0
2022-12-02 00:00:00-05:00,57.35499706819947,58.17550986945134,57.165647960218266,58.0222282409668,13643500,0.0,0.0
2022-12-05 00:00:00-05:00,57.1746661728766,57.526315517844786,57.03941483731145,57.22876739501953,9185100,0.0,0.0
2022-12-06 00:00:00-05:00,57.27384470346682,57.59844512698443,57.012360646790526,57.20170974731445,10099500,0.0,0.0
2022-12-07 00:00:00-05:00,57.21073145098236,57.45418178187317,57.0303974903687,57.2918815612793,12307600,0.0,0.0
2022-12-08 00:00:00-05:00,57.34597537406235,57.5713919493371,57.1205587987876,57.53532791137695,9946200,0.0,0.0
2022-12-09 00:00:00-05:00,57.35498998228062,57.56237280438906,56.886123125502706,56.93120574951172,13914900,0.0,0.0
2022-12-12 00:00:00-05:00,57.075477720551206,57.71566342578853,56.81399366063625,57.679595947265625,11647900,0.0,0.0
2022-12-13 00:00:00-05:00,58.23862298554911,58.337806828832385,57.52630922299313,57.697628021240234,17521600,0.0,0.0
2022-12-14 00:00:00-05:00,57.87796196906584,58.292727641355945,57.31892638684808,57.697628021240234,12826700,0.0,0.0
2022-12-15 00:00:00-05:00,57.336962791751894,57.6074620062765,56.34513119196697,56.9041633605957,12212300,0.0,0.0
2022-12-16 00:00:00-05:00,56.57956314086914,56.9312124650367,56.20086492702228,56.57956314086914,33631500,0.0,0.0
2022-12-19 00:00:00-05:00,56.65169423168728,57.1746588874264,56.32709381936043,56.660709381103516,10919700,0.0,0.0
2022-12-20 00:00:00-05:00,56.64267617690607,56.94022770420665,56.57955981164545,56.61562728881836,10286500,0.0,0.0
2022-12-21 00:00:00-05:00,56.868101514709544,57.75173764371732,56.868101514709544,57.52631759643555,10411300,0.0,0.0
2022-12-22 00:00:00-05:00,57.1836770806652,57.33696214557158,56.48939703239067,57.11154556274414,9666700,0.0,0.0
2022-12-23 00:00:00-05:00,57.25581290051482,57.589428485040564,56.98531368496465,57.54434585571289,6463300,0.0,0.0
2022-12-27 00:00:00-05:00,57.64352301773743,57.96812341457991,57.44515534420397,57.89598846435547,7320700,0.0,0.0
2022-12-28 00:00:00-05:00,58.12141024044639,58.29272904281229,57.246796247778555,57.31892776489258,7159400,0.0,0.0
2022-12-29 00:00:00-05:00,57.526316350465535,57.84190165815714,57.4361510851733,57.66156768798828,7169300,0.0,0.0
2022-12-30 00:00:00-05:00,57.63451008814416,57.63451008814416,56.95826034151778,57.35499572753906,7650200,0.0,0.0
2023-01-03 00:00:00-05:00,57.30991617989516,57.30991617989516,56.06561561612765,56.7598991394043,12180500,0.0,0.0
2023-01-04 00:00:00-05:00,56.94022776587608,57.102527973746,56.36315844923638,56.73284149169922,13387900,0.0,0.0
2023-01-05 00:00:00-05:00,56.44430932524459,56.62464327418719,55.975445873411395,56.08364486694336,9814700,0.0,0.0
2023-01-06 00:00:00-05:00,56.723823807523516,57.40908864601066,56.42627573278035,57.16564178466797,9990000,0.0,0.0
2023-01-09 00:00:00-05:00,57.075471826400715,57.45417343261479,56.42627447795099,56.45332336425781,9442600,0.0,0.0
2023-01-10 00:00:00-05:00,56.44431538537352,56.56153298070885,55.83118195689014,56.02053451538086,10134600,0.0,0.0
2023-01-11 00:00:00-05:00,56.24594966404719,56.40824988737317,55.371332176077644,55.912330627441406,10823000,0.0,0.0
2023-01-12 00:00:00-05:00,56.00249532125031,56.06561168807303,54.97459627347,55.19099426269531,13907300,0.0,0.0
2023-01-13 00:00:00-05:00,54.73115010345407,55.416415040709275,54.63196625104959,55.389366149902344,13986400,0.0,0.0
2023-01-17 00:00:00-05:00,55.659855419772384,56.245939839363174,55.50657381317448,55.61477279663086,18327800,0.0,0.0
2023-01-18 00:00:00-05:00,55.4614991142125,55.53363407768593,53.81145137997793,53.92866897583008,19679400,0.0,0.0
2023-01-19 00:00:00-05:00,53.85652262554257,54.677038743858205,53.838488888487056,53.84750747680664,14894500,0.0,0.0
2023-01-20 00:00:00-05:00,53.84751868522717,54.18113429123745,53.55898571144785,54.172119140625,14237700,0.0,0.0
2023-01-23 00:00:00-05:00,54.35244423050273,54.613928286693664,54.14506139132566,54.3073616027832,12613400,0.0,0.0
2023-01-24 00:00:00-05:00,54.17211682222489,55.768063260321995,53.919647901284605,54.59589767456055,10103300,0.0,0.0
2023-01-25 00:00:00-05:00,54.28031018864784,54.94754130285531,54.00079240645701,54.93852615356445,11265800,0.0,0.0
2023-01-26 00:00:00-05:00,54.83032989501953,55.09181051248415,54.6139284658383,54.83032989501953,11884800,0.0,0.0
2023-01-27 00:00:00-05:00,54.85737563981135,54.965574628408795,54.43359139506091,54.54179382324219,14087000,0.0,0.0
2023-01-30 00:00:00-05:00,54.58687866057387,55.154925953417596,54.51474370552987,54.67704391479492,15632000,0.0,0.0
2023-01-31 00:00:00-05:00,54.98361351027289,55.30821394601613,54.55982922587653,55.29018020629883,14344400,0.0,0.0
2023-02-01 00:00:00-05:00,55.12788314799082,55.524618565341534,54.65901620722093,55.29920196533203,12535400,0.0,0.0
2023-02-02 00:00:00-05:00,54.82130289060861,55.019670550276565,54.01882054316421,54.35243606567383,16947200,0.0,0.0
2023-02-03 00:00:00-05:00,54.41556453955717,54.47868091085401,53.405699159223396,53.94670104980469,15404400,0.0,0.0
2023-02-06 00:00:00-05:00,53.910627045765835,54.40654280576923,53.847510682106346,54.253257751464844,11330900,0.0,0.0
2023-02-07 00:00:00-05:00,53.80242188708552,54.31637479872404,53.685207754570335,54.163089752197266,14922700,0.0,0.0
2023-02-08 00:00:00-05:00,54.02783796819444,54.02783796819444,53.73028990573765,53.84750747680664,11012000,0.0,0.0
2023-02-09 00:00:00-05:00,54.23523646247545,54.38851810265912,53.73931718050612,53.75735092163086,12515300,0.0,0.0
2023-02-10 00:00:00-05:00,53.84751962725456,54.00981985779281,53.09011969793754,53.75735092163086,14420700,0.0,0.0
2023-02-13 00:00:00-05:00,54.00981606967022,54.7852462461407,53.856531000653185,54.6409797668457,16191800,0.0,0.0
2023-02-14 00:00:00-05:00,54.28932154496906,54.91147342967118,53.70324057366185,53.730289459228516,20505700,0.0,0.0
2023-02-15 00:00:00-05:00,54.0098072218906,54.036856107457254,53.40568907409412,53.730289459228516,13171400,0.0,0.0
2023-02-16 00:00:00-05:00,53.40569407406558,53.93767732404504,53.15322861291734,53.39667892456055,16538300,0.0,0.0
2023-02-17 00:00:00-05:00,53.64914353001761,54.307359500072806,53.54094453976325,54.20817565917969,16814700,0.0,0.0
2023-02-21 00:00:00-05:00,54.090969852003546,54.30736786584729,53.84751950674103,53.91965103149414,14278300,0.0,0.0
2023-02-22 00:00:00-05:00,53.96472593150339,54.42457766429932,53.874560678586185,54.08194351196289,12409600,0.0,0.0
2023-02-23 00:00:00-05:00,54.10899830838596,54.47868138904853,53.928667782860245,54.18113327026367,12222800,0.0,0.0
2023-02-24 00:00:00-05:00,53.8114448947702,54.018827730386555,53.54996084306889,53.955711364746094,9736200,0.0,0.0
2023-02-27 00:00:00-05:00,54.262283555786,54.37048255936365,53.86555158294509,53.93768310546875,8849800,0.0,0.0
2023-02-28 00:00:00-05:00,53.82947996537941,53.82947996537941,53.32454558817808,53.65816116333008,16082200,0.0,0.0
2023-03-01 00:00:00-05:00,53.31552901737535,53.360611644234716,52.630260706610635,53.072078704833984,13275800,0.0,0.0
2023-03-02 00:00:00-05:00,53.05404024428244,53.90160524838952,53.017972770171426,53.84750747680664,11758300,0.0,0.0
2023-03-03 00:00:00-05:00,53.694223203114355,53.811440775867545,53.387656547933176,53.59503936767578,13101800,0.0,0.0
2023-03-06 00:00:00-05:00,53.432748349883276,54.44261717547098,53.3966843086428,54.424583435058594,16282700,0.0,0.0
2023-03-07 00:00:00-05:00,54.54180022936234,54.61393175037146,53.87456560221078,54.1089973449707,13961200,0.0,0.0
2023-03-08 00:00:00-05:00,54.13603973388672,54.39752375864448,53.856521972292185,54.13603973388672,10851600,0.0,0.0
2023-03-09 00:00:00-05:00,54.58687647291123,54.58687647291123,53.45077505358706,53.613075256347656,13900900,0.0,0.0
2023-03-10 00:00:00-05:00,53.82947513588733,54.22620704264735,53.1892929319392,53.387657165527344,13745800,0.0,0.0
2023-03-13 00:00:00-04:00,53.45980203200586,54.8844331647625,53.423734550269145,53.92866897583008,21956000,0.0,0.0
2023-03-14 00:00:00-04:00,54.09998052934756,54.51474622123904,53.513896031112644,54.12702941894531,19496900,0.0,0.0
2023-03-15 00:00:00-04:00,53.58603125469993,54.53278023073245,53.41471588709272,54.48769760131836,21089900,0.0,0.0
2023-03-16 00:00:00-04:00,54.59672748134522,54.823873126804976,54.2423808289828,54.78752899169922,15658300,0.46,0.0
2023-03-17 00:00:00-04:00,54.796608944652945,54.832949608609155,54.187856899323634,54.533119201660156,27351200,0.0,0.0
2023-03-20 00:00:00-04:00,54.66032548543887,55.06010055541992,54.48769605053128,55.06010055541992,12904100,0.0,0.0
2023-03-21 00:00:00-04:00,55.03284785969957,55.19639300514036,54.40592711282161,54.805702209472656,13716500,0.0,0.0
2023-03-22 00:00:00-04:00,54.878384986377405,55.3054164091885,54.542206962205576,54.56037902832031,10494200,0.0,0.0
2023-03-23 00:00:00-04:00,54.59671774114975,54.86929177388005,54.260543216314616,54.442256927490234,15479000,0.0,0.0
2023-03-24 00:00:00-04:00,54.742099693258254,55.441708686167026,54.433181481661755,55.332679748535156,12975600,0.0,0.0
2023-03-27 00:00:00-04:00,55.55073369292142,55.85965188265828,55.37810426505593,55.74153518676758,12777400,0.0,0.0
2023-03-28 00:00:00-04:00,55.77788126733774,56.09588723415811,55.66885233361202,55.805137634277344,10925700,0.0,0.0
2023-03-29 00:00:00-04:00,56.07770548524417,56.28667901629043,55.9595888056209,56.20490646362305,9441000,0.0,0.0
2023-03-30 00:00:00-04:00,56.223087316592725,56.4138888139895,56.02319805305291,56.19582748413086,9870700,0.0,0.0
2023-03-31 00:00:00-04:00,56.38663483361542,56.55926427199856,56.21400192926488,56.359375,14440900,0.0,0.0
2023-04-03 00:00:00-04:00,56.60469629941905,56.80458558410452,56.20492119601571,56.695556640625,12300700,0.0,0.0
2023-04-04 00:00:00-04:00,56.68646000910313,57.00446595464395,56.40480166032841,56.52291488647461,11433400,0.0,0.0
2023-04-05 00:00:00-04:00,56.813665147274676,57.25887211713684,56.786408780169744,57.058982849121094,12789600,0.0,0.0
2023-04-06 00:00:00-04:00,57.113497536215014,57.27704266644656,56.677378344253306,57.0953254699707,9644200,0.0,0.0
2023-04-10 00:00:00-04:00,56.777320244297314,56.95903396606445,56.35028537301698,56.95903396606445,7952600,0.0,0.0
2023-04-11 00:00:00-04:00,56.92269702707439,56.97720976078575,56.69555139403095,56.85909652709961,9913000,0.0,0.0
2023-04-12 00:00:00-04:00,56.76823247862872,57.26795214542249,56.61377512193324,56.95903396606445,9593700,0.0,0.0
2023-04-13 00:00:00-04:00,57.02264494575412,57.386079388041644,56.76824291573347,57.37699508666992,9871400,0.0,0.0
2023-04-14 00:00:00-04:00,57.286128997802734,57.376989332245955,57.04081129375709,57.286128997802734,8946000,0.0,0.0
2023-04-17 00:00:00-04:00,57.53143701964232,57.72223849091126,57.36789191113558,57.65863800048828,9452400,0.0,0.0
2023-04-18 00:00:00-04:00,57.704079815649465,57.7858523888758,57.4133336588375,57.74951171875,9035700,0.0,0.0
2023-04-19 00:00:00-04:00,57.903968017583985,57.994828356121815,57.63139393390553,57.85853958129883,9769500,0.0,0.0
2023-04-20 00:00:00-04:00,57.81310369890978,58.14927824328298,57.64047081090611,58.11293411254883,10706400,0.0,0.0
2023-04-21 00:00:00-04:00,58.1492778817133,58.39459209772578,57.96756069513954,58.19470977783203,12931100,0.0,0.0
2023-04-24 00:00:00-04:00,58.83072048445879,59.04877835689574,57.80402122599659,58.10385513305664,15532300,0.0,0.0
2023-04-25 00:00:00-04:00,58.30374282354528,58.30374282354528,57.81311086171528,58.012996673583984,12818900,0.0,0.0
2023-04-26 00:00:00-04:00,57.749509061755035,57.940310568515386,57.5950482234485,57.740421295166016,13179600,0.0,0.0
2023-04-27 00:00:00-04:00,57.72225080647584,57.931224386161574,57.340647782519504,57.85853958129883,13795800,0.0,0.0
2023-04-28 00:00:00-04:00,57.79493664247014,58.29465981845664,57.676819940330844,58.28557205200195,13687600,0.0,0.0
2023-05-01 00:00:00-04:00,58.28556716885062,58.776202537277115,58.20379114147912,58.42185592651367,9091500,0.0,0.0
2023-05-02 00:00:00-04:00,58.27648420769382,58.27648420769382,57.48601835959349,58.15837097167969,10948400,0.0,0.0
2023-05-03 00:00:00-04:00,58.16745469311258,58.31283123566957,57.76768306495102,57.83128356933594,11084600,0.0,0.0
2023-05-04 00:00:00-04:00,57.91305045348599,58.08567988186593,57.70407342706921,57.89487838745117,11938300,0.0,0.0
2023-05-05 00:00:00-04:00,57.82219108864793,58.34008284840112,57.813106788462456,58.167449951171875,9039000,0.0,0.0
2023-05-08 00:00:00-04:00,57.97665032853263,58.20379248660866,57.794933136104646,58.07659149169922,7240700,0.0,0.0
2023-05-09 00:00:00-04:00,57.822196463157084,57.92214110432327,57.49510617060138,57.59505081176758,9067700,0.0,0.0
2023-05-10 00:00:00-04:00,57.53144692875423,57.82219306818451,57.23161648882747,57.69499206542969,10134000,0.0,0.0
2023-05-11 00:00:00-04:00,57.76768127282337,58.08568378488254,57.249786020949614,58.0220832824707,9581500,0.0,0.0
2023-05-12 00:00:00-04:00,58.02207238796327,58.32190624243573,57.87669934317968,58.24921798706055,8740800,0.0,0.0
2023-05-15 00:00:00-04:00,58.34917400170557,58.37643036981146,57.885794948100695,58.09476852416992,8150000,0.0,0.0
2023-05-16 00:00:00-04:00,58.058422460169204,58.058422460169204,57.38606989297467,57.44058609008789,9129600,0.0,0.0
2023-05-17 00:00:00-04:00,57.604140746607705,57.62230934935114,56.99538857567125,57.37699508666992,11583000,0.0,0.0
2023-05-18 00:00:00-04:00,57.24978435079031,57.27704418386257,56.85000928072615,57.058982849121094,13595100,0.0,0.0
2023-05-19 00:00:00-04:00,57.27705183232357,57.33156457381277,56.88636101046792,57.08625030517578,14251400,0.0,0.0
2023-05-22 00:00:00-04:00,57.049893577500676,57.12257837210264,55.82330517515167,55.886905670166016,15055400,0.0,0.0
2023-05-23 00:00:00-04:00,55.886909397197954,56.03228246206366,55.577991201112404,55.78696823120117,13932700,0.0,0.0
2023-05-24 00:00:00-04:00,55.768793959047315,55.814222390152175,55.16912965694862,55.31450271606445,11090100,0.0,0.0
2023-05-25 00:00:00-04:00,54.94198644465797,55.178216376342185,54.651240313677114,54.88747024536133,14463600,0.0,0.0
2023-05-26 00:00:00-04:00,54.92381163094238,55.09644105446258,54.61489344898137,54.75117874145508,12570300,0.0,0.0
2023-05-30 00:00:00-04:00,54.596721479017916,54.69666610658716,54.078829741583746,54.315059661865234,15634200,0.0,0.0
2023-05-31 00:00:00-04:00,54.44226555556008,54.76935583306081,53.942545838697264,54.20603561401367,59432200,0.0,0.0
2023-06-01 00:00:00-04:00,54.460433601037224,54.66940715934907,54.305976240272145,54.514949798583984,13402700,0.0,0.0
2023-06-02 00:00:00-04:00,54.760270775412636,55.714281760956034,54.587641338437074,55.56890869140625,15259800,0.0,0.0
2023-06-05 00:00:00-04:00,55.423533875265235,55.82330893743697,55.01467104692639,55.196388244628906,12915600,0.0,0.0
2023-06-06 00:00:00-04:00,55.37811174129913,55.41445587816704,54.623986498144454,54.7966194152832,10943500,0.0,0.0
2023-06-07 00:00:00-04:00,54.52403497380962,54.84204093232,54.35140554442436,54.714839935302734,16817900,0.0,0.0
2023-06-08 00:00:00-04:00,54.633069753248776,54.887471758378,54.49678098423391,54.85112762451172,15585900,0.0,0.0
2023-06-09 00:00:00-04:00,54.76026508474204,55.123695987865176,54.66940475948599,54.94198226928711,12581500,0.0,0.0
2023-06-12 00:00:00-04:00,55.05102333600257,55.105539543180605,54.53313149869842,54.70576095581055,14208900,0.0,0.0
2023-06-13 00:00:00-04:00,54.70575154099474,55.12369865952801,54.55129417952395,54.92381286621094,13397800,0.0,0.0
2023-06-14 00:00:00-04:00,55.17821280710572,55.496218750148124,55.06009611592043,55.296329498291016,14099700,0.0,0.0
2023-06-15 00:00:00-04:00,55.48858774579374,56.12028299339418,55.24140173785522,56.05619812011719,15271400,0.46,0.0
2023-06-16 00:00:00-04:00,56.39493764336142,56.91677365054658,56.285078350365595,56.459022521972656,26738000,0.0,0.0
2023-06-20 00:00:00-04:00,56.38577367606907,56.724508470385594,56.0653493425755,56.083656311035156,13971800,0.0,0.0
2023-06-21 00:00:00-04:00,56.129444296549416,56.50480007996874,55.82732687722062,56.23930358886719,13948700,0.0,0.0
2023-06-22 00:00:00-04:00,56.58719619278851,56.85268919514108,56.38578457716023,56.62381362915039,15193400,0.0,0.0
2023-06-23 00:00:00-04:00,56.7062135178067,56.73368096273471,56.0104332780659,56.028743743896484,25112100,0.0,0.0
2023-06-26 00:00:00-04:00,56.03788968351278,56.11113153697098,55.28717814738518,56.04704666137695,12856100,0.0,0.0
2023-06-27 00:00:00-04:00,56.04704054469105,56.175210281891324,55.82731850065957,55.92802429199219,9068500,0.0,0.0
2023-06-28 00:00:00-04:00,55.735781800436,55.88226203084018,55.296341109223455,55.40620040893555,11173200,0.0,0.0
2023-06-29 00:00:00-04:00,55.13154168386157,55.25055445121994,54.71956500971902,54.94844055175781,17142300,0.0,0.0
2023-06-30 00:00:00-04:00,54.930134410114285,55.250558797227725,54.81111814103048,55.13154602050781,19739200,0.0,0.0
2023-07-03 00:00:00-04:00,55.11323260964231,55.50689883125404,54.957595421106554,55.461124420166016,9694500,0.0,0.0
2023-07-05 00:00:00-04:00,55.18647360455758,55.93718515781833,55.0766143142268,55.87310028076172,14716600,0.0,0.0
2023-07-06 00:00:00-04:00,55.59844756922736,55.863944042445034,55.38788248465035,55.442813873291016,12603900,0.0,0.0
2023-07-07 00:00:00-04:00,55.21394008612739,55.38788425048952,54.682947122763274,54.710411071777344,14574000,0.0,0.0
2023-07-10 00:00:00-04:00,54.90266650648278,55.06745717723433,54.14279802553244,54.29843521118164,15480600,0.0,0.0
2023-07-11 00:00:00-04:00,54.43576074863907,54.52731306536042,53.868150354421886,54.490692138671875,15967700,0.0,0.0
2023-07-12 00:00:00-04:00,54.70125411040961,54.97590406018999,54.426604160629225,54.78364944458008,14241300,0.0,0.0
2023-07-13 00:00:00-04:00,55.03999185670164,55.35126274762293,54.91182210615119,55.25055694580078,11269800,0.0,0.0
2023-07-14 00:00:00-04:00,55.05830944518675,55.88226293730319,55.01253502726122,55.754093170166016,11634200,0.0,0.0
2023-07-17 00:00:00-04:00,55.62591398911469,55.93718488718246,55.37873146015733,55.67169189453125,10014300,0.0,0.0
2023-07-18 00:00:00-04:00,55.809006774978535,56.07450322022927,55.305481322085875,55.451961517333984,11152900,0.0,0.0
2023-07-19 00:00:00-04:00,55.63507074219917,56.568883432626876,55.5526754020919,56.431556701660156,12936000,0.0,0.0
2023-07-20 00:00:00-04:00,56.46817362451727,57.136489783610415,56.4590166471748,57.11817932128906,11563000,0.0,0.0
2023-07-21 00:00:00-04:00,57.182269967344126,57.3836815808534,56.9808618461988,57.16395950317383,12815100,0.0,0.0
2023-07-24 00:00:00-04:00,57.145649121655275,57.502697934946475,57.12734214982245,57.18227005004883,10251100,0.0,0.0
2023-07-25 00:00:00-04:00,57.03579517055012,57.1181905209704,56.8069195852009,56.990020751953125,13422700,0.0,0.0
2023-07-26 00:00:00-04:00,56.63296950835216,57.832275215753675,56.20268233508443,57.722415924072266,17145500,0.0,0.0
2023-07-27 00:00:00-04:00,57.72241643709395,57.92382805060322,57.1090316030269,57.16395950317383,11517100,0.0,0.0
2023-07-28 00:00:00-04:00,57.30127876114304,57.46606942480853,56.9625439491033,57.2005729675293,9721800,0.0,0.0
2023-07-31 00:00:00-04:00,57.173113569038286,57.173113569038286,56.51395086194133,56.697052001953125,15577900,0.0,0.0
2023-08-01 00:00:00-04:00,56.84353186692733,57.09071788057295,56.41324471439268,56.55057144165039,9281600,0.0,0.0
2023-08-02 00:00:00-04:00,56.358315232452426,57.30128135652142,56.358315232452426,56.72451400756836,11059400,0.0,0.0
2023-08-03 00:00:00-04:00,56.64212179474231,56.87099735144428,56.330850897933075,56.431556701660156,8037400,0.0,0.0
2023-08-04 00:00:00-04:00,56.46817355901464,56.66042817462042,55.49774001129028,55.580135345458984,9359300,0.0,0.0
2023-08-07 00:00:00-04:00,55.653374460747585,56.147746441474325,55.60760005342772,56.01957321166992,6982600,0.0,0.0
2023-08-08 00:00:00-04:00,56.019578285701726,56.16605849781094,55.49774231178991,55.77239227294922,7956100,0.0,0.0
2023-08-09 00:00:00-04:00,55.76324317819735,56.42240593077078,55.61676295455481,55.900569915771484,7904100,0.0,0.0
2023-08-10 00:00:00-04:00,56.16605849781094,56.51395031120673,55.65337950161055,55.77239227294922,7870300,0.0,0.0
2023-08-11 00:00:00-04:00,55.6991563712899,56.02873773617224,55.561829638467636,56.00127029418945,8483900,0.0,0.0
2023-08-14 00:00:00-04:00,56.13859854749124,56.285078770032506,55.61676253641523,55.73577880859375,7176300,0.0,0.0
2023-08-15 00:00:00-04:00,55.56182451158061,55.75408261826423,55.268864101465226,55.360416412353516,7187400,0.0,0.0
2023-08-16 00:00:00-04:00,55.42450307409837,55.68084256813863,55.29633332707823,55.369571685791016,8372300,0.0,0.0
2023-08-17 00:00:00-04:00,55.46112629137183,55.86394601184645,55.34211002463649,55.488590240478516,12873500,0.0,0.0
2023-08-18 00:00:00-04:00,55.42449855332318,55.92802401513025,55.268861378662294,55.79985427856445,11083800,0.0,0.0
2023-08-21 00:00:00-04:00,55.7174692069917,55.78155408707308,55.223097138623295,55.32380294799805,8648500,0.0,0.0
2023-08-22 00:00:00-04:00,55.24140113582211,55.4611231934941,54.91181979549594,54.98506164550781,9411500,0.0,0.0
2023-08-23 00:00:00-04:00,55.113229887470105,55.332948446785714,55.07660896346299,55.17731475830078,7749500,0.0,0.0
2023-08-24 00:00:00-04:00,55.177322050416,55.735778992056574,55.01253136296915,55.03084182739258,8955100,0.0,0.0
2023-08-25 00:00:00-04:00,55.305492318840265,55.451972543214,54.93929001172393,55.28718185424805,7629200,0.0,0.0
2023-08-28 00:00:00-04:00,55.43365689566905,55.59844756922736,55.26886622211075,55.442813873291016,6254300,0.0,0.0
2023-08-29 00:00:00-04:00,55.44282125801782,55.506906140452564,55.06746544988685,55.38788986206055,8189600,0.0,0.0
2023-08-30 00:00:00-04:00,55.51605010231825,55.607602413206536,55.195625745118164,55.360416412353516,9447900,0.0,0.0
2023-08-31 00:00:00-04:00,55.20478548721007,55.36042268717906,54.756191336284054,54.77450180053711,14663500,0.0,0.0
2023-09-01 00:00:00-04:00,54.93013045415349,55.04914671466598,54.124487562964084,54.29843521118164,11262300,0.0,0.0
2023-09-05 00:00:00-04:00,54.24350831846561,54.30759319658355,53.712515337072524,53.8498420715332,12474600,0.0,0.0
2023-09-06 00:00:00-04:00,53.66674075791236,53.85899888403853,53.48363960998282,53.8132209777832,13923500,0.0,0.0
2023-09-07 00:00:00-04:00,53.968851649302145,54.16110625981471,53.37377386358594,53.401241302490234,17628600,0.0,0.0
2023-09-08 00:00:00-04:00,53.37377386358594,53.47447965738685,53.10827740581326,53.401241302490234,14312300,0.0,0.0
2023-09-11 00:00:00-04:00,53.465329265569586,54.00547569708757,53.30969207732016,53.90476989746094,14767400,0.0,0.0
2023-09-12 00:00:00-04:00,54.00547421068064,54.01462769568399,53.27306968532286,53.373775482177734,12292700,0.0,0.0
2023-09-13 00:00:00-04:00,53.46532806304422,53.721667552791075,53.41039667565691,53.50194549560547,12641400,0.0,0.0
2023-09-14 00:00:00-04:00,53.74187158054057,54.06483814145252,53.695730483206134,53.94487762451172,12311600,0.46,0.0
2023-09-15 00:00:00-04:00,53.898739263684305,54.11097493206553,53.28971410048166,53.46503829956055,55727500,0.0,0.0
2023-09-18 00:00:00-04:00,53.50195645973391,53.84337879329958,53.17898986312745,53.7972412109375,13617400,0.0,0.0
2023-09-19 00:00:00-04:00,53.76031996366135,53.88028047205206,53.446579532535,53.686500549316406,11998900,0.0,0.0
2023-09-20 00:00:00-04:00,53.79723168866719,54.28629983134004,53.59422565819233,53.92641830444336,14766600,0.0,0.0
2023-09-21 00:00:00-04:00,53.861829473033325,53.90796705106343,52.98520141017507,53.0959358215332,15941800,0.0,0.0
2023-09-22 00:00:00-04:00,53.38198992889964,53.492724338207324,53.05902336859765,53.15129852294922,14644100,0.0,0.0
2023-09-25 00:00:00-04:00,52.96674481034228,53.04979385195015,52.357719678574966,52.59763717651367,12358800,0.0,0.0
2023-09-26 00:00:00-04:00,52.348490433249715,52.505362410795236,52.043979625182175,52.163936614990234,11194700,0.0,0.0
2023-09-27 00:00:00-04:00,52.06243201491676,52.16393679130613,51.37958746114131,51.62873458862305,13766300,0.0,0.0
2023-09-28 00:00:00-04:00,51.887109731568906,51.97015877711759,51.39804508559966,51.499549865722656,12484800,0.0,0.0
2023-09-29 00:00:00-04:00,51.80405637622249,51.92401688093979,51.32421787742447,51.65641403198242,12271600,0.0,0.0
2023-10-02 00:00:00-04:00,51.59183119718295,51.68410636103398,50.82593748101813,51.19504165649414,11792500,0.0,0.0
2023-10-03 00:00:00-04:00,50.89975356794403,51.14890071807855,50.5491016321912,50.641380310058594,13604200,0.0,0.0
2023-10-04 00:00:00-04:00,50.65060428738675,51.01048231575362,50.48450619428335,50.78902053833008,12100500,0.0,0.0
2023-10-05 00:00:00-04:00,50.51219249226844,50.705972431121744,48.20527840095327,48.33446502685547,29878100,0.0,0.0
2023-10-06 00:00:00-04:00,48.02072204801602,49.17417903310439,47.568565361029975,49.035762786865234,30298900,0.0,0.0
2023-10-09 00:00:00-04:00,48.86966444796702,49.044992161644046,48.08531511017104,48.79584503173828,15704700,0.0,0.0
2023-10-10 00:00:00-04:00,49.949296176686566,50.13384997580907,49.42332013723353,49.857017517089844,20909700,0.0,0.0
2023-10-11 00:00:00-04:00,50.03235331524664,50.087716999902334,48.92503386120304,49.56174087524414,21138900,0.0,0.0
2023-10-12 00:00:00-04:00,49.60787523377749,49.67247206180376,48.38059886256147,48.73125076293945,19330400,0.0,0.0
2023-10-13 00:00:00-04:00,48.666656250422314,49.29413358072971,48.574377584148294,48.80506896972656,14494600,0.0,0.0
2023-10-16 00:00:00-04:00,48.92503384938037,49.4233281315903,48.75893575531039,49.303367614746094,12816800,0.0,0.0
2023-10-17 00:00:00-04:00,49.19263584377739,49.92161799905162,49.100357170908126,49.89393615722656,16457200,0.0,0.0
2023-10-18 00:00:00-04:00,49.9216182284664,50.31840772344906,49.75552013660987,49.87548065185547,12809500,0.0,0.0
2023-10-19 00:00:00-04:00,49.97698521932212,50.530643176435255,49.70015624076555,50.15230941772461,16202200,0.0,0.0
2023-10-20 00:00:00-04:00,50.31840088311256,50.77055752060457,50.23535184847407,50.35531234741211,15686400,0.0,0.0
2023-10-23 00:00:00-04:00,50.17999671383642,50.65060564351523,49.875482361636564,49.903167724609375,21212700,0.0,0.0
2023-10-24 00:00:00-04:00,51.35190388204205,51.83173886679606,51.028933829911196,51.342674255371094,25290800,0.0,0.0
2023-10-25 00:00:00-04:00,51.45341398311782,51.87788888119694,51.26886365881676,51.78561019897461,16701000,0.0,0.0
2023-10-26 00:00:00-04:00,52.01629462456474,52.25621564598471,51.41649911115747,51.47186279296875,16228400,0.0,0.0
2023-10-27 00:00:00-04:00,51.25962685199338,51.80405868060982,50.8443816403247,50.97357177734375,13626500,0.0,0.0
2023-10-30 00:00:00-04:00,51.148901052330814,51.93325045893531,51.13967142444794,51.81329345703125,15014300,0.0,0.0
2023-10-31 00:00:00-04:00,52.200848835270634,52.33926508097871,51.813288979402174,52.12702941894531,16639400,0.0,0.0
2023-11-01 00:00:00-04:00,52.413079165975184,52.48690209486277,51.91478495619698,52.08088302612305,14110800,0.0,0.0
2023-11-02 00:00:00-04:00,52.13625889452893,52.73605797125568,52.00707226755925,52.68069076538086,13087200,0.0,0.0
2023-11-03 00:00:00-04:00,52.96675226830208,53.14207648301792,52.32081557818683,52.35772705078125,13958700,0.0,0.0
2023-11-06 00:00:00-05:00,52.394630015058816,52.856012818347665,52.35772206605,52.5699577331543,12673200,0.0,0.0
2023-11-07 00:00:00-05:00,52.523819497533026,52.96675011047787,52.348495289959764,52.76374053955078,10449300,0.0,0.0
2023-11-08 00:00:00-05:00,52.89292644112699,53.031342695778264,52.523818775437974,52.68069076538086,13744000,0.0,0.0
2023-11-09 00:00:00-05:00,52.62532735664776,52.72683214803982,52.01630212836723,52.283905029296875,12021100,0.0,0.0
2023-11-10 00:00:00-05:00,52.47768046335692,52.53304766845745,51.730242554893195,52.33926773071289,11678900,0.0,0.0
2023-11-13 00:00:00-05:00,52.246991908576575,52.68991901335296,52.228536172535264,52.533050537109375,12798200,0.0,0.0
2023-11-14 00:00:00-05:00,52.61609528531396,52.81910484509071,52.42231535283875,52.68991470336914,12697100,0.0,0.0
2023-11-15 00:00:00-05:00,52.87446902905291,52.91138049846557,52.366948644878946,52.791419982910156,10201900,0.0,0.0
2023-11-16 00:00:00-05:00,52.828336258045745,53.086709527295305,52.42232061778617,52.736061096191406,16010400,0.0,0.0
2023-11-17 00:00:00-05:00,52.77296543345074,52.91138168682123,52.32081224324071,52.83755874633789,14475800,0.0,0.0
2023-11-20 00:00:00-05:00,52.64377720923471,53.13284537490822,52.56072816374838,52.96674728393555,13051000,0.0,0.0
2023-11-21 00:00:00-05:00,53.022108172041456,53.557313885862534,52.902151183830185,53.5480842590332,13891600,0.0,0.0
2023-11-22 00:00:00-05:00,53.760324253227914,54.0187010242294,53.640367255337026,53.90796661376953,11320600,0.0,0.0
2023-11-24 00:00:00-05:00,53.944881928629876,54.21248482620625,53.83415103034964,54.04638671875,4816000,0.0,0.0
2023-11-27 00:00:00-05:00,54.0187005641896,54.15711329597836,53.769553422884016,53.94487762451172,16246500,0.0,0.0
2023-11-28 00:00:00-05:00,53.88951256676659,54.28630205724657,53.852601097868124,54.05561065673828,13739600,0.0,0.0
2023-11-29 00:00:00-05:00,54.05560554023137,54.13865105728531,53.612674995517146,53.732635498046875,11263600,0.0,0.0
2023-11-30 00:00:00-05:00,53.90935817942884,54.37441476182163,53.57451687241,54.355812072753906,22727500,0.46,0.0
2023-12-01 00:00:00-05:00,54.19769111444975,54.588336915896626,54.16978885666067,54.541831970214844,15371200,0.0,0.0
2023-12-04 00:00:00-05:00,54.4953368526246,54.8394777704546,54.355818442317556,54.47673416137695,14942200,0.0,0.0
2023-12-05 00:00:00-05:00,54.458130851524274,54.71856497793238,54.337215133838384,54.56044387817383,11891500,0.0,0.0
2023-12-06 00:00:00-05:00,54.467429211759004,54.62554674960081,54.14188746921966,54.50463104248047,14868500,0.0,0.0
2023-12-07 00:00:00-05:00,54.56974217188428,54.77436822039205,54.30931159967471,54.63485336303711,11587900,0.0,0.0
2023-12-08 00:00:00-05:00,54.63485462144829,54.64415419291264,54.29071015955842,54.513938903808594,11178700,0.0,0.0
2023-12-11 00:00:00-05:00,54.71856789448147,54.960395794642366,54.411628798172664,54.91389083862305,14524800,0.0,0.0
2023-12-12 00:00:00-05:00,55.06270005676879,55.2673225402832,54.78366681699448,55.2673225402832,12899000,0.0,0.0
2023-12-13 00:00:00-05:00,55.29522626879173,55.825390468858416,55.1185025033695,55.74168014526367,16196800,0.0,0.0
2023-12-14 00:00:00-05:00,55.77889650336513,55.84400415141232,54.66275981839786,54.91389083862305,22478300,0.0,0.0
2023-12-15 00:00:00-05:00,54.718560196655,55.034795272338606,53.76054120654801,54.50463104248047,65177400,0.0,0.0
2023-12-18 00:00:00-05:00,54.69065670128894,55.33243709475221,54.523236037611596,54.89528274536133,16717700,0.0,0.0
2023-12-19 00:00:00-05:00,54.876680626007165,55.0627039818171,54.54183929516936,54.718563079833984,14612200,0.0,0.0
2023-12-20 00:00:00-05:00,54.411624371048404,54.56974191826923,53.546618776686266,53.583824157714844,17701000,0.0,0.0
2023-12-21 00:00:00-05:00,53.80704847198606,54.01167451621257,53.453608002268,53.9372673034668,11725100,0.0,0.0
2023-12-22 00:00:00-05:00,54.058174508509396,54.37441311689369,53.965164614084614,54.244197845458984,9029400,0.0,0.0
2023-12-26 00:00:00-05:00,54.0023810803187,54.606952614426746,54.0023810803187,54.467437744140625,6422500,0.0,0.0
2023-12-27 00:00:00-05:00,54.5418335876393,54.6627492884776,54.3186084225071,54.60694122314453,8560100,0.0,0.0
2023-12-28 00:00:00-05:00,54.55114368894286,54.75576619182421,54.43952754398887,54.6441535949707,8400100,0.0,0.0
2023-12-29 00:00:00-05:00,54.63485659425369,54.85808179846376,54.532543563948806,54.81157684326172,9244300,0.0,0.0
2024-01-02 00:00:00-05:00,54.690654098282344,55.695178032535985,54.56973839180362,55.63936996459961,16322600,0.0,0.0
2024-01-03 00:00:00-05:00,55.741678583348055,55.992809547095426,55.58355751072197,55.76958084106445,14830600,0.0,0.0
2024-01-04 00:00:00-05:00,55.85329077864501,56.04861367751795,55.490547238423865,55.58355712890625,12912900,0.0,0.0
2024-01-05 00:00:00-05:00,55.6207745785567,55.76029299266697,54.96039498771615,55.49985885620117,10412800,0.0,0.0
2024-01-08 00:00:00-05:00,55.50915823274797,55.97421485095256,55.26732680434535,55.90910720825195,11554600,0.0,0.0
2024-01-09 00:00:00-05:00,55.797497455914225,55.93701231962283,55.45335298627833,55.80679702758789,10493700,0.0,0.0
2024-01-10 00:00:00-05:00,56.01141961534427,56.18813985100042,55.788190879899325,55.99281692504883,12258000,0.0,0.0
2024-01-11 00:00:00-05:00,56.03932977664856,56.04862934905706,55.51846501925053,55.63008117675781,13754200,0.0,0.0
2024-01-12 00:00:00-05:00,55.8812075592898,56.23464805101817,55.68588107395502,56.16954040527344,13218000,0.0,0.0
2024-01-16 00:00:00-05:00,56.1695322956434,56.20673767301179,55.66727034547042,55.797489166259766,11826900,0.0,0.0
2024-01-17 00:00:00-05:00,55.67657346386255,56.00211164558574,55.639368086494166,55.797489166259766,8982100,0.0,0.0
2024-01-18 00:00:00-05:00,55.518454041044706,56.0207160062077,55.36963607522977,55.95560836791992,10397700,0.0,0.0
2024-01-19 00:00:00-05:00,56.04861941975947,56.06722210938179,55.471950233868554,55.64867401123047,14392600,0.0,0.0
2024-01-22 00:00:00-05:00,55.58356915686843,55.87190555671797,55.28593318519823,55.4068489074707,14314300,0.0,0.0
2024-01-23 00:00:00-05:00,55.36963853027086,55.806792876529116,55.30453088909627,55.667274475097656,14481600,0.0,0.0
2024-01-24 00:00:00-05:00,55.62076893453299,55.63007205351667,54.774366060132934,54.79296875,16370500,0.0,0.0
2024-01-25 00:00:00-05:00,54.88597523056852,55.03479319212998,54.5604370484341,55.02549362182617,14899700,0.0,0.0
2024-01-26 00:00:00-05:00,55.10920497968033,55.332433700255756,54.99759239344269,55.22081756591797,13025100,0.0,0.0
2024-01-29 00:00:00-05:00,55.192912882687246,55.61146449782365,55.03479180670239,55.55565643310547,14547100,0.0,0.0
2024-01-30 00:00:00-05:00,55.667274764707486,55.82539585702579,55.2952316057886,55.713783264160156,22061500,0.0,0.0
2024-01-31 00:00:00-05:00,55.899809384861825,56.2253511773069,55.14641986277904,55.33244323730469,22837000,0.0,0.0
2024-02-01 00:00:00-05:00,55.40684418328637,56.7462059416035,55.211521258800595,56.71830368041992,15870900,0.0,0.0
2024-02-02 00:00:00-05:00,56.56949355989603,56.615998517690976,56.02072654247366,56.30906295776367,17544900,0.0,0.0
2024-02-05 00:00:00-05:00,56.16024042480634,56.16024042480634,55.69518378824342,55.84400177001953,12759600,0.0,0.0
2024-02-06 00:00:00-05:00,55.76959069772386,55.85330103376786,55.50916011807609,55.7509880065918,12775200,0.0,0.0
2024-02-07 00:00:00-05:00,55.871896372896465,56.00211164558574,55.750980670499246,55.797489166259766,10259900,0.0,0.0
2024-02-08 00:00:00-05:00,55.704478531997175,55.77888929048646,55.258024625362246,55.64867401123047,12874800,0.0,0.0
2024-02-09 00:00:00-05:00,55.31383071988018,55.416143735100896,54.904578658997316,55.39754104614258,15235300,0.0,0.0
2024-02-12 00:00:00-05:00,55.49055798406156,55.58356789255513,54.839477980304835,55.52776336669922,13516800,0.0,0.0
2024-02-13 00:00:00-05:00,55.3417355015469,56.420666673602625,54.68135597987923,55.20221710205078,24195700,0.0,0.0
2024-02-14 00:00:00-05:00,55.03479575830134,55.42544514317799,54.91388359821355,55.14641189575195,15872500,0.0,0.0
2024-02-15 00:00:00-05:00,55.267328848898416,55.42544994994971,54.997598696917706,55.24872970581055,13695800,0.0,0.0
2024-02-16 00:00:00-05:00,55.202212653171294,55.453343623164876,54.839469101436116,55.239418029785156,13947100,0.0,0.0
2024-02-20 00:00:00-05:00,55.43474386110906,56.58808576032067,55.35103353335902,56.45787048339844,18339300,0.0,0.0
2024-02-21 00:00:00-05:00,56.72760810343212,56.99733824664063,56.57879012686519,56.96013641357422,14373000,0.0,0.0
2024-02-22 00:00:00-05:00,56.727612523312665,56.96944042353806,56.27185543876004,56.87643051147461,12982800,0.0,0.0
2024-02-23 00:00:00-05:00,56.82061864583592,57.31357753347656,56.73690831132143,56.92293167114258,13612900,0.0,0.0
2024-02-26 00:00:00-05:00,56.96013311701143,56.98803537722151,56.42066576561517,56.46717071533203,10336100,0.0,0.0
2024-02-27 00:00:00-05:00,56.3090549691001,56.53228015408683,55.91840557322282,56.12303161621094,9931100,0.0,0.0
2024-02-28 00:00:00-05:00,56.15093482753619,56.262550970018744,55.86260199637393,56.17884063720703,8076500,0.0,0.0
2024-02-29 00:00:00-05:00,56.13232918217597,56.402062856825424,55.713781088251224,55.82539367675781,18152700,0.0,0.0
2024-03-01 00:00:00-05:00,55.71378480569177,55.71378480569177,55.19292011107322,55.3696403503418,10927600,0.0,0.0
2024-03-04 00:00:00-05:00,55.0906137264419,55.7602964790821,55.08131415403341,55.63008117675781,10150200,0.0,0.0
2024-03-05 00:00:00-05:00,55.72307987231189,55.90910321593037,55.26732285785162,55.36033630371094,12310000,0.0,0.0
2024-03-06 00:00:00-05:00,55.360342366143,55.8067963108578,55.23012707578042,55.38824462890625,12378800,0.0,0.0
2024-03-07 00:00:00-05:00,55.51846277817808,55.59287354684593,55.099914622774065,55.28593444824219,13686900,0.0,0.0
2024-03-08 00:00:00-05:00,55.15571027092059,55.61146728538087,54.84877476983523,55.36033630371094,13239000,0.0,0.0
2024-03-11 00:00:00-04:00,55.6021706773267,56.07653043650268,55.41615086002691,56.030025482177734,14114300,0.0,0.0
2024-03-12 00:00:00-04:00,56.10442231348542,56.5043712332229,56.002109304050265,56.27184295654297,12684600,0.0,0.0
2024-03-13 00:00:00-04:00,56.62529698795482,56.93223252267612,56.550886223112954,56.8485221862793,13909500,0.0,0.0
2024-03-14 00:00:00-04:00,56.796952660082,57.003211852498374,56.62819286307209,56.721946716308594,13996600,0.485,0.0
2024-03-15 00:00:00-04:00,56.27193143870979,56.675079514466695,55.91566029761468,56.14067459106445,36849900,0.0,0.0
2024-03-18 00:00:00-04:00,56.1500467489137,56.62820076599884,56.06566683863284,56.37506103515625,15856700,0.0,0.0
2024-03-19 00:00:00-04:00,56.47818856703469,56.5813163823341,56.30942875802766,56.46881103515625,15030600,0.0,0.0
2024-03-20 00:00:00-04:00,56.421939681975914,57.01259907188159,56.403188192846116,56.95634460449219,15258800,0.0,0.0
2024-03-21 00:00:00-04:00,56.77820467176931,57.181352703185325,56.553190403068086,56.693824768066406,13067100,0.0,0.0
2024-03-22 00:00:00-04:00,56.74070326300766,56.9938429811003,56.65632335697678,56.71257781982422,11502800,0.0,0.0
2024-03-25 00:00:00-04:00,56.70319908870525,56.91883582700631,56.36567947171907,56.628196716308594,13144700,0.0,0.0
2024-03-26 00:00:00-04:00,56.721953658045095,56.91883891982509,56.60944830509662,56.759456634521484,13277400,0.0,0.0
2024-03-27 00:00:00-04:00,56.99384610077837,57.59387943140624,56.909466190128775,57.21885681152344,12551200,0.0,0.0
2024-03-28 00:00:00-04:00,57.32198265257276,57.43448799703618,57.19072582128536,57.3594856262207,13683500,0.0,0.0
2024-04-01 00:00:00-04:00,57.35948536234134,57.47199070628719,56.84383199473578,56.890708923339844,11668700,0.0,0.0
2024-04-02 00:00:00-04:00,56.67507160270689,56.93758526135104,56.35630348443313,56.39380645751953,13017300,0.0,0.0
2024-04-03 00:00:00-04:00,56.30004733981411,56.61881544854755,56.04690764377753,56.093788146972656,13672900,0.0,0.0
2024-04-04 00:00:00-04:00,56.337561053900885,56.393815522573156,55.47501041666409,55.596893310546875,14320700,0.0,0.0
2024-04-05 00:00:00-04:00,55.550007663368696,55.953155684428026,55.23123954384458,55.79376983642578,10157800,0.0,0.0
2024-04-08 00:00:00-04:00,55.69065044079525,55.75627886563156,55.38125622958328,55.56876754760742,10284500,0.0,0.0
2024-04-09 00:00:00-04:00,55.765651145630486,56.009416924677794,55.43750903131388,55.990665435791016,10779100,0.0,0.0
2024-04-10 00:00:00-04:00,55.61563844002643,55.68126685773183,55.02497910419733,55.24061584472656,11861900,0.0,0.0
2024-04-11 00:00:00-04:00,55.456249032678464,55.66250821474571,55.118729455593794,55.362491607666016,11109000,0.0,0.0
2024-04-12 00:00:00-04:00,55.268741496007785,55.324992378338465,54.499948441325806,54.64057922363281,12250900,0.0,0.0
2024-04-15 00:00:00-04:00,54.94997411212111,55.137485400834294,54.41556926400077,54.50932312011719,12425000,0.0,0.0
2024-04-16 00:00:00-04:00,54.61245994682946,54.73434283310394,54.31244328560052,54.434326171875,11236800,0.0,0.0
2024-04-17 00:00:00-04:00,54.64057970139028,54.90309693498995,54.47181989996205,54.85621643066406,13805100,0.0,0.0
2024-04-18 00:00:00-04:00,54.95935192465121,55.29687155272884,54.884349549789846,55.23124313354492,11125900,0.0,0.0
2024-04-19 00:00:00-04:00,55.40937813490374,56.590696859433855,55.315624270122925,56.412559509277344,21207900,0.0,0.0
2024-04-22 00:00:00-04:00,56.38443278645005,56.84383529701134,55.99066227152375,56.768829345703125,15624500,0.0,0.0
2024-04-23 00:00:00-04:00,56.750079052239755,56.89071342566214,56.37506001724785,56.85321044921875,13689100,0.0,0.0
2024-04-24 00:00:00-04:00,56.55319306424746,57.80014019136908,56.10316808214901,57.706382751464844,19548300,0.0,0.0
2024-04-25 00:00:00-04:00,58.00639314898778,58.6814323375586,57.537616729475886,57.88451385498047,19048500,0.0,0.0
2024-04-26 00:00:00-04:00,57.70637652661859,58.0626476068621,57.51886524351778,57.88451385498047,10994300,0.0,0.0
2024-04-29 00:00:00-04:00,58.05327400510276,58.17515688384022,57.68762894537085,58.1657829284668,13409300,0.0,0.0
2024-04-30 00:00:00-04:00,58.25953700642157,58.90645080050707,57.63137827611416,57.91264343261719,19349200,0.0,0.0
2024-05-01 00:00:00-04:00,57.94076590025748,58.6626820299849,57.387609571062725,58.06264877319336,16729800,0.0,0.0
2024-05-02 00:00:00-04:00,58.29703787193142,58.50330064826232,57.86576440913081,58.11890411376953,10991300,0.0,0.0
2024-05-03 00:00:00-04:00,58.11890627322115,58.43767440463097,57.79076060991311,58.287662506103516,11628700,0.0,0.0
2024-05-06 00:00:00-04:00,58.409547781162466,58.484553733502665,58.034528748903455,58.456424713134766,9310700,0.0,0.0
2024-05-07 00:00:00-04:00,58.84081722536226,58.89707168574321,58.36266682980559,58.70956039428711,9807000,0.0,0.0
2024-05-08 00:00:00-04:00,58.925201416015625,59.03771034496545,58.578307826288686,58.925201416015625,10484400,0.0,0.0
2024-05-09 00:00:00-04:00,58.88770638316902,59.20647455253802,58.83145191452239,58.95333480834961,9113700,0.0,0.0
2024-05-10 00:00:00-04:00,58.99082887484659,59.40335445464424,58.86894956852512,59.30959701538086,8371700,0.0,0.0
2024-05-13 00:00:00-04:00,59.290843401355644,59.647110906848475,59.23458894320822,59.60961151123047,10137600,0.0,0.0
2024-05-14 00:00:00-04:00,59.60961256558894,59.778368790055566,58.87831890265867,59.159584045410156,10852200,0.0,0.0
2024-05-15 00:00:00-04:00,59.122081397866005,59.431471964934424,59.065826941817136,59.18770980834961,9838900,0.0,0.0
2024-05-16 00:00:00-04:00,59.290846170041114,59.750245082016484,59.131460319420775,59.365848541259766,10228000,0.0,0.0
2024-05-17 00:00:00-04:00,59.38459866961648,59.41272411111998,59.00957609266149,59.093955993652344,11539000,0.0,0.0
2024-05-20 00:00:00-04:00,59.000208851354536,59.07521122939193,58.559557809762296,58.662689208984375,11000900,0.0,0.0
2024-05-21 00:00:00-04:00,58.89706922838661,59.04707753999663,58.540798147132726,58.981449127197266,9796200,0.0,0.0
2024-05-22 00:00:00-04:00,58.793942839861664,59.08458553301494,58.74706590908999,59.065834045410156,7419400,0.0,0.0
2024-05-23 00:00:00-04:00,58.58768050762012,58.9533255552304,58.175154955255394,58.2126579284668,9834300,0.0,0.0
2024-05-24 00:00:00-04:00,58.33454342510161,58.52205114662572,58.10015519671593,58.12828063964844,8203100,0.0,0.0
2024-05-28 00:00:00-04:00,57.93139299084759,58.2501611113311,57.56574794192129,57.95951843261719,12347000,0.0,0.0
2024-05-29 00:00:00-04:00,57.63137483981787,58.015771365297645,57.25635226918773,57.84701156616211,11861800,0.0,0.0
2024-05-30 00:00:00-04:00,57.98764595263756,58.20328626886754,57.75325772554285,58.100154876708984,9433800,0.0,0.0
2024-05-31 00:00:00-04:00,58.11891128735105,59.09396367653724,57.837642529826496,59.00020980834961,19816600,0.0,0.0
2024-06-03 00:00:00-04:00,58.793947006559826,59.15021814333832,58.55018480338348,59.00020980834961,9369000,0.0,0.0
2024-06-04 00:00:00-04:00,59.25334118562545,59.97525731357135,59.00957544035525,59.94712829589844,11895600,0.0,0.0
2024-06-05 00:00:00-04:00,59.99401868930114,60.06902107033826,59.39398175859968,59.92838668823242,9632500,0.0,0.0
2024-06-06 00:00:00-04:00,59.928379765851346,60.340905331587464,59.85337739347782,60.144020080566406,8658500,0.0,0.0
2024-06-07 00:00:00-04:00,60.087762581129695,60.20964903735043,59.82525248722872,59.91900634765625,9523100,0.0,0.0
2024-06-10 00:00:00-04:00,59.94713778730652,59.994018298690506,59.412732861153195,59.618995666503906,15685300,0.0,0.0
2024-06-11 00:00:00-04:00,59.618992539536116,59.67524700435787,59.13146457385634,59.58148956298828,8396000,0.0,0.0
2024-06-12 00:00:00-04:00,59.712750464433896,59.712750464433896,58.77519744587577,58.95333480834961,9569600,0.0,0.0
2024-06-13 00:00:00-04:00,58.934578450469516,59.10333826598794,58.55018188767326,59.056461334228516,9668900,0.0,0.0
2024-06-14 00:00:00-04:00,58.93835334048331,59.23124762278919,58.66435244058351,59.09897232055664,8179200,0.485,0.0
2024-06-17 00:00:00-04:00,58.92890460885547,59.42966575746534,58.74938863738055,59.16511154174805,10532700,0.0,0.0
2024-06-18 00:00:00-04:00,59.080075613239565,59.3540765144348,58.99504097508352,59.174560546875,10651700,0.0,0.0
2024-06-20 00:00:00-04:00,58.95725290631439,59.27849448474603,58.53207969894431,58.7493896484375,13306300,0.0,0.0
2024-06-21 00:00:00-04:00,58.7493866872686,59.61862644142872,58.7493866872686,59.30683517456055,28278100,0.0,0.0
2024-06-24 00:00:00-04:00,59.51470111092414,60.52566290325324,59.439113161461144,60.44063186645508,13212500,0.0,0.0
2024-06-25 00:00:00-04:00,60.4122799398368,60.53510854615733,60.00600375328019,60.31779861450195,10235300,0.0,0.0
2024-06-26 00:00:00-04:00,59.90207683940385,60.572903632627614,59.74145425830103,60.51621627807617,9402500,0.0,0.0
2024-06-27 00:00:00-04:00,60.516220563585165,60.72407661448102,60.109940736549724,60.383941650390625,8494100,0.0,0.0
2024-06-28 00:00:00-04:00,60.37449735328436,60.525666051610074,60.015461783122795,60.13829040527344,17358800,0.0,0.0
2024-07-01 00:00:00-04:00,60.49731707101276,60.75242458925433,59.63752399974904,59.7886962890625,10033400,0.0,0.0
2024-07-02 00:00:00-04:00,59.76980632858041,59.88318826206782,59.391877362985355,59.66587829589844,8878200,0.0,0.0
2024-07-03 00:00:00-04:00,59.70365859990811,60.15717544467153,59.458004993914734,59.8359375,9154200,0.0,0.0
2024-07-05 00:00:00-04:00,59.83594538570681,60.27056530202084,59.52415048646066,60.242218017578125,11735500,0.0,0.0
2024-07-08 00:00:00-04:00,60.08159347222972,60.08159347222972,59.37297269858535,59.486351013183594,11235100,0.0,0.0
2024-07-09 00:00:00-04:00,59.58083962792372,59.74145861651229,59.13676942897346,59.23125076293945,11657500,0.0,0.0
2024-07-10 00:00:00-04:00,59.25959757624533,59.391872884440765,58.853321355798315,59.363529205322266,11930400,0.0,0.0
2024-07-11 00:00:00-04:00,59.184001982737044,59.958760348592655,58.95724537061077,59.618621826171875,11431600,0.0,0.0
2024-07-12 00:00:00-04:00,59.95876755789093,60.57290703101903,59.89262990438258,60.18552780151367,9201500,0.0,0.0
2024-07-15 00:00:00-04:00,60.27055743241607,60.41227941919697,59.85483095436983,59.911521911621094,8207500,0.0,0.0
2024-07-16 00:00:00-04:00,59.93042724539944,60.76187310884544,59.89263326863408,60.72407913208008,9025100,0.0,0.0
2024-07-17 00:00:00-04:00,60.913042658735115,61.78228240822853,60.856355303735235,61.612213134765625,12508200,0.0,0.0
2024-07-18 00:00:00-04:00,61.22484430340092,62.17911519099531,61.14925634939422,61.593326568603516,11128200,0.0,0.0
2024-07-19 00:00:00-04:00,62.01848194390011,62.01848194390011,61.243723614522686,61.68779373168945,13775700,0.0,0.0
2024-07-22 00:00:00-04:00,61.65000789796093,61.68780187126647,60.77131784188135,61.19648742675781,11794200,0.0,0.0
2024-07-23 00:00:00-04:00,61.820081098731535,62.39642661342392,61.27207926370209,61.37601089477539,11810300,0.0,0.0
2024-07-24 00:00:00-04:00,61.4988381251356,62.33029120367742,61.25318808689739,62.179115295410156,13244600,0.0,0.0
2024-07-25 00:00:00-04:00,62.396422862568244,63.199524974750794,62.22635358635025,62.424766540527344,16328600,0.0,0.0
2024-07-26 00:00:00-04:00,62.42476605762428,63.40738773389766,62.368078702144594,63.35070037841797,13530100,0.0,0.0
2024-07-29 00:00:00-04:00,63.190074584787475,63.33180018283444,62.727111025733194,63.14283752441406,12140200,0.0,0.0
2024-07-30 00:00:00-04:00,62.81215151700324,64.08766752817043,62.698769592813235,63.94594192504883,13258000,0.0,0.0
2024-07-31 00:00:00-04:00,63.775871381710374,63.87980300804654,62.93497528387305,63.05780029296875,15576800,0.0,0.0
2024-08-01 00:00:00-04:00,63.30346119230285,64.35222060365841,63.02000997522041,64.21049499511719,16495900,0.0,0.0
2024-08-02 00:00:00-04:00,64.74903312136716,65.82613598950532,63.95538141156531,65.50489807128906,22514800,0.0,0.0
2024-08-05 00:00:00-04:00,65.18366962502964,65.71277810875813,63.99319175568508,64.3427734375,25484300,0.0,0.0
2024-08-06 00:00:00-04:00,64.39000592066832,65.04193209874468,64.03096679951894,64.29552459716797,12969100,0.0,0.0
2024-08-07 00:00:00-04:00,64.29553147416853,65.36318423999721,64.08766821515714,64.68290710449219,13365300,0.0,0.0
2024-08-08 00:00:00-04:00,64.24829887155343,65.06085146337087,64.10657324117318,64.93802642822266,15240900,0.0,0.0
2024-08-09 00:00:00-04:00,64.9096633417139,64.9947015873531,64.48449373890874,64.8907699584961,12080400,0.0,0.0
2024-08-12 00:00:00-04:00,64.67344798127593,64.75848621583897,64.08765946779519,64.40889739990234,11012300,0.0,0.0
2024-08-13 00:00:00-04:00,64.32387515340396,64.82463270913301,64.2577374990334,64.68290710449219,9877600,0.0,0.0
2024-08-14 00:00:00-04:00,64.46559927238924,65.0891818265888,64.37111073249712,64.7962875366211,14328000,0.0,0.0
2024-08-15 00:00:00-04:00,64.83407545248431,65.11751942028377,64.72069354028682,64.86241912841797,11285100,0.0,0.0
2024-08-16 00:00:00-04:00,65.0419444860276,65.47657163213745,64.85298180303886,65.36318969726562,12651200,0.0,0.0
2024-08-19 00:00:00-04:00,65.52379885598424,65.58993650594186,65.0513850110118,65.1742172241211,9843900,0.0,0.0
2024-08-20 00:00:00-04:00,65.18366466460836,65.56159720752144,64.97580140558298,65.5521469116211,11957400,0.0,0.0
2024-08-21 00:00:00-04:00,65.64663552713428,66.26076780053339,65.50490992232537,65.7316665649414,8792400,0.0,0.0
2024-08-22 00:00:00-04:00,66.06234288529811,66.06234288529811,64.99469031136114,65.50489807128906,12509200,0.0,0.0
2024-08-23 00:00:00-04:00,65.57103200026486,65.99620150522816,65.13641220163558,65.93951416015625,11834700,0.0,0.0
2024-08-26 00:00:00-04:00,65.97732400411655,67.00718279922728,65.88284267010532,66.93159484863281,12912200,0.0,0.0
2024-08-27 00:00:00-04:00,67.38510651891674,67.58351945689509,67.13000622964823,67.55517578125,16988400,0.0,0.0
2024-08-28 00:00:00-04:00,67.65910654561756,67.84806918651385,67.36621228968951,67.7913818359375,13272600,0.0,0.0
2024-08-29 00:00:00-04:00,67.9331035247871,68.2354480579589,67.30007078478086,68.0748291015625,17201700,0.0,0.0
2024-08-30 00:00:00-04:00,68.21656451447608,68.5661533967421,67.81973856712376,68.47167205810547,18624200,0.0,0.0
2024-09-03 00:00:00-04:00,68.44331348682724,69.24641550321178,68.26379393654906,68.98186492919922,14755800,0.0,0.0
2024-09-04 00:00:00-04:00,69.25587170279739,69.47317803206711,67.94256180663702,68.55669403076172,18140800,0.0,0.0
2024-09-05 00:00:00-04:00,68.61338979760275,68.67007715258761,67.06387295466824,67.2433853149414,23866100,0.0,0.0
2024-09-06 00:00:00-04:00,67.07332413063467,67.7158073289792,66.97884279144427,67.21504974365234,17485700,0.0,0.0
2024-09-09 00:00:00-04:00,67.3000833000125,68.32049178393522,67.06387636428217,67.88587188720703,12939300,0.0,0.0
2024-09-10 00:00:00-04:00,67.99925819857465,68.42442782693487,67.57408136175034,67.60243225097656,10277600,0.0,0.0
2024-09-11 00:00:00-04:00,67.42291397918737,67.4323642757808,66.67649913451943,67.15836334228516,11418200,0.0,0.0
2024-09-12 00:00:00-04:00,67.08277341063481,67.44180537750384,66.76153542056211,67.30008697509766,12337800,0.0,0.0
2024-09-13 00:00:00-04:00,67.39045023279252,67.989777094684,67.04798707184564,67.93270111083984,11073800,0.485,0.0
2024-09-16 00:00:00-04:00,68.27515605083495,68.7222705581294,68.13246610840575,68.5890884399414,10786500,0.0,0.0
2024-09-17 00:00:00-04:00,68.39883235848596,68.82691671413886,68.22759716464854,68.30370330810547,12974400,0.0,0.0
2024-09-18 00:00:00-04:00,68.3893237974063,68.8554612692366,67.79951201619512,68.25614166259766,10719700,0.0,0.0
2024-09-19 00:00:00-04:00,68.07538171462899,68.43688225031167,67.16212980922387,67.18115997314453,13635600,0.0,0.0
2024-09-20 00:00:00-04:00,66.98138817843356,68.30370154078794,66.95284293196482,68.1514892578125,48578500,0.0,0.0
2024-09-23 00:00:00-04:00,68.06587875451928,68.68422122638863,67.71389327564412,68.23711395263672,11613000,0.0,0.0
2024-09-24 00:00:00-04:00,67.75194613592564,68.32272770856723,67.16213439806315,67.8565902709961,13330600,0.0,0.0
2024-09-25 00:00:00-04:00,68.21809026834222,68.41786347547823,67.83756676327653,67.97074890136719,12329100,0.0,0.0
2024-09-26 00:00:00-04:00,67.40947404663338,68.12295280897465,67.39044388189075,67.92317962646484,10815200,0.0,0.0
2024-09-27 00:00:00-04:00,68.05635559113267,68.68421307109293,67.98024945481002,68.29418182373047,11175700,0.0,0.0
2024-09-30 00:00:00-04:00,68.49396857402944,68.68422669469336,68.19906630963574,68.36078643798828,18015300,0.0,0.0
2024-10-01 00:00:00-04:00,68.58910231319088,69.20745213435268,68.1419877154603,68.21809387207031,13294500,0.0,0.0
2024-10-02 00:00:00-04:00,67.91367075567811,67.9517238307625,66.9813958186971,67.55217742919922,11155500,0.0,0.0
2024-10-03 00:00:00-04:00,67.40948421059109,67.53315126853941,66.7816193212787,67.0860366821289,9374800,0.0,0.0
2024-10-04 00:00:00-04:00,66.55330145336121,66.85771878374031,66.3249902700473,66.7530746459961,12684800,0.0,0.0
2024-10-07 00:00:00-04:00,66.63893256469255,66.68649347024952,65.51639213161327,65.64957427978516,14512000,0.0,0.0
2024-10-08 00:00:00-04:00,65.67811240722344,66.05863594186069,65.50687717953082,65.81129455566406,13549700,0.0,0.0
2024-10-09 00:00:00-04:00,65.82079583329258,66.34400923302148,65.70663661948277,66.18228912353516,9037700,0.0,0.0
2024-10-10 00:00:00-04:00,66.42964265906733,66.50574881558572,65.63054253138931,65.87788391113281,8635200,0.0,0.0
2024-10-11 00:00:00-04:00,66.07764499201313,66.20131203022952,65.64004555923067,66.18228912353516,8786300,0.0,0.0
2024-10-14 00:00:00-04:00,66.18230075970811,67.03847686911156,66.08717169374829,66.91480255126953,7659300,0.0,0.0
2024-10-15 00:00:00-04:00,67.02896178515083,67.74244066667329,66.74357458727135,66.91480255126953,10358700,0.0,0.0
2024-10-16 00:00:00-04:00,66.67696870173833,67.25726537358256,66.562816738675,67.13359832763672,7937300,0.0,0.0
2024-10-17 00:00:00-04:00,67.19068747952578,67.24777073012828,66.1918213175208,66.4962387084961,14674600,0.0,0.0
2024-10-18 00:00:00-04:00,66.46768985576243,67.11457761316214,66.22034849790556,67.00993347167969,15087500,0.0,0.0
2024-10-21 00:00:00-04:00,66.59136653502436,66.9052990048671,65.93496359951371,66.06814575195312,11981200,0.0,0.0
2024-10-22 00:00:00-04:00,65.64006129880973,66.3535402259707,65.33564391353636,66.06814575195312,18603300,0.0,0.0
2024-10-23 00:00:00-04:00,63.727929761389404,65.35466069171312,63.337898425242265,64.6982650756836,24655200,0.0,0.0
2024-10-24 00:00:00-04:00,64.3557901042072,64.72679850472265,63.689872193575084,64.02283477783203,17568800,0.0,0.0
2024-10-25 00:00:00-04:00,63.8040283835313,64.40334794252229,63.53766413509087,63.66133117675781,11138100,0.0,0.0
2024-10-28 00:00:00-04:00,63.69939086477291,64.1179674460126,63.356920436100836,63.42351150512695,10761400,0.0,0.0
2024-10-29 00:00:00-04:00,63.06202112852526,63.10958203270175,62.32951207695859,62.3675651550293,16525900,0.0,0.0
2024-10-30 00:00:00-04:00,62.31999829042396,63.29984136891197,62.13924800134611,62.71002960205078,14177800,0.0,0.0
2024-10-31 00:00:00-04:00,62.60538659145661,62.776621800545875,62.08217313882082,62.12973403930664,13383700,0.0,0.0
2024-11-01 00:00:00-04:00,62.28194455728156,62.462694844447746,61.73018587068715,61.84434509277344,12163100,0.0,0.0
2024-11-04 00:00:00-05:00,61.910938021273516,62.234378273430394,61.50187653550442,61.939476013183594,10984500,0.0,0.0
2024-11-05 00:00:00-05:00,61.49235747873263,62.2819424073394,61.49235747873263,62.18681335449219,8780200,0.0,0.0
2024-11-06 00:00:00-05:00,61.28307412093801,61.701650696481785,60.103457803720765,60.59813690185547,22899300,0.0,0.0
2024-11-07 00:00:00-05:00,61.15940855320448,61.254537615988355,60.50300568159585,60.56008529663086,14856100,0.0,0.0
2024-11-08 00:00:00-05:00,60.79791118329997,61.111839991578265,60.636191051841095,60.80742263793945,14719300,0.0,0.0
2024-11-11 00:00:00-05:00,60.87401577264505,60.997686453428464,60.170048392348356,60.27469253540039,13980900,0.0,0.0
2024-11-12 00:00:00-05:00,60.5791121503357,60.6457032204193,60.04637996072575,60.12248611450195,15021000,0.0,0.0
2024-11-13 00:00:00-05:00,59.979781169803964,60.17955435433915,59.44705267771011,59.93221664428711,13177600,0.0,0.0
2024-11-14 00:00:00-05:00,60.03686346199125,60.03686346199125,59.38997572500627,59.50413131713867,15910800,0.0,0.0
2024-11-15 00:00:00-05:00,59.447052683215134,59.58023480625093,58.40061497704404,58.73357391357422,26284300,0.0,0.0
2024-11-18 00:00:00-05:00,58.83822127506504,59.11410063575587,58.56234554331532,58.84773635864258,16062100,0.0,0.0
2024-11-19 00:00:00-05:00,58.88578374761448,59.57072091245735,58.62893094994563,59.54218292236328,16254800,0.0,0.0
2024-11-20 00:00:00-05:00,59.64683106611744,59.941733327415015,58.999943301616774,59.92271041870117,18904900,0.0,0.0
2024-11-21 00:00:00-05:00,60.074923109981476,60.702784378830906,59.884661349645626,60.655216217041016,17292300,0.0,0.0
2024-11-22 00:00:00-05:00,61.111839991578265,61.34015845021903,60.55057344432136,60.80742263793945,19562200,0.0,0.0
2024-11-25 00:00:00-05:00,61.18794583463827,61.55895425569818,60.731319806492145,61.24502182006836,36805300,0.0,0.0
2024-11-26 00:00:00-05:00,61.17842746542204,61.49235988419163,60.94060119505995,61.40674591064453,14473300,0.0,0.0
2024-11-27 00:00:00-05:00,61.796781663128556,61.92996380347658,61.121355877682916,61.2925910949707,13263400,0.0,0.0
2024-11-29 00:00:00-05:00,61.36447324370041,61.584936155018625,61.12484679839508,61.42198944091797,10648400,0.485,0.0
2024-12-02 00:00:00-05:00,61.393240132332195,61.52743241551009,60.72227140351176,61.009830474853516,16500100,0.0,0.0
2024-12-03 00:00:00-05:00,61.07692056903542,61.42198849530694,60.415539158193305,60.885215759277344,24874500,0.0,0.0
2024-12-04 00:00:00-05:00,60.65517519085084,60.72227133236117,59.33241955267682,59.62955856323242,28137700,0.0,0.0
2024-12-05 00:00:00-05:00,59.87876930958537,60.50180536271587,59.524114136325096,60.31010055541992,21040400,0.0,0.0
2024-12-06 00:00:00-05:00,60.22384217435039,60.731856847385096,59.9171122636227,59.936283111572266,15581100,0.0,0.0
2024-12-09 00:00:00-05:00,60.08963916977475,60.31968566164157,59.33241087540655,60.00337219238281,22348300,0.0,0.0
2024-12-10 00:00:00-05:00,60.0992220261204,60.42511906616274,59.22696872136953,60.30051040649414,14949400,0.0,0.0
2024-12-11 00:00:00-05:00,60.38678162319512,60.99065046323725,59.8116708798459,60.04171371459961,32819000,0.0,0.0
2024-12-12 00:00:00-05:00,60.91396852394412,61.26862003553026,60.59765870454703,61.19194030761719,17542100,0.0,0.0
2024-12-13 00:00:00-05:00,60.933139246899195,61.19194018395472,60.49222075701125,60.50180435180664,13429000,0.0,0.0
2024-12-16 00:00:00-05:00,60.607242291908335,61.211111146184,59.763743346178124,59.955448150634766,24559700,0.0,0.0
2024-12-17 00:00:00-05:00,59.859599893263024,60.9139708738822,59.73499121707398,60.77019500732422,21902400,0.0,0.0
2024-12-18 00:00:00-05:00,60.20466962156398,61.000239678383004,60.18549877415728,60.24300765991211,20946100,0.0,0.0
2024-12-19 00:00:00-05:00,60.099230168563196,60.549732272844984,59.8116747781468,59.85960006713867,21300600,0.0,0.0
2024-12-20 00:00:00-05:00,59.87876842273112,60.444295584822456,59.696647213088056,59.955448150634766,42458100,0.0,0.0
2024-12-23 00:00:00-05:00,59.9075247807023,60.156738474945364,58.97775882603696,59.792503356933594,13010800,0.0,0.0
2024-12-24 00:00:00-05:00,59.61996886242342,60.233421325683594,59.437847648573296,60.233421325683594,5019100,0.0,0.0
2024-12-26 00:00:00-05:00,60.0225499252915,60.137575012655795,59.81167791138769,59.97462463378906,7943800,0.0,0.0
2024-12-27 00:00:00-05:00,59.85960006713867,60.33886026998772,59.62955356092646,59.85960006713867,8542800,0.0,0.0
2024-12-30 00:00:00-05:00,59.75415861529258,59.75415861529258,59.12153533213888,59.45701599121094,8972200,0.0,0.0
2024-12-31 00:00:00-05:00,59.447435940766034,59.84042916045093,59.23656028165433,59.6774787902832,9256700,0.0,0.0
2025-01-02 00:00:00-05:00,59.76374229820339,60.14715190039347,59.0640228822017,59.274898529052734,12991000,0.0,0.0
2025-01-03 00:00:00-05:00,59.33241630742337,59.50495027800313,59.064028099596385,59.188636779785156,10403200,0.0,0.0
2025-01-06 00:00:00-05:00,58.94900594863163,59.016102085649436,58.14384864795269,58.287628173828125,17924200,0.0,0.0
2025-01-07 00:00:00-05:00,58.57518431782104,59.159882367705755,58.10550769622775,58.316383361816406,17799600,0.0,0.0
2025-01-08 00:00:00-05:00,58.460163029699864,59.2078078000846,58.40265048718362,59.15029525756836,14412400,0.0,0.0
2025-01-10 00:00:00-05:00,59.025682119824886,59.092778248638176,58.21093766693313,58.536834716796875,22425000,0.0,0.0
2025-01-13 00:00:00-05:00,58.59435382841398,59.284486038881944,58.19177335388124,59.0927848815918,18016200,0.0,0.0
2025-01-14 00:00:00-05:00,59.1023635751593,59.495356765355154,58.75729567031126,59.46660232543945,16658300,0.0,0.0
2025-01-15 00:00:00-05:00,59.74457837465902,60.02254651215287,59.121538651159895,59.20780563354492,16187200,0.0,0.0
2025-01-16 00:00:00-05:00,58.872318801537425,59.715817742798684,58.776468228049445,59.66789245605469,12585500,0.0,0.0
2025-01-17 00:00:00-05:00,59.72540068733719,60.16631914393209,59.59120477507964,60.10880661010742,17948900,0.0,0.0
2025-01-21 00:00:00-05:00,60.29093406992499,60.60724389766363,59.71581964131772,59.830841064453125,19817100,0.0,0.0
2025-01-22 00:00:00-05:00,59.54328522989271,59.706235596533524,59.10236673080712,59.21738815307617,18191900,0.0,0.0
2025-01-23 00:00:00-05:00,59.23655743586675,59.40909139294849,58.82439338911203,58.97775650024414,16528400,0.0,0.0
2025-01-24 00:00:00-05:00,59.159884220515835,59.43785237622024,58.891496004143264,59.351585388183594,19244600,0.0,0.0
2025-01-27 00:00:00-05:00,60.26217511797253,61.5178381289991,59.87876916079839,61.22069549560547,20742900,0.0,0.0
2025-01-28 00:00:00-05:00,60.87562691696699,61.38364519802043,59.69664730399113,59.77333068847656,14956000,0.0,0.0
2025-01-29 00:00:00-05:00,59.96504165630977,60.731857297650734,59.95545440403122,60.22384262084961,11325600,0.0,0.0
2025-01-30 00:00:00-05:00,61.20151818051333,61.62326944223199,60.60723663300439,61.393226623535156,13201000,0.0,0.0
2025-01-31 00:00:00-05:00,61.0577460661159,61.27820530437322,60.760603445961294,60.84687042236328,12096800,0.0,0.0
2025-02-03 00:00:00-05:00,60.55932043456487,60.990655354903836,59.84043011948833,60.722267150878906,12067900,0.0,0.0
2025-02-04 00:00:00-05:00,60.97148037657308,60.99065122245202,59.763742681454836,60.07046890258789,15678000,0.0,0.0
2025-02-05 00:00:00-05:00,60.11839840008605,60.664754715048275,59.993789728955974,60.50180435180664,10686800,0.0,0.0
2025-02-06 00:00:00-05:00,60.98106718172391,61.09609226305321,60.300518571285465,60.73185348510742,13423400,0.0,0.0
2025-02-07 00:00:00-05:00,60.798947103841996,61.26862003553026,60.64558399155083,61.19194030761719,13184700,0.0,0.0
2025-02-10 00:00:00-05:00,61.4411551831186,61.96834431975928,61.01940753027115,61.872493743896484,16154300,0.0,0.0
2025-02-11 00:00:00-05:00,64.70012415824132,64.86307086398111,63.65534047833685,64.79597473144531,30589100,0.0,0.0
2025-02-12 00:00:00-05:00,64.09625802339224,65.96536976865454,64.09625802339224,65.85993194580078,26033800,0.0,0.0
2025-02-13 00:00:00-05:00,66.13791958376657,66.72261771874456,65.90787669370476,66.61717987060547,24393100,0.0,0.0
2025-02-14 00:00:00-05:00,66.48297863437992,67.12518557727341,65.9078678301032,66.0133056640625,20779100,0.0,0.0
2025-02-18 00:00:00-05:00,65.70657659020493,66.49256302861882,65.58196425746483,66.18583679199219,15569100,0.0,0.0
2025-02-19 00:00:00-05:00,66.33920026048787,67.22103732993291,66.30085856447755,67.16352844238281,16032300,0.0,0.0
2025-02-20 00:00:00-05:00,66.81846734396166,67.1635353305131,66.54049550407679,67.13478088378906,13398000,0.0,0.0
2025-02-21 00:00:00-05:00,67.40314430980104,68.6300490710601,67.22102312048222,68.39041900634766,21662300,0.0,0.0
2025-02-24 00:00:00-05:00,67.90157924932811,68.75466910336696,67.41273912774668,67.66194915771484,21418400,0.0,0.0
2025-02-25 00:00:00-05:00,67.92075484819485,68.79300459302233,67.79614983119954,68.52462005615234,21555600,0.0,0.0
2025-02-26 00:00:00-05:00,68.31374152066898,68.32332877170428,67.60443851558294,67.86324310302734,14531200,0.0,0.0
2025-02-27 00:00:00-05:00,67.78656410482026,68.57255054316413,67.49900505860138,67.93034362792969,16789500,0.0,0.0
2025-02-28 00:00:00-05:00,68.48627605160847,68.60130112621164,67.63319352552551,68.25623321533203,22167400,0.0,0.0
2025-03-03 00:00:00-05:00,67.32647378501676,69.35853975430605,66.83763362500441,69.32019805908203,21717600,0.0,0.0
2025-03-04 00:00:00-05:00,69.08055707935378,69.63650060323283,66.98139530194152,67.2785415649414,25411900,0.0,0.0
2025-03-05 00:00:00-05:00,67.00057699848895,67.80573061918598,66.9430608020604,67.17311096191406,23933600,0.0,0.0
2025-03-06 00:00:00-05:00,67.48942425442873,67.6044420210971,66.56923824350044,67.53734588623047,21694000,0.0,0.0
2025-03-07 00:00:00-05:00,66.76094460762899,68.84093203593918,66.76094460762899,68.46710968017578,28393300,0.0,0.0
2025-03-10 00:00:00-04:00,68.97512981948138,70.18286761860641,68.36167732438656,68.48628234863281,25251200,0.0,0.0
2025-03-11 00:00:00-04:00,68.89845360706492,69.05182040328137,67.68113574205516,68.09329986572266,28076400,0.0,0.0
2025-03-12 00:00:00-04:00,67.45108159634006,67.79614951726941,66.84720907824864,67.0389175415039,18923300,0.0,0.0
2025-03-13 00:00:00-04:00,67.33605821352727,67.33605821352727,66.40629225389085,66.73219299316406,15746600,0.0,0.0
2025-03-14 00:00:00-04:00,66.15283434843828,66.87702970990786,66.02730243763668,66.78047180175781,14205100,0.51,0.0
2025-03-17 00:00:00-04:00,66.85771593670952,67.75571850954078,66.70322475189904,67.70744323730469,15634800,0.0,0.0
2025-03-18 00:00:00-04:00,67.69778376850448,67.77503304268328,66.91565512640886,66.9928970336914,12657600,0.0,0.0
2025-03-19 00:00:00-04:00,66.1914600455094,66.99289732620088,66.18180204447081,66.8963394165039,14780000,0.0,0.0
2025-03-20 00:00:00-04:00,66.92530731272771,67.40810423719846,66.71287548725715,67.3115463256836,16295300,0.0,0.0
2025-03-21 00:00:00-04:00,67.31155349376947,67.56260998396056,65.83419592626689,66.30733489990234,47479500,0.0,0.0
2025-03-24 00:00:00-04:00,66.43285694680758,66.70322203438347,65.97902667827829,66.57769012451172,12575400,0.0,0.0
2025-03-25 00:00:00-04:00,66.57769506602847,66.70322698521743,66.23973868147488,66.44251251220703,12513900,0.0,0.0
2025-03-26 00:00:00-04:00,66.54872623137739,67.92952572859517,66.52941759585319,67.61087799072266,14478200,0.0,0.0
2025-03-27 00:00:00-04:00,67.76537637131406,68.54750502875585,67.65916045895821,68.30610656738281,11663400,0.0,0.0
2025-03-28 00:00:00-04:00,68.37369353604502,68.86614842896456,67.13773467035325,67.94883728027344,17412900,0.0,0.0
2025-03-31 00:00:00-04:00,68.29645249344576,69.46482010362061,68.06470467803386,69.15583038330078,24016900,0.0,0.0
2025-04-01 00:00:00-04:00,69.21376686833263,69.43585669335997,68.74062794862651,69.39723205566406,15309100,0.0,0.0
2025-04-02 00:00:00-04:00,69.48412247150276,69.8703614287925,68.60543602639157,68.87580108642578,14606500,0.0,0.0
2025-04-03 00:00:00-04:00,69.98624243264759,71.40565914195875,69.83174388728531,70.66215515136719,24959600,0.0,0.0
2025-04-04 00:00:00-04:00,69.9283058450288,70.49801005543003,67.38879663543784,67.52397918701172,26517300,0.0,0.0
2025-04-07 00:00:00-04:00,63.95127677111857,66.99289116476056,63.77746960289084,66.01764678955078,34258400,0.0,0.0
2025-04-08 00:00:00-04:00,66.58735482038897,67.5722647291822,65.42864508087597,66.06593322753906,22774400,0.0,0.0
2025-04-09 00:00:00-04:00,65.58313478033457,68.04540212930753,64.96515528442468,67.54328918457031,27918700,0.0,0.0
2025-04-10 00:00:00-04:00,67.77502841605788,68.75993081046681,66.60666084972253,68.3254165649414,22450200,0.0,0.0
2025-04-11 00:00:00-04:00,68.47026079185872,69.3779139662701,68.11298842909176,68.97236633300781,19988200,0.0,0.0
2025-04-14 00:00:00-04:00,68.84684078636653,70.16004894180331,68.48956842880492,69.95726776123047,13930200,0.0,0.0
2025-04-15 00:00:00-04:00,70.12142661602554,70.13107725016427,69.25239069528264,69.3875732421875,14965500,0.0,0.0
2025-04-16 00:00:00-04:00,69.8703721231953,70.16970386163544,68.9337449026479,69.2137680053711,15276200,0.0,0.0
2025-04-17 00:00:00-04:00,69.42619065560834,70.90354788370354,69.25238348954446,70.48834228515625,20754500,0.0,0.0
2025-04-21 00:00:00-04:00,70.85527105258988,70.94217832618618,69.34894706795127,70.2662582397461,16037200,0.0,0.0
2025-04-22 00:00:00-04:00,70.48834782935471,71.82086462938868,70.41109855682912,71.35738372802734,15613500,0.0,0.0
2025-04-23 00:00:00-04:00,70.76837239451646,71.40566048891696,69.88967847670963,70.77803039550781,16353900,0.0,0.0
2025-04-24 00:00:00-04:00,70.50766113167953,70.90355815440967,69.81243973361352,70.02486419677734,16893900,0.0,0.0
2025-04-25 00:00:00-04:00,70.1503893831395,70.41109646153511,68.68268271641372,69.43585205078125,16316000,0.0,0.0
2025-04-28 00:00:00-04:00,69.59999988063271,69.77380705183828,68.85648856112718,69.31997680664062,15997500,0.0,0.0
2025-04-29 00:00:00-04:00,68.74062516382395,70.20832450232723,67.8619312673565,69.86071014404297,16244100,0.0,0.0
2025-04-30 00:00:00-04:00,70.826303626253,70.95183553483541,69.22342175198932,70.0538330078125,21074700,0.0,0.0
2025-05-01 00:00:00-04:00,69.52275949278493,69.5613841320863,68.77925544519941,68.83718872070312,18034200,0.0,0.0
2025-05-02 00:00:00-04:00,69.03995864687234,69.34894837690976,68.65371964260149,69.18479919433594,12629600,0.0,0.0
2025-05-05 00:00:00-04:00,69.20410373913376,69.32963564406757,68.56681568161564,69.23307037353516,11932700,0.0,0.0
2025-05-06 00:00:00-04:00,69.21376336474755,69.42619517787357,68.71165783391007,69.25238800048828,12705500,0.0,0.0
2025-05-07 00:00:00-04:00,69.2523849081557,70.18901202408111,69.20410227391177,69.90898895263672,15018200,0.0,0.0
2025-05-08 00:00:00-04:00,69.7158739769648,69.97658844549342,68.68268883800654,68.7213134765625,14371100,0.0,0.0
2025-05-09 00:00:00-04:00,68.54750398523058,68.7020025342676,68.03574043361395,68.09367370605469,11228900,0.0,0.0
2025-05-12 00:00:00-04:00,67.73641194468784,67.9102191372231,66.33629640290485,67.13774108886719,21539000,0.0,0.0
2025-05-13 00:00:00-04:00,67.19567039245828,67.29223566796773,66.50044903030523,66.58734893798828,14389100,0.0,0.0
2025-05-14 00:00:00-04:00,66.51009934528305,66.95427161629019,66.22042562083293,66.78047180175781,16286800,0.0,0.0
2025-05-15 00:00:00-04:00,67.30189132928837,69.26205311834786,67.20533341346248,69.14617919921875,19817100,0.0,0.0
2025-05-16 00:00:00-04:00,69.38757593174199,69.77381495225401,68.97237027389848,69.52275848388672,18441200,0.0,0.0
2025-05-19 00:00:00-04:00,69.5517199545709,69.6869024966736,69.17513896344255,69.45516204833984,13282800,0.0,0.0
2025-05-20 00:00:00-04:00,69.32964273377839,69.64828311167398,68.97237035020261,69.22342681884766,12137800,0.0,0.0
2025-05-21 00:00:00-04:00,69.2234232484415,69.60000424853749,69.11720733898919,69.37791442871094,12094400,0.0,0.0
2025-05-22 00:00:00-04:00,69.36825740162537,69.51309794990247,68.51853748097409,68.69234466552734,11101800,0.0,0.0
2025-05-23 00:00:00-04:00,69.07858435085139,69.50344799880062,68.25783105841015,69.30066680908203,12822100,0.0,0.0
2025-05-27 00:00:00-04:00,69.27170098439267,69.73518927548727,69.09789379609425,69.3103256225586,10666100,0.0,0.0
2025-05-28 00:00:00-04:00,69.2330756731049,69.42619886205688,68.60544556797612,68.7020034790039,8710900,0.0,0.0
2025-05-29 00:00:00-04:00,68.5571650197853,69.19446051241763,68.03574344405793,69.03030395507812,10291100,0.0,0.0
2025-05-30 00:00:00-04:00,69.1461695930363,69.97658081418756,69.1461695930363,69.61930847167969,28019500,0.0,0.0
2025-06-02 00:00:00-04:00,69.55172512121821,69.56138312262757,68.90477899782611,69.52275848388672,10202700,0.0,0.0
2025-06-03 00:00:00-04:00,69.24272680449768,69.31031807220083,68.04539261937222,68.71165466308594,20139800,0.0,0.0
2025-06-04 00:00:00-04:00,68.80822042653436,69.37791726699777,68.24817422049146,68.91443634033203,13565900,0.0,0.0
2025-06-05 00:00:00-04:00,68.9240835227365,69.00133279561064,68.39301134724305,68.47026062011719,13531400,0.0,0.0
2025-06-06 00:00:00-04:00,68.6344116191381,69.02065062685098,68.49922907147304,68.8951187133789,9524000,0.0,0.0
2025-06-09 00:00:00-04:00,68.89511916343761,69.35860744910008,68.64406270174976,69.30066680908203,12281300,0.0,0.0
2025-06-10 00:00:00-04:00,69.42619587963567,70.1890158677097,69.2910133366247,69.86071014404297,12265000,0.0,0.0
2025-06-11 00:00:00-04:00,69.78346310999267,69.8703703857992,69.2910155590421,69.59034729003906,12718500,0.0,0.0
2025-06-12 00:00:00-04:00,69.7641517140633,69.90899225674505,69.13651427370635,69.7544937133789,12806900,0.0,0.0
2025-06-13 00:00:00-04:00,69.79338545340401,69.90035654658321,68.78203453124911,69.06404113769531,17467200,0.51,0.0
2025-06-16 00:00:00-04:00,69.23909237992787,69.64753088439153,68.30553243409292,68.57781982421875,15045900,0.0,0.0
2025-06-17 00:00:00-04:00,68.44166978608237,68.51946829584377,67.66370694629117,67.70260620117188,15437000,0.0,0.0
2025-06-18 00:00:00-04:00,68.07214534586534,68.07214534586534,67.18720389511707,67.30390167236328,16227600,0.0,0.0
2025-06-20 00:00:00-04:00,67.18720661151085,67.6442636501103,66.88574661553051,66.944091796875,40859400,0.0,0.0
2025-06-23 00:00:00-04:00,67.23582379516291,67.88736963299863,67.0705075233433,67.81929779052734,21822800,0.0,0.0
2025-06-24 00:00:00-04:00,68.01379883852329,68.41250325259621,67.77068403846482,68.27635955810547,15216100,0.0,0.0
2025-06-25 00:00:00-04:00,68.00407441662121,68.09159218628271,67.51784480043466,67.71233367919922,12540400,0.0,0.0
2025-06-26 00:00:00-04:00,67.78040891635375,67.99435114525266,67.24556076338197,67.55674743652344,14454100,0.0,0.0
2025-06-27 00:00:00-04:00,67.67343361161315,68.61672024283682,67.55674325345768,68.39305877685547,23470700,0.0,0.0
2025-06-30 00:00:00-04:00,68.19856338786346,68.8403900433521,68.15966412820278,68.8014907836914,15429000,0.0,0.0
2025-07-01 00:00:00-04:00,69.03487159847685,70.45466103872845,68.94735383798142,69.6961441040039,21729300,0.0,0.0
2025-07-02 00:00:00-04:00,69.71560163612547,69.85174532904846,68.79176095497682,68.95708465576172,13050200,0.0,0.0
2025-07-03 00:00:00-04:00,69.0835040046779,69.43358991805621,68.50974920581203,69.38496398925781,9440500,0.0,0.0
2025-07-07 00:00:00-04:00,69.40441481917803,69.40441481917803,68.85011337958225,69.05432891845703,16984700,0.0,0.0
2025-07-08 00:00:00-04:00,68.73341879894397,68.73341879894397,67.95544844581035,68.30553436279297,17115500,0.0,0.0
2025-07-09 00:00:00-04:00,68.22773982622861,68.31525759142838,67.07051102453329,67.56646728515625,33704100,0.0,0.0
2025-07-10 00:00:00-04:00,67.38169635137521,67.92627110894632,67.25527933101753,67.84847259521484,14608400,0.0,0.0
2025-07-11 00:00:00-04:00,67.65399136691192,68.22774619635348,67.34280469613401,67.94573211669922,12916700,0.0,0.0
2025-07-14 00:00:00-04:00,67.87766077987182,68.14994819146116,67.36225112876282,67.55674743652344,13983200,0.0,0.0
2025-07-15 00:00:00-04:00,67.5956384245537,67.63453768134465,67.24555253270967,67.44976806640625,12639800,0.0,0.0
2025-07-16 00:00:00-04:00,67.4400498050192,67.58592018135205,66.89547498060382,67.36225128173828,13178300,0.0,0.0
2025-07-17 00:00:00-04:00,67.8873723163439,68.7431411346933,67.5956390167677,68.64588928222656,20464700,0.0,0.0
2025-07-18 00:00:00-04:00,68.50002428260001,68.75285831744291,67.90682361290611,67.92626953125,14928000,0.0,0.0
2025-07-21 00:00:00-04:00,68.25691078277983,68.67506851815607,68.00406932390068,68.14021301269531,17811700,0.0,0.0
2025-07-22 00:00:00-04:00,67.53729313821027,68.3249901897365,66.79822943702882,67.74151611328125,22339900,0.0,0.0
2025-07-23 00:00:00-04:00,67.74150912444364,67.8193002191434,66.71069736246947,67.25527954101562,21030000,0.0,0.0
2025-07-24 00:00:00-04:00,67.35252696650302,67.63454102773488,67.08995882499147,67.19692993164062,12511400,0.0,0.0
2025-07-25 00:00:00-04:00,67.22609250733247,67.323344349273,66.85656073348959,67.2649917602539,12574800,0.0,0.0
2025-07-28 00:00:00-04:00,66.84684454319225,67.0024415792667,66.1855719784259,66.2147445678711,13668800,0.0,0.0
2025-07-29 00:00:00-04:00,66.45785695322093,67.50811465066909,66.27309475370163,67.4692153930664,16223400,0.0,0.0
2025-07-30 00:00:00-04:00,67.20665327464992,67.42059547735886,66.64262518010356,66.8565673828125,10448200,0.0,0.0
2025-07-31 00:00:00-04:00,66.27308985919274,66.75931941440432,65.87437806266762,66.02024841308594,17193400,0.0,0.0
2025-08-01 00:00:00-04:00,66.71070526220926,67.13858972046297,66.38979191851898,66.96354675292969,16107500,0.0,0.0
2025-08-04 00:00:00-04:00,66.82739526312896,67.17748115741855,66.42868344269235,67.06078338623047,10701500,0.0,0.0
2025-08-05 00:00:00-04:00,67.00244505561813,67.57619246254212,66.85657468154875,67.1483154296875,11993400,0.0,0.0
2025-08-06 00:00:00-04:00,67.21638358966032,67.87765615241412,66.73987323258883,67.59564208984375,10783000,0.0,0.0
2025-08-07 00:00:00-04:00,67.54701641074455,68.77231710316218,67.42059938330841,68.49030303955078,15790800,0.0,0.0
2025-08-08 00:00:00-04:00,68.42223196486772,68.91818824919164,68.14994456775658,68.40277862548828,9232700,0.0,0.0
2025-08-11 00:00:00-04:00,68.36388709624019,68.90846189293951,68.0332470987619,68.8014907836914,10909400,0.0,0.0
2025-08-12 00:00:00-04:00,68.86955196425856,69.1029400667919,68.2860779982882,68.76258087158203,11061100,0.0,0.0
2025-08-13 00:00:00-04:00,68.74314673615265,68.82093783748022,68.29581637159919,68.51947784423828,10356500,0.0,0.0
2025-08-14 00:00:00-04:00,68.44167219773797,68.51947071024072,67.47893971815856,67.63453674316406,10722400,0.0,0.0
2025-08-15 00:00:00-04:00,67.81930366295872,68.45140363736765,67.65398737682446,67.99434661865234,12381100,0.0,0.0
2025-08-18 00:00:00-04:00,68.0527010275443,68.1207728777212,67.14831363560826,67.22610473632812,14094900,0.0,0.0
2025-08-19 00:00:00-04:00,67.39142710581851,68.28608781014285,67.33307450734513,68.19856262207031,13862200,0.0,0.0
2025-08-20 00:00:00-04:00,68.79176028044219,69.73504687164127,68.47085438985596,68.75286102294922,17530800,0.0,0.0
2025-08-21 00:00:00-04:00,68.65562139905826,68.95708881093178,68.39306066667838,68.71397399902344,8840400,0.0,0.0
2025-08-22 00:00:00-04:00,69.0057055575972,69.0640507367955,67.99434707560117,68.19856262207031,12999600,0.0,0.0
2025-08-25 00:00:00-04:00,68.17911841948447,68.29581620009569,66.8274006593243,67.0316162109375,13634600,0.0,0.0
2025-08-26 00:00:00-04:00,67.13858767963907,67.17748694005022,66.69125731382393,66.83712768554688,17964200,0.0,0.0
2025-08-27 00:00:00-04:00,66.92464527834655,66.97327120854948,66.58428602475186,66.93437194824219,11562700,0.0,0.0
2025-08-28 00:00:00-04:00,66.98298569010511,67.00243902851135,66.39951166558859,66.47731018066406,16209900,0.0,0.0
2025-08-29 00:00:00-04:00,66.77876394940247,67.23582090892134,66.54537584513025,67.08995056152344,14601100,0.0,0.0
2025-09-02 00:00:00-04:00,67.06079083450022,67.43032268872678,66.38007230848406,67.15803527832031,24770100,0.0,0.0
2025-09-03 00:00:00-04:00,66.76904470037692,67.19692165499697,65.51457158359344,67.08995056152344,33581500,0.0,0.0
2025-09-04 00:00:00-04:00,67.2066539207852,67.54701314687868,66.23419474950401,66.3703384399414,16736000,0.0,0.0
2025-09-05 00:00:00-04:00,66.13695142757932,66.69125286775295,66.00080773485419,66.08832550048828,23978000,0.0,0.0
2025-09-08 00:00:00-04:00,65.99107949039693,66.01052540920429,65.31036104301985,65.57292175292969,21671700,0.0,0.0
2025-09-09 00:00:00-04:00,65.42705312687427,66.23419603533294,65.42705312687427,65.99108123779297,14120600,0.0,0.0
2025-09-10 00:00:00-04:00,65.92301399381509,66.21474731966617,65.3589858435175,65.95218658447266,16041900,0.0,0.0
2025-09-11 00:00:00-04:00,66.04943138652364,66.29254620236269,65.71879879823474,65.75769805908203,15128700,0.0,0.0
2025-09-12 00:00:00-04:00,65.73824478014974,65.85494256280013,65.09642552376107,65.16449737548828,18712400,0.0,0.0
2025-09-15 00:00:00-04:00,65.34087997366443,65.43887019959712,64.77252619660982,64.88031768798828,15986100,0.51,0.0
2025-09-16 00:00:00-04:00,65.01750523605885,65.1742955778558,64.7333283486831,64.90971374511719,18555900,0.0,0.0
2025-09-17 00:00:00-04:00,65.07630415392892,65.78183825049771,65.07630415392892,65.69364929199219,17372300,0.0,0.0
2025-09-18 00:00:00-04:00,65.45846562038378,65.69364363231217,65.01749843732205,65.12528991699219,17722900,0.0,0.0
2025-09-19 00:00:00-04:00,65.15468649403651,65.3898719830779,64.7235280498091,65.09589385986328,31192900,0.0,0.0
2025-09-22 00:00:00-04:00,64.83132631310944,65.2526835370025,64.75293114189328,64.88031768798828,13298700,0.0,0.0
2025-09-23 00:00:00-04:00,65.01749901626968,65.41926862155853,64.57653930545564,65.37026977539062,15072800,0.0,0.0
2025-09-24 00:00:00-04:00,65.07630366615524,65.43886823886022,64.63533644840827,65.11549377441406,14759300,0.0,0.0
2025-09-25 00:00:00-04:00,65.40947067059923,65.57605479413007,64.62553394924579,64.65493774414062,14395000,0.0,0.0
2025-09-26 00:00:00-04:00,64.74312650156337,64.99790705664735,64.18457401907035,64.35115814208984,17821600,0.0,0.0
2025-09-29 00:00:00-04:00,64.35115781937314,64.7725224953635,64.03758462860179,64.71372985839844,14818500,0.0,0.0
2025-09-30 00:00:00-04:00,64.74311888320895,65.30167129997683,64.63532741013324,64.98809814453125,13815000,0.0,0.0
2025-10-01 00:00:00-04:00,65.17429132233272,65.48786450927703,64.95870835452578,65.4388656616211,14877500,0.0,0.0
2025-10-02 00:00:00-04:00,65.19388664524624,65.31147939440201,64.53734395051924,64.77252197265625,14350700,0.0,0.0
2025-10-03 00:00:00-04:00,64.77252782012611,65.64465356228432,64.71373517832788,65.31148529052734,12249200,0.0,0.0
2025-10-06 00:00:00-04:00,65.15468906219432,65.16449032700093,64.51774142090602,64.77252197265625,14333300,0.0,0.0
2025-10-07 00:00:00-04:00,64.89011693932171,65.9092317049746,64.54714742111516,65.44866943359375,13328300,0.0,0.0
2025-10-08 00:00:00-04:00,65.33107181102581,65.52705971837518,64.7333217769151,64.79212188720703,12606700,0.0,0.0
2025-10-09 00:00:00-04:00,64.95870658196498,65.45846640495527,64.79212246635964,65.03710174560547,12705200,0.0,0.0
2025-10-10 00:00:00-04:00,65.18408816671072,66.04642007836401,65.04690035825222,65.69364929199219,17991700,0.0,0.0
2025-10-13 00:00:00-04:00,64.89991312561031,65.45846557617188,64.67452890204109,65.45846557617188,13690000,0.0,0.0
2025-10-14 00:00:00-04:00,65.52705897818034,66.2129979557192,65.40946623509903,66.15420532226562,14245600,0.0,0.0
2025-10-15 00:00:00-04:00,65.91902065868352,66.35998784361045,65.57605116563428,65.73284149169922,11193700,0.0,0.0
2025-10-16 00:00:00-04:00,65.8308427856225,66.74216614975607,65.81124772965397,66.23260498046875,15707200,0.0,0.0
2025-10-17 00:00:00-04:00,66.63437053261288,67.12432913947032,66.4383900803399,67.06553649902344,15541800,0.0,0.0
2025-10-20 00:00:00-04:00,67.05573523355727,67.2615169512964,66.55597536123368,67.06553649902344,17786800,0.0,0.0
2025-10-21 00:00:00-04:00,69.15274814154425,69.95627984931726,68.81957992240194,69.7896957397461,33651300,0.0,0.0
2025-10-22 00:00:00-04:00,69.92688925310526,70.18166980846195,69.09396116094165,69.38793182373047,18293000,0.0,0.0
2025-10-23 00:00:00-04:00,69.38793115771634,69.50552390740795,68.31982505033886,68.53540802001953,13989400,0.0,0.0
2025-10-24 00:00:00-04:00,68.50600835335094,68.64319614986536,68.25122781289237,68.31002044677734,15688200,0.0,0.0
2025-10-27 00:00:00-04:00,68.37861664627238,68.71179236057321,67.85926175967863,68.65299224853516,13800000,0.0,0.0
2025-10-28 00:00:00-04:00,68.64319271771217,69.4761207195246,68.54519503123814,68.75098419189453,12730500,0.0,0.0
2025-10-29 00:00:00-04:00,68.51580263469621,68.62359411504399,66.79115390148044,66.97733306884766,19789600,0.0,0.0
2025-10-30 00:00:00-04:00,67.0753260451263,67.89846034018632,67.01653340839866,67.59468841552734,14751700,0.0,0.0
2025-10-31 00:00:00-04:00,67.17332686291137,67.68288051597163,66.53637918945483,67.51629638671875,16742700,0.0,0.0
2025-11-03 00:00:00-05:00,67.418298181695,67.50648713044556,66.3011933071436,66.60496520996094,15660400,0.0,0.0
2025-11-04 00:00:00-05:00,67.09492602676555,67.34970656986725,66.79115411364286,67.28111267089844,12743800,0.0,0.0
2025-11-05 00:00:00-05:00,67.28111382078306,67.44769793881517,66.81075030826216,67.13412475585938,12850100,0.0,0.0
2025-11-06 00:00:00-05:00,66.92834874412519,67.75147561578181,66.55597541784478,67.67308044433594,15906700,0.0,0.0
2025-11-07 00:00:00-05:00,68.40801177093759,69.44672900218079,68.01605090378472,69.1331558227539,25108300,0.0,0.0
2025-11-10 00:00:00-05:00,68.60399978698393,69.24094741135572,68.04544732663392,69.10375213623047,15318000,0.0,0.0
2025-11-11 00:00:00-05:00,69.5545222605106,70.30905517284877,69.2409490730724,70.17186737060547,16160200,0.0,0.0
2025-11-12 00:00:00-05:00,70.05427289816534,70.4462412418629,69.90728383475697,70.0738754272461,13612600,0.0,0.0
2025-11-13 00:00:00-05:00,69.98568498058603,70.23066428181421,69.57412154880467,69.64271545410156,14002800,0.0,0.0
2025-11-14 00:00:00-05:00,69.97588289768096,70.20125964144074,69.1821449719783,69.73090362548828,13172000,0.0,0.0
2025-11-17 00:00:00-05:00,69.77009744703302,70.09347189783703,69.20175118715945,69.26054382324219,14772300,0.0,0.0
2025-11-18 00:00:00-05:00,69.56431152148734,69.90728100477325,69.15274814154425,69.7896957397461,12838900,0.0,0.0
2025-11-19 00:00:00-05:00,69.77009660687074,70.01507588916476,69.387929524586,69.6819076538086,12401500,0.0,0.0
2025-11-20 00:00:00-05:00,69.52511904395256,70.04448141524637,69.19195080035703,69.77989959716797,15396500,0.0,0.0
2025-11-21 00:00:00-05:00,70.24046331284934,71.72014033852818,70.05427665746251,71.48495483398438,26492500,0.0,0.0
2025-11-24 00:00:00-05:00,71.69073918877703,71.69073918877703,70.13266709990427,71.1321792602539,39818600,0.0,0.0
2025-11-25 00:00:00-05:00,71.33797346016362,71.46536000172232,70.69122453492395,71.15178680419922,17451200,0.0,0.0
2025-11-26 00:00:00-05:00,71.14198334291316,71.62214065138447,70.9362016392826,71.4163589477539,11795100,0.0,0.0
2025-11-28 00:00:00-05:00,71.53395753436592,71.75934178597755,71.2987794933354,71.65155029296875,7423000,0.0,0.0
2025-12-01 00:00:00-05:00,71.64167322861248,71.94758632563475,70.98051908409195,71.00025177001953,14388100,0.51,0.0
2025-12-02 00:00:00-05:00,70.85224088449384,70.85224088449384,69.50032221475122,69.73715209960938,19871300,0.0,0.0
2025-12-03 00:00:00-05:00,69.94437323728688,70.45751339427578,69.67794058058216,69.87529754638672,17001700,0.0,0.0
2025-12-04 00:00:00-05:00,69.89503882975501,70.39830135886356,69.44111177850974,69.52005004882812,17710000,0.0,0.0
2025-12-05 00:00:00-05:00,69.39176441704456,69.77661575217998,68.94770750071454,69.07598876953125,13978200,0.0,0.0
2025-12-08 00:00:00-05:00,68.91810129893102,69.4509741475746,68.57272284018585,69.32269287109375,17775100,0.0,0.0
2025-12-09 00:00:00-05:00,69.44111285205581,69.69767540975708,68.90823999356826,69.16480255126953,13010600,0.0,0.0
2025-12-10 00:00:00-05:00,69.46084266259923,69.59899404293097,68.85889413600285,69.28321838378906,29789400,0.0,0.0
2025-12-11 00:00:00-05:00,69.61873284921789,69.756884226757,67.88196299470222,68.19773864746094,23124200,0.0,0.0
2025-12-12 00:00:00-05:00,68.1977426238054,69.68781260121206,68.12866693100831,69.58912658691406,18444500,0.0,0.0
2025-12-15 00:00:00-05:00,69.50031503382299,70.37856631442011,69.39176644600218,70.03318786621094,18660100,0.0,0.0
2025-12-16 00:00:00-05:00,70.35883287251339,70.35883287251339,69.39176569924918,69.44110870361328,17370000,0.0,0.0
2025-12-17 00:00:00-05:00,69.638473608309,69.98385209220345,69.38190350797899,69.73715209960938,13672700,0.0,0.0
2025-12-18 00:00:00-05:00,69.34242036795195,69.86543059913025,69.24374189122055,69.43123626708984,15524800,0.0,0.0
2025-12-19 00:00:00-05:00,69.13520050048828,69.83582754545967,69.10559770725773,69.13520050048828,36911100,0.0,0.0
2025-12-22 00:00:00-05:00,69.00691562312558,69.29308849058006,68.74048296925311,69.28321838378906,12828500,0.0,0.0
2025-12-23 00:00:00-05:00,69.27335402353785,69.33256714051029,68.77009146573242,68.94771575927734,9471000,0.0,0.0
2025-12-24 00:00:00-05:00,68.9773127247448,69.233882800115,68.82929123785102,69.18453979492188,4515300,0.0,0.0
2025-12-26 00:00:00-05:00,69.02665403409692,69.23388865047116,68.80956436748532,68.94771575927734,5711400,0.0,0.0
2025-12-29 00:00:00-05:00,69.07598750414854,69.490441622289,68.92796602518833,69.23387908935547,9686900,0.0,0.0
2025-12-30 00:00:00-05:00,69.07599724091826,69.3128271234264,68.87864026027583,69.14507293701172,8610900,0.0,0.0
2025-12-31 00:00:00-05:00,69.14506668168093,69.2338825850155,68.95757229695229,68.9871826171875,8127800,0.0,0.0
2026-01-02 00:00:00-05:00,68.92797078737598,68.94771100123326,68.0694597017261,68.20761108398438,12151300,0.0,0.0
2026-01-05 00:00:00-05:00,68.01024198336809,68.01024198336809,67.02344216052634,67.04318237304688,21186600,0.0,0.0
2026-01-06 00:00:00-05:00,67.11226549444879,67.34909537013587,66.69780380113889,66.94450378417969,21019900,0.0,0.0
2026-01-07 00:00:00-05:00,67.09251729332391,67.17146308538422,66.38202022215133,66.6484603881836,20223400,0.0,0.0
2026-01-08 00:00:00-05:00,66.64846204351811,68.54311592791208,66.55964614307308,68.45430755615234,19237000,0.0,0.0
2026-01-09 00:00:00-05:00,68.51351610046417,69.72728326780512,68.20761054625903,69.57926177978516,19638600,0.0,0.0
2026-01-12 00:00:00-05:00,69.96411846121707,70.03319415706375,69.31282687578879,69.56939697265625,20582500,0.0,0.0
2026-01-13 00:00:00-05:00,69.49045352040655,70.29962921142578,69.34243201610218,70.29962921142578,18324800,0.0,0.0
2026-01-14 00:00:00-05:00,70.23055380396659,70.76342670445631,69.8753052036401,70.49699401855469,16739100,0.0,0.0
2026-01-15 00:00:00-05:00,70.64500068317753,70.65487079013353,69.441111138545,69.5496597290039,15464100,0.0,0.0
2026-01-16 00:00:00-05:00,69.36217136863179,69.80622834733131,69.11547137409065,69.51019287109375,20027500,0.0,0.0
2026-01-20 00:00:00-05:00,69.07599472418063,70.83249738543434,68.86876764345041,70.80289459228516,22152200,0.0,0.0
2026-01-21 00:00:00-05:00,71.02986070831885,71.28642326380957,69.89503930809639,71.05946350097656,21660600,0.0,0.0
2026-01-22 00:00:00-05:00,70.88183752597381,71.08906459832171,70.49698617322974,70.92131042480469,13962800,0.0,0.0
2026-01-23 00:00:00-05:00,71.06932783504202,72.0956006684145,70.83249795924407,71.91797637939453,18307100,0.0,0.0
2026-01-26 00:00:00-05:00,71.89823871049093,72.33243305993389,71.582463055083,71.6021957397461,14017400,0.0,0.0
2026-01-27 00:00:00-05:00,71.48379115701083,72.58900228836966,71.31602944284143,72.57913970947266,13239200,0.0,0.0
2026-01-28 00:00:00-05:00,72.24361780016629,72.64820936187252,71.61206648372996,72.09559631347656,14633700,0.0,0.0
2026-01-29 00:00:00-05:00,72.21401627497787,73.11200026025516,72.17454337592267,72.4607162475586,20862100,0.0,0.0
2026-01-30 00:00:00-05:00,72.737016175551,73.91131040841778,72.56926200762301,73.82249450683594,26420500,0.0,0.0
2026-02-02 00:00:00-05:00,74.01986427962527,74.70075110650464,73.41791572472846,74.33563995361328,19301500,0.0,0.0
2026-02-03 00:00:00-05:00,74.27641971582645,76.47698664414396,74.13826834224798,75.87503814697266,27007100,0.0,0.0
2026-02-04 00:00:00-05:00,76.25001844126345,77.07893420131059,76.06253159579924,76.32896423339844,28607300,0.0,0.0
2026-02-05 00:00:00-05:00,76.79276898046798,77.81904179412463,76.56580168770265,77.47366333007812,21633500,0.0,0.0
2026-02-06 00:00:00-05:00,77.46379078487288,78.15454769122553,77.2269609210785,77.9867935180664,18512400,0.0,0.0
2026-02-09 00:00:00-05:00,77.63155287523655,78.06574727704532,76.5164716044934,76.9407958984375,23415600,0.0,0.0
2026-02-10 00:00:00-05:00,75.61847252120707,76.48686123887099,75.00666141051002,75.79609680175781,28848200,0.0,0.0
2026-02-11 00:00:00-05:00,75.86517247503785,78.00653394803875,75.56913702664558,77.56246948242188,22649700,0.0,0.0
2026-02-12 00:00:00-05:00,77.93745878206704,79.34858292876153,77.74996439340934,77.95719146728516,26043500,0.0,0.0
2026-02-13 00:00:00-05:00,77.41445116149315,78.35191560814155,77.09867548640923,77.64141845703125,16711900,0.0,0.0
2026-02-17 00:00:00-05:00,77.94732051141658,78.58874193996218,77.70062054110562,78.50979614257812,16260200,0.0,0.0
2026-02-18 00:00:00-05:00,78.45058971122995,78.78609805345862,77.87824397940815,78.44071960449219,16304900,0.0,0.0
2026-02-19 00:00:00-05:00,78.41112075382725,78.61834783362212,77.55260211294627,77.8683853149414,14924700,0.0,0.0
2026-02-20 00:00:00-05:00,78.28283975448566,78.78610229492188,77.8486453788755,78.78610229492188,17175100,0.0,0.0
2026-02-23 00:00:00-05:00,78.47032449375682,79.78277016360019,78.45059180843931,79.49659729003906,17157700,0.0,0.0
2026-02-24 00:00:00-05:00,79.47686333011143,80.0195987475247,78.7959690029484,79.65448760986328,16448500,0.0,0.0
2026-02-25 00:00:00-05:00,79.33871544412028,79.62488832569855,78.50979959253391,79.40779113769531,18086900,0.0,0.0
2026-02-26 00:00:00-05:00,79.68409316732277,79.82224455318176,78.96372591647007,79.43739318847656,12843200,0.0,0.0
2026-02-27 00:00:00-05:00,79.8715873102368,80.91759280808873,79.75316861043466,80.4833984375,28483500,0.0,0.0
2026-03-02 00:00:00-05:00,80.17749742833676,80.32551892932634,79.09201896889039,79.16109466552734,18137200,0.0,0.0
2026-03-03 00:00:00-05:00,78.80584189357235,79.02293907968077,77.52299899130585,78.2927017211914,20549300,0.0,0.0
2026-03-04 00:00:00-05:00,78.24336317181664,78.42098745087183,76.72369045738563,77.0690689086914,21011800,0.0,0.0
2026-03-05 00:00:00-05:00,76.65462032500527,76.69409322640016,75.49019608425752,76.01319885253906,23165700,0.0,0.0
2026-03-06 00:00:00-05:00,75.78623379649675,76.17108514740708,75.34216933327939,76.02306365966797,15516000,0.0,0.0
2026-03-09 00:00:00-04:00,75.60861650431106,77.03947345108865,75.51980059198543,76.77304077148438,18554100,0.0,0.0
2026-03-10 00:00:00-04:00,76.45726054519106,77.37498476510837,76.08227176002292,76.85197448730469,17243900,0.0,0.0
2026-03-11 00:00:00-04:00,76.68421618138987,76.68421618138987,75.58886773500595,76.60527038574219,11546800,0.0,0.0
2026-03-12 00:00:00-04:00,76.39804638147584,77.12828372746395,75.88491374656532,76.58554077148438,16842200,0.0,0.0
2026-03-13 00:00:00-04:00,76.97304299165201,77.5493241995201,76.69484036177172,76.8438720703125,11974500,0.53,0.0
2026-03-16 00:00:00-04:00,77.49963877532433,77.92688067691923,77.24130452354646,77.32079315185547,11761200,0.0,0.0
2026-03-17 00:00:00-04:00,77.49964036226936,77.79771893430544,76.95316550702088,77.08233642578125,14900100,0.0,0.0
2026-03-18 00:00:00-04:00,76.58553841167979,76.63521311651704,75.36342544980671,75.48265838623047,13134600,0.0,0.0
2026-03-19 00:00:00-04:00,75.51247130772158,75.95958159249396,75.04548507491977,75.06536102294922,13023300,0.0,0.0
2026-03-20 00:00:00-04:00,75.08522438882993,75.56214856387686,73.91279368814436,74.2704849243164,33298700,0.0,0.0
2026-03-23 00:00:00-04:00,74.85670179768411,74.96599677096391,74.07177619751555,74.62818145751953,15054900,0.0,0.0
2026-03-24 00:00:00-04:00,74.37978549776209,75.20446299780555,74.151257576135,74.19100189208984,15653700,0.0,0.0
2026-03-25 00:00:00-04:00,74.11151075817682,75.16471614429118,73.59484982911259,74.76728057861328,14787900,0.0,0.0
2026-03-26 00:00:00-04:00,74.70766903439187,75.2640742865408,74.17113214962554,74.21087646484375,11202100,0.0,0.0
2026-03-27 00:00:00-04:00,74.34003695394449,75.56214996357933,74.22080401286095,75.22432708740234,17461000,0.0,0.0
2026-03-30 00:00:00-04:00,75.4429159104272,76.50605164961281,75.23426395194622,75.78073120117188,18502800,0.0,0.0
2026-03-31 00:00:00-04:00,76.03906564550054,76.5259202165659,75.02561219015698,75.56214904785156,18301800,0.0,0.0
2026-04-01 00:00:00-04:00,75.6615077468629,75.87015971059611,74.77721760418045,75.59195709228516,15834300,0.0,0.0
2026-04-02 00:00:00-04:00,76.08875055685873,76.46631017472605,75.6317023098237,76.22785186767578,14573400,0.0,0.0
2026-04-06 00:00:00-04:00,76.14835873586692,76.78425257070258,75.73105482809088,76.72463989257812,8259900,0.0,0.0
2026-04-07 00:00:00-04:00,76.70476805785233,77.10220362104153,75.14483972620837,75.42304992675781,12769200,0.0,0.0
2026-04-08 00:00:00-04:00,75.32368772647273,76.87368571375517,74.83683312594741,76.79419708251953,12331300,0.0,0.0
2026-04-09 00:00:00-04:00,76.15829809226068,77.78777702117893,75.88009548202379,77.67848205566406,14311000,0.0,0.0
2026-04-10 00:00:00-04:00,77.47976823541833,77.66854424679165,76.81406046756733,76.97303771972656,11081400,0.0,0.0
2026-04-13 00:00:00-04:00,76.82400413323315,76.95316747484344,75.34356436995671,75.91984558105469,12696200,0.0,0.0
2026-04-14 00:00:00-04:00,75.48265947782349,76.12849129366677,75.31375183411984,75.4131088256836,12397600,0.0,0.0
2026-04-15 00:00:00-04:00,75.25413092050265,75.25413092050265,74.24067748663992,74.82688903808594,16212100,0.0,0.0
2026-04-16 00:00:00-04:00,74.54869173119597,75.35349326766206,74.41952839214989,74.6977310180664,11501900,0.0,0.0
2026-04-17 00:00:00-04:00,74.46920197461165,75.57208206813982,74.32017027044805,75.25413513183594,15033900,0.0,0.0
2026-04-20 00:00:00-04:00,75.33361911555104,75.73105465653612,74.87657089657657,74.99580383300781,10141800,0.0,0.0
2026-04-21 00:00:00-04:00,74.99580503568177,75.04547974131874,74.14132126201923,74.2208023071289,11806900,0.0,0.0
2026-04-22 00:00:00-04:00,74.4195249666911,74.89644156618083,74.0717717003022,74.15125274658203,9352300,0.0,0.0
2026-04-23 00:00:00-04:00,74.95606443388003,76.16823950213326,74.67786181109135,75.7906723022461,12060300,0.0,0.0
2026-04-24 00:00:00-04:00,76.21791636612102,76.515994944942,75.68137947251515,76.138427734375,12008700,0.0,0.0
2026-04-27 00:00:00-04:00,76.21791205760562,76.21791205760562,74.91631800326823,74.95606231689453,15812200,0.0,0.0
2026-04-28 00:00:00-04:00,79.00988194129084,79.80475303460555,77.5791245859579,77.8473892211914,30710700,0.0,0.0
2026-04-29 00:00:00-04:00,77.86726689898849,78.77142539679481,77.68842127803904,78.36405944824219,18294700,0.0,0.0
2026-04-30 00:00:00-04:00,78.29451268715263,78.61245963126434,77.82752645476445,78.25476837158203,15142200,0.0,0.0
2026-05-01 00:00:00-04:00,78.78136462651507,79.12911790044723,77.5393832335768,78.07592010498047,12610400,0.0,0.0
2026-05-04 00:00:00-04:00,77.5592522393189,78.26469676666424,77.23137491002663,77.68842315673828,12672400,0.0,0.0
2026-05-05 00:00:00-04:00,77.68842190943671,78.2746334837031,77.24130406320289,77.9765625,11637500,0.0,0.0
2026-05-06 00:00:00-04:00,78.27463052273052,78.82110534286001,78.0659785678954,78.72174835205078,14060300,0.0,0.0
2026-05-07 00:00:00-04:00,78.2845711261052,78.64226236939791,77.59899497971874,77.9268798828125,16531400,0.0,0.0
2026-05-08 00:00:00-04:00,78.06597805720338,78.69193391761387,77.61886781126051,77.91693878173828,12447200,0.0,0.0
2026-05-11 00:00:00-04:00,77.6586181965025,78.22496142319731,77.3406636744042,78.15541076660156,10967900,0.0,0.0
2026-05-12 00:00:00-04:00,78.49322534922855,79.80475741893426,77.777842842034,79.51661682128906,19883100,0.0,0.0
2026-05-13 00:00:00-04:00,79.3576425036781,80.51019724643862,79.32782858391015,79.7451400756836,12357000,0.0,0.0
2026-05-14 00:00:00-04:00,80.2121320219049,80.40090804458362,79.39739250692739,79.93392181396484,10642000,0.0,0.0
2026-05-15 00:00:00-04:00,80.83808871150025,80.83808871150025,79.93392258301539,80.30155181884766,17527200,0.0,0.0
2026-05-18 00:00:00-04:00,80.35123034180992,80.86789126211345,79.8743061549928,80.67910766601562,12375500,0.0,0.0
2026-05-19 00:00:00-04:00,80.88777013797514,82.1297515668438,80.73873085042028,81.39449310302734,16595200,0.0,0.0
2026-05-20 00:00:00-04:00,81.64288865926339,81.8714165755325,80.99705680593205,81.02687072753906,16999700,0.0,0.0
2026-05-21 00:00:00-04:00,81.26532510394343,81.27526307733143,80.20218936500615,80.64929962158203,15708400,0.0,0.0
2026-05-22 00:00:00-04:00,80.65924259051201,81.15603516434358,80.40090832959272,80.95732116699219,8240200,0.0,0.0
2026-05-26 00:00:00-04:00,80.32141489019156,81.07654167973828,79.72526535337158,79.94385528564453,13004200,0.0,0.0
2026-05-27 00:00:00-04:00,80.57975178021998,81.98071043915546,80.28168079225381,81.09642028808594,13209600,0.0,0.0
2026-05-28 00:00:00-04:00,80.7983387830763,81.23551864608098,79.82462206468935,79.89418029785156,14691400,0.0,0.0
2026-05-29 00:00:00-04:00,79.52654997942535,79.8146905596223,78.40380157834277,78.50315856933594,32477000,0.0,0.0
2026-06-01 00:00:00-04:00,78.07592351013162,78.69194145640577,77.92688422038836,78.13553619384766,12776300,0.0,0.0
2026-06-02 00:00:00-04:00,78.37399157852226,78.69193851387408,77.74803568155077,77.90701293945312,12533200,0.0,0.0
2026-06-03 00:00:00-04:00,77.78778213919385,78.52303302611722,77.60893650935269,78.25476837158203,14964300,0.0,0.0
2026-06-04 00:00:00-04:00,79.26822055124178,79.52655480787077,76.31727149881779,76.32720947265625,19361600,0.0,0.0
2026-06-05 00:00:00-04:00,77.01278234173839,80.222057932939,76.98297600195211,78.97014617919922,25708100,0.0,0.0
2026-06-08 00:00:00-04:00,78.80123435242527,79.41725986290979,78.59258238446752,79.0297622680664,12828900,0.0,0.0
2026-06-09 00:00:00-04:00,79.03969616429994,81.235518281949,78.87078093951726,80.81820678710938,20591600,0.0,0.0
2026-06-10 00:00:00-04:00,82.14961350503755,83.3121062121698,81.59320829419526,83.05377197265625,20880500,0.0,0.0
2026-06-11 00:00:00-04:00,83.38166256276116,83.50089550771385,81.96083551900014,82.00057983398438,14264500,0.0,0.0
2026-06-12 00:00:00-04:00,82.17942298796885,82.35826860978896,81.34481513977678,82.09000396728516,11757700,0.0,0.0
2026-06-15 00:00:00-04:00,81.08000183105469,81.19999694824219,80.25,80.91000366210938,20055200,0.53,0.0
2026-06-16 00:00:00-04:00,81.1500015258789,81.38999938964844,79.83999633789062,80.27999877929688,17565100,0.0,0.0
2026-06-17 00:00:00-04:00,79.94999694824219,80.33000183105469,78.98999786376953,79.93000030517578,17055400,0.0,0.0
2026-06-18 00:00:00-04:00,79.87000274658203,80.01000213623047,78.73999786376953,79.38999938964844,46857900,0.0,0.0
2026-06-22 00:00:00-04:00,79.25,80.05999755859375,79.05999755859375,79.52999877929688,21205900,0.0,0.0
2026-06-23 00:00:00-04:00,81.33000183105469,81.33000183105469,79.83000183105469,80.30999755859375,16854000,0.0,0.0
2026-06-24 00:00:00-04:00,80.88999938964844,81.58000183105469,80.55999755859375,80.5999984741211,20632600,0.0,0.0
2026-06-25 00:00:00-04:00,80.52999877929688,81.37999725341797,79.97000122070312,80.41999816894531,16021400,0.0,0.0
2026-06-26 00:00:00-04:00,80.95999908447266,82.80999755859375,80.69999694824219,82.62999725341797,53357500,0.0,0.0
2026-06-29 00:00:00-04:00,82.83000183105469,83.62000274658203,82.20999908447266,82.6500015258789,15015800,0.0,0.0
2026-06-30 00:00:00-04:00,82.5,82.54000091552734,81.01000213623047,81.2699966430664,16422100,0.0,0.0
2026-07-01 00:00:00-04:00,81.69999694824219,81.9800033569336,80.95999908447266,81.29000091552734,21734800,0.0,0.0
2026-07-02 00:00:00-04:00,81.62999725341797,84.13999938964844,81.4000015258789,84.13999938964844,18308400,0.0,0.0
2026-07-06 00:00:00-04:00,84.0999984741211,84.55999755859375,82.31999969482422,82.95999908447266,18992600,0.0,0.0
2026-07-07 00:00:00-04:00,84.5999984741211,85.68000030517578,83.63999938964844,84.05000305175781,17835200,0.0,0.0
2026-07-08 00:00:00-04:00,84.16999816894531,84.83000183105469,83.2699966430664,83.4000015258789,14160000,0.0,0.0
2026-07-09 00:00:00-04:00,82.08999633789062,82.81999969482422,81.70999908447266,82.62999725341797,15782500,0.0,0.0
2026-07-10 00:00:00-04:00,82.7300033569336,83.73999786376953,82.41000366210938,83.48999786376953,10694600,0.0,0.0
2026-07-13 00:00:00-04:00,83.9000015258789,84.68000030517578,83.66999816894531,84.25,12085800,0.0,0.0
2026-07-14 00:00:00-04:00,84.16999816894531,84.62999725341797,83.08000183105469,83.08000183105469,13775400,0.0,0.0
2026-07-15 00:00:00-04:00,82.93000030517578,83.23999786376953,82.2300033569336,82.44999694824219,18383800,0.0,0.0
2026-07-16 00:00:00-04:00,83.5,84.94999694824219,83.27999877929688,84.91999816894531,17889900,0.0,0.0
2026-07-17 00:00:00-04:00,85.37000274658203,85.55999755859375,80.83000183105469,81.55999755859375,32903000,0.0,0.0
2026-07-20 00:00:00-04:00,81.55000305175781,82.37000274658203,81.30000305175781,82.12000274658203,14967200,0.0,0.0
2026-07-21 00:00:00-04:00,81.97000122070312,82.4000015258789,81.31999969482422,81.97000122070312,12949400,0.0,0.0
2026-07-22 00:00:00-04:00,82.8499984741211,82.91999816894531,81.95999908447266,82.19999694824219,11701300,0.0,0.0
2026-07-23 00:00:00-04:00,81.66999816894531,81.87000274658203,80.87999725341797,81.16999816894531,13755600,0.0,0.0
2026-07-24 00:00:00-04:00,81.56999969482422,82.33000183105469,80.9000015258789,82.25,11980400,0.0,0.0
2026-07-27 00:00:00-04:00,83.08000183105469,84.13999938964844,82.5,84.06999969482422,19937600,0.0,0.0
2026-07-28 00:00:00-04:00,88.30000305175781,90.22000122070312,86.25,88.2699966430664,34982900,0.0,0.0
2026-07-29 00:00:00-04:00,88.6500015258789,90.91999816894531,88.63999938964844,89.08000183105469,21711700,0.0,0.0
2026-07-30 00:00:00-04:00,87.62999725341797,88.63999938964844,87.20999908447266,88.48999786376953,17616100,0.0,0.0
2026-07-31 00:00:00-04:00,87.66000366210938,88.0,86.81999969482422,87.58999633789062,14725900,0.0,0.0
2026-08-03 00:00:00-04:00,88.4800033569336,88.4800033569336,86.62999725341797,86.86000061035156,23197100,0.0,0.0
2026-08-04 00:00:00-04:00,85.79000091552734,86.68000030517578,85.16000366210938,86.55999755859375,17085700,0.0,0.0
2026-08-05 00:00:00-04:00,87.05000305175781,87.1500015258789,86.19000244140625,86.83000183105469,15868600,0.0,0.0
2026-08-06 00:00:00-04:00,87.86000061035156,87.97000122070312,86.41999816894531,86.8499984741211,13568500,0.0,0.0
2026-08-07 00:00:00-04:00,86.51000213623047,87.16999816894531,86.19000244140625,87.05000305175781,11221700,0.0,0.0
2026-08-10 00:00:00-04:00,87.11000061035156,87.52999877929688,86.43000030517578,86.87000274658203,13710800,0.0,0.0
2026-08-11 00:00:00-04:00,86.62000274658203,87.05000305175781,86.11000061035156,86.4800033569336,16018000,0.0,0.0
2026-08-12 00:00:00-04:00,85.77999877929688,87.29000091552734,85.66000366210938,86.70999908447266,12651900,0.0,0.0
2026-08-13 00:00:00-04:00,87.13999938964844,87.75,86.91000366210938,87.41999816894531,10140600,0.0,0.0
2026-08-14 00:00:00-04:00,87.30000305175781,87.97000122070312,87.19999694824219,87.70999908447266,9166400,0.0,0.0
2026-08-17 00:00:00-04:00,87.30000305175781,88.0199966430664,86.8499984741211,86.9800033569336,12056400,0.0,0.0
2026-08-18 00:00:00-04:00,88.4000015258789,88.95999908447266,87.87999725341797,88.81999969482422,12524500,0.0,0.0
2026-08-19 00:00:00-04:00,88.58999633789062,90.76000213623047,88.58999633789062,90.3499984741211,15993900,0.0,0.0
2026-08-20 00:00:00-04:00,90.18000030517578,91.87000274658203,89.7300033569336,90.5,14928000,0.0,0.0
2026-08-21 00:00:00-04:00,90.8499984741211,91.19999694824219,90.31999969482422,91.0999984741211,15595800,0.0,0.0
2026-08-24 00:00:00-04:00,92.12000274658203,92.48999786376953,91.44999694824219,91.98999786376953,14787700,0.0,0.0
2026-08-25 00:00:00-04:00,91.56999969482422,92.08000183105469,91.30000305175781,91.63999938964844,11940100,0.0,0.0
2026-08-26 00:00:00-04:00,92.20999908447266,92.20999908447266,90.0,90.08000183105469,17133900,0.0,0.0
2026-08-27 00:00:00-04:00,89.41000366210938,90.02999877929688,88.95999908447266,89.05999755859375,13452600,0.0,0.0
2026-08-28 00:00:00-04:00,89.20999908447266,90.04000091552734,89.06999969482422,89.66000366210938,9887200,0.0,0.0
2026-08-31 00:00:00-04:00,89.51000213623047,89.52999877929688,88.5999984741211,88.66999816894531,23764800,0.0,0.0
2026-09-01 00:00:00-04:00,89.58999633789062,89.77999877929688,87.80999755859375,88.0,14824100,0.0,0.0
2026-09-02 00:00:00-04:00,87.9000015258789,88.94999694824219,87.7300033569336,88.23999786376953,18492800,0.0,0.0
2026-09-03 00:00:00-04:00,88.11000061035156,89.2300033569336,88.01000213623047,88.80999755859375,13763000,0.0,0.0
2026-09-04 00:00:00-04:00,88.58499908447266,88.90499877929688,87.8499984741211,88.06999969482422,14571607,0.0,0.0
