Date,Open,High,Low,Close,Volume,Dividends,Stock Splits
2021-09-13 00:00:00-04:00,57.23312828327547,58.375113028174304,56.91511986643141,57.789405822753906,13132000,0.0,0.0
2021-09-14 00:00:00-04:00,57.01479486646367,58.03906820588736,56.82683536918845,57.28913497924805,11812000,0.0,0.0
2021-09-15 00:00:00-04:00,57.04422274188055,58.083687138469124,56.680648479450966,58.04856491088867,11420000,0.0,0.0
2021-09-16 00:00:00-04:00,57.323315897819064,58.585858447939664,56.937905656196676,58.46150207519531,13524000,0.0,0.0
2021-09-17 00:00:00-04:00,58.376062580216,58.49757266438991,57.30242475258081,57.80934143066406,20142000,0.0,0.0
2021-09-20 00:00:00-04:00,56.4727650776498,56.48700372253172,55.16085790985845,55.99907302856445,13241000,0.0,0.0
2021-09-21 00:00:00-04:00,56.23258690861399,56.41390146852054,54.89695005984841,55.648780822753906,16045000,0.0,0.0
2021-09-22 00:00:00-04:00,56.38732083897979,57.31097130490043,55.90223650075806,57.061309814453125,10350000,0.0,0.0
2021-09-23 00:00:00-04:00,57.01289673290277,58.65990074139069,56.64647618277993,58.14918899536133,11004000,0.0,0.0
2021-09-24 00:00:00-04:00,57.39736063176525,58.266902884145225,57.08124969999976,58.141597747802734,7273000,0.0,0.0
2021-09-27 00:00:00-04:00,57.380303298968,59.1893187223571,57.313690746354524,58.68305969238281,10892000,0.15,0.0
2021-09-28 00:00:00-04:00,56.72178743151321,57.70195032077847,55.66740327394238,55.76161193847656,20885000,0.0,0.0
2021-09-29 00:00:00-04:00,55.77492737496038,56.04994461909769,53.942124030514236,54.00492858886719,16577000,0.0,0.0
2021-09-30 00:00:00-04:00,54.5549567555809,54.95843999423667,54.044893449745636,54.16099166870117,10938000,0.0,0.0
2021-10-01 00:00:00-04:00,54.348468172712735,54.58922808874951,53.34737404480777,54.21619415283203,11157000,0.0,0.0
2021-10-04 00:00:00-04:00,53.858388000093164,53.908824775270574,52.17974438046674,52.351985931396484,16407000,0.0,0.0
2021-10-05 00:00:00-04:00,52.974333227164514,53.602396967674224,52.39765734499458,52.900108337402344,12056000,0.0,0.0
2021-10-06 00:00:00-04:00,52.3386666819698,53.0904411291741,51.84668484144953,52.5032958984375,15908000,0.0,0.0
2021-10-07 00:00:00-04:00,53.6737667713971,53.68423601259737,52.74404079705374,52.892494201660156,10535000,0.0,0.0
2021-10-08 00:00:00-04:00,53.15894618297312,53.28551002030029,52.25110974935871,52.3538818359375,8671000,0.0,0.0
2021-10-11 00:00:00-04:00,52.16070963678539,53.43015972895904,52.14928930510115,52.57085418701172,8923000,0.0,0.0
2021-10-12 00:00:00-04:00,53.08568259893843,53.1170866995389,51.604023265579606,52.032249450683594,12766000,0.0,0.0
2021-10-13 00:00:00-04:00,52.62033709190341,53.11612684335418,51.680141818643655,51.80670928955078,12538000,0.0,0.0
2021-10-14 00:00:00-04:00,53.15705378305997,54.05918021724107,52.74500338139944,54.04490661621094,15499000,0.0,0.0
2021-10-15 00:00:00-04:00,53.90882487332828,54.100099101463236,53.42254959853665,53.71564483642578,13248000,0.0,0.0
2021-10-18 00:00:00-04:00,53.29027405115692,54.188596046060724,53.169420367977395,54.1181755065918,12474000,0.0,0.0
2021-10-19 00:00:00-04:00,54.160048233149816,55.00317436806701,53.84506343287614,54.32086944580078,14995000,0.0,0.0
2021-10-20 00:00:00-04:00,54.29899538431214,54.50549433884288,53.67663799200112,53.81367111206055,16933000,0.0,0.0
2021-10-21 00:00:00-04:00,51.852389910286654,52.8972632136517,50.91219814825306,52.85443878173828,30650000,0.0,0.0
2021-10-22 00:00:00-04:00,53.290274865266994,54.79477473787722,52.74785628651162,52.98004913330078,18770000,0.0,0.0
2021-10-25 00:00:00-04:00,53.10470087740662,53.48153909209295,52.28155500979208,52.526119232177734,12826000,0.0,0.0
2021-10-26 00:00:00-04:00,52.99336397897639,53.21794444864992,51.98560876308933,52.23778533935547,11734000,0.0,0.0
2021-10-27 00:00:00-04:00,52.15023958345685,53.34166040422645,51.976095863483174,52.683143615722656,11838000,0.0,0.0
2021-10-28 00:00:00-04:00,53.64616896444958,55.18777920277374,53.61476487195549,53.856475830078125,22325000,0.0,0.0
2021-10-29 00:00:00-04:00,53.13230907770449,53.97163091193516,52.92866342253019,53.630001068115234,13381000,0.0,0.0
2021-11-01 00:00:00-04:00,53.7660837547021,54.519760365124405,53.419698459754194,54.50453567504883,10724000,0.0,0.0
2021-11-02 00:00:00-04:00,54.692950360161205,55.003176093606626,54.43221031222963,54.64537048339844,8970000,0.0,0.0
2021-11-03 00:00:00-04:00,54.7234040300128,55.52561157965726,54.18478979944291,55.326725006103516,7908000,0.0,0.0
2021-11-04 00:00:00-04:00,55.47898072759052,57.01107667959737,55.166852823347895,56.975868225097656,17965000,0.0,0.0
2021-11-05 00:00:00-04:00,57.1833229498697,58.3338216428798,56.83788874117681,58.121612548828125,21028000,0.0,0.0
2021-11-08 00:00:00-05:00,58.52414726420882,59.000904428942064,57.465003927939776,57.959842681884766,12598000,0.0,0.0
2021-11-09 00:00:00-05:00,58.048344973114766,59.291150290539825,57.95603847232179,59.18171691894531,12041000,0.0,0.0
2021-11-10 00:00:00-05:00,58.4803707401682,59.21692050694553,57.46785621331112,57.646759033203125,10898000,0.0,0.0
2021-11-11 00:00:00-05:00,58.389963159716245,58.933332811117054,58.02454158768042,58.400428771972656,8198000,0.0,0.0
2021-11-12 00:00:00-05:00,58.7525351556125,59.751727177181266,58.381403371498635,59.42056655883789,10591000,0.0,0.0
2021-11-15 00:00:00-05:00,60.141883397058535,61.320932868775145,59.483366568493985,59.97630310058594,13534000,0.0,0.0
2021-11-16 00:00:00-05:00,59.872568007500384,60.71284079527367,59.42150487911151,60.356937408447266,8523000,0.0,0.0
2021-11-17 00:00:00-05:00,60.35694695639563,60.78898110890525,59.59756019183315,60.011512756347656,9066000,0.0,0.0
2021-11-18 00:00:00-05:00,60.616739421757394,60.643384443960876,59.45577151698494,60.50349807739258,10002000,0.0,0.0
2021-11-19 00:00:00-05:00,60.56060581935052,62.52092482204229,60.249428918611024,61.3314094543457,18332000,0.0,0.0
2021-11-22 00:00:00-05:00,61.942329507898734,62.90726399404585,61.10490632198563,61.54074478149414,18759000,0.0,0.0
2021-11-23 00:00:00-05:00,61.66447393761147,63.0262307739412,61.023083883060075,62.93202209472656,17531000,0.0,0.0
2021-11-24 00:00:00-05:00,62.235431126334696,62.952944539586134,61.405623829135784,62.88157653808594,12152000,0.0,0.0
2021-11-26 00:00:00-05:00,61.993728412144925,62.243995610996365,60.75187064097672,61.09159469604492,8377000,0.0,0.0
2021-11-29 00:00:00-05:00,61.99753568252591,64.92754462295784,61.76153481373566,64.76101684570312,19639000,0.0,0.0
2021-11-30 00:00:00-05:00,64.26519592147585,65.94669957884655,63.58099262417823,64.69532775878906,27254000,0.0,0.0
2021-12-01 00:00:00-05:00,65.91815501283563,67.73859054654946,65.12546210311014,65.99713897705078,25249000,0.0,0.0
2021-12-02 00:00:00-05:00,64.98178489195192,65.18067146645159,62.41528121016815,62.95104217529297,23006000,0.0,0.0
2021-12-03 00:00:00-05:00,63.64379581815761,63.852200490815186,62.03081407594142,62.94626998901367,13856000,0.0,0.0
2021-12-06 00:00:00-05:00,63.27555100905714,63.831299485953735,61.13442340355295,63.52582550048828,12665000,0.0,0.0
2021-12-07 00:00:00-05:00,64.56781169609239,67.52256959498737,64.42411738180363,67.19806671142578,16016000,0.0,0.0
2021-12-08 00:00:00-05:00,67.0886392082688,68.35523587176218,67.0886392082688,67.94794464111328,11634000,0.0,0.0
2021-12-09 00:00:00-05:00,67.44550802630509,68.50750458121561,66.35305483088041,66.55480194091797,10828000,0.0,0.0
2021-12-10 00:00:00-05:00,67.72336224414605,67.95460758929966,66.09420462819219,67.17999267578125,8793000,0.0,0.0
2021-12-13 00:00:00-05:00,67.33129933265795,67.37888283313345,65.09025730858518,65.18256378173828,12440000,0.0,0.0
2021-12-14 00:00:00-05:00,64.33856543666052,65.17496004233668,63.72057205311551,64.77631378173828,13892000,0.15,0.0
2021-12-15 00:00:00-05:00,64.85163650511576,66.64459089495809,63.4573282411614,66.50249481201172,13627000,0.0,0.0
2021-12-16 00:00:00-05:00,66.92783249542957,67.45999601943532,63.57748264159715,64.0199966430664,13775000,0.0,0.0
2021-12-17 00:00:00-05:00,63.421086040329754,64.65040743593828,63.00527545628908,63.81877899169922,15633000,0.0,0.0
2021-12-20 00:00:00-05:00,62.83455877987687,64.18499902208916,62.362474418219016,63.04723358154297,9110000,0.0,0.0
2021-12-21 00:00:00-05:00,64.80873951913665,65.52496829504591,63.43445486378174,65.14443969726562,13405000,0.0,0.0
2021-12-22 00:00:00-05:00,64.70668288679727,65.99895050087231,64.17642554517954,65.92169952392578,10424000,0.0,0.0
2021-12-23 00:00:00-05:00,66.23257527818774,67.42088792431298,66.1276676651441,66.63694763183594,8674000,0.0,0.0
2021-12-27 00:00:00-05:00,67.02512563082445,69.04792675339398,67.02512563082445,68.9906997680664,10143000,0.0,0.0
2021-12-28 00:00:00-05:00,69.14330295567919,69.46565135777276,68.15526603028788,68.29450988769531,7816000,0.0,0.0
2021-12-29 00:00:00-05:00,68.5415134509348,69.44561978191895,68.2945024275295,69.31019592285156,6902000,0.0,0.0
2021-12-30 00:00:00-05:00,69.42941052859966,69.42941052859966,68.39750572235734,68.5071792602539,5216000,0.0,0.0
2021-12-31 00:00:00-05:00,68.50525481088314,69.22624917162626,68.40225353758937,68.58536529541016,7138000,0.0,0.0
2022-01-03 00:00:00-05:00,68.77422079429635,69.72124930071024,67.88727881092011,69.18717193603516,10602000,0.0,0.0
2022-01-04 00:00:00-05:00,69.30826554655505,69.79656113876553,66.99268692287941,67.9034652709961,14566000,0.0,0.0
2022-01-05 00:00:00-05:00,67.97881420012284,68.18004359942681,65.86350437560553,65.97795104980469,13994000,0.0,0.0
2022-01-06 00:00:00-05:00,66.13912725839316,67.30168983906307,65.51540778076118,66.94119262695312,11896000,0.0,0.0
2022-01-07 00:00:00-05:00,66.55685796087052,67.06613081058805,63.74439006243902,63.83022689819336,15698000,0.0,0.0
2022-01-10 00:00:00-05:00,62.8126287723328,63.690031582536065,61.34297579097116,63.35337829589844,16246000,0.0,0.0
2022-01-11 00:00:00-05:00,62.25948910991013,64.23651614510933,62.18223812805534,64.20408630371094,9189000,0.0,0.0
2022-01-12 00:00:00-05:00,64.76389826390506,65.71187981319207,64.3099387528293,65.45438385009766,9286000,0.0,0.0
2022-01-13 00:00:00-05:00,67.23589355796815,69.68309114784188,65.16922449372905,65.49729919433594,29135000,0.0,0.0
2022-01-14 00:00:00-05:00,65.19210185960375,69.69165538357913,65.02329502231925,69.60296630859375,19416000,0.0,0.0
2022-01-18 00:00:00-05:00,68.34788303763918,68.41845447015068,64.51114439678875,64.7572021484375,20069000,0.0,0.0
2022-01-19 00:00:00-05:00,65.88640301676834,66.63314782737282,61.23234685377587,61.29719924926758,18340000,0.0,0.0
2022-01-20 00:00:00-05:00,62.43782739203818,62.75255034197454,58.892919462268836,59.097965240478516,19444000,0.0,0.0
2022-01-21 00:00:00-05:00,58.7670298138328,60.72497847979799,57.64643233910876,57.774227142333984,22222000,0.0,0.0
2022-01-24 00:00:00-05:00,55.79148423515693,59.43843652452347,54.88642112828743,59.303009033203125,24890000,0.0,0.0
2022-01-25 00:00:00-05:00,57.235380896657624,57.645472396598386,55.40999676981213,56.099525451660156,18846000,0.0,0.0
2022-01-26 00:00:00-05:00,57.55773949544939,58.578198841956,55.350873464412714,56.90445327758789,23637000,0.0,0.0
2022-01-27 00:00:00-05:00,56.73564088989773,57.26971080899633,52.52314621261517,52.958984375,30943000,0.0,0.0
2022-01-28 00:00:00-05:00,52.7987675088966,53.517859240611934,50.54612735544681,53.51594924926758,20024000,0.0,0.0
2022-01-31 00:00:00-05:00,53.74675149284322,56.265477377014506,53.104910651699484,56.26070785522461,19000000,0.0,0.0
2022-02-01 00:00:00-05:00,56.268336167591706,56.635509302845755,54.55167579178948,56.21778869628906,11355000,0.0,0.0
2022-02-02 00:00:00-05:00,57.02843170935521,58.4904555310853,56.275007413910764,58.34453582763672,16622000,0.0,0.0
2022-02-03 00:00:00-05:00,56.93401816971736,57.752291247201484,55.864917739598994,56.15007400512695,20076000,0.0,0.0
2022-02-04 00:00:00-05:00,55.93453253443687,56.22541146110391,54.70807079393434,55.22593307495117,14462000,0.0,0.0
2022-02-07 00:00:00-05:00,55.41667563987207,56.23113598608891,54.26365203946292,54.4915885925293,10859000,0.0,0.0
2022-02-08 00:00:00-05:00,54.029998200994804,55.082883716131136,53.46445518989467,54.960811614990234,12958000,0.0,0.0
2022-02-09 00:00:00-05:00,56.17964488362038,58.22342319619571,55.60360961121258,57.93159103393555,12072000,0.0,0.0
2022-02-10 00:00:00-05:00,56.14816682242076,58.74699937139334,56.07663855340487,56.732784271240234,15148000,0.0,0.0
2022-02-11 00:00:00-05:00,56.74613087039571,57.216305228963364,52.96661473255833,53.406272888183594,15785000,0.0,0.0
2022-02-14 00:00:00-05:00,53.47113730406243,54.269382852285155,52.23037033285113,53.24034118652344,13459000,0.0,0.0
2022-02-15 00:00:00-05:00,54.304667158881394,56.913988396096364,54.304667158881394,56.63264846801758,14344000,0.0,0.0
2022-02-16 00:00:00-05:00,55.74189682764022,56.78333702512736,55.05427802533654,56.408531188964844,8048000,0.0,0.0
2022-02-17 00:00:00-05:00,55.999385577306626,56.76616160853724,55.2402422353091,55.372806549072266,12909000,0.0,0.0
2022-02-18 00:00:00-05:00,55.39187463299291,55.528251637627896,53.72098892745638,54.35997009277344,12481000,0.0,0.0
2022-02-22 00:00:00-05:00,53.50259194869283,55.061894168109696,52.541262481161034,53.38051986694336,12194000,0.0,0.0
2022-02-23 00:00:00-05:00,54.04906519799816,54.46106303015138,51.61808298728924,51.72775650024414,12435000,0.0,0.0
2022-02-24 00:00:00-05:00,50.078815556383496,53.79729607474207,49.549515084672834,53.6818962097168,15628000,0.0,0.0
2022-02-25 00:00:00-05:00,53.80873592348469,54.73096338151899,53.036237228228295,54.66611099243164,10847000,0.0,0.0
2022-02-28 00:00:00-05:00,54.01854936168551,54.46964929445487,52.47355555755821,53.53597640991211,14065000,0.0,0.0
2022-03-01 00:00:00-05:00,53.22221443066835,53.63612231672695,51.038239225388985,51.55419158935547,16089000,0.0,0.0
2022-03-02 00:00:00-05:00,52.19317073845317,53.23842717361492,51.58661567981996,52.836917877197266,12451000,0.0,0.0
2022-03-03 00:00:00-05:00,53.454914291128546,53.454914291128546,51.37584683253786,51.83457946777344,10339000,0.0,0.0
2022-03-04 00:00:00-05:00,51.37966256091198,51.692475488792645,49.55523153734396,50.1436653137207,14386000,0.0,0.0
2022-03-07 00:00:00-05:00,50.31724511044816,50.88279181253956,46.608303310054914,46.6502685546875,21396000,0.0,0.0
2022-03-08 00:00:00-05:00,46.68936567718186,48.745542389401706,45.68702400548932,46.7666130065918,21558000,0.0,0.0
2022-03-09 00:00:00-05:00,48.58149531173585,49.80318743002353,48.05410130884856,49.335872650146484,14437000,0.0,0.0
2022-03-10 00:00:00-05:00,48.140896907793696,48.35357172268595,46.56538319389879,47.40559387207031,11106000,0.0,0.0
2022-03-11 00:00:00-05:00,48.786548041731365,48.845677734828676,46.023678297156124,46.100929260253906,10389000,0.0,0.0
2022-03-14 00:00:00-04:00,46.568247109904185,46.78664464343695,44.448170997960545,44.72856140136719,15870000,0.0,0.0
2022-03-15 00:00:00-04:00,45.46238679375212,46.58945199967139,45.116996196752815,46.376094818115234,12455000,0.15,0.0
2022-03-16 00:00:00-04:00,47.484025257925204,49.237767452548674,46.88126511311186,49.22437286376953,16659000,0.0,0.0
2022-03-17 00:00:00-04:00,48.81105407933585,50.382057005128324,48.560385458209254,50.356224060058594,13627000,0.0,0.0
2022-03-18 00:00:00-04:00,50.24619731547703,52.38073300736356,50.03858116000145,52.109012603759766,22237000,0.0,0.0
2022-03-21 00:00:00-04:00,51.47371227160447,52.07455991650304,50.31316428054073,51.36464309692383,10517000,0.0,0.0
2022-03-22 00:00:00-04:00,51.47371456382831,52.89450450115775,51.47371456382831,52.31183624267578,10664000,0.0,0.0
2022-03-23 00:00:00-04:00,51.70046148617727,52.43047015193815,50.76474918465249,50.80302047729492,9835000,0.0,0.0
2022-03-24 00:00:00-04:00,51.40674132015926,53.26285537961123,50.8795675392188,53.21693420410156,12124000,0.0,0.0
2022-03-25 00:00:00-04:00,53.11551897814153,53.284867468608546,52.15971463804489,53.08298873901367,7531000,0.0,0.0
2022-03-28 00:00:00-04:00,52.58068940834882,53.37384251933995,51.75404617488014,53.32122039794922,7338000,0.0,0.0
2022-03-29 00:00:00-04:00,54.38226993136651,54.99363986580749,53.402548790230675,54.432979583740234,11139000,0.0,0.0
2022-03-30 00:00:00-04:00,53.79099052712862,54.630068459135984,52.17502278352917,52.48405456542969,12981000,0.0,0.0
2022-03-31 00:00:00-04:00,52.620869841409316,53.340352666815264,51.391432778161736,51.4364013671875,14703000,0.0,0.0
2022-04-01 00:00:00-04:00,51.78179440388554,52.21711854230991,49.47121687376253,50.272979736328125,12084000,0.0,0.0
2022-04-04 00:00:00-04:00,50.35716965203564,51.35507004994184,50.16773296123143,51.23930358886719,8777000,0.0,0.0
2022-04-05 00:00:00-04:00,50.5753155976602,50.708305245474,47.842808640796996,48.186283111572266,19670000,0.0,0.0
2022-04-06 00:00:00-04:00,47.25536237788825,48.383383959370676,46.696614529672615,47.66294479370117,15845000,0.0,0.0
2022-04-07 00:00:00-04:00,47.583522735843204,48.67709770992489,47.14149770935718,48.15757751464844,10095000,0.0,0.0
2022-04-08 00:00:00-04:00,47.64763130885817,47.922224041726274,46.96067865869467,47.038177490234375,10449000,0.0,0.0
2022-04-11 00:00:00-04:00,46.60762696672999,46.69277931419404,45.46621104622883,45.51883316040039,16953000,0.0,0.0
2022-04-12 00:00:00-04:00,46.022096139712986,46.68512829621129,44.46736027890451,44.68071746826172,16778000,0.0,0.0
2022-04-13 00:00:00-04:00,44.9352105890543,45.66713174403289,44.764905887081575,45.21745681762695,11396000,0.0,0.0
2022-04-14 00:00:00-04:00,45.29495569406774,45.35045016934205,43.612971252391226,43.64358901977539,13648000,0.0,0.0
2022-04-18 00:00:00-04:00,43.17669093203782,45.25477580929269,43.14990175193562,45.02037048339844,16631000,0.0,0.0
2022-04-19 00:00:00-04:00,44.89885687626267,46.19048205652906,44.587908992198074,45.84700393676758,12144000,0.0,0.0
2022-04-20 00:00:00-04:00,47.135774955664715,48.29823943647407,45.89389915580714,46.06324768066406,20233000,0.0,0.0
2022-04-21 00:00:00-04:00,46.75401764156075,47.60840263908214,44.82422962685535,44.92086410522461,22794000,0.0,0.0
2022-04-22 00:00:00-04:00,44.6807111434981,45.18874921938383,44.04637707501225,44.31044387817383,20282000,0.0,0.0
2022-04-25 00:00:00-04:00,44.056911080223045,45.95895010201843,43.92679012431266,45.58198547363281,14124000,0.0,0.0
2022-04-26 00:00:00-04:00,44.646268509406305,44.997396479662385,43.69620540721527,43.744998931884766,14974000,0.0,0.0
2022-04-27 00:00:00-04:00,43.47615958530923,44.83188916006548,43.006389057401364,43.702911376953125,12413000,0.0,0.0
2022-04-28 00:00:00-04:00,44.801271957604364,46.84395422804544,44.26070353375043,46.354095458984375,16784000,0.0,0.0
2022-04-29 00:00:00-04:00,45.44612694302746,47.01904227907433,44.47597178626076,44.56208038330078,14050000,0.0,0.0
2022-05-02 00:00:00-04:00,44.70750911027487,45.90154736831153,43.93253172457285,45.85944747924805,12866000,0.0,0.0
2022-05-03 00:00:00-04:00,45.59920300598608,46.75114121813146,45.27390430624713,46.4401969909668,9578000,0.0,0.0
2022-05-04 00:00:00-04:00,46.610496954108584,48.56803016581448,45.676700760074915,48.404422760009766,11962000,0.0,0.0
2022-05-05 00:00:00-04:00,47.30224188056934,47.64572003918007,45.262428348063644,46.05080032348633,14578000,0.0,0.0
2022-05-06 00:00:00-04:00,45.61068570624037,46.834381697868366,44.48362053605325,45.755157470703125,10680000,0.0,0.0
2022-05-09 00:00:00-04:00,44.00716394842968,44.23965682951721,42.339530006295824,42.78155517578125,18487000,0.0,0.0
2022-05-10 00:00:00-04:00,44.10379034233629,44.88163639175165,42.72127166614255,43.926788330078125,14134000,0.0,0.0
2022-05-11 00:00:00-04:00,43.523037207456206,44.87206938061776,42.67917446680193,42.78633117675781,11793000,0.0,0.0
2022-05-12 00:00:00-04:00,42.74614055126729,44.209026494015056,42.575835864700075,44.05211639404297,15558000,0.0,0.0
2022-05-13 00:00:00-04:00,44.54676344002866,47.38833921237685,44.48935650482172,47.06495666503906,19093000,0.0,0.0
2022-05-16 00:00:00-04:00,46.53874484058391,47.17307900961191,45.82883161048509,46.16082763671875,9689000,0.0,0.0
2022-05-17 00:00:00-04:00,47.361556492997984,49.404242173009145,46.88604860485471,49.01197052001953,16356000,0.0,0.0
2022-05-18 00:00:00-04:00,47.88776845507984,48.651263554657504,45.40976259035121,45.68339538574219,17105000,0.0,0.0
2022-05-19 00:00:00-04:00,45.876675274383295,46.49665505546854,45.07299615827175,45.17154312133789,11193000,0.0,0.0
2022-05-20 00:00:00-04:00,45.964691026862376,46.321563769809856,43.09823791299124,45.36193084716797,17158000,0.0,0.0
2022-05-23 00:00:00-04:00,45.56955261281595,46.49282674688125,45.163886318814605,46.24024200439453,10578000,0.0,0.0
2022-05-24 00:00:00-04:00,45.68435509502026,45.973294968844804,44.55920606521611,45.060546875,9431000,0.0,0.0
2022-05-25 00:00:00-04:00,44.5477217961812,47.03720984726195,44.52475756110442,46.649723052978516,12887000,0.0,0.0
2022-05-26 00:00:00-04:00,46.10532843025918,49.12391012487111,46.01443866955002,48.719200134277344,12922000,0.0,0.0
2022-05-27 00:00:00-04:00,49.48557368993893,51.413445785880576,49.29709318791588,50.805904388427734,16526000,0.0,0.0
2022-05-31 00:00:00-04:00,50.20025956029379,50.32559201041863,48.83591693243211,49.7544059753418,15011000,0.0,0.0
2022-06-01 00:00:00-04:00,50.05962828167157,50.22993301672278,47.79593520314345,48.39199447631836,10261000,0.0,0.0
2022-06-02 00:00:00-04:00,48.13079453571018,50.114160876816605,48.034163708554395,50.06727981567383,11600000,0.0,0.0
2022-06-03 00:00:00-04:00,49.052155253562326,49.87305375150631,48.71920300687157,49.175575256347656,13304000,0.0,0.0
2022-06-06 00:00:00-04:00,50.38970678407417,50.984813411912086,49.14878752682493,49.39371871948242,7852000,0.0,0.0
2022-06-07 00:00:00-04:00,48.73929087782749,50.2270536313775,48.63691535165186,50.08066940307617,11502000,0.0,0.0
2022-06-08 00:00:00-04:00,49.93046869333814,50.140957205898765,48.59865584349882,48.99858474731445,9009000,0.0,0.0
2022-06-09 00:00:00-04:00,48.132711313551766,49.120089690295146,47.18360788676609,47.21135330200195,8652000,0.0,0.0
2022-06-10 00:00:00-04:00,46.42202611522956,46.72436063424611,45.332275818176335,45.38968276977539,10987000,0.0,0.0
2022-06-13 00:00:00-04:00,43.53354767248889,44.231025983339116,42.59401059473177,42.774837493896484,14833000,0.0,0.0
2022-06-14 00:00:00-04:00,43.51595609150145,43.71851074891027,42.72876802016173,43.17708206176758,11689000,0.15,0.0
2022-06-15 00:00:00-04:00,43.177085286469094,44.42601984884207,42.66733319176201,43.5485954284668,15659000,0.0,0.0
2022-06-16 00:00:00-04:00,42.38893425293459,42.530054556407705,39.61747079665518,40.15602111816406,19042000,0.0,0.0
2022-06-17 00:00:00-04:00,40.04273527733792,40.724321011886026,39.49266429378554,40.26736831665039,17917000,0.0,0.0
2022-06-21 00:00:00-04:00,41.01519822362422,42.46188996566737,40.99024143520443,41.57102966308594,12126000,0.0,0.0
2022-06-22 00:00:00-04:00,40.63312834407541,41.72846589900134,40.3691320205827,40.859683990478516,11078000,0.0,0.0
2022-06-23 00:00:00-04:00,41.40879567516602,41.40879567516602,39.880506209408125,40.71089172363281,9030000,0.0,0.0
2022-06-24 00:00:00-04:00,41.50383676733674,43.23852238734431,41.3943967496166,43.217403411865234,14217000,0.0,0.0
2022-06-27 00:00:00-04:00,43.786668487134264,43.89322647465133,42.839167371655016,43.17900085449219,7695000,0.0,0.0
2022-06-28 00:00:00-04:00,43.33163937064497,44.08906241266274,41.92910433899346,42.0721435546875,9379000,0.0,0.0
2022-06-29 00:00:00-04:00,41.51438930376256,41.66318889190226,40.79920427767743,40.996002197265625,11751000,0.0,0.0
2022-06-30 00:00:00-04:00,40.22513902835515,41.926225369160186,39.839226114638564,40.90960693359375,10663000,0.0,0.0
2022-07-01 00:00:00-04:00,39.27283020939844,39.810420992393254,37.104233792165466,37.90293884277344,29500000,0.0,0.0
2022-07-05 00:00:00-04:00,36.4476108175959,37.53526912485606,36.082820543161745,37.32119369506836,26882000,0.0,0.0
2022-07-06 00:00:00-04:00,37.538152169412875,38.092061098279196,36.830646367651816,37.60150909423828,12516000,0.0,0.0
2022-07-07 00:00:00-04:00,38.70836306648833,40.07153836165246,38.593166340514905,39.827701568603516,13753000,0.0,0.0
2022-07-08 00:00:00-04:00,39.28050802266858,40.048492210849176,38.913795252384055,39.850738525390625,9213000,0.0,0.0
2022-07-11 00:00:00-04:00,39.26900012573727,39.36211844506932,38.25046266195323,38.630615234375,11137000,0.0,0.0
2022-07-12 00:00:00-04:00,38.869650237533264,39.44851600083374,38.57013576365691,38.9627685546875,9538000,0.0,0.0
2022-07-13 00:00:00-04:00,38.02773006605717,39.77681793306621,38.01524984309915,39.552181243896484,9220000,0.0,0.0
2022-07-14 00:00:00-04:00,39.19219465875236,40.615844828920785,38.51348721290974,40.25393295288086,11114000,0.0,0.0
2022-07-15 00:00:00-04:00,40.71856968427705,41.02864178834187,39.55219218634191,41.003684997558594,13375000,0.0,0.0
2022-07-18 00:00:00-04:00,42.032788482645266,42.0337479367809,40.289463980237066,40.62257766723633,9080000,0.0,0.0
2022-07-19 00:00:00-04:00,41.374235517500786,42.977406285999315,41.27343791458307,42.9054069519043,14888000,0.0,0.0
2022-07-20 00:00:00-04:00,42.81229228494957,44.96361177032922,42.66157376374444,44.64873504638672,18505000,0.0,0.0
2022-07-21 00:00:00-04:00,45.001049418746966,45.80743398397689,44.31274362664375,45.70759582519531,13812000,0.0,0.0
2022-07-22 00:00:00-04:00,45.602957962187666,45.862149717502255,44.25514105954434,44.54217529296875,13265000,0.0,0.0
2022-07-25 00:00:00-04:00,43.224116421450404,43.9969016156837,42.947639889676005,43.91434097290039,11483000,0.0,0.0
2022-07-26 00:00:00-04:00,43.466040430531706,43.86539306946429,42.7546930846782,42.933250427246094,11291000,0.0,0.0
2022-07-27 00:00:00-04:00,43.605228286195,45.24775478535728,43.582186744233894,44.89448165893555,16886000,0.0,0.0
2022-07-28 00:00:00-04:00,44.582501268206094,46.76261909886149,43.52075906704072,46.553340911865234,23813000,0.0,0.0
2022-07-29 00:00:00-04:00,45.878470719875835,48.57505661383963,45.744073911908465,48.04802703857422,24772000,0.0,0.0
2022-08-01 00:00:00-04:00,46.936372674710455,48.57505798619595,46.73285488686833,48.26786422729492,20002000,0.0,0.0
2022-08-02 00:00:00-04:00,47.65539052000475,48.88512854018212,46.99780566677891,48.25345993041992,14588000,0.0,0.0
2022-08-03 00:00:00-04:00,48.60769783218249,50.765737105506915,48.45986133894627,50.369266510009766,22118000,0.0,0.0
2022-08-04 00:00:00-04:00,50.19454057371246,51.10460462487881,50.09278352361947,51.05660629272461,16144000,0.0,0.0
2022-08-05 00:00:00-04:00,50.02174400608356,50.70141094091752,48.84960985862049,49.9161491394043,10452000,0.0,0.0
2022-08-08 00:00:00-04:00,49.32384476307642,50.163828477955605,47.86563206726803,48.91489028930664,10173000,0.0,0.0
2022-08-09 00:00:00-04:00,46.85189027397003,46.907567903463416,43.874986425387775,45.0615234375,28792000,0.0,0.0
2022-08-10 00:00:00-04:00,46.20102011688403,47.579554088891754,45.169039461368435,47.51427459716797,19799000,0.0,0.0
2022-08-11 00:00:00-04:00,47.61891424094075,49.70207198062478,47.23108242602408,47.75522994995117,18041000,0.0,0.0
2022-08-12 00:00:00-04:00,48.188177227334734,49.87294533836907,47.94818191598662,49.783668518066406,12588000,0.0,0.0
2022-08-15 00:00:00-04:00,49.56191472710053,50.16862290085977,48.880328858886145,49.65887451171875,9659000,0.0,0.0
2022-08-16 00:00:00-04:00,49.56383717755824,49.906549018839485,48.709454378331394,48.99360656738281,12301000,0.0,0.0
2022-08-17 00:00:00-04:00,48.213138065293094,48.39937466276878,46.6387693961025,47.764827728271484,14021000,0.0,0.0
2022-08-18 00:00:00-04:00,47.78403257471593,48.86305213853793,47.24548224682062,48.30146026611328,12763000,0.0,0.0
2022-08-19 00:00:00-04:00,47.295394255593266,47.423074866313065,45.71046794804671,45.77094650268555,20104000,0.0,0.0
2022-08-22 00:00:00-04:00,44.68807746731733,45.00103150077363,43.757857774640485,43.92585372924805,14652000,0.0,0.0
2022-08-23 00:00:00-04:00,44.011300468611914,45.07975859010985,43.99210040441316,44.54024887084961,8103000,0.0,0.0
2022-08-24 00:00:00-04:00,44.535455154937424,44.650655558794746,43.874988220050014,44.448097229003906,6849000,0.0,0.0
2022-08-25 00:00:00-04:00,44.50761191661879,45.93126582193853,44.50761191661879,45.90534591674805,9490000,0.0,0.0
2022-08-26 00:00:00-04:00,45.90535091545518,45.93607175585086,43.36235818836423,43.51691818237305,15863000,0.0,0.0
2022-08-29 00:00:00-04:00,43.032121488149066,43.715626232716176,42.59821026755493,42.67500686645508,10082000,0.0,0.0
2022-08-30 00:00:00-04:00,43.10410831076157,43.31530164298846,41.74285594032616,42.49644088745117,14187000,0.0,0.0
2022-08-31 00:00:00-04:00,42.46380464158639,42.5492436323977,41.547980396760366,42.03853225708008,12324000,0.0,0.0
2022-09-01 00:00:00-04:00,40.75024202882926,41.57582276061463,40.163693474161065,41.47502517700195,18830000,0.0,0.0
2022-09-02 00:00:00-04:00,41.896472231000686,42.5674968672911,41.03440636294614,41.29936218261719,13680000,0.0,0.0
2022-09-06 00:00:00-04:00,41.219678644576796,41.63919075516009,40.49873318327341,40.968162536621094,11633000,0.0,0.0
2022-09-07 00:00:00-04:00,41.1832015471845,41.94446605771695,40.51505168312747,41.471195220947266,12013000,0.0,0.0
2022-09-08 00:00:00-04:00,40.831841005970276,42.688442842418006,40.704164062173504,42.15853500366211,14205000,0.0,0.0
2022-09-09 00:00:00-04:00,42.94956897343765,43.473716526942795,42.75853141720414,43.27404022216797,12933000,0.0,0.0
2022-09-12 00:00:00-04:00,42.939004840440596,43.533232783500445,42.44077356521444,42.939964294433594,9988000,0.0,0.0
2022-09-13 00:00:00-04:00,41.34263613729116,41.64716278225746,40.301840772704345,40.52156448364258,18942000,0.1725,0.0
2022-09-14 00:00:00-04:00,40.86175457692681,41.117133925844435,39.956843065524176,40.644920349121094,10615000,0.0,0.0
2022-09-15 00:00:00-04:00,40.34617789711925,40.70081875836619,39.29092750643194,39.8431282043457,11987000,0.0,0.0
2022-09-16 00:00:00-04:00,39.343927690452716,39.88456296545515,38.856296090031826,39.43644332885742,18613000,0.0,0.0
2022-09-19 00:00:00-04:00,38.85822242693575,39.88456296545515,38.85822242693575,39.43644332885742,9364000,0.0,0.0
2022-09-20 00:00:00-04:00,38.88039172327796,39.058673476366224,38.49394793647826,38.875572204589844,8927000,0.0,0.0
2022-09-21 00:00:00-04:00,39.02012344000394,40.31918759276991,38.397574782930185,38.41781234741211,10621000,0.0,0.0
2022-09-22 00:00:00-04:00,38.013055692402894,38.22795986895404,37.181385572638874,37.278717041015625,15202000,0.0,0.0
2022-09-23 00:00:00-04:00,36.85469217774507,36.995391957561225,36.00182130747078,36.67448043823242,14622000,0.0,0.0
2022-09-26 00:00:00-04:00,36.68604203391652,37.13030522835312,35.76474586718016,35.79558563232422,11251000,0.0,0.0
2022-09-27 00:00:00-04:00,36.60702052795735,36.779523238018655,35.59320867539009,36.302490234375,11831000,0.0,0.0
2022-09-28 00:00:00-04:00,35.9864044417285,36.96841352791395,35.87461807844267,36.7795295715332,10841000,0.0,0.0
2022-09-29 00:00:00-04:00,36.154090761299756,36.18011101738846,35.100770355068455,35.7098274230957,15439000,0.0,0.0
2022-09-30 00:00:00-04:00,34.524479531362196,35.99604670155403,34.5003856123091,35.27134323120117,19091000,0.0,0.0
2022-10-03 00:00:00-04:00,35.87847307588902,38.23567736180876,35.72620789301662,37.55337905883789,25300000,0.0,0.0
2022-10-04 00:00:00-04:00,38.815822507458996,39.367056333656194,38.30795332062412,38.60862731933594,20566000,0.0,0.0
2022-10-05 00:00:00-04:00,37.77117375177306,39.00181631742471,37.10333037736029,38.539241790771484,14070000,0.0,0.0
2022-10-06 00:00:00-04:00,38.41396266826054,39.264907368855496,38.08630522994451,38.316627502441406,13586000,0.0,0.0
2022-10-07 00:00:00-04:00,37.263306179830124,37.45508332478302,35.82836154924465,36.123252868652344,20796000,0.0,0.0
2022-10-10 00:00:00-04:00,35.65489348976475,35.68669275374477,32.80620145975448,33.79880905151367,39506000,0.0,0.0
2022-10-11 00:00:00-04:00,33.2764879154786,33.75255418676672,31.06094660897472,31.517742156982422,53132000,0.0,0.0
2022-10-12 00:00:00-04:00,31.682531992868988,31.890690359319912,31.142863515483544,31.22188377380371,36663000,0.0,0.0
2022-10-13 00:00:00-04:00,29.148964537677923,33.22058775146155,28.87141949280433,32.82450866699219,45293000,0.0,0.0
2022-10-14 00:00:00-04:00,32.82451011324229,32.8611288928548,30.28902081321942,30.351661682128906,30398000,0.0,0.0
2022-10-17 00:00:00-04:00,31.513881610107692,31.723966287074287,30.135793477471502,30.396955490112305,51439000,0.0,0.0
2022-10-18 00:00:00-04:00,31.518706582962395,31.979351147301443,30.42394417568162,31.03685760498047,25077000,0.0,0.0
2022-10-19 00:00:00-04:00,31.07058169016724,32.01307875108159,30.71015818553865,31.809736251831055,26915000,0.0,0.0
2022-10-20 00:00:00-04:00,32.82548671644048,35.36001388541212,32.191372420755016,34.295127868652344,58751000,0.0,0.0
2022-10-21 00:00:00-04:00,34.20837978535744,35.93243275350041,34.20837978535744,35.58839416503906,27665000,0.0,0.0
2022-10-24 00:00:00-04:00,35.69825100481816,36.34778300889477,35.1296692496578,36.03843688964844,20117000,0.0,0.0
2022-10-25 00:00:00-04:00,36.14059428789373,37.24788507377416,36.14059428789373,36.607025146484375,17499000,0.0,0.0
2022-10-26 00:00:00-04:00,36.06638775663881,37.95523447472361,36.02109310925806,37.160186767578125,24178000,0.0,0.0
2022-10-27 00:00:00-04:00,37.48398872502458,38.35131819664007,36.76410489596219,37.498443603515625,22885000,0.0,0.0
2022-10-28 00:00:00-04:00,37.63336816539579,39.217688598746015,37.5379630074681,39.08662414550781,18155000,0.0,0.0
2022-10-31 00:00:00-04:00,39.017232372707575,39.55979396962397,38.469851257449065,39.00856018066406,18772000,0.0,0.0
2022-11-01 00:00:00-04:00,39.80072033321597,40.18330776074925,39.171425756963735,39.77277374267578,15682000,0.0,0.0
2022-11-02 00:00:00-04:00,39.66195205626797,40.576502696923036,38.04390601294658,38.116180419921875,21731000,0.0,0.0
2022-11-03 00:00:00-04:00,37.458933790453464,38.49683603450292,37.075383199375636,37.91379928588867,16563000,0.0,0.0
2022-11-04 00:00:00-04:00,39.49715565263398,40.4849437101974,38.95748355120237,40.43097686767578,24227000,0.0,0.0
2022-11-07 00:00:00-05:00,40.812604210489376,41.97964462095707,40.40207017357049,41.91796875,18842000,0.0,0.0
2022-11-08 00:00:00-05:00,42.69181463567329,43.26521604108475,41.515138896833406,42.871063232421875,22260000,0.0,0.0
2022-11-09 00:00:00-05:00,42.00469331185366,42.711081695451654,41.45152956839994,41.70305252075195,17040000,0.0,0.0
2022-11-10 00:00:00-05:00,44.29443872990511,46.8145061646333,43.852101837133596,46.77885055541992,37191000,0.0,0.0
2022-11-11 00:00:00-05:00,46.44734719639159,48.62338021245077,46.27291810852871,48.263919830322266,26080000,0.0,0.0
2022-11-14 00:00:00-05:00,47.76567829817502,48.220543759935794,46.24496408109015,46.324951171875,23472000,0.0,0.0
2022-11-15 00:00:00-05:00,48.28897108062823,48.44508891866005,46.46468964263937,47.29250717163086,22206000,0.0,0.0
2022-11-16 00:00:00-05:00,44.23083340435673,44.777251302747494,43.57070282241001,43.884864807128906,30079000,0.0,0.0
2022-11-17 00:00:00-05:00,43.01176200316972,44.778220321896356,42.88455391758795,44.441890716552734,15369000,0.0,0.0
2022-11-18 00:00:00-05:00,45.36222283966291,45.41522651804078,43.23534087733315,44.012081146240234,17363000,0.0,0.0
2022-11-21 00:00:00-05:00,43.46854785472364,43.703689595554735,42.82769167270621,43.38085174560547,9349000,0.0,0.0
2022-11-22 00:00:00-05:00,43.59865097720259,43.98220153455888,42.8055259352999,43.907997131347656,14115000,0.0,0.0
2022-11-23 00:00:00-05:00,44.04966189945458,45.172370706312805,43.945584567478065,44.46501541137695,8235000,0.0,0.0
2022-11-25 00:00:00-05:00,43.97739205524903,44.22795558601849,43.67961120605469,43.67961120605469,3789000,0.0,0.0
2022-11-28 00:00:00-05:00,43.00018938621076,43.49552993415047,42.54436079600699,42.71397399902344,11824000,0.0,0.0
2022-11-29 00:00:00-05:00,43.08114372863119,43.39530940752514,42.410410904170824,42.60026168823242,9030000,0.0,0.0
2022-11-30 00:00:00-05:00,43.16209489122813,45.52411838081751,42.526054496760594,45.523155212402344,22328000,0.0,0.0
2022-12-01 00:00:00-05:00,46.19196109199799,46.19196109199799,44.015932069869805,44.63269805908203,13779000,0.0,0.0
2022-12-02 00:00:00-05:00,43.43771305329742,44.35225979392679,43.40494694791973,44.105552673339844,11022000,0.0,0.0
2022-12-05 00:00:00-05:00,43.91957027663268,44.58934003702592,43.234378790871155,43.616966247558594,10886000,0.0,0.0
2022-12-06 00:00:00-05:00,43.64299401939376,43.76152994273435,42.304417436620874,42.700496673583984,9253000,0.0,0.0
2022-12-07 00:00:00-05:00,42.517385793673625,43.636238343454416,42.366087463339774,42.81517028808594,11129000,0.0,0.0
2022-12-08 00:00:00-05:00,43.16113358296602,44.09110213761412,42.79396420911947,43.84825134277344,12370000,0.0,0.0
2022-12-09 00:00:00-05:00,43.31725180557717,44.102664155210995,42.82865707149347,43.38567352294922,9542000,0.0,0.0
2022-12-12 00:00:00-05:00,44.332998271216375,44.75799091995643,43.26522289805416,44.74449920654297,12138000,0.0,0.0
2022-12-13 00:00:00-05:00,46.96588014556916,47.46016402953804,45.46657880865834,46.03728103637695,15369000,0.1725,0.0
2022-12-14 00:00:00-05:00,45.93184043917848,46.61184555160499,44.90457653405113,45.29246139526367,12108000,0.0,0.0
2022-12-15 00:00:00-05:00,44.110423722161805,44.46928726823901,42.950640060333896,43.14699935913086,15531000,0.0,0.0
2022-12-16 00:00:00-05:00,42.840385904865386,43.33370307578104,42.37995334740892,42.94001388549805,17715000,0.0,0.0
2022-12-19 00:00:00-05:00,42.786212674656305,42.83651003914657,41.79667079036226,42.43411636352539,10645000,0.0,0.0
2022-12-20 00:00:00-05:00,41.92241831119391,42.66626652963041,41.849870702828966,42.30546569824219,9097000,0.0,0.0
2022-12-21 00:00:00-05:00,42.68851905448648,43.60648018538879,42.568574347337005,43.32209396362305,9464000,0.0,0.0
2022-12-22 00:00:00-05:00,41.77732135943956,41.904037056270525,38.40728011553304,39.5728645324707,31757000,0.0,0.0
2022-12-23 00:00:00-05:00,39.23528031462916,39.89787635809328,38.744863525825494,39.86402130126953,10546000,0.0,0.0
2022-12-27 00:00:00-05:00,39.465496612585326,39.81468893984853,39.15209655421547,39.21980667114258,11120000,0.0,0.0
2022-12-28 00:00:00-05:00,39.02344062640394,39.44131348847831,38.62298420722864,38.962501525878906,8731000,0.0,0.0
2022-12-29 00:00:00-05:00,39.63090142657793,40.87483763956558,39.47516817115283,40.68524932861328,12309000,0.0,0.0
2022-12-30 00:00:00-05:00,39.90851729369408,40.683316615796905,39.74020875762072,40.65526580810547,7321000,0.0,0.0
2023-01-03 00:00:00-05:00,41.56645356413125,41.603208902235316,39.394885017435065,40.07489013671875,13249000,0.0,0.0
2023-01-04 00:00:00-05:00,40.784881852633234,41.42619440111487,40.284790090312136,40.86419677734375,10525000,0.0,0.0
2023-01-05 00:00:00-05:00,40.20257457214442,41.069267775020634,39.91045061369182,40.34186553955078,9834000,0.0,0.0
2023-01-06 00:00:00-05:00,41.510358069832755,43.270828695743305,40.66107384827961,43.07059860229492,14810000,0.0,0.0
2023-01-09 00:00:00-05:00,43.64419802921311,44.824295017970385,43.00772290104334,43.76317596435547,14079000,0.0,0.0
2023-01-10 00:00:00-05:00,43.34240246032971,44.38030818963297,43.25341254464537,44.3609619140625,10676000,0.0,0.0
2023-01-11 00:00:00-05:00,43.30564998557781,44.92586285009823,43.09961564254589,44.911354064941406,15429000,0.0,0.0
2023-01-12 00:00:00-05:00,45.46173813141251,45.9976185007211,43.85700099414421,45.466575622558594,14299000,0.0,0.0
2023-01-13 00:00:00-05:00,44.71789538207777,45.92894354223758,44.71789538207777,45.81770706176758,12025000,0.0,0.0
2023-01-17 00:00:00-05:00,45.453998599085864,45.81769969278371,44.82332409131797,45.55846405029297,9474000,0.0,0.0
2023-01-18 00:00:00-05:00,46.15722298339765,46.76565101522065,45.126091911265625,45.16188049316406,11939000,0.0,0.0
2023-01-19 00:00:00-05:00,44.717891751438636,44.95681437884054,43.88118655523952,43.90439987182617,10887000,0.0,0.0
2023-01-20 00:00:00-05:00,44.407387430202796,45.72000053670767,44.18781110066884,45.704524993896484,12599000,0.0,0.0
2023-01-23 00:00:00-05:00,45.927012173816344,48.252380907926245,45.693893768190684,47.47274398803711,16545000,0.0,0.0
2023-01-24 00:00:00-05:00,46.933954313641586,47.563662072133205,46.80433833510854,47.15546417236328,9723000,0.0,0.0
2023-01-25 00:00:00-05:00,45.674541342994395,47.53173934504208,45.17251605515814,47.24251937866211,17697000,0.0,0.0
2023-01-26 00:00:00-05:00,46.88945264335913,48.234957649503755,45.84961726258511,48.146934509277344,24658000,0.0,0.0
2023-01-27 00:00:00-05:00,47.2028560471794,48.164343262645005,46.67858424967399,46.70856857299805,17116000,0.0,0.0
2023-01-30 00:00:00-05:00,46.077901266880666,46.79659890956617,45.79254834423842,46.2974739074707,15608000,0.0,0.0
2023-01-31 00:00:00-05:00,46.499645091284904,48.383931117359325,46.43000144700679,48.3742561340332,18132000,0.0,0.0
2023-02-01 00:00:00-05:00,48.23785860638035,51.65626710115162,48.218512333872305,51.29159927368164,24886000,0.0,0.0
2023-02-02 00:00:00-05:00,52.14088390542786,53.089795957191484,51.25194419640917,52.33434295654297,20193000,0.0,0.0
2023-02-03 00:00:00-05:00,51.198734737553636,52.22889876306566,50.925957112891766,51.19389724731445,12684000,0.0,0.0
2023-02-06 00:00:00-05:00,50.48294625177864,51.26645376026113,50.129886891296856,50.391056060791016,10082000,0.0,0.0
2023-02-07 00:00:00-05:00,50.48198260935832,51.902935740824184,49.99349929791724,51.57986068725586,12541000,0.0,0.0
2023-02-08 00:00:00-05:00,51.16972374279453,51.58372218827085,49.771017318017584,50.09699630737305,11435000,0.0,0.0
2023-02-09 00:00:00-05:00,51.07202841484231,51.55664096971375,49.56015192649937,49.865814208984375,10732000,0.0,0.0
2023-02-10 00:00:00-05:00,49.42473106922773,49.70427606199519,48.212712627335044,48.84822463989258,10364000,0.0,0.0
2023-02-13 00:00:00-05:00,49.16259441033731,49.42569709547437,48.58802150999047,49.359920501708984,8892000,0.0,0.0
2023-02-14 00:00:00-05:00,48.646064010189505,50.38428793578247,48.2746251142605,49.932559967041016,9487000,0.0,0.0
2023-02-15 00:00:00-05:00,49.01363335017455,50.36203510550948,48.746659927771255,50.327213287353516,8541000,0.0,0.0
2023-02-16 00:00:00-05:00,49.15291327865449,49.79519621283545,48.397460374857,48.493221282958984,10906000,0.0,0.0
2023-02-17 00:00:00-05:00,48.290100046495844,48.290100046495844,47.156433407649246,47.94477844238281,13841000,0.0,0.0
2023-02-21 00:00:00-05:00,47.2038359563746,47.59075412656072,46.14562077549354,46.26459503173828,12458000,0.0,0.0
2023-02-22 00:00:00-05:00,46.53640100731574,46.93589070969934,45.87960916262473,46.16302490234375,10418000,0.0,0.0
2023-02-23 00:00:00-05:00,47.46789817810373,47.67973304147268,45.796417825141965,46.95039367675781,12271000,0.0,0.0
2023-02-24 00:00:00-05:00,46.164957123313386,46.80046541339646,45.81866510338796,46.29553985595703,10353000,0.0,0.0
2023-02-27 00:00:00-05:00,47.371177136700325,47.486284349906285,46.54317639596141,46.692138671875,7905000,0.0,0.0
2023-02-28 00:00:00-05:00,46.67762809725197,47.731976182494236,46.35455302838979,47.01134490966797,10899000,0.0,0.0
2023-03-01 00:00:00-05:00,47.39244732305977,48.11501568763694,47.128377887496015,47.48627471923828,8566000,0.0,0.0
2023-03-02 00:00:00-05:00,46.33326945334731,47.79291139615807,45.87670769674526,47.395355224609375,8731000,0.0,0.0
2023-03-03 00:00:00-05:00,47.2928230430918,47.706825238952845,46.43677153207401,47.5568962097168,16844000,0.0,0.0
2023-03-06 00:00:00-05:00,47.857711951933695,48.30750260958073,46.698895030734704,46.934913635253906,9731000,0.0,0.0
2023-03-07 00:00:00-05:00,47.08485678925285,47.326679716867204,46.11273127698916,46.39711380004883,9382000,0.0,0.0
2023-03-08 00:00:00-05:00,46.63216224132311,47.92736642408493,46.596373660997685,47.72616958618164,10541000,0.0,0.0
2023-03-09 00:00:00-05:00,47.53754730759345,48.733119813979805,47.2289810433607,47.424373626708984,13287000,0.0,0.0
2023-03-10 00:00:00-05:00,47.826762757985385,47.983462775918824,45.80415654774943,46.315853118896484,11804000,0.0,0.0
2023-03-13 00:00:00-04:00,45.37275089905747,46.78499582328655,45.17542109983106,46.13981246948242,9427000,0.0,0.0
2023-03-14 00:00:00-04:00,47.09750038219633,48.51098970506024,47.04799074129797,47.9556884765625,13106000,0.1725,0.0
2023-03-15 00:00:00-04:00,47.209143474824494,47.47125681946026,46.01505346638025,47.28292465209961,12145000,0.0,0.0
2023-03-16 00:00:00-04:00,46.88391977526029,50.08562572757689,46.643163468615505,50.0147590637207,17754000,0.0,0.0
2023-03-17 00:00:00-04:00,50.014767871571365,50.47201643591219,48.90999430945785,49.351707458496094,17026000,0.0,0.0
2023-03-20 00:00:00-04:00,49.55946521433854,50.05069176643695,49.09736525451465,49.830318450927734,7553000,0.0,0.0
2023-03-21 00:00:00-04:00,50.184652153857044,50.634134813925414,48.355661796265906,49.25462341308594,10286000,0.0,0.0
2023-03-22 00:00:00-04:00,49.21870755069636,50.96712123571777,49.10609338664134,49.1517219543457,12139000,0.0,0.0
2023-03-23 00:00:00-04:00,49.937094560081775,51.701043496167664,49.83419050250861,50.83023452758789,15379000,0.0,0.0
2023-03-24 00:00:00-04:00,49.99631386251803,50.23027829153209,48.42167107656869,48.74009704589844,13960000,0.0,0.0
2023-03-27 00:00:00-04:00,49.34199965953807,49.4915025672638,48.02364843023163,48.12946701049805,11071000,0.0,0.0
2023-03-28 00:00:00-04:00,48.09354417465585,48.205184359132666,46.47909808356817,47.0916748046875,14636000,0.0,0.0
2023-03-29 00:00:00-04:00,48.01005976637601,50.594338204469075,47.78871990370506,50.06913375854492,20722000,0.0,0.0
2023-03-30 00:00:00-04:00,50.83217573892188,51.72046067017117,50.67199248181465,51.58454895019531,20558000,0.0,0.0
2023-03-31 00:00:00-04:00,51.22341612398019,51.752501637341304,51.00498707234466,51.464176177978516,11637000,0.0,0.0
2023-04-03 00:00:00-04:00,50.87877758506021,51.08458571512139,49.95942917955248,50.62831115722656,11100000,0.0,0.0
2023-04-04 00:00:00-04:00,50.77296218727876,50.88072130743052,48.66049754666529,48.95659255981445,12698000,0.0,0.0
2023-04-05 00:00:00-04:00,48.53040737355185,48.53040737355185,47.22564739716005,47.90715026855469,16073000,0.0,0.0
2023-04-06 00:00:00-04:00,47.18487872273613,48.18965903271474,46.64219832864668,47.937252044677734,9652000,0.0,0.0
2023-04-10 00:00:00-04:00,47.20234725279092,49.650709835289256,47.186811839725685,49.26432800292969,13389000,0.0,0.0
2023-04-11 00:00:00-04:00,49.5400372866244,49.681774325255404,49.08861409539289,49.26918411254883,9080000,0.0,0.0
2023-04-12 00:00:00-04:00,49.83517072943432,49.8672081274963,48.16344885520508,48.25567626953125,9728000,0.0,0.0
2023-04-13 00:00:00-04:00,48.49060603003846,48.74204273304841,47.617852735614,48.37993240356445,12971000,0.0,0.0
2023-04-14 00:00:00-04:00,48.25761127662728,49.10900382896179,47.820749500045544,48.62166213989258,9245000,0.0,0.0
2023-04-17 00:00:00-04:00,47.56833881600252,48.0576210049088,46.900427150999555,47.82754135131836,12478000,0.0,0.0
2023-04-18 00:00:00-04:00,48.03141354411445,48.5828262860385,47.48290790577482,48.09062957763672,8993000,0.0,0.0
2023-04-19 00:00:00-04:00,47.17905281455664,47.94889837725236,46.86451157505519,47.668338775634766,17221000,0.0,0.0
2023-04-20 00:00:00-04:00,49.60412056131266,52.083550744404675,49.3274420227729,51.114688873291016,40480000,0.0,0.0
2023-04-21 00:00:00-04:00,50.88848195291795,50.902073125179434,49.88273150225144,50.20892333984375,14387000,0.0,0.0
2023-04-24 00:00:00-04:00,50.03224282938051,50.29533019487236,49.159493147318464,49.936134338378906,10247000,0.0,0.0
2023-04-25 00:00:00-04:00,49.66139352640872,50.153590293160164,48.48769382902584,48.512935638427734,13711000,0.0,0.0
2023-04-26 00:00:00-04:00,48.85562674212683,49.28860374063457,48.07024581087252,48.2877082824707,12949000,0.0,0.0
2023-04-27 00:00:00-04:00,48.88475493425229,50.434156233128306,47.90133161843296,50.373966217041016,19831000,0.0,0.0
2023-04-28 00:00:00-04:00,50.409878718427855,50.91566662546599,49.75555817869546,50.8778076171875,11458000,0.0,0.0
2023-05-01 00:00:00-04:00,50.85741947776897,51.59716811079584,50.612774669198444,50.85353469848633,8383000,0.0,0.0
2023-05-02 00:00:00-04:00,50.84577830079898,51.13119297668355,49.92545577130498,50.66423797607422,9466000,0.0,0.0
2023-05-03 00:00:00-04:00,50.725396952528854,51.16128851509851,49.803133908531166,49.952640533447266,13628000,0.0,0.0
2023-05-04 00:00:00-04:00,50.002146008468486,50.05942150989031,49.23812577881424,49.72837829589844,7802000,0.0,0.0
2023-05-05 00:00:00-04:00,50.3846424071887,51.55834206861376,50.14388236279885,51.42922592163086,14018000,0.0,0.0
2023-05-08 00:00:00-04:00,51.45251488035324,51.60007722459286,50.79333937904132,51.14088821411133,7957000,0.0,0.0
2023-05-09 00:00:00-04:00,50.440932445932745,50.473940100355044,49.714771455273805,50.0710563659668,10002000,0.0,0.0
2023-05-10 00:00:00-04:00,50.881694677469646,51.595235041059254,50.48658034837779,51.19041061401367,10968000,0.0,0.0
2023-05-11 00:00:00-04:00,51.3010872454297,51.53213722509742,50.54580304518488,51.207889556884766,7162000,0.0,0.0
2023-05-12 00:00:00-04:00,51.452523555086586,51.79230288968961,50.616662688646166,51.170989990234375,9168000,0.0,0.0
2023-05-15 00:00:00-04:00,51.452520326989045,53.635855166217574,51.44766527870875,53.614498138427734,17454000,0.0,0.0
2023-05-16 00:00:00-04:00,53.42616817002594,54.77169810277182,53.32520463386621,54.26105880737305,17385000,0.0,0.0
2023-05-17 00:00:00-04:00,54.80276045428093,56.33177480655189,54.37560877851796,55.7347297668457,16672000,0.0,0.0
2023-05-18 00:00:00-04:00,55.72405610551792,58.27629333838288,55.72405610551792,58.12582015991211,19223000,0.0,0.0
2023-05-19 00:00:00-04:00,57.787984697333066,57.82972848955891,57.11230705546025,57.16667175292969,12253000,0.0,0.0
2023-05-22 00:00:00-04:00,56.77251686655044,57.44042856827573,56.47545160600543,56.798728942871094,10423000,0.0,0.0
2023-05-23 00:00:00-04:00,56.31721124110848,56.44923818525249,55.54154044556853,55.674537658691406,10667000,0.0,0.0
2023-05-24 00:00:00-04:00,54.70860056765994,55.252251265018536,54.307660909554556,54.93479919433594,13255000,0.0,0.0
2023-05-25 00:00:00-04:00,56.88901495272633,58.90731530397832,56.29973945044638,58.45200729370117,20554000,0.0,0.0
2023-05-26 00:00:00-04:00,58.73353794966445,61.45275386245091,58.2461962715795,60.99065399169922,21989000,0.0,0.0
2023-05-30 00:00:00-04:00,62.13134522096766,62.57791337594734,60.112074723694164,61.15665817260742,13656000,0.0,0.0
2023-05-31 00:00:00-04:00,60.033445186872875,61.1925833908562,59.5965834033812,59.86937713623047,26891000,0.0,0.0
2023-06-01 00:00:00-04:00,59.86938350326173,60.72175013206769,58.70150905040172,60.1761589050293,14556000,0.0,0.0
2023-06-02 00:00:00-04:00,60.18974312846946,60.382934061806694,59.00051178185469,59.575225830078125,11814000,0.0,0.0
2023-06-05 00:00:00-04:00,59.37135776474034,59.597552656607306,58.54131853859534,58.79275894165039,10441000,0.0,0.0
2023-06-06 00:00:00-04:00,57.86564464418348,59.77424170380203,57.64430108336594,59.43252182006836,11062000,0.0,0.0
2023-06-07 00:00:00-04:00,59.50241485079169,60.30915281260153,58.98303576443577,59.29466247558594,12027000,0.0,0.0
2023-06-08 00:00:00-04:00,59.407276258677854,59.8198664960386,58.68499985021144,59.65968322753906,9108000,0.0,0.0
2023-06-09 00:00:00-04:00,60.020823605310696,60.29750211451326,58.807320722261395,58.88789749145508,10669000,0.0,0.0
2023-06-12 00:00:00-04:00,59.4771746964035,61.019780287249645,58.9519702779494,60.92075729370117,15094000,0.0,0.0
2023-06-13 00:00:00-04:00,60.84238983944292,61.302844629833054,59.95652479192162,60.89495849609375,11759000,0.1725,0.0
2023-06-14 00:00:00-04:00,60.35565321523109,61.39922056231081,59.67908610933589,61.33205032348633,11219000,0.0,0.0
2023-06-15 00:00:00-04:00,60.13174942231964,60.85504376139623,60.00714210227161,60.45299530029297,18624000,0.0,0.0
2023-06-16 00:00:00-04:00,60.70805787244562,60.74407535424044,59.41819828443727,59.64015197753906,26787000,0.0,0.0
2023-06-20 00:00:00-04:00,59.46103102620411,60.22715725263747,59.183589851144305,59.798828125,9811000,0.0,0.0
2023-06-21 00:00:00-04:00,59.313051489534146,59.94678672072236,58.633561923406226,58.97330856323242,8987000,0.0,0.0
2023-06-22 00:00:00-04:00,58.51578081721058,60.791774285479406,58.254887119431,60.34299850463867,11735000,0.0,0.0
2023-06-23 00:00:00-04:00,59.33350565470118,59.5135967712152,58.54206803046789,59.26146697998047,10806000,0.0,0.0
2023-06-26 00:00:00-04:00,59.78616962738163,61.6610875225383,59.74138823008897,60.387779235839844,13440000,0.0,0.0
2023-06-27 00:00:00-04:00,60.71974256622849,63.29848888114683,60.55133047537877,63.1943244934082,13355000,0.0,0.0
2023-06-28 00:00:00-04:00,62.30164187450956,63.24397118145694,61.91030315926843,62.514835357666016,11806000,0.0,0.0
2023-06-29 00:00:00-04:00,63.04440113686997,63.071658409772304,61.91321688437355,62.3376579284668,14023000,0.0,0.0
2023-06-30 00:00:00-04:00,62.724117308105406,63.166078712323895,62.19649232084197,62.58102035522461,10867000,0.0,0.0
2023-07-03 00:00:00-04:00,62.58102181114085,63.37440148380435,62.19065239364622,63.37245559692383,6219000,0.0,0.0
2023-07-05 00:00:00-04:00,62.69881672606345,62.894489792448894,61.183111734228824,61.19090270996094,11052000,0.0,0.0
2023-07-06 00:00:00-04:00,60.10643803822048,60.62238030072065,59.54376849489288,60.45299530029297,12975000,0.0,0.0
2023-07-07 00:00:00-04:00,60.53769296120382,61.26682871436808,60.057768148212,60.14830017089844,7288000,0.0,0.0
2023-07-10 00:00:00-04:00,60.355647039245724,61.35638248745075,60.12201064256236,61.09938430786133,12882000,0.0,0.0
2023-07-11 00:00:00-04:00,61.187978273562024,61.34276170990546,59.212791450868046,60.2991943359375,12028000,0.0,0.0
2023-07-12 00:00:00-04:00,61.22789075955366,61.23178624726866,60.14051493946994,60.60875701904297,13032000,0.0,0.0
2023-07-13 00:00:00-04:00,61.03709156369383,62.50509630957376,61.03709156369383,62.137123107910156,10887000,0.0,0.0
2023-07-14 00:00:00-04:00,62.508975598699955,63.00155975006554,61.905420199085206,62.162418365478516,9191000,0.0,0.0
2023-07-17 00:00:00-04:00,61.81586468277223,64.62240543625731,61.81586468277223,64.25637817382812,13834000,0.0,0.0
2023-07-18 00:00:00-04:00,63.6888348459845,64.34592810855557,63.1475738319306,63.85432434082031,10231000,0.0,0.0
2023-07-19 00:00:00-04:00,63.51459349471043,63.685920682206195,62.12932985230709,62.31332015991211,9326000,0.0,0.0
2023-07-20 00:00:00-04:00,61.29992796587116,61.31647543283322,59.636253955801,59.919532775878906,16720000,0.0,0.0
2023-07-21 00:00:00-04:00,60.30891985872881,61.03221417591506,60.15997781607553,60.70901870727539,25742000,0.0,0.0
2023-07-24 00:00:00-04:00,61.27948263484553,62.5547404583653,61.23178240933277,62.20817947387695,11475000,0.0,0.0
2023-07-25 00:00:00-04:00,62.20817869491983,63.702471330512296,62.1127782450889,63.2994499206543,9087000,0.0,0.0
2023-07-26 00:00:00-04:00,62.49925350419761,63.11448801015058,61.53745429727732,62.533321380615234,13614000,0.0,0.0
2023-07-27 00:00:00-04:00,65.70977443968594,69.69519566729569,65.54623082518829,68.33329772949219,33900000,0.0,0.0
2023-07-28 00:00:00-04:00,69.1451907851358,70.48664230289315,68.68862773098753,70.21309661865234,18500000,0.0,0.0
2023-07-31 00:00:00-04:00,70.2325556143774,70.72610527478363,69.47908153422736,69.94342803955078,11332000,0.0,0.0
2023-08-01 00:00:00-04:00,69.00501051943891,70.04078690214928,68.96509755313542,69.6913070678711,9528000,0.0,0.0
2023-08-02 00:00:00-04:00,68.64968786997319,68.84925270809859,66.5469785604878,66.76892852783203,14973000,0.0,0.0
2023-08-03 00:00:00-04:00,66.3143055833752,67.65770272398642,65.95508894627082,67.49707794189453,12155000,0.0,0.0
2023-08-04 00:00:00-04:00,67.49708466143836,68.39950087571803,66.83220034211764,67.21477508544922,6652000,0.0,0.0
2023-08-07 00:00:00-04:00,67.94879541065052,68.78208822862398,67.28974863136327,68.66527557373047,6848000,0.0,0.0
2023-08-08 00:00:00-04:00,67.71612227512463,67.9906483296551,66.84680833673687,67.75408935546875,8094000,0.0,0.0
2023-08-09 00:00:00-04:00,67.82903622331145,68.13860303493962,66.75042081295335,66.78546905517578,8139000,0.0,0.0
2023-08-10 00:00:00-04:00,67.3286776170492,68.23887739672907,66.28218405059388,66.81857299804688,9376000,0.0,0.0
2023-08-11 00:00:00-04:00,65.30190469383854,65.46544834927602,63.41238130948326,63.46786880493164,16035000,0.0,0.0
2023-08-14 00:00:00-04:00,63.37342508921629,64.95630000163226,62.984032349891784,64.9504623413086,13017000,0.0,0.0
2023-08-15 00:00:00-04:00,64.3663959674374,64.81516809420216,63.72876136199692,63.84363555908203,6713000,0.0,0.0
2023-08-16 00:00:00-04:00,64.19699291074224,64.23690587366777,62.85651449120812,62.914920806884766,8088000,0.0,0.0
2023-08-17 00:00:00-04:00,63.29361240813747,64.17266322888617,62.9597145072909,63.13591384887695,8914000,0.0,0.0
2023-08-18 00:00:00-04:00,62.55863579817597,63.93123632440826,62.25101481676244,63.56229019165039,9336000,0.0,0.0
2023-08-21 00:00:00-04:00,63.76283401826955,65.44305568537182,63.638230389621825,65.1490707397461,9083000,0.0,0.0
2023-08-22 00:00:00-04:00,65.94342145480056,66.25006951219669,64.65356560980958,64.91348266601562,6273000,0.0,0.0
2023-08-23 00:00:00-04:00,64.87648646486517,66.36201533276213,64.72170673920836,66.01058959960938,8713000,0.0,0.0
2023-08-24 00:00:00-04:00,67.23425670215353,67.33744071203654,63.5545097745964,63.85336685180664,11349000,0.0,0.0
2023-08-25 00:00:00-04:00,64.12885222326577,64.86869776777513,62.93634286058888,64.27584838867188,7601000,0.0,0.0
2023-08-28 00:00:00-04:00,65.19967794649995,65.68641707668581,64.41018998874195,64.86480712890625,6092000,0.0,0.0
2023-08-29 00:00:00-04:00,64.55913170404068,67.33354324609144,64.42868300351579,66.64918518066406,10398000,0.0,0.0
2023-08-30 00:00:00-04:00,66.56157227449151,67.09796120158005,65.44694299754065,66.83219909667969,9026000,0.0,0.0
2023-08-31 00:00:00-04:00,66.2607680577664,68.5718058063424,66.2607680577664,68.37710571289062,16816000,0.0,0.0
2023-09-01 00:00:00-04:00,69.04685481755307,69.30288002863882,67.9585025778427,68.33426666259766,6454000,0.0,0.0
2023-09-05 00:00:00-04:00,67.97311432372565,68.87066582532691,67.67620316699688,68.21843719482422,5199000,0.0,0.0
2023-09-06 00:00:00-04:00,67.86701335355498,68.96606816447031,66.94999553017537,67.77745056152344,9013000,0.0,0.0
2023-09-07 00:00:00-04:00,66.29387062352066,66.35325731535862,64.73630683177517,65.87527465820312,12039000,0.0,0.0
2023-09-08 00:00:00-04:00,65.56375866270672,66.24129869298687,64.88329980191882,65.114013671875,9023000,0.0,0.0
2023-09-11 00:00:00-04:00,65.57543622798117,65.74579787911135,63.37731936381961,64.60779571533203,9529000,0.0,0.0
2023-09-12 00:00:00-04:00,63.876468639375716,64.88609182038114,63.65189603561866,63.730979919433594,8924000,0.2,0.0
2023-09-13 00:00:00-04:00,64.20063332832203,65.13702036981584,63.746601303906644,64.31291961669922,8777000,0.0,0.0
2023-09-14 00:00:00-04:00,65.15069639590524,65.17608428863969,63.56498858036901,64.09518432617188,10359000,0.0,0.0
2023-09-15 00:00:00-04:00,63.17245667841549,63.265217825289255,60.32033449296443,60.84174346923828,31613000,0.0,0.0
2023-09-18 00:00:00-04:00,60.61326445194633,62.14819634530948,60.36330025861063,62.06617736816406,12598000,0.0,0.0
2023-09-19 00:00:00-04:00,62.06618419763156,62.17456696146382,60.7070081699511,61.04094314575195,10945000,0.0,0.0
2023-09-20 00:00:00-04:00,61.27040674364195,61.782049557246346,60.27445705558009,60.426780700683594,8468000,0.0,0.0
2023-09-21 00:00:00-04:00,59.58509345051994,60.355490791818774,59.46304086639525,59.5997428894043,11694000,0.0,0.0
2023-09-22 00:00:00-04:00,60.53515015658787,61.410998817845595,60.09868778995344,60.451175689697266,12743000,0.0,0.0
2023-09-25 00:00:00-04:00,60.07818232642753,60.831978402421576,59.91609614956301,60.59568405151367,7635000,0.0,0.0
2023-09-26 00:00:00-04:00,59.75108090752465,60.10063741732842,58.92893570707673,59.171085357666016,10590000,0.0,0.0
2023-09-27 00:00:00-04:00,59.755969807015724,60.315456943314544,58.842039256231274,59.94441604614258,11951000,0.0,0.0
2023-09-28 00:00:00-04:00,59.656378968873994,61.56625921657589,59.33025479438138,61.27235412597656,11734000,0.0,0.0
2023-09-29 00:00:00-04:00,62.14918023473732,62.23315098624117,61.03312983357294,61.199119567871094,7707000,0.0,0.0
2023-10-02 00:00:00-04:00,61.245978528350385,62.58855680694893,60.832952301047264,61.60042190551758,9882000,0.0,0.0
2023-10-03 00:00:00-04:00,61.52231267817728,62.197997089293494,59.84482343624472,60.353538513183594,10197000,0.0,0.0
2023-10-04 00:00:00-04:00,60.967703211210534,61.90506985319917,60.73531611282076,61.74688720703125,9588000,0.0,0.0
2023-10-05 00:00:00-04:00,61.8054827720515,61.89336079111613,60.56640382066515,61.10734176635742,7537000,0.0,0.0
2023-10-06 00:00:00-04:00,60.60350716270103,61.717602090709775,59.48550497245254,61.32996368408203,10649000,0.0,0.0
2023-10-09 00:00:00-04:00,60.65916385109387,61.59945826500936,60.02644436052202,61.28895568847656,6921000,0.0,0.0
2023-10-10 00:00:00-04:00,61.85235084630584,62.77897171501325,61.34656336697662,61.94218063354492,6741000,0.0,0.0
2023-10-11 00:00:00-04:00,62.58369483770504,62.80826745884779,61.90019950578183,62.65985107421875,6615000,0.0,0.0
2023-10-12 00:00:00-04:00,63.01331742004198,64.93198064065665,62.999647588976785,63.951656341552734,13285000,0.0,0.0
2023-10-13 00:00:00-04:00,64.54140590346502,64.87241692637231,62.68620510876358,62.99085235595703,12292000,0.0,0.0
2023-10-16 00:00:00-04:00,63.254482996386855,64.01707327795609,62.89321210807233,63.53569412231445,9990000,0.0,0.0
2023-10-17 00:00:00-04:00,62.30930709489102,63.80323323517557,61.16884848095298,63.46246337890625,10340000,0.0,0.0
2023-10-18 00:00:00-04:00,62.295642134661904,62.99378310902684,61.151276169345955,62.70964431762695,13346000,0.0,0.0
2023-10-19 00:00:00-04:00,61.21669408922169,61.75860786331451,58.60574540568903,58.77564239501953,25078000,0.0,0.0
2023-10-20 00:00:00-04:00,58.9465114805686,59.38687738648928,58.43096151507601,58.61941146850586,13013000,0.0,0.0
2023-10-23 00:00:00-04:00,58.22396629532473,59.29705167102557,57.54925775676397,58.54423141479492,8106000,0.0,0.0
2023-10-24 00:00:00-04:00,59.094925927331474,59.692494847650465,58.48173541000055,58.97775650024414,9659000,0.0,0.0
2023-10-25 00:00:00-04:00,58.26203959034658,58.44267874244368,56.73687034338189,56.958518981933594,11332000,0.0,0.0
2023-10-26 00:00:00-04:00,57.52093914547522,59.03243860799821,56.97609774522531,57.13330078125,11976000,0.0,0.0
2023-10-27 00:00:00-04:00,57.05226107729852,57.95544946842378,56.708559833124355,57.02492141723633,9497000,0.0,0.0
2023-10-30 00:00:00-04:00,56.86771672249222,57.9378744206724,56.35802576408047,56.974143981933594,8657000,0.0,0.0
2023-10-31 00:00:00-04:00,57.2504739256517,57.68498083605026,56.08755875757974,57.43501663208008,8179000,0.0,0.0
2023-11-01 00:00:00-04:00,57.88904903147616,59.33122347313586,57.48871671966006,59.23553466796875,10439000,0.0,0.0
2023-11-02 00:00:00-04:00,60.78218127572884,61.65217088262885,60.362320127169596,60.858341217041016,13560000,0.0,0.0
2023-11-03 00:00:00-04:00,61.43638775233705,62.433316907726734,61.21083555728896,61.91288375854492,9832000,0.0,0.0
2023-11-06 00:00:00-05:00,61.91288387577454,62.44991450894132,61.33093649047771,62.398162841796875,6929000,0.0,0.0
2023-11-07 00:00:00-05:00,62.49092416613058,63.18320607783256,62.1677276661931,62.61395263671875,8192000,0.0,0.0
2023-11-08 00:00:00-05:00,62.940086380259324,63.381431996404956,62.59638880760153,63.23106384277344,7304000,0.0,0.0
2023-11-09 00:00:00-05:00,63.46733367061328,65.27371013903127,63.32184498716659,63.49272155761719,12196000,0.0,0.0
2023-11-10 00:00:00-05:00,64.54922155883104,67.16505345879017,64.08737498308172,66.92680358886719,13734000,0.0,0.0
2023-11-13 00:00:00-05:00,66.39660252173442,66.39757840599587,65.4738853287873,65.75509643554688,8158000,0.0,0.0
2023-11-14 00:00:00-05:00,67.4706688268554,67.97645254400463,66.77838690867766,67.85342407226562,9555000,0.0,0.0
2023-11-15 00:00:00-05:00,68.17370824472256,68.30650303916003,67.52243567074657,68.14441680908203,6295000,0.0,0.0
2023-11-16 00:00:00-05:00,68.2518236663166,68.96851775253894,67.94327280871535,68.39242553710938,10047000,0.0,0.0
2023-11-17 00:00:00-05:00,67.52535641294736,68.50177723169384,67.1777553095574,68.38265228271484,10265000,0.0,0.0
2023-11-20 00:00:00-05:00,68.0887500090041,70.39993477179556,68.0887500090041,70.21929931640625,10264000,0.0,0.0
2023-11-21 00:00:00-05:00,69.91463886942013,69.91463886942013,68.68923373773492,69.06906127929688,8709000,0.0,0.0
2023-11-22 00:00:00-05:00,69.81407389621234,71.10587646137424,69.65784302222397,70.05427551269531,7819000,0.0,0.0
2023-11-24 00:00:00-05:00,69.95858941884477,70.51026202142174,69.81407659975909,70.05818176269531,3006000,0.0,0.0
2023-11-27 00:00:00-05:00,69.81408303066215,71.37537884308472,69.39227004500101,70.54151916503906,6819000,0.0,0.0
2023-11-28 00:00:00-05:00,69.55337849390428,70.05134769515581,68.78786054085087,69.36395263671875,9053000,0.0,0.0
2023-11-29 00:00:00-05:00,70.3022885297823,70.83638777786639,69.62367645931504,69.71546173095703,8125000,0.0,0.0
2023-11-30 00:00:00-05:00,70.1851114313984,70.1851114313984,68.9714242965953,69.9039077758789,12922000,0.0,0.0
2023-12-01 00:00:00-05:00,69.52897317256142,70.55519388664744,69.14230689669425,70.5053939819336,6919000,0.0,0.0
2023-12-04 00:00:00-05:00,69.8726639846969,69.96542514454589,68.54961808753187,69.33172607421875,9036000,0.0,0.0
2023-12-05 00:00:00-05:00,67.99209005504096,68.3445780309314,67.09768822564862,68.07019805908203,12201000,0.0,0.0
2023-12-06 00:00:00-05:00,69.22726529005988,69.3239300026562,67.7118581927114,67.84855651855469,6348000,0.0,0.0
2023-12-07 00:00:00-05:00,68.65801316630215,69.35712641159712,68.07704154468331,69.13352966308594,9009000,0.0,0.0
2023-12-08 00:00:00-05:00,68.29672706827515,69.44011347782552,68.25376580545549,68.65898132324219,7944000,0.0,0.0
2023-12-11 00:00:00-05:00,69.34930148003252,72.0588702427443,69.16963448046118,71.82452392578125,15849000,0.0,0.0
2023-12-12 00:00:00-05:00,71.76678822439281,72.3346506979118,71.19010390452577,71.59446716308594,12019000,0.2,0.0
2023-12-13 00:00:00-05:00,71.7618567025071,72.50987574214669,70.63983187795142,71.92829895019531,8889000,0.0,0.0
2023-12-14 00:00:00-05:00,72.48736869009826,75.51468768994555,72.33266896475976,75.11620330810547,17234000,0.0,0.0
2023-12-15 00:00:00-05:00,75.32377071357571,76.33712492949272,75.15145717198074,75.73204803466797,17817000,0.0,0.0
2023-12-18 00:00:00-05:00,75.93765050251822,76.27054249903568,74.16649178149817,75.38153076171875,8841000,0.0,0.0
2023-12-19 00:00:00-05:00,75.60671944676336,76.54859497069138,75.2650205628893,76.46733093261719,8906000,0.0,0.0
2023-12-20 00:00:00-05:00,75.5900821144876,76.41740819628168,73.86395882562762,73.91388702392578,11409000,0.0,0.0
2023-12-21 00:00:00-05:00,76.22159443429135,76.29503012612686,74.7529702352884,76.06690216064453,9349000,0.0,0.0
2023-12-22 00:00:00-05:00,76.06690738321399,76.7698911522238,75.74380824449598,76.36748504638672,5251000,0.0,0.0
2023-12-26 00:00:00-05:00,76.6660896333332,78.31388443946932,76.6660896333332,77.90658569335938,6941000,0.0,0.0
2023-12-27 00:00:00-05:00,78.22869963374158,78.45290589928928,77.37689510003514,77.83020782470703,7623000,0.0,0.0
2023-12-28 00:00:00-05:00,78.11121389748014,78.20129231139896,77.25060238537998,77.31522369384766,6007000,0.0,0.0
2023-12-29 00:00:00-05:00,77.10374284416612,77.3563493534501,76.17263870199685,76.68762969970703,5191000,0.0,0.0
2024-01-02 00:00:00-05:00,75.26699437951987,75.3286800652956,72.65480204290373,73.36267852783203,11136000,0.0,0.0
2024-01-03 00:00:00-05:00,71.66886628121729,72.7458634619293,71.43976721385401,72.15155792236328,9224000,0.0,0.0
2024-01-04 00:00:00-05:00,71.05986090769726,72.93284045262004,70.81214714974587,71.57877349853516,10330000,0.0,0.0
2024-01-05 00:00:00-05:00,71.92048685017669,72.67242023885458,71.3359742917983,71.70802307128906,8219000,0.0,0.0
2024-01-08 00:00:00-05:00,72.09378166834867,74.18509650119763,72.09378166834867,74.13223266601562,10889000,0.0,0.0
2024-01-09 00:00:00-05:00,73.0718766623227,74.10088748069133,72.90738402874379,73.62897491455078,5904000,0.0,0.0
2024-01-10 00:00:00-05:00,73.8012975141617,73.90508303398613,72.11042418373292,73.4008560180664,8376000,0.0,0.0
2024-01-11 00:00:00-05:00,73.3930313037487,74.54443523594806,72.66459787425049,74.42987823486328,7742000,0.0,0.0
2024-01-12 00:00:00-05:00,74.48176114525941,74.73828184515524,73.90704153519314,74.37798309326172,4972000,0.0,0.0
2024-01-16 00:00:00-05:00,73.85122712754827,75.28166546599292,73.23734337263926,74.52189636230469,6847000,0.0,0.0
2024-01-17 00:00:00-05:00,73.70828401209748,73.85221228408562,72.64891575730412,73.71514129638672,9631000,0.0,0.0
2024-01-18 00:00:00-05:00,75.9670268336002,77.18990172370721,75.5636497013676,76.92163848876953,14863000,0.0,0.0
2024-01-19 00:00:00-05:00,78.19737249099202,81.12287801930022,77.80965957073458,80.903564453125,18628000,0.0,0.0
2024-01-22 00:00:00-05:00,81.1786885066335,82.89012619732202,81.03573878253674,81.61045837402344,13652000,0.0,0.0
2024-01-23 00:00:00-05:00,81.22569165684841,81.4577338164366,80.42872275101581,81.30206298828125,8243000,0.0,0.0
2024-01-24 00:00:00-05:00,83.22203475163225,84.06796070409335,82.09217390187679,83.04188537597656,19276000,0.0,0.0
2024-01-25 00:00:00-05:00,85.8655509734742,88.12625857591105,84.6612834191379,84.74939727783203,31073000,0.0,0.0
2024-01-26 00:00:00-05:00,83.51576718449076,84.20112216769955,81.91300759896272,82.14896392822266,16751000,0.0,0.0
2024-01-29 00:00:00-05:00,81.82195339354404,82.91558576869669,81.65551110196542,82.81082916259766,9904000,0.0,0.0
2024-01-30 00:00:00-05:00,82.34966978853099,83.2210528134038,81.45674383633691,81.83075714111328,10696000,0.0,0.0
2024-01-31 00:00:00-05:00,80.48059930127404,82.02853038855251,79.8608442212918,80.79096984863281,9969000,0.0,0.0
2024-02-01 00:00:00-05:00,81.44500509640712,81.8581826636017,80.68034311783052,81.48025512695312,7633000,0.0,0.0
2024-02-02 00:00:00-05:00,80.99852202281988,82.86759485845981,80.99852202281988,82.11566162109375,7629000,0.0,0.0
2024-02-05 00:00:00-05:00,82.12448361388655,83.93970694043358,81.50766414214233,83.35128021240234,8651000,0.0,0.0
2024-02-06 00:00:00-05:00,83.50596010523151,83.94654430975748,80.65682600855284,81.71619415283203,10546000,0.0,0.0
2024-02-07 00:00:00-05:00,82.019725491839,84.00432669887454,81.57913376035984,83.07908630371094,8570000,0.0,0.0
2024-02-08 00:00:00-05:00,83.41785194606682,85.14006122836082,82.84411085689786,84.62799835205078,8627000,0.0,0.0
2024-02-09 00:00:00-05:00,86.15926551989449,89.47052645205842,85.65601714241174,89.25120544433594,18363000,0.0,0.0
2024-02-12 00:00:00-05:00,88.65594038756687,90.48877732319903,88.51005503526503,88.90071105957031,12542000,0.0,0.0
2024-02-13 00:00:00-05:00,85.69911456299711,88.22710701878933,85.37307981788747,87.39195251464844,12595000,0.0,0.0
2024-02-14 00:00:00-05:00,88.96238229806956,90.95384045286387,88.86936825482329,89.65459442138672,11849000,0.0,0.0
2024-02-15 00:00:00-05:00,89.85532035586957,90.22639056467,88.75874499307642,89.46662139892578,8529000,0.0,0.0
2024-02-16 00:00:00-05:00,92.07393263009249,93.59934242842121,90.41145182740878,90.66600799560547,13280000,0.0,0.0
2024-02-20 00:00:00-05:00,89.96986689433317,90.60529360618406,87.2372466866977,88.1605224609375,10890000,0.0,0.0
2024-02-21 00:00:00-05:00,87.629856135662,88.33479685388266,86.82015883039932,88.30640411376953,7123000,0.0,0.0
2024-02-22 00:00:00-05:00,91.05469531823412,92.9472609503236,90.59158959798937,92.46065521240234,12639000,0.0,0.0
2024-02-23 00:00:00-05:00,92.7328379255775,93.01775135635859,90.68166589670302,90.90782928466797,6868000,0.0,0.0
2024-02-26 00:00:00-05:00,91.70089103048247,92.71423776016407,91.35037774390672,91.91236877441406,6091000,0.0,0.0
2024-02-27 00:00:00-05:00,92.07099374825484,92.4283568920208,90.88140421763963,91.12617492675781,6303000,0.0,0.0
2024-02-28 00:00:00-05:00,89.80538727501445,90.47704259864074,89.37557447950023,90.33702850341797,6150000,0.0,0.0
2024-02-29 00:00:00-05:00,91.68817137110986,92.21197679219067,90.68460999300588,91.86244201660156,13084000,0.0,0.0
2024-03-01 00:00:00-05:00,92.52331783404884,96.18998534104773,92.39113957416812,96.09990692138672,11111000,0.0,0.0
2024-03-04 00:00:00-05:00,97.04375191012736,97.30712991833161,95.31175709319307,95.70730590820312,9016000,0.0,0.0
2024-03-05 00:00:00-05:00,94.9700545499959,95.85220912281787,93.19889558942785,94.29546356201172,13083000,0.0,0.0
2024-03-06 00:00:00-05:00,95.6250547461724,96.91450806197611,95.19132030454767,96.13221740722656,14329000,0.0,0.0
2024-03-07 00:00:00-05:00,96.83225533983266,98.6318067632765,96.71868438037875,97.37662506103516,10974000,0.0,0.0
2024-03-08 00:00:00-05:00,97.19550951125903,97.49804423984463,93.57387726344969,93.66395568847656,13313000,0.0,0.0
2024-03-11 00:00:00-04:00,92.33826973591681,92.41072687867998,90.13631210696104,91.17218780517578,13267000,0.0,0.0
2024-03-12 00:00:00-04:00,91.59114862532903,93.29939788428591,91.05542118831326,93.29449462890625,13512000,0.2,0.0
2024-03-13 00:00:00-04:00,91.93848866499613,92.30055104043629,90.35877951440979,90.92786407470703,10080000,0.0,0.0
2024-03-14 00:00:00-04:00,91.63825294516916,92.0209239997872,89.90645288809746,90.82681274414062,9964000,0.0,0.0
2024-03-15 00:00:00-04:00,89.17841585803228,90.29010753464873,88.85658259611454,89.2971420288086,19745000,0.0,0.0
2024-03-18 00:00:00-04:00,90.50597064040095,91.73638859041782,90.26656446232477,90.7875747680664,7510000,0.0,0.0
2024-03-19 00:00:00-04:00,89.67980979271634,91.53327811707996,89.20098996828018,91.35372161865234,7029000,0.0,0.0
2024-03-20 00:00:00-04:00,90.85820947936631,93.20521472105777,90.60211728445216,93.12279510498047,8493000,0.0,0.0
2024-03-21 00:00:00-04:00,96.46080281747876,98.54092866417793,95.76415869797212,96.40880584716797,14078000,0.0,0.0
2024-03-22 00:00:00-04:00,96.6227049429318,97.18885511065677,95.7661248071096,95.95059204101562,6901000,0.0,0.0
2024-03-25 00:00:00-04:00,94.41794825129095,96.40387884840716,94.41794825129095,95.31868743896484,7405000,0.0,0.0
2024-03-26 00:00:00-04:00,96.20569876969277,97.08288002328163,94.87029889389304,94.90365600585938,8589000,0.0,0.0
2024-03-27 00:00:00-04:00,95.45214249056224,95.71313794516878,93.68404332466596,94.75059509277344,5896000,0.0,0.0
2024-03-28 00:00:00-04:00,94.77904591308246,95.55810964708803,94.35419188881293,95.3294906616211,6639000,0.0,0.0
2024-04-01 00:00:00-04:00,95.37462821908403,97.62056640485862,95.27356126273021,96.33226776123047,6514000,0.0,0.0
2024-04-02 00:00:00-04:00,94.88109108823275,95.45999720952626,93.89990087021219,94.9134750366211,9071000,0.0,0.0
2024-04-03 00:00:00-04:00,94.37576246269967,96.9543357802729,94.19718665232304,95.99668884277344,7302000,0.0,0.0
2024-04-04 00:00:00-04:00,97.39195664957775,98.29955305532906,92.62435252804714,93.37300109863281,9919000,0.0,0.0
2024-04-05 00:00:00-04:00,94.7731533225386,95.93390744236754,94.24331722728937,95.03611755371094,8048000,0.0,0.0
2024-04-08 00:00:00-04:00,95.58166328108832,95.87601584863523,94.28747317178846,94.90660095214844,5609000,0.0,0.0
2024-04-09 00:00:00-04:00,96.18705438808668,96.35091297119271,93.99998509384409,95.50316619873047,5207000,0.0,0.0
2024-04-10 00:00:00-04:00,94.0941833693563,95.66604754463677,93.68894982758526,94.35517883300781,5976000,0.0,0.0
2024-04-11 00:00:00-04:00,94.58967054751236,96.66586619606048,94.26097275725571,96.49808502197266,7055000,0.0,0.0
2024-04-12 00:00:00-04:00,94.4915481133027,95.1018499500783,93.40929110092449,93.90381622314453,9893000,0.0,0.0
2024-04-15 00:00:00-04:00,95.7523816017124,96.27732192386556,91.98559567959389,92.83726501464844,7691000,0.0,0.0
2024-04-16 00:00:00-04:00,93.09925650157027,94.81338996597677,92.89713005638052,94.51118469238281,5448000,0.0,0.0
2024-04-17 00:00:00-04:00,93.2130694092099,93.45738630906634,89.31382049548556,89.51005554199219,16686000,0.0,0.0
2024-04-18 00:00:00-04:00,89.21275095497894,89.22256495278687,86.77548090593376,87.21995544433594,23074000,0.0,0.0
2024-04-19 00:00:00-04:00,87.81062922385024,88.2757123687166,84.57367958081922,85.38806915283203,13545000,0.0,0.0
2024-04-22 00:00:00-04:00,85.99151071417818,86.22111036466715,84.18415550515961,85.17417907714844,18563000,0.0,0.0
2024-04-23 00:00:00-04:00,86.148486705654,87.74782374250526,85.17710319652026,87.07276153564453,9823000,0.0,0.0
2024-04-24 00:00:00-04:00,89.02731390725555,89.86328539342725,86.56746633073256,86.82453918457031,19491000,0.0,0.0
2024-04-25 00:00:00-04:00,89.22255834057758,89.530654967463,86.9893687074056,88.45134735107422,13093000,0.0,0.0
2024-04-26 00:00:00-04:00,88.15012584355418,91.25363248822264,88.09812887033576,90.79640197753906,13971000,0.0,0.0
2024-04-29 00:00:00-04:00,90.42058853117625,91.27814918640028,89.78870488454217,91.1339111328125,9025000,0.0,0.0
2024-04-30 00:00:00-04:00,90.64822561683768,91.69515671886401,87.71152002104613,87.75862121582031,9737000,0.0,0.0
2024-05-01 00:00:00-04:00,86.64694034894549,88.29730143890748,84.76992157455634,85.17711639404297,11878000,0.0,0.0
2024-05-02 00:00:00-04:00,86.4467763979466,86.85299057178848,84.58742429133785,86.705810546875,7245000,0.0,0.0
2024-05-03 00:00:00-04:00,88.15011975284168,89.5453767617226,87.87048445189606,89.1440658569336,8752000,0.0,0.0
2024-05-06 00:00:00-04:00,89.80638119232748,90.80916074318608,89.3442399252528,90.7149658203125,7545000,0.0,0.0
2024-05-07 00:00:00-04:00,91.0161809892282,91.25068387782828,89.6160207298986,89.77006530761719,6746000,0.0,0.0
2024-05-08 00:00:00-04:00,88.61815312916308,89.68078225367431,88.20899701149986,89.61013793945312,5539000,0.0,0.0
2024-05-09 00:00:00-04:00,89.97710223420859,89.97710223420859,88.40130810401291,89.04692840576172,5767000,0.0,0.0
2024-05-10 00:00:00-04:00,90.09876880205088,91.36843516362636,89.5080948700423,89.82011413574219,5100000,0.0,0.0
2024-05-13 00:00:00-04:00,90.33424967883138,90.33424967883138,88.54750334365275,88.6789779663086,7394000,0.0,0.0
2024-05-14 00:00:00-04:00,88.20898607217875,89.6738990885506,87.9656498643491,89.53751373291016,5751000,0.0,0.0
2024-05-15 00:00:00-04:00,90.70121629955285,93.05999666876306,89.98690552664671,92.99229431152344,7133000,0.0,0.0
2024-05-16 00:00:00-04:00,93.21797349552789,93.71053739039652,92.47717757959747,92.51642608642578,8124000,0.0,0.0
2024-05-17 00:00:00-04:00,93.4514962193277,93.68894856395312,88.87817304490659,89.49141693115234,9106000,0.0,0.0
2024-05-20 00:00:00-04:00,89.71903983713923,93.21305466763452,89.63465144431792,92.4320297241211,6650000,0.0,0.0
2024-05-21 00:00:00-04:00,95.33832915614731,95.5414362500775,92.4114370567232,94.58673858642578,14234000,0.0,0.0
2024-05-22 00:00:00-04:00,95.29611864649301,95.45801589683545,93.1492714260415,94.76039123535156,8938000,0.0,0.0
2024-05-23 00:00:00-04:00,97.25753685766139,97.39882549199821,93.45346352098626,94.01078033447266,10576000,0.0,0.0
2024-05-24 00:00:00-04:00,94.59457459237213,96.40585221874116,94.30120269805366,95.23136901855469,7196000,0.0,0.0
2024-05-28 00:00:00-04:00,95.66603791414617,95.73668222627964,94.05590604464594,95.299072265625,9942000,0.0,0.0
2024-05-29 00:00:00-04:00,93.95190679029332,94.27668201513804,93.41127600227246,93.53097534179688,8802000,0.0,0.0
2024-05-30 00:00:00-04:00,93.40929793337875,94.31002975939391,92.37611082886959,93.28174591064453,10577000,0.0,0.0
2024-05-31 00:00:00-04:00,93.08844587229126,93.18558273027986,88.6161828851839,91.4900894165039,15598000,0.0,0.0
2024-06-03 00:00:00-04:00,92.91574995912521,93.447554770376,89.41388253772243,91.80308532714844,6806000,0.0,0.0
2024-06-04 00:00:00-04:00,91.4488876313685,91.93457196389417,89.31381541292451,90.53736114501953,6672000,0.0,0.0
2024-06-05 00:00:00-04:00,93.09925017753355,95.42662737814436,92.93931420449044,95.34420776367188,11660000,0.0,0.0
2024-06-06 00:00:00-04:00,94.39245535592819,95.59637305825439,93.63105086446852,94.40913391113281,8045000,0.0,0.0
2024-06-07 00:00:00-04:00,95.39719376884477,95.39719376884477,93.74879397799332,94.46114349365234,5813000,0.0,0.0
2024-06-10 00:00:00-04:00,93.72819315868654,98.95302785705654,93.70562320946955,98.42024230957031,10591000,0.0,0.0
2024-06-11 00:00:00-04:00,98.02481876058685,98.21713118896558,96.11248163948122,98.094482421875,7123000,0.0,0.0
2024-06-12 00:00:00-04:00,99.23364065066905,102.13207097224407,98.70379711363321,101.81122589111328,15063000,0.0,0.0
2024-06-13 00:00:00-04:00,100.78490710638023,102.51474574533603,100.27174210491295,101.89659118652344,9582000,0.0,0.0
2024-06-14 00:00:00-04:00,100.57198384363505,102.24687603955901,100.38065207624602,101.64933013916016,6205000,0.0,0.0
2024-06-17 00:00:00-04:00,101.06257591486174,105.31995651979095,101.06257591486174,105.15413665771484,10497000,0.0,0.0
2024-06-18 00:00:00-04:00,105.282926968389,108.3106448620085,105.05093307783773,107.10840606689453,11927000,0.2,0.0
2024-06-20 00:00:00-04:00,107.33843465430482,107.48293490566599,103.2392234441283,104.32939147949219,14615000,0.0,0.0
2024-06-21 00:00:00-04:00,104.19767434485584,104.64986482248848,102.10776430046208,103.25200653076172,16514000,0.0,0.0
2024-06-24 00:00:00-04:00,103.01312474614197,103.90964579740896,100.47200678272169,100.70301818847656,10415000,0.0,0.0
2024-06-25 00:00:00-04:00,100.73446348166748,103.66191516635176,99.52632988924579,103.5026626586914,8646000,0.0,0.0
2024-06-26 00:00:00-04:00,103.5714766648746,105.09713282604334,102.4577065678636,103.78380584716797,8787000,0.0,0.0
2024-06-27 00:00:00-04:00,105.79802363433708,106.63457553734528,103.02589453457554,103.79068756103516,9148000,0.0,0.0
2024-06-28 00:00:00-04:00,104.69704824728761,106.82726269949248,103.50955416987458,104.6773910522461,12237000,0.0,0.0
2024-07-01 00:00:00-04:00,104.42277785729756,105.37238306030396,102.2837211886312,104.2625503540039,6145000,0.0,0.0
2024-07-02 00:00:00-04:00,103.11142514384632,105.51984015857587,102.87746628524991,105.46085357666016,5504000,0.0,0.0
2024-07-03 00:00:00-04:00,105.18364437216427,107.26667698056825,104.2900782673055,106.43601989746094,4308000,0.0,0.0
2024-07-05 00:00:00-04:00,107.18508448701247,107.58910319967816,105.6830228620773,106.93342590332031,5599000,0.0,0.0
2024-07-08 00:00:00-04:00,106.99142035726919,108.70876609754903,106.68177268220626,108.29098510742188,7275000,0.0,0.0
2024-07-09 00:00:00-04:00,108.73236926114866,109.96901008881294,108.1563181919912,109.36641693115234,6242000,0.0,0.0
2024-07-10 00:00:00-04:00,109.71243038085622,111.03262721833643,108.79625222004324,110.81636810302734,7749000,0.0,0.0
2024-07-11 00:00:00-04:00,111.05918081176561,111.08179296020413,104.15048322446893,104.1947250366211,13516000,0.0,0.0
2024-07-12 00:00:00-04:00,103.904721634974,107.48391330125921,103.4653109895744,105.16594696044922,9459000,0.0,0.0
2024-07-15 00:00:00-04:00,105.16594717066451,106.35442363336361,104.45522075624324,105.09615325927734,7911000,0.0,0.0
2024-07-16 00:00:00-04:00,105.73609413481114,106.3966913208601,104.47782378027605,105.77246856689453,6284000,0.0,0.0
2024-07-17 00:00:00-04:00,100.1849510729458,100.1849510729458,95.07715619003903,95.12532043457031,21142000,0.0,0.0
2024-07-18 00:00:00-04:00,96.74732594503281,96.74732594503281,91.94820305324087,93.64293670654297,16199000,0.0,0.0
2024-07-19 00:00:00-04:00,94.32513632867465,95.05846727443294,89.99589703945644,90.15415954589844,14103000,0.0,0.0
2024-07-22 00:00:00-04:00,92.60091297090283,96.45732250045315,91.49796526568005,96.04740142822266,13319000,0.0,0.0
2024-07-23 00:00:00-04:00,94.73998592013685,96.0690327061405,93.97814029396075,94.33989715576172,6710000,0.0,0.0
2024-07-24 00:00:00-04:00,93.38733731974447,93.60753387091343,89.33629076930812,89.44245910644531,13159000,0.0,0.0
2024-07-25 00:00:00-04:00,89.54568497247864,90.20823963207674,86.69884190277743,86.91117858886719,19318000,0.0,0.0
2024-07-26 00:00:00-04:00,89.26847205707699,89.32352120117491,87.39482868841523,87.94532012939453,11679000,0.0,0.0
2024-07-29 00:00:00-04:00,89.37561716274065,91.55203818433088,87.56685540123297,87.71922302246094,8251000,0.0,0.0
2024-07-30 00:00:00-04:00,88.47222458975472,88.9706218415525,83.90214063736677,84.03485107421875,13399000,0.0,0.0
2024-07-31 00:00:00-04:00,87.83326032538181,90.90423019880848,86.55533264430514,90.56017303466797,19419000,0.0,0.0
2024-08-01 00:00:00-04:00,84.02403708445647,86.49143125048909,79.87567153435744,81.62348937988281,28880000,0.0,0.0
2024-08-02 00:00:00-04:00,78.64196382807205,79.1757454375664,74.51326372705111,75.00477600097656,27073000,0.0,0.0
2024-08-05 00:00:00-04:00,72.81067235168726,78.0374158646073,70.77777654536855,75.73123931884766,23639000,0.0,0.0
2024-08-06 00:00:00-04:00,76.18833484615944,78.14848909754303,75.2859190022079,75.70960235595703,12832000,0.0,0.0
2024-08-07 00:00:00-04:00,78.44438439221949,78.96243128179296,73.0741159679438,73.53515625,12823000,0.0,0.0
2024-08-08 00:00:00-04:00,76.69559386749519,78.75797953898204,74.70988701263477,78.55646514892578,14911000,0.0,0.0
2024-08-09 00:00:00-04:00,79.42839618942254,80.2482384026957,77.81229889499787,79.41856384277344,12528000,0.0,0.0
2024-08-12 00:00:00-04:00,79.3733490479222,80.85476348026452,78.46699566108948,79.71248626708984,7256000,0.0,0.0
2024-08-13 00:00:00-04:00,80.11650534949653,82.79426341493523,79.89434382861813,82.64877319335938,15018000,0.0,0.0
2024-08-14 00:00:00-04:00,83.43520986651983,84.21474778940251,81.32072262555532,83.09803009033203,8602000,0.0,0.0
2024-08-15 00:00:00-04:00,84.99920737421023,87.99055109150488,84.40938650004406,87.49903869628906,12064000,0.0,0.0
2024-08-16 00:00:00-04:00,85.67453001602017,86.64477486931382,84.54012022554156,85.63520812988281,11232000,0.0,0.0
2024-08-19 00:00:00-04:00,85.03164110679205,86.69885024734981,83.37032687480061,86.63200378417969,10306000,0.0,0.0
2024-08-20 00:00:00-04:00,86.57007411552597,86.70769697593589,84.17247389044978,84.82127380371094,9951000,0.0,0.0
2024-08-21 00:00:00-04:00,85.47400034907227,86.21028643832693,84.583381651619,85.85050201416016,8452000,0.0,0.0
2024-08-22 00:00:00-04:00,86.01367533416854,86.21125975104191,81.59104684529753,82.15333557128906,13665000,0.0,0.0
2024-08-23 00:00:00-04:00,83.65539036982979,84.74360080130937,82.1110595925726,83.29855346679688,10671000,0.0,0.0
2024-08-26 00:00:00-04:00,82.67237865854767,82.9083024948234,80.12044578819491,80.5008773803711,11154000,0.0,0.0
2024-08-27 00:00:00-04:00,79.69086310178399,81.47800275109377,78.58299536673645,80.65127563476562,8911000,0.0,0.0
2024-08-28 00:00:00-04:00,80.60113190884013,80.76038441321226,78.58593598874592,79.14429473876953,11739000,0.0,0.0
2024-08-29 00:00:00-04:00,80.45074278450927,81.29221473929898,78.02660786550005,78.37853240966797,12437000,0.0,0.0
2024-08-30 00:00:00-04:00,80.96091414475417,80.97860636539785,78.94079854194067,80.70729064941406,12427000,0.0,0.0
2024-09-03 00:00:00-04:00,79.18853480284012,79.29568563148203,74.8583123464371,75.27216339111328,16690000,0.0,0.0
2024-09-04 00:00:00-04:00,73.97555515426166,75.9701115842873,73.01612509967346,75.1463394165039,9434000,0.0,0.0
2024-09-05 00:00:00-04:00,73.75143103743608,75.59460238542323,73.4987899647298,74.30880737304688,8197000,0.0,0.0
2024-09-06 00:00:00-04:00,73.9745673315615,74.35499887798028,71.77848919918856,72.13729858398438,15530000,0.0,0.0
2024-09-09 00:00:00-04:00,73.02793097891217,73.15277404882245,71.07269620709006,72.18449401855469,11506000,0.0,0.0
2024-09-10 00:00:00-04:00,72.60030338137419,72.76840576695626,70.44551939372361,71.91415405273438,13518000,0.0,0.0
2024-09-11 00:00:00-04:00,71.95739838351587,75.60442628303916,71.01467814341805,75.38323974609375,22202000,0.0,0.0
2024-09-12 00:00:00-04:00,75.23480154801283,75.25053630154906,73.08689519207728,73.50861358642578,15067000,0.0,0.0
2024-09-13 00:00:00-04:00,74.29602361528124,75.943567916545,74.12006135997684,75.66537475585938,8713000,0.0,0.0
2024-09-16 00:00:00-04:00,73.87037438713692,74.77377278513293,73.235336800042,74.5594711303711,12521000,0.0,0.0
2024-09-17 00:00:00-04:00,76.17554340136024,76.51473418110817,74.64130486983304,75.53266143798828,11458000,0.23,0.0
2024-09-18 00:00:00-04:00,76.87956034357778,76.90913957824598,74.21435996409389,74.5298843383789,11523000,0.0,0.0
2024-09-19 00:00:00-04:00,78.46705884331155,78.9452766185799,77.21580131966581,77.803466796875,15943000,0.0,0.0
2024-09-20 00:00:00-04:00,76.53938349659317,76.90913897242213,75.0850134628715,76.23766326904297,29262000,0.0,0.0
2024-09-23 00:00:00-04:00,76.614326383346,77.48793699198596,76.23865802397063,77.31143951416016,7389000,0.0,0.0
2024-09-24 00:00:00-04:00,78.48675886442965,78.68298082060258,77.04717848400352,77.99967193603516,9895000,0.0,0.0
2024-09-25 00:00:00-04:00,77.79654564273372,80.14522839295874,77.72456850996168,79.25091552734375,11680000,0.0,0.0
2024-09-26 00:00:00-04:00,85.05166411484389,85.11180806613547,81.34621746772159,83.56475067138672,20680000,0.0,0.0
2024-09-27 00:00:00-04:00,84.18693212116375,84.18693212116375,80.93013115353268,81.55525970458984,13895000,0.0,0.0
2024-09-30 00:00:00-04:00,81.00997911292704,81.93683534672233,79.28938826011183,80.46669006347656,10983000,0.0,0.0
2024-10-01 00:00:00-04:00,80.6076811762265,81.03560965842948,77.58652941222674,78.62283325195312,14368000,0.0,0.0
2024-10-02 00:00:00-04:00,79.27558567913731,81.87570754138328,78.8782218638989,80.27046966552734,14324000,0.0,0.0
2024-10-03 00:00:00-04:00,78.81214941225406,80.97152385196782,78.7628456718417,79.97564697265625,6725800,0.0,10.0
2024-10-04 00:00:00-04:00,81.80964432593429,81.92796128041817,79.36432445642903,80.39964294433594,7574100,0.0,0.0
2024-10-07 00:00:00-04:00,79.45307151753646,80.28132030870454,78.94033962735995,79.48265075683594,7542700,0.0,0.0
2024-10-08 00:00:00-04:00,79.57139023736788,80.46866730370506,78.68398294794335,79.87705993652344,6913500,0.0,0.0
2024-10-09 00:00:00-04:00,79.63055755315875,82.29279451072686,79.59111605833678,81.70118713378906,9078600,0.0,0.0
2024-10-10 00:00:00-04:00,80.39964440935174,81.78992130873895,79.88691252159379,80.91236877441406,7159500,0.0,0.0
2024-10-11 00:00:00-04:00,80.350344069716,82.56887737314169,80.14328186411977,81.73076629638672,6530300,0.0,0.0
2024-10-14 00:00:00-04:00,82.59844853268655,85.09307205554616,82.58859380197651,84.50145721435547,8155000,0.0,0.0
2024-10-15 00:00:00-04:00,84.60006499541032,85.34943075750347,74.84838013050303,75.29208374023438,25611300,0.0,0.0
2024-10-16 00:00:00-04:00,76.07103276838616,76.41613639595796,72.83690587680776,73.1031265258789,20469200,0.0,0.0
2024-10-17 00:00:00-04:00,75.39067158136545,75.52871301653362,72.00864137435745,72.11710357666016,20940600,0.0,0.0
2024-10-18 00:00:00-04:00,73.19187162143432,73.19187162143432,71.4367592051811,71.82130432128906,18493400,0.0,0.0
2024-10-21 00:00:00-04:00,71.60438741485741,72.07767023959266,71.07193859500912,71.82130432128906,12374900,0.0,0.0
2024-10-22 00:00:00-04:00,71.65369351165153,72.38334987796715,70.43103726940032,71.97908020019531,13307000,0.0,0.0
2024-10-23 00:00:00-04:00,71.35788882348918,72.44250352354938,70.55921177557865,71.84103393554688,20569100,0.0,0.0
2024-10-24 00:00:00-04:00,75.11460037545807,76.39642249843631,73.40879162928195,75.4991455078125,23196200,0.0,0.0
2024-10-25 00:00:00-04:00,76.38655812114368,78.48676667196796,76.00201299948141,76.59362030029297,14591100,0.0,0.0
2024-10-28 00:00:00-04:00,76.09075239132704,76.93872563288899,74.12858524989653,74.39480590820312,10175800,0.0,0.0
2024-10-29 00:00:00-04:00,74.78921044260026,77.63879220765656,74.38494834387652,77.21480560302734,12540800,0.0,0.0
2024-10-30 00:00:00-04:00,75.78508319787358,76.1203245529269,74.78920633973644,75.38081359863281,11076800,0.0,0.0
2024-10-31 00:00:00-04:00,75.03572175335505,75.03572175335505,72.42278113405351,73.31019592285156,13044900,0.0,0.0
2024-11-01 00:00:00-04:00,73.32004976856946,74.41452662879139,73.02424236532768,73.75389862060547,10317500,0.0,0.0
2024-11-04 00:00:00-05:00,73.38906395085876,73.93137496756064,72.72843600156307,73.13269805908203,7773000,0.0,0.0
2024-11-05 00:00:00-05:00,73.47781518252755,75.71607285709968,73.47781518252755,75.33152770996094,8004900,0.0,0.0
2024-11-06 00:00:00-05:00,76.59362972656287,76.99789188150301,74.17789648315855,75.70621490478516,15034800,0.0,0.0
2024-11-07 00:00:00-05:00,76.96831532615302,78.35859984921879,76.26824569863412,78.10223388671875,11523600,0.0,0.0
2024-11-08 00:00:00-05:00,77.72754789352847,78.25013452989057,76.38656717399377,77.10635375976562,7527100,0.0,0.0
2024-11-11 00:00:00-05:00,76.34713244178393,76.80069838375624,73.80321224652066,75.10475158691406,10306200,0.0,0.0
2024-11-12 00:00:00-05:00,75.35124345087357,75.59774713203139,73.6158629518632,74.64131164550781,9672300,0.0,0.0
2024-11-13 00:00:00-05:00,73.45809551093028,74.02012359178396,72.48194305948869,72.81718444824219,11618100,0.0,0.0
2024-11-14 00:00:00-05:00,74.3948072430163,74.58215244614225,73.45809627277713,73.7440414428711,9993900,0.0,0.0
2024-11-15 00:00:00-05:00,70.6479652676941,71.6931385978904,69.01117701134508,69.07034301757812,14577400,0.0,0.0
2024-11-18 00:00:00-05:00,68.91257088145996,69.80984792274133,68.66606719179306,69.58306121826172,11514900,0.0,0.0
2024-11-19 00:00:00-05:00,69.07033508508898,69.53375569073184,68.5871824493729,69.18865203857422,7445900,0.0,0.0
2024-11-20 00:00:00-05:00,69.0309015209882,69.23796373606314,67.90684519761204,69.07034301757812,8816900,0.0,0.0
2024-11-21 00:00:00-05:00,70.19439057997916,72.42277843896285,69.83942467766938,72.10725402832031,14509000,0.0,0.0
2024-11-22 00:00:00-05:00,71.5945281234072,72.24529391501089,70.59865116790219,71.62410736083984,8666500,0.0,0.0
2024-11-25 00:00:00-05:00,72.97495324500385,72.99467022988033,70.63809559562824,72.67914581298828,16714200,0.0,0.0
2024-11-26 00:00:00-05:00,73.07354752915026,73.42851341087194,70.9930559812184,71.67340850830078,7385200,0.0,0.0
2024-11-27 00:00:00-05:00,71.7128572781294,71.8508987436249,69.43515805206235,70.56907653808594,7846700,0.0,0.0
2024-11-29 00:00:00-05:00,72.81719199965279,74.71033862383403,72.62985430173742,72.84677124023438,10736500,0.0,0.0
2024-12-02 00:00:00-05:00,72.84675767180508,77.75711380653726,72.82704068932183,77.4120101928711,20059300,0.0,0.0
2024-12-03 00:00:00-05:00,76.61335111989077,77.59936597354546,75.96258522828077,77.24440002441406,9884600,0.0,0.0
2024-12-04 00:00:00-05:00,78.42761744425647,78.71356263660839,76.52460859513191,77.16551971435547,9380400,0.0,0.0
2024-12-05 00:00:00-05:00,76.79083033225125,76.79083033225125,73.60600672369029,74.15817260742188,12921600,0.0,0.0
2024-12-06 00:00:00-05:00,74.08914908772904,75.61747498766164,73.6454454510754,75.51886749267578,8330000,0.0,0.0
2024-12-09 00:00:00-05:00,75.40053880851929,77.15564361949129,74.61172410748503,76.36682891845703,10742200,0.0,0.0
2024-12-10 00:00:00-05:00,77.04719114011849,77.15565336327546,73.3792151056708,74.07928466796875,10620100,0.0,0.0
2024-12-11 00:00:00-05:00,75.48372038100433,77.85742379842866,74.60347319368624,77.37279510498047,14116900,0.23,0.0
2024-12-12 00:00:00-05:00,76.4035457504233,76.512341047065,74.12874460620206,74.75184631347656,8641500,0.0,0.0
2024-12-13 00:00:00-05:00,75.54306534449391,76.47276773266672,74.61337050211672,75.42438507080078,10818700,0.0,0.0
2024-12-16 00:00:00-05:00,75.4342615554048,77.27388104812741,74.49467428092376,76.9771728515625,12749600,0.0,0.0
2024-12-17 00:00:00-05:00,77.03653031220095,77.87721504361792,76.57167906596663,76.95740509033203,14167900,0.0,0.0
2024-12-18 00:00:00-05:00,77.18487640127928,78.44095703653228,73.80235291504334,74.37599182128906,15804700,0.0,0.0
2024-12-19 00:00:00-05:00,71.95284442709739,72.1110948546922,69.39122788322116,70.42971801757812,17426400,0.0,0.0
2024-12-20 00:00:00-05:00,69.7670688895745,72.66496413318906,69.52970076825832,71.00337219238281,29404500,0.0,0.0
2024-12-23 00:00:00-05:00,71.55723194224015,73.17926123298273,71.21106853491027,72.99134826660156,10406700,0.0,0.0
2024-12-24 00:00:00-05:00,73.25837944545883,73.35728218869242,72.42758734734184,73.02101135253906,5611700,0.0,0.0
2024-12-26 00:00:00-05:00,72.44736328571088,73.74300654893048,72.20010266016239,73.17925262451172,6297400,0.0,0.0
2024-12-27 00:00:00-05:00,72.49683088452574,72.95178960820414,71.84405909894579,72.59573364257812,5444100,0.0,0.0
2024-12-30 00:00:00-05:00,71.21105527266229,71.79458668694281,70.48905097544247,71.35941314697266,10381700,0.0,0.0
2024-12-31 00:00:00-05:00,71.60668064607745,72.00229916704276,70.75610346703051,71.43854522705078,7195200,0.0,0.0
2025-01-02 00:00:00-05:00,71.91328604377468,73.11002667601284,70.953913521074,71.64624786376953,8075100,0.0,0.0
2025-01-03 00:00:00-05:00,72.37812742820428,74.45511508227813,72.1704294173764,74.28697967529297,8980100,0.0,0.0
2025-01-06 00:00:00-05:00,76.33430462543242,79.27176221836605,76.15627666386688,77.12554168701172,15164600,0.0,0.0
2025-01-07 00:00:00-05:00,77.99589123168231,79.2618644093901,76.04747632238706,76.67057037353516,10896600,0.0,0.0
2025-01-08 00:00:00-05:00,76.57168004761803,76.89806593266425,75.40460942037726,76.19584655761719,8690800,0.0,0.0
2025-01-10 00:00:00-05:00,75.18700700687153,75.39471257072678,73.5056377868848,73.83202362060547,11957600,0.0,0.0
2025-01-13 00:00:00-05:00,72.36823552826155,73.76278902926943,71.76491901948731,73.63420867919922,8321800,0.0,0.0
2025-01-14 00:00:00-05:00,74.21775603790506,74.30676624803806,72.78363977079532,74.23753356933594,9033100,0.0,0.0
2025-01-15 00:00:00-05:00,75.02876666659459,76.42331270519495,74.6232556087334,75.31558990478516,11085800,0.0,0.0
2025-01-16 00:00:00-05:00,78.02556574837635,81.92239578918182,77.45191926145453,78.3519515991211,19156600,0.0,0.0
2025-01-17 00:00:00-05:00,80.51796581458096,80.91357683821931,78.72779348569203,79.42012786865234,10351000,0.0,0.0
2025-01-21 00:00:00-05:00,79.93441490648155,81.52677394228307,79.04427514333233,80.60696411132812,10978300,0.0,0.0
2025-01-22 00:00:00-05:00,81.52677686202239,84.25653638484309,81.51688432380104,82.3377914428711,14716600,0.0,0.0
2025-01-23 00:00:00-05:00,79.86519152522044,80.49817819804144,78.5794331015423,80.33993530273438,11383300,0.0,0.0
2025-01-24 00:00:00-05:00,80.80477020779252,80.80477020779252,78.11458091376356,78.8069076538086,9091900,0.0,0.0
2025-01-27 00:00:00-05:00,75.94857776158561,75.98814036879023,72.60561668365115,74.80128479003906,19881300,0.0,0.0
2025-01-28 00:00:00-05:00,74.28698941248598,74.84085084729122,72.79353299129771,73.69356536865234,13597700,0.0,0.0
2025-01-29 00:00:00-05:00,76.60133108509528,76.64089368670604,73.65398895014417,74.3265380859375,14558900,0.0,0.0
2025-01-30 00:00:00-05:00,78.87614059348995,81.19049645726064,76.73980513850572,79.84540557861328,24878500,0.0,0.0
2025-01-31 00:00:00-05:00,80.20145844387903,83.29716651978046,79.96409033971084,80.16190338134766,18832500,0.0,0.0
2025-02-03 00:00:00-05:00,78.10469194618075,80.66630854724077,77.63984073698865,79.31132507324219,14537700,0.0,0.0
2025-02-04 00:00:00-05:00,78.13436097355309,79.69705000401514,78.10469090456134,79.03439331054688,9538800,0.0,0.0
2025-02-05 00:00:00-05:00,78.23326015467084,81.21028018921453,77.75852398083919,81.04214477539062,10738000,0.0,0.0
2025-02-06 00:00:00-05:00,80.26080953690693,82.14987700351797,80.04321895476616,81.92240142822266,9903200,0.0,0.0
2025-02-07 00:00:00-05:00,82.27844115774381,82.59493442963229,80.89378026355871,81.42786407470703,9833600,0.0,0.0
2025-02-10 00:00:00-05:00,82.63450256860028,83.74222532153324,81.65534507632448,82.81253051757812,13613100,0.0,0.0
2025-02-11 00:00:00-05:00,82.14986611436876,83.57408970265429,82.07074845063813,82.3476791381836,8903400,0.0,0.0
2025-02-12 00:00:00-05:00,80.38937762040595,81.23995482091817,79.60803309687515,80.67620086669922,7973000,0.0,0.0
2025-02-13 00:00:00-05:00,80.68609830331987,82.74330875250716,80.55751793412297,82.38725280761719,7845900,0.0,0.0
2025-02-14 00:00:00-05:00,81.74436660431498,82.69384652751096,80.82455674968828,81.84326934814453,9149500,0.0,0.0
2025-02-18 00:00:00-05:00,83.9796101900289,85.8587850800118,82.45648369137835,85.63130950927734,16205500,0.0,0.0
2025-02-19 00:00:00-05:00,85.3543796064701,88.81602871491195,84.81040315682505,86.69947814941406,15588000,0.0,0.0
2025-02-20 00:00:00-05:00,88.99405848062352,90.71499053071699,87.58961222205886,88.04457092285156,16888400,0.0,0.0
2025-02-21 00:00:00-05:00,88.65777516609853,89.2314216663629,84.78073011165597,85.07743835449219,12860900,0.0,0.0
2025-02-24 00:00:00-05:00,85.50271864974923,85.75987180518261,82.30811569219203,82.42679595947266,11728700,0.0,0.0
2025-02-25 00:00:00-05:00,82.14986937750052,82.78285598726066,79.05416900333626,79.41022491455078,19088100,0.0,0.0
2025-02-26 00:00:00-05:00,80.79489042959896,82.02130111073532,79.7662852452989,80.40916442871094,12427500,0.0,0.0
2025-02-27 00:00:00-05:00,80.75532968531422,81.26962851643886,75.20680010347257,75.33537292480469,14830200,0.0,0.0
2025-02-28 00:00:00-05:00,75.90900905356831,77.32334007783142,74.5441331707852,75.89911651611328,22608300,0.0,0.0
2025-03-03 00:00:00-05:00,77.0859737580119,78.87613824265785,73.73312033480894,74.94963836669922,14787100,0.0,0.0
2025-03-04 00:00:00-05:00,75.19690591368018,77.61017221594845,73.26827590706152,75.6024169921875,15417700,0.0,0.0
2025-03-05 00:00:00-05:00,76.14803303286783,78.77690742205354,74.9179134832772,78.4197769165039,15404800,0.23,0.0
2025-03-06 00:00:00-05:00,76.51507045045642,77.94359232490969,75.25519898570327,75.86033630371094,13195500,0.0,0.0
2025-03-07 00:00:00-05:00,76.03891088402185,78.85626540651201,74.73934968683888,78.38009643554688,14160300,0.0,0.0
2025-03-10 00:00:00-04:00,76.28691105995648,76.76307998907684,72.1203913030257,73.22154235839844,16652700,0.0,0.0
2025-03-11 00:00:00-04:00,73.489399874289,74.7889534925164,71.87239018652959,72.77513885498047,12617500,0.0,0.0
2025-03-12 00:00:00-04:00,74.70959134042229,77.04086210569555,74.57070809081914,75.97938537597656,12702100,0.0,0.0
2025-03-13 00:00:00-04:00,75.50321794215384,76.65396597221219,73.95565737572136,74.65999603271484,9746200,0.0,0.0
2025-03-14 00:00:00-04:00,76.14803161603355,78.44953507088141,75.90993957105103,78.0626449584961,11862000,0.0,0.0
2025-03-17 00:00:00-04:00,76.49523149332059,78.50904585364141,76.49523149332059,77.68566131591797,9555200,0.0,0.0
2025-03-18 00:00:00-04:00,76.86228636926484,77.21940927058655,75.56272532716575,76.74324035644531,8094700,0.0,0.0
2025-03-19 00:00:00-04:00,76.75316760370266,78.8463461579374,76.24723147793365,77.30870056152344,8907200,0.0,0.0
2025-03-20 00:00:00-04:00,76.07858796078189,77.47734273694985,75.83058109698335,76.93173217773438,10689100,0.0,0.0
2025-03-21 00:00:00-04:00,75.39408721895278,75.76114010509826,74.66990384049515,75.23535919189453,20062000,0.0,0.0
2025-03-24 00:00:00-04:00,77.12021060973031,78.15192004944923,76.76308012795957,77.36821746826172,7954800,0.0,0.0
2025-03-25 00:00:00-04:00,77.2293465192931,77.74520510550423,76.85237875903873,77.05078125,6437300,0.0,0.0
2025-03-26 00:00:00-04:00,77.13013135404618,77.23925497495219,74.53101680752742,75.53296661376953,7325600,0.0,0.0
2025-03-27 00:00:00-04:00,75.28496882186417,75.46353408042356,73.75724551387147,74.21357727050781,8441800,0.0,0.0
2025-03-28 00:00:00-04:00,74.03500475970816,74.69966889336322,71.6541449702305,72.03111267089844,9541500,0.0,0.0
2025-03-31 00:00:00-04:00,71.02917068959866,72.26920512052241,69.87842267335756,72.12039947509766,11778100,0.0,0.0
2025-04-01 00:00:00-04:00,71.46565655740558,72.26919634917591,70.18594027178369,72.24935913085938,9066200,0.0,0.0
2025-04-02 00:00:00-04:00,71.14820607583201,74.20365227298798,70.98947805950621,73.19178009033203,7641400,0.0,0.0
2025-04-03 00:00:00-04:00,69.66017262083918,69.98754351398699,64.59091146416557,64.70003509521484,19479400,0.0,0.0
2025-04-04 00:00:00-04:00,62.01163628870578,62.56717304145171,57.507834392562195,58.61890411376953,26250900,0.0,0.0
2025-04-07 00:00:00-04:00,57.45822550846507,65.5730099879664,55.87098317342402,61.704105377197266,28191400,0.0,0.0
2025-04-08 00:00:00-04:00,64.13457557443081,65.58293473006408,58.27169354948605,59.7696533203125,19560800,0.0,0.0
2025-04-09 00:00:00-04:00,60.206147127067496,71.29701857464191,59.44228550411424,70.54307556152344,29544700,0.0,0.0
2025-04-10 00:00:00-04:00,67.45785796049735,67.45785796049735,62.76556917706506,65.90037536621094,20011800,0.0,0.0
2025-04-11 00:00:00-04:00,65.1662865327564,67.41818554588869,64.06513544221984,66.9420166015625,14706200,0.0,0.0
2025-04-14 00:00:00-04:00,68.09275748694557,68.80701839818673,66.37655438997214,67.31897735595703,9945000,0.0,0.0
2025-04-15 00:00:00-04:00,67.54714013880829,68.9855843696099,67.40825691218858,67.89435577392578,10674200,0.0,0.0
2025-04-16 00:00:00-04:00,64.71986773368252,66.28727289728114,62.44812778381742,64.62066650390625,17845300,0.0,0.0
2025-04-17 00:00:00-04:00,64.81907229733365,64.85875430499887,62.97390435231479,63.251670837402344,13847700,0.0,0.0
2025-04-21 00:00:00-04:00,61.86283377059472,62.17035986502827,60.65255904356478,61.89259338378906,14302900,0.0,0.0
2025-04-22 00:00:00-04:00,62.467967524814185,63.50959176927788,62.061236436092244,62.973899841308594,10857300,0.0,0.0
2025-04-23 00:00:00-04:00,66.27735449433291,67.46779202903119,65.81110036088543,66.197998046875,18214700,0.0,0.0
2025-04-24 00:00:00-04:00,69.11455022779614,70.64227340024355,67.01145688976806,70.33474731445312,18159400,0.0,0.0
2025-04-25 00:00:00-04:00,69.76929487003262,71.71366783333866,69.72961286238527,70.85060119628906,9751500,0.0,0.0
2025-04-28 00:00:00-04:00,70.38434515822738,71.36645779158285,69.48160410658303,70.99940490722656,10255000,0.0,0.0
2025-04-29 00:00:00-04:00,70.3248249208109,71.08869029131898,69.66016834958762,70.33474731445312,8583800,0.0,0.0
2025-04-30 00:00:00-04:00,68.34077465364456,71.26725278479478,67.98364414406137,71.0986099243164,11233900,0.0,0.0
2025-05-01 00:00:00-04:00,71.6045361217007,72.94377156220698,70.83075598134455,71.15812683105469,14147600,0.0,0.0
2025-05-02 00:00:00-04:00,73.65802875561108,74.88814051731389,73.10249587650037,73.92587280273438,13339400,0.0,0.0
2025-05-05 00:00:00-04:00,73.29098782275281,74.30286009523901,73.19178658802667,73.32075500488281,6960800,0.0,0.0
2025-05-06 00:00:00-04:00,72.01126593227006,73.29098219714639,72.01126593227006,72.57672882080078,6892700,0.0,0.0
2025-05-07 00:00:00-04:00,72.8544987355193,74.69967040777024,72.32872539520768,74.46157836914062,9984700,0.0,0.0
2025-05-08 00:00:00-04:00,75.49329409231518,75.81074260158199,74.22350005524797,74.30286407470703,10469400,0.0,0.0
2025-05-09 00:00:00-04:00,75.08655665088003,75.69169397296812,74.05484724221456,74.75918579101562,7037000,0.0,0.0
2025-05-12 00:00:00-04:00,80.02684843369497,81.89186478706534,80.02684843369497,81.59425354003906,17456900,0.0,0.0
2025-05-13 00:00:00-04:00,81.70338419408066,85.09611637316797,81.59426056534664,84.57034301757812,11920200,0.0,0.0
2025-05-14 00:00:00-04:00,84.46121486829477,85.35404106989202,83.65767507114158,84.29257202148438,8654500,0.0,0.0
2025-05-15 00:00:00-04:00,83.55848068695737,84.58026781360341,82.83429727284465,84.114013671875,9058000,0.0,0.0
2025-05-16 00:00:00-04:00,83.73704449413566,83.78664132774907,81.87202795946716,83.75688171386719,10100400,0.0,0.0
2025-05-19 00:00:00-04:00,82.04066755284607,83.77671560019165,81.88194709560172,83.15174102783203,9222300,0.0,0.0
2025-05-20 00:00:00-04:00,82.86406078127564,83.67752307680465,82.38789179141799,83.61800384521484,6913300,0.0,0.0
2025-05-21 00:00:00-04:00,82.54660117936355,84.10408393487725,81.57441854063374,82.12995147705078,8082700,0.0,0.0
2025-05-22 00:00:00-04:00,81.98115081951833,83.15174355548356,81.39585823582026,81.90178680419922,6241600,0.0,0.0
2025-05-23 00:00:00-04:00,79.4812414161259,80.74111293790436,79.14394815002719,80.41374206542969,8276700,0.0,0.0
2025-05-27 00:00:00-04:00,82.37796384358731,83.44935535139973,81.65378044425972,83.27079010009766,9530200,0.0,0.0
2025-05-28 00:00:00-04:00,83.31046978771892,84.35209408416303,82.9136572882583,83.33030700683594,9464100,0.0,0.0
2025-05-29 00:00:00-04:00,85.16555007625715,85.57228493982679,82.94341083772147,83.48902893066406,8238500,0.0,0.0
2025-05-30 00:00:00-04:00,83.00293318297267,83.14181641757227,78.85625822626059,80.1458969116211,19191600,0.0,0.0
2025-06-02 00:00:00-04:00,79.93757966324142,81.87203030671503,79.78877402099668,81.82243347167969,8246300,0.0,0.0
2025-06-03 00:00:00-04:00,81.41569154177593,83.34022719362368,81.2966455245197,82.9930191040039,8920700,0.0,0.0
2025-06-04 00:00:00-04:00,83.53863662693624,84.3620212857416,82.82437560091564,84.09416961669922,7992200,0.0,0.0
2025-06-05 00:00:00-04:00,84.81834768221323,85.65164711424823,83.66759219770523,84.2330551147461,10907700,0.0,0.0
2025-06-06 00:00:00-04:00,85.57229647299677,86.88177250397777,85.17548394906356,85.66157531738281,7877800,0.0,0.0
2025-06-09 00:00:00-04:00,86.40558612331515,88.61781058357225,86.32622211385109,87.59602355957031,14496200,0.0,0.0
2025-06-10 00:00:00-04:00,88.08211822869771,90.64155086717034,87.63570133487919,90.27449798583984,11118900,0.0,0.0
2025-06-11 00:00:00-04:00,90.66139381971276,91.25660881387851,89.15351532992152,90.22489929199219,10646500,0.0,0.0
2025-06-12 00:00:00-04:00,89.89753547880801,91.16732947778262,89.76856705891359,90.92924499511719,5989700,0.0,0.0
2025-06-13 00:00:00-04:00,88.06227668702813,90.50267096528385,87.4769841026365,88.8062973022461,10979000,0.0,0.0
2025-06-16 00:00:00-04:00,90.22489656366756,92.83393368819584,90.13561772309859,92.66529083251953,11642100,0.0,0.0
2025-06-17 00:00:00-04:00,92.59584371563761,94.26245022735365,91.81214864675896,91.92127227783203,10229500,0.0,0.0
2025-06-18 00:00:00-04:00,92.53785434050633,93.08482257923157,91.29473436058228,91.73230743408203,9373900,0.23,0.0
2025-06-20 00:00:00-04:00,92.53785050271247,92.91575622947181,87.26701897146924,89.99193572998047,22925200,0.0,0.0
2025-06-23 00:00:00-04:00,90.86709702398471,92.24944577746759,89.79303958479744,91.10577392578125,12551300,0.0,0.0
2025-06-24 00:00:00-04:00,92.71686110565223,95.2428741512385,92.71686110565223,95.10364532470703,12838800,0.0,0.0
2025-06-25 00:00:00-04:00,95.7202382688123,96.83407650013235,94.79535670204352,95.49150085449219,8690500,0.0,0.0
2025-06-26 00:00:00-04:00,95.75006105965107,96.39648489202398,95.31248044929379,96.30697631835938,9477500,0.0,0.0
2025-06-27 00:00:00-04:00,96.50588551290961,97.48048727087284,95.8594616439085,96.66500091552734,10781000,0.0,0.0
2025-06-30 00:00:00-04:00,97.01308055757535,97.13241521268603,96.31692885735539,96.80422973632812,8218300,0.0,0.0
2025-07-01 00:00:00-04:00,96.0583626864175,96.7843480874038,93.96992265415595,96.27715301513672,9760300,0.0,0.0
2025-07-02 00:00:00-04:00,95.32243244923502,98.40536828487745,94.67600858351926,98.2860336303711,11023000,0.0,0.0
2025-07-03 00:00:00-04:00,98.28603796705814,98.95234844212409,98.11697547411342,98.26614379882812,5028900,0.0,0.0
2025-07-07 00:00:00-04:00,97.81862859401213,98.3755439341679,97.17220466710134,97.59983825683594,7239600,0.0,0.0
2025-07-08 00:00:00-04:00,98.28604443660477,99.73800772948404,97.67940125149325,99.2805404663086,9570200,0.0,0.0
2025-07-09 00:00:00-04:00,99.2507035083335,100.53359666719751,98.36560267823849,99.2606430053711,7323000,0.0,0.0
2025-07-10 00:00:00-04:00,100.36453246132285,101.09051786504021,99.628607560737,100.5037612915039,6569800,0.0,0.0
2025-07-11 00:00:00-04:00,99.7777786411322,101.46841868993769,99.71810372580133,101.17007446289062,6203800,0.0,0.0
2025-07-14 00:00:00-04:00,100.01646157752411,100.44409515743304,98.23631284196846,99.07169342041016,12938100,0.0,0.0
2025-07-15 00:00:00-04:00,100.98112435412236,101.62754826906553,100.05624277425657,100.51371002197266,9190600,0.0,0.0
2025-07-16 00:00:00-04:00,97.18215000929335,99.86728616536122,95.6605723483614,99.81756591796875,15369700,0.0,0.0
2025-07-17 00:00:00-04:00,98.91257088427851,100.82200137625141,97.71917872364604,100.2352523803711,9745900,0.0,0.0
2025-07-18 00:00:00-04:00,100.68276653768068,101.17007500974134,99.80761284458298,100.10596466064453,8115500,0.0,0.0
2025-07-21 00:00:00-04:00,100.32475600711284,102.02534329490932,100.17558767367655,101.18002319335938,7026700,0.0,0.0
2025-07-22 00:00:00-04:00,100.44409244804764,100.56343469529224,96.50588933780055,97.15231323242188,14170100,0.0,0.0
2025-07-23 00:00:00-04:00,97.71917838085362,97.83851304405687,95.8694152271805,96.56555938720703,12013900,0.0,0.0
2025-07-24 00:00:00-04:00,97.03297041876056,98.07719421069963,96.49594169039777,97.24181365966797,9076600,0.0,0.0
2025-07-25 00:00:00-04:00,96.16775948376538,96.79429681526435,95.78985373790738,96.42633056640625,8914400,0.0,0.0
2025-07-28 00:00:00-04:00,98.4352133661206,98.98218159116186,97.38104249008464,98.07719421386719,8156100,0.0,0.0
2025-07-29 00:00:00-04:00,98.8429516601733,99.66838511795173,97.49043656396346,98.39543151855469,7283700,0.0,0.0
2025-07-30 00:00:00-04:00,98.97223500848753,100.09602030385459,97.41087664835115,98.54460144042969,12529400,0.0,0.0
2025-07-31 00:00:00-04:00,90.5190189019852,95.10364588261434,90.43946499164481,94.3179931640625,27661800,0.0,0.0
2025-08-01 00:00:00-04:00,92.19971792927066,96.12798145503774,91.9610410275158,95.8395767211914,16601000,0.0,0.0
2025-08-04 00:00:00-04:00,96.89374538094363,98.26614712660984,96.10809263209772,97.86835479736328,11876700,0.0,0.0
2025-08-05 00:00:00-04:00,98.2363129930167,98.80317540563713,95.09370959999532,96.14787292480469,12100100,0.0,0.0
2025-08-06 00:00:00-04:00,95.76996832654473,95.93903082643597,93.75113506276416,95.41194915771484,10631900,0.0,0.0
2025-08-07 00:00:00-04:00,98.05730273699767,99.63855530074927,97.43077299705963,98.60427856445312,9572300,0.0,0.0
2025-08-08 00:00:00-04:00,98.6042763066017,101.6673256954097,98.44515331047565,101.1899642944336,8765100,0.0,0.0
2025-08-11 00:00:00-04:00,103.32813490233464,103.57675889989203,101.15018625576312,101.43859100341797,8637000,0.0,0.0
2025-08-12 00:00:00-04:00,102.08500942370142,105.05855015007742,100.83194241893823,104.70053100585938,11885800,0.0,0.0
2025-08-13 00:00:00-04:00,105.91382704489614,106.89837598872809,104.869603179915,106.15250396728516,12118600,0.0,0.0
2025-08-14 00:00:00-04:00,105.61547298406379,107.4254554146037,105.00882981236721,106.78897857666016,11163800,0.0,0.0
2025-08-15 00:00:00-04:00,104.10383784669462,105.30717705301255,98.7136715411509,98.96229553222656,23155700,0.0,0.0
2025-08-18 00:00:00-04:00,98.45511191437856,99.25071181329432,97.85841578389322,98.33576965332031,15119300,0.0,0.0
2025-08-19 00:00:00-04:00,98.2860422436114,100.07613050469566,97.65950490293989,99.77778625488281,11622900,0.0,0.0
2025-08-20 00:00:00-04:00,100.43414753739091,100.46398120299718,96.78434908844925,98.60427856445312,14287700,0.0,0.0
2025-08-21 00:00:00-04:00,98.21642687915518,99.300423874936,96.60534063105825,97.86835479736328,10706500,0.0,0.0
2025-08-22 00:00:00-04:00,98.50482234912933,101.98555801394093,98.04734755626923,99.5291519165039,9689700,0.0,0.0
2025-08-25 00:00:00-04:00,99.42970924518121,101.18996375284257,99.35014774754401,100.72254943847656,5438500,0.0,0.0
2025-08-26 00:00:00-04:00,100.74243875475169,103.41762759419554,100.54353502023805,103.05960845947266,11781100,0.0,0.0
2025-08-27 00:00:00-04:00,102.60214776520223,103.2087909160305,101.80655553884209,103.09939575195312,7214700,0.0,0.0
2025-08-28 00:00:00-04:00,103.42757359591724,104.32262142336222,102.39329694946987,103.51707458496094,7375200,0.0,0.0
2025-08-29 00:00:00-04:00,101.34908512457088,102.1247907456022,98.26614163343342,99.59877014160156,12178800,0.0,0.0
2025-09-02 00:00:00-04:00,95.2428816664446,96.73462571476195,93.59202219842275,96.4959487915039,14695200,0.0,0.0
2025-09-03 00:00:00-04:00,96.495942768274,97.32137624446307,95.90919378784702,97.20203399658203,11023300,0.0,0.0
2025-09-04 00:00:00-04:00,97.12247576032168,100.55348366953845,96.6252277973974,99.86727905273438,8822400,0.0,0.0
2025-09-05 00:00:00-04:00,101.14023425959583,102.44302910296098,100.12585173728131,102.38335418701172,8142000,0.0,0.0
2025-09-08 00:00:00-04:00,104.43202425893858,105.78453938933686,103.90494260718378,104.49169158935547,7972700,0.0,0.0
2025-09-09 00:00:00-04:00,104.33257399487876,105.23756136599786,103.88504626391487,104.98893737792969,7264300,0.0,0.0
2025-09-10 00:00:00-04:00,106.11271775805272,107.18677523466611,104.03422480715292,106.76908874511719,12279400,0.0,0.0
2025-09-11 00:00:00-04:00,107.75363835318818,115.26208606764652,107.69397102211452,114.94384765625,20296100,0.0,0.0
2025-09-12 00:00:00-04:00,115.28197689016842,116.85328242373654,115.24219613885502,116.31625366210938,11060500,0.0,0.0
2025-09-15 00:00:00-04:00,117.15162815488813,118.67320577310657,116.38586200999775,118.55386352539062,9785700,0.0,0.0
2025-09-16 00:00:00-04:00,119.31962964188834,120.30417852625386,118.01683476368932,119.80693054199219,9897200,0.0,0.0
2025-09-17 00:00:00-04:00,120.15499986955786,122.60145898576813,118.85221260851223,121.22905731201172,10996100,0.0,0.0
2025-09-18 00:00:00-04:00,125.85347038701681,127.9916306924954,124.35177931982112,125.6247329711914,13763900,0.0,0.0
2025-09-19 00:00:00-04:00,125.66450500110749,127.09658155322549,124.31198994352974,126.22142028808594,24271900,0.0,0.0
2025-09-22 00:00:00-04:00,129.08558203618887,131.9000074979472,128.4491052120502,131.4723663330078,13403700,0.0,0.0
2025-09-23 00:00:00-04:00,129.0358482964237,132.83483007352675,128.64799548657112,131.20384216308594,12051100,0.0,0.0
2025-09-24 00:00:00-04:00,129.53976001179606,129.7689414837126,126.57030678339973,127.86571502685547,12435900,0.26,0.0
2025-09-25 00:00:00-04:00,125.99237220490419,128.60309186328675,124.57739359352314,127.6763916015625,9621700,0.0,0.0
2025-09-26 00:00:00-04:00,127.48706793568905,128.3041570568186,125.9226263698486,127.87568664550781,8789000,0.0,0.0
2025-09-29 00:00:00-04:00,132.60886057327465,132.88786807683334,130.56611511847333,130.6259002685547,11015500,0.0,0.0
2025-09-30 00:00:00-04:00,130.88498899981192,133.73486437880746,130.3468922417029,133.4259490966797,10328800,0.0,0.0
2025-10-01 00:00:00-04:00,131.94125686715321,142.58344112817372,131.47291950537115,142.2845001220703,15549100,0.0,0.0
2025-10-02 00:00:00-04:00,146.44968629923665,146.8283458584517,143.2012330849891,146.46961975097656,16417100,0.0,0.0
2025-10-03 00:00:00-04:00,145.30376705309365,147.38636426725688,144.08808494999658,145.29379272460938,8970300,0.0,0.0
2025-10-06 00:00:00-04:00,149.3693236382856,153.15587406374095,148.59208618100647,148.62197875976562,11217100,0.0,0.0
2025-10-07 00:00:00-04:00,148.70168653274908,148.8312311677768,139.00613727277886,139.85313415527344,16549800,0.0,0.0
2025-10-08 00:00:00-04:00,137.4217566832659,142.3741624575444,137.12281574143321,142.0353546142578,13695700,0.0,0.0
2025-10-09 00:00:00-04:00,141.24816878298495,142.35423970757157,140.08231270649134,140.50082397460938,8102500,0.0,0.0
2025-10-10 00:00:00-04:00,140.10224129655026,141.29798990749964,130.55615545095188,130.9049072265625,18749000,0.0,0.0
2025-10-13 00:00:00-04:00,137.6011205452875,138.4082504942863,136.09647182584337,137.32211303710938,10048100,0.0,0.0
2025-10-14 00:00:00-04:00,133.6252560630423,140.42110352473057,133.56545570715227,137.82034301757812,10509700,0.0,0.0
2025-10-15 00:00:00-04:00,143.49021858705592,144.70590082202236,140.6004911001971,144.2674560546875,9722700,0.0,0.0
2025-10-16 00:00:00-04:00,147.05754449387996,147.05754449387996,139.87306238268252,141.86598205566406,11650300,0.0,0.0
2025-10-17 00:00:00-04:00,141.75636277907228,142.1449814849444,139.3250136887365,141.00901794433594,6389800,0.0,0.0
2025-10-20 00:00:00-04:00,142.982024000143,145.96142910910697,142.92222363937327,143.5400390625,8919400,0.0,0.0
2025-10-21 00:00:00-04:00,143.47027484154165,144.92511281018147,141.9656260477264,144.52651977539062,8855600,0.0,0.0
2025-10-22 00:00:00-04:00,144.3870109517622,145.23400781682108,136.3754812929944,140.74993896484375,16927800,0.0,0.0
2025-10-23 00:00:00-04:00,137.51145003904674,147.93442605819197,136.88367551029873,147.01766967773438,13336600,0.0,0.0
2025-10-24 00:00:00-04:00,149.37928258682373,152.6676027546826,147.47604084301594,151.14300537109375,10966400,0.0,0.0
2025-10-27 00:00:00-04:00,155.58722426435605,157.68975493839204,155.18864644752523,156.3445281982422,13313100,0.0,0.0
2025-10-28 00:00:00-04:00,154.96940917827004,155.57725017356063,153.7337937373343,155.0690460205078,7939700,0.0,0.0
2025-10-29 00:00:00-04:00,157.68975033783113,162.51261172271575,157.53031313384272,160.10118103027344,12783300,0.0,0.0
2025-10-30 00:00:00-04:00,161.79517312099006,164.63508963747074,159.73250923814916,160.4399871826172,10440600,0.0,0.0
2025-10-31 00:00:00-04:00,161.97453380123122,163.4791825351306,156.04560138833295,156.90255737304688,9652100,0.0,0.0
2025-11-03 00:00:00-05:00,159.42359951745195,161.66563393584312,158.437098899643,160.66917419433594,7302400,0.0,0.0
2025-11-04 00:00:00-05:00,155.07903748395518,160.51969926483548,154.61070017986134,155.22850036621094,11211100,0.0,0.0
2025-11-05 00:00:00-05:00,157.01216839208493,166.32905783003457,156.44417904249505,164.46568298339844,11130200,0.0,0.0
2025-11-06 00:00:00-05:00,162.81156290445972,164.62512700300022,159.6228946482689,161.61581420898438,9640100,0.0,0.0
2025-11-07 00:00:00-05:00,159.26416985433195,159.38374016345102,152.65763658964838,158.78587341308594,11609300,0.0,0.0
2025-11-10 00:00:00-05:00,163.97741612160212,166.55824325792057,163.12046011746605,165.781005859375,10030600,0.0,0.0
2025-11-11 00:00:00-05:00,163.58879468463684,164.03719852940603,157.15167323981743,158.616455078125,9144600,0.0,0.0
2025-11-12 00:00:00-05:00,160.73893007209722,161.58592699542322,157.9189469755097,160.84854125976562,8950000,0.0,0.0
2025-11-13 00:00:00-05:00,158.3274947809322,159.74246585240462,151.19283906440677,152.7772216796875,13693700,0.0,0.0
2025-11-14 00:00:00-05:00,146.98779302133713,152.40853726016857,144.85536946317032,147.73513793945312,15076100,0.0,0.0
2025-11-17 00:00:00-05:00,146.78847968203513,153.26546789564037,145.42333472407816,146.93795776367188,10487800,0.0,0.0
2025-11-18 00:00:00-05:00,144.7357734487493,146.91802265502528,141.99550923543393,142.73289489746094,12706700,0.0,0.0
2025-11-19 00:00:00-05:00,146.2503966132973,149.8675350391439,144.99484764147064,148.27320861816406,9818300,0.0,0.0
2025-11-20 00:00:00-05:00,152.91673349338316,153.82350039071594,137.81039869385518,139.0958251953125,13695500,0.0,0.0
2025-11-21 00:00:00-05:00,139.3050876141198,143.89876804979482,135.02030729373357,142.14498901367188,14654600,0.0,0.0
2025-11-24 00:00:00-05:00,145.0845492274059,152.01990074221757,143.9186779112181,149.84762573242188,23096000,0.0,0.0
2025-11-25 00:00:00-05:00,149.02055652937446,152.25905067071426,144.9848915584434,151.39212036132812,9691500,0.0,0.0
2025-11-26 00:00:00-05:00,152.42845856991508,156.41429781561118,151.96012124216418,154.5907745361328,8398100,0.0,0.0
2025-11-28 00:00:00-05:00,155.6470123007804,155.6470123007804,153.28540752251718,155.44772338867188,4919200,0.0,0.0
2025-12-01 00:00:00-05:00,154.30178948930674,156.23490852104925,152.70744789915378,154.2419891357422,7416700,0.0,0.0
2025-12-02 00:00:00-05:00,155.29826213902675,158.88550820901474,155.10893234886322,157.62997436523438,10711900,0.0,0.0
2025-12-03 00:00:00-05:00,156.59193558070126,159.7958438381238,152.85903544981085,159.44650268554688,9964300,0.26,0.0
2025-12-04 00:00:00-05:00,156.75164763243626,158.2188562213528,154.62568922200592,156.79156494140625,8834700,0.0,0.0
2025-12-05 00:00:00-05:00,158.7079071600778,160.7440400947237,157.5800642914734,158.39849853515625,7834100,0.0,0.0
2025-12-08 00:00:00-05:00,161.67226601067506,164.30724992751126,160.5444231417833,162.4308319091797,10170500,0.0,0.0
2025-12-09 00:00:00-05:00,160.4446104384438,166.04395328439892,160.4446104384438,165.4949951171875,8127000,0.0,0.0
2025-12-10 00:00:00-05:00,164.77636225363224,169.36762937396378,162.23120363757457,167.94033813476562,9259600,0.0,0.0
2025-12-11 00:00:00-05:00,165.34528711398698,168.82864715606894,160.01543556166496,168.38949584960938,10000000,0.0,0.0
2025-12-12 00:00:00-05:00,166.5230430720837,167.48122601904947,158.7877660873314,160.21505737304688,11414800,0.0,0.0
2025-12-15 00:00:00-05:00,163.0895699264274,166.5529789097054,161.851935400166,163.9878692626953,10258800,0.0,0.0
2025-12-16 00:00:00-05:00,164.18747880139526,165.87427053405602,160.48452045071986,162.9498291015625,8078600,0.0,0.0
2025-12-17 00:00:00-05:00,163.5487127675566,164.207462608627,153.30820936010565,154.68557739257812,12277800,0.0,0.0
2025-12-18 00:00:00-05:00,162.87997439746877,167.9702762896735,161.69223272034753,164.38710021972656,14006400,0.0,0.0
2025-12-19 00:00:00-05:00,165.7644908007607,173.2502426510671,165.7644908007607,171.94273376464844,38469400,0.0,0.0
2025-12-22 00:00:00-05:00,175.34623271970156,175.62571478216736,171.16420574881224,174.92703247070312,11436100,0.0,0.0
2025-12-23 00:00:00-05:00,174.9270408753814,176.9531831244569,174.44795702919336,174.82723999023438,6483000,0.0,0.0
2025-12-24 00:00:00-05:00,174.92704346852994,177.222677078155,174.86715989059383,176.9931182861328,2598900,0.0,0.0
2025-12-26 00:00:00-05:00,178.09102144240447,179.45842914996234,177.46222863712586,177.73171997070312,5238900,0.0,0.0
2025-12-29 00:00:00-05:00,176.16468139869664,178.88949062000952,174.4180060873781,175.53587341308594,6663300,0.0,0.0
2025-12-30 00:00:00-05:00,176.20461081676422,177.0230603292023,173.26021813553663,173.44985961914062,5670800,0.0,0.0
2025-12-31 00:00:00-05:00,174.15850650497248,174.5777067544745,170.4355818549902,170.8547821044922,4935800,0.0,0.0
2026-01-02 00:00:00-05:00,177.51214058100598,185.42706847732728,177.16279939169328,184.70843505859375,11957400,0.0,0.0
2026-01-05 00:00:00-05:00,189.7588148344955,197.98316638494003,189.7588148344955,194.38999938964844,16268200,0.0,0.0
2026-01-06 00:00:00-05:00,197.41424084324075,210.05019360558504,196.77545729535515,206.56683349609375,18787600,0.0,0.0
2026-01-07 00:00:00-05:00,202.19514848829596,204.98983220683004,199.42043103891027,202.69419860839844,15121000,0.0,0.0
2026-01-08 00:00:00-05:00,202.48459170363856,202.83393288109167,194.66946496257458,200.57823181152344,13928600,0.0,0.0
2026-01-09 00:00:00-05:00,204.27119024122587,219.17281889168626,202.33487341973688,217.94515991210938,16758600,0.0,0.0
2026-01-12 00:00:00-05:00,215.70940983834623,222.15714381615078,214.7711932158056,219.9812774658203,10749100,0.0,0.0
2026-01-13 00:00:00-05:00,219.00315101056714,220.15097541489496,212.98460783184063,213.9727325439453,12737000,0.0,0.0
2026-01-14 00:00:00-05:00,210.72889175583688,210.9085424744195,206.21747476611995,208.39332580566406,18187200,0.0,0.0
2026-01-15 00:00:00-05:00,227.7165732064206,229.13388900883737,216.79736891629005,217.05686950683594,15249800,0.0,0.0
2026-01-16 00:00:00-05:00,221.47843893240116,225.26124740089233,218.5839543052115,222.53643798828125,14392700,0.0,0.0
2026-01-20 00:00:00-05:00,217.79545467599021,225.72035759223098,217.1965884549057,221.9874725341797,11601700,0.0,0.0
2026-01-21 00:00:00-05:00,222.62624913530658,232.45752681195265,220.24079030422268,227.9561004638672,12454800,0.0,0.0
2026-01-22 00:00:00-05:00,235.11248585001968,235.65146849857084,219.34249929696475,220.2807159423828,11958600,0.0,0.0
2026-01-23 00:00:00-05:00,217.45609613132845,222.93567197489915,213.46369513982225,217.52597045898438,10156800,0.0,0.0
2026-01-26 00:00:00-05:00,218.56398493790732,224.92189378361547,215.5197761787913,222.44659423828125,10625600,0.0,0.0
2026-01-27 00:00:00-05:00,230.1918618647855,239.04500606774565,228.32540407074765,238.00698852539062,12005900,0.0,0.0
2026-01-28 00:00:00-05:00,240.81165455096414,243.52648848282115,236.68949559410305,239.12486267089844,15630600,0.0,0.0
2026-01-29 00:00:00-05:00,245.14339795397703,250.90244054200275,236.37010363859716,247.6985321044922,16801600,0.0,0.0
2026-01-30 00:00:00-05:00,243.79596543759945,251.3915090694055,231.55926166181973,233.01649475097656,18352900,0.0,0.0
2026-02-02 00:00:00-05:00,232.88673658998877,242.48845626286476,231.55926141036184,237.04881286621094,13299300,0.0,0.0
2026-02-03 00:00:00-05:00,244.42476822712274,246.15147738548586,226.44898830929566,229.66287231445312,13500400,0.0,0.0
2026-02-04 00:00:00-05:00,229.4333001417886,230.6709499374722,204.72034337550912,209.3814697265625,19608000,0.0,0.0
2026-02-05 00:00:00-05:00,207.73460283008455,215.43993771600597,204.18136849788465,212.90475463867188,10928900,0.0,0.0
2026-02-06 00:00:00-05:00,220.25078340131327,232.00840329135494,218.3444082421632,230.57113647460938,13848800,0.0,0.0
2026-02-09 00:00:00-05:00,228.57493005807154,230.88055440125174,222.9656115931541,228.84442138671875,9976700,0.0,0.0
2026-02-10 00:00:00-05:00,228.84441486814092,228.87435665604875,219.83157119267761,226.1794891357422,7909500,0.0,0.0
2026-02-11 00:00:00-05:00,235.10251560954066,239.88340907900576,229.60297351593718,234.67332458496094,9555800,0.0,0.0
2026-02-12 00:00:00-05:00,235.88103500840077,238.45613549296726,229.20374186804133,230.85060119628906,10662100,0.0,0.0
2026-02-13 00:00:00-05:00,235.7312938168108,242.31876111390892,232.94660100846122,235.08253479003906,9905400,0.0,0.0
2026-02-17 00:00:00-05:00,231.01028760100078,237.69755587642607,228.44517801363722,235.1324462890625,7368500,0.0,0.0
2026-02-18 00:00:00-05:00,235.93093728985508,244.80404772720283,233.6552699833673,239.63388061523438,10095400,0.0,0.0
2026-02-19 00:00:00-05:00,233.6253408545534,237.46801781119692,230.98036596329837,236.93902587890625,6384200,0.0,0.0
2026-02-20 00:00:00-05:00,237.09871792970293,245.29311247066497,236.51981795591516,244.4547119140625,8601200,0.0,0.0
2026-02-23 00:00:00-05:00,244.88390403570943,248.9261978908835,236.91905302300802,241.80975341796875,9488000,0.0,0.0
2026-02-24 00:00:00-05:00,242.9875122065815,247.28932201355303,238.52600269828625,243.78599548339844,9087100,0.0,0.0
2026-02-25 00:00:00-05:00,249.41526723216327,256.19236112988557,247.91811687895972,249.00604248046875,9835400,0.0,0.0
2026-02-26 00:00:00-05:00,245.56259854487396,248.02790733312858,230.2617201804091,238.61582946777344,10700300,0.0,0.0
2026-02-27 00:00:00-05:00,233.01648766122423,239.64387261519136,232.23795546618322,233.44566345214844,12988900,0.0,0.0
2026-03-02 00:00:00-05:00,228.84442358207588,233.38578275522596,226.79831502826087,230.5611572265625,10294000,0.0,0.0
2026-03-03 00:00:00-05:00,223.34489019072936,223.694216129375,215.38003948047887,216.85723876953125,12442300,0.0,0.0
2026-03-04 00:00:00-05:00,221.5539405677425,224.96152861143844,218.84584148226827,222.83303833007812,8614400,0.26,0.0
2026-03-05 00:00:00-05:00,218.25625489022804,222.2534391076301,207.98349267134853,214.52886962890625,10241000,0.0,0.0
2026-03-06 00:00:00-05:00,205.30536890834506,211.0913015340687,198.31029660994795,199.18968200683594,13597800,0.0,0.0
2026-03-09 00:00:00-04:00,194.8627326811836,211.3511177542068,193.94338213112016,211.00135803222656,13421000,0.0,0.0
2026-03-10 00:00:00-04:00,210.85147305841423,220.66456789138078,210.73156240808817,215.0784912109375,10699700,0.0,0.0
2026-03-11 00:00:00-04:00,214.29904030091296,221.46399133112968,213.84936011663245,218.71592712402344,7160500,0.0,0.0
2026-03-12 00:00:00-04:00,213.51959491619135,215.01853905958507,207.8535878839289,209.34254455566406,9932900,0.0,0.0
2026-03-13 00:00:00-04:00,212.19052950572015,217.8465490723598,211.08131022850318,212.05062866210938,8906500,0.0,0.0
2026-03-16 00:00:00-04:00,217.796568229454,221.30410707831456,215.79797615531717,219.24554443359375,9533100,0.0,0.0
2026-03-17 00:00:00-04:00,220.3747564229923,226.55041393358832,218.39615451581292,226.31057739257812,10043700,0.0,0.0
2026-03-18 00:00:00-04:00,226.5803885798893,232.15646228777752,222.82302572763703,224.55181884765625,12478800,0.0,0.0
2026-03-19 00:00:00-04:00,218.01641612736165,234.9744712168138,214.84864949710035,233.82528686523438,10101900,0.0,0.0
2026-03-20 00:00:00-04:00,234.1550605046559,236.673275601632,221.893693557722,228.19924926757812,26176400,0.0,0.0
2026-03-23 00:00:00-04:00,230.22782447272576,239.35140261050896,226.9101693986534,233.14576721191406,9506200,0.0,0.0
2026-03-24 00:00:00-04:00,229.9979922388223,241.20009289340607,229.9979922388223,238.671875,7388000,0.0,0.0
2026-03-25 00:00:00-04:00,235.98375607504957,236.933099520854,227.1999505059275,233.28565979003906,8330600,0.0,0.0
2026-03-26 00:00:00-04:00,225.58109404334473,226.73027839259368,211.23120226820566,211.4710235595703,13460500,0.0,0.0
2026-03-27 00:00:00-04:00,209.52240405055184,216.84724603438218,208.85287751698561,211.2611846923828,8503300,0.0,0.0
2026-03-30 00:00:00-04:00,214.40896760689535,216.13774558101278,198.46021047678923,199.7892608642578,11921000,0.0,0.0
2026-03-31 00:00:00-04:00,205.85498637307174,213.6894637483213,202.867085693214,213.5095977783203,11725000,0.0,0.0
2026-04-01 00:00:00-04:00,215.29833423994805,225.34126274678692,214.84865406012943,221.8537139892578,10697600,0.0,0.0
2026-04-02 00:00:00-04:00,208.69299109223857,221.8537187246487,208.65302595791076,218.28623962402344,6805400,0.0,0.0
2026-04-06 00:00:00-04:00,219.97505169789187,221.4040377779587,216.377579698765,220.4946746826172,4031200,0.0,0.0
2026-04-07 00:00:00-04:00,218.08637808721974,224.3319784754942,216.3475974498269,224.19207763671875,6818400,0.0,0.0
2026-04-08 00:00:00-04:00,242.57912495065452,249.0145941861495,241.32001737120697,246.31649780273438,11023000,0.0,0.0
2026-04-09 00:00:00-04:00,248.15518482554538,258.81767163011693,247.1758789861279,258.5778503417969,9757800,0.0,0.0
2026-04-10 00:00:00-04:00,263.00472539654294,268.04118594237434,259.1474268507304,263.4743957519531,9124700,0.0,0.0
2026-04-13 00:00:00-04:00,262.93478019500407,267.3516822953659,260.6663890676439,267.1318359375,8773600,0.0,0.0
2026-04-14 00:00:00-04:00,271.6686000950726,273.30746019837267,264.7135083671392,272.2182312011719,8500600,0.0,0.0
2026-04-15 00:00:00-04:00,266.812059323059,267.8013527056182,255.30016395472288,264.9733581542969,11324200,0.0,0.0
2026-04-16 00:00:00-04:00,263.29455188467574,266.06259115015934,258.99756028393494,260.77630615234375,7829400,0.0,0.0
2026-04-17 00:00:00-04:00,267.7813557418337,268.5708081366657,262.23527502838937,267.41162109375,8465400,0.0,0.0
2026-04-20 00:00:00-04:00,266.91199098608354,267.4615916355962,262.35520326821194,262.9747619628906,5989900,0.0,0.0
2026-04-21 00:00:00-04:00,263.62428319360447,265.4130316259327,256.5292752824892,258.1881103515625,7830300,0.0,0.0
2026-04-22 00:00:00-04:00,261.5257742556826,265.95267916356346,257.21881049673567,265.3630676269531,9803300,0.0,0.0
2026-04-23 00:00:00-04:00,264.86341249091515,272.62796251147745,253.10170866628886,258.37799072265625,12269100,0.0,0.0
2026-04-24 00:00:00-04:00,267.31169002856535,275.6458153217003,266.69213136469676,267.59149169921875,12313200,0.0,0.0
2026-04-27 00:00:00-04:00,267.5715265071932,268.6407501292371,256.1295742625579,259.287353515625,8095400,0.0,0.0
2026-04-28 00:00:00-04:00,251.80261841171685,253.52140886487925,242.86890914303618,251.0531463623047,11499500,0.0,0.0
2026-04-29 00:00:00-04:00,252.99177680707083,253.78122921817044,241.42992954457077,248.57489013671875,9585300,0.0,0.0
2026-04-30 00:00:00-04:00,252.21233138953463,258.39796117825296,248.48496136381792,257.678466796875,10381100,0.0,0.0
2026-05-01 00:00:00-04:00,254.9603865776881,260.2566585466921,249.94391627514796,256.5392761230469,8094500,0.0,0.0
2026-05-04 00:00:00-04:00,256.50931893659987,262.8948051722649,254.7705382293172,258.38800048828125,6497400,0.0,0.0
2026-05-05 00:00:00-04:00,266.45231009344053,279.8028905171325,266.45231009344053,275.6058349609375,11884000,0.0,0.0
2026-05-06 00:00:00-04:00,286.79796135973845,297.6603043548593,285.6487770214532,296.9608154296875,14788600,0.0,0.0
2026-05-07 00:00:00-04:00,296.82090977015935,297.7902281756757,282.94070324772605,286.31829833984375,9704500,0.0,0.0
2026-05-08 00:00:00-04:00,295.51182485822835,297.21064031713314,287.31758516812687,293.8429870605469,8996700,0.0,0.0
2026-05-11 00:00:00-04:00,292.30409719396056,299.78881484586174,292.30409719396056,295.8415832519531,9150000,0.0,0.0
2026-05-12 00:00:00-04:00,287.0178099302049,290.1456114158869,277.5744501504254,289.036376953125,9341800,0.0,0.0
2026-05-13 00:00:00-04:00,295.062131401029,298.76954167476975,286.97783007918355,295.2320251464844,8633100,0.0,0.0
2026-05-14 00:00:00-04:00,296.12140028266674,301.7874225953724,292.80376040335386,298.9394226074219,6404900,0.0,0.0
2026-05-15 00:00:00-04:00,289.23627118773504,289.23627118773504,276.2854020215059,284.51959228515625,9643200,0.0,0.0
2026-05-18 00:00:00-04:00,292.53390667670527,294.3526327493121,272.8877432948228,277.7643127441406,8562200,0.0,0.0
2026-05-19 00:00:00-04:00,267.76139076285955,278.5338010411477,263.52435474239036,273.18756103515625,8308600,0.0,0.0
2026-05-20 00:00:00-04:00,279.3831952205458,293.42332397451565,277.32464765738655,291.8843994140625,8574200,0.0,0.0
2026-05-21 00:00:00-04:00,292.4639818707948,302.96656238549514,291.5945687099004,302.0272216796875,9162400,0.0,0.0
2026-05-22 00:00:00-04:00,305.51480819886183,309.7618166317475,302.9665848414723,305.13507080078125,7854700,0.0,0.0
2026-05-26 00:00:00-04:00,314.54841472460635,323.7519535376791,309.4320236971279,322.4528503417969,9763600,0.0,0.0
2026-05-27 00:00:00-04:00,331.43652698608355,333.0953315558053,314.05875442308076,318.7054748535156,8819300,0.0,0.0
2026-05-28 00:00:00-04:00,317.22655291867636,322.4129020155952,308.5226621012783,317.7761535644531,8402800,0.0,0.0
2026-05-29 00:00:00-04:00,321.77334257166757,324.0217587852895,316.5869933992253,317.9560241699219,10872200,0.0,0.0
2026-06-01 00:00:00-04:00,309.0522789282016,320.60413884607385,306.8238682504293,316.8967590332031,8052800,0.0,0.0
2026-06-02 00:00:00-04:00,324.1916334233794,335.3137726875448,320.63411147874655,334.1745910644531,8632400,0.0,0.0
2026-06-03 00:00:00-04:00,334.814140358735,345.94631335975305,331.8962128746419,343.4680480957031,8630900,0.0,0.0
2026-06-04 00:00:00-04:00,329.51787191489296,342.12898316460326,324.4814112927382,336.1731872558594,8277000,0.0,0.0
2026-06-05 00:00:00-04:00,320.1444632420419,323.1923344215862,302.5268694093298,303.0664978027344,13309000,0.0,0.0
2026-06-08 00:00:00-04:00,318.32574750534235,330.4472135845508,314.77825869311215,324.22161865234375,11465100,0.0,0.0
2026-06-09 00:00:00-04:00,335.2638438902207,348.84427432448365,305.79461145426944,326.9297180175781,14466800,0.0,0.0
2026-06-10 00:00:00-04:00,323.06242765831234,347.91491547434873,318.7254864727257,321.5734558105469,14088500,0.0,0.0
2026-06-11 00:00:00-04:00,336.4030442999973,364.55319756906727,335.9633515886508,362.2648010253906,14984000,0.0,0.0
2026-06-12 00:00:00-04:00,359.13702858198286,373.5568635267832,354.6401962751647,366.5517883300781,9253300,0.0,0.0
2026-06-15 00:00:00-04:00,385.718279577729,392.7933128178844,382.1208381293472,388.646240234375,13459800,0.0,0.0
2026-06-16 00:00:00-04:00,384.86891373222517,392.7233664225497,368.5104109950532,369.08001708984375,12054900,0.0,0.0
2026-06-17 00:00:00-04:00,382.0,397.6300048828125,373.239990234375,374.17999267578125,10900800,0.26,0.0
2026-06-18 00:00:00-04:00,397.2200012207031,401.0,386.8999938964844,389.0400085449219,22686600,0.0,0.0
2026-06-22 00:00:00-04:00,398.3900146484375,409.75,392.0799865722656,409.5400085449219,14638600,0.0,0.0
2026-06-23 00:00:00-04:00,369.7099914550781,377.1000061035156,365.260009765625,371.3299865722656,16065200,0.0,0.0
2026-06-24 00:00:00-04:00,366.8699951171875,376.9800109863281,361.4100036621094,374.79998779296875,12016700,0.0,0.0
2026-06-25 00:00:00-04:00,407.989990234375,407.989990234375,372.29998779296875,401.82000732421875,16824000,0.0,0.0
2026-06-26 00:00:00-04:00,385.5,389.8800048828125,374.30999755859375,379.0899963378906,19733700,0.0,0.0
2026-06-29 00:00:00-04:00,383.010009765625,414.9800109863281,379.1000061035156,410.9100036621094,14049600,0.0,0.0
2026-06-30 00:00:00-04:00,416.2900085449219,438.5,414.010009765625,433.3299865722656,16885100,0.0,0.0
2026-07-01 00:00:00-04:00,404.9700012207031,415.489990234375,381.0,391.260009765625,18699300,0.0,0.0
2026-07-02 00:00:00-04:00,391.05999755859375,392.5,342.4800109863281,351.4100036621094,18954700,0.0,0.0
2026-07-06 00:00:00-04:00,365.3399963378906,366.0799865722656,348.2699890136719,350.20001220703125,13581700,0.0,0.0
2026-07-07 00:00:00-04:00,322.4100036621094,330.75,313.1000061035156,326.1300048828125,15530600,0.0,0.0
2026-07-08 00:00:00-04:00,325.4700012207031,337.5,322.7200012207031,333.1499938964844,8029400,0.0,0.0
2026-07-09 00:00:00-04:00,365.1300048828125,369.95001220703125,350.05999755859375,353.1700134277344,12119700,0.0,0.0
2026-07-10 00:00:00-04:00,341.3599853515625,354.7300109863281,338.1300048828125,350.3299865722656,6890900,0.0,0.0
2026-07-13 00:00:00-04:00,335.0,337.9800109863281,326.8999938964844,329.9200134277344,9770500,0.0,0.0
2026-07-14 00:00:00-04:00,354.6600036621094,354.6600036621094,338.8800048828125,346.1000061035156,10699100,0.0,0.0
2026-07-15 00:00:00-04:00,357.25,357.25,319.7900085449219,335.42999267578125,10257300,0.0,0.0
2026-07-16 00:00:00-04:00,324.989990234375,336.67999267578125,315.1600036621094,320.9599914550781,10641300,0.0,0.0
2026-07-17 00:00:00-04:00,303.8299865722656,322.07000732421875,298.6499938964844,313.29998779296875,12805700,0.0,0.0
2026-07-20 00:00:00-04:00,321.1499938964844,324.45001220703125,305.260009765625,306.760009765625,8074400,0.0,0.0
2026-07-21 00:00:00-04:00,328.1300048828125,328.1400146484375,313.2900085449219,322.0,11936500,0.0,0.0
2026-07-22 00:00:00-04:00,310.54998779296875,322.25,310.54998779296875,319.2900085449219,6344700,0.0,0.0
2026-07-23 00:00:00-04:00,315.5,325.8800048828125,314.3500061035156,319.7799987792969,8106900,0.0,0.0
2026-07-24 00:00:00-04:00,312.6199951171875,319.70001220703125,301.67999267578125,305.2099914550781,9278400,0.0,0.0
2026-07-27 00:00:00-04:00,306.30999755859375,309.5,278.45001220703125,291.6099853515625,14117600,0.0,0.0
2026-07-28 00:00:00-04:00,275.1700134277344,277.29998779296875,258.5299987792969,269.6099853515625,16097700,0.0,0.0
2026-07-29 00:00:00-04:00,264.510009765625,273.4599914550781,250.5,252.35000610351562,16103100,0.0,0.0
2026-07-30 00:00:00-04:00,318.2900085449219,319.5,294.25,297.7200012207031,22085800,0.0,0.0
2026-07-31 00:00:00-04:00,315.3699951171875,318.3999938964844,292.92999267578125,293.0199890136719,12561200,0.0,0.0
2026-08-03 00:00:00-04:00,283.3399963378906,295.92999267578125,276.8399963378906,294.6099853515625,10010900,0.0,0.0
2026-08-04 00:00:00-04:00,308.8299865722656,320.25,306.1600036621094,317.739990234375,15796600,0.0,0.0
2026-08-05 00:00:00-04:00,318.5400085449219,323.6400146484375,305.3599853515625,307.4200134277344,9302000,0.0,0.0
2026-08-06 00:00:00-04:00,300.0,314.1600036621094,293.6499938964844,305.7699890136719,7430400,0.0,0.0
2026-08-07 00:00:00-04:00,311.8699951171875,315.5899963378906,303.8299865722656,311.3500061035156,6714100,0.0,0.0
2026-08-10 00:00:00-04:00,319.5,319.989990234375,305.5,306.3999938964844,7022800,0.0,0.0
2026-08-11 00:00:00-04:00,315.0299987792969,316.8599853515625,309.3500061035156,311.4100036621094,7669400,0.0,0.0
2026-08-12 00:00:00-04:00,326.8399963378906,329.489990234375,323.5,326.1099853515625,8075600,0.0,0.0
2026-08-13 00:00:00-04:00,327.6199951171875,345.1199951171875,324.010009765625,337.010009765625,8901000,0.0,0.0
2026-08-14 00:00:00-04:00,332.3599853515625,342.0,326.55999755859375,332.3599853515625,7422900,0.0,0.0
2026-08-17 00:00:00-04:00,337.8699951171875,345.2799987792969,333.3999938964844,343.8399963378906,8505600,0.0,0.0
2026-08-18 00:00:00-04:00,324.17999267578125,329.07000732421875,317.4100036621094,327.9200134277344,10210000,0.0,0.0
2026-08-19 00:00:00-04:00,328.5199890136719,328.57000732421875,305.0799865722656,307.1700134277344,10861500,0.0,0.0
2026-08-20 00:00:00-04:00,305.2300109863281,312.5400085449219,302.95001220703125,310.5299987792969,6802600,0.0,0.0
2026-08-21 00:00:00-04:00,317.8599853515625,319.1000061035156,303.8500061035156,314.0,5940400,0.0,0.0
2026-08-24 00:00:00-04:00,307.94000244140625,311.44000244140625,297.7799987792969,310.1700134277344,8608400,0.0,0.0
2026-08-25 00:00:00-04:00,316.20001220703125,318.6099853515625,307.8599853515625,314.6600036621094,5018300,0.0,0.0
2026-08-26 00:00:00-04:00,314.6099853515625,315.7200012207031,308.04998779296875,312.8800048828125,4113500,0.0,0.0
2026-08-27 00:00:00-04:00,318.8800048828125,321.4100036621094,310.44000244140625,318.5799865722656,6555900,0.0,0.0
2026-08-28 00:00:00-04:00,318.0299987792969,318.2900085449219,301.04998779296875,301.8999938964844,8057600,0.0,0.0
2026-08-31 00:00:00-04:00,303.19000244140625,303.3999938964844,298.7699890136719,301.489990234375,6949300,0.0,0.0
2026-09-01 00:00:00-04:00,294.55999755859375,296.3399963378906,286.5899963378906,290.20001220703125,8249700,0.0,0.0
2026-09-02 00:00:00-04:00,291.5,292.19000244140625,284.3999938964844,288.32000732421875,4840600,0.0,0.0
2026-09-03 00:00:00-04:00,283.7300109863281,292.7799987792969,278.0400085449219,292.6600036621094,7207100,0.0,0.0
2026-09-04 00:00:00-04:00,303.4700012207031,310.29998779296875,297.3800048828125,307.6499938964844,8355500,0.0,0.0
2026-09-08 00:00:00-04:00,314.489990234375,321.7699890136719,312.0299987792969,320.4200134277344,8937400,0.0,0.0
2026-09-09 00:00:00-04:00,319.260009765625,322.2099914550781,312.760009765625,315.8399963378906,5580100,0.0,0.0
2026-09-10 00:00:00-04:00,302.1499938964844,307.0299987792969,297.010009765625,298.010009765625,10597400,0.0,0.0
2026-09-11 00:00:00-04:00,,,,,8832423,0.0,0.0
