Date,Open,High,Low,Close,Volume,Dividends,Stock Splits
2021-08-30 00:00:00-04:00,344.4596177264349,347.605210590138,341.9839473470841,342.7606201171875,4032100,0.0,0.0
2021-08-31 00:00:00-04:00,342.6539315521638,344.8674821280578,334.63465121762437,336.1394958496094,6780400,0.0,0.0
2021-09-01 00:00:00-04:00,337.2559034372003,341.78978357786167,337.17821837891734,339.382080078125,4499600,0.0,0.0
2021-09-02 00:00:00-04:00,340.2947205928096,340.3238450855046,329.4405288071048,331.3337097167969,7412000,0.0,0.0
2021-09-03 00:00:00-04:00,330.0229955109907,334.11031964395795,329.052139738856,330.31427001953125,5171000,0.0,0.0
2021-09-07 00:00:00-04:00,334.83844231787697,337.8577893749673,333.022917240186,334.6636657714844,4764300,0.0,0.0
2021-09-08 00:00:00-04:00,334.94522719051463,341.74121730742365,334.94522719051463,340.8092041015625,5054500,0.0,0.0
2021-09-09 00:00:00-04:00,340.48875471616094,343.33338410426944,339.7218001344924,341.1683654785156,3716200,0.0,0.0
2021-09-10 00:00:00-04:00,344.5858567126238,344.65382373228937,336.90638345098324,337.265625,3437700,0.0,0.0
2021-09-13 00:00:00-04:00,339.7995027974007,341.7314962037216,336.2655737467884,337.68304443359375,3234200,0.0,0.0
2021-09-14 00:00:00-04:00,339.48887993307056,339.68306296201195,335.18799545837,335.7219543457031,3281900,0.0,0.0
2021-09-15 00:00:00-04:00,336.8868786187341,337.4014308793366,332.7704605339142,334.70245361328125,3833500,0.0,0.0
2021-09-16 00:00:00-04:00,335.3432767958759,337.54710860753363,334.6442594944436,336.217041015625,3771100,0.0,0.0
2021-09-17 00:00:00-04:00,333.9743716047038,335.9160830675218,330.838496926113,333.0423583984375,5527500,0.0,0.0
2021-09-20 00:00:00-04:00,328.45994084155546,331.1686071869436,325.83861833447986,329.7900085449219,3956600,0.0,0.0
2021-09-21 00:00:00-04:00,332.22683385142005,333.1782534795762,327.4502107500341,327.54730224609375,2967300,0.0,0.0
2021-09-22 00:00:00-04:00,329.4114085264325,333.84822728212777,328.6735781593335,333.4016418457031,3238800,0.0,0.0
2021-09-23 00:00:00-04:00,335.66367023189525,344.44993287893453,335.13942943932767,343.75091552734375,4783200,0.0,0.0
2021-09-24 00:00:00-04:00,343.7121314189293,349.44017560871987,342.47915502632725,347.7217712402344,3306200,0.0,0.0
2021-09-27 00:00:00-04:00,346.6440002638979,352.02254889620156,344.80909847995986,346.3721618652344,4158000,0.0,0.0
2021-09-28 00:00:00-04:00,345.13917173424625,345.6245995425926,338.87714115531367,340.945068359375,3266900,0.0,0.0
2021-09-29 00:00:00-04:00,342.5276154838993,346.77025037952166,342.13927910874276,342.89654541015625,2808800,0.0,0.0
2021-09-30 00:00:00-04:00,344.4013894841901,345.62467731750763,337.27531120948464,337.5471496582031,4393300,0.0,0.0
2021-10-01 00:00:00-04:00,339.6344378327459,352.5953674044441,337.04226969530515,349.68280029296875,5227300,0.0,0.0
2021-10-04 00:00:00-04:00,349.4401219142218,350.1391392772108,329.4502044943445,334.1685791015625,7901500,0.0,0.0
2021-10-05 00:00:00-04:00,337.4306568515975,338.41123074109964,332.93558952564575,333.2074279785156,4724100,0.0,0.0
2021-10-06 00:00:00-04:00,330.1007482761395,338.7122360008909,329.2269541994485,338.52777099609375,3712000,0.0,0.0
2021-10-07 00:00:00-04:00,339.2567352564124,347.90826211349923,339.2567352564124,344.0296630859375,3209200,0.44,0.0
2021-10-08 00:00:00-04:00,346.0612973805487,350.3092922676289,344.32126176431854,345.0503234863281,2336700,0.0,0.0
2021-10-11 00:00:00-04:00,344.06858276446997,344.97261229096205,337.2153839371887,337.4584045410156,2769800,0.0,0.0
2021-10-12 00:00:00-04:00,338.9165653841553,340.22888272206126,334.99907400686544,335.698974609375,3042900,0.0,0.0
2021-10-13 00:00:00-04:00,336.58353490445154,339.7428027410998,327.57234163153566,332.79241943359375,3755700,0.0,0.0
2021-10-14 00:00:00-04:00,334.24078209996566,336.1557854612926,331.3148048171996,334.9601135253906,4083800,0.0,0.0
2021-10-15 00:00:00-04:00,339.2568232504169,346.6543575064436,338.0319896964042,346.0614013671875,4053600,0.0,0.0
2021-10-18 00:00:00-04:00,344.0782574499368,349.891320534408,340.4524093004499,348.4331970214844,3280900,0.0,0.0
2021-10-19 00:00:00-04:00,348.3942810347625,352.175695319743,347.62632773200977,351.9909973144531,2835400,0.0,0.0
2021-10-20 00:00:00-04:00,351.60220305527577,352.37012676388855,346.0613217121836,346.809814453125,2796200,0.0,0.0
2021-10-21 00:00:00-04:00,344.7004643265002,346.4307700094198,337.5750829082812,346.2655029296875,2516300,0.0,0.0
2021-10-22 00:00:00-04:00,346.722335212986,351.5438851635893,344.99202976802917,348.65679931640625,2774400,0.0,0.0
2021-10-25 00:00:00-04:00,352.3409823216921,354.1296103977401,348.7734564866965,350.78564453125,2447900,0.0,0.0
2021-10-26 00:00:00-04:00,353.2353923646555,357.09456160908184,346.8488023381693,347.3445739746094,3320100,0.0,0.0
2021-10-27 00:00:00-04:00,338.28476921786114,341.3176624022825,324.48118343525664,326.34759521484375,9652700,0.0,0.0
2021-10-28 00:00:00-04:00,334.56164884472594,340.705187731312,319.6887687168183,323.7326354980469,9505100,0.0,0.0
2021-10-29 00:00:00-04:00,321.992624943027,328.7097191439845,321.8662494608801,326.15313720703125,5843700,0.0,0.0
2021-11-01 00:00:00-04:00,325.89060123879176,331.3828604719634,323.5867708624361,324.7240905761719,5126200,0.0,0.0
2021-11-02 00:00:00-04:00,325.77400438676665,326.39612174425883,317.5793562474552,319.3096618652344,5375300,0.0,0.0
2021-11-03 00:00:00-04:00,319.32906376259155,320.3788996864812,314.31311509156285,320.23309326171875,3952500,0.0,0.0
2021-11-04 00:00:00-04:00,321.8273475022447,329.17628853459564,320.13590384739393,326.06561279296875,4819500,0.0,0.0
2021-11-05 00:00:00-04:00,332.8799133902607,340.38439101962314,331.48011230230486,339.0526428222656,7201500,0.0,0.0
2021-11-08 00:00:00-05:00,338.2944206386851,343.29090897191486,337.95418585035657,339.9080810546875,3862200,0.0,0.0
2021-11-09 00:00:00-05:00,340.2289070757661,340.4233354603376,330.16784631911855,335.02825927734375,4247800,0.0,0.0
2021-11-10 00:00:00-05:00,340.32608152129205,349.58029603333273,339.7428261013022,347.94720458984375,6337100,0.0,0.0
2021-11-11 00:00:00-05:00,348.3749142879808,349.59974767187776,342.72711760872596,344.44769287109375,4472200,0.0,0.0
2021-11-12 00:00:00-05:00,346.1197533383658,353.6825553293979,345.9933778446839,353.35205078125,4724200,0.0,0.0
2021-11-15 00:00:00-05:00,354.94613644458934,360.7688997839601,350.5911971691513,351.2716369628906,4693200,0.0,0.0
2021-11-16 00:00:00-05:00,354.58645423598745,360.7105906003825,351.89379691161054,359.24273681640625,4969000,0.0,0.0
2021-11-17 00:00:00-05:00,349.5414110185923,357.7263586915193,341.4148155878073,349.14288330078125,11727300,0.0,0.0
2021-11-18 00:00:00-05:00,350.6592322684126,352.36037616490137,334.96008057691137,338.49847412109375,6533700,0.0,0.0
2021-11-19 00:00:00-05:00,336.3405473167537,336.9723950129852,329.66234524225007,330.2358703613281,6954800,0.0,0.0
2021-11-22 00:00:00-05:00,330.3135388317906,331.9466595682637,310.833031774338,312.33001708984375,11378200,0.0,0.0
2021-11-23 00:00:00-05:00,315.88787298340714,320.485833190659,312.70917437013276,319.8150939941406,7116200,0.0,0.0
2021-11-24 00:00:00-05:00,317.8223329344983,330.85793100838714,315.94619147241224,330.50799560546875,6414400,0.0,0.0
2021-11-26 00:00:00-05:00,312.60224507837023,317.7445692797388,310.094285539722,315.1199645996094,6613900,0.0,0.0
2021-11-29 00:00:00-05:00,320.7968855913064,322.55635216062996,309.3651883830455,313.9923095703125,6362200,0.0,0.0
2021-11-30 00:00:00-05:00,309.12220510327296,311.8051620367842,301.4524606805619,306.1282043457031,10237600,0.0,0.0
2021-12-01 00:00:00-05:00,311.8245636783252,313.02993625538977,297.45718825573425,297.7293701171875,8008800,0.0,0.0
2021-12-02 00:00:00-05:00,300.9470228110501,313.20499877380087,300.3637673678593,311.2608337402344,6717600,0.0,0.0
2021-12-03 00:00:00-05:00,311.29964239191486,313.6812560165795,305.2338580185506,313.117431640625,4732900,0.0,0.0
2021-12-06 00:00:00-05:00,315.683746832358,327.3584654845696,313.0105203387815,324.0242004394531,6055000,0.0,0.0
2021-12-07 00:00:00-05:00,327.88338428321106,332.86047113022914,327.88338428321106,330.0317077636719,4939500,0.0,0.0
2021-12-08 00:00:00-05:00,329.7595525504497,334.4255366190609,324.77276464857965,332.78271484375,4226900,0.0,0.0
2021-12-09 00:00:00-05:00,330.55670570823054,336.85581219694444,329.54576107341705,334.90191650390625,3389600,0.0,0.0
2021-12-10 00:00:00-05:00,337.3126290807077,340.4718972205126,335.2031969929569,340.151123046875,3405900,0.0,0.0
2021-12-13 00:00:00-05:00,339.44151544540557,339.77201995977475,330.82884843757483,335.6698303222656,4358300,0.0,0.0
2021-12-14 00:00:00-05:00,335.67945391592156,338.48875622768054,328.4276988803934,331.0426025390625,4518500,0.0,0.0
2021-12-15 00:00:00-05:00,330.50802625066774,336.9140459054776,326.1628166012776,336.6807556152344,4918700,0.0,0.0
2021-12-16 00:00:00-05:00,341.8814105158822,343.89359864731983,335.4850913637232,343.0673522949219,5369900,0.0,0.0
2021-12-17 00:00:00-05:00,339.4414603256322,342.94096294717014,334.5129953696997,339.55810546875,5898200,0.0,0.0
2021-12-20 00:00:00-05:00,331.71342594773006,333.939503200176,326.8433127492294,327.6112365722656,5013900,0.0,0.0
2021-12-21 00:00:00-05:00,330.82879952148465,342.1730145040724,329.89560869738744,340.94818115234375,3105100,0.0,0.0
2021-12-22 00:00:00-05:00,336.9043085188062,348.60818903858234,336.9043085188062,347.5000305175781,3456400,0.0,0.0
2021-12-23 00:00:00-05:00,347.5584096398739,352.3507695799657,345.08931161099184,350.5135192871094,2627000,0.0,0.0
2021-12-27 00:00:00-05:00,349.9496639094042,350.99949984826816,345.6725072836316,350.2510070800781,2677100,0.0,0.0
2021-12-28 00:00:00-05:00,348.77345126658844,353.97409801979046,348.40405520950713,350.7078857421875,1920100,0.0,0.0
2021-12-29 00:00:00-05:00,351.67995466175904,353.0117027471286,350.1343472707798,351.2036437988281,1535200,0.0,0.0
2021-12-30 00:00:00-05:00,351.89383054412406,354.4698429837716,349.0844981547116,350.9120178222656,1558000,0.0,0.0
2021-12-31 00:00:00-05:00,347.95697839169094,353.23537978775255,346.8196286972965,349.2887268066406,1984000,0.0,0.0
2022-01-03 00:00:00-05:00,349.745520916104,361.9257117109136,349.2205881348779,360.5939636230469,4708200,0.0,0.0
2022-01-04 00:00:00-05:00,361.6048999753511,371.7242806893546,361.27439553979497,364.9100036621094,6854500,0.0,0.0
2022-01-05 00:00:00-05:00,363.5588535870398,371.821554804927,362.11046016066206,363.4616394042969,5976600,0.0,0.0
2022-01-06 00:00:00-05:00,358.8674202840775,364.2500896891579,356.7357635498047,360.14251708984375,4781100,0.49,0.0
2022-01-07 00:00:00-05:00,356.628600867869,361.88472737515417,354.4093164289563,359.8017272949219,4551200,0.0,0.0
2022-01-10 00:00:00-05:00,361.02822784001836,361.02822784001836,339.47806695474054,354.2147216796875,6009300,0.0,0.0
2022-01-11 00:00:00-05:00,353.8448940181953,358.25420533595536,346.6031068638626,356.5313720703125,4131200,0.0,0.0
2022-01-12 00:00:00-05:00,359.1106871096967,362.20595828454026,357.29051248243695,357.52410888671875,5783100,0.0,0.0
2022-01-13 00:00:00-05:00,358.7894726026757,367.6178366559585,358.07894028450403,359.67523193359375,3892900,0.0,0.0
2022-01-14 00:00:00-05:00,354.61382698107724,364.79514429965553,354.4483430355486,362.2254943847656,4029900,0.0,0.0
2022-01-18 00:00:00-05:00,360.91144403898227,362.22548336327065,355.4703760382616,356.5410461425781,4933900,0.0,0.0
2022-01-19 00:00:00-05:00,352.7546801292387,359.46110137483674,350.1266016192306,351.11944580078125,4464800,0.0,0.0
2022-01-20 00:00:00-05:00,352.190107227953,363.1306711966172,352.0343960900791,354.30230712890625,5043200,0.0,0.0
2022-01-21 00:00:00-05:00,352.8423255825546,358.32233666087933,344.67583653365426,345.6199951171875,4867100,0.0,0.0
2022-01-24 00:00:00-05:00,333.44330022472843,340.7726857225096,321.78245918609923,340.1108093261719,7472800,0.0,0.0
2022-01-25 00:00:00-05:00,334.17325098647353,337.7941436669926,324.5078138900448,329.7347412109375,6994400,0.0,0.0
2022-01-26 00:00:00-05:00,334.21221676837143,345.318236048237,332.1584454735816,335.47760009765625,7438600,0.0,0.0
2022-01-27 00:00:00-05:00,339.77978119557974,350.0487254234233,325.42275138746356,341.191162109375,8416100,0.0,0.0
2022-01-28 00:00:00-05:00,349.48421160536884,372.57226677242755,345.912004036598,372.3192138671875,8813400,0.0,0.0
2022-01-31 00:00:00-05:00,368.59128100050737,376.2516053847309,366.2649703176016,376.0861511230469,6345200,0.0,0.0
2022-02-01 00:00:00-05:00,375.48260239896206,384.96310008654143,372.2315901498797,381.61474609375,5841100,0.0,0.0
2022-02-02 00:00:00-05:00,378.9185667737952,389.26536768463586,372.55279675623717,386.1798095703125,6115000,0.0,0.0
2022-02-03 00:00:00-05:00,378.1885587280321,382.47132836186034,376.193156830721,379.67779541015625,4209200,0.0,0.0
2022-02-04 00:00:00-05:00,377.24441494117235,377.8089495826392,366.3817347216168,372.0174865722656,6045400,0.0,0.0
2022-02-07 00:00:00-05:00,372.0174827711285,372.2121365710619,363.3643148860404,366.10919189453125,4767500,0.0,0.0
2022-02-08 00:00:00-05:00,367.48158451510557,369.6521538257657,360.6680785729938,364.3960266113281,5825300,0.0,0.0
2022-02-09 00:00:00-05:00,375.32684870267735,378.1009249285184,370.46005872910666,371.20953369140625,5492800,0.0,0.0
2022-02-10 00:00:00-05:00,361.816648331989,369.8760516373802,360.6875494519208,364.41552734375,3995000,0.0,0.0
2022-02-11 00:00:00-05:00,367.79301061847815,370.7520270224047,357.84532115927874,359.9185485839844,4345600,0.0,0.0
2022-02-14 00:00:00-05:00,358.9939219847515,367.23826583012993,356.98880678451104,364.191650390625,3678400,0.0,0.0
2022-02-15 00:00:00-05:00,364.60037733008176,372.8642058331167,363.4518221742831,371.3749694824219,5800400,0.0,0.0
2022-02-16 00:00:00-05:00,369.83709190308855,374.7428244679367,366.7418206378687,372.72796630859375,3424800,0.0,0.0
2022-02-17 00:00:00-05:00,368.51334474350284,371.1316801398836,362.2546599325456,363.743896484375,3972500,0.0,0.0
2022-02-18 00:00:00-05:00,364.5322903319961,364.8242858311577,359.1690785960215,360.0937805175781,4083800,0.0,0.0
2022-02-22 00:00:00-05:00,355.27570144066266,364.34740593256384,354.1076598554835,358.4780578613281,3897900,0.0,0.0
2022-02-23 00:00:00-05:00,362.0600589690738,363.60769497726824,350.5355011869348,351.606201171875,3802500,0.0,0.0
2022-02-24 00:00:00-05:00,336.7235149645949,360.668130981441,332.21686205530057,359.5390319824219,7425000,0.0,0.0
2022-02-25 00:00:00-05:00,357.4365694559356,362.66349779944113,352.0636433355648,359.2567443847656,3817900,0.0,0.0
2022-02-28 00:00:00-05:00,352.54049628798606,355.6260241624108,346.18447045928946,351.2070007324219,4952400,0.0,0.0
2022-03-01 00:00:00-05:00,348.31619132615117,351.94679791672394,332.1292418676651,335.3023986816406,5894200,0.0,0.0
2022-03-02 00:00:00-05:00,333.82289110367833,339.0401060511323,329.666662642518,334.92279052734375,4997900,0.0,0.0
2022-03-03 00:00:00-05:00,338.36847695406465,340.1886518262756,331.62311253191876,331.9053649902344,3975900,0.0,0.0
2022-03-04 00:00:00-05:00,327.92437142707473,329.80294562277174,315.3680565960999,321.9479675292969,4670900,0.0,0.0
2022-03-07 00:00:00-05:00,320.79934080038544,321.01348076474085,303.7947740678279,304.5832214355469,6874300,0.0,0.0
2022-03-08 00:00:00-05:00,303.09401229117924,316.07860660633673,297.4679735990641,305.9556579589844,5048200,0.0,0.0
2022-03-09 00:00:00-05:00,314.54066642048986,320.6728403189535,312.5550075644084,319.38800048828125,4015900,0.0,0.0
2022-03-10 00:00:00-05:00,313.3628680558623,317.4314972519924,311.23121171963766,315.9422607421875,3771300,0.0,0.0
2022-03-11 00:00:00-05:00,321.2373804724639,322.15233948537775,315.3972317285198,316.1369934082031,2987700,0.0,0.0
2022-03-14 00:00:00-04:00,320.3321459968927,327.9048705748481,318.541170717003,319.8357238769531,4122700,0.0,0.0
2022-03-15 00:00:00-04:00,323.56376100391043,329.3649678291892,322.3859761397174,326.07501220703125,3738900,0.0,0.0
2022-03-16 00:00:00-04:00,332.8787345883427,341.5903016607737,327.7102053376459,335.4970703125,4340800,0.0,0.0
2022-03-17 00:00:00-04:00,332.49915512380136,337.63848504711206,330.6984365775423,337.210205078125,3244200,0.0,0.0
2022-03-18 00:00:00-04:00,337.46321044028696,343.34227102387604,333.36535211639296,340.76287841796875,6790800,0.0,0.0
2022-03-21 00:00:00-04:00,336.8013878871651,340.67536415027774,333.3654346883451,336.37310791015625,6053800,0.0,0.0
2022-03-22 00:00:00-04:00,337.5411604180806,344.5006657104764,336.30500617936445,340.2178955078125,4669900,0.0,0.0
2022-03-23 00:00:00-04:00,334.25115771012275,337.49245674115974,332.6451228239347,333.06365966796875,2527800,0.0,0.0
2022-03-24 00:00:00-04:00,333.13175521889013,340.1399442740421,331.62306229255114,340.0426025390625,2482700,0.0,0.0
2022-03-25 00:00:00-04:00,341.0745094900808,342.1744091992749,336.44131415030375,339.7215270996094,2173800,0.0,0.0
2022-03-28 00:00:00-04:00,339.2250222761801,341.22039438960485,334.3776885111933,341.1522521972656,3134600,0.0,0.0
2022-03-29 00:00:00-04:00,349.1630126633888,360.88225229801236,347.5861773219183,357.75775146484375,5512400,0.0,0.0
2022-03-30 00:00:00-04:00,354.31209626959617,358.468324719073,350.0390398947354,352.5892333984375,2614200,0.0,0.0
2022-03-31 00:00:00-04:00,350.00004278866885,354.4190962519356,347.83918692557194,347.8586730957031,4095700,0.0,0.0
2022-04-01 00:00:00-04:00,349.64968156482604,358.08870896827943,348.62766748929874,354.27313232421875,3806800,0.0,0.0
2022-04-04 00:00:00-04:00,354.54566023425116,359.9088724518234,353.47496046696864,357.1347961425781,3027200,0.0,0.0
2022-04-05 00:00:00-04:00,353.6306682921737,357.8355816921805,352.2874295917943,353.6404113769531,2215900,0.0,0.0
2022-04-06 00:00:00-04:00,346.9729251986753,347.5764024020382,340.26647436398093,344.1307067871094,3864500,0.0,0.0
2022-04-07 00:00:00-04:00,342.2982835291085,343.97478412080994,337.06410120235506,340.7095031738281,2848500,0.49,0.0
2022-04-08 00:00:00-04:00,338.5164430950892,346.889220058554,336.9081791025795,343.3607482910156,2235100,0.0,0.0
2022-04-11 00:00:00-04:00,341.7719731837341,342.61020863386466,337.0738687314799,338.58465576171875,1809200,0.0,0.0
2022-04-12 00:00:00-04:00,341.14804873705054,345.5147544693545,335.7676673625816,337.05426025390625,4038500,0.0,0.0
2022-04-13 00:00:00-04:00,335.6994750149239,347.9710557359536,334.1984150731344,346.1581115722656,3048500,0.0,0.0
2022-04-14 00:00:00-04:00,348.1465576966698,353.77064773205615,347.84440028267164,348.7703857421875,3358900,0.0,0.0
2022-04-18 00:00:00-04:00,345.037253976533,351.63605341400694,344.2867387015289,347.77618408203125,1871400,0.0,0.0
2022-04-19 00:00:00-04:00,347.7858554002214,355.4470822750639,347.06458038435625,354.66729736328125,2999300,0.0,0.0
2022-04-20 00:00:00-04:00,357.3868604478263,362.4846000099355,354.6674135909744,356.051513671875,3377300,0.0,0.0
2022-04-21 00:00:00-04:00,360.13544138866905,365.7302607433209,354.26767499646945,355.222900390625,3605300,0.0,0.0
2022-04-22 00:00:00-04:00,351.38254195146004,352.9420820673856,341.7426571051212,342.2982482910156,2968800,0.0,0.0
2022-04-25 00:00:00-04:00,340.44628646045675,346.08010210130305,338.3701519694166,345.6317443847656,3380400,0.0,0.0
2022-04-26 00:00:00-04:00,339.14022581577086,341.2066039778863,334.89047943408053,335.4070739746094,3116400,0.0,0.0
2022-04-27 00:00:00-04:00,347.9710496166164,364.2876657858808,346.996340794161,352.42547607421875,5702300,0.0,0.0
2022-04-28 00:00:00-04:00,359.79430384545293,372.30956265037224,359.4629063863377,369.24896240234375,6843300,0.0,0.0
2022-04-29 00:00:00-04:00,362.6404686044769,367.5822503332964,352.6009778843722,354.18975830078125,4741800,0.0,0.0
2022-05-02 00:00:00-04:00,353.8193113604623,355.70049229565694,341.723171003139,349.95947265625,3903800,0.0,0.0
2022-05-03 00:00:00-04:00,352.44500145223253,354.24821893735043,344.5011295537468,348.7411193847656,2686900,0.0,0.0
2022-05-04 00:00:00-04:00,350.28115645642333,359.9015291943874,344.7155765877177,359.1997375488281,3346600,0.0,0.0
2022-05-05 00:00:00-04:00,352.9420490197245,358.4686310481304,340.20259834875753,344.4328308105469,3424800,0.0,0.0
2022-05-06 00:00:00-04:00,337.4929504147373,342.3762514325205,332.16129164001586,338.3409423828125,3635200,0.0,0.0
2022-05-09 00:00:00-04:00,332.3757355146872,333.7305951661553,316.6731893846097,319.69476318359375,5777400,0.0,0.0
2022-05-10 00:00:00-04:00,323.9054676410605,325.24081389112433,314.87965494950373,317.10198974609375,5003500,0.0,0.0
2022-05-11 00:00:00-04:00,317.24829692546945,322.6286799122092,310.49354092959476,317.62841796875,4263900,0.0,0.0
2022-05-12 00:00:00-04:00,313.63204247651413,317.3456806557463,304.8596632035401,313.1154479980469,3891500,0.0,0.0
2022-05-13 00:00:00-04:00,319.38288588723094,326.7516829654433,317.84282913126924,324.38311767578125,3536000,0.0,0.0
2022-05-16 00:00:00-04:00,320.23093242748104,325.11420473623247,316.80969400646245,321.3908386230469,2062300,0.0,0.0
2022-05-17 00:00:00-04:00,331.5082727578553,332.551218555296,324.1199914243859,330.2898864746094,2802300,0.0,0.0
2022-05-18 00:00:00-04:00,325.1824192576769,332.9606079640388,325.1239390960001,327.4047546386719,4521400,0.0,0.0
2022-05-19 00:00:00-04:00,321.6539853033914,327.70692015256077,316.2248487761064,323.8178405761719,4380700,0.0,0.0
2022-05-20 00:00:00-04:00,327.20986251848745,331.02094899019136,319.40243297164096,327.6777038574219,3428700,0.0,0.0
2022-05-23 00:00:00-04:00,330.455570294596,342.41523826386293,330.38733352990613,339.6178283691406,3420800,0.0,0.0
2022-05-24 00:00:00-04:00,335.1926274583229,335.29983114962477,327.4826771900142,332.07354736328125,2561500,0.0,0.0
2022-05-25 00:00:00-04:00,331.966283315831,338.94520133200706,330.6309371265532,336.04058837890625,3033400,0.0,0.0
2022-05-26 00:00:00-04:00,339.1986795515751,344.31590101032725,337.25901846013676,341.0408935546875,2817400,0.0,0.0
2022-05-27 00:00:00-04:00,344.45242724192116,348.7411408859709,343.2047711679713,348.73138427734375,2658700,0.0,0.0
2022-05-31 00:00:00-04:00,344.15995403404,351.8406647491109,342.25928957010774,348.8190612792969,3873800,0.0,0.0
2022-06-01 00:00:00-04:00,349.1407540021163,355.2229282655173,345.8754731058747,348.0295715332031,2190000,0.0,0.0
2022-06-02 00:00:00-04:00,351.3727854681648,355.81745546537996,348.7118493324493,353.89727783203125,2484200,0.0,0.0
2022-06-03 00:00:00-04:00,350.3884062712708,351.82122970845097,346.7722144205371,348.7703857421875,2076600,0.0,0.0
2022-06-06 00:00:00-04:00,352.84462152069625,358.99503229516733,349.4623804505434,351.03167724609375,2196100,0.0,0.0
2022-06-07 00:00:00-04:00,347.9028248599943,355.26189457081546,347.3179935971984,354.8135070800781,2158800,0.0,0.0
2022-06-08 00:00:00-04:00,355.768776337973,357.8351546083409,351.8504569618466,353.1662902832031,1709600,0.0,0.0
2022-06-09 00:00:00-04:00,350.661340917506,353.04936026686795,340.11498175012775,340.1734619140625,2250600,0.0,0.0
2022-06-10 00:00:00-04:00,332.6974162487445,335.602059832804,326.13764359049435,326.2838439941406,3300500,0.0,0.0
2022-06-13 00:00:00-04:00,313.8562942148887,322.5311982611176,309.8794946309825,311.6534423828125,4825100,0.0,0.0
2022-06-14 00:00:00-04:00,312.00435267179455,315.8057117717474,311.575478337876,313.9927673339844,2788400,0.0,0.0
2022-06-15 00:00:00-04:00,319.12948501547214,322.26804926158076,311.3512962979616,317.16058349609375,2357800,0.0,0.0
2022-06-16 00:00:00-04:00,308.095668738847,308.446579337868,297.3641164567071,300.9705505371094,4528500,0.0,0.0
2022-06-17 00:00:00-04:00,299.23565789745095,306.19509431674294,295.97037685397873,302.83233642578125,6235300,0.0,0.0
2022-06-21 00:00:00-04:00,308.0568173521883,312.13112423761726,306.9164242954568,309.3726806640625,3193700,0.0,0.0
2022-06-22 00:00:00-04:00,305.5419624136337,310.9710974564536,303.4853114203311,308.1541748046875,2671500,0.0,0.0
2022-06-23 00:00:00-04:00,310.8346714543537,311.8873737551121,305.61024587379416,308.7488098144531,2387600,0.0,0.0
2022-06-24 00:00:00-04:00,311.1465220640381,322.4433926782837,311.1465220640381,322.1412353515625,4318900,0.0,0.0
2022-06-27 00:00:00-04:00,323.5741195567949,323.5741195567949,318.84677537202083,320.5135192871094,2810800,0.0,0.0
2022-06-28 00:00:00-04:00,324.28567149418626,328.623108366305,310.074398699178,310.2401123046875,3394200,0.0,0.0
2022-06-29 00:00:00-04:00,311.0393981997599,317.86236171498683,310.35711969569337,314.431396484375,3779500,0.0,0.0
2022-06-30 00:00:00-04:00,307.32575046797507,310.2401507441723,301.85764699498867,307.501220703125,3411500,0.0,0.0
2022-07-01 00:00:00-04:00,306.15612615066937,310.87371450023363,303.4366795048802,310.19140625,2287700,0.0,0.0
2022-07-05 00:00:00-04:00,305.16182377063274,312.2089792359992,301.63338260741347,311.185546875,2112100,0.0,0.0
2022-07-06 00:00:00-04:00,310.9321482660303,314.2071559886125,307.7351041696142,312.07257080078125,2219200,0.0,0.0
2022-07-07 00:00:00-04:00,314.6790230167359,317.12927213295285,311.91635201909145,316.35809326171875,2202100,0.49,0.0
2022-07-08 00:00:00-04:00,315.09885668802303,317.24651556948066,311.75048697901275,315.3721923828125,1662100,0.0,0.0
2022-07-11 00:00:00-04:00,311.7797162376446,318.45694112552246,311.55517882468024,316.4752502441406,2073800,0.0,0.0
2022-07-12 00:00:00-04:00,312.589978210685,319.56982423657684,312.589978210685,315.1769104003906,2761500,0.0,0.0
2022-07-13 00:00:00-04:00,308.43133443554393,317.19761787333914,306.3422458195363,315.67474365234375,2442600,0.0,0.0
2022-07-14 00:00:00-04:00,308.6363121038001,319.7845325265387,307.88464659650174,317.29522705078125,2743900,0.0,0.0
2022-07-15 00:00:00-04:00,325.69056488441703,327.58440081575264,321.9126645835749,324.6557922363281,3387400,0.0,0.0
2022-07-18 00:00:00-04:00,327.5160451687064,329.4782223644977,321.9419354241034,323.1329040527344,2468500,0.0,0.0
2022-07-19 00:00:00-04:00,323.8845871016749,333.87115318927243,323.8845871016749,332.2799377441406,2689800,0.0,0.0
2022-07-20 00:00:00-04:00,332.2799376130972,335.1402048718941,328.28727145028904,333.14874267578125,2563600,0.0,0.0
2022-07-21 00:00:00-04:00,333.734494434862,338.9669576863892,331.967569496221,338.6643371582031,2230800,0.0,0.0
2022-07-22 00:00:00-04:00,340.57770069482507,342.73510094073066,332.299488693078,335.6966857910156,2253000,0.0,0.0
2022-07-25 00:00:00-04:00,336.2531077870956,337.31716539517595,332.016360896944,336.018798828125,2180100,0.0,0.0
2022-07-26 00:00:00-04:00,334.4959014420556,336.42879381483954,331.22561592799724,333.15850830078125,2254200,0.0,0.0
2022-07-27 00:00:00-04:00,334.84737327028955,340.616736104999,323.3574458303527,335.1011657714844,4580300,0.0,0.0
2022-07-28 00:00:00-04:00,339.7186591973284,344.853496740268,332.5142759684238,344.0627746582031,3635500,0.0,0.0
2022-07-29 00:00:00-04:00,345.70272449011054,348.30916945002997,341.6319454449823,345.3708190917969,3176800,0.0,0.0
2022-08-01 00:00:00-04:00,339.5331667261548,346.3958726988707,337.4343362116804,342.1982116699219,2289400,0.0,0.0
2022-08-02 00:00:00-04:00,338.8204652223254,342.7936178914522,335.7942602815617,340.7045593261719,2878800,0.0,0.0
2022-08-03 00:00:00-04:00,341.6709754766664,347.99678026180425,340.2457277491117,345.70269775390625,2921200,0.0,0.0
2022-08-04 00:00:00-04:00,346.22990997648884,350.07612215358586,341.32935214926493,347.5965881347656,2339500,0.0,0.0
2022-08-05 00:00:00-04:00,342.0615608275149,349.3147427221628,342.0615608275149,349.00238037109375,1848700,0.0,0.0
2022-08-08 00:00:00-04:00,350.4567949142685,350.4567949142685,341.563601967125,343.7795715332031,2477600,0.0,0.0
2022-08-09 00:00:00-04:00,342.06149441912703,342.7643617074469,337.13168162988495,338.2933654785156,2467400,0.0,0.0
2022-08-10 00:00:00-04:00,345.90775808532953,346.1127523682044,342.69604196065507,344.9706115722656,2443700,0.0,0.0
2022-08-11 00:00:00-04:00,347.3818216880808,347.3818216880808,342.01270552533254,342.2372131347656,2609400,0.0,0.0
2022-08-12 00:00:00-04:00,346.29823309284916,346.99135865341964,341.92486284047476,345.83941650390625,2514200,0.0,0.0
2022-08-15 00:00:00-04:00,343.94558555264393,353.3366833191755,342.4715392993163,351.38427734375,2526300,0.0,0.0
2022-08-16 00:00:00-04:00,345.83936588063307,351.4330188217641,344.6972252526162,350.70086669921875,2448700,0.0,0.0
2022-08-17 00:00:00-04:00,345.08770740088875,348.46536091958626,343.3793524137556,346.8741455078125,2439900,0.0,0.0
2022-08-18 00:00:00-04:00,345.8882300150169,350.96446738659057,345.1560778160194,348.8558654785156,1934900,0.0,0.0
2022-08-19 00:00:00-04:00,348.14323431422616,348.2798872245332,345.1462843532348,345.8491516113281,1740700,0.0,0.0
2022-08-22 00:00:00-04:00,341.67098287249445,342.64718568070157,336.0871016178959,337.287841796875,2312400,0.0,0.0
2022-08-23 00:00:00-04:00,334.53495471486883,336.9949751548139,331.2939541255667,332.7778015136719,2240700,0.0,0.0
2022-08-24 00:00:00-04:00,332.0847015729869,334.14450522195006,330.29826334082253,331.6258850097656,2218400,0.0,0.0
2022-08-25 00:00:00-04:00,331.90901446563424,336.9169405387466,329.2927976191823,336.4678955078125,2228500,0.0,0.0
2022-08-26 00:00:00-04:00,336.8388266991001,337.41481267431567,323.80654073499534,324.0603332519531,1925000,0.0,0.0
2022-08-29 00:00:00-04:00,322.13717499854994,324.8900742372627,319.9700034391256,321.5124206542969,2308200,0.0,0.0
2022-08-30 00:00:00-04:00,323.1232149204249,325.046336152542,317.82243942074876,320.0091247558594,2618900,0.0,0.0
2022-08-31 00:00:00-04:00,320.4776685388728,323.298879517779,316.56308525258385,316.65093994140625,3129000,0.0,0.0
2022-09-01 00:00:00-04:00,316.10427513308565,317.8614285280849,311.6137356008822,317.510009765625,2493200,0.0,0.0
2022-09-02 00:00:00-04:00,321.57093612747985,321.8247583636135,312.90225135398504,314.8839416503906,1936800,0.0,0.0
2022-09-06 00:00:00-04:00,314.82544086781115,319.2085824337934,312.9316048247093,316.3678283691406,2043400,0.0,0.0
2022-09-07 00:00:00-04:00,316.3678049118702,321.36598850319825,314.386114328096,320.7997741699219,1998300,0.0,0.0
2022-09-08 00:00:00-04:00,316.8071290530433,322.4300673454325,315.7821279145279,322.2153015136719,2114000,0.0,0.0
2022-09-09 00:00:00-04:00,322.6740923967174,328.9998676809466,322.2933589924315,327.85772705078125,1815700,0.0,0.0
2022-09-12 00:00:00-04:00,330.044474504766,331.4014109985006,327.9456439760908,330.36663818359375,2097800,0.0,0.0
2022-09-13 00:00:00-04:00,322.1470096918441,324.8803663423852,316.8559760002251,317.6955261230469,2316900,0.0,0.0
2022-09-14 00:00:00-04:00,319.2574175233368,320.6631521388541,315.65522629499253,318.0957336425781,2657900,0.0,0.0
2022-09-15 00:00:00-04:00,315.8894657671284,318.18354834381563,307.6698547366308,309.417236328125,2486800,0.0,0.0
2022-09-16 00:00:00-04:00,305.4050874065885,308.11893031410773,301.7540682524614,307.6308288574219,3650900,0.0,0.0
2022-09-19 00:00:00-04:00,304.526517837016,307.9432281134118,302.86696092908403,306.5570068359375,2369700,0.0,0.0
2022-09-20 00:00:00-04:00,303.75525940115756,306.888861971016,302.0761894345293,305.8150329589844,2769600,0.0,0.0
2022-09-21 00:00:00-04:00,306.9962998835985,307.48440133545347,296.98044855830267,297.2537841796875,2366300,0.0,0.0
2022-09-22 00:00:00-04:00,295.7406852957917,295.86756665012894,289.53201925901215,291.2598876953125,3176500,0.0,0.0
2022-09-23 00:00:00-04:00,286.1543240384177,287.5600584169199,283.33308372043876,286.5935974121094,3245900,0.0,0.0
2022-09-26 00:00:00-04:00,283.14766799632594,288.3117902035794,282.23980635701054,283.20623779296875,3635600,0.0,0.0
2022-09-27 00:00:00-04:00,288.43871452126683,290.8108807675955,278.0226149365192,279.66265869140625,4073300,0.0,0.0
2022-09-28 00:00:00-04:00,278.3252105130533,286.00795280227305,274.98661308635656,283.2745666503906,5611400,0.0,0.0
2022-09-29 00:00:00-04:00,281.48809588685094,285.1195716563939,278.0713859345359,279.9456787109375,3439700,0.0,0.0
2022-09-30 00:00:00-04:00,280.0335065329584,283.84072109059565,277.573486328125,277.573486328125,3804200,0.0,0.0
2022-10-03 00:00:00-04:00,280.9999345968519,285.78332155270255,278.1396680246577,283.5673522949219,5285200,0.0,0.0
2022-10-04 00:00:00-04:00,289.14151917699166,296.73637601786714,288.9365249238602,294.1006164550781,3949200,0.0,0.0
2022-10-05 00:00:00-04:00,290.8888944135896,299.30375701188734,290.1762557100072,296.96087646484375,2845200,0.0,0.0
2022-10-06 00:00:00-04:00,295.8560067577205,298.2711192247487,292.2186719863138,292.5804748535156,2494400,0.49,0.0
2022-10-07 00:00:00-04:00,290.0676082441658,290.58582936054546,286.4791500628621,288.4151611328125,2210800,0.0,0.0
2022-10-10 00:00:00-04:00,290.4391415587525,290.64446655266937,283.1058076676002,285.2960205078125,1783500,0.0,0.0
2022-10-11 00:00:00-04:00,283.3893586832752,283.9369417654398,278.0996064459228,279.693359375,3554900,0.0,0.0
2022-10-12 00:00:00-04:00,280.1724843430931,281.10135543291443,276.9164672664404,277.08270263671875,2646800,0.0,0.0
2022-10-13 00:00:00-04:00,271.11825365270863,288.8649164869757,270.7173611348506,287.4275817871094,3322800,0.0,0.0
2022-10-14 00:00:00-04:00,289.2853704412733,291.9840471363377,281.4436020115273,282.27471923828125,3106300,0.0,0.0
2022-10-17 00:00:00-04:00,288.8552030093081,292.09164594915586,284.8658518780363,288.483642578125,3417600,0.0,0.0
2022-10-18 00:00:00-04:00,296.4329341881974,296.95115527308246,289.9600195317404,293.7049255371094,3096000,0.0,0.0
2022-10-19 00:00:00-04:00,288.89422059648706,292.9813544807524,288.2391261801861,291.14312744140625,1914300,0.0,0.0
2022-10-20 00:00:00-04:00,291.13334900859587,296.002693346293,289.04089012857213,289.6960144042969,2463800,0.0,0.0
2022-10-21 00:00:00-04:00,287.965405633215,295.9831672545177,286.9778403138455,295.6507263183594,3599600,0.0,0.0
2022-10-24 00:00:00-04:00,297.75291261105787,300.177812522812,293.8222562316124,298.8089294433594,3184100,0.0,0.0
2022-10-25 00:00:00-04:00,299.1119989173931,305.16444565462905,299.06309212562087,304.4897766113281,3012400,0.0,0.0
2022-10-26 00:00:00-04:00,305.3502630566012,317.2400456797946,305.3502630566012,312.4098205566406,5278000,0.0,0.0
2022-10-27 00:00:00-04:00,309.15383507019817,315.90049717555945,307.0809505234499,312.27294921875,4725800,0.0,0.0
2022-10-28 00:00:00-04:00,312.21427110099387,324.42670800212267,310.75739152149487,322.14849853515625,3644400,0.0,0.0
2022-10-31 00:00:00-04:00,321.5716330486602,322.11918634088426,316.58495928644703,320.8871765136719,3157900,0.0,0.0
2022-11-01 00:00:00-04:00,324.83735143176176,326.22580907780315,319.8213463964184,325.7857971191406,3660400,0.0,0.0
2022-11-02 00:00:00-04:00,324.05515024278805,325.60002612629825,312.5271409627405,312.7129211425781,3074900,0.0,0.0
2022-11-03 00:00:00-04:00,308.11735136928,309.7306788541677,301.742250528401,302.2995910644531,2860900,0.0,0.0
2022-11-04 00:00:00-04:00,306.8658330267146,315.9493986787276,306.27916027969417,311.295166015625,3414000,0.0,0.0
2022-11-07 00:00:00-05:00,315.2845303638294,318.56006281648274,310.64984231880356,317.90496826171875,2742100,0.0,0.0
2022-11-08 00:00:00-05:00,318.98051359505604,322.0800530080979,315.0987339129104,318.51116943359375,2387500,0.0,0.0
2022-11-09 00:00:00-05:00,315.1182535730787,316.4969239628593,308.1466925232164,308.6258239746094,3001200,0.0,0.0
2022-11-10 00:00:00-05:00,323.8204525992126,329.90223185822595,321.84535213686974,329.7751159667969,3255000,0.0,0.0
2022-11-11 00:00:00-05:00,331.4666802184414,335.0160184711924,328.88533245665485,331.750244140625,3734700,0.0,0.0
2022-11-14 00:00:00-05:00,329.2569002005753,336.8542531124664,328.5528989623964,331.8284606933594,2348900,0.0,0.0
2022-11-15 00:00:00-05:00,338.888007367255,343.4151233989229,331.9457789528779,335.87646484375,2983600,0.0,0.0
2022-11-16 00:00:00-05:00,335.5342936989325,337.4605175045061,332.54229548064893,335.1431884765625,2579600,0.0,0.0
2022-11-17 00:00:00-05:00,331.4666734032417,334.32179770171933,329.51111780794236,333.68621826171875,2004500,0.0,0.0
2022-11-18 00:00:00-05:00,337.9787445914568,340.8827464238168,333.74494917231567,336.0525207519531,2737700,0.0,0.0
2022-11-21 00:00:00-05:00,335.37784379619364,336.60006625900775,330.1173935419352,330.7333984375,1965100,0.0,0.0
2022-11-22 00:00:00-05:00,332.27821510563035,337.6462354935661,330.05867025209847,337.2942199707031,2510700,0.0,0.0
2022-11-23 00:00:00-05:00,336.97167831466476,343.00455260579076,336.5023340748112,340.892578125,1937300,0.0,0.0
2022-11-25 00:00:00-05:00,341.205342493726,343.59112278112815,340.3448932308057,343.48358154296875,944400,0.0,0.0
2022-11-28 00:00:00-05:00,338.97601671839794,342.4471459776857,335.60270105107037,336.9324645996094,2226200,0.0,0.0
2022-11-29 00:00:00-05:00,336.01337762596415,337.0596071661386,333.1778276141521,335.50494384765625,1724200,0.0,0.0
2022-11-30 00:00:00-05:00,335.23119210327803,348.4800720214844,333.89164102223833,348.4800720214844,4252300,0.0,0.0
2022-12-01 00:00:00-05:00,350.0346732673355,353.5448920707768,346.18222625800087,352.7822265625,3374700,0.0,0.0
2022-12-02 00:00:00-05:00,349.50676006598655,354.23920203274645,348.14763431517173,352.0587463378906,2015500,0.0,0.0
2022-12-05 00:00:00-05:00,348.0890055043739,350.92455604200313,346.5734613768503,348.177001953125,2202500,0.0,0.0
2022-12-06 00:00:00-05:00,345.95742196702975,347.1111928550598,336.69786303729137,339.80718994140625,2353300,0.0,0.0
2022-12-07 00:00:00-05:00,339.17160705074775,340.12005281941697,333.88182496357337,339.6996154785156,2454300,0.0,0.0
2022-12-08 00:00:00-05:00,342.2222283054024,344.3440192502364,339.50400722843875,343.3662414550781,1998600,0.0,0.0
2022-12-09 00:00:00-05:00,340.65777926055273,344.93066346858996,339.64088199438817,341.0782165527344,2301100,0.0,0.0
2022-12-12 00:00:00-05:00,342.52540390764545,350.4747437085762,341.3423008995558,350.21075439453125,2427100,0.0,0.0
2022-12-13 00:00:00-05:00,361.0346788529397,361.05425350689586,347.8346780582778,349.2133483886719,3072200,0.0,0.0
2022-12-14 00:00:00-05:00,349.06669240030294,354.0533654024754,345.9084592030643,349.56536865234375,2587200,0.0,0.0
2022-12-15 00:00:00-05:00,343.6106970033679,345.93778316591084,334.947569941931,338.5555725097656,2774900,0.0,0.0
2022-12-16 00:00:00-05:00,337.1084641254156,340.5013545140804,335.7493684081427,338.1546936035156,5947100,0.0,0.0
2022-12-19 00:00:00-05:00,337.68534852200776,338.1644799657906,331.9947040359657,333.6764831542969,2457300,0.0,0.0
2022-12-20 00:00:00-05:00,333.78401277683815,336.71734626441304,333.05067940494445,335.32891845703125,1895900,0.0,0.0
2022-12-21 00:00:00-05:00,336.00368448342374,339.8756774490578,334.7618871848685,338.00811767578125,2087000,0.0,0.0
2022-12-22 00:00:00-05:00,336.54134392213024,337.9200142031248,328.9537786330516,333.9306640625,2276100,0.0,0.0
2022-12-23 00:00:00-05:00,331.48623824518495,336.88359111153824,330.1858068250802,335.9644775390625,1914500,0.0,0.0
2022-12-27 00:00:00-05:00,336.4533399753479,339.20089314925576,334.2142205047157,338.4675598144531,1637700,0.0,0.0
2022-12-28 00:00:00-05:00,338.8488893243675,341.7431331366325,334.18489989627454,334.35113525390625,1854100,0.0,0.0
2022-12-29 00:00:00-05:00,336.7271997240642,341.9485307766801,335.9058697669645,340.4720764160156,1459800,0.0,0.0
2022-12-30 00:00:00-05:00,337.65602525945866,340.1689215955021,335.9840334244012,340.0027160644531,1617600,0.0,0.0
2023-01-03 00:00:00-05:00,342.1831657160739,346.7787340529551,336.29695315300546,339.0933837890625,2933600,0.0,0.0
2023-01-04 00:00:00-05:00,343.5814181100553,349.0471934278999,341.9191836112162,347.2578430175781,2661000,0.0,0.0
2023-01-05 00:00:00-05:00,348.2062510890954,349.61425361227924,343.4640224408313,343.9529113769531,2608500,0.0,0.0
2023-01-06 00:00:00-05:00,349.9368933023061,361.1114511410683,347.9879665857932,360.0831298828125,4432800,0.57,0.0
2023-01-09 00:00:00-05:00,363.9613868695852,367.2618418395279,361.9340943295482,363.31500244140625,3913500,0.0,0.0
2023-01-10 00:00:00-05:00,361.1995722416033,364.01034476817756,359.6325823985962,363.35418701171875,3485900,0.0,0.0
2023-01-11 00:00:00-05:00,364.9309125915952,370.1215640439193,363.59899078932904,370.0627746582031,3370200,0.0,0.0
2023-01-12 00:00:00-05:00,370.0627609062264,373.2653028605584,369.14218551112987,371.9725341796875,3291200,0.0,0.0
2023-01-13 00:00:00-05:00,367.32058817191177,370.0726010837207,366.58606451457104,367.7710876464844,4261000,0.0,0.0
2023-01-17 00:00:00-05:00,367.26177978515625,370.5230512389988,366.2628385037631,367.26177978515625,2814500,0.0,0.0
2023-01-18 00:00:00-05:00,366.7818962554854,368.05505845510845,360.8959046374524,361.3072509765625,2747100,0.0,0.0
2023-01-19 00:00:00-05:00,357.07639842396577,363.1484420194228,356.0970336613591,360.34747314453125,3111200,0.0,0.0
2023-01-20 00:00:00-05:00,362.5902658800246,368.8483918455693,361.77737630230064,368.5154113769531,3863400,0.0,0.0
2023-01-23 00:00:00-05:00,368.9658634601326,373.5101302106927,368.5937000759939,370.75811767578125,2743900,0.0,0.0
2023-01-24 00:00:00-05:00,381.952333922896,381.952333922896,367.4773210276909,372.1684875488281,2756200,0.0,0.0
2023-01-25 00:00:00-05:00,367.3597806284193,374.6658344269657,367.3597806284193,374.4993591308594,3501900,0.0,0.0
2023-01-26 00:00:00-05:00,375.4982913702875,376.18382885201623,365.3030994062161,369.4555969238281,3718400,0.0,0.0
2023-01-27 00:00:00-05:00,368.4273216343668,372.6679589324861,365.67530837619137,366.3118896484375,3405600,0.0,0.0
2023-01-30 00:00:00-05:00,361.8360735219951,366.0277532404959,361.7773140310501,363.4618225097656,2688600,0.0,0.0
2023-01-31 00:00:00-05:00,362.3551781226985,364.793816834334,359.44646342836097,362.9526062011719,3137400,0.0,0.0
2023-02-01 00:00:00-05:00,360.96452904081934,369.00510651625274,359.4269189718624,366.3608093261719,2951900,0.0,0.0
2023-02-02 00:00:00-05:00,371.68854188478537,372.61895045936893,365.1072088127686,367.20306396484375,2761600,0.0,0.0
2023-02-03 00:00:00-05:00,363.14846527151536,370.4153654260004,362.8448645666952,366.1943054199219,2739600,0.0,0.0
2023-02-06 00:00:00-05:00,362.36502760999264,366.60566464731676,361.43461896234203,365.27374267578125,2068300,0.0,0.0
2023-02-07 00:00:00-05:00,363.8437631253462,369.2890280751728,361.22884641353284,367.32049560546875,2309100,0.0,0.0
2023-02-08 00:00:00-05:00,365.4695796115237,368.0355106338677,362.50210543019455,362.707763671875,2193600,0.0,0.0
2023-02-09 00:00:00-05:00,365.5968515444922,366.8406639131187,361.63043623690805,362.77630615234375,2287600,0.0,0.0
2023-02-10 00:00:00-05:00,362.01248006058177,362.6098783431508,355.4311462993259,359.26043701171875,2270700,0.0,0.0
2023-02-13 00:00:00-05:00,360.95467865076915,363.48145650443456,359.4954347018755,363.1778259277344,2286400,0.0,0.0
2023-02-14 00:00:00-05:00,361.95358127257646,365.7045646925974,360.1417805449254,362.32574462890625,1841400,0.0,0.0
2023-02-15 00:00:00-05:00,358.7216788893981,362.1690316601331,357.4778965571011,362.0123596191406,2203300,0.0,0.0
2023-02-16 00:00:00-05:00,357.37020443140466,365.3814012077483,357.37020443140466,359.96551513671875,2792700,0.0,0.0
2023-02-17 00:00:00-05:00,356.54750991048144,359.1330470618849,352.37540672882534,353.677978515625,2718900,0.0,0.0
2023-02-21 00:00:00-05:00,349.39825600187646,354.30485417419726,347.8606458270349,348.61474609375,2730900,0.0,0.0
2023-02-22 00:00:00-05:00,348.0269866976284,350.35787920616843,345.92135880462996,347.6450500488281,2109300,0.0,0.0
2023-02-23 00:00:00-05:00,350.3579301727515,350.3579301727515,344.4034057441532,348.19354248046875,1975500,0.0,0.0
2023-02-24 00:00:00-05:00,343.5807857757936,346.69515884316667,342.3761562439182,345.83331298828125,2016100,0.0,0.0
2023-02-27 00:00:00-05:00,348.3012942317851,350.64196044392276,347.4982079632524,348.14459228515625,2200800,0.0,0.0
2023-02-28 00:00:00-05:00,347.4884207497982,350.41671192465077,345.9508108475623,347.9585266113281,2732900,0.0,0.0
2023-03-01 00:00:00-05:00,346.69512671830796,347.9780921690914,342.1802694990156,346.2054443359375,1968100,0.0,0.0
2023-03-02 00:00:00-05:00,346.3327570681048,349.26104807050706,344.4327870854283,348.23272705078125,2526000,0.0,0.0
2023-03-03 00:00:00-05:00,350.7300867217169,354.22642592503524,349.72134226144783,354.04034423828125,2174900,0.0,0.0
2023-03-06 00:00:00-05:00,354.35376727013124,360.9252964899809,353.805325391482,359.3583068847656,2789400,0.0,0.0
2023-03-07 00:00:00-05:00,359.59342273158063,361.5325461013043,352.13063710339895,352.5126037597656,1660800,0.0,0.0
2023-03-08 00:00:00-05:00,351.2099305661377,354.23619353060246,349.9073887776223,351.62127685546875,1634400,0.0,0.0
2023-03-09 00:00:00-05:00,351.83677956207396,356.5083385686621,346.6069754858131,347.12603759765625,2414700,0.0,0.0
2023-03-10 00:00:00-05:00,345.137947435285,345.7647253559474,338.10611545274145,339.9472961425781,3176400,0.0,0.0
2023-03-13 00:00:00-04:00,336.5391922846064,342.64061697136214,333.1897509080748,337.5968933105469,3308200,0.0,0.0
2023-03-14 00:00:00-04:00,343.7570083086488,348.7615475592304,341.36735605929374,345.5394592285156,3413300,0.0,0.0
2023-03-15 00:00:00-04:00,338.90913819410775,341.21065118757116,336.5488955982529,340.8972473144531,3082600,0.0,0.0
2023-03-16 00:00:00-04:00,339.467411047308,341.49470328982255,333.25824200573123,340.8189392089844,3768100,0.0,0.0
2023-03-17 00:00:00-04:00,343.02249322920153,344.6776219972661,339.70243248176246,342.4446716308594,8426800,0.0,0.0
2023-03-20 00:00:00-04:00,340.81892572046803,346.538412151765,340.17254141273327,342.1116943359375,3864200,0.0,0.0
2023-03-21 00:00:00-04:00,347.0575330346259,348.8497875295426,343.59057293797383,347.25341796875,3766800,0.0,0.0
2023-03-22 00:00:00-04:00,347.2925509586969,352.57134178322707,343.78643798828125,343.78643798828125,2596400,0.0,0.0
2023-03-23 00:00:00-04:00,345.1380091990134,352.43426021954997,344.579763998635,347.05755615234375,2598100,0.0,0.0
2023-03-24 00:00:00-04:00,343.21838023372675,345.147729939752,339.1637959213108,344.3740234375,2971500,0.0,0.0
2023-03-27 00:00:00-04:00,348.23277675305843,350.50491044251066,346.96938769217036,347.3023681640625,2420300,0.0,0.0
2023-03-28 00:00:00-04:00,348.2229706135799,348.5559510826736,345.5199140096096,347.0183410644531,1695900,0.0,0.0
2023-03-29 00:00:00-04:00,350.0054249562174,352.60073590590116,348.47761813723963,352.1110534667969,2327000,0.0,0.0
2023-03-30 00:00:00-04:00,353.5017476073057,355.10789038802545,350.8476473967793,351.84661865234375,2480500,0.0,0.0
2023-03-31 00:00:00-04:00,353.67799925797067,356.14598768445643,352.9434756906765,355.91094970703125,3376600,0.0,0.0
2023-04-03 00:00:00-04:00,355.12744286431484,359.09388809274316,354.28520351311477,358.9078063964844,2978000,0.0,0.0
2023-04-04 00:00:00-04:00,359.23099051671187,361.5031239867804,355.88157969541413,356.3908386230469,2198700,0.0,0.0
2023-04-05 00:00:00-04:00,356.5380555258314,358.1565368664852,354.7037447427059,356.8421325683594,2239600,0.57,0.0
2023-04-06 00:00:00-04:00,354.3113318285257,355.12549662878024,349.1714188620241,354.5663757324219,2357600,0.0,0.0
2023-04-10 00:00:00-04:00,352.8399695101072,354.03667019605115,350.75064512168024,353.26177978515625,1559100,0.0,0.0
2023-04-11 00:00:00-04:00,356.47913613936004,358.2153205300289,354.26228979312344,357.1755676269531,3033800,0.0,0.0
2023-04-12 00:00:00-04:00,359.0882853999238,361.56017549455544,354.13474648935096,354.87042236328125,2268800,0.0,0.0
2023-04-13 00:00:00-04:00,356.8714776494858,362.68821451401675,356.4496973226888,362.5901184082031,2611700,0.0,0.0
2023-04-14 00:00:00-04:00,362.9334339359933,366.25870328045477,362.0604175235318,365.3170166015625,2254600,0.0,0.0
2023-04-17 00:00:00-04:00,366.229263852475,366.955151108358,361.3542135434283,365.6407470703125,2432700,0.0,0.0
2023-04-18 00:00:00-04:00,366.80807198889977,366.80807198889977,362.8942552448336,365.2091979980469,2087800,0.0,0.0
2023-04-19 00:00:00-04:00,365.8663357844329,367.0041847896724,364.07129972647107,365.6799621582031,1795300,0.0,0.0
2023-04-20 00:00:00-04:00,364.35579458701113,368.0243558168163,362.6293987448762,367.8379821777344,2124800,0.0,0.0
2023-04-21 00:00:00-04:00,368.54420761997164,370.2215403246484,366.13119900020666,368.0733642578125,3537800,0.0,0.0
2023-04-24 00:00:00-04:00,367.9851124125068,370.4275769766133,366.48433463841485,367.5731506347656,1886300,0.0,0.0
2023-04-25 00:00:00-04:00,366.366627177844,367.4259873863536,361.2855657442914,361.4915466308594,2245000,0.0,0.0
2023-04-26 00:00:00-04:00,362.5803101185746,365.11102187705,359.0980931264859,359.75531005859375,2594200,0.0,0.0
2023-04-27 00:00:00-04:00,359.57874003048437,367.8183338590429,354.1053246381066,366.5333557128906,3859900,0.0,0.0
2023-04-28 00:00:00-04:00,365.415152033328,374.6356180630481,364.4146435058951,372.77191162109375,3107300,0.0,0.0
2023-05-01 00:00:00-04:00,373.22310563137614,375.1554822840064,371.722327921903,372.6051330566406,1745100,0.0,0.0
2023-05-02 00:00:00-04:00,370.5550557209453,371.60462724642014,363.85551333149516,368.8482971191406,2478700,0.0,0.0
2023-05-03 00:00:00-04:00,369.47608251366694,372.30105293412413,367.1807472740295,367.7398681640625,1970900,0.0,0.0
2023-05-04 00:00:00-04:00,367.3474988032163,369.65262260641725,365.032586343647,368.9365539550781,2814900,0.0,0.0
2023-05-05 00:00:00-04:00,373.30156386879577,377.7940780370715,371.01604738893644,377.3134460449219,2683100,0.0,0.0
2023-05-08 00:00:00-04:00,376.6758650528823,380.05995610322884,376.44042841822846,378.147216796875,1719600,0.0,0.0
2023-05-09 00:00:00-04:00,376.5484229742533,378.79469549488414,375.3909665411623,375.6263732910156,2036400,0.0,0.0
2023-05-10 00:00:00-04:00,378.6180696746853,379.37338280691614,370.4373567172619,375.2339782714844,1940800,0.0,0.0
2023-05-11 00:00:00-04:00,374.9102323607974,378.3532050884578,372.0165918349637,376.0677185058594,1901200,0.0,0.0
2023-05-12 00:00:00-04:00,377.1467174730737,377.6665939456828,371.56538688529423,374.6258239746094,2044000,0.0,0.0
2023-05-15 00:00:00-04:00,374.57674504422863,376.3325666142172,373.2623409982543,376.08734130859375,1957400,0.0,0.0
2023-05-16 00:00:00-04:00,375.2929093496598,376.27381082211855,370.11375077246714,372.97796630859375,2762700,0.0,0.0
2023-05-17 00:00:00-04:00,374.9004508592477,380.1188224962689,371.88907698894195,379.6087646484375,3260300,0.0,0.0
2023-05-18 00:00:00-04:00,379.7166692107746,384.53289794921875,378.4415095573432,384.53289794921875,3729500,0.0,0.0
2023-05-19 00:00:00-04:00,384.51333482872656,384.70952707549196,377.7843658378962,378.2061462402344,3369100,0.0,0.0
2023-05-22 00:00:00-04:00,377.63718033549003,379.97173020932667,376.84265268057686,377.18597412109375,1808800,0.0,0.0
2023-05-23 00:00:00-04:00,374.2334389582899,374.73370818136675,363.3650661391608,366.6118469238281,3979000,0.0,0.0
2023-05-24 00:00:00-04:00,362.31547643414103,362.5508831462632,358.59785245332154,361.46209716796875,2655700,0.0,0.0
2023-05-25 00:00:00-04:00,360.8833927735035,363.9045555383977,357.9406889395658,362.97271728515625,3752200,0.0,0.0
2023-05-26 00:00:00-04:00,363.9143082665898,368.504918232357,362.98244024727285,367.2199401855469,2691300,0.0,0.0
2023-05-30 00:00:00-04:00,369.09351275350366,369.43683417013716,359.2060415497848,360.481201171875,3430100,0.0,0.0
2023-05-31 00:00:00-04:00,358.0289462188492,358.71558904850326,351.01550846479574,358.0485534667969,10695300,0.0,0.0
2023-06-01 00:00:00-04:00,360.1477075196601,364.0026422582876,359.05889156314504,363.7966613769531,3389700,0.0,0.0
2023-06-02 00:00:00-04:00,367.43581539033187,368.64233476916996,365.04241381693856,366.5922546386719,2501500,0.0,0.0
2023-06-05 00:00:00-04:00,365.6309938787759,365.6800269744834,361.49158880702447,363.4435729980469,2316200,0.0,0.0
2023-06-06 00:00:00-04:00,365.8270894498759,373.1151776822101,364.7088477898204,372.70318603515625,2758700,0.0,0.0
2023-06-07 00:00:00-04:00,372.04608122669424,373.23296347784185,361.2267405392988,364.2969665527344,3714500,0.0,0.0
2023-06-08 00:00:00-04:00,362.3057036337604,362.707876774285,358.8627602949114,360.56951904296875,2594700,0.0,0.0
2023-06-09 00:00:00-04:00,363.3847040854434,365.00318531863064,360.7362884133369,362.16839599609375,2201800,0.0,0.0
2023-06-12 00:00:00-04:00,363.5906025034372,368.7893660534918,362.8745339660913,368.1419677734375,2407500,0.0,0.0
2023-06-13 00:00:00-04:00,368.14201324529546,369.97629363131904,362.7470568465307,364.2870788574219,2444100,0.0,0.0
2023-06-14 00:00:00-04:00,365.8074731237008,370.85910825864494,364.9148494498014,367.6025390625,2775400,0.0,0.0
2023-06-15 00:00:00-04:00,366.14096244147373,372.3206576634704,363.44348427191966,371.80078125,2558100,0.0,0.0
2023-06-16 00:00:00-04:00,374.3217412070291,375.5871123011902,368.9758469331591,369.3387756347656,5886900,0.0,0.0
2023-06-20 00:00:00-04:00,367.84780635445986,372.2618622076079,366.61186113646414,367.4652404785156,3961700,0.0,0.0
2023-06-21 00:00:00-04:00,366.81778947823256,371.1632043682117,366.52353110407046,368.9561767578125,2301300,0.0,0.0
2023-06-22 00:00:00-04:00,367.9458459532263,371.2515082429298,366.8080268691847,370.58447265625,1933300,0.0,0.0
2023-06-23 00:00:00-04:00,367.8183816997863,373.8411001394564,366.09198582586964,372.5561218261719,3739700,0.0,0.0
2023-06-26 00:00:00-04:00,370.83952270605397,372.73265492669304,368.1812887108456,370.2117614746094,3327800,0.0,0.0
2023-06-27 00:00:00-04:00,373.0760330538638,375.5282865418353,371.77144736954637,374.49835205078125,2197300,0.0,0.0
2023-06-28 00:00:00-04:00,373.9097048004442,374.1156856563848,371.43784472497634,372.9680480957031,2012400,0.0,0.0
2023-06-29 00:00:00-04:00,373.576207688867,380.59946349105337,373.2328863005938,380.2659606933594,2524600,0.0,0.0
2023-06-30 00:00:00-04:00,380.6878438044428,387.62282396834564,380.6878438044428,385.78851318359375,4407100,0.0,0.0
2023-07-03 00:00:00-04:00,383.86589553885284,386.77917347876553,381.2566945947954,386.43585205078125,1304600,0.0,0.0
2023-07-05 00:00:00-04:00,381.3842135242902,387.70121998408445,379.7363066047084,387.191162109375,2781800,0.0,0.0
2023-07-06 00:00:00-04:00,386.86704318855203,387.24032955684106,382.84935828938194,386.18927001953125,2156600,0.57,0.0
2023-07-07 00:00:00-04:00,383.75304838772723,385.51140918564494,381.53299609464744,381.80804443359375,2654400,0.0,0.0
2023-07-10 00:00:00-04:00,381.61157212307205,386.47403670573266,381.1498806597792,385.22650146484375,2148600,0.0,0.0
2023-07-11 00:00:00-04:00,386.66072550345257,391.4151498687232,385.4033573240258,390.7668151855469,2106200,0.0,0.0
2023-07-12 00:00:00-04:00,391.9455596844128,396.0418460173072,391.6606785780151,393.6056823730469,2273400,0.0,0.0
2023-07-13 00:00:00-04:00,395.87492082236554,396.11066800606613,393.37981987544475,393.4780578613281,2354900,0.0,0.0
2023-07-14 00:00:00-04:00,395.01040508571975,396.3561783195227,393.22257598214804,395.3935241699219,1978500,0.0,0.0
2023-07-17 00:00:00-04:00,394.84343983519653,396.8571833535797,394.0280976460611,395.0890197753906,2344500,0.0,0.0
2023-07-18 00:00:00-04:00,393.340474518059,394.83358969674833,388.22256720510705,391.12042236328125,2676200,0.0,0.0
2023-07-19 00:00:00-04:00,390.9633000577525,392.78059777473106,389.30317711403933,391.228515625,1809700,0.0,0.0
2023-07-20 00:00:00-04:00,390.11846892242795,392.6528406157555,388.55655418323926,391.0221862792969,2570700,0.0,0.0
2023-07-21 00:00:00-04:00,391.62147100683495,394.41125580638914,390.3935711842483,390.4623107910156,1868100,0.0,0.0
2023-07-24 00:00:00-04:00,390.4524244822415,397.75105227221576,389.59778120694074,397.6331787109375,3029800,0.0,0.0
2023-07-25 00:00:00-04:00,396.2382555654286,397.70190218869004,393.91016289046365,394.1852111816406,2490500,0.0,0.0
2023-07-26 00:00:00-04:00,392.122354277761,396.1793392658399,388.75300504217637,395.2952575683594,2572300,0.0,0.0
2023-07-27 00:00:00-04:00,398.0261158040372,398.0261158040372,386.9848521309273,387.5251159667969,3563300,0.0,0.0
2023-07-28 00:00:00-04:00,390.92395835709084,390.96325954083994,382.00450823930186,386.0123596191406,4501000,0.0,0.0
2023-07-31 00:00:00-04:00,387.0045652659497,389.07724582835,385.53108544235846,387.30908203125,3578300,0.0,0.0
2023-08-01 00:00:00-04:00,386.8178424754394,390.27559695770543,385.4229353392082,390.0496826171875,2344200,0.0,0.0
2023-08-02 00:00:00-04:00,386.91615998215224,387.240312352935,382.69216650204464,383.1243896484375,2410600,0.0,0.0
2023-08-03 00:00:00-04:00,380.7078684080665,386.48391376689153,379.58803939781654,386.0615234375,2190500,0.0,0.0
2023-08-04 00:00:00-04:00,384.6862604604235,389.087064162109,383.1735094819257,384.4308776855469,2215800,0.0,0.0
2023-08-07 00:00:00-04:00,386.05160782662426,390.71762598737865,386.05160782662426,389.8531799316406,1559800,0.0,0.0
2023-08-08 00:00:00-04:00,389.175407529683,389.37188345885994,383.23238539730323,386.23828125,1747000,0.0,0.0
2023-08-09 00:00:00-04:00,386.8964825768924,389.77470252697844,384.94167566408856,386.7098693847656,1806100,0.0,0.0
2023-08-10 00:00:00-04:00,389.4504995085728,393.5467862648435,388.7137596585834,390.1184997558594,2154500,0.0,0.0
2023-08-11 00:00:00-04:00,388.75307959194004,389.6568270418394,385.8650568424656,387.9967041015625,1464600,0.0,0.0
2023-08-14 00:00:00-04:00,389.4406736334253,392.17152131654785,387.63317892783016,391.5329895019531,1638500,0.0,0.0
2023-08-15 00:00:00-04:00,390.4622742057241,390.4622742057241,386.6312331138168,387.4760437011719,1753200,0.0,0.0
2023-08-16 00:00:00-04:00,386.4839107035856,392.1420824352237,386.16956116782313,387.3974609375,2002000,0.0,0.0
2023-08-17 00:00:00-04:00,389.13615994824096,389.2048995474095,384.07718925600597,385.6783752441406,2118600,0.0,0.0
2023-08-18 00:00:00-04:00,382.9279011799756,386.87681587611536,381.95538421946276,385.2363586425781,2001800,0.0,0.0
2023-08-21 00:00:00-04:00,386.25794124019967,388.0064691994131,384.1066585853559,386.2481384277344,1869400,0.0,0.0
2023-08-22 00:00:00-04:00,388.0163067762233,391.71964149438,386.7196374930311,390.80609130859375,2422500,0.0,0.0
2023-08-23 00:00:00-04:00,392.2108164073185,394.8139878640722,391.31690179046666,393.96917724609375,1943200,0.0,0.0
2023-08-24 00:00:00-04:00,394.48977566417636,396.8571698041824,390.4720915771349,390.63909912109375,1970000,0.0,0.0
2023-08-25 00:00:00-04:00,393.56642892664166,397.46623980164253,391.9456072232027,395.766845703125,2154600,0.0,0.0
2023-08-28 00:00:00-04:00,396.8572065870152,400.5900099052883,396.02222874586886,400.23638916015625,1901300,0.0,0.0
2023-08-29 00:00:00-04:00,400.21675458608127,404.90240933927277,399.401412347114,404.3719482421875,2188800,0.0,0.0
2023-08-30 00:00:00-04:00,407.4465628029664,410.39352189454814,406.2088303915363,406.5919494628906,2516600,0.0,0.0
2023-08-31 00:00:00-04:00,406.8867018225899,408.9299439241338,404.49967175161464,405.344482421875,2535100,0.0,0.0
2023-09-01 00:00:00-04:00,406.52317138217506,409.1459781091241,405.1970338231114,408.22259521484375,1841700,0.0,0.0
2023-09-05 00:00:00-04:00,406.0418763983144,408.05561990323696,402.45641529105177,404.2245788574219,2045600,0.0,0.0
2023-09-06 00:00:00-04:00,403.51728612213196,406.0713233437818,401.6607174733063,405.8748474121094,2292100,0.0,0.0
2023-09-07 00:00:00-04:00,404.6372135694189,408.7727718234554,404.45057039609446,407.2894592285156,2502700,0.0,0.0
2023-09-08 00:00:00-04:00,407.66272896919605,408.9692011512254,406.54286997486616,407.50555419921875,1868900,0.0,0.0
2023-09-11 00:00:00-04:00,409.4799591679038,410.20686612848874,407.3090410977669,409.3227844238281,1544700,0.0,0.0
2023-09-12 00:00:00-04:00,408.5958367711689,410.2657620518828,407.90820108157163,408.91015625,1997600,0.0,0.0
2023-09-13 00:00:00-04:00,408.8120208804946,411.01240751317164,407.6332251969779,408.939697265625,2142200,0.0,0.0
2023-09-14 00:00:00-04:00,410.9043101584756,411.19902404929024,400.570317916819,406.0320129394531,3557700,0.0,0.0
2023-09-15 00:00:00-04:00,404.5782287538357,410.9043708253712,403.87098725870396,406.98492431640625,4755500,0.0,0.0
2023-09-18 00:00:00-04:00,406.5624962651985,410.5016079911248,405.73735128608035,409.7550354003906,1808000,0.0,0.0
2023-09-19 00:00:00-04:00,409.5880693160565,409.72560848217495,403.83168948212835,406.2187194824219,1730900,0.0,0.0
2023-09-20 00:00:00-04:00,406.4544103540712,408.49765211211684,402.8296482728432,403.2618713378906,1580000,0.0,0.0
2023-09-21 00:00:00-04:00,401.1204792122883,401.5428695480722,394.99081301367926,396.228515625,2450700,0.0,0.0
2023-09-22 00:00:00-04:00,397.2403202625021,399.6568185885248,394.4603384271563,395.1086730957031,1885000,0.0,0.0
2023-09-25 00:00:00-04:00,393.5172413421003,396.1007467101287,392.77066884633126,395.3738098144531,1846500,0.0,0.0
2023-09-26 00:00:00-04:00,392.9278998491179,393.76287763190123,386.6508622595788,388.38958740234375,2940400,0.0,0.0
2023-09-27 00:00:00-04:00,389.20489771413787,390.01040709964155,384.5585445069184,388.4878234863281,1987500,0.0,0.0
2023-09-28 00:00:00-04:00,388.83161769244543,394.25404195751054,388.37975899636336,392.3778076171875,2216200,0.0,0.0
2023-09-29 00:00:00-04:00,394.9220093813237,395.06935134877483,387.2795628966501,388.91021728515625,3032300,0.0,0.0
2023-10-02 00:00:00-04:00,386.6410683542285,389.3522505405918,385.5114066117421,388.8512878417969,2856800,0.0,0.0
2023-10-03 00:00:00-04:00,387.52511718590875,390.82569695043907,382.09289050660595,384.14593505859375,2527900,0.0,0.0
2023-10-04 00:00:00-04:00,385.0693558757497,387.49568694480195,381.7098090193617,386.7982482910156,1813400,0.0,0.0
2023-10-05 00:00:00-04:00,384.04377791426083,388.30337559641066,383.66010340054993,387.7918395996094,2116600,0.57,0.0
2023-10-06 00:00:00-04:00,386.8375828233346,394.481261293026,384.15195145866994,391.5005187988281,2484000,0.0,0.0
2023-10-09 00:00:00-04:00,388.0475814938223,390.0544273064066,383.24690681584525,388.3230285644531,2475100,0.0,0.0
2023-10-10 00:00:00-04:00,389.1100417552934,396.1733152283197,387.4475122858695,393.86151123046875,2713800,0.0,0.0
2023-10-11 00:00:00-04:00,396.6946582177783,398.5441012293966,390.90039325098445,393.3105773925781,2055600,0.0,0.0
2023-10-12 00:00:00-04:00,397.23573421793947,398.7507080751393,390.86109361111124,393.3991394042969,1779000,0.0,0.0
2023-10-13 00:00:00-04:00,392.3268281733945,395.6027115529972,388.6574533124922,391.55950927734375,2235600,0.0,0.0
2023-10-16 00:00:00-04:00,393.7336143570176,397.85550333781015,392.29735679514414,394.638671875,2202100,0.0,0.0
2023-10-17 00:00:00-04:00,393.1433899202431,397.0488240181865,391.97273238676416,395.2387390136719,2176000,0.0,0.0
2023-10-18 00:00:00-04:00,392.6219532078866,394.8452236872432,386.17844366126894,386.81787109375,1951400,0.0,0.0
2023-10-19 00:00:00-04:00,387.4474959104493,388.4115456064611,379.2332292975048,381.564697265625,3472800,0.0,0.0
2023-10-20 00:00:00-04:00,381.5646947765291,383.65022678467784,377.9248608069322,378.16094970703125,2652500,0.0,0.0
2023-10-23 00:00:00-04:00,376.0950762673251,381.5548421526245,374.8063743373322,377.4329833984375,1771800,0.0,0.0
2023-10-24 00:00:00-04:00,379.2332484005898,383.0993544670672,377.6297411460689,380.6203308105469,2003300,0.0,0.0
2023-10-25 00:00:00-04:00,377.75758373394353,382.312321903755,376.0261852016241,380.030029296875,3504500,0.0,0.0
2023-10-26 00:00:00-04:00,364.98861237563324,369.4449705705497,357.13835609748327,358.66314697265625,6920100,0.0,0.0
2023-10-27 00:00:00-04:00,360.5322642050823,362.30302109996245,353.9215045114503,358.16143798828125,3624900,0.0,0.0
2023-10-30 00:00:00-04:00,360.561732835608,367.16267472785415,358.79100617084333,366.3658447265625,3386400,0.0,0.0
2023-10-31 00:00:00-04:00,367.25119149556275,371.54029945615997,367.0445837108606,370.23193359375,2978800,0.0,0.0
2023-11-01 00:00:00-04:00,372.51425825844086,374.2161157287076,368.94326364982373,371.6780700683594,2354700,0.0,0.0
2023-11-02 00:00:00-04:00,374.11777091397283,376.81324945428975,372.33719696257566,376.46893310546875,2816000,0.0,0.0
2023-11-03 00:00:00-04:00,378.74140341812694,382.1254848529841,377.49205946653296,379.7743225097656,2269100,0.0,0.0
2023-11-06 00:00:00-05:00,380.8072288928583,381.93852825234944,377.964194916163,379.88250732421875,2020500,0.0,0.0
2023-11-07 00:00:00-05:00,379.7251521915807,383.25678925316817,378.0527755230769,382.5484924316406,2324200,0.0,0.0
2023-11-08 00:00:00-05:00,380.81703693001316,385.00779500298023,380.7088395254701,383.3649597167969,2838400,0.0,0.0
2023-11-09 00:00:00-05:00,384.6044293483443,385.08648417695315,380.9744126860534,381.6531982421875,2657100,0.0,0.0
2023-11-10 00:00:00-05:00,383.6994277192962,388.66732173965636,380.4530552716497,387.9688720703125,2807000,0.0,0.0
2023-11-13 00:00:00-05:00,387.9393005371094,389.1984911633127,386.6309047172778,387.9393005371094,1614600,0.0,0.0
2023-11-14 00:00:00-05:00,390.7233082141472,395.15015478091,390.3003056362549,391.1856689453125,2733900,0.0,0.0
2023-11-15 00:00:00-05:00,391.00857761189224,392.7891511613254,388.3426408092753,390.37896728515625,2434600,0.0,0.0
2023-11-16 00:00:00-05:00,391.53986374499397,393.44832904218697,389.11983247856745,390.6446533203125,3060600,0.0,0.0
2023-11-17 00:00:00-05:00,393.468041302925,394.599340761832,391.4415313096882,393.79266357421875,2365500,0.0,0.0
2023-11-20 00:00:00-05:00,394.205758292253,398.6129406705801,391.7857573090542,397.825927734375,2768300,0.0,0.0
2023-11-21 00:00:00-05:00,399.1245595172292,403.6792983860431,399.09504840233,402.30206298828125,2567500,0.0,0.0
2023-11-22 00:00:00-05:00,405.55828607057174,406.13869139224937,403.4825707472328,403.6596374511719,1967900,0.0,0.0
2023-11-24 00:00:00-05:00,405.7845255123847,406.2567334081865,403.85639580878797,405.79437255859375,1053500,0.0,0.0
2023-11-27 00:00:00-05:00,404.31871508736316,406.01075567982883,401.61341954845744,402.32171630859375,2665900,0.0,0.0
2023-11-28 00:00:00-05:00,402.4298621923433,403.9645299940377,400.8362021914602,402.36102294921875,2645000,0.0,0.0
2023-11-29 00:00:00-05:00,404.3285248859904,405.3811078732951,402.764375939253,403.1578674316406,2151400,0.0,0.0
2023-11-30 00:00:00-05:00,403.4333464170762,407.42734392288264,402.13479737006594,407.1026916503906,3203500,0.0,0.0
2023-12-01 00:00:00-05:00,406.177949025091,409.8276297309984,404.8794001413022,407.6240234375,2171400,0.0,0.0
2023-12-04 00:00:00-05:00,407.10269136869425,408.1061292777255,401.3969892276271,401.59375,3097900,0.0,0.0
2023-12-05 00:00:00-05:00,400.47226853037637,402.4003980137248,397.7473089536526,402.0462646484375,2755600,0.0,0.0
2023-12-06 00:00:00-05:00,404.7416591001027,407.09282092909564,400.5410843522751,403.708740234375,2224200,0.0,0.0
2023-12-07 00:00:00-05:00,405.37128580194985,406.8469013961334,403.3250820326555,406.4337158203125,2363000,0.0,0.0
2023-12-08 00:00:00-05:00,405.5188610921091,406.94530157782964,402.57747680476325,405.4598388671875,1959300,0.0,0.0
2023-12-11 00:00:00-05:00,405.7549203595082,409.40463112233044,405.67623407251835,408.95208740234375,2236000,0.0,0.0
2023-12-12 00:00:00-05:00,410.22111742424244,414.15609217171715,407.95851895303434,413.91015625,2736500,0.0,0.0
2023-12-13 00:00:00-05:00,415.00208082540627,419.43877428358644,412.3361439460427,417.7762451171875,3694200,0.0,0.0
2023-12-14 00:00:00-05:00,418.10092680606783,418.9272679258439,409.1390059322368,411.7557678222656,3989700,0.0,0.0
2023-12-15 00:00:00-05:00,405.9123678144578,412.4444411510989,404.90895993169954,411.7656555175781,5566600,0.0,0.0
2023-12-18 00:00:00-05:00,412.70999631131446,418.17960892203337,412.70999631131446,417.53033447265625,2686900,0.0,0.0
2023-12-19 00:00:00-05:00,417.1565374214288,419.7437883632945,415.6514106406161,418.553466796875,2256200,0.0,0.0
2023-12-20 00:00:00-05:00,418.1698618696518,420.6587328433247,412.4248008480132,412.63140869140625,3058300,0.0,0.0
2023-12-21 00:00:00-05:00,414.93328633002255,417.00897124027523,413.77244588419177,416.55645751953125,2213600,0.0,0.0
2023-12-22 00:00:00-05:00,417.8451464098959,420.2258194293793,416.084236739436,417.2057189941406,1759000,0.0,0.0
2023-12-26 00:00:00-05:00,418.091111394595,418.79940812534613,416.07444863057697,416.7827453613281,1258200,0.0,0.0
2023-12-27 00:00:00-05:00,416.12354887602163,418.10088314776476,416.0841907254348,417.46142578125,1324100,0.0,0.0
2023-12-28 00:00:00-05:00,416.88111416286444,421.39649476307386,416.79258082028923,419.3896789550781,1505000,0.0,0.0
2023-12-29 00:00:00-05:00,419.74378823384455,421.38665355350173,417.3729621249206,419.5765686035156,1706100,0.0,0.0
2024-01-02 00:00:00-05:00,417.1959262232706,417.3828399567038,412.7395677785096,415.0317077636719,2463700,0.0,0.0
2024-01-03 00:00:00-05:00,414.3529227218822,414.49063125007604,410.7130584586863,411.96240234375,3093700,0.0,0.0
2024-01-04 00:00:00-05:00,411.69673176846015,416.5662750130211,411.48030695711356,412.9460754394531,2042600,0.0,0.0
2024-01-05 00:00:00-05:00,413.6543590153662,415.88747632126973,410.21125623009704,412.6017761230469,2415900,0.0,0.0
2024-01-08 00:00:00-05:00,413.2718193035109,415.87298046682906,410.404609450803,415.77447509765625,2125400,0.66,0.0
2024-01-09 00:00:00-05:00,412.9368156718138,417.46917512013954,412.38505331137,416.3853454589844,2439300,0.0,0.0
2024-01-10 00:00:00-05:00,419.7353775961622,423.1543500671269,417.91257710223186,421.97198486328125,2709300,0.0,0.0
2024-01-11 00:00:00-05:00,423.676496365775,425.44018136293147,419.50869116978373,420.4447326660156,2320600,0.0,0.0
2024-01-12 00:00:00-05:00,423.62730110009915,424.7702160404754,421.41038890004495,422.789794921875,1892400,0.0,0.0
2024-01-16 00:00:00-05:00,421.15422081532245,423.41055330383165,420.2477367799397,422.05084228515625,2398000,0.0,0.0
2024-01-17 00:00:00-05:00,419.22298729455815,424.0509228637224,419.22298729455815,421.13446044921875,2690400,0.0,0.0
2024-01-18 00:00:00-05:00,422.3365569271834,424.87860295324725,421.1640543220529,424.3859558105469,2075700,0.0,0.0
2024-01-19 00:00:00-05:00,426.18906656003077,430.64261634438213,423.0262800601726,430.35687255859375,2400200,0.0,0.0
2024-01-22 00:00:00-05:00,432.5244763497223,434.45564464108213,430.8297690539756,433.28314208984375,2715500,0.0,0.0
2024-01-23 00:00:00-05:00,433.7955438354718,434.1207078178829,431.42098078248625,432.3077697753906,2328600,0.0,0.0
2024-01-24 00:00:00-05:00,432.0811439514227,434.44584445345447,429.35188933921415,432.2486572265625,2725700,0.0,0.0
2024-01-25 00:00:00-05:00,429.58836341238515,432.17969252562824,428.07100159941706,430.3765869140625,2977800,0.0,0.0
2024-01-26 00:00:00-05:00,426.18901477955785,433.4211010176113,424.3366868518235,432.0810852050781,2725400,0.0,0.0
2024-01-29 00:00:00-05:00,429.3714911365103,434.4753077079607,428.2778290435389,434.10089111328125,2314200,0.0,0.0
2024-01-30 00:00:00-05:00,434.4162673498153,439.65804044134177,433.57876114925836,438.6431884765625,2663600,0.0,0.0
2024-01-31 00:00:00-05:00,443.38241453050534,455.2059455846521,440.0521151392469,442.6237487792969,4740500,0.0,0.0
2024-02-01 00:00:00-05:00,448.30892055160723,454.35864217624913,447.37287890975006,454.1418762207031,3292700,0.0,0.0
2024-02-02 00:00:00-05:00,455.4128582089517,457.01889268743474,451.7574248697265,453.80682373046875,2050300,0.0,0.0
2024-02-05 00:00:00-05:00,452.7525583829238,454.58519120610043,448.8310765475851,450.0429992675781,2438800,0.0,0.0
2024-02-06 00:00:00-05:00,448.66357000729516,453.7871120749779,448.66357000729516,453.7279968261719,2201900,0.0,0.0
2024-02-07 00:00:00-05:00,454.4275305661163,455.44238239160535,452.8609163929123,455.11724853515625,2544300,0.0,0.0
2024-02-08 00:00:00-05:00,453.23533736487315,453.97430802362027,450.7228491526503,451.52093505859375,2081300,0.0,0.0
2024-02-09 00:00:00-05:00,451.32392169191894,452.2402382090028,449.6587718565487,451.1465759277344,2155400,0.0,0.0
2024-02-12 00:00:00-05:00,452.4274450084192,452.6442109646218,449.37302655967295,451.96435546875,1794500,0.0,0.0
2024-02-13 00:00:00-05:00,450.04302781492134,455.0877297495741,449.33361472606106,453.6885986328125,2407700,0.0,0.0
2024-02-14 00:00:00-05:00,455.2059991290626,458.6052767344936,452.6836479463188,458.3490905761719,2202700,0.0,0.0
2024-02-15 00:00:00-05:00,458.97959128385634,465.16723775589736,458.3884388094521,464.3494567871094,2354100,0.0,0.0
2024-02-16 00:00:00-05:00,467.1970050007654,467.1970050007654,460.2014095537429,461.2458190917969,2237200,0.0,0.0
2024-02-20 00:00:00-05:00,446.14120582752565,449.14637120638514,443.50062456379857,445.1066589355469,5044200,0.0,0.0
2024-02-21 00:00:00-05:00,446.6437068601269,452.8412157344434,445.3529738767397,452.2992858886719,2895800,0.0,0.0
2024-02-22 00:00:00-05:00,455.01877691013266,465.55157581394553,454.7921483870859,464.6253967285156,2572800,0.0,0.0
2024-02-23 00:00:00-05:00,466.7634466184377,468.18227271579707,464.92092114969927,466.4580078125,1764100,0.0,0.0
2024-02-26 00:00:00-05:00,466.0442089084495,468.0936078442037,465.0589145978608,467.5320129394531,2066900,0.0,0.0
2024-02-27 00:00:00-05:00,467.5713617449657,468.01475617306806,463.0390323717981,467.7684326171875,2011100,0.0,0.0
2024-02-28 00:00:00-05:00,467.19699654365206,472.09391026104527,466.7043494093823,471.80816650390625,1931900,0.0,0.0
2024-02-29 00:00:00-05:00,470.9706334203599,471.3549125961294,465.1081208303926,467.7782897949219,3072500,0.0,0.0
2024-03-01 00:00:00-05:00,467.92608131420513,470.4779897340361,466.9309245306596,469.62078857421875,1748300,0.0,0.0
2024-03-04 00:00:00-05:00,468.67492996468206,469.62080402710876,458.9204928172282,461.6004943847656,3212400,0.0,0.0
2024-03-05 00:00:00-05:00,460.4969567531756,462.339452141422,457.7873976366266,460.6447448730469,2015100,0.0,0.0
2024-03-06 00:00:00-05:00,460.2900858523509,466.65507857037915,460.2900858523509,464.664794921875,1917100,0.0,0.0
2024-03-07 00:00:00-05:00,466.2412897893663,466.31023754029997,459.0387906301213,460.6645202636719,2178100,0.0,0.0
2024-03-08 00:00:00-05:00,460.2308919404764,464.684410562059,460.2308919404764,462.359130859375,1596900,0.0,0.0
2024-03-11 00:00:00-04:00,462.10303045480725,462.4675845377621,457.8564143928051,462.26068115234375,1774500,0.0,0.0
2024-03-12 00:00:00-04:00,463.6105221420631,467.394048616149,461.8172793136091,465.9161071777344,1853900,0.0,0.0
2024-03-13 00:00:00-04:00,467.2561333135679,469.15774412291637,465.8274445308699,468.6158142089844,2103900,0.0,0.0
2024-03-14 00:00:00-04:00,473.94625614191625,474.91185538634795,470.16272961597343,472.4289245605469,2757700,0.0,0.0
2024-03-15 00:00:00-04:00,466.3791162710012,471.42381736649276,466.1229301771739,468.8324890136719,4179300,0.0,0.0
2024-03-18 00:00:00-04:00,471.6012716432606,473.7492059709548,469.6405155666779,471.84759521484375,2072300,0.0,0.0
2024-03-19 00:00:00-04:00,474.5374106515183,477.48343082941483,472.4584542223953,476.8824157714844,2049500,0.0,0.0
2024-03-20 00:00:00-04:00,477.19768055199233,481.26695029295354,476.5276877316092,480.86297607421875,1691100,0.0,0.0
2024-03-21 00:00:00-04:00,481.3457951127804,482.79417885208846,476.29123083746475,481.4541931152344,2580300,0.0,0.0
2024-03-22 00:00:00-04:00,481.12903870379614,481.7005262143192,474.3797669948872,474.5867004394531,2277800,0.0,0.0
2024-03-25 00:00:00-04:00,474.51772344717193,475.22713651984077,467.4334552851355,469.03948974609375,2600300,0.0,0.0
2024-03-26 00:00:00-04:00,470.6948141027271,472.9412839989703,465.36436810606637,469.788330078125,2515100,0.0,0.0
2024-03-27 00:00:00-04:00,473.4338749641956,475.06946698543845,467.7684331722203,470.92138671875,2309400,0.0,0.0
2024-03-28 00:00:00-04:00,470.8819786165031,475.33549780164964,470.2612384280082,474.4881591796875,2214500,0.0,0.0
2024-04-01 00:00:00-04:00,473.5915206400175,476.17298667040205,470.3104740679691,471.36474609375,1648200,0.0,0.0
2024-04-02 00:00:00-04:00,469.9557623930079,473.3451767499851,469.2956020675396,472.37957763671875,3265100,0.0,0.0
2024-04-03 00:00:00-04:00,473.374778290008,476.19270545017133,470.19226699461717,470.3992004394531,2265000,0.0,0.0
2024-04-04 00:00:00-04:00,472.91170826361804,474.8724343064389,462.1030285466722,462.8616943359375,2552600,0.0,0.0
2024-04-05 00:00:00-04:00,467.0295076171147,472.2614180501065,465.58112376415784,470.1331787109375,2462700,0.0,0.0
2024-04-08 00:00:00-04:00,470.04434331874506,473.2805836463129,467.95263104866916,472.461669921875,1961800,0.66,0.0
2024-04-09 00:00:00-04:00,471.59335616794175,472.50109560555654,461.5886204576756,465.8608703613281,2217200,0.0,0.0
2024-04-10 00:00:00-04:00,463.8974560783037,468.0611580903896,462.59505902570237,462.9107971191406,2710500,0.0,0.0
2024-04-11 00:00:00-04:00,462.0326878105704,464.0750792223102,457.99725600469134,462.0622863769531,2299900,0.0,0.0
2024-04-12 00:00:00-04:00,459.7830493865664,463.25607788981375,455.94493179597197,459.17132568359375,2486300,0.0,0.0
2024-04-15 00:00:00-04:00,463.9664819782157,464.7163523944905,452.31404251490886,453.6559143066406,2070500,0.0,0.0
2024-04-16 00:00:00-04:00,453.8631382678159,457.19805049275897,452.8764792715815,453.685546875,1787200,0.0,0.0
2024-04-17 00:00:00-04:00,456.59616155723216,457.2276377522201,452.0378019250162,454.02099609375,1735000,0.0,0.0
2024-04-18 00:00:00-04:00,454.3565219492323,455.74771491307956,447.7458938419486,448.6339111328125,1998900,0.0,0.0
2024-04-19 00:00:00-04:00,452.7679425749671,453.72497285584683,446.55197308860505,449.31463623046875,2548800,0.0,0.0
2024-04-22 00:00:00-04:00,451.39651895156635,454.59328466355316,449.0581418022098,450.6565246582031,2157400,0.0,0.0
2024-04-23 00:00:00-04:00,452.36347199542473,456.8034379158585,451.20906760751575,456.64556884765625,2029100,0.0,0.0
2024-04-24 00:00:00-04:00,459.082559902366,461.90439009937484,454.20846218894866,456.32977294921875,4043100,0.0,0.0
2024-04-25 00:00:00-04:00,454.79060263654014,457.8097767728012,450.6269004450939,455.9449768066406,2006500,0.0,0.0
2024-04-26 00:00:00-04:00,456.734277202587,458.61879932387734,454.79055795584804,456.2508239746094,1963300,0.0,0.0
2024-04-29 00:00:00-04:00,454.80050496882006,455.4319511087025,449.60079246088,451.0018615722656,2120700,0.0,0.0
2024-04-30 00:00:00-04:00,450.17303400165207,451.6135476756132,444.86480389337777,445.1805419921875,2698800,0.0,0.0
2024-05-01 00:00:00-04:00,439.8525206310394,442.99011878170126,432.53152853718785,436.17230224609375,4979100,0.0,0.0
2024-05-02 00:00:00-04:00,437.0899169881759,438.727774466441,432.2059431176076,435.21527099609375,3866500,0.0,0.0
2024-05-03 00:00:00-04:00,438.974443695346,439.31978035515607,431.07129575100373,437.66217041015625,3711500,0.0,0.0
2024-05-06 00:00:00-04:00,441.2635347871321,444.4898990190531,439.61580093617954,443.3749694824219,2536200,0.0,0.0
2024-05-07 00:00:00-04:00,445.73310234866926,447.2525356071218,441.5595237247376,447.0157470703125,2345300,0.0,0.0
2024-05-08 00:00:00-04:00,447.9431947718355,449.03837183026906,443.91763922160015,448.7029113769531,2332400,0.0,0.0
2024-05-09 00:00:00-04:00,447.4991786862346,449.9461038529954,447.4991786862346,449.4132995605469,1970100,0.0,0.0
2024-05-10 00:00:00-04:00,451.2287599405195,452.4620837252841,448.91013531351723,450.8834533691406,1729900,0.0,0.0
2024-05-13 00:00:00-04:00,450.8341322626089,452.60026047049195,449.43309321201133,451.653076171875,2069300,0.0,0.0
2024-05-14 00:00:00-04:00,451.81090616119343,452.8567623007668,443.3058802200401,448.1405334472656,2991000,0.0,0.0
2024-05-15 00:00:00-04:00,446.74931630491193,452.4818024200013,446.74931630491193,451.8898010253906,2437800,0.0,0.0
2024-05-16 00:00:00-04:00,453.86315951608157,458.72738136873636,452.6989090725252,452.74822998046875,2412200,0.0,0.0
2024-05-17 00:00:00-04:00,454.3071381013969,455.53058559779805,451.9983295975317,454.1295166015625,1985900,0.0,0.0
2024-05-20 00:00:00-04:00,453.3500880499088,456.0535240739119,452.6594147058989,453.5276794433594,1397200,0.0,0.0
2024-05-21 00:00:00-04:00,451.80103205761657,454.24795724854135,449.5514507133825,452.97515869140625,2166000,0.0,0.0
2024-05-22 00:00:00-04:00,452.7777573639969,456.32973538039715,449.0975389850159,450.42950439453125,1713700,0.0,0.0
2024-05-23 00:00:00-04:00,450.4295869302874,451.9391741000661,444.4307130448215,445.1904296875,2084600,0.0,0.0
2024-05-24 00:00:00-04:00,446.4730704413364,448.3871912960927,444.3122848383945,445.1607971191406,2162100,0.0,0.0
2024-05-28 00:00:00-04:00,443.99652614670447,444.61812610098053,436.49791212747186,439.14215087890625,2670800,0.0,0.0
2024-05-29 00:00:00-04:00,436.21180369789374,438.6291303345249,435.90594181135754,436.5670166015625,1876900,0.0,0.0
2024-05-30 00:00:00-04:00,436.310452847682,438.2640484397797,434.7910197198258,436.2019348144531,2189900,0.0,0.0
2024-05-31 00:00:00-04:00,436.7840805639238,441.3720389490301,433.39984737824125,441.10565185546875,3917100,0.0,0.0
2024-06-03 00:00:00-04:00,437.5635443261891,439.063255167,432.04812412734447,437.27740478515625,2123800,0.0,0.0
2024-06-04 00:00:00-04:00,437.4451109358334,438.9448518561716,435.43234829607815,438.8363037109375,2096600,0.0,0.0
2024-06-05 00:00:00-04:00,440.8392579690188,441.5990047193593,436.4091684048105,440.7011413574219,2157000,0.0,0.0
2024-06-06 00:00:00-04:00,442.50671571787666,443.7795143463657,438.698226168876,442.6941833496094,1887100,0.0,0.0
2024-06-07 00:00:00-04:00,443.45387672875336,446.9565039539732,441.2930912213326,443.7893371582031,1664700,0.0,0.0
2024-06-10 00:00:00-04:00,442.43764754767653,444.1643008192152,438.44166048156364,443.2565612792969,1954500,0.0,0.0
2024-06-11 00:00:00-04:00,441.8653441300712,443.25653687408095,439.1717543350172,443.0493469238281,1777300,0.0,0.0
2024-06-12 00:00:00-04:00,445.46662944242456,446.46316459431876,435.70858830905206,437.08990478515625,2738900,0.0,0.0
2024-06-13 00:00:00-04:00,437.0899449037702,439.2112557700406,433.45904694462007,439.0632629394531,2916600,0.0,0.0
2024-06-14 00:00:00-04:00,437.42541308349877,439.0237959029656,435.3139784054512,438.6982116699219,2161500,0.0,0.0
2024-06-17 00:00:00-04:00,436.52752856291636,443.3453457790104,435.7875343223765,442.1317443847656,2351900,0.0,0.0
2024-06-18 00:00:00-04:00,441.09574377787413,445.1805262468413,440.74056101210726,444.10504150390625,2636500,0.0,0.0
2024-06-20 00:00:00-04:00,445.042385450819,448.4167723226121,442.3783942304328,446.4730529785156,3006800,0.0,0.0
2024-06-21 00:00:00-04:00,446.1572830722579,449.22577774785043,444.25303865303835,448.78179931640625,5007800,0.0,0.0
2024-06-24 00:00:00-04:00,448.86079184038846,456.8922109147821,448.86079184038846,450.86370849609375,2597100,0.0,0.0
2024-06-25 00:00:00-04:00,452.3634288219505,454.16900154200715,447.74584182146197,449.5711669921875,2299400,0.0,0.0
2024-06-26 00:00:00-04:00,446.7098465971936,448.61409117396215,445.3680048572247,446.34478759765625,2451400,0.0,0.0
2024-06-27 00:00:00-04:00,442.58562418682163,442.7138946714002,436.10326748658946,436.84326171875,3313800,0.0,0.0
2024-06-28 00:00:00-04:00,438.7080899135284,442.31923550203703,432.86705514926575,435.2745056152344,4105000,0.0,0.0
2024-07-01 00:00:00-04:00,434.9192646108827,436.5669983495272,429.7393049864747,431.7718200683594,3149700,0.0,0.0
2024-07-02 00:00:00-04:00,429.19670238569705,438.8265046998544,429.19670238569705,438.71795654296875,2061300,0.0,0.0
2024-07-03 00:00:00-04:00,439.3790361358832,443.2960739539053,438.35290224446754,442.20086669921875,3192400,0.0,0.0
2024-07-05 00:00:00-04:00,441.145093914978,443.94723199044887,438.35286217535673,443.49334716796875,2220700,0.0,0.0
2024-07-08 00:00:00-04:00,443.2861645063634,444.5984077579358,439.0632650937001,440.2867126464844,1802700,0.0,0.0
2024-07-09 00:00:00-04:00,441.3440227249622,442.2629675682239,437.5298920051645,439.4172058105469,1608400,0.66,0.0
2024-07-10 00:00:00-04:00,429.44700377236586,432.2137590575658,423.9530566174511,428.4885559082031,4760900,0.0,0.0
2024-07-11 00:00:00-04:00,426.86799885683206,432.5694425227858,425.00043688741397,431.2355041503906,4032600,0.0,0.0
2024-07-12 00:00:00-04:00,432.20385500337335,436.97649340093284,432.1248186399438,434.88165283203125,2645600,0.0,0.0
2024-07-15 00:00:00-04:00,435.099078944492,439.12073654689624,433.52797099536804,438.7254943847656,1727700,0.0,0.0
2024-07-16 00:00:00-04:00,441.6306031084051,441.84799083663034,434.4766199423421,438.2611083984375,2846600,0.0,0.0
2024-07-17 00:00:00-04:00,437.14450038220775,446.1561544599516,436.80854303295484,445.8004455566406,2925000,0.0,0.0
2024-07-18 00:00:00-04:00,443.4190467038234,450.01968399470576,442.1641446029505,443.389404296875,3339900,0.0,0.0
2024-07-19 00:00:00-04:00,445.85970461708047,445.87945616999747,438.3005893079595,438.4191589355469,2121700,0.0,0.0
2024-07-22 00:00:00-04:00,440.1187089495,443.5178455222012,437.98436527675454,442.61865234375,2111700,0.0,0.0
2024-07-23 00:00:00-04:00,442.7273228985251,443.4091283711287,435.8697650690341,436.4725341796875,2385500,0.0,0.0
2024-07-24 00:00:00-04:00,428.8443189319349,430.6822086815068,423.7653648277659,427.312744140625,3764800,0.0,0.0
2024-07-25 00:00:00-04:00,428.7849598238307,432.5003020997677,424.45698773750865,424.49652099609375,2384300,0.0,0.0
2024-07-26 00:00:00-04:00,427.1447047802109,435.5437285631398,426.9767110363334,432.974609375,2039600,0.0,0.0
2024-07-29 00:00:00-04:00,433.58719426074515,437.65827540239553,430.2473728330685,436.0574951171875,2248600,0.0,0.0
2024-07-30 00:00:00-04:00,438.49821519482566,443.39931449442224,437.74726413435775,442.134521484375,2266900,0.0,0.0
2024-07-31 00:00:00-04:00,456.51164694035464,468.36909231542876,452.10463818603074,458.2013244628906,4313600,0.0,0.0
2024-08-01 00:00:00-04:00,459.93056457837804,461.9463388641067,453.735059830605,456.91680908203125,2590100,0.0,0.0
2024-08-02 00:00:00-04:00,454.75282822637973,461.2052540343054,453.16193850398815,456.53143310546875,3808100,0.0,0.0
2024-08-05 00:00:00-04:00,449.59477144129136,455.81991775307756,434.3678328162902,436.74920654296875,4496700,0.0,0.0
2024-08-06 00:00:00-04:00,437.9547268481975,450.0394502499301,436.85789751868225,442.974365234375,2758900,0.0,0.0
2024-08-07 00:00:00-04:00,445.1778992639158,451.49200333060327,443.70560946243745,444.49609375,2059800,0.0,0.0
2024-08-08 00:00:00-04:00,446.86755868988894,450.84968268359927,445.67194145292996,450.1678771972656,1585400,0.0,0.0
2024-08-09 00:00:00-04:00,450.167911583898,453.34966071148307,448.0731010070489,451.3536682128906,1760200,0.0,0.0
2024-08-12 00:00:00-04:00,452.3318579438477,453.0136634221395,448.4979761789412,450.2765808105469,1760000,0.0,0.0
2024-08-13 00:00:00-04:00,452.69750664771357,454.1796872873869,449.4861152617547,453.9029846191406,1816100,0.0,0.0
2024-08-14 00:00:00-04:00,453.8041791269552,455.068972017629,450.65207267624527,454.6934814453125,1654100,0.0,0.0
2024-08-15 00:00:00-04:00,459.574836831997,463.4285006356988,458.48789828350584,463.1419372558594,2130500,0.0,0.0
2024-08-16 00:00:00-04:00,462.4403856742856,464.6735476136943,460.5036779725663,463.3099365234375,1921900,0.0,0.0
2024-08-19 00:00:00-04:00,463.4284569057341,464.5647893085033,459.9897871372713,461.4324645996094,1690800,0.0,0.0
2024-08-20 00:00:00-04:00,462.56885896819034,464.09057299633537,459.97998805793316,463.5470886230469,1763300,0.0,0.0
2024-08-21 00:00:00-04:00,462.9739315837172,463.5173857310472,459.001668354359,462.4403381347656,2105900,0.0,0.0
2024-08-22 00:00:00-04:00,463.9126646899086,465.3158090100396,461.1558303206706,463.2506408691406,1538200,0.0,0.0
2024-08-23 00:00:00-04:00,464.7130256447654,464.7525589053329,456.41282007310116,460.8988952636719,1986300,0.0,0.0
2024-08-26 00:00:00-04:00,462.53922141722336,464.94034704347865,461.4522828142749,463.07281494140625,1434400,0.0,0.0
2024-08-27 00:00:00-04:00,465.48382653052107,469.85133273393404,462.6578161645249,469.3473815917969,1635900,0.0,0.0
2024-08-28 00:00:00-04:00,469.3572799302869,470.75053357984353,463.30009589290535,466.1952819824219,1445300,0.0,0.0
2024-08-29 00:00:00-04:00,468.8334983436553,476.1950075575976,468.8334983436553,475.0882873535156,1893400,0.0,0.0
2024-08-30 00:00:00-04:00,476.1159638256912,479.96962762913535,473.95197758317187,477.59814453125,2982100,0.0,0.0
2024-09-03 00:00:00-04:00,476.7384568181015,480.9083261667415,474.33733145196436,476.3926086425781,2063700,0.0,0.0
2024-09-04 00:00:00-04:00,476.3629986157963,480.3945470612849,475.4638053603321,477.4005432128906,2156300,0.0,0.0
2024-09-05 00:00:00-04:00,477.400543797406,478.40841583249016,467.48966642138004,471.6891784667969,2293500,0.0,0.0
2024-09-06 00:00:00-04:00,471.4421578692635,474.7326160251972,469.0706746973112,470.46392822265625,2116200,0.0,0.0
2024-09-09 00:00:00-04:00,474.791848581837,483.3983687568392,473.8729038540498,481.3035583496094,2343600,0.0,0.0
2024-09-10 00:00:00-04:00,481.31348024680625,482.52884910870654,476.60012637149697,482.2225341796875,2234100,0.0,0.0
2024-09-11 00:00:00-04:00,480.74033173272926,483.2995599798324,472.16345379837685,482.380615234375,2480000,0.0,0.0
2024-09-12 00:00:00-04:00,481.1652714809735,487.02481858887944,477.2621835904216,486.2639465332031,2299100,0.0,0.0
2024-09-13 00:00:00-04:00,487.24216316289017,490.9476145708086,485.6117705744142,487.4990539550781,2204700,0.0,0.0
2024-09-16 00:00:00-04:00,489.4160200261097,492.40016292094725,487.5287366063815,491.7973937988281,1589200,0.0,0.0
2024-09-17 00:00:00-04:00,492.67682959324213,495.7795119190095,491.935739305092,495.0384216308594,2202800,0.0,0.0
2024-09-18 00:00:00-04:00,495.32501119673,495.83882296788863,488.1710288861672,488.8824768066406,2193800,0.0,0.0
2024-09-19 00:00:00-04:00,494.06024233312485,495.1768233056048,480.4735856689639,487.1532897949219,3517200,0.0,0.0
2024-09-20 00:00:00-04:00,483.8331859514038,487.66709823029385,481.9458722200927,486.886474609375,3470200,0.0,0.0
2024-09-23 00:00:00-04:00,487.30146183259313,491.7776460544663,485.46354220137124,491.23419189453125,2191300,0.0,0.0
2024-09-24 00:00:00-04:00,486.82719614211913,487.39043205905335,478.6653413940109,481.61981201171875,4143700,0.0,0.0
2024-09-25 00:00:00-04:00,479.00124160327795,484.0801646392213,477.7957335421719,483.6355285644531,3483200,0.0,0.0
2024-09-26 00:00:00-04:00,485.1671477739225,487.76590941878123,483.1909068461265,485.4339294433594,3073700,0.0,0.0
2024-09-27 00:00:00-04:00,485.19680768665137,490.10776777560466,484.5644262475641,487.77581787109375,2177200,0.0,0.0
2024-09-30 00:00:00-04:00,485.9378759457727,489.10973416155343,484.2877015184098,487.9338684082031,2862400,0.0,0.0
2024-10-01 00:00:00-04:00,491.35282726346685,492.11366922018846,487.25210291601104,490.4832763671875,3748100,0.0,0.0
2024-10-02 00:00:00-04:00,487.08403899433097,490.0187575873308,483.86275706156607,489.68280029296875,1736500,0.0,0.0
2024-10-03 00:00:00-04:00,489.6630929494142,491.18480693559235,487.14339778152737,489.0899963378906,1382200,0.0,0.0
2024-10-04 00:00:00-04:00,489.67300525703087,493.12153624178217,486.619716451513,491.78759765625,1935600,0.0,0.0
2024-10-07 00:00:00-04:00,491.4219270820581,492.6076836767202,484.92010782960693,485.46356201171875,1990500,0.0,0.0
2024-10-08 00:00:00-04:00,486.6493547385745,491.6195997340682,485.6908766306541,491.1551818847656,1750100,0.0,0.0
2024-10-09 00:00:00-04:00,493.1142749822542,495.45922945970796,490.35374480980687,494.6676940917969,1707500,0.66,0.0
2024-10-10 00:00:00-04:00,494.7171167757279,495.4295106316904,490.60106674073745,492.7580261230469,1491000,0.0,0.0
2024-10-11 00:00:00-04:00,491.26400023581397,497.6062772869061,491.22441441189227,496.9532470703125,1919900,0.0,0.0
2024-10-14 00:00:00-04:00,499.0310457943014,503.4142624873033,496.74545508344477,501.3067626953125,2127000,0.0,0.0
2024-10-15 00:00:00-04:00,500.2777531728058,504.49275284572644,498.674874478917,501.8707580566406,2885900,0.0,0.0
2024-10-16 00:00:00-04:00,501.00002484277525,509.95442267778714,500.6537168257065,508.6384582519531,2956700,0.0,0.0
2024-10-17 00:00:00-04:00,510.83499387409853,511.57706957130546,506.1154033101122,508.3317565917969,2227400,0.0,0.0
2024-10-18 00:00:00-04:00,509.10352188360497,512.5269864292118,507.16426923338133,510.8845520019531,2604600,0.0,0.0
2024-10-21 00:00:00-04:00,511.527541699717,513.3382230686384,508.50977967835917,509.5684814453125,2217500,0.0,0.0
2024-10-22 00:00:00-04:00,505.7492810374912,509.1133512501714,505.1061548519271,507.59954833984375,1855800,0.0,0.0
2024-10-23 00:00:00-04:00,507.24333058773595,509.28156270524346,506.49138109850173,508.3020324707031,1759700,0.0,0.0
2024-10-24 00:00:00-04:00,506.491358595533,507.9161764476813,504.0771367431018,505.2248840332031,1911900,0.0,0.0
2024-10-25 00:00:00-04:00,507.08500414311504,509.2914229825983,500.27769232944553,501.9992980957031,1582200,0.0,0.0
2024-10-28 00:00:00-04:00,502.03892323658476,505.4623572243857,500.79225663705984,502.8403625488281,2186400,0.0,0.0
2024-10-29 00:00:00-04:00,502.17742180115334,505.98674935451226,500.35686657096664,500.93072509765625,2066300,0.0,0.0
2024-10-30 00:00:00-04:00,507.10486052761615,510.9933298786267,501.643164149269,508.2624816894531,3121000,0.0,0.0
2024-10-31 00:00:00-04:00,515.7425804332348,522.3223420663334,493.75735114441943,494.3114318847656,5523300,0.0,0.0
2024-11-01 00:00:00-04:00,495.1524691313103,505.1556347161671,493.2626461260959,502.71173095703125,3753700,0.0,0.0
2024-11-04 00:00:00-05:00,503.760542187381,504.6114411042054,497.71508353464253,500.2381286621094,2165100,0.0,0.0
2024-11-05 00:00:00-05:00,500.23816160408103,502.78101490785286,498.2889748973769,500.2183837890625,2132900,0.0,0.0
2024-11-06 00:00:00-05:00,515.356673777883,517.4740774219935,510.48867450949854,515.6238403320312,3673700,0.0,0.0
2024-11-07 00:00:00-05:00,518.4536317679202,518.4932477868377,511.13185471063804,512.408203125,2382300,0.0,0.0
2024-11-08 00:00:00-05:00,514.8422327583278,523.2524236961495,514.0407934492757,519.2155151367188,2215600,0.0,0.0
2024-11-11 00:00:00-05:00,523.2623199775386,528.3876429377794,522.9358501304423,524.5189208984375,2213400,0.0,0.0
2024-11-12 00:00:00-05:00,523.5095897838581,525.2906195836782,521.7286203743066,523.578857421875,2577600,0.0,0.0
2024-11-13 00:00:00-05:00,524.4100723232392,524.8948854579193,510.9636338884205,516.365966796875,2681500,0.0,0.0
2024-11-14 00:00:00-05:00,515.119257877261,516.8408638214261,512.1806671222774,514.901611328125,2480400,0.0,0.0
2024-11-15 00:00:00-05:00,513.0514305527839,517.8600670756595,512.5270013517107,516.3759155273438,2408100,0.0,0.0
2024-11-18 00:00:00-05:00,513.1107329369607,517.9589245151138,511.5375059118556,516.1185913085938,2493400,0.0,0.0
2024-11-19 00:00:00-05:00,513.298749547353,517.127855415401,511.3000729582462,513.9715576171875,2716000,0.0,0.0
2024-11-20 00:00:00-05:00,516.0196988635038,516.9794211460496,505.6009267093423,507.1246337890625,2409400,0.0,0.0
2024-11-21 00:00:00-05:00,507.8072946174111,514.6245107420456,506.17473422812185,509.65753173828125,3077300,0.0,0.0
2024-11-22 00:00:00-05:00,511.468280819285,516.197805902717,510.7262050719893,515.3567504882812,3130400,0.0,0.0
2024-11-25 00:00:00-05:00,516.1284558995642,522.6686012818542,515.5150115442362,521.0360107421875,4503900,0.0,0.0
2024-11-26 00:00:00-05:00,522.3223508304874,525.0432949455746,519.5123310635502,522.8961791992188,2326800,0.0,0.0
2024-11-27 00:00:00-05:00,523.4601113049531,527.981832499163,521.0162380056237,526.7549438476562,2086300,0.0,0.0
2024-11-29 00:00:00-05:00,527.3783496743246,530.1091978171584,524.429854987776,527.30908203125,1760600,0.0,0.0
2024-12-02 00:00:00-05:00,527.2991464371131,529.1691915172763,520.6699254016306,525.7457275390625,2355100,0.0,0.0
2024-12-03 00:00:00-05:00,529.0207081270996,529.1691473967435,520.402775850752,520.6204223632812,2319400,0.0,0.0
2024-12-04 00:00:00-05:00,518.1074360611401,520.7195573322468,512.6951985700906,515.6338500976562,2630000,0.0,0.0
2024-12-05 00:00:00-05:00,519.0571555375633,521.8968268514443,516.6528376859292,519.2254028320312,2538600,0.0,0.0
2024-12-06 00:00:00-05:00,517.4047458637305,525.389485976533,516.9792964646676,522.9851684570312,2122700,0.0,0.0
2024-12-09 00:00:00-05:00,523.4304631612067,525.9733161240028,516.3658889741638,517.2959594726562,2942000,0.0,0.0
2024-12-10 00:00:00-05:00,516.9892709929615,524.063689254432,514.7234280361953,523.4205932617188,2003200,0.0,0.0
2024-12-11 00:00:00-05:00,523.5987276596575,530.2279493961247,521.6990307563748,528.8031616210938,2181100,0.0,0.0
2024-12-12 00:00:00-05:00,530.623677730039,531.0788392302882,526.3493144785953,526.78466796875,1860400,0.0,0.0
2024-12-13 00:00:00-05:00,528.5261252373316,529.0307464138913,523.3216909391133,523.4107666015625,1608200,0.0,0.0
2024-12-16 00:00:00-05:00,526.3789943580086,529.3472969577718,523.4106917582454,524.7068481445312,2923000,0.0,0.0
2024-12-17 00:00:00-05:00,523.8065613463957,526.1614198960028,519.3243948194471,525.3995361328125,4055800,0.0,0.0
2024-12-18 00:00:00-05:00,524.7167717592037,531.4548164968761,514.2188889993689,514.4662475585938,3190300,0.0,0.0
2024-12-19 00:00:00-05:00,518.6218673469238,523.6284025977282,516.682614726707,517.751220703125,3050500,0.0,0.0
2024-12-20 00:00:00-05:00,517.3454138530743,526.4581238451094,513.9318540586464,522.450927734375,7317100,0.0,0.0
2024-12-23 00:00:00-05:00,520.2742814717924,523.8065693501765,515.6239279460368,523.3712158203125,2270300,0.0,0.0
2024-12-24 00:00:00-05:00,523.6778461721735,530.0794563098691,522.2530585417195,530.0498046875,955000,0.0,0.0
2024-12-26 00:00:00-05:00,527.9917142094037,532.0187181715047,527.2891942704218,530.485107421875,1109600,0.0,0.0
2024-12-27 00:00:00-05:00,527.9719187793837,531.8801955759176,525.1916113572903,526.5768432617188,1541800,0.0,0.0
2024-12-30 00:00:00-05:00,521.4318230146501,522.9852419543347,515.821748014072,519.9971313476562,2101600,0.0,0.0
2024-12-31 00:00:00-05:00,522.0947010652345,523.5986602982471,520.0070095022229,521.00634765625,1942600,0.0,0.0
2025-01-02 00:00:00-05:00,523.598730199528,524.9542503348848,512.1905239387236,516.8804931640625,2818800,0.0,0.0
2025-01-03 00:00:00-05:00,517.0091220153744,518.9187229241384,512.2103295352786,515.8514404296875,1627500,0.0,0.0
2025-01-06 00:00:00-05:00,515.465551866635,515.8514457324975,505.6108250110938,506.5210876464844,2920800,0.0,0.0
2025-01-07 00:00:00-05:00,508.2526131384197,510.8746382367926,505.68007787302207,505.9967041015625,2211800,0.0,0.0
2025-01-08 00:00:00-05:00,506.6298686255218,511.9827414935233,506.12527771362636,510.94384765625,2456700,0.0,0.0
2025-01-10 00:00:00-05:00,507.45586143798414,509.0809396503733,498.7756334753888,500.07373046875,2815500,0.76,0.0
2025-01-13 00:00:00-05:00,496.4371302295071,501.5402204304456,495.3669796613994,500.3115234375,2885500,0.0,0.0
2025-01-14 00:00:00-05:00,502.4519023894439,504.75078040781153,499.61793391653663,504.3841247558594,2704800,0.0,0.0
2025-01-15 00:00:00-05:00,510.874552435451,518.9998846051285,509.0512832714136,517.5927734375,3024800,0.0,0.0
2025-01-16 00:00:00-05:00,518.8510973015635,522.3192208596585,515.9774850188605,518.37548828125,3275600,0.0,0.0
2025-01-17 00:00:00-05:00,519.802423417628,523.3200798242236,516.2649298069445,519.9213256835938,2374800,0.0,0.0
2025-01-21 00:00:00-05:00,522.8543511988842,525.1532292378079,522.1111817652387,523.250732421875,2706900,0.0,0.0
2025-01-22 00:00:00-05:00,523.1912011565629,525.4702416415037,520.8824048687775,522.378662109375,2037600,0.0,0.0
2025-01-23 00:00:00-05:00,524.2317164643752,529.4834351337942,523.8650910417458,529.3546142578125,2196500,0.0,0.0
2025-01-24 00:00:00-05:00,528.1358403181661,531.1778878756562,527.3035243976472,528.6312866210938,2472900,0.0,0.0
2025-01-27 00:00:00-05:00,528.7204581005403,542.9991929822294,526.8179008798342,542.6524047851562,3074600,0.0,0.0
2025-01-28 00:00:00-05:00,541.5623998053759,546.5267812244869,537.7177318212026,542.3749389648438,2727800,0.0,0.0
2025-01-29 00:00:00-05:00,542.018224355141,545.5953319423476,541.5227780805933,543.8018188476562,2549000,0.0,0.0
2025-01-30 00:00:00-05:00,549.9452461786846,571.6854264377838,549.4795558110686,560.85498046875,6005200,0.0,0.0
2025-01-31 00:00:00-05:00,558.6850632449605,560.3893694571774,549.5886765931333,550.3714599609375,4505100,0.0,0.0
2025-02-03 00:00:00-05:00,547.6068509112656,559.8542678124544,546.05114241399,558.8138427734375,3195500,0.0,0.0
2025-02-04 00:00:00-05:00,565.6807695337325,566.790564401911,552.5019101146498,554.0179443359375,2638900,0.0,0.0
2025-02-05 00:00:00-05:00,556.2374958218252,561.7072419240587,554.7016245008807,561.1325073242188,2404700,0.0,0.0
2025-02-06 00:00:00-05:00,560.9740409620399,564.5610673899571,559.3984950933218,561.99462890625,1738400,0.0,0.0
2025-02-07 00:00:00-05:00,562.8863310181382,564.8581972058709,556.6635582319158,557.6246948242188,2008300,0.0,0.0
2025-02-10 00:00:00-05:00,560.1021002131897,562.1037228260598,555.8908062266244,560.3399047851562,2357700,0.0,0.0
2025-02-11 00:00:00-05:00,559.8443438883921,561.271231507538,554.1268748101244,559.5570068359375,1847800,0.0,0.0
2025-02-12 00:00:00-05:00,556.8915687704163,559.6066048614515,554.3449674898937,559.4579467773438,1722200,0.0,0.0
2025-02-13 00:00:00-05:00,560.4488492429197,562.2225857633972,556.3564578287545,561.1524047851562,1709500,0.0,0.0
2025-02-14 00:00:00-05:00,560.8551318669568,564.0556956210829,558.9922489350861,559.6165161132812,1927400,0.0,0.0
2025-02-18 00:00:00-05:00,559.7551632058002,563.4511726513746,556.4059419223039,563.4313354492188,2064100,0.0,0.0
2025-02-19 00:00:00-05:00,562.3215765910602,565.5023632967614,561.4892607573207,563.3223876953125,2459100,0.0,0.0
2025-02-20 00:00:00-05:00,562.975666638495,563.3224548640231,553.9485888997236,558.1500244140625,2181900,0.0,0.0
2025-02-21 00:00:00-05:00,556.3167153732819,559.6560179379392,551.5109114034047,552.4324340820312,2256100,0.0,0.0
2025-02-24 00:00:00-05:00,553.3441195357625,556.3465529928427,551.7190412384507,553.908935546875,1752500,0.0,0.0
2025-02-25 00:00:00-05:00,557.3175208878154,560.8847093169854,547.6563200396017,558.89306640625,3609500,0.0,0.0
2025-02-26 00:00:00-05:00,557.4661883656199,561.5189044600363,554.5033692528106,556.158203125,2028000,0.0,0.0
2025-02-27 00:00:00-05:00,560.4191338038302,569.4659880602252,558.8634251677462,559.6759643554688,2436500,0.0,0.0
2025-02-28 00:00:00-05:00,562.1332677227648,571.1801205158821,558.8633347747251,571.0612182617188,3205400,0.0,0.0
2025-03-03 00:00:00-05:00,572.071983718171,576.9273206785583,564.8087247620332,569.6838989257812,3092600,0.0,0.0
2025-03-04 00:00:00-05:00,565.264496897361,567.9795323804469,546.9825201307971,550.0146484375,3318100,0.0,0.0
2025-03-05 00:00:00-05:00,547.5474553324747,555.8808355711485,546.29892096727,553.21533203125,2795400,0.0,0.0
2025-03-06 00:00:00-05:00,543.504575582985,550.6191769903495,539.7292773039409,544.8125610351562,3133200,0.0,0.0
2025-03-07 00:00:00-05:00,542.0875388417011,545.3673904257539,531.3958310991994,541.790283203125,3161300,0.0,0.0
2025-03-10 00:00:00-04:00,533.2488588227102,543.5640238284916,527.1746825520754,532.2282104492188,3893400,0.0,0.0
2025-03-11 00:00:00-04:00,532.3074907831756,533.1497252602719,517.4936350417954,521.0112915039062,4582600,0.0,0.0
2025-03-12 00:00:00-04:00,525.6784735392072,527.8584494821131,514.5309311395289,519.8619384765625,2810800,0.0,0.0
2025-03-13 00:00:00-04:00,519.7231545064252,523.7164806054245,512.9950157087122,515.095703125,2375800,0.0,0.0
2025-03-14 00:00:00-04:00,517.8403967801175,523.597479791192,516.2054604411951,522.8345336914062,2369500,0.0,0.0
2025-03-17 00:00:00-04:00,518.484446555602,528.6212564201303,516.7305476601357,527.1448364257812,2544800,0.0,0.0
2025-03-18 00:00:00-04:00,527.4917100352873,527.7394331461865,520.7238977113229,525.3612670898438,2363300,0.0,0.0
2025-03-19 00:00:00-04:00,526.7287876872821,532.7236758333502,524.7569210860452,531.2076416015625,2804300,0.0,0.0
2025-03-20 00:00:00-04:00,528.7401631308483,535.5674263165116,527.6997382014241,531.494873046875,2598600,0.0,0.0
2025-03-21 00:00:00-04:00,530.563495130877,533.149710101838,525.9261253790323,530.8112182617188,5973400,0.0,0.0
2025-03-24 00:00:00-04:00,534.4378430231682,540.4922421322847,533.3379668686696,538.718505859375,2758700,0.0,0.0
2025-03-25 00:00:00-04:00,540.9777900963064,542.196568557646,537.0637524979285,540.1949462890625,2138200,0.0,0.0
2025-03-26 00:00:00-04:00,542.1569815479071,546.011568204906,540.1553591799398,544.0693969726562,2681600,0.0,0.0
2025-03-27 00:00:00-04:00,544.0694171397208,556.7132166248043,542.8109641612189,552.4920043945312,2901200,0.0,0.0
2025-03-28 00:00:00-04:00,549.182352919433,553.5026903567382,535.1711783724594,535.6864013671875,2656400,0.0,0.0
2025-03-31 00:00:00-04:00,527.3133246949282,546.4078424691913,526.1837532123807,543.1279907226562,4741800,0.0,0.0
2025-04-01 00:00:00-04:00,541.8200781966922,546.1304974264232,539.0455909274815,543.5145263671875,2714900,0.0,0.0
2025-04-02 00:00:00-04:00,537.9158611261507,544.5251573156064,536.7169199678651,542.3947143554688,2994600,0.0,0.0
2025-04-03 00:00:00-04:00,523.6074116593837,535.0720454428194,522.2003612066496,525.718017578125,3443500,0.0,0.0
2025-04-04 00:00:00-04:00,514.8875654391048,516.1360996886498,483.8429161511273,485.3094177246094,6125100,0.0,0.0
2025-04-07 00:00:00-04:00,474.1420896508562,497.62625540340076,461.34966308084,481.09814453125,6009400,0.0,0.0
2025-04-08 00:00:00-04:00,496.4371335173892,500.9655194179653,467.36435172219336,475.54913330078125,3555400,0.0,0.0
2025-04-09 00:00:00-04:00,466.56729498064357,514.6025828313767,466.458138465009,511.5457763671875,4698400,0.76,0.0
2025-04-10 00:00:00-04:00,503.0106038541045,504.7970575394125,480.48168528258884,495.5770568847656,4105300,0.0,0.0
2025-04-11 00:00:00-04:00,494.50519647577516,512.0221523570665,492.1728996685622,505.9085998535156,3736200,0.0,0.0
2025-04-14 00:00:00-04:00,511.9825124217294,519.4756051690977,504.66805596496965,508.5982360839844,3005500,0.0,0.0
2025-04-15 00:00:00-04:00,509.53109138149244,517.3615870658523,509.51122271549775,513.4810791015625,2210700,0.0,0.0
2025-04-16 00:00:00-04:00,512.161103230743,517.7883578984248,506.0276821636819,509.56085205078125,2501000,0.0,0.0
2025-04-17 00:00:00-04:00,507.0995318671381,520.0313072813717,505.29323997936706,513.4314575195312,3329800,0.0,0.0
2025-04-21 00:00:00-04:00,513.1039593519191,513.749085271708,499.74540053481354,505.4818420410156,3345600,0.0,0.0
2025-04-22 00:00:00-04:00,511.7344227472942,524.8150945746573,508.8860551345376,523.356201171875,2384000,0.0,0.0
2025-04-23 00:00:00-04:00,533.687658617869,539.8409484201218,523.6439263357263,526.0159301757812,3051800,0.0,0.0
2025-04-24 00:00:00-04:00,524.7058641675447,532.0004513048476,521.311653798472,531.4248657226562,2209100,0.0,0.0
2025-04-25 00:00:00-04:00,531.4248981235842,532.8738570759576,525.8869309704556,529.4597778320312,2006100,0.0,0.0
2025-04-28 00:00:00-04:00,531.9905917748232,533.7075353843751,526.5022359040977,530.462158203125,1735400,0.0,0.0
2025-04-29 00:00:00-04:00,530.3133125505732,536.4069963023367,529.3902675988413,535.613037109375,2041500,0.0,0.0
2025-04-30 00:00:00-04:00,534.4717792335433,544.932330183157,525.5594094508399,543.929931640625,3783500,0.0,0.0
2025-05-01 00:00:00-04:00,545.8552190680066,548.6639092471754,535.6625940478917,542.5106201171875,2839900,0.0,0.0
2025-05-02 00:00:00-04:00,551.4428854818585,558.1420187977196,550.8076938590456,555.174560546875,2632600,0.0,0.0
2025-05-05 00:00:00-04:00,553.6064862509193,560.2956856689091,551.6612344949343,556.8915405273438,2130900,0.0,0.0
2025-05-06 00:00:00-04:00,552.2864321409236,561.4766598841377,551.909290916997,554.7775268554688,2341700,0.0,0.0
2025-05-07 00:00:00-04:00,555.0554611735913,562.9554372759952,554.2813100373141,562.062255859375,2493700,0.0,0.0
2025-05-08 00:00:00-04:00,565.1587721107973,569.5454470791112,562.7272226140896,562.8463134765625,2004300,0.0,0.0
2025-05-09 00:00:00-04:00,563.1738235749757,565.2877771713838,560.3452642539752,564.3548583984375,1528000,0.0,0.0
2025-05-12 00:00:00-04:00,575.6292361628882,576.4132610740353,562.1614896960523,573.9122924804688,3000300,0.0,0.0
2025-05-13 00:00:00-04:00,573.6442818882186,578.4676431459769,571.4608486310425,572.2449340820312,2370200,0.0,0.0
2025-05-14 00:00:00-04:00,573.9122249518397,574.27943181672,567.9673747836837,568.9598388671875,2237500,0.0,0.0
2025-05-15 00:00:00-04:00,569.803429362712,578.6462580079765,569.3270659697612,577.8126220703125,2034200,0.0,0.0
2025-05-16 00:00:00-04:00,576.0560230340367,579.8869205387299,576.0560230340367,578.8845825195312,2225900,0.0,0.0
2025-05-19 00:00:00-04:00,576.6415697526702,584.0155715009575,576.1056003157153,581.9909057617188,1875500,0.0,0.0
2025-05-20 00:00:00-04:00,576.8598601480853,579.5891365950957,572.502927936445,576.7308349609375,1964300,0.0,0.0
2025-05-21 00:00:00-04:00,572.1158810762047,574.6367181015637,562.8263709951297,565.2479858398438,2505300,0.0,0.0
2025-05-22 00:00:00-04:00,564.3746786526866,568.8407676582013,562.6577349301889,565.8435668945312,1869900,0.0,0.0
2025-05-23 00:00:00-04:00,560.2361236088823,563.2730617302606,558.2710638171698,559.3330078125,1948800,0.0,0.0
2025-05-27 00:00:00-04:00,562.5485472407056,570.2302102126239,562.2210171040532,570.2202758789062,2655200,0.0,0.0
2025-05-28 00:00:00-04:00,570.2500879698558,574.4779950869603,568.6224321695722,571.5799560546875,1702900,0.0,0.0
2025-05-29 00:00:00-04:00,571.5403190791297,574.2199846782822,568.6224717512013,573.426025390625,1347800,0.0,0.0
2025-05-30 00:00:00-04:00,572.4335908903561,581.1870727539062,572.1656061439487,581.1870727539062,4581100,0.0,0.0
2025-06-02 00:00:00-04:00,576.1254207311617,577.4354806364739,570.4485550500114,576.8399658203125,2089100,0.0,0.0
2025-06-03 00:00:00-04:00,575.5002000350343,578.1401886797319,569.118662617517,577.5843505859375,2116900,0.0,0.0
2025-06-04 00:00:00-04:00,579.7677651378049,582.4275617889148,577.8324479316213,579.7280883789062,1530200,0.0,0.0
2025-06-05 00:00:00-04:00,581.8916371826613,582.2687783951903,578.2393764812452,581.0281982421875,1480000,0.0,0.0
2025-06-06 00:00:00-04:00,583.4796059258559,586.7051146021525,581.6237027027419,585.6729736328125,1528600,0.0,0.0
2025-06-09 00:00:00-04:00,584.3033148118695,585.5538292918812,575.6291881174426,579.9265747070312,1936000,0.0,0.0
2025-06-10 00:00:00-04:00,580.2441258799043,585.4247590985364,578.7653035754464,585.0972290039062,2133700,0.0,0.0
2025-06-11 00:00:00-04:00,585.8714510562172,590.2283832630321,583.1719170379663,586.2882690429688,2238100,0.0,0.0
2025-06-12 00:00:00-04:00,584.9881277086923,586.2187735438171,580.1548322182115,584.8392944335938,1984000,0.0,0.0
2025-06-13 00:00:00-04:00,568.5429590857478,570.9050284453006,548.3463392610079,557.7946166992188,5905400,0.0,0.0
2025-06-16 00:00:00-04:00,559.650569620386,570.6668976758727,558.4000550743156,564.3845825195312,3108200,0.0,0.0
2025-06-17 00:00:00-04:00,560.464355570673,566.9848526525774,559.7498104207036,565.1587524414062,2246600,0.0,0.0
2025-06-18 00:00:00-04:00,566.5779111088467,566.7764160441865,530.1345978027578,534.670166015625,6966800,0.0,0.0
2025-06-20 00:00:00-04:00,532.8837933031118,534.283201741099,523.3561612549228,528.95361328125,8202800,0.0,0.0
2025-06-23 00:00:00-04:00,527.4153129191492,539.0370906121472,523.5943499450648,538.262939453125,3681100,0.0,0.0
2025-06-24 00:00:00-04:00,552.981153457499,559.8688569025145,548.3264942919527,553.3285522460938,4503200,0.0,0.0
2025-06-25 00:00:00-04:00,551.8100681912687,554.2713599027326,544.4856779077495,545.5575561523438,2889200,0.0,0.0
2025-06-26 00:00:00-04:00,541.4189799246863,544.773452917785,537.9850322658066,541.6968383789062,3764100,0.0,0.0
2025-06-27 00:00:00-04:00,542.6496767589316,552.5048391183288,541.4388389207826,546.1729125976562,3837500,0.0,0.0
2025-06-30 00:00:00-04:00,548.3364580080538,558.3901249710324,547.7410037317021,557.705322265625,5054600,0.0,0.0
2025-07-01 00:00:00-04:00,555.1050500804404,562.0423647273404,552.842202765034,560.3551635742188,3827000,0.0,0.0
2025-07-02 00:00:00-04:00,558.6977953769654,561.7247990513679,553.1896312194121,557.2885131835938,2502300,0.0,0.0
2025-07-03 00:00:00-04:00,556.554108931753,565.3671353900829,556.5143715952076,564.9503173828125,1528700,0.0,0.0
2025-07-07 00:00:00-04:00,566.3695536036049,566.4489677042457,556.1273153285213,560.8613891601562,2478300,0.0,0.0
2025-07-08 00:00:00-04:00,560.3254259017027,562.3500309574987,556.1967411219719,558.2015380859375,3083800,0.0,0.0
2025-07-09 00:00:00-04:00,558.5195044434666,561.9183072195976,555.7865353380938,561.6102294921875,2454300,0.76,0.0
2025-07-10 00:00:00-04:00,562.1470264383948,562.5544606718796,557.5357468049294,560.0302124023438,2577200,0.0,0.0
2025-07-11 00:00:00-04:00,556.353018714548,557.3468256729199,542.4695039643696,546.772705078125,3221400,0.0,0.0
2025-07-14 00:00:00-04:00,547.0907408163625,555.6076738877676,544.3975020722224,549.5951538085938,2500900,0.0,0.0
2025-07-15 00:00:00-04:00,549.6845683369102,551.423730565157,545.2522279929351,546.9515991210938,2449100,0.0,0.0
2025-07-16 00:00:00-04:00,548.9988129697173,552.0796508789062,546.0969136880826,552.0796508789062,2424200,0.0,0.0
2025-07-17 00:00:00-04:00,549.555410986381,553.9281863320101,547.1007366530904,552.1691284179688,2722000,0.0,0.0
2025-07-18 00:00:00-04:00,551.8213003912495,552.9045160843816,547.4684207535212,549.2373657226562,2579600,0.0,0.0
2025-07-21 00:00:00-04:00,549.9728291156594,554.6238386902708,548.62120546905,551.215087890625,2194400,0.0,0.0
2025-07-22 00:00:00-04:00,552.3679394472201,556.7407150895959,551.8014621032869,555.2996826171875,2010400,0.0,0.0
2025-07-23 00:00:00-04:00,553.5604521956205,559.0064951986553,551.0659868960482,558.6090087890625,2180400,0.0,0.0
2025-07-24 00:00:00-04:00,558.5195433812112,564.323403047849,558.4201869424086,560.01025390625,1874700,0.0,0.0
2025-07-25 00:00:00-04:00,560.8649082777351,566.4302639148558,560.3580569986888,564.7009887695312,1513300,0.0,0.0
2025-07-28 00:00:00-04:00,563.8562218607785,568.1097445524234,562.7133196510362,564.7606201171875,2492400,0.0,0.0
2025-07-29 00:00:00-04:00,566.4998883527628,569.4514663140268,559.513395348686,559.8314208984375,2393800,0.0,0.0
2025-07-30 00:00:00-04:00,556.8598759462978,562.107145201105,551.7715891173851,555.6473999023438,2833200,0.0,0.0
2025-07-31 00:00:00-04:00,565.0488842360215,575.8515620654825,559.0264159122504,562.9618530273438,4568300,0.0,0.0
2025-08-01 00:00:00-04:00,560.3680535050502,561.3718083752091,552.6561007499132,556.4226684570312,3316700,0.0,0.0
2025-08-04 00:00:00-04:00,560.7953546750655,566.3904931818957,559.0164619039871,566.2811889648438,2984700,0.0,0.0
2025-08-05 00:00:00-04:00,566.0724353093209,568.2886661363298,558.6487262347946,562.5344848632812,2883200,0.0,0.0
2025-08-06 00:00:00-04:00,565.4662601709854,566.8277709684766,560.4773294006005,565.6054077148438,2245200,0.0,0.0
2025-08-07 00:00:00-04:00,569.4216180486558,570.3459120187295,550.4299791562731,557.744384765625,2979600,0.0,0.0
2025-08-08 00:00:00-04:00,560.2586374277749,572.5917543137534,559.2052045446628,570.76318359375,2907700,0.0,0.0
2025-08-11 00:00:00-04:00,571.4390219350503,573.0192017457277,565.9134574709736,570.0377807617188,2116600,0.0,0.0
2025-08-12 00:00:00-04:00,571.6178914526129,574.7384599273962,566.9271516226563,570.6240844726562,2593800,0.0,0.0
2025-08-13 00:00:00-04:00,573.7545676970465,576.6763624762269,570.4849041006058,574.321044921875,2352900,0.0,0.0
2025-08-14 00:00:00-04:00,573.8936906330764,580.7808264188782,571.9359199876542,580.144775390625,2642300,0.0,0.0
2025-08-15 00:00:00-04:00,581.3771464737745,585.908904368719,577.5112223437749,578.0975952148438,2263800,0.0,0.0
2025-08-18 00:00:00-04:00,578.415534044247,581.8640150071225,577.0937538313782,580.5223999023438,1812000,0.0,0.0
2025-08-19 00:00:00-04:00,580.7908089455083,586.912694948073,580.6019831610129,581.884033203125,2334500,0.0,0.0
2025-08-20 00:00:00-04:00,582.2814890677045,590.2021631664512,582.2814890677045,589.0095825195312,2884600,0.0,0.0
2025-08-21 00:00:00-04:00,585.3921032050637,588.5425153360256,580.3137635610957,588.2542724609375,2349200,0.0,0.0
2025-08-22 00:00:00-04:00,591.61336440694,598.0433279933587,589.4071417234325,595.250732421875,2388900,0.0,0.0
2025-08-25 00:00:00-04:00,594.1176904596882,595.3301058484158,589.1883860487944,589.5362548828125,1984300,0.0,0.0
2025-08-26 00:00:00-04:00,589.4070948792747,592.3089944452342,582.6591062729773,587.9461669921875,4774600,0.0,0.0
2025-08-27 00:00:00-04:00,587.5486565342397,590.9375117048644,586.1672502506871,587.0020141601562,1480900,0.0,0.0
2025-08-28 00:00:00-04:00,587.1611022463748,589.8543412512339,586.0678780715909,586.8231811523438,2159800,0.0,0.0
2025-08-29 00:00:00-04:00,588.3337901050431,593.1338952752119,586.6045754946789,591.6033935546875,2111200,0.0,0.0
2025-09-02 00:00:00-04:00,591.9313663827048,591.9313663827048,582.3709471540129,588.20458984375,2284500,0.0,0.0
2025-09-03 00:00:00-04:00,588.1648027066689,590.3213468720102,585.3125815230086,589.6058349609375,1959400,0.0,0.0
2025-09-04 00:00:00-04:00,589.3574111239441,592.1996846672379,585.6405218859821,591.9512329101562,1653700,0.0,0.0
2025-09-05 00:00:00-04:00,591.7822580826584,594.873044123978,575.4441283249992,580.6019287109375,2432100,0.0,0.0
2025-09-08 00:00:00-04:00,579.011830628436,586.1374098484714,577.1037381686823,582.9671630859375,1948200,0.0,0.0
2025-09-09 00:00:00-04:00,579.9261277146024,587.5188279195293,579.6876237344966,580.38330078125,2266000,0.0,0.0
2025-09-10 00:00:00-04:00,578.5249005287882,578.5249005287882,567.4638232544596,575.7919311523438,2535200,0.0,0.0
2025-09-11 00:00:00-04:00,577.2826837935211,586.3163565318348,576.4180764530798,585.0840454101562,2407000,0.0,0.0
2025-09-12 00:00:00-04:00,582.8081760121677,585.5610407959563,576.4080565442517,576.8154907226562,2242800,0.0,0.0
2025-09-15 00:00:00-04:00,579.1211145959815,582.8677862726813,577.8987514365971,579.3497314453125,2222600,0.0,0.0
2025-09-16 00:00:00-04:00,574.4303790759924,584.4678052562775,573.2576941248602,582.7882690429688,2537000,0.0,0.0
2025-09-17 00:00:00-04:00,584.0703733023404,595.1811290348074,583.8020259839013,594.9227294921875,2930800,0.0,0.0
2025-09-18 00:00:00-04:00,592.3885688901374,597.8942385338261,582.2517240693951,582.420654296875,3294600,0.0,0.0
2025-09-19 00:00:00-04:00,584.9746986254881,585.2231503870144,577.9087450854051,580.5422973632812,6745300,0.0,0.0
2025-09-22 00:00:00-04:00,577.3720192344217,583.712512698235,576.547203103924,580.8702392578125,3241700,0.0,0.0
2025-09-23 00:00:00-04:00,581.8243602094963,583.2256014865045,564.7308665050114,566.440185546875,3223000,0.0,0.0
2025-09-24 00:00:00-04:00,567.742088331162,568.1196791840795,561.4512730786438,565.287353515625,2867200,0.0,0.0
2025-09-25 00:00:00-04:00,561.5009990163151,568.8452478797537,561.0736692516764,563.7867431640625,2700600,0.0,0.0
2025-09-26 00:00:00-04:00,563.111011996814,566.1321639472875,560.5668680761057,561.6302490234375,2106500,0.0,0.0
2025-09-29 00:00:00-04:00,562.4947594679476,565.7942059719551,559.0263827587069,564.6215209960938,2615600,0.0,0.0
2025-09-30 00:00:00-04:00,562.3059325352875,567.0960895225562,560.1593361185973,565.287353515625,2379200,0.0,0.0
2025-10-01 00:00:00-04:00,562.1767493021757,571.9060982174842,561.510915580997,570.2166748046875,3685100,0.0,0.0
2025-10-02 00:00:00-04:00,569.1830898674027,576.2491040617024,567.2352668784392,573.754638671875,2483500,0.0,0.0
2025-10-03 00:00:00-04:00,572.860222704169,579.6081511158128,572.860222704169,576.8553466796875,2331600,0.0,0.0
2025-10-06 00:00:00-04:00,575.6428458497551,577.5410513086227,565.7346185443572,575.2254638671875,2573500,0.0,0.0
2025-10-07 00:00:00-04:00,575.4043121182365,582.4504305218023,575.3247905732775,576.2490844726562,2120700,0.0,0.0
2025-10-08 00:00:00-04:00,577.7199002651006,579.4590625384197,572.5123612204228,572.8701171875,1934700,0.0,0.0
2025-10-09 00:00:00-04:00,574.4224964544785,576.5719875620148,559.764412647517,561.79443359375,2579800,0.76,0.0
2025-10-10 00:00:00-04:00,564.8097114430644,566.6406965601308,553.9728499504212,554.7589721679688,3553900,0.0,0.0
2025-10-13 00:00:00-04:00,555.2763771545768,562.2422098428959,550.3107432847194,556.5103149414062,2996500,0.0,0.0
2025-10-14 00:00:00-04:00,553.2861480863481,567.0287386515931,553.2861480863481,565.14794921875,2627300,0.0,0.0
2025-10-15 00:00:00-04:00,561.5457060488693,565.914293553121,556.6696588138108,560.06298828125,2262400,0.0,0.0
2025-10-16 00:00:00-04:00,560.0529654974874,561.8939721044451,544.7182083101683,547.196044921875,3210600,0.0,0.0
2025-10-17 00:00:00-04:00,549.7933430432181,560.053018557162,549.3157053100937,558.23193359375,2756700,0.0,0.0
2025-10-20 00:00:00-04:00,558.9584137819801,564.6504659123256,551.0869876435563,563.5956420898438,2046400,0.0,0.0
2025-10-21 00:00:00-04:00,559.4160952285487,573.1686477094717,558.0329259172561,569.2379760742188,2722400,0.0,0.0
2025-10-22 00:00:00-04:00,568.2627435392908,573.6164890962738,565.8048285437154,568.5712280273438,1820500,0.0,0.0
2025-10-23 00:00:00-04:00,571.5565686543443,574.1737366408021,568.8796959537838,570.969482421875,2187500,0.0,0.0
2025-10-24 00:00:00-04:00,574.4225164143168,577.9850596551607,570.2828478495533,570.8699340820312,1839600,0.0,0.0
2025-10-27 00:00:00-04:00,572.9098693718147,572.9098693718147,563.7149797248437,569.5662841796875,2981000,0.0,0.0
2025-10-28 00:00:00-04:00,570.2828502119792,571.1883818358436,562.6900868945671,563.167724609375,2916000,0.0,0.0
2025-10-29 00:00:00-04:00,558.8887464714337,564.043456134609,548.5394835091379,551.8731689453125,3763400,0.0,0.0
2025-10-30 00:00:00-04:00,548.8678306162944,560.1723678259252,542.9767431705668,550.9774780273438,4284700,0.0,0.0
2025-10-31 00:00:00-04:00,546.2109314853558,551.7238693744919,540.8771077438181,549.2957763671875,3567100,0.0,0.0
2025-11-03 00:00:00-05:00,547.3154773877577,548.3105964375536,537.7225151707859,541.4144287109375,3175500,0.0,0.0
2025-11-04 00:00:00-05:00,542.1707370026397,551.325844544919,539.8321707583509,550.0520629882812,2653900,0.0,0.0
2025-11-05 00:00:00-05:00,550.3008904926859,553.6146542718847,546.6886031156433,550.609375,2198500,0.0,0.0
2025-11-06 00:00:00-05:00,547.4945624406189,552.2910432942743,545.1858790792799,550.5794677734375,2593600,0.0,0.0
2025-11-07 00:00:00-05:00,551.0969639267937,555.943189247448,547.9822361802867,549.27587890625,2510400,0.0,0.0
2025-11-10 00:00:00-05:00,549.5843737031495,551.9925447785074,545.9024211000758,550.2610473632812,1978300,0.0,0.0
2025-11-11 00:00:00-05:00,550.3008322250772,555.8038697012063,545.335197905418,555.6246948242188,1832400,0.0,0.0
2025-11-12 00:00:00-05:00,557.2666236876837,563.1477500811441,555.6843577996126,558.4906005859375,1761500,0.0,0.0
2025-11-13 00:00:00-05:00,557.147236876174,560.8490504441371,552.1517200037939,552.8582763671875,2031300,0.0,0.0
2025-11-14 00:00:00-05:00,553.3260210503371,554.2813572837772,541.3945523592623,543.0663452148438,2567800,0.0,0.0
2025-11-17 00:00:00-05:00,543.3349774607054,546.6387798502179,533.5927842540615,534.2296142578125,2557900,0.0,0.0
2025-11-18 00:00:00-05:00,530.9557365397751,533.3838295365583,522.1389960240023,525.0049438476562,3594700,0.0,0.0
2025-11-19 00:00:00-05:00,525.572187919668,528.4082531189085,522.4176165760657,527.7713623046875,2723100,0.0,0.0
2025-11-20 00:00:00-05:00,530.6870959763289,535.8319059679902,524.6069322450084,525.3035278320312,3240300,0.0,0.0
2025-11-21 00:00:00-05:00,529.940647641886,541.7527052515504,529.0748989753625,537.7623291015625,3807500,0.0,0.0
2025-11-24 00:00:00-05:00,540.7874733962273,541.3845205031037,532.4981150951704,535.2247314453125,5941000,0.0,0.0
2025-11-25 00:00:00-05:00,538.8569608585108,547.7135446208898,536.3691632552859,543.8026733398438,3132600,0.0,0.0
2025-11-26 00:00:00-05:00,545.802863025622,545.9919380697335,541.5139024602729,542.2702026367188,2185300,0.0,0.0
2025-11-28 00:00:00-05:00,545.4546463676735,548.7087053156318,542.7578516956506,547.8429565429688,1254800,0.0,0.0
2025-12-01 00:00:00-05:00,544.967011014713,547.0965803582449,540.7377550530218,541.3148803710938,2227000,0.0,0.0
2025-12-02 00:00:00-05:00,544.6087913613859,552.0423016273471,538.3991973729142,543.2454223632812,3076000,0.0,0.0
2025-12-03 00:00:00-05:00,544.6485356459596,552.3607078574091,543.8325307815693,551.0272216796875,2687900,0.0,0.0
2025-12-04 00:00:00-05:00,554.3112093177178,556.2715647480131,536.9264474371255,539.6630249023438,2878800,0.0,0.0
2025-12-05 00:00:00-05:00,539.0659597080545,547.7533295345941,538.6081830819664,542.8573608398438,2126700,0.0,0.0
2025-12-08 00:00:00-05:00,544.0514398673703,544.6585086280986,534.7670231687742,537.8021240234375,2453800,0.0,0.0
2025-12-09 00:00:00-05:00,536.080580553684,539.2550126061908,533.3041596604628,534.9262084960938,1965300,0.0,0.0
2025-12-10 00:00:00-05:00,535.4635970523245,542.29009865753,534.8764501315145,536.2297973632812,3023400,0.0,0.0
2025-12-11 00:00:00-05:00,540.1208102115583,562.3716585816186,540.0014007792305,560.6202392578125,3659900,0.0,0.0
2025-12-12 00:00:00-05:00,563.2374394922961,570.9098300122753,563.1279909626217,569.1384887695312,3515400,0.0,0.0
2025-12-15 00:00:00-05:00,570.083808267288,570.5017412633576,564.3916956975079,566.3521118164062,2714000,0.0,0.0
2025-12-16 00:00:00-05:00,567.9144742504873,568.2129978286919,559.73456378419,563.25732421875,2748700,0.0,0.0
2025-12-17 00:00:00-05:00,562.7597044410878,568.9692371521011,560.8092493768368,562.7098999023438,3287100,0.0,0.0
2025-12-18 00:00:00-05:00,562.2422342438679,566.3520805673203,560.2917791410832,563.4463500976562,2259000,0.0,0.0
2025-12-19 00:00:00-05:00,563.4562755156959,570.1435070697106,562.4412953929074,569.4369506835938,7262100,0.0,0.0
2025-12-22 00:00:00-05:00,569.4369808372912,576.6217722933915,568.2130037851974,572.8900756835938,2500200,0.0,0.0
2025-12-23 00:00:00-05:00,573.0791493232122,578.880649907402,572.9398180731846,573.536865234375,1794700,0.0,0.0
2025-12-24 00:00:00-05:00,574.4324302019369,579.4478079869718,574.1836504573713,576.6217041015625,1058900,0.0,0.0
2025-12-26 00:00:00-05:00,576.9202882510689,578.363223068573,575.8555035440072,576.77099609375,972300,0.0,0.0
2025-12-29 00:00:00-05:00,576.7709383495611,579.1492872962721,574.5916253469325,575.0792846679688,1274900,0.0,0.0
2025-12-30 00:00:00-05:00,573.268198024053,574.9599125526473,571.447113160274,574.6016235351562,1512800,0.0,0.0
2025-12-31 00:00:00-05:00,573.7458357978392,575.1588878393545,567.8348262241313,568.0935668945312,1736500,0.0,0.0
2026-01-02 00:00:00-05:00,567.9244282745939,568.093581510651,556.7591606871052,560.3814086914062,3901900,0.0,0.0
2026-01-05 00:00:00-05:00,556.8884728797797,573.4472671100056,555.7242006918356,565.7947998046875,2865000,0.0,0.0
2026-01-06 00:00:00-05:00,566.2227689497513,578.5323873805928,565.1679451312857,577.5074462890625,4056100,0.0,0.0
2026-01-07 00:00:00-05:00,576.4426255704404,582.4233007170747,574.8006548600157,577.0894165039062,3653900,0.0,0.0
2026-01-08 00:00:00-05:00,574.6912061846187,586.7918269798138,570.7007691185073,577.2387084960938,3390200,0.0,0.0
2026-01-09 00:00:00-05:00,576.1523691287855,579.3415453427215,573.3917903628915,573.591064453125,2221100,0.87,0.0
2026-01-12 00:00:00-05:00,562.120106759135,565.9570455300814,554.0076558867856,564.3624877929688,3486400,0.0,0.0
2026-01-13 00:00:00-05:00,557.0573440393113,557.0573440393113,531.892843404534,543.1445922851562,8721600,0.0,0.0
2026-01-14 00:00:00-05:00,542.6561716194899,546.7323485069271,536.3276988162904,544.9683227539062,3943700,0.0,0.0
2026-01-15 00:00:00-05:00,546.662679803727,548.0180601185864,537.1748959427398,540.8125610351562,4005600,0.0,0.0
2026-01-16 00:00:00-05:00,538.4106072917148,542.1878123675824,536.855892261212,537.6631469726562,3496200,0.0,0.0
2026-01-20 00:00:00-05:00,528.8032378022939,534.5935613265553,526.7203491035959,529.9393920898438,4098700,0.0,0.0
2026-01-21 00:00:00-05:00,531.7133721088328,535.5802382141601,522.9930020465436,525.7835083007812,4937700,0.0,0.0
2026-01-22 00:00:00-05:00,528.1256167859415,531.3845636789412,522.036320502706,531.0556640625,5114900,0.0,0.0
2026-01-23 00:00:00-05:00,529.6105320222558,530.338101486175,518.3986263630635,522.963134765625,5002900,0.0,0.0
2026-01-26 00:00:00-05:00,524.9264563020073,528.5939876454976,520.8802068628081,525.57421875,4839700,0.0,0.0
2026-01-27 00:00:00-05:00,525.8633011938227,527.3183184262399,517.7906928354904,518.6477661132812,3850800,0.0,0.0
2026-01-28 00:00:00-05:00,520.1925821531595,522.0562451688579,516.5150746480979,519.6045532226562,5483000,0.0,0.0
2026-01-29 00:00:00-05:00,529.9892229172449,542.3970767083056,518.3487812058779,541.8887939453125,5488300,0.0,0.0
2026-01-30 00:00:00-05:00,539.1780293529827,541.9187172403714,533.417572522911,536.9655151367188,4306900,0.0,0.0
2026-02-02 00:00:00-05:00,539.1580691255213,555.2334539655158,539.1182264733111,553.4893798828125,4603300,0.0,0.0
2026-02-03 00:00:00-05:00,552.4529858895477,558.2133824513234,547.1709445222494,548.8551635742188,5706700,0.0,0.0
2026-02-04 00:00:00-05:00,547.8684856797382,554.715217630343,539.1780425275945,551.6456909179688,4448000,0.0,0.0
2026-02-05 00:00:00-05:00,552.9711783428334,560.0172456637108,548.0878069042582,550.021240234375,4621600,0.0,0.0
2026-02-06 00:00:00-05:00,551.197190637133,554.9045647012864,537.9721063106256,546.8818359375,3779700,0.0,0.0
2026-02-09 00:00:00-05:00,541.8689013086442,544.7092262559487,532.3910945092823,533.5172729492188,4110300,0.0,0.0
2026-02-10 00:00:00-05:00,534.4540758400947,545.1477219257376,533.1883569109134,538.5601196289062,2222700,0.0,0.0
2026-02-11 00:00:00-05:00,536.3277416398079,538.8690946680849,531.3047691497292,535.6400756835938,3691000,0.0,0.0
2026-02-12 00:00:00-05:00,538.1016329211133,541.1612443089805,525.3649413433213,525.6738891601562,3466200,0.0,0.0
2026-02-13 00:00:00-05:00,527.268454303795,532.1817526629293,514.2726332431193,516.6046752929688,4017700,0.0,0.0
2026-02-17 00:00:00-05:00,513.2561320201453,524.0793438169188,513.2561320201453,520.1626586914062,3178000,0.0,0.0
2026-02-18 00:00:00-05:00,520.7207386007042,528.9627542546749,517.6412359991667,526.192138671875,3575900,0.0,0.0
2026-02-19 00:00:00-05:00,523.0328715148239,524.7470788343395,514.3025251351302,518.498291015625,3009400,0.0,0.0
2026-02-20 00:00:00-05:00,518.4883271895454,525.7137772080447,516.8339750532887,524.62744140625,2838500,0.0,0.0
2026-02-23 00:00:00-05:00,518.7075550778931,520.9499361269833,488.34076180188265,494.350341796875,6312300,0.0,0.0
2026-02-24 00:00:00-05:00,492.0681055128485,497.55945748018934,489.59652266539183,496.3136901855469,5292900,0.0,0.0
2026-02-25 00:00:00-05:00,501.1173704894406,508.8112304304583,500.7187310425245,507.6651306152344,4139100,0.0,0.0
2026-02-26 00:00:00-05:00,509.2198444052808,518.139550275927,507.2864111578843,513.0269165039062,4843600,0.0,0.0
2026-02-27 00:00:00-05:00,507.7448671996763,517.0034185248245,505.03407626933733,515.4586791992188,5121100,0.0,0.0
2026-03-02 00:00:00-05:00,507.7547990247543,524.3782791432044,505.6220309390667,519.2357788085938,3827000,0.0,0.0
2026-03-03 00:00:00-05:00,511.8707999525178,525.0161384264902,511.2628801324818,522.5445556640625,4199700,0.0,0.0
2026-03-04 00:00:00-05:00,522.3850834207832,524.3783111000616,518.5182776851857,521.1492919921875,3154700,0.0,0.0
2026-03-05 00:00:00-05:00,519.3354191739762,523.5411609786337,511.01371839834417,522.8833618164062,3879300,0.0,0.0
2026-03-06 00:00:00-05:00,517.8804195850827,520.7805390342954,510.46561033742245,520.5712890625,2872900,0.0,0.0
2026-03-09 00:00:00-04:00,514.5218165893444,519.1261673949316,507.38602784778726,515.9668579101562,3546600,0.0,0.0
2026-03-10 00:00:00-04:00,515.1995410262484,517.5714868513976,509.2696764633758,512.97705078125,2759800,0.0,0.0
2026-03-11 00:00:00-04:00,511.3426359996665,513.5650653540313,501.01770100498106,502.2933654785156,2873200,0.0,0.0
2026-03-12 00:00:00-04:00,498.30690063865325,503.90786533555337,494.6094719519015,495.6260070800781,2702500,0.0,0.0
2026-03-13 00:00:00-04:00,494.87856046154434,500.16060158919004,493.7224847702739,496.3037109375,2809300,0.0,0.0
2026-03-16 00:00:00-04:00,496.9315876099652,506.85785293189724,496.9315876099652,506.77813720703125,3450300,0.0,0.0
2026-03-17 00:00:00-04:00,508.82118217178623,515.209510929112,504.7849082987658,504.8646240234375,2834300,0.0,0.0
2026-03-18 00:00:00-04:00,502.04420627088837,502.04420627088837,486.26782305708804,486.8159484863281,3458700,0.0,0.0
2026-03-19 00:00:00-04:00,488.8590025913474,495.39678685156525,485.6598807284206,489.4769287109375,3284500,0.0,0.0
2026-03-20 00:00:00-04:00,490.8024045256165,497.52954774720575,489.3473568781192,494.6393737792969,5762900,0.0,0.0
2026-03-23 00:00:00-04:00,504.3363910086009,505.32305933210245,498.68560791015625,498.68560791015625,2985900,0.0,0.0
2026-03-24 00:00:00-04:00,493.9617018913069,501.02769041919385,491.56980432631326,497.24053955078125,2278900,0.0,0.0
2026-03-25 00:00:00-04:00,499.592532672195,504.53572852855694,492.88531095171646,501.05755615234375,2422000,0.0,0.0
2026-03-26 00:00:00-04:00,498.81517423129173,503.0906254618475,497.36009620994895,499.0543518066406,3995400,0.0,0.0
2026-03-27 00:00:00-04:00,497.7587993112566,498.3567432895792,478.87295469705015,482.60028076171875,3963300,0.0,0.0
2026-03-30 00:00:00-04:00,486.37745411224427,493.8620338292683,485.3509430672958,492.3272399902344,3629500,0.0,0.0
2026-03-31 00:00:00-04:00,498.30692367166904,499.7121528461321,488.9188078474288,497.96807861328125,4417600,0.0,0.0
2026-04-01 00:00:00-04:00,500.52935948805333,501.2967411645667,484.0054856598396,489.98516845703125,4607100,0.0,0.0
2026-04-02 00:00:00-04:00,486.4770872871167,498.1872991537196,486.0983691860037,491.76910400390625,2926000,0.0,0.0
2026-04-06 00:00:00-04:00,492.0780619262817,500.2104341538506,489.5167571703568,499.80181884765625,2466000,0.0,0.0
2026-04-07 00:00:00-04:00,496.6026882726865,500.89809122547007,493.99156503893755,496.59271240234375,3593200,0.0,0.0
2026-04-08 00:00:00-04:00,506.2797959813948,510.0868678883887,504.14702791130003,505.40277099609375,3874900,0.0,0.0
2026-04-09 00:00:00-04:00,503.61575911399495,505.82208253363325,496.9269900902095,502.7272644042969,3301800,0.87,0.0
2026-04-10 00:00:00-04:00,501.16990038575426,503.54592235112034,494.84051397652684,497.82550048828125,2842200,0.0,0.0
2026-04-13 00:00:00-04:00,495.3995738401377,508.0184050537669,494.1716212678326,507.7288818359375,3318100,0.0,0.0
2026-04-14 00:00:00-04:00,507.14987048048,513.1198435517446,505.8420651809317,512.3012084960938,2744600,0.0,0.0
2026-04-15 00:00:00-04:00,515.136449065474,521.5656738515961,512.3411471873799,519.08984375,2910800,0.0,0.0
2026-04-16 00:00:00-04:00,517.1630848653601,521.3560072472516,516.1447723784948,517.6721801757812,2967400,0.0,0.0
2026-04-17 00:00:00-04:00,520.6272897989797,526.5872699856476,517.8718988035894,520.4276123046875,3617200,0.0,0.0
2026-04-20 00:00:00-04:00,519.8885076004997,523.6022528591566,513.6788852082232,515.785400390625,2503500,0.0,0.0
2026-04-21 00:00:00-04:00,516.064911169074,522.2345616371073,509.3162447353658,510.4942626953125,3444900,0.0,0.0
2026-04-22 00:00:00-04:00,511.21305114125954,512.9301434498145,504.8736718600815,509.3062438964844,2288500,0.0,0.0
2026-04-23 00:00:00-04:00,506.5209156502675,508.7970988705705,497.5359770754125,501.5392761230469,2724000,0.0,0.0
2026-04-24 00:00:00-04:00,498.16490223776395,504.7638254971912,494.80054695099955,503.3262634277344,2406900,0.0,0.0
2026-04-27 00:00:00-04:00,499.92196456641676,508.19806892942654,499.92196456641676,505.58245849609375,2531300,0.0,0.0
2026-04-28 00:00:00-04:00,511.3927337208119,516.1347844483354,506.391108362079,506.7704772949219,3892500,0.0,0.0
2026-04-29 00:00:00-04:00,529.1030571189795,533.3160266750201,520.0183102540465,524.3510131835938,5876700,0.0,0.0
2026-04-30 00:00:00-04:00,503.6557115813454,513.2895865328657,498.1249743249343,502.078369140625,5975100,0.0,0.0
2026-05-01 00:00:00-04:00,505.15319847888844,508.14817791651035,491.32637064856624,494.6308288574219,4531800,0.0,0.0
2026-05-04 00:00:00-04:00,494.17160409255035,506.44104497528815,493.05348331752737,503.8952941894531,4419900,0.0,0.0
2026-05-05 00:00:00-04:00,500.1915096501422,503.0367461806949,492.4345239523147,496.24810791015625,4216700,0.0,0.0
2026-05-06 00:00:00-04:00,498.30470057373964,499.9019985900837,488.9104446142212,491.06683349609375,4363300,0.0,0.0
2026-05-07 00:00:00-04:00,491.87548387368145,502.67735356194936,491.87548387368145,500.1016845703125,4964100,0.0,0.0
2026-05-08 00:00:00-04:00,499.293029934125,499.57256013132996,490.9070935514707,494.65081787109375,4143400,0.0,0.0
2026-05-11 00:00:00-04:00,494.1716032465931,500.82046120080076,491.1866168469714,496.9768981933594,3959400,0.0,0.0
2026-05-12 00:00:00-04:00,499.77219023432,505.4626631941628,498.9136441099993,498.9735412597656,3296000,0.0,0.0
2026-05-13 00:00:00-04:00,494.780561947057,497.76557877805425,489.49943691241896,489.81890869140625,3322800,0.0,0.0
2026-05-14 00:00:00-04:00,490.4578405207208,493.67245306164295,487.19332384152165,489.1200866699219,2584900,0.0,0.0
2026-05-15 00:00:00-04:00,492.6741146043095,501.43941982177057,491.50605922521294,493.3729553222656,3416500,0.0,0.0
2026-05-18 00:00:00-04:00,490.6674856541354,505.38283909887537,490.12841127571545,504.9435729980469,4076600,0.0,0.0
2026-05-19 00:00:00-04:00,506.71060128060833,512.0416916577155,497.6657655319323,498.86376953125,3378300,0.0,0.0
2026-05-20 00:00:00-04:00,492.67413208821813,498.8637686293235,489.97863832788033,497.20654296875,3615700,0.0,0.0
2026-05-21 00:00:00-04:00,495.1699375037718,500.5409388779497,489.2498687484,498.78387451171875,2474600,0.0,0.0
2026-05-22 00:00:00-04:00,498.27471141173817,503.4161171218902,496.48772896060603,497.7056884765625,1959300,0.0,0.0
2026-05-26 00:00:00-04:00,495.1699228818507,496.01850646396144,491.23651420228333,492.1849365234375,1947300,0.0,0.0
2026-05-27 00:00:00-04:00,492.1849463213105,498.5143325313906,491.68578308266217,494.2115478515625,2834900,0.0,0.0
2026-05-28 00:00:00-04:00,492.5143885364638,493.75230363884305,485.5360960977515,492.9237060546875,3924100,0.0,0.0
2026-05-29 00:00:00-04:00,493.6724391086357,499.2730359779371,492.0152135134834,493.1533203125,5693100,0.0,0.0
2026-06-01 00:00:00-04:00,493.42287710421857,496.2980623249602,487.83224256016626,494.42120361328125,4653400,0.0,0.0
2026-06-02 00:00:00-04:00,492.2348508236484,493.1632871362614,476.8805847167969,476.8805847167969,5028300,0.0,0.0
2026-06-03 00:00:00-04:00,476.55114553381765,481.1534159268022,463.74259988972767,470.7608337402344,5227200,0.0,0.0
2026-06-04 00:00:00-04:00,478.7574354671122,487.73238060723077,476.6609438045407,480.9537658691406,4020600,0.0,0.0
2026-06-05 00:00:00-04:00,483.1900102096055,493.17327488335764,483.1900102096055,490.2581481933594,4230700,0.0,0.0
2026-06-08 00:00:00-04:00,485.9454109853297,488.70077137462897,482.89053436976525,484.85723876953125,3091900,0.0,0.0
2026-06-09 00:00:00-04:00,483.08021272690826,494.5909157677438,481.19336106478517,494.41119384765625,3309600,0.0,0.0
2026-06-10 00:00:00-04:00,496.6374789814424,497.96523980462445,485.68583619433036,488.2615051269531,3239900,0.0,0.0
2026-06-11 00:00:00-04:00,487.8422271630025,490.64752216777816,483.5793840107489,485.6958312988281,3801000,0.0,0.0
2026-06-12 00:00:00-04:00,488.0618689257409,491.5460186952328,483.72913552972176,489.1600341796875,3984200,0.0,0.0
2026-06-15 00:00:00-04:00,489.67912836315963,492.72401187789814,485.8455584148294,489.81890869140625,3888500,0.0,0.0
2026-06-16 00:00:00-04:00,491.03684439628216,500.66072622012945,488.69080155788726,500.4909973144531,4006000,0.0,0.0
2026-06-17 00:00:00-04:00,502.08831487366655,503.7954750413868,491.5759385594402,492.1649475097656,2927100,0.0,0.0
2026-06-18 00:00:00-04:00,493.94198330363315,495.1599428322381,488.0918047338876,488.9703369140625,6674700,0.0,0.0
2026-06-22 00:00:00-04:00,487.34307291781533,494.8305217449699,482.33148480411586,483.2798767089844,3955600,0.0,0.0
2026-06-23 00:00:00-04:00,488.0119117407287,490.7373539539883,483.60931884727944,487.2532043457031,3936400,0.0,0.0
2026-06-24 00:00:00-04:00,487.26318724492586,497.60586568121545,485.4063145692071,493.5826110839844,3609700,0.0,0.0
2026-06-25 00:00:00-04:00,495.1699448677483,503.95520589654103,487.83223898658815,488.101806640625,3722000,0.0,0.0
2026-06-26 00:00:00-04:00,487.7623444657277,503.51593530405756,487.7623444657277,498.18487548828125,9200900,0.0,0.0
2026-06-29 00:00:00-04:00,501.6590438592268,514.5873836437933,501.6590438592268,508.787109375,4812000,0.0,0.0
2026-06-30 00:00:00-04:00,511.04334170419196,513.1398334985577,506.2913281656718,512.740478515625,4696300,0.0,0.0
2026-07-01 00:00:00-04:00,516.3843571068327,529.5223063997895,512.5607497358377,521.565673828125,4412800,0.0,0.0
2026-07-02 00:00:00-04:00,528.843437305195,538.7268932800773,525.1895894023713,538.4873046875,3900200,0.0,0.0
2026-07-06 00:00:00-04:00,539.8350536753044,540.9831535061015,521.8052797960069,532.2078247070312,3578000,0.0,0.0
2026-07-07 00:00:00-04:00,532.9466632684534,542.7402441213551,529.1130625706223,530.7303466796875,3516600,0.0,0.0
2026-07-08 00:00:00-04:00,530.2211631552688,530.730319410298,516.344461617261,518.989990234375,2723800,0.0,0.0
2026-07-09 00:00:00-04:00,518.030029296875,523.22998046875,515.1099853515625,523.2000122070312,2843700,0.87,0.0
2026-07-10 00:00:00-04:00,527.260009765625,528.9400024414062,519.6500244140625,526.739990234375,1616900,0.0,0.0
2026-07-13 00:00:00-04:00,530.7100219726562,539.9299926757812,530.7100219726562,537.7000122070312,2871500,0.0,0.0
2026-07-14 00:00:00-04:00,534.989990234375,543.4600219726562,532.0599975585938,538.02001953125,3323800,0.0,0.0
2026-07-15 00:00:00-04:00,538.5399780273438,541.239990234375,529.0800170898438,535.2100219726562,3128500,0.0,0.0
2026-07-16 00:00:00-04:00,541.5,551.6799926757812,539.6900024414062,551.5399780273438,2925400,0.0,0.0
2026-07-17 00:00:00-04:00,550.5,551.719970703125,540.22998046875,543.5999755859375,3221600,0.0,0.0
2026-07-20 00:00:00-04:00,540.0,547.9099731445312,538.010009765625,547.4400024414062,2572500,0.0,0.0
2026-07-21 00:00:00-04:00,543.760009765625,544.3400268554688,536.8499755859375,538.2999877929688,2935700,0.0,0.0
2026-07-22 00:00:00-04:00,538.9400024414062,540.0,530.72998046875,531.97998046875,2313200,0.0,0.0
2026-07-23 00:00:00-04:00,527.97998046875,530.8800048828125,523.6099853515625,530.2899780273438,2071700,0.0,0.0
2026-07-24 00:00:00-04:00,531.4600219726562,540.0,529.6900024414062,539.6599731445312,2551600,0.0,0.0
2026-07-27 00:00:00-04:00,543.1799926757812,553.8900146484375,542.02001953125,551.7100219726562,2365000,0.0,0.0
2026-07-28 00:00:00-04:00,561.030029296875,564.6099853515625,557.4299926757812,562.75,3126100,0.0,0.0
2026-07-29 00:00:00-04:00,555.0599975585938,569.989990234375,554.9199829101562,563.3200073242188,3524200,0.0,0.0
2026-07-30 00:00:00-04:00,577.3599853515625,582.6199951171875,567.6300048828125,577.3499755859375,5302500,0.0,0.0
2026-07-31 00:00:00-04:00,567.6799926757812,575.4199829101562,563.4199829101562,573.0999755859375,4577700,0.0,0.0
2026-08-03 00:00:00-04:00,580.0,583.7100219726562,570.780029296875,570.969970703125,3508300,0.0,0.0
2026-08-04 00:00:00-04:00,566.989990234375,573.3499755859375,564.0,571.0999755859375,3207100,0.0,0.0
2026-08-05 00:00:00-04:00,575.739990234375,578.260009765625,568.5999755859375,570.47998046875,2431700,0.0,0.0
2026-08-06 00:00:00-04:00,573.2100219726562,576.3599853515625,566.3699951171875,575.9500122070312,3017000,0.0,0.0
2026-08-07 00:00:00-04:00,572.5700073242188,572.989990234375,561.6199951171875,562.9500122070312,3018500,0.0,0.0
2026-08-10 00:00:00-04:00,561.1099853515625,566.77001953125,559.3599853515625,563.1699829101562,2644100,0.0,0.0
2026-08-11 00:00:00-04:00,562.7100219726562,567.6300048828125,560.0,561.4400024414062,2465000,0.0,0.0
2026-08-12 00:00:00-04:00,557.5599975585938,563.5499877929688,556.0599975585938,559.72998046875,3095200,0.0,0.0
2026-08-13 00:00:00-04:00,565.6099853515625,568.280029296875,557.7000122070312,567.0399780273438,1982600,0.0,0.0
2026-08-14 00:00:00-04:00,567.9500122070312,570.6699829101562,564.4400024414062,569.2899780273438,2473300,0.0,0.0
2026-08-17 00:00:00-04:00,565.239990234375,569.27001953125,561.260009765625,562.260009765625,3019000,0.0,0.0
2026-08-18 00:00:00-04:00,563.8699951171875,578.5,563.1799926757812,574.3099975585938,3907600,0.0,0.0
2026-08-19 00:00:00-04:00,571.5,582.9299926757812,570.3300170898438,573.719970703125,3053200,0.0,0.0
2026-08-20 00:00:00-04:00,572.0700073242188,579.6099853515625,571.7999877929688,573.8499755859375,2612700,0.0,0.0
2026-08-21 00:00:00-04:00,574.5499877929688,582.280029296875,573.0399780273438,580.6300048828125,2200300,0.0,0.0
2026-08-24 00:00:00-04:00,585.0,599.989990234375,584.219970703125,599.8599853515625,3122300,0.0,0.0
2026-08-25 00:00:00-04:00,596.8699951171875,601.22998046875,595.3499755859375,599.3699951171875,3370900,0.0,0.0
2026-08-26 00:00:00-04:00,599.3699951171875,600.489990234375,594.7100219726562,598.469970703125,3110900,0.0,0.0
2026-08-27 00:00:00-04:00,593.760009765625,594.010009765625,588.1099853515625,591.72998046875,3193800,0.0,0.0
2026-08-28 00:00:00-04:00,593.9500122070312,598.02001953125,592.08251953125,595.2999877929688,1881012,0.0,0.0
