Date,Open,High,Low,Close,Volume,Dividends,Stock Splits
2021-09-27 00:00:00-04:00,218.95193785882617,221.53307315725715,218.31110183226653,220.82994079589844,2463300,0.0,0.0
2021-09-28 00:00:00-04:00,220.10009359548766,220.47392592702374,216.20169029422928,216.96713256835938,3007500,0.0,0.0
2021-09-29 00:00:00-04:00,217.5100918397426,218.69385816529962,216.41532222989497,217.42108154296875,1719000,0.0,0.0
2021-09-30 00:00:00-04:00,217.85720586251742,218.4357320366566,214.34151650806686,214.59962463378906,3136800,0.0,0.0
2021-10-01 00:00:00-04:00,216.34408698605108,217.78596115394177,213.83414379491805,216.21946716308594,2076000,0.0,0.0
2021-10-04 00:00:00-04:00,215.44515872382829,217.89279233725551,215.26715172270085,216.35301208496094,2236500,0.0,0.0
2021-10-05 00:00:00-04:00,217.1451450052024,219.7351895353198,216.29069242478013,218.25770568847656,2463100,0.0,0.0
2021-10-06 00:00:00-04:00,217.6702839598846,219.98441575780504,216.29961508829808,219.93101501464844,2107900,0.0,0.0
2021-10-07 00:00:00-04:00,220.732054148053,222.46764621243983,220.4472320754029,221.01687622070312,2423900,0.0,0.0
2021-10-08 00:00:00-04:00,221.84463555610833,222.1828584035991,219.93993190641183,220.46505737304688,1687500,0.0,0.0
2021-10-11 00:00:00-04:00,220.8210323938472,221.74667683349583,219.35244425937225,219.46815490722656,1504000,0.0,0.0
2021-10-12 00:00:00-04:00,220.49175321513093,221.26610479315062,217.33207772043616,217.63470458984375,2346700,0.0,0.0
2021-10-13 00:00:00-04:00,216.5221152166998,217.05613619967863,213.52264235899625,215.97027587890625,3214300,0.0,0.0
2021-10-14 00:00:00-04:00,216.17498234065116,218.4356995373593,215.42733128487245,217.66136169433594,2512000,0.0,0.0
2021-10-15 00:00:00-04:00,218.27549237678627,219.2901470926201,215.38283483994599,215.61424255371094,2564700,0.0,0.0
2021-10-18 00:00:00-04:00,215.7655647118999,216.68231361853373,214.61740807482647,215.62315368652344,2484900,0.0,0.0
2021-10-19 00:00:00-04:00,216.47760652828566,217.10953338495636,214.97342232589102,216.07708740234375,2071600,0.0,0.0
2021-10-20 00:00:00-04:00,213.96766851885124,215.97027778004247,212.97971407342104,213.36244201660156,3040200,0.0,0.0
2021-10-21 00:00:00-04:00,213.76298625426244,215.31167582062506,212.99754385908068,214.8577423095703,2702400,0.0,0.0
2021-10-22 00:00:00-04:00,214.24358902778894,215.60536220107602,211.83155152010661,212.22317504882812,3283700,0.0,0.0
2021-10-25 00:00:00-04:00,212.92631662840577,212.94412140258964,210.49648782324954,211.24412536621094,3178400,0.0,0.0
2021-10-26 00:00:00-04:00,211.35981608221783,212.18755465930343,210.17604996036792,210.42526245117188,3066400,0.0,0.0
2021-10-27 00:00:00-04:00,214.54619839445417,217.7236645476981,212.5880943672851,216.04147338867188,5249400,0.0,0.0
2021-10-28 00:00:00-04:00,216.637835158663,219.0231725937998,215.86349718203076,218.50694274902344,3448500,0.0,0.0
2021-10-29 00:00:00-04:00,216.2818258223698,219.0320729406555,215.81010111590908,218.55145263671875,4329400,0.0,0.0
2021-11-01 00:00:00-04:00,218.7739051938077,224.01628986453204,218.3644769433658,223.02833557128906,4456200,0.0,0.0
2021-11-02 00:00:00-04:00,224.0786058043486,224.48803409062543,220.87443934821673,221.835693359375,2624300,0.0,0.0
2021-11-03 00:00:00-04:00,220.72314214564986,223.51789401575186,220.65193663277978,222.86814880371094,2399000,0.0,0.0
2021-11-04 00:00:00-04:00,223.5089965682264,226.23254306839,222.6901534988419,225.5917205810547,2711000,0.0,0.0
2021-11-05 00:00:00-04:00,226.68649515087836,229.21423008317458,226.62418522583255,226.7042999267578,3224300,0.0,0.0
2021-11-08 00:00:00-05:00,226.76654564646432,227.54088346104606,224.22990210198645,225.27127075195312,2471300,0.0,0.0
2021-11-09 00:00:00-05:00,225.10216409428247,225.79640082145124,222.9126388601688,224.87074279785156,2258900,0.0,0.0
2021-11-10 00:00:00-05:00,223.23305466280834,225.82309897083428,223.23305466280834,225.2979736328125,1794300,0.0,0.0
2021-11-11 00:00:00-05:00,225.47597774206176,225.47597774206176,221.8534739951207,222.65452575683594,1640500,0.0,0.0
2021-11-12 00:00:00-05:00,222.64563044247544,223.41107270809417,221.52417420352532,223.10845947265625,1625200,0.0,0.0
2021-11-15 00:00:00-05:00,223.10849202485053,225.85873907613285,223.10849202485053,225.12890625,1709200,0.0,0.0
2021-11-16 00:00:00-05:00,225.62728933959716,226.2414249628405,224.63043938944094,224.70164489746094,2195500,0.0,0.0
2021-11-17 00:00:00-05:00,224.65711383516177,225.48485230589424,222.97492294784243,224.9063262939453,1412000,0.0,0.0
2021-11-18 00:00:00-05:00,225.32470384303716,225.6184215068641,223.47340114989566,225.60951232910156,1751200,0.0,0.0
2021-11-19 00:00:00-05:00,225.44037288199178,225.46708683089278,222.71682671391216,224.24771118164062,2743100,0.0,0.0
2021-11-22 00:00:00-05:00,224.88857514564617,227.36290913430074,224.47916040047915,225.60951232910156,2438700,0.0,0.0
2021-11-23 00:00:00-05:00,226.79325607426694,227.66549980142426,225.2267756037102,227.5408935546875,2770000,0.0,0.0
2021-11-24 00:00:00-05:00,226.5173489432616,229.44561618725524,226.11682982440746,228.84036254882812,2642800,0.0,0.0
2021-11-26 00:00:00-05:00,224.74613251011,225.32467215971548,220.97233571874924,222.52101135253906,2573300,0.0,0.0
2021-11-29 00:00:00-05:00,224.15870683755605,224.57703069418358,222.36080517169282,222.7791290283203,2084600,0.0,0.0
2021-11-30 00:00:00-05:00,221.40086251782114,221.86624376874835,218.331064231106,218.91281127929688,3836100,1.38,0.0
2021-12-01 00:00:00-05:00,219.95098558649366,224.551196999811,218.47426931104087,218.5369110107422,3275300,0.0,0.0
2021-12-02 00:00:00-05:00,219.8615372433261,224.05005132232137,219.27084515843472,222.67178344726562,3290500,0.0,0.0
2021-12-03 00:00:00-05:00,224.03212563198835,224.35430636523859,221.57092266194368,223.14608764648438,3229900,0.0,0.0
2021-12-06 00:00:00-05:00,225.89365169747205,229.9479226609656,225.86680330616576,228.92764282226562,3616800,0.0,0.0
2021-12-07 00:00:00-05:00,229.96587887958518,233.03566382904464,229.51838740662447,232.61502075195312,2596200,0.0,0.0
2021-12-08 00:00:00-05:00,232.69554593584675,235.2104456126751,231.88110824754614,232.31964111328125,3453100,0.0,0.0
2021-12-09 00:00:00-05:00,232.2480469343002,235.46999062020794,231.22775338680074,234.789794921875,2955100,0.0,0.0
2021-12-10 00:00:00-05:00,236.16811804925027,237.41213021473877,234.87038177614733,237.14364624023438,2529600,0.0,0.0
2021-12-13 00:00:00-05:00,236.47239466754263,237.94015249378361,234.84351915364476,235.4610595703125,2878800,0.0,0.0
2021-12-14 00:00:00-05:00,235.38048354762793,235.90852013813753,234.2617550136563,234.9508819580078,3695500,0.0,0.0
2021-12-15 00:00:00-05:00,234.62871351292424,237.7701121405648,233.95747635745983,236.74085998535156,2641800,0.0,0.0
2021-12-16 00:00:00-05:00,237.67167829644245,238.86202095652766,236.35605222160322,237.6627197265625,2347700,0.0,0.0
2021-12-17 00:00:00-05:00,236.2754600201087,237.03620086529074,233.48311804444972,234.21701049804688,5943200,0.0,0.0
2021-12-20 00:00:00-05:00,232.364411697307,234.44970980979403,231.29042130608752,234.24388122558594,2824500,0.0,0.0
2021-12-21 00:00:00-05:00,236.53503848371219,238.49505322134613,235.75640773010346,236.62454223632812,2851800,0.0,0.0
2021-12-22 00:00:00-05:00,236.56187525275112,237.56425168228418,236.33812953856216,237.11676025390625,1795100,0.0,0.0
2021-12-23 00:00:00-05:00,237.9938272689204,239.29153588172696,237.57318427972095,238.0206756591797,1509800,0.0,0.0
2021-12-27 00:00:00-05:00,238.48612609546657,240.08815334656651,238.06548298415143,240.0702362060547,1485500,0.0,0.0
2021-12-28 00:00:00-05:00,239.47947462453243,240.94725945932342,239.18414233166686,239.74798583984375,1304000,0.0,0.0
2021-12-29 00:00:00-05:00,240.25811989281053,241.3947381041519,239.81062853693842,240.2938995361328,1318500,0.0,0.0
2021-12-30 00:00:00-05:00,240.75041888720762,240.98312319943432,238.6919689816586,239.1483917236328,1714600,0.0,0.0
2021-12-31 00:00:00-05:00,239.85543545749272,240.85781201175865,239.14839126511444,239.9180908203125,1519200,0.0,0.0
2022-01-03 00:00:00-05:00,241.18894949102594,242.29874693563804,237.67167300830855,240.37451171875,2750600,0.0,0.0
2022-01-04 00:00:00-05:00,241.1978681169231,242.6745842959137,240.09702942429698,240.3118438720703,2506000,0.0,0.0
2022-01-05 00:00:00-05:00,241.0189094306496,241.89600259760675,238.87095570695476,239.13050842285156,2473000,0.0,0.0
2022-01-06 00:00:00-05:00,239.96280550349877,242.32557341766537,239.67640442674343,241.36793518066406,2908400,0.0,0.0
2022-01-07 00:00:00-05:00,240.35658863603254,241.79752520690843,238.9604175946535,239.0141143798828,2209100,0.0,0.0
2022-01-10 00:00:00-05:00,238.70084444393103,238.7098030116035,234.49444185652575,236.64239501953125,3122400,0.0,0.0
2022-01-11 00:00:00-05:00,235.81907897154107,236.2307908464475,232.9819979516373,234.59295654296875,3206200,0.0,0.0
2022-01-12 00:00:00-05:00,235.71162774193797,236.23073308764899,232.9461340257812,233.51893615722656,3044000,0.0,0.0
2022-01-13 00:00:00-05:00,233.95751953125,236.1412803316954,233.22362688412832,233.95751953125,2371300,0.0,0.0
2022-01-14 00:00:00-05:00,233.71582313565318,233.80529956611258,230.15378173418165,230.64601135253906,3460100,0.0,0.0
2022-01-18 00:00:00-05:00,229.97478608096517,230.10009679038836,227.60308698489638,229.5452117919922,3076500,0.0,0.0
2022-01-19 00:00:00-05:00,230.5028550840701,230.8608701254797,228.29225969201585,228.4175567626953,2304700,0.0,0.0
2022-01-20 00:00:00-05:00,229.67047825449058,231.0039938660358,226.34114119688516,226.5469970703125,2602200,0.0,0.0
2022-01-21 00:00:00-05:00,227.36147061814705,231.31729375773057,227.04823476842677,227.8537139892578,3738100,0.0,0.0
2022-01-24 00:00:00-05:00,225.87578316001,227.25405078357994,221.75885645793284,226.9766082763672,5153100,0.0,0.0
2022-01-25 00:00:00-05:00,224.4885494442798,226.0100175548914,221.12341885146267,224.3542938232422,3908600,0.0,0.0
2022-01-26 00:00:00-05:00,226.4306868073313,227.51362218781523,221.83047498129432,223.6114959716797,3839000,0.0,0.0
2022-01-27 00:00:00-05:00,223.38771248815428,225.9473638440769,219.49453184307507,222.61802673339844,5199000,0.0,0.0
2022-01-28 00:00:00-05:00,223.745724422774,229.42887128565454,221.20397627085654,229.1961669921875,3833200,0.0,0.0
2022-01-31 00:00:00-05:00,228.23854203244417,232.2480615839875,227.71945031384064,232.2033233642578,3174200,0.0,0.0
2022-02-01 00:00:00-05:00,232.47180645652008,232.60604842792787,228.73972943147638,231.79161071777344,2496500,0.0,0.0
2022-02-02 00:00:00-05:00,231.64844268035935,235.031477398067,231.3441517315693,234.73614501953125,2371500,0.0,0.0
2022-02-03 00:00:00-05:00,234.48553529636848,235.2015107386007,232.7582247402668,233.26837158203125,2242200,0.0,0.0
2022-02-04 00:00:00-05:00,232.57918813456016,234.24387043298034,230.71763582995425,232.74923706054688,1989700,0.0,0.0
2022-02-07 00:00:00-05:00,233.59051935079827,234.1095973762083,231.95271278443616,232.56129455566406,1959300,0.0,0.0
2022-02-08 00:00:00-05:00,233.14304044764438,234.82561263357653,231.89006987707043,232.7671356201172,2920000,0.0,0.0
2022-02-09 00:00:00-05:00,234.47656947893452,235.27311739805515,232.1675255333037,232.57025146484375,2379300,0.0,0.0
2022-02-10 00:00:00-05:00,231.4426022260896,233.08936761849804,229.0887926376173,229.89427185058594,3246600,0.0,0.0
2022-02-11 00:00:00-05:00,229.89422825330038,231.58575886119309,227.97896560099522,228.3638153076172,3592700,0.0,0.0
2022-02-14 00:00:00-05:00,229.03508492881795,229.33937584753906,225.24929730176342,226.77972412109375,2825800,0.0,0.0
2022-02-15 00:00:00-05:00,228.05955060576403,229.939020170443,226.9318634044145,227.15560913085938,2171500,0.0,0.0
2022-02-16 00:00:00-05:00,227.11984127296907,227.86267880676607,224.81972839232995,226.51124572753906,2941800,0.0,0.0
2022-02-17 00:00:00-05:00,225.07032260838636,226.32330701106417,223.74575158279615,224.5780792236328,2831900,0.0,0.0
2022-02-18 00:00:00-05:00,224.0499953122853,225.7952090755824,223.75464934367287,224.28269958496094,2813500,0.0,0.0
2022-02-22 00:00:00-05:00,223.7546944774117,227.95216692424412,223.38776182695835,226.16220092773438,3980500,0.0,0.0
2022-02-23 00:00:00-05:00,226.90496693755986,227.1913679617828,221.13233114954687,221.76776123046875,3497200,0.0,0.0
2022-02-24 00:00:00-05:00,217.41818369451923,219.78989651172722,214.44684764500434,219.2976531982422,4856000,0.0,0.0
2022-02-25 00:00:00-05:00,220.16580581485573,223.32509453749537,218.04470059228314,223.2534942626953,4549700,0.0,0.0
2022-02-28 00:00:00-05:00,219.98662612235682,221.13857592634096,218.11470425780144,220.2836151123047,4410400,1.38,0.0
2022-03-01 00:00:00-05:00,218.0607176916855,219.23067062151333,214.46087097364637,215.65782165527344,3910700,0.0,0.0
2022-03-02 00:00:00-05:00,216.75576822211897,218.45669518604234,215.63981083594848,216.83676147460938,4482000,0.0,0.0
2022-03-03 00:00:00-05:00,216.89975502299927,218.09670568027886,212.10295772090603,212.97592163085938,4707400,0.0,0.0
2022-03-04 00:00:00-05:00,211.14896851527175,212.74190425892428,208.46708701691307,212.2199249267578,4184100,0.0,0.0
2022-03-07 00:00:00-05:00,210.86997870230448,210.86997870230448,201.76237263741555,201.88836669921875,5425000,0.0,0.0
2022-03-08 00:00:00-05:00,201.88837461395283,206.75716985794054,199.9714521327831,200.50242614746094,5258800,0.0,0.0
2022-03-09 00:00:00-05:00,204.10228932971458,204.5162777162695,199.8004738937185,200.21446228027344,5630500,0.0,0.0
2022-03-10 00:00:00-05:00,198.17155491196246,199.83648947695468,195.90364768226456,199.79148864746094,5444900,0.0,0.0
2022-03-11 00:00:00-05:00,202.25736188349012,206.19018942750725,201.7713749607312,204.1742706298828,6126300,0.0,0.0
2022-03-14 00:00:00-04:00,204.09328137886192,205.58722086349232,200.8354249275914,203.5532989501953,4436100,0.0,0.0
2022-03-15 00:00:00-04:00,205.17324294330126,211.1040003591433,205.17324294330126,209.3040771484375,5087400,0.0,0.0
2022-03-16 00:00:00-04:00,211.373970561866,214.37985265659935,210.9149951026088,214.3168487548828,4173200,0.0,0.0
2022-03-17 00:00:00-04:00,212.78693828863197,213.71389770507812,211.0770028855853,213.71389770507812,3752800,0.0,0.0
2022-03-18 00:00:00-04:00,213.4978768546184,215.2618075529608,212.38193330984183,215.01881408691406,5336500,0.0,0.0
2022-03-21 00:00:00-04:00,215.61277695385206,216.07175237337663,210.6539940523596,211.77894592285156,3704000,0.0,0.0
2022-03-22 00:00:00-04:00,213.3269288148184,214.586883513883,212.81395775419168,214.29888916015625,2938100,0.0,0.0
2022-03-23 00:00:00-04:00,213.40794787569067,214.19990492856363,212.3459858016877,212.4989776611328,2200500,0.0,0.0
2022-03-24 00:00:00-04:00,213.79488355656403,216.92674619755033,212.81392867135054,216.2247772216797,2337500,0.0,0.0
2022-03-25 00:00:00-04:00,216.47676718815896,217.65572847358953,215.4778092168749,217.41273498535156,2134800,0.0,0.0
2022-03-28 00:00:00-04:00,217.70972881970343,218.64568290539944,215.86480466724407,218.63668823242188,2041800,0.0,0.0
2022-03-29 00:00:00-04:00,221.70556746822683,223.77546836604074,220.28362635243232,223.34349060058594,2657400,0.0,0.0
2022-03-30 00:00:00-04:00,222.74951652240253,225.44040696231656,222.74951652240253,224.11746215820312,2227300,0.0,0.0
2022-03-31 00:00:00-04:00,224.73845038156247,226.20539243541063,222.54254150390625,222.54254150390625,3803400,0.0,0.0
2022-04-01 00:00:00-04:00,223.29849906035565,224.47744672424125,221.55257111474677,224.31546020507812,2023000,0.0,0.0
2022-04-04 00:00:00-04:00,222.10150605474004,222.5334974882934,218.13268603485466,222.13751220703125,2500700,0.0,0.0
2022-04-05 00:00:00-04:00,221.4805627460555,224.75642253159137,220.87757636920998,223.6494598388672,2532500,0.0,0.0
2022-04-06 00:00:00-04:00,222.8664918753489,227.1323148374512,221.37255231152088,226.30435180664062,2886000,0.0,0.0
2022-04-07 00:00:00-04:00,225.70137592679066,229.92219825807757,224.57642386545942,228.91424560546875,4041800,0.0,0.0
2022-04-08 00:00:00-04:00,227.7262790616837,229.55321375818264,225.81836484861253,226.30435180664062,2551000,0.0,0.0
2022-04-11 00:00:00-04:00,226.11535778707892,227.63629512717688,224.92740185315938,225.3953857421875,2326700,0.0,0.0
2022-04-12 00:00:00-04:00,225.64737667272647,227.05131462474978,223.91045731043022,224.24343872070312,2724900,0.0,0.0
2022-04-13 00:00:00-04:00,224.41442198632203,226.48433638383418,224.10843834235976,226.18734741210938,2133800,0.0,0.0
2022-04-14 00:00:00-04:00,226.18737704534556,228.34727964517742,225.37740327116424,225.44940185546875,2105900,0.0,0.0
2022-04-18 00:00:00-04:00,224.65744307717995,227.2313340828801,224.20746222815774,225.9443817138672,1426600,0.0,0.0
2022-04-19 00:00:00-04:00,225.02639444041867,230.35417924465787,225.02639444041867,229.85018920898438,2324500,0.0,0.0
2022-04-20 00:00:00-04:00,230.39017673953472,232.00111574355748,229.32822861014176,230.25518798828125,2278700,0.0,0.0
2022-04-21 00:00:00-04:00,231.87508161218943,233.63899851252526,229.38219807318154,229.71517944335938,2476900,0.0,0.0
2022-04-22 00:00:00-04:00,229.4902184738759,229.4902184738759,224.9364147672133,225.14340209960938,2643600,0.0,0.0
2022-04-25 00:00:00-04:00,224.4954453670156,227.8073115940452,223.12749972548215,227.5823211669922,2523000,0.0,0.0
2022-04-26 00:00:00-04:00,225.10737594241672,227.15928707798756,223.48744248477584,223.71243286132812,2948500,0.0,0.0
2022-04-27 00:00:00-04:00,223.17249895754887,225.86338938945042,222.33554116642784,222.41653442382812,2706500,0.0,0.0
2022-04-28 00:00:00-04:00,224.9364088535312,230.7321638668468,223.2624796958489,228.76124572753906,3547400,0.0,0.0
2022-04-29 00:00:00-04:00,228.84223504274587,229.35521974736739,223.91044930916485,224.23443603515625,3388000,0.0,0.0
2022-05-02 00:00:00-04:00,225.76436116031022,226.3853368439749,218.02468612558545,221.96652221679688,3418700,0.0,0.0
2022-05-03 00:00:00-04:00,222.64147437433556,223.0464543018499,218.04267057163815,221.27352905273438,2562000,0.0,0.0
2022-05-04 00:00:00-04:00,221.5345450989107,229.2922094986164,221.5345450989107,228.87823486328125,3289300,0.0,0.0
2022-05-05 00:00:00-04:00,227.59129665498077,229.03124075966613,222.09253053204662,224.01844787597656,2925900,0.0,0.0
2022-05-06 00:00:00-04:00,223.36147031988324,227.19530176853775,222.92048419497362,225.69236755371094,2964500,0.0,0.0
2022-05-09 00:00:00-04:00,222.2905202100804,224.9004034159734,222.10152222759802,222.73150634765625,2918900,0.0,0.0
2022-05-10 00:00:00-04:00,224.08143868541129,225.78236552184447,220.4275831364771,221.10255432128906,3070800,0.0,0.0
2022-05-11 00:00:00-04:00,220.73357825348305,222.10150995344367,218.87965961532493,219.97760009765625,2833200,0.0,0.0
2022-05-12 00:00:00-04:00,220.77860353778377,221.73256071107903,216.99875353686434,219.7616424560547,2861000,0.0,0.0
2022-05-13 00:00:00-04:00,222.42553108510427,222.4525288378123,218.04272195270354,220.526611328125,3255200,0.0,0.0
2022-05-16 00:00:00-04:00,220.0046439489105,220.92259499865966,216.64777690957857,219.62664794921875,2147100,0.0,0.0
2022-05-17 00:00:00-04:00,221.39056108491673,222.29052271534323,215.50481806415036,217.45773315429688,3204900,0.0,0.0
2022-05-18 00:00:00-04:00,215.50477529704,216.06274700283055,207.32411526335554,207.93609619140625,3946100,0.0,0.0
2022-05-19 00:00:00-04:00,206.54119786424928,208.9260907344577,205.4972390585892,206.09121704101562,3518300,0.0,0.0
2022-05-20 00:00:00-04:00,208.23313832686105,210.6450290425414,205.72223754456533,210.51004028320312,3208200,0.0,0.0
2022-05-23 00:00:00-04:00,212.1749380423468,214.99182219384238,210.14102980669807,214.19085693359375,3053500,0.0,0.0
2022-05-24 00:00:00-04:00,213.74088970370605,221.21057406929,213.6958888751982,220.05862426757812,5258200,0.0,0.0
2022-05-25 00:00:00-04:00,218.31271647860825,221.12059266086493,217.421749428934,219.5996551513672,2641700,0.0,0.0
2022-05-26 00:00:00-04:00,221.3905375455768,224.3874111041335,221.03055842461083,223.27145385742188,1972300,0.0,0.0
2022-05-27 00:00:00-04:00,224.54041997989646,226.67332458496094,223.89244652705992,226.67332458496094,2063800,0.0,0.0
2022-05-31 00:00:00-04:00,224.99040313488518,228.84223773796847,223.75746012004984,226.9793243408203,3924700,0.0,0.0
2022-06-01 00:00:00-04:00,227.8612755733638,228.06826289256335,223.36146765487982,224.34242248535156,2264100,0.0,0.0
2022-06-02 00:00:00-04:00,224.6304436989189,225.3864082240463,221.58856878720195,225.33241271972656,2089700,0.0,0.0
2022-06-03 00:00:00-04:00,224.81655887818133,226.48167616537353,224.58127701980135,224.7532196044922,1838900,1.38,0.0
2022-06-06 00:00:00-04:00,225.4048081723492,225.8120326586629,223.82114665234823,224.49081420898438,1569300,0.0,0.0
2022-06-07 00:00:00-04:00,222.61752307697213,226.0472747754975,222.19219581032138,225.278076171875,2782000,0.0,0.0
2022-06-08 00:00:00-04:00,224.33694592577118,224.86181822352725,221.61305326121996,222.26461791992188,2101300,0.0,0.0
2022-06-09 00:00:00-04:00,220.4637813349512,222.61756545192443,219.02491501861508,219.14256286621094,2682600,0.0,0.0
2022-06-10 00:00:00-04:00,216.44579241618598,216.7444273773395,214.61780455714768,214.81689453125,1992300,0.0,0.0
2022-06-13 00:00:00-04:00,210.66317883416815,217.27837098950943,210.5636338411758,215.8032989501953,4697000,0.0,0.0
2022-06-14 00:00:00-04:00,217.15166996054717,219.8122096692712,215.9390272374101,216.0657196044922,3564800,0.0,0.0
2022-06-15 00:00:00-04:00,217.06114021848333,218.6176541232319,213.67662485658957,216.1923828125,3152100,0.0,0.0
2022-06-16 00:00:00-04:00,213.64044159075257,214.76258374205645,211.59526105581412,212.8350372314453,3272000,0.0,0.0
2022-06-17 00:00:00-04:00,211.957225062392,213.10651453385157,210.10207624523107,212.10202026367188,7236300,0.0,0.0
2022-06-21 00:00:00-04:00,213.76711316274174,217.2783206751032,211.88481706376598,216.81678771972656,3263500,0.0,0.0
2022-06-22 00:00:00-04:00,216.0928479061023,221.30536496802705,215.70372631599867,219.9569854736328,3054300,0.0,0.0
2022-06-23 00:00:00-04:00,220.53612550009325,221.7940043826509,217.60409882017927,220.4275360107422,1937000,0.0,0.0
2022-06-24 00:00:00-04:00,221.9478938782706,224.42746030591195,221.25109275406965,224.3369598388672,3104800,0.0,0.0
2022-06-27 00:00:00-04:00,224.33692304414734,225.12423831469374,223.13335264213802,223.54962158203125,2059200,0.0,0.0
2022-06-28 00:00:00-04:00,223.5768185811606,226.20118038476866,219.46835397610988,219.74888610839844,2381700,0.0,0.0
2022-06-29 00:00:00-04:00,222.7442294667273,225.21473729270448,221.8121327534135,224.19215393066406,2997200,0.0,0.0
2022-06-30 00:00:00-04:00,224.6536861582118,224.96136563691238,222.11982510350228,223.41390991210938,2786200,0.0,0.0
2022-07-01 00:00:00-04:00,222.93429929498717,229.07889989558802,222.6175614687115,228.916015625,2531400,0.0,0.0
2022-07-05 00:00:00-04:00,227.27803536454616,228.95219727112678,225.92966960141302,228.30967712402344,2390700,0.0,0.0
2022-07-06 00:00:00-04:00,228.47255707920382,228.82548676344942,225.6672086496603,227.55856323242188,1948600,0.0,0.0
2022-07-07 00:00:00-04:00,229.18748006999442,230.68969938799864,227.305183661007,228.8979034423828,2396700,0.0,0.0
2022-07-08 00:00:00-04:00,228.5902055416053,230.41819324021927,228.33682083469978,229.16937255859375,1450300,0.0,0.0
2022-07-11 00:00:00-04:00,228.11966033920152,231.1240853502829,228.11966033920152,229.20559692382812,1478100,0.0,0.0
2022-07-12 00:00:00-04:00,228.92507036597462,231.32318095732816,226.92512594552957,227.57669067382812,2112800,0.0,0.0
2022-07-13 00:00:00-04:00,225.2962249287909,230.581126491462,224.66274925641324,228.65357971191406,2205300,0.0,0.0
2022-07-14 00:00:00-04:00,226.13782135162367,229.04271521120594,225.89348112960965,228.59024047851562,2371000,0.0,0.0
2022-07-15 00:00:00-04:00,229.87525758524598,232.01999711951098,229.35942978319727,230.77114868164062,2627200,0.0,0.0
2022-07-18 00:00:00-04:00,230.9793171431213,231.29604118551853,228.1106288628762,228.42735290527344,2164400,0.0,0.0
2022-07-19 00:00:00-04:00,229.7485439723347,232.2280963385663,228.92503675491665,232.1195068359375,2181300,0.0,0.0
2022-07-20 00:00:00-04:00,232.3729049537983,232.49055279405428,229.37752466040752,230.38201904296875,2183700,0.0,0.0
2022-07-21 00:00:00-04:00,229.84809523850814,230.58110201816123,228.3368314490587,229.3775177001953,2056500,0.0,0.0
2022-07-22 00:00:00-04:00,229.63092117630188,230.33678063721354,228.45448413863824,229.84811401367188,2226600,0.0,0.0
2022-07-25 00:00:00-04:00,230.37297803186576,230.5811125298952,225.02472370241773,226.58123779296875,2860400,0.0,0.0
2022-07-26 00:00:00-04:00,225.83918918699402,234.58100444559514,225.06093208472538,232.65345764160156,5272300,0.0,0.0
2022-07-27 00:00:00-04:00,231.48604466892334,235.20538702047384,230.4815503459957,234.2823486328125,2718300,0.0,0.0
2022-07-28 00:00:00-04:00,234.20087112048776,238.9066185940855,233.07874280994147,238.41793823242188,2849100,0.0,0.0
2022-07-29 00:00:00-04:00,238.58988678446428,239.22336236606776,237.18722636116493,238.3365020751953,2653800,0.0,0.0
2022-08-01 00:00:00-04:00,237.5854554845825,240.22789262611238,237.46780762790186,239.1148223876953,2384000,0.0,0.0
2022-08-02 00:00:00-04:00,239.4676596157769,240.2187829383284,236.0922166796958,236.2369842529297,2375200,0.0,0.0
2022-08-03 00:00:00-04:00,236.23702180311267,237.92930032182633,235.06965700088628,237.1781768798828,2305300,0.0,0.0
2022-08-04 00:00:00-04:00,236.82525667787482,237.25961469243296,234.10135028851204,235.8660125732422,2089600,0.0,0.0
2022-08-05 00:00:00-04:00,234.96107468103233,235.31399058507483,232.63534810281516,234.5900421142578,1818500,0.0,0.0
2022-08-08 00:00:00-04:00,235.28680939418564,236.11031654108848,231.06974249640513,232.39096069335938,2253500,0.0,0.0
2022-08-09 00:00:00-04:00,232.48149730483664,235.4768776348467,231.9928168919775,235.3411407470703,2315800,0.0,0.0
2022-08-10 00:00:00-04:00,237.09669785213967,238.6441533000572,235.73927400947474,236.51751708984375,2967900,0.0,0.0
2022-08-11 00:00:00-04:00,238.18269830030152,238.24602377086035,234.04707282442442,234.63528442382812,2007000,0.0,0.0
2022-08-12 00:00:00-04:00,234.87957673139488,237.55824650890108,234.87957673139488,237.2595977783203,1530800,0.0,0.0
2022-08-15 00:00:00-04:00,237.28676617104725,240.37264683151776,236.41802251004776,240.2097625732422,2342700,0.0,0.0
2022-08-16 00:00:00-04:00,239.84777149877968,241.73911223196077,239.14191214564576,240.9789581298828,1828000,0.0,0.0
2022-08-17 00:00:00-04:00,240.68028644016317,242.49924320689874,240.33640131840633,241.45855712890625,1699100,0.0,0.0
2022-08-18 00:00:00-04:00,240.71650510177506,241.94722284921014,240.1916466781595,241.24136352539062,1591900,0.0,0.0
2022-08-19 00:00:00-04:00,240.6622555272226,242.3002117991299,240.30028127573235,241.20523071289062,1833800,0.0,0.0
2022-08-22 00:00:00-04:00,239.35908121609788,240.52647350371004,237.43153485792848,237.9564208984375,1986700,0.0,0.0
2022-08-23 00:00:00-04:00,237.65782596359105,238.3184490203498,235.7664848807717,235.77554321289062,2211100,0.0,0.0
2022-08-24 00:00:00-04:00,235.92934185360755,237.09673427033198,235.16012936790756,236.06507873535156,1777200,0.0,0.0
2022-08-25 00:00:00-04:00,237.08761170332156,237.7120288070289,235.46777265861337,237.6034393310547,1330400,0.0,0.0
2022-08-26 00:00:00-04:00,237.8206959158699,238.18269777642791,232.01999445147186,232.52676391601562,2357800,0.0,0.0
2022-08-29 00:00:00-04:00,231.21459502615767,232.30957617790327,230.3910876750542,231.35939025878906,2017500,0.0,0.0
2022-08-30 00:00:00-04:00,231.6670479206868,232.3186125976383,228.56307808635938,229.3956298828125,2051300,0.0,0.0
2022-08-31 00:00:00-04:00,231.27002419607769,232.64397261110568,229.47751432764122,229.55030822753906,3119200,1.38,0.0
2022-09-01 00:00:00-04:00,229.1317501262874,233.41738492015992,229.07714429086133,233.36279296875,2577800,0.0,0.0
2022-09-02 00:00:00-04:00,234.2180874616857,235.28265820750397,230.5329782759453,231.57936096191406,1791300,0.0,0.0
2022-09-06 00:00:00-04:00,231.54296295631067,233.5993521374824,230.5511722521961,231.4701690673828,2645700,0.0,0.0
2022-09-07 00:00:00-04:00,232.15260618087302,236.41095862093243,231.98883033672453,235.13710021972656,4185200,0.0,0.0
2022-09-08 00:00:00-04:00,234.61845638044284,237.55742482635736,234.14528912497812,236.64752197265625,2448900,0.0,0.0
2022-09-09 00:00:00-04:00,236.81131694010824,237.2480525223922,234.94599949733583,236.13796997070312,2007000,0.0,0.0
2022-09-12 00:00:00-04:00,236.5747630864469,237.84862164176712,236.04703160211204,236.9114227294922,2204300,0.0,0.0
2022-09-13 00:00:00-04:00,234.51837740355347,235.61937996583316,230.81507961743208,231.41561889648438,2604900,0.0,0.0
2022-09-14 00:00:00-04:00,232.02521250542847,235.00058464577214,231.4519693022362,232.6803436279297,2745200,0.0,0.0
2022-09-15 00:00:00-04:00,232.04345476977986,232.23452661470228,229.7414014113141,230.6331024169922,2289500,0.0,0.0
2022-09-16 00:00:00-04:00,229.15901340190632,232.77132843423854,229.0680175731971,231.9433135986328,4304100,0.0,0.0
2022-09-19 00:00:00-04:00,231.11535492104684,234.34549936489472,230.5239235427693,233.8541717529297,2195800,0.0,0.0
2022-09-20 00:00:00-04:00,233.0261337988923,233.3809814837469,230.00524956418442,232.38919067382812,2140200,0.0,0.0
2022-09-21 00:00:00-04:00,232.14354479429346,233.76317093958082,228.45843505859375,228.45843505859375,2438800,0.0,0.0
2022-09-22 00:00:00-04:00,227.83057759974506,227.86696760534417,225.33743875372193,225.601318359375,2300500,0.0,0.0
2022-09-23 00:00:00-04:00,224.9370747798462,226.65679049724142,222.18916446707206,223.79058837890625,2672100,0.0,0.0
2022-09-26 00:00:00-04:00,223.78153881083168,224.06360651027492,220.59687841373133,221.79794311523438,3179100,0.0,0.0
2022-09-27 00:00:00-04:00,222.54406305811554,222.86252075717303,215.2466375810736,215.3740234375,4193800,0.0,0.0
2022-09-28 00:00:00-04:00,214.85534243851828,217.0391035015624,212.6988634634469,215.5923614501953,4202400,0.0,0.0
2022-09-29 00:00:00-04:00,215.02824514774954,216.24751161741295,211.51601964085708,213.28121948242188,3053200,0.0,0.0
2022-09-30 00:00:00-04:00,212.29855521983177,213.67250362600376,209.80541622946302,209.9510040283203,3629300,0.0,0.0
2022-10-03 00:00:00-04:00,212.48053480054546,215.51051320498118,210.83361272876886,214.1365509033203,3286700,0.0,0.0
2022-10-04 00:00:00-04:00,215.3831056002381,219.33208056131136,214.92815418396657,217.01182556152344,3685700,0.0,0.0
2022-10-05 00:00:00-04:00,215.56510904917147,218.74976934214993,214.86447989719144,217.54869079589844,3033000,0.0,0.0
2022-10-06 00:00:00-04:00,217.77613625465372,218.26749154945185,213.33581996175013,213.5996856689453,2999200,0.0,0.0
2022-10-07 00:00:00-04:00,212.88086586211958,213.4632031005785,211.17024414988992,212.18023681640625,2294300,0.0,0.0
2022-10-10 00:00:00-04:00,212.3804329305651,214.97364778834557,212.3804329305651,213.78167724609375,2668700,0.0,0.0
2022-10-11 00:00:00-04:00,213.0628858174756,217.5759968378098,212.8535981349066,215.6925048828125,3169200,0.0,0.0
2022-10-12 00:00:00-04:00,215.89265431204907,218.41307522412575,215.70156860351562,215.70156860351562,2709300,0.0,0.0
2022-10-13 00:00:00-04:00,213.3358389537719,226.83879458866804,213.3358389537719,224.51853942871094,5026900,0.0,0.0
2022-10-14 00:00:00-04:00,226.63862255922695,226.9570802530364,220.56957170661104,221.2519989013672,2918300,0.0,0.0
2022-10-17 00:00:00-04:00,223.65414558948834,224.94620609913457,221.5886620266796,224.2728729248047,2758200,0.0,0.0
2022-10-18 00:00:00-04:00,226.9024996254716,227.8579005226255,224.9735097682212,226.7387237548828,3123600,0.0,0.0
2022-10-19 00:00:00-04:00,227.4756845187095,229.768643306182,226.6749656663192,228.15811157226562,3021300,0.0,0.0
2022-10-20 00:00:00-04:00,227.0662692278663,229.06805281128078,226.61131778236225,227.26644897460938,2410700,0.0,0.0
2022-10-21 00:00:00-04:00,227.66680847645026,232.35280281170725,227.02077131484364,231.61578369140625,3254900,0.0,0.0
2022-10-24 00:00:00-04:00,232.2800176167344,233.72675993552875,230.26913992724417,232.31642150878906,4125100,0.0,0.0
2022-10-25 00:00:00-04:00,231.63397636549027,234.0998053264675,231.47928066227067,232.689453125,2689000,0.0,0.0
2022-10-26 00:00:00-04:00,234.6093485881806,237.20257727618412,233.04431456827928,233.4901580810547,3582600,0.0,0.0
2022-10-27 00:00:00-04:00,239.3044681415852,242.93497190936932,238.63114886604498,241.22434997558594,4145700,0.0,0.0
2022-10-28 00:00:00-04:00,243.40812921098734,250.05040915223645,242.02505905675318,249.78652954101562,4647600,0.0,0.0
2022-10-31 00:00:00-04:00,248.4580870811424,248.97673840562737,246.41080552789103,248.09413146972656,3336100,0.0,0.0
2022-11-01 00:00:00-04:00,249.03133625323107,249.1223321002471,245.36442853955947,248.35801696777344,2740900,0.0,0.0
2022-11-02 00:00:00-04:00,248.40348602695147,251.7428418116216,245.95584506040817,246.01043701171875,3069900,0.0,0.0
2022-11-03 00:00:00-04:00,245.06414502120995,249.93213127221185,244.19975389464238,248.35801696777344,3225400,0.0,0.0
2022-11-04 00:00:00-04:00,250.76920186847076,250.8692778416846,247.6118382352076,249.8774871826172,3256500,0.0,0.0
2022-11-07 00:00:00-05:00,250.28695921794517,253.02574764722965,250.28695921794517,251.5062255859375,3029500,0.0,0.0
2022-11-08 00:00:00-05:00,251.91572770864028,254.33607298676716,251.5881759619039,253.31698608398438,2628800,0.0,0.0
2022-11-09 00:00:00-05:00,253.41710946161706,255.00033189609192,252.66187437369703,252.76197814941406,2610800,0.0,0.0
2022-11-10 00:00:00-05:00,256.1285281532423,256.29233175958086,248.02129094059424,251.02398681640625,4510900,0.0,0.0
2022-11-11 00:00:00-05:00,251.43341640800176,252.04306347260086,244.92761725464322,246.9385223388672,4742800,0.0,0.0
2022-11-14 00:00:00-05:00,246.51997604925202,249.95940776124263,246.20150449354273,247.73924255371094,3357400,0.0,0.0
2022-11-15 00:00:00-05:00,245.90127399838275,246.61099719374366,242.343550106242,243.70840454101562,5429100,0.0,0.0
2022-11-16 00:00:00-05:00,244.6910484358711,249.70459347433584,244.6910484358711,247.9575958251953,4132700,0.0,0.0
2022-11-17 00:00:00-05:00,247.5573089983606,249.63188667001725,246.18334662075128,248.73106384277344,2467400,0.0,0.0
2022-11-18 00:00:00-05:00,249.24062135045725,250.31430013726958,247.60277942518564,248.7401580810547,2699200,0.0,0.0
2022-11-21 00:00:00-05:00,249.90482135873643,250.20510486034033,248.49448299675535,249.78652954101562,2974200,0.0,0.0
2022-11-22 00:00:00-05:00,250.223311670252,250.4962714484967,249.5863684969685,250.00494384765625,2770400,0.0,0.0
2022-11-23 00:00:00-05:00,250.72371677139535,250.81471260911647,248.2942917356249,248.64913940429688,2514800,0.0,0.0
2022-11-25 00:00:00-05:00,249.77746881619098,250.51448798757048,248.2761067274958,250.2233123779297,1596600,0.0,0.0
2022-11-28 00:00:00-05:00,250.11408660951648,251.07858135801234,247.8393296049451,248.29428100585938,3160500,0.0,0.0
2022-11-29 00:00:00-05:00,246.5836778240622,247.42080068257977,245.19152754337824,246.9567413330078,2873500,0.0,0.0
2022-11-30 00:00:00-05:00,246.70965694908926,250.08610993086816,245.9867775609348,249.6103057861328,5196500,1.52,0.0
2022-12-01 00:00:00-05:00,249.94881367993548,250.9370306916103,248.32922571587522,250.1684112548828,2599600,0.0,0.0
2022-12-02 00:00:00-05:00,246.88346721570704,250.21417936593807,246.7096098274031,250.1684112548828,2807500,0.0,0.0
2022-12-05 00:00:00-05:00,247.9907110155972,249.40902021234183,247.05739313875299,248.5122833251953,2586900,0.0,0.0
2022-12-06 00:00:00-05:00,248.70442113891326,250.1410207720637,247.08483279145975,248.67697143554688,3573000,0.0,0.0
2022-12-07 00:00:00-05:00,249.34494687645233,250.69919737466353,246.75543182499308,247.3684844970703,2766400,0.0,0.0
2022-12-08 00:00:00-05:00,247.97238845272682,250.3240152222011,247.62467362462826,250.15931701660156,3022700,0.0,0.0
2022-12-09 00:00:00-05:00,250.36065946880504,250.86394134563966,248.63127202419278,248.92408752441406,1677400,0.0,0.0
2022-12-12 00:00:00-05:00,249.06133362096685,253.19724780444088,248.17375584266733,253.11489868164062,3230500,0.0,0.0
2022-12-13 00:00:00-05:00,254.99980849700185,256.1161429516512,250.3880908797384,250.97369384765625,3390100,0.0,0.0
2022-12-14 00:00:00-05:00,251.8338553038034,253.5357929530114,249.16196286944677,251.20248413085938,2660900,0.0,0.0
2022-12-15 00:00:00-05:00,250.52536563189568,251.06522845982383,246.3345244024022,248.64041137695312,2735300,0.0,0.0
2022-12-16 00:00:00-05:00,247.43253982306038,247.99069308199296,243.17766838935952,243.50706481933594,5932500,0.0,0.0
2022-12-19 00:00:00-05:00,243.62605354415717,245.6116753565018,242.18032248968268,243.24172973632812,2160800,0.0,0.0
2022-12-20 00:00:00-05:00,244.2391451398979,245.17246310864866,242.06137528839034,244.5410919189453,1785600,0.0,0.0
2022-12-21 00:00:00-05:00,244.75152163452765,247.00248105993714,244.59595470082354,245.3737335205078,2366800,0.0,0.0
2022-12-22 00:00:00-05:00,244.55932371562332,245.33710246510836,241.24692952957818,243.18678283691406,2366700,0.0,0.0
2022-12-23 00:00:00-05:00,243.3057695846184,245.5475977877266,242.29010261813207,244.83387756347656,1269000,0.0,0.0
2022-12-27 00:00:00-05:00,245.8312192998528,246.0233671995801,243.94626543742103,244.16586303710938,1674700,0.0,0.0
2022-12-28 00:00:00-05:00,245.22734359495732,245.35546083488532,242.54632001050015,242.58290100097656,1427800,0.0,0.0
2022-12-29 00:00:00-05:00,243.34238064504723,245.0534773564616,242.3724538682624,243.33322143554688,1393900,0.0,0.0
2022-12-30 00:00:00-05:00,242.6652846021975,242.8299828370553,239.1881636279249,241.13717651367188,1720100,0.0,0.0
2023-01-03 00:00:00-05:00,241.13714520761937,241.88747430156457,237.45874548457812,241.86915588378906,2743800,0.0,0.0
2023-01-04 00:00:00-05:00,243.62607104123353,243.9005681205248,240.55159205547852,241.92413330078125,2584100,0.0,0.0
2023-01-05 00:00:00-05:00,242.2626521542963,242.2626521542963,239.16985521744203,239.88357543945312,1945600,0.0,0.0
2023-01-06 00:00:00-05:00,241.34759005394048,246.9567114169565,241.00903444824317,246.5723876953125,2855400,0.0,0.0
2023-01-09 00:00:00-05:00,246.99335884231414,247.01167726338647,244.10186867954485,244.5410919189453,2654600,0.0,0.0
2023-01-10 00:00:00-05:00,244.2939864009009,246.23383971207144,244.2756679841892,246.0599822998047,1718400,0.0,0.0
2023-01-11 00:00:00-05:00,246.61813687707217,246.81944399109753,244.27566932718585,245.96847534179688,2391400,0.0,0.0
2023-01-12 00:00:00-05:00,246.59983446997552,246.98415818706073,243.57109662194122,244.0286102294922,1933000,0.0,0.0
2023-01-13 00:00:00-05:00,243.75413403752418,246.09660167414606,243.2874611821821,246.0417022705078,2168900,0.0,0.0
2023-01-17 00:00:00-05:00,247.07570208975582,251.98942295463047,247.07570208975582,250.8181610107422,3640200,0.0,0.0
2023-01-18 00:00:00-05:00,250.2691233915253,251.05603345836175,243.14105297311275,243.43386840820312,3276500,0.0,0.0
2023-01-19 00:00:00-05:00,244.0561528337385,246.27053182397447,241.1372126724582,241.18295288085938,2845400,0.0,0.0
2023-01-20 00:00:00-05:00,241.9606683175044,245.82208473751678,240.49661901583005,245.75802612304688,2588600,0.0,0.0
2023-01-23 00:00:00-05:00,245.99597184652595,248.1280014040429,245.00775450519043,246.40774536132812,2434000,0.0,0.0
2023-01-24 00:00:00-05:00,239.0234599464359,247.2038071843531,239.0234599464359,246.65478515625,2517100,0.0,0.0
2023-01-25 00:00:00-05:00,247.35933958193723,249.86653359410704,245.9776672254395,249.80247497558594,3097400,0.0,0.0
2023-01-26 00:00:00-05:00,249.8024641122414,251.40376195911475,248.61293973861711,251.37631225585938,2222500,0.0,0.0
2023-01-27 00:00:00-05:00,251.63255775193662,251.91621403763045,248.86002559622855,249.30838012695312,2203200,0.0,0.0
2023-01-30 00:00:00-05:00,248.58550063499894,249.4090196921934,247.11229203236059,247.8717803955078,2862400,0.0,0.0
2023-01-31 00:00:00-05:00,242.56463346306143,244.77901227095072,240.88098623593285,244.6783447265625,5477900,0.0,0.0
2023-02-01 00:00:00-05:00,244.330649332993,245.64829125504352,241.10976237043897,243.64437866210938,3557700,0.0,0.0
2023-02-02 00:00:00-05:00,242.38156622106706,243.37894250912308,239.7554147242945,240.84429931640625,3735600,0.0,0.0
2023-02-03 00:00:00-05:00,240.3136604754627,242.68357818861304,239.14242647196713,241.7777099609375,3008500,0.0,0.0
2023-02-06 00:00:00-05:00,242.47309288105922,245.41035083271882,241.89662117233314,245.15414428710938,2863900,0.0,0.0
2023-02-07 00:00:00-05:00,242.50052776502363,245.01685286878555,241.22865432418283,244.62339782714844,2514000,0.0,0.0
2023-02-08 00:00:00-05:00,242.5645897639087,243.29662837714278,240.14893215128077,240.48748779296875,2801800,0.0,0.0
2023-02-09 00:00:00-05:00,241.2835484183956,241.52146444969216,238.08095290227612,238.51101684570312,3534600,0.0,0.0
2023-02-10 00:00:00-05:00,238.70319649409066,240.36855308574664,238.17249288189,240.1215057373047,3049900,0.0,0.0
2023-02-13 00:00:00-05:00,241.2927536039434,244.1201851188512,240.6522232089037,243.580322265625,2418300,0.0,0.0
2023-02-14 00:00:00-05:00,243.99205325116915,244.78812262982993,242.10709902083528,243.9554443359375,2202100,0.0,0.0
2023-02-15 00:00:00-05:00,243.64434796696818,244.93454001661758,242.61952169546777,243.9097137451172,1862000,0.0,0.0
2023-02-16 00:00:00-05:00,242.54632787725916,244.96198577480084,240.90842095665957,243.24172973632812,2785400,0.0,0.0
2023-02-17 00:00:00-05:00,243.67176472072362,247.05737698247276,242.7841871012543,247.0482177734375,3055600,0.0,0.0
2023-02-21 00:00:00-05:00,246.40773006761316,247.27698932074617,244.8704628523404,245.7305908203125,2824300,0.0,0.0
2023-02-22 00:00:00-05:00,245.41034350054042,247.49660471657697,244.91622091862118,245.81295776367188,2192000,0.0,0.0
2023-02-23 00:00:00-05:00,244.9528298704378,245.10836888042553,241.53060863326962,244.11099243164062,4217000,0.0,0.0
2023-02-24 00:00:00-05:00,243.31493518289017,243.65349084727524,239.96593160442052,241.2744140625,2645300,0.0,0.0
2023-02-27 00:00:00-05:00,242.50970166569206,243.6717763675855,241.14631982632534,242.28094482421875,2024800,0.0,0.0
2023-02-28 00:00:00-05:00,242.17052140780638,243.49574270519042,241.8668032111356,242.879150390625,2853400,1.52,0.0
2023-03-01 00:00:00-05:00,241.6183474182688,242.52944590461237,240.8268657153203,241.78399658203125,2058900,0.0,0.0
2023-03-02 00:00:00-05:00,241.53552706138268,247.0665746429689,241.4066700968801,246.2475128173828,2385900,0.0,0.0
2023-03-03 00:00:00-05:00,247.0297944235999,247.91328477429317,244.98670367873606,247.62799072265625,2725800,0.0,0.0
2023-03-06 00:00:00-05:00,247.70162442445985,249.20173539027226,247.4715467446887,249.07290649414062,2217600,0.0,0.0
2023-03-07 00:00:00-05:00,249.88270849317885,251.3828191717845,245.55726579301083,245.84255981445312,2766600,0.0,0.0
2023-03-08 00:00:00-05:00,244.67375285496024,244.94986287531415,242.17053508524174,244.1859893798828,2314000,0.0,0.0
2023-03-09 00:00:00-05:00,245.80574100176432,246.28429237609842,240.081408267293,240.78085327148438,2339300,0.0,0.0
2023-03-10 00:00:00-05:00,242.7135107221053,245.3363733130868,240.44034254711204,241.1489715576172,3093100,0.0,0.0
2023-03-13 00:00:00-04:00,239.62121629358498,246.09099733452004,239.62121629358498,242.11524963378906,3552400,0.0,0.0
2023-03-14 00:00:00-04:00,242.1520637683478,245.66765617613038,241.67351247945228,244.7105255126953,3194400,0.0,0.0
2023-03-15 00:00:00-04:00,243.49575347438244,245.17993751239467,241.64594836322613,245.11550903320312,3419400,0.0,0.0
2023-03-16 00:00:00-04:00,244.60020256282007,249.1097198520873,244.35172875840593,249.0084991455078,3097900,0.0,0.0
2023-03-17 00:00:00-04:00,248.0881292568627,248.45624787093988,244.5357158211753,245.90699768066406,5075300,0.0,0.0
2023-03-20 00:00:00-04:00,246.4959611222923,249.75386815855447,246.4959611222923,249.16485595703125,2108900,0.0,0.0
2023-03-21 00:00:00-04:00,248.48386665779708,249.28453240110136,246.29352289503527,248.6771240234375,3120100,0.0,0.0
2023-03-22 00:00:00-04:00,248.52067640026382,250.30608116881774,246.37633702510112,246.52359008789062,2240800,0.0,0.0
2023-03-23 00:00:00-04:00,246.63404440624288,249.84594770294112,246.63404440624288,248.1341552734375,2263800,0.0,0.0
2023-03-24 00:00:00-04:00,248.82439534878685,250.16804108457478,247.41632112450793,249.7078857421875,2229200,0.0,0.0
2023-03-27 00:00:00-04:00,250.32445432721858,253.03938151833523,249.00841706156834,252.017822265625,2799100,0.0,0.0
2023-03-28 00:00:00-04:00,252.15591383216073,254.2082167561921,251.71418268126828,253.86770629882812,2036000,0.0,0.0
2023-03-29 00:00:00-04:00,254.9260242429069,255.98437576613566,254.41986467090814,255.33096313476562,2053400,0.0,0.0
2023-03-30 00:00:00-04:00,255.16534316196487,256.2144827122225,254.4658980713581,255.65310668945312,1788800,0.0,0.0
2023-03-31 00:00:00-04:00,256.69307541418254,258.276010957719,256.3065325585609,257.32806396484375,2902500,0.0,0.0
2023-04-03 00:00:00-04:00,258.5980231069942,260.3282112383269,257.39241867017864,259.6564025878906,2352700,0.0,0.0
2023-04-04 00:00:00-04:00,258.9845821583986,260.8344152578279,258.0458755556684,259.7852478027344,2282300,0.0,0.0
2023-04-05 00:00:00-04:00,260.89881704345373,262.2700987992342,259.3250939380437,259.54595947265625,2600800,0.0,0.0
2023-04-06 00:00:00-04:00,259.9233165889007,260.89884358019344,259.13186295227297,260.3466796875,1731000,0.0,0.0
2023-04-10 00:00:00-04:00,260.613518536566,261.5246450224196,259.51834680359315,261.16571044921875,1941800,0.0,0.0
2023-04-11 00:00:00-04:00,260.6043016595497,262.7854327580543,260.2177589437537,261.8099060058594,2732900,0.0,0.0
2023-04-12 00:00:00-04:00,261.230141817739,263.9358569426243,260.9080275246531,262.5645751953125,2557400,0.0,0.0
2023-04-13 00:00:00-04:00,263.733403292968,266.466726773098,263.3100402147066,266.0341796875,3229300,0.0,0.0
2023-04-14 00:00:00-04:00,266.2366490064024,266.83484525156496,264.6997180179039,265.95135498046875,2054700,0.0,0.0
2023-04-17 00:00:00-04:00,266.7427988545909,267.3594192632376,265.21508001476684,266.2550354003906,2371000,0.0,0.0
2023-04-18 00:00:00-04:00,266.33789153702764,267.9852554338572,265.9697729010078,267.7275695800781,2086700,0.0,0.0
2023-04-19 00:00:00-04:00,267.7275395810248,268.362556093407,267.064914876176,268.058837890625,2254000,0.0,0.0
2023-04-20 00:00:00-04:00,267.7736045111777,268.42704535694315,266.7796812716526,267.8104248046875,2274200,0.0,0.0
2023-04-21 00:00:00-04:00,269.0252089396276,269.2184663071101,267.3594489533779,268.7859191894531,2171200,0.0,0.0
2023-04-24 00:00:00-04:00,269.4945444890027,270.04673647401876,268.4638010959866,269.8350830078125,2995200,0.0,0.0
2023-04-25 00:00:00-04:00,271.4916296769331,271.4916296769331,266.3654928438327,268.2797546386719,5845200,0.0,0.0
2023-04-26 00:00:00-04:00,266.8716894348813,268.27055149651557,266.6692199707031,266.6692199707031,3290000,0.0,0.0
2023-04-27 00:00:00-04:00,267.5527353677376,271.5376684533555,266.89011052163704,271.2339782714844,3142300,0.0,0.0
2023-04-28 00:00:00-04:00,271.3351257334535,272.5775504952528,270.48845582208514,272.18182373046875,2838200,0.0,0.0
2023-05-01 00:00:00-04:00,272.1542331962965,274.9887772933129,272.0898047181339,273.8659973144531,2124400,0.0,0.0
2023-05-02 00:00:00-04:00,273.67275743253896,274.6758926118779,272.0253936017546,274.3169860839844,2083800,0.0,0.0
2023-05-03 00:00:00-04:00,273.1113472837836,273.5715025242074,271.1694775646584,271.6940612792969,2425500,0.0,0.0
2023-05-04 00:00:00-04:00,272.46715943747915,272.69723709207983,270.08355830609406,271.6388854980469,2005300,0.0,0.0
2023-05-05 00:00:00-04:00,272.2002987175824,273.3506871479017,270.9946938894603,272.96417236328125,1815800,0.0,0.0
2023-05-08 00:00:00-04:00,273.4242972861371,273.67277104857953,272.0162231276595,273.0469665527344,2969600,0.0,0.0
2023-05-09 00:00:00-04:00,274.8323304441889,275.04398388540295,272.68799124080635,273.0193176269531,1637500,0.0,0.0
2023-05-10 00:00:00-04:00,272.7616621753314,274.25256086485234,270.4240653697494,272.9365234375,1849300,0.0,0.0
2023-05-11 00:00:00-04:00,272.87209362754186,273.27703253947357,269.9823048547247,271.2983703613281,1955100,0.0,0.0
2023-05-12 00:00:00-04:00,271.66649567383564,272.80767186156675,270.8566178300323,272.5408020019531,1801700,0.0,0.0
2023-05-15 00:00:00-04:00,272.20027089325646,273.0009647508619,271.1787395526684,272.3199157714844,1700500,0.0,0.0
2023-05-16 00:00:00-04:00,272.35671438261875,272.5867920268505,270.5529135158239,270.7093505859375,2859500,0.0,0.0
2023-05-17 00:00:00-04:00,271.9702398731227,271.9702398731227,269.32895234783086,270.07440185546875,2802100,0.0,0.0
2023-05-18 00:00:00-04:00,269.88107235484046,270.9670320776391,267.93001845675485,270.6173095703125,2410700,0.0,0.0
2023-05-19 00:00:00-04:00,270.4240490379727,272.41192319916337,269.16322807632906,271.9977722167969,2371200,0.0,0.0
2023-05-22 00:00:00-04:00,271.9977788227368,273.00094206344147,266.09861276069245,266.2918701171875,2514700,0.0,0.0
2023-05-23 00:00:00-04:00,265.18746799156423,265.5095822873787,262.6934343720143,263.54931640625,2943900,0.0,0.0
2023-05-24 00:00:00-04:00,263.6229257428829,264.2395179839245,261.9019217001433,263.1351623535156,2262100,0.0,0.0
2023-05-25 00:00:00-04:00,263.93590235815265,264.0463351437791,262.0216404551188,262.76708984375,2748100,0.0,0.0
2023-05-26 00:00:00-04:00,262.91430958580395,265.739669697691,262.91430958580395,263.2456359863281,2148200,0.0,0.0
2023-05-30 00:00:00-04:00,261.30377820585556,263.5309421839069,261.0737005591236,262.21490478515625,3385200,0.0,0.0
2023-05-31 00:00:00-04:00,262.1780560354563,262.9327173753665,260.7699821137443,262.38970947265625,3104900,0.0,0.0
2023-06-01 00:00:00-04:00,262.21487993003046,265.086244195367,261.00006332988113,264.9297790527344,2605300,0.0,0.0
2023-06-02 00:00:00-04:00,265.2536100280093,268.49179487478085,264.7355027113043,268.2234802246094,2869400,1.52,0.0
2023-06-05 00:00:00-04:00,268.30672034267553,268.7693181363698,266.48408390613093,266.8541564941406,1974500,0.0,0.0
2023-06-06 00:00:00-04:00,268.17720757170434,268.51955369216324,260.8866892946055,263.25518798828125,2771500,0.0,0.0
2023-06-07 00:00:00-04:00,263.1719184769337,263.4402048910565,260.26679053314047,260.8126525878906,3614800,0.0,0.0
2023-06-08 00:00:00-04:00,259.95224608821707,264.66148897844334,259.05480509830863,264.4024353027344,3043700,0.0,0.0
2023-06-09 00:00:00-04:00,264.16186693199035,265.79022040423627,263.44021541310536,265.3368835449219,1975900,0.0,0.0
2023-06-12 00:00:00-04:00,266.6044004997163,267.15026258314685,265.0685722253561,266.9837341308594,1885000,0.0,0.0
2023-06-13 00:00:00-04:00,266.91899198177174,268.0199772577371,266.04004466575384,266.9652404785156,2027800,0.0,0.0
2023-06-14 00:00:00-04:00,266.54890118867604,267.899679077782,265.81798864054184,266.86346435546875,1964500,0.0,0.0
2023-06-15 00:00:00-04:00,267.98289504373344,271.52640993905953,266.6968878650636,270.7214660644531,2619200,0.0,0.0
2023-06-16 00:00:00-04:00,272.4794479086278,274.3853491644304,271.2119340694009,271.73004150390625,4891200,0.0,0.0
2023-06-20 00:00:00-04:00,271.6837406501776,274.9496806903058,270.7862995960199,271.119384765625,2729800,0.0,0.0
2023-06-21 00:00:00-04:00,271.37842948003913,273.08078630520396,270.9065706031852,272.4886474609375,2837100,0.0,0.0
2023-06-22 00:00:00-04:00,272.58115892743945,273.00674105356785,269.7130465440884,271.3598937988281,1799400,0.0,0.0
2023-06-23 00:00:00-04:00,269.5557642489167,270.57348513341975,267.97368755807594,268.2234802246094,3720600,0.0,0.0
2023-06-26 00:00:00-04:00,267.97371836812454,268.0754763509088,265.5959584452073,267.46484375,1851800,0.0,0.0
2023-06-27 00:00:00-04:00,268.5935258625478,270.6104454452929,267.9828933931911,269.50946044921875,1815000,0.0,0.0
2023-06-28 00:00:00-04:00,269.6483395113265,269.99065745539315,267.4278469021895,269.9166259765625,1666500,0.0,0.0
2023-06-29 00:00:00-04:00,269.7407989065041,272.61817225679766,268.5010400389061,272.4423828125,1744000,0.0,0.0
2023-06-30 00:00:00-04:00,273.06223658962114,276.72600317473655,272.83093769499743,276.0876159667969,2644700,0.0,0.0
2023-07-03 00:00:00-04:00,275.5140679350159,276.0784238259705,272.7477132658113,272.78472900390625,1601300,0.0,0.0
2023-07-05 00:00:00-04:00,273.0344741595584,275.06991587928127,272.5533825870468,274.6905822753906,2356000,0.0,0.0
2023-07-06 00:00:00-04:00,273.2288373308341,274.39456486864657,271.4894646653607,272.8587646484375,2569600,0.0,0.0
2023-07-07 00:00:00-04:00,271.74850748046185,272.34061810162973,269.74082020091475,270.24969482421875,2586500,0.0,0.0
2023-07-10 00:00:00-04:00,270.5272208129936,273.5063521380088,270.4624503367529,272.46087646484375,1703700,0.0,0.0
2023-07-11 00:00:00-04:00,273.2010743353533,273.3953575466658,269.9443670652439,272.69219970703125,1529600,0.0,0.0
2023-07-12 00:00:00-04:00,274.6258714127326,274.8756923621734,273.11782589616575,273.49713134765625,2156000,0.0,0.0
2023-07-13 00:00:00-04:00,273.29352613499356,274.4685143149839,272.94194730963636,273.13623046875,1656900,0.0,0.0
2023-07-14 00:00:00-04:00,273.1640361974854,273.9041814792333,272.01680254035637,272.8772277832031,1550000,0.0,0.0
2023-07-17 00:00:00-04:00,273.00676090094765,274.6536082754119,272.5164082623357,272.6366882324219,1669900,0.0,0.0
2023-07-18 00:00:00-04:00,272.44240555241277,273.6266550348394,270.5827529784302,271.8410339355469,1991600,0.0,0.0
2023-07-19 00:00:00-04:00,272.93269272670454,273.302765307185,271.2858457440478,272.1277770996094,1969200,0.0,0.0
2023-07-20 00:00:00-04:00,272.2943531294179,275.3012392529327,272.1093026894623,274.9034118652344,2104300,0.0,0.0
2023-07-21 00:00:00-04:00,275.39379977879173,276.9573830222517,273.22884488047873,273.49713134765625,2835500,0.0,0.0
2023-07-24 00:00:00-04:00,273.8579001682182,274.7368472903525,272.803163621657,273.2195129394531,2034400,0.0,0.0
2023-07-25 00:00:00-04:00,272.1925580984393,272.8679328194,269.8332923664679,270.49017333984375,2780600,0.0,0.0
2023-07-26 00:00:00-04:00,270.3884401296895,270.6937422837995,267.8441519847566,269.92584228515625,2896900,0.0,0.0
2023-07-27 00:00:00-04:00,270.15717415851026,276.5410195447609,269.7038372506883,273.1085510253906,4698300,0.0,0.0
2023-07-28 00:00:00-04:00,273.67295657509925,275.4308515055253,271.0361706489407,272.0353698730469,2843000,0.0,0.0
2023-07-31 00:00:00-04:00,271.6466392957392,272.22951698278723,268.3529455491349,271.267333984375,3296000,0.0,0.0
2023-08-01 00:00:00-04:00,271.0823433582357,271.924274843523,268.538055152655,269.2967224121094,1916200,0.0,0.0
2023-08-02 00:00:00-04:00,268.54736963863127,271.4987468037881,267.7331927331069,267.9552307128906,2388300,0.0,0.0
2023-08-03 00:00:00-04:00,267.19655234824023,269.48178724562166,267.0577786165646,269.25048828125,1910700,0.0,0.0
2023-08-04 00:00:00-04:00,270.5364703334997,270.91580394788264,265.3091204240658,265.5496520996094,2520500,0.0,0.0
2023-08-07 00:00:00-04:00,266.34531142815445,269.60198974609375,266.326789446096,269.60198974609375,2176800,0.0,0.0
2023-08-08 00:00:00-04:00,269.2781906307236,269.7870651941652,266.95596867991736,267.91815185546875,1948400,0.0,0.0
2023-08-09 00:00:00-04:00,267.38158003820337,268.04772212824156,266.3453652836405,266.669189453125,1895800,0.0,0.0
2023-08-10 00:00:00-04:00,267.2057520182717,268.6490549659342,265.32760598799746,266.0862731933594,2436300,0.0,0.0
2023-08-11 00:00:00-04:00,265.76239397303726,267.3444702925325,265.30905723601063,267.0299072265625,1761800,0.0,0.0
2023-08-14 00:00:00-04:00,267.1872557634921,268.16796087937774,266.10476444553444,267.20574951171875,1712400,0.0,0.0
2023-08-15 00:00:00-04:00,266.410121319135,267.45556877517873,265.642193053019,266.7339172363281,1883800,0.0,0.0
2023-08-16 00:00:00-04:00,266.05852934057776,267.27053342654716,263.7085243999982,264.05084228515625,1829400,0.0,0.0
2023-08-17 00:00:00-04:00,264.7447320465199,265.10557190602435,260.70163153622275,260.775634765625,2148400,0.0,0.0
2023-08-18 00:00:00-04:00,260.6461790988472,262.51506457362314,259.3323885528999,260.6646728515625,2624500,0.0,0.0
2023-08-21 00:00:00-04:00,260.62765573556754,261.1735178433902,257.8335464824701,259.0918273925781,2682600,0.0,0.0
2023-08-22 00:00:00-04:00,259.7579631434528,259.8134726286779,258.21287384539846,259.34161376953125,2052300,0.0,0.0
2023-08-23 00:00:00-04:00,260.92365528609486,261.96913084102187,259.6561418202911,260.7848815917969,2308800,0.0,0.0
2023-08-24 00:00:00-04:00,260.6646503153313,263.44949865137926,260.6646503153313,261.2290344238281,2006400,0.0,0.0
2023-08-25 00:00:00-04:00,263.4587014375783,264.7354758508906,262.3022069667851,263.2921447753906,3725200,0.0,0.0
2023-08-28 00:00:00-04:00,263.29217363712985,264.79101435275055,262.30223572000864,262.4595031738281,2317600,0.0,0.0
2023-08-29 00:00:00-04:00,262.70930580611895,263.2829225690609,259.452599175642,262.376220703125,2348500,0.0,0.0
2023-08-30 00:00:00-04:00,262.570542226966,264.58749041783517,262.0987115946763,262.9776306152344,2410700,0.0,0.0
2023-08-31 00:00:00-04:00,263.4333900134816,263.98218680764666,261.2661067963032,261.5172424316406,2979800,1.52,0.0
2023-09-01 00:00:00-04:00,262.81023811728994,263.3683457911336,259.63835503058965,261.32196044921875,2136400,0.0,0.0
2023-09-05 00:00:00-04:00,261.3777384349739,261.97306078861743,259.5732065819735,259.6662292480469,2410300,0.0,0.0
2023-09-06 00:00:00-04:00,258.5872570720365,259.1918618878835,255.79674710363324,256.2060241699219,2705800,0.0,0.0
2023-09-07 00:00:00-04:00,257.88956367963965,259.5080499640393,256.81987414240393,258.8941345214844,3732800,0.0,0.0
2023-09-08 00:00:00-04:00,258.6616689583034,260.773173089754,258.44774801919533,259.7220764160156,2351300,0.0,0.0
2023-09-11 00:00:00-04:00,260.1591855024867,260.5684624726185,259.1080891194906,260.22430419921875,2433200,0.0,0.0
2023-09-12 00:00:00-04:00,259.9731628365714,261.84281332267193,258.2988684576819,261.10797119140625,1450200,0.0,0.0
2023-09-13 00:00:00-04:00,262.0009693418758,263.13577776018303,261.0149631280554,262.0939636230469,1724300,0.0,0.0
2023-09-14 00:00:00-04:00,263.54504897268487,265.65655300291445,262.83813908796765,264.8752136230469,2219700,0.0,0.0
2023-09-15 00:00:00-04:00,264.038010599649,264.038010599649,258.33609303483706,258.8011779785156,5730700,0.0,0.0
2023-09-18 00:00:00-04:00,259.25698274129127,260.69873488226057,257.5919704981617,258.3268127441406,2884800,0.0,0.0
2023-09-19 00:00:00-04:00,257.1361406567748,258.8290564981276,257.1361406567748,258.7081298828125,2128100,0.0,0.0
2023-09-20 00:00:00-04:00,259.2755503468683,260.6987091666655,257.78730120745814,257.8431091308594,1979300,0.0,0.0
2023-09-21 00:00:00-04:00,257.60127405346014,257.8338165462226,252.0946553347699,252.28070068359375,2370100,0.0,0.0
2023-09-22 00:00:00-04:00,252.4480998326624,254.53169966734765,251.91789618813095,253.21084594726562,1958300,0.0,0.0
2023-09-25 00:00:00-04:00,251.56444943943708,252.78296968243998,250.13197990995255,250.94122314453125,1895500,0.0,0.0
2023-09-26 00:00:00-04:00,250.0482933326096,250.49475674222913,247.96469333709302,249.0251007080078,2251600,0.0,0.0
2023-09-27 00:00:00-04:00,249.02506077461203,249.22969926671678,243.97424555749495,245.22998046875,2735000,0.0,0.0
2023-09-28 00:00:00-04:00,245.77880578883457,247.7135467135311,244.75561320948563,247.0438232421875,2182400,0.0,0.0
2023-09-29 00:00:00-04:00,248.4949138972214,248.69955243603826,243.47200149216872,245.0439910888672,3367100,0.0,0.0
2023-10-02 00:00:00-04:00,243.7045036486118,243.76962235166712,239.48152453028874,239.75128173828125,4425000,0.0,0.0
2023-10-03 00:00:00-04:00,239.2489974922073,240.26287929996772,236.14223336167183,236.7189483642578,3408100,0.0,0.0
2023-10-04 00:00:00-04:00,237.50026927272043,238.35602383069633,236.27243825914707,237.94674682617188,2820000,0.0,0.0
2023-10-05 00:00:00-04:00,238.12350490573434,239.84432497396145,234.0121554695383,234.61676025390625,3799600,0.0,0.0
2023-10-06 00:00:00-04:00,232.54246574702475,233.30521184744254,228.57063645795117,230.8867645263672,5130700,0.0,0.0
2023-10-09 00:00:00-04:00,230.421692381018,232.53318206128236,229.99380797526317,232.4680633544922,2782300,0.0,0.0
2023-10-10 00:00:00-04:00,234.14237575170904,235.73295838266998,233.0075673024394,233.9563446044922,3129600,0.0,0.0
2023-10-11 00:00:00-04:00,234.9516365893273,235.04465926651395,231.97509543183583,233.39825439453125,2919400,0.0,0.0
2023-10-12 00:00:00-04:00,234.1144697225171,234.54233993801196,228.7101847516194,228.99853515625,3528300,0.0,0.0
2023-10-13 00:00:00-04:00,229.58453024398992,231.43555917029968,228.82178415072005,230.97047424316406,2646500,0.0,0.0
2023-10-16 00:00:00-04:00,231.81695557911812,232.99827538720868,230.74726581621064,232.48667907714844,2774700,0.0,0.0
2023-10-17 00:00:00-04:00,232.62620868944757,233.84472910174094,231.965795946774,233.60289001464844,2627500,0.0,0.0
2023-10-18 00:00:00-04:00,235.19346424399944,239.13737552543768,234.71906851261667,238.15139770507812,4559200,0.0,0.0
2023-10-19 00:00:00-04:00,238.36537021702046,244.22542978701404,238.36537021702046,240.3373260498047,5646200,0.0,0.0
2023-10-20 00:00:00-04:00,240.8767706363309,242.1604095404197,239.57453855483874,240.08612060546875,3779200,0.0,0.0
2023-10-23 00:00:00-04:00,238.69090269184997,239.27691431557056,236.76545823190244,236.96080017089844,3409800,0.0,0.0
2023-10-24 00:00:00-04:00,236.89564262853463,239.76058156676632,236.89564262853463,239.30477905273438,2468000,0.0,0.0
2023-10-25 00:00:00-04:00,240.09544589195673,241.31396616895094,238.99785224171544,240.01173400878906,2759100,0.0,0.0
2023-10-26 00:00:00-04:00,240.31869243059197,241.41631453519156,237.82584380044935,237.9653778076172,2702600,0.0,0.0
2023-10-27 00:00:00-04:00,238.63511189847137,241.26750900251815,237.07243304737278,237.90028381347656,3209000,0.0,0.0
2023-10-30 00:00:00-04:00,241.93720647101014,243.7603316006571,236.82127181370385,241.98370361328125,6305100,0.0,0.0
2023-10-31 00:00:00-04:00,245.06250837303605,245.2764576294359,241.61158663344813,243.86260986328125,3990600,0.0,0.0
2023-11-01 00:00:00-04:00,244.63466374922487,244.9974436061746,241.68601291662287,243.6765899658203,3543000,0.0,0.0
2023-11-02 00:00:00-04:00,245.18345763798885,248.7460239187544,245.10905654301118,248.2158203125,4109700,0.0,0.0
2023-11-03 00:00:00-04:00,248.87624617112817,249.8529131722644,246.9507877427415,249.1645965576172,3126500,0.0,0.0
2023-11-06 00:00:00-05:00,249.29484130170007,250.3180054714706,248.63440024149918,250.13198852539062,3090600,0.0,0.0
2023-11-07 00:00:00-05:00,250.02966594646375,250.95055348043775,249.38784642354054,249.9087677001953,2360800,0.0,0.0
2023-11-08 00:00:00-05:00,250.0575509147064,251.20167006138766,248.61579898665926,248.81112670898438,2223300,0.0,0.0
2023-11-09 00:00:00-05:00,249.50876570262304,249.60178837023165,247.36938628028815,248.2716522216797,2501700,0.0,0.0
2023-11-10 00:00:00-05:00,248.66229612834115,249.40644904809423,246.69034056742538,249.09019470214844,2664900,0.0,0.0
2023-11-13 00:00:00-05:00,248.7274258038185,250.88542678650484,248.59721677869967,250.40174865722656,2591900,0.0,0.0
2023-11-14 00:00:00-05:00,251.14590087165465,252.689986483398,250.54129604686335,252.53184509277344,2647800,0.0,0.0
2023-11-15 00:00:00-05:00,253.40610101284423,254.02932714400845,250.23421922417847,251.50857543945312,2575900,0.0,0.0
2023-11-16 00:00:00-05:00,252.1412143880077,256.87577676373826,252.1039996359882,256.83856201171875,3593700,0.0,0.0
2023-11-17 00:00:00-05:00,257.238540038203,257.76874382907386,255.9363075236833,256.4944152832031,2604800,0.0,0.0
2023-11-20 00:00:00-05:00,256.1223000188733,260.26153924197376,255.8153280405813,259.5453186035156,3499400,0.0,0.0
2023-11-21 00:00:00-05:00,260.3266579806603,261.0708109686246,258.9872109888586,260.884765625,2940800,0.0,0.0
2023-11-22 00:00:00-05:00,261.61025867688386,262.68925906127697,261.56376154106437,262.2427673339844,2285000,0.0,0.0
2023-11-24 00:00:00-05:00,262.3079419472599,262.8567388449497,261.40567590510045,262.81024169921875,1218000,0.0,0.0
2023-11-27 00:00:00-05:00,262.9218648920504,264.0752666490939,261.4614911277055,262.15911865234375,3703900,0.0,0.0
2023-11-28 00:00:00-05:00,261.8428656816528,263.74042050729196,261.7033458532684,262.39166259765625,2199600,0.0,0.0
2023-11-29 00:00:00-05:00,262.503254431754,262.7451077031732,259.98250180789273,260.8010559082031,2433400,0.0,0.0
2023-11-30 00:00:00-05:00,262.401210145988,264.1416793840354,260.1928405918448,263.7299499511719,5030400,1.67,0.0
2023-12-01 00:00:00-05:00,265.0493179434208,268.42733790888377,264.81538209351487,267.5851745605469,4967400,0.0,0.0
2023-12-04 00:00:00-05:00,266.67750151578235,268.9326465288639,266.67750151578235,267.7442626953125,3522900,0.0,0.0
2023-12-05 00:00:00-05:00,268.1372066659885,270.20521973059437,266.8833141854757,268.12786865234375,3005300,0.0,0.0
2023-12-06 00:00:00-05:00,268.3057149922149,268.9045759179451,265.1896734828055,268.4273376464844,2765100,0.0,0.0
2023-12-07 00:00:00-05:00,269.01685014359714,269.6344441896338,267.285747768291,268.3618469238281,3131900,0.0,0.0
2023-12-08 00:00:00-05:00,268.86712691740263,269.40050748590113,266.7336332000299,267.18280029296875,3623600,0.0,0.0
2023-12-11 00:00:00-05:00,267.21084501074125,270.71988226160715,267.21084501074125,270.5701599121094,3353000,0.0,0.0
2023-12-12 00:00:00-05:00,270.5421091276066,272.95634292969515,269.97131939899657,272.6943359375,2252200,0.0,0.0
2023-12-13 00:00:00-05:00,272.9469776328681,276.9519579931947,272.8159598578485,276.9145202636719,3312300,0.0,0.0
2023-12-14 00:00:00-05:00,275.67002889782435,276.29696102402033,269.50348292611613,271.3843078613281,4626800,0.0,0.0
2023-12-15 00:00:00-05:00,271.749221862527,273.00311448856786,267.3605833930741,268.81097412109375,6328500,0.0,0.0
2023-12-18 00:00:00-05:00,270.1023200197259,271.9176644553668,269.0823631657415,271.580810546875,2490100,0.0,0.0
2023-12-19 00:00:00-05:00,271.99250270912944,272.97502169777846,270.9818840086619,272.04864501953125,2054200,0.0,0.0
2023-12-20 00:00:00-05:00,272.0486533954631,272.92825436099616,270.1678002692417,270.4204406738281,2398500,0.0,0.0
2023-12-21 00:00:00-05:00,271.8989433895134,272.79724898100363,270.7011930819865,272.666259765625,2313100,0.0,0.0
2023-12-22 00:00:00-05:00,272.02061646787286,273.67687199736173,271.8334563661423,272.95635986328125,1700300,0.0,0.0
2023-12-26 00:00:00-05:00,272.50717434906784,274.219572082103,272.1983916143507,274.0417785644531,1381500,0.0,0.0
2023-12-27 00:00:00-05:00,273.70493696832534,275.69807492453873,273.66749923750126,275.6231994628906,1892100,0.0,0.0
2023-12-28 00:00:00-05:00,275.5483280085961,277.41981459036225,275.10852751961636,276.8302917480469,1907100,0.0,0.0
2023-12-29 00:00:00-05:00,276.8209481968784,277.7754247091876,276.3343719255394,277.457275390625,2227800,0.0,0.0
2024-01-02 00:00:00-05:00,276.09106784178584,278.17778582174475,276.09106784178584,277.9532165527344,4458400,0.0,0.0
2024-01-03 00:00:00-05:00,277.9157872869243,278.8421641064283,275.3424929601935,275.4735107421875,3114800,0.0,0.0
2024-01-04 00:00:00-05:00,276.3437518273,278.1684343503044,272.2264865177512,272.9937744140625,4615400,0.0,0.0
2024-01-05 00:00:00-05:00,270.6263053371788,271.67433323910285,268.745480767576,270.4204406738281,3407300,0.0,0.0
2024-01-08 00:00:00-05:00,269.9713383652926,273.2370737039778,269.0449329777245,273.14349365234375,3097000,0.0,0.0
2024-01-09 00:00:00-05:00,271.0193747824257,272.1796875,269.04494129143825,272.1796875,2176400,0.0,0.0
2024-01-10 00:00:00-05:00,272.3013055969855,275.4734891528702,272.17965439656,275.1927490234375,2199700,0.0,0.0
2024-01-11 00:00:00-05:00,275.529672055554,275.99754378357727,271.9738297886027,275.2489318847656,2047400,0.0,0.0
2024-01-12 00:00:00-05:00,276.47473004452996,276.7461036195884,274.0230869669848,274.61260986328125,1714800,0.0,0.0
2024-01-16 00:00:00-05:00,274.6126023084727,275.3424809798503,271.3468671522169,272.3855285644531,2859000,0.0,0.0
2024-01-17 00:00:00-05:00,271.49660182395917,273.55522015513003,271.48723525190763,272.4510498046875,2008200,0.0,0.0
2024-01-18 00:00:00-05:00,273.3213071703403,275.5577477744598,272.59142840481735,275.4454345703125,2221200,0.0,0.0
2024-01-19 00:00:00-05:00,278.8514431748842,281.7335193515135,277.4665331096081,281.2188720703125,4250900,0.0,0.0
2024-01-22 00:00:00-05:00,281.6119337160845,282.95940623853556,278.60817741661975,279.2351379394531,3250200,0.0,0.0
2024-01-23 00:00:00-05:00,278.32755950511853,280.91955881826794,278.0374812936213,280.76983642578125,1874000,0.0,0.0
2024-01-24 00:00:00-05:00,280.7230362206798,282.6319608628351,280.0773709528423,281.134765625,3209700,0.0,0.0
2024-01-25 00:00:00-05:00,281.4154470663677,281.9488276315899,277.06424618278976,278.1122741699219,3219600,0.0,0.0
2024-01-26 00:00:00-05:00,276.3530569148373,276.961312906653,272.95633271490726,273.4803466796875,4210500,0.0,0.0
2024-01-29 00:00:00-05:00,272.9001676408023,273.9481954829549,269.78412671219183,273.527099609375,3899700,0.0,0.0
2024-01-30 00:00:00-05:00,273.3680700186096,275.9694353326527,271.55272567464215,275.7167663574219,2524200,0.0,0.0
2024-01-31 00:00:00-05:00,276.88648499552426,278.3275379244258,272.9095752777003,273.91082763671875,3476200,0.0,0.0
2024-02-01 00:00:00-05:00,272.9563724511025,278.9731959074647,271.6276042034305,278.9263916015625,3380600,0.0,0.0
2024-02-02 00:00:00-05:00,277.04557512779996,279.0106421198214,274.5003517552994,277.96258544921875,3971600,0.0,0.0
2024-02-05 00:00:00-05:00,268.56775522551106,272.7130921410131,265.1241973892341,267.5945739746094,7581900,0.0,0.0
2024-02-06 00:00:00-05:00,264.787302474864,266.38741564124894,263.44919630973874,266.3593444824219,5927200,0.0,0.0
2024-02-07 00:00:00-05:00,266.7336327510621,271.8615166328206,265.85403171009216,268.86712646484375,3954700,0.0,0.0
2024-02-08 00:00:00-05:00,267.8097483837606,274.3131472940925,265.9382617523063,273.1715393066406,4605000,0.0,0.0
2024-02-09 00:00:00-05:00,273.37741423287827,273.7142966886189,270.3549814859433,270.86962890625,3323000,0.0,0.0
2024-02-12 00:00:00-05:00,270.4298538542887,272.47913427010195,270.2052845670621,270.8415832519531,2392300,0.0,0.0
2024-02-13 00:00:00-05:00,270.08363370569,271.272017594323,267.31384111863764,268.6612854003906,2756100,0.0,0.0
2024-02-14 00:00:00-05:00,268.85778018351215,269.7935235126571,268.1746772728531,269.6531677246094,2139300,0.0,0.0
2024-02-15 00:00:00-05:00,269.4004826996082,273.330615870522,268.82032643916114,273.10601806640625,2401400,0.0,0.0
2024-02-16 00:00:00-05:00,272.1048521458318,274.8278690754172,270.67316577632033,273.25579833984375,2837500,0.0,0.0
2024-02-20 00:00:00-05:00,273.2370788842652,276.5121808571931,273.0873565101366,273.8453063964844,2264000,0.0,0.0
2024-02-21 00:00:00-05:00,274.25703656648517,276.23147003951175,273.4710155175409,275.02435302734375,2076400,0.0,0.0
2024-02-22 00:00:00-05:00,275.1085724256699,277.6070199850623,274.40676484295136,276.90521240234375,3146600,0.0,0.0
2024-02-23 00:00:00-05:00,276.980033355636,279.5439610127688,276.109798888209,278.6175842285156,2199000,0.0,0.0
2024-02-26 00:00:00-05:00,279.04800242790463,279.4878029226363,277.3543093337849,278.0280456542969,2595300,0.0,0.0
2024-02-27 00:00:00-05:00,277.7286113553323,277.7286113553323,274.4722428146308,274.88397216796875,2811200,0.0,0.0
2024-02-28 00:00:00-05:00,275.13664112191833,277.0736368864587,273.91081950628126,276.22210693359375,2507300,0.0,0.0
2024-02-29 00:00:00-05:00,276.8620070895899,277.3795826093657,274.5187300179515,275.0551452636719,3601700,1.67,0.0
2024-03-01 00:00:00-05:00,274.2176044238802,275.4221693755919,272.467204375198,273.59649658203125,3028900,0.0,0.0
2024-03-04 00:00:00-05:00,272.31664583277194,274.07643712637145,271.49792185930863,273.79412841796875,2832000,0.0,0.0
2024-03-05 00:00:00-05:00,274.3775789148112,276.21267163226133,271.8931761837639,275.2998352050781,2969600,0.0,0.0
2024-03-06 00:00:00-05:00,276.0432913381851,277.7466497755534,274.93283868455785,275.6668701171875,2348000,0.0,0.0
2024-03-07 00:00:00-05:00,276.8620557786478,277.53962549263787,273.87885932034567,273.9541320800781,2237700,0.0,0.0
2024-03-08 00:00:00-05:00,272.9472054165959,276.18447967306344,271.80849314863633,275.30926513671875,2482300,0.0,0.0
2024-03-11 00:00:00-04:00,274.93283303058325,278.0383726579191,274.66933530939394,277.44549560546875,2893300,0.0,0.0
2024-03-12 00:00:00-04:00,278.2547420847561,278.89466088652136,276.2408732158852,276.9654846191406,2233100,0.0,0.0
2024-03-13 00:00:00-04:00,275.0363640407513,276.1750475390238,265.9456496252638,266.1903076171875,5441300,0.0,0.0
2024-03-14 00:00:00-04:00,265.77626139543804,265.8703451579122,261.45673685981836,265.1269226074219,4659300,0.0,0.0
2024-03-15 00:00:00-04:00,265.2775106179603,267.47960494948506,261.9743547611237,262.6895751953125,5071700,0.0,0.0
2024-03-18 00:00:00-04:00,263.00013098486323,263.7812043604244,261.6826422506694,262.1625671386719,3319400,0.0,0.0
2024-03-19 00:00:00-04:00,262.7460060648801,267.6395388756924,262.16252020503094,266.19970703125,4055400,0.0,0.0
2024-03-20 00:00:00-04:00,266.79258953413944,267.82776934669783,264.788111515071,267.6866149902344,2867300,0.0,0.0
2024-03-21 00:00:00-04:00,267.7336678000209,268.75000792714724,265.98329627022076,266.8208312988281,3653300,0.0,0.0
2024-03-22 00:00:00-04:00,267.15018052004115,267.6301340166248,265.4938929389632,265.9738464355469,2556100,0.0,0.0
2024-03-25 00:00:00-04:00,263.49887292411023,264.04467938162134,261.2779676374883,262.2001953125,2985500,0.0,0.0
2024-03-26 00:00:00-04:00,262.7648414982998,262.9812973399342,260.83566480917324,262.2001953125,2572100,0.0,0.0
2024-03-27 00:00:00-04:00,261.71081266986573,265.6632779594069,261.71081266986573,265.3997802734375,2605000,0.0,0.0
2024-03-28 00:00:00-04:00,265.61632367811103,266.6797346354573,264.6752561008635,265.3340148925781,3453900,0.0,0.0
2024-04-01 00:00:00-04:00,264.91046719599956,264.957509077312,262.2190282771501,263.7059020996094,2408800,0.0,0.0
2024-04-02 00:00:00-04:00,263.4987996902313,263.9505222571441,261.0990899664027,261.3719787597656,2907700,0.0,0.0
2024-04-03 00:00:00-04:00,260.27099496587425,261.5790636036331,258.934666738251,259.30169677734375,2748000,0.0,0.0
2024-04-04 00:00:00-04:00,259.96045625804396,259.96045625804396,254.01293195933326,254.1728973388672,4095100,0.0,0.0
2024-04-05 00:00:00-04:00,253.5423601062999,254.6716236148176,250.66266779779863,250.97323608398438,6816000,0.0,0.0
2024-04-08 00:00:00-04:00,251.49081324471254,252.8553723020648,250.20155565320988,251.79196166992188,3753200,0.0,0.0
2024-04-09 00:00:00-04:00,250.5309346679239,253.7776283005587,249.85336507150856,253.56117248535156,3934900,0.0,0.0
2024-04-10 00:00:00-04:00,251.236737219149,253.1376828186282,249.48633711426078,252.83656311035156,3817500,0.0,0.0
2024-04-11 00:00:00-04:00,253.61764886152687,253.97525904681373,251.40613486232883,252.7895050048828,2519200,0.0,0.0
2024-04-12 00:00:00-04:00,252.12134845035223,252.42249688450244,250.86971283551966,251.6320037841797,2708400,0.0,0.0
2024-04-15 00:00:00-04:00,252.0742904357458,252.6953983425235,250.3709608037587,250.54037475585938,3686700,0.0,0.0
2024-04-16 00:00:00-04:00,250.44624945370032,251.25555356046118,249.5239931449561,249.78749084472656,2912900,0.0,0.0
2024-04-17 00:00:00-04:00,250.7945041682296,254.20116413260652,249.87224762265518,254.04119873046875,3383100,0.0,0.0
2024-04-18 00:00:00-04:00,255.0104217529297,255.30215031206447,253.00594385242056,255.0104217529297,3402700,0.0,0.0
2024-04-19 00:00:00-04:00,255.97974671020634,256.1773628182625,254.53991477045972,255.96090698242188,3017100,0.0,0.0
2024-04-22 00:00:00-04:00,257.61718435517247,260.20511954047555,256.2714649513979,259.3393249511719,3129300,0.0,0.0
2024-04-23 00:00:00-04:00,260.50625188365706,261.0520582707901,258.07828221351764,260.5627136230469,3275700,0.0,0.0
2024-04-24 00:00:00-04:00,259.30168528964555,260.7038663408796,256.80786275187916,260.44036865234375,4071600,0.0,0.0
2024-04-25 00:00:00-04:00,260.69448445846456,263.3294904468095,258.5300408958047,259.3581848144531,4179800,0.0,0.0
2024-04-26 00:00:00-04:00,255.24569185510458,259.8380761143531,254.43635905035003,256.9960632324219,3636500,0.0,0.0
2024-04-29 00:00:00-04:00,257.6924222313536,258.257068302823,256.53492793988823,257.4289245605469,3148900,0.0,0.0
2024-04-30 00:00:00-04:00,248.7522593124996,260.55324904430427,247.15246243918597,256.948974609375,6894400,0.0,0.0
2024-05-01 00:00:00-04:00,255.38692697122647,260.13930680939995,254.13529099479894,258.2571716308594,4843200,0.0,0.0
2024-05-02 00:00:00-04:00,258.332358163664,260.0262675829251,256.63842002531214,257.1748352050781,3084000,0.0,0.0
2024-05-03 00:00:00-04:00,257.9841966282627,258.4358905401731,253.04359343308408,254.38931274414062,2642100,0.0,0.0
2024-05-06 00:00:00-04:00,255.08571584129203,255.85739796767524,253.18477011641556,253.42942810058594,2481300,0.0,0.0
2024-05-07 00:00:00-04:00,254.12580774335763,254.7186847047741,251.25553540491333,251.73548889160156,3160000,0.0,0.0
2024-05-08 00:00:00-04:00,251.73549735845452,253.08121667604982,250.38035817795065,252.66714477539062,3259800,0.0,0.0
2024-05-09 00:00:00-04:00,252.63892137996632,252.6577611063409,251.28378215937127,252.15899658203125,3140000,0.0,0.0
2024-05-10 00:00:00-04:00,252.3660407813774,259.15112825006247,252.05547247700395,258.79351806640625,4983500,0.0,0.0
2024-05-13 00:00:00-04:00,259.1511451641997,260.430983042821,255.16102857897087,255.33041381835938,3840700,0.0,0.0
2024-05-14 00:00:00-04:00,256.08323982507966,256.69492785192443,252.87419675115083,254.70928955078125,3143200,0.0,0.0
2024-05-15 00:00:00-04:00,255.1328079637343,258.2006973460252,254.30469264940083,257.73016357421875,2982500,0.0,0.0
2024-05-16 00:00:00-04:00,258.3324248352484,259.3205341316512,256.8361310942765,257.391357421875,2339900,0.0,0.0
2024-05-17 00:00:00-04:00,257.9089282270859,257.9089282270859,254.95399153784194,256.32794189453125,2454500,0.0,0.0
2024-05-20 00:00:00-04:00,255.72562033420863,256.09265036841555,251.52846819421106,252.0836944580078,2651100,0.0,0.0
2024-05-21 00:00:00-04:00,252.68603098205284,253.2224176037194,249.7969470089086,250.20159912109375,2362600,0.0,0.0
2024-05-22 00:00:00-04:00,250.2015496042785,251.09557499528748,248.95933391964303,250.10743713378906,1906100,0.0,0.0
2024-05-23 00:00:00-04:00,249.50517284046882,249.96628661811127,242.41893736234024,242.72947692871094,5636200,0.0,0.0
2024-05-24 00:00:00-04:00,243.49174173460398,245.11037862422927,242.34363849057794,242.89886474609375,3382900,0.0,0.0
2024-05-28 00:00:00-04:00,242.22135039650598,243.55765001367567,237.76067141867634,238.5982208251953,4324700,0.0,0.0
2024-05-29 00:00:00-04:00,238.42879842384528,238.84287031031246,234.4763188558756,234.67393493652344,4029300,0.0,0.0
2024-05-30 00:00:00-04:00,235.84090949986833,238.05242370693733,235.36097027940949,237.21487426757812,3597800,0.0,0.0
2024-05-31 00:00:00-04:00,239.20990663673118,243.97170502355922,238.56997338609796,243.6329345703125,6125400,0.0,0.0
2024-06-03 00:00:00-04:00,244.30541214743795,246.21872862144818,242.09850195475295,246.02928161621094,4342800,1.67,0.0
2024-06-04 00:00:00-04:00,245.64091338522144,249.19282762213854,245.55567091220166,248.84237670898438,4592700,0.0,0.0
2024-06-05 00:00:00-04:00,247.68683862340703,247.91415190238536,244.996858835131,246.256591796875,4136800,0.0,0.0
2024-06-06 00:00:00-04:00,247.12799453602423,247.9615150558162,245.25257336649233,246.94802856445312,3354300,0.0,0.0
2024-06-07 00:00:00-04:00,246.33237317412969,247.59210608991913,241.8522147606708,242.67625427246094,2290100,0.0,0.0
2024-06-10 00:00:00-04:00,242.47735066875111,242.47735066875111,239.7778900071486,240.4030303955078,2866200,0.0,0.0
2024-06-11 00:00:00-04:00,239.6453017166102,241.2365669516107,238.78338143596127,240.8482208251953,2729400,0.0,0.0
2024-06-12 00:00:00-04:00,241.41650769148637,242.77096402857816,240.02415617624084,241.03762817382812,3169600,0.0,0.0
2024-06-13 00:00:00-04:00,240.19465331773878,241.283915726951,237.9119528860406,240.29884338378906,3153000,0.0,0.0
2024-06-14 00:00:00-04:00,239.50319675223352,240.22304612920885,237.37204832467768,240.18516540527344,2806600,0.0,0.0
2024-06-17 00:00:00-04:00,238.97278974764,241.0755241056961,238.57497709243694,240.11886596679688,2532900,0.0,0.0
2024-06-18 00:00:00-04:00,240.53565554790063,240.91453511295325,236.17864894562786,237.54257202148438,2956300,0.0,0.0
2024-06-20 00:00:00-04:00,237.05003567419465,242.18373422923133,236.3301717712956,240.39356994628906,4046500,0.0,0.0
2024-06-21 00:00:00-04:00,244.63691179544722,247.64892817848906,242.10795055323956,245.68829345703125,8425800,0.0,0.0
2024-06-24 00:00:00-04:00,245.31889790265785,247.56370327016026,244.1822736860608,246.62600708007812,3901200,0.0,0.0
2024-06-25 00:00:00-04:00,246.38919145321822,246.38919145321822,242.08899918943868,243.78445434570312,3903800,0.0,0.0
2024-06-26 00:00:00-04:00,243.09301597238544,244.5327437766944,241.22707578302717,244.21067810058594,2796100,0.0,0.0
2024-06-27 00:00:00-04:00,244.3716972734897,245.15784156565542,243.39610599486025,244.53273010253906,2651000,0.0,0.0
2024-06-28 00:00:00-04:00,243.9360061461489,245.78298420626007,239.50320966244357,241.3786163330078,8958700,0.0,0.0
2024-07-01 00:00:00-04:00,241.36917004092754,241.85222521479218,236.52909392207678,236.7848358154297,3817600,0.0,0.0
2024-07-02 00:00:00-04:00,236.4911988949865,237.7698939098111,234.34111703392682,234.70103454589844,3944900,0.0,0.0
2024-07-03 00:00:00-04:00,235.37354565429686,237.72254117783157,235.0704419982135,236.7943115234375,2026100,0.0,0.0
2024-07-05 00:00:00-04:00,237.74149396485078,238.13930668257012,235.66717343813127,237.8267364501953,2814300,0.0,0.0
2024-07-08 00:00:00-04:00,238.46130988356845,239.23800207022964,234.00958024748374,234.7578582763672,3163900,0.0,0.0
2024-07-09 00:00:00-04:00,234.17062243506035,234.33164082976444,230.66606957597867,232.83511352539062,4927300,0.0,0.0
2024-07-10 00:00:00-04:00,233.95275416293734,237.324702477295,232.91085352523078,237.25840759277344,4092700,0.0,0.0
2024-07-11 00:00:00-04:00,237.94984804074335,242.1458359354241,236.67115308960604,241.3407440185547,5546400,0.0,0.0
2024-07-12 00:00:00-04:00,240.81979904552935,243.34877484539507,238.50868440399523,240.48828125,4543000,0.0,0.0
2024-07-15 00:00:00-04:00,240.24202900524324,242.2216259222777,237.92144771160372,238.2434844970703,3393600,0.0,0.0
2024-07-16 00:00:00-04:00,237.74147670826738,243.7181625154612,236.8890230111414,243.68026733398438,4173000,0.0,0.0
2024-07-17 00:00:00-04:00,245.29050335687876,248.20779668460904,244.23912153662081,247.21327209472656,3711500,0.0,0.0
2024-07-18 00:00:00-04:00,244.4001318472488,248.4729822464848,243.99285258843605,245.81141662597656,3421800,0.0,0.0
2024-07-19 00:00:00-04:00,246.63549453779282,246.68284183740548,241.55860951821649,243.68975830078125,3470600,0.0,0.0
2024-07-22 00:00:00-04:00,244.6558335226847,246.06714705835307,242.85620281265548,245.83035278320312,2759500,0.0,0.0
2024-07-23 00:00:00-04:00,245.96296891389926,246.3986912388819,240.1188873110402,240.63037109375,2653100,0.0,0.0
2024-07-24 00:00:00-04:00,233.30869465615456,240.89557881913302,233.11924765408324,239.9862823486328,5983300,0.0,0.0
2024-07-25 00:00:00-04:00,240.7629901921264,242.56262120621327,237.8362159254447,238.1772003173828,3323100,0.0,0.0
2024-07-26 00:00:00-04:00,239.5410980723876,240.63036047846046,237.50467295873733,238.6886444091797,4002900,0.0,0.0
2024-07-29 00:00:00-04:00,240.1567893624274,249.98847917397083,237.01215402404262,247.611083984375,9381000,0.0,0.0
2024-07-30 00:00:00-04:00,247.21322937686824,253.246743032174,246.55967484883007,252.36587524414062,4936600,0.0,0.0
2024-07-31 00:00:00-04:00,251.39976038153083,253.53090887162932,249.29702604841157,251.38079833984375,4652100,0.0,0.0
2024-08-01 00:00:00-04:00,252.72580338196352,254.57278140279962,248.53926783807574,254.55384826660156,4936000,0.0,0.0
2024-08-02 00:00:00-04:00,255.16956269334486,262.1881500610308,254.6012505236488,262.0744934082031,9585900,0.0,0.0
2024-08-05 00:00:00-04:00,259.5644310902454,263.1921068117284,253.54036945937662,254.26971435546875,6794900,0.0,0.0
2024-08-06 00:00:00-04:00,255.60526122311916,258.7688589524087,253.91928672650644,255.79470825195312,3369300,0.0,0.0
2024-08-07 00:00:00-04:00,255.32109452810192,258.7120052347602,254.39285042680692,255.14112854003906,3540000,0.0,0.0
2024-08-08 00:00:00-04:00,254.7243604871472,259.19503808052235,253.91925407646426,256.864990234375,3227200,0.0,0.0
2024-08-09 00:00:00-04:00,257.34808027262125,257.34808027262125,252.8584402793848,253.75827026367188,2664900,0.0,0.0
2024-08-12 00:00:00-04:00,253.33200970666704,255.29267347809295,251.31451761481324,255.2263641357422,3008100,0.0,0.0
2024-08-13 00:00:00-04:00,256.03143310546875,257.63216467638,253.4077630109023,256.03143310546875,2603600,0.0,0.0
2024-08-14 00:00:00-04:00,255.6052511150462,257.1681167772264,254.31710386770217,256.8271179199219,2242100,0.0,0.0
2024-08-15 00:00:00-04:00,257.6321618662942,261.1935568830455,257.4900910875515,260.3505554199219,2445200,0.0,0.0
2024-08-16 00:00:00-04:00,260.2368944755171,264.73598546280994,260.1895471852391,263.7793273925781,3286000,0.0,0.0
2024-08-19 00:00:00-04:00,267.4164829496645,273.0900931167262,266.8387188256829,272.3607482910156,5268800,0.0,0.0
2024-08-20 00:00:00-04:00,271.3662146707461,274.9370616096307,270.1443482284132,270.54217529296875,3697600,0.0,0.0
2024-08-21 00:00:00-04:00,271.98193636242155,274.6529830937466,271.14841577345015,274.4067077636719,2686300,0.0,0.0
2024-08-22 00:00:00-04:00,274.25517279630714,275.15500278415794,272.3608182160375,273.9331359863281,1746400,0.0,0.0
2024-08-23 00:00:00-04:00,275.04130245894345,275.420167533724,271.9629767548293,274.2267150878906,2145900,0.0,0.0
2024-08-26 00:00:00-04:00,273.97098921863034,276.7746254745558,272.66388013351127,273.43109130859375,2018500,0.0,0.0
2024-08-27 00:00:00-04:00,273.81000820680896,274.9655656987474,272.84389774196524,274.3404541015625,2897600,0.0,0.0
2024-08-28 00:00:00-04:00,274.63398241758534,275.59061153078636,270.19171997990725,271.88714599609375,2603800,0.0,0.0
2024-08-29 00:00:00-04:00,272.5786574866371,273.83839046280355,269.7371258446586,272.6544189453125,1797100,0.0,0.0
2024-08-30 00:00:00-04:00,272.37030012408786,273.62058108846367,271.167395367707,273.4122009277344,2528500,0.0,0.0
2024-09-03 00:00:00-04:00,272.8120045282949,274.5744849700719,270.28738452595735,272.0117492675781,2902800,1.67,0.0
2024-09-04 00:00:00-04:00,272.9929642099804,275.2984839001173,272.459460807491,274.4029541015625,2558300,0.0,0.0
2024-09-05 00:00:00-04:00,275.32703235126087,275.8509995030515,272.69760225427115,274.34576416015625,2412500,0.0,0.0
2024-09-06 00:00:00-04:00,274.20291128421013,278.3661568993101,273.9647390721448,275.8129577636719,3863600,0.0,0.0
2024-09-09 00:00:00-04:00,276.3083612241908,277.9374511067844,274.1838545051008,277.5087585449219,3208600,0.0,0.0
2024-09-10 00:00:00-04:00,278.9568341032482,282.215042929265,277.27058521909714,277.48968505859375,2497100,0.0,0.0
2024-09-11 00:00:00-04:00,277.0705220111791,277.6516774047131,272.3070771326653,276.4989318847656,2747500,0.0,0.0
2024-09-12 00:00:00-04:00,276.4417002438133,278.8424653652881,274.62206128943546,278.5185546875,2274200,0.0,0.0
2024-09-13 00:00:00-04:00,280.5573608845113,282.7009110319637,278.77583719154126,282.5008544921875,2205500,0.0,0.0
2024-09-16 00:00:00-04:00,283.3487020167605,285.9114080172544,281.08129813036294,282.6532287597656,2916200,0.0,0.0
2024-09-17 00:00:00-04:00,282.94856393367684,283.32012650838556,278.34708997932836,279.8523254394531,2997400,0.0,0.0
2024-09-18 00:00:00-04:00,279.9761640182871,281.1384454127164,276.63221732739777,278.21368408203125,1788200,0.0,0.0
2024-09-19 00:00:00-04:00,280.3287015713255,281.1194205454117,277.1371880241563,279.9476318359375,2271400,0.0,0.0
2024-09-20 00:00:00-04:00,279.0806464346647,283.9488720211343,278.9758355531806,282.7865905761719,5817300,0.0,0.0
2024-09-23 00:00:00-04:00,284.8539432944086,286.01622476110185,282.8437839375992,284.9111022949219,2312400,0.0,0.0
2024-09-24 00:00:00-04:00,284.911127912013,287.18806824094867,283.6154850188789,286.0638732910156,2408100,0.0,0.0
2024-09-25 00:00:00-04:00,286.1210041486788,287.52145779690676,284.2823218089743,286.25439453125,1986200,0.0,0.0
2024-09-26 00:00:00-04:00,286.9022439182387,289.89370088928723,286.51163799740874,289.2839660644531,1971100,0.0,0.0
2024-09-27 00:00:00-04:00,289.1600821202166,292.43733378223476,289.1600821202166,289.3220520019531,3402800,0.0,0.0
2024-09-30 00:00:00-04:00,289.3792491449346,290.5986897561588,287.8073182976642,290.1033020019531,2286500,0.0,0.0
2024-10-01 00:00:00-04:00,290.1032730878556,290.78921018041285,287.95018711632065,288.6456604003906,3036200,0.0,0.0
2024-10-02 00:00:00-04:00,286.35925129952045,289.6936628515928,285.40656228464263,289.3888244628906,2352400,0.0,0.0
2024-10-03 00:00:00-04:00,289.14106763749,289.63645537578606,287.007053904822,289.09344482421875,1802500,0.0,0.0
2024-10-04 00:00:00-04:00,288.71239432921914,291.41805671638224,287.1214199556796,289.3888244628906,2432400,0.0,0.0
2024-10-07 00:00:00-04:00,289.3887832050228,290.68442612513263,285.8066637161777,286.616455078125,2091800,0.0,0.0
2024-10-08 00:00:00-04:00,288.3217697785848,288.99817072673306,286.1496112727584,287.61676025390625,2038300,0.0,0.0
2024-10-09 00:00:00-04:00,288.60756636656345,290.5796392898787,287.67392081464806,289.4554443359375,1854100,0.0,0.0
2024-10-10 00:00:00-04:00,289.64601190287675,291.2846380122904,288.59804827352644,289.6555480957031,1739500,0.0,0.0
2024-10-11 00:00:00-04:00,290.0175528960449,291.0464440629636,288.6361424322009,290.60821533203125,1775600,0.0,0.0
2024-10-14 00:00:00-04:00,290.7130086116595,295.7336976629974,290.0937666486717,295.1811218261719,2376300,0.0,0.0
2024-10-15 00:00:00-04:00,297.23890343583287,300.4399238251242,296.29575083430143,298.5155029296875,3067100,0.0,0.0
2024-10-16 00:00:00-04:00,298.49645666158784,298.88706255172264,295.4383047330638,298.1153869628906,1821300,0.0,0.0
2024-10-17 00:00:00-04:00,299.1252201728279,300.14457502558037,297.6961870670268,299.8111572265625,3095200,0.0,0.0
2024-10-18 00:00:00-04:00,300.64003822602075,302.173853374492,299.36343860978326,301.58319091796875,2531200,0.0,0.0
2024-10-21 00:00:00-04:00,302.12623182394833,302.85979180144864,299.5349168846027,299.9922180175781,2404100,0.0,0.0
2024-10-22 00:00:00-04:00,299.2300471164676,300.8019779552192,298.47741475989585,299.8016662597656,5889100,0.0,0.0
2024-10-23 00:00:00-04:00,278.9186928691112,287.33095135574223,277.0704742489484,284.4443054199219,18792000,0.0,0.0
2024-10-24 00:00:00-04:00,284.96825295712824,288.0835637627162,284.16799789960425,287.3118591308594,5522600,0.0,0.0
2024-10-25 00:00:00-04:00,286.7593391448945,287.33095826026675,278.3756890319548,278.7662658691406,8863200,0.0,0.0
2024-10-28 00:00:00-04:00,285.0445187997812,285.73045594255296,282.5103629410342,282.74853515625,6656000,0.0,0.0
2024-10-29 00:00:00-04:00,283.52014816114837,288.37886609272175,281.04315185546875,281.04315185546875,9048900,0.0,0.0
2024-10-30 00:00:00-04:00,280.5668674896182,281.39570214075763,276.12733394133915,277.72784423828125,4924000,0.0,0.0
2024-10-31 00:00:00-04:00,278.4233073822643,280.45253921875025,277.3944162500876,278.2899169921875,4277400,0.0,0.0
2024-11-01 00:00:00-04:00,280.5763908921181,282.83425872126793,279.4045731886171,281.2432556152344,4131800,0.0,0.0
2024-11-04 00:00:00-05:00,280.7955315953176,281.0051243271007,277.994623758652,278.9949645996094,2583100,0.0,0.0
2024-11-05 00:00:00-05:00,279.8523122515161,283.3105769662033,278.7186103457714,283.25341796875,3032100,0.0,0.0
2024-11-06 00:00:00-05:00,286.07339980730114,286.1210226191487,278.8710746011146,280.09051513671875,4646400,0.0,0.0
2024-11-07 00:00:00-05:00,280.8907763312689,282.51035900165533,279.90950798121304,280.71929931640625,3357400,0.0,0.0
2024-11-08 00:00:00-05:00,281.6148519116161,287.5500853043546,281.281404973272,284.8254089355469,3279100,0.0,0.0
2024-11-11 00:00:00-05:00,286.27347763207456,289.4364117508675,285.82571268710234,287.2642822265625,2872400,0.0,0.0
2024-11-12 00:00:00-05:00,285.9400645819877,287.14043284338226,283.44399520553725,284.5205383300781,2452900,0.0,0.0
2024-11-13 00:00:00-05:00,284.7586689105679,284.97779779527536,281.2527811977732,283.2820129394531,2327100,0.0,0.0
2024-11-14 00:00:00-05:00,283.9012804994351,285.91144004018554,282.557985716946,284.4347839355469,1932600,0.0,0.0
2024-11-15 00:00:00-05:00,283.63452205272904,285.3303070216605,276.01301134764293,278.78533935546875,4039400,0.0,0.0
2024-11-18 00:00:00-05:00,279.1473367343533,281.46236339255825,277.0323665706992,277.32769775390625,2865000,0.0,0.0
2024-11-19 00:00:00-05:00,276.27977689093143,278.251849862303,273.993329379689,276.9752502441406,2353300,0.0,0.0
2024-11-20 00:00:00-05:00,276.87041010968096,277.5373038888388,274.622078531957,277.1466979980469,2524600,0.0,0.0
2024-11-21 00:00:00-05:00,271.51628205406246,274.94596722107474,270.049133301611,274.8221130371094,4475700,0.0,0.0
2024-11-22 00:00:00-05:00,274.82214435523736,276.85137618837274,274.5077698379055,276.5465087890625,2879100,0.0,0.0
2024-11-25 00:00:00-05:00,277.96598286469,282.57699287182345,277.96598286469,282.1768798828125,5021800,0.0,0.0
2024-11-26 00:00:00-05:00,282.9485865344283,283.2153382476721,280.8812389514715,282.3102722167969,2254200,0.0,0.0
2024-11-27 00:00:00-05:00,282.9485906820857,285.33031282587433,281.0241696564569,281.1194152832031,2240300,0.0,0.0
2024-11-29 00:00:00-05:00,280.24298229139833,282.9962382117278,280.10959188429297,282.0054626464844,1655900,0.0,0.0
2024-12-02 00:00:00-05:00,281.2961960304608,281.9958529759959,278.84264381553857,280.2802734375,3149900,1.77,0.0
2024-12-03 00:00:00-05:00,280.16526017982534,282.5900609067567,278.2196693139369,282.2546081542969,3031000,0.0,0.0
2024-12-04 00:00:00-05:00,280.12694154451856,283.7306093980188,279.68607662052165,282.8200988769531,3742500,0.0,0.0
2024-12-05 00:00:00-05:00,283.2513318751721,287.2766765763722,282.6666807199874,287.0179138183594,2594800,0.0,0.0
2024-12-06 00:00:00-05:00,288.06269149719634,291.16796270733715,286.1937609363345,286.54840087890625,4158700,0.0,0.0
2024-12-09 00:00:00-05:00,285.2065396558257,290.0369834416812,284.7369233324265,288.8389587402344,2391600,0.0,0.0
2024-12-10 00:00:00-05:00,287.65045888641566,290.2286097679918,283.5388309035512,288.2063293457031,3523000,0.0,0.0
2024-12-11 00:00:00-05:00,288.810164870716,289.34687751819115,283.66345618949987,283.7880554199219,3037600,0.0,0.0
2024-12-12 00:00:00-05:00,283.88393755850535,286.1362005396291,282.8200764420385,284.2960510253906,2040700,0.0,0.0
2024-12-13 00:00:00-05:00,283.9701956844323,286.7592006644849,283.14593949080995,284.2673034667969,2547600,0.0,0.0
2024-12-16 00:00:00-05:00,284.8231849237076,289.5577810054407,284.81362061493206,285.3311462402344,3179900,0.0,0.0
2024-12-17 00:00:00-05:00,285.244895576855,287.5259393756863,282.56133184214235,283.7689208984375,3295800,0.0,0.0
2024-12-18 00:00:00-05:00,282.75299901478246,286.54836248380184,278.5838962815168,278.78515625,3800900,0.0,0.0
2024-12-19 00:00:00-05:00,278.7851373886055,280.6827897460771,276.83954649516136,278.16217041015625,3438500,0.0,0.0
2024-12-20 00:00:00-05:00,277.48167451464116,283.7880928267066,277.2708210004367,280.5102844238281,7678000,0.0,0.0
2024-12-23 00:00:00-05:00,280.107738305566,280.912807307583,277.6829377433782,279.1780700683594,2492200,0.0,0.0
2024-12-24 00:00:00-05:00,279.16849881718224,282.0341644609155,278.69888250731265,281.76580810546875,1461000,0.0,0.0
2024-12-26 00:00:00-05:00,280.81694017581356,283.15548631785185,280.433578189125,282.5420837402344,1433900,0.0,0.0
2024-12-27 00:00:00-05:00,281.1428070072007,284.1522586446398,280.5677493871361,281.4111633300781,1617200,0.0,0.0
2024-12-30 00:00:00-05:00,279.3505590451721,279.3505590451721,276.9832614881134,277.5583190917969,1936700,0.0,0.0
2024-12-31 00:00:00-05:00,278.0183765470415,279.13014692023796,276.58074698235356,277.8363037109375,1915600,0.0,0.0
2025-01-02 00:00:00-05:00,278.85221870734887,283.4622150466389,278.1813132292147,280.34735107421875,3117000,0.0,0.0
2025-01-03 00:00:00-05:00,280.6540797937538,282.69551881213937,278.6126700240217,282.52301025390625,2240100,0.0,0.0
2025-01-06 00:00:00-05:00,281.0853038042587,283.30884433300395,279.6093294060309,280.0310363769531,2838900,0.0,0.0
2025-01-07 00:00:00-05:00,281.564466757961,282.66664328319746,276.29315974726086,277.30908203125,3419500,0.0,0.0
2025-01-08 00:00:00-05:00,276.95454741056636,277.117491632226,274.635158820836,274.9706115722656,2724200,0.0,0.0
2025-01-10 00:00:00-05:00,275.54567291633293,275.80443571442765,270.0635108800168,270.57147216796875,3946000,0.0,0.0
2025-01-13 00:00:00-05:00,271.17532733708407,272.6704600328729,268.693023319734,271.8366394042969,3394300,0.0,0.0
2025-01-14 00:00:00-05:00,273.1687616326627,273.4850565004796,267.7632899463214,269.8717956542969,2238900,0.0,0.0
2025-01-15 00:00:00-05:00,272.50748061358263,272.8141819599726,268.9421578955878,270.5618896484375,2867800,0.0,0.0
2025-01-16 00:00:00-05:00,268.5875167157593,269.26801573479605,265.0317879594075,268.1083068847656,3403700,0.0,0.0
2025-01-17 00:00:00-05:00,269.29678731073756,272.26786508635666,268.35752544217627,269.2680358886719,3312800,0.0,0.0
2025-01-21 00:00:00-05:00,269.08592521955177,271.13692817502306,267.1403343920772,270.8589782714844,3858600,0.0,0.0
2025-01-22 00:00:00-05:00,271.52032936416043,271.7407764571932,268.74091767388205,269.65142822265625,3660600,0.0,0.0
2025-01-23 00:00:00-05:00,269.07638485195923,273.14966939557746,268.9805370129668,272.6033630371094,2279400,0.0,0.0
2025-01-24 00:00:00-05:00,272.67997301985,274.9226714008602,271.50110636822546,273.5904541015625,2523000,0.0,0.0
2025-01-27 00:00:00-05:00,274.6926585212651,281.229087950708,273.9259344541828,280.9032287597656,4343000,0.0,0.0
2025-01-28 00:00:00-05:00,280.24193952721043,282.2450333697588,277.9417378909465,279.0439147949219,3180100,0.0,0.0
2025-01-29 00:00:00-05:00,279.26433085255024,280.9511588477962,277.94170701524587,278.047119140625,2358300,0.0,0.0
2025-01-30 00:00:00-05:00,278.8138771965844,279.93521186135337,277.3283091190038,278.2484130859375,2125200,0.0,0.0
2025-01-31 00:00:00-05:00,277.7788211953117,279.13979029551626,275.4019586099594,276.6958312988281,2556500,0.0,0.0
2025-02-03 00:00:00-05:00,275.08561348422853,278.8042866232601,272.3732985856772,277.9896240234375,3048800,0.0,0.0
2025-02-04 00:00:00-05:00,277.71171865047893,278.5551327179493,276.37950114648606,277.7212829589844,2976900,0.0,0.0
2025-02-05 00:00:00-05:00,277.9417069114187,278.20046969523696,274.4338873764231,276.8203430175781,2362900,0.0,0.0
2025-02-06 00:00:00-05:00,279.465640427058,284.7944524507899,278.24845774761565,282.1204528808594,3590000,0.0,0.0
2025-02-07 00:00:00-05:00,282.1203995687315,284.5068844322786,281.6028740067887,282.0628967285156,2858000,0.0,0.0
2025-02-10 00:00:00-05:00,289.7015503819043,297.3785025505524,288.9731712029601,295.5958557128906,8052000,0.0,0.0
2025-02-11 00:00:00-05:00,294.5894623757219,298.63399473275257,293.4393762698158,297.3113708496094,4180400,0.0,0.0
2025-02-12 00:00:00-05:00,296.7075582955319,297.1963617028224,293.05598157302177,294.8099060058594,3110200,0.0,0.0
2025-02-13 00:00:00-05:00,294.7140955542201,298.57652627072446,292.92185516510557,297.1293029785156,3096800,0.0,0.0
2025-02-14 00:00:00-05:00,297.3018139131043,298.06853800271915,294.98242528174825,295.72039794921875,2674400,0.0,0.0
2025-02-18 00:00:00-05:00,294.5703269105241,294.5703269105241,290.9187498678178,292.15509033203125,3367800,0.0,0.0
2025-02-19 00:00:00-05:00,290.70784714856154,291.1583055414422,287.05627072381174,289.3852233886719,2990700,0.0,0.0
2025-02-20 00:00:00-05:00,288.3213733477065,290.5257561141248,285.7528156794788,290.4490661621094,3020000,0.0,0.0
2025-02-21 00:00:00-05:00,291.2829164856791,293.23807153673886,289.04978229442736,292.1358947753906,3036700,0.0,0.0
2025-02-24 00:00:00-05:00,292.31801276267174,297.5318183465929,291.4745987345891,294.7811584472656,3397600,0.0,0.0
2025-02-25 00:00:00-05:00,296.32416600179226,298.74896642879423,295.18364433369203,297.8001403808594,3891600,0.0,0.0
2025-02-26 00:00:00-05:00,298.7393963971791,301.4708688160001,291.05285260497726,291.6183166503906,4140900,0.0,0.0
2025-02-27 00:00:00-05:00,292.5001377859469,298.81612068650725,291.57046942054006,297.0622253417969,3350400,0.0,0.0
2025-02-28 00:00:00-05:00,294.8194886041753,295.69165409641187,291.24460161523825,295.5095520019531,4972900,0.0,0.0
2025-03-03 00:00:00-05:00,297.0037219505322,298.3339825911848,291.52847270330676,293.3214416503906,4371300,1.77,0.0
2025-03-04 00:00:00-05:00,293.6105584217209,301.6499261338723,293.6105584217209,294.7480163574219,3954500,0.0,0.0
2025-03-05 00:00:00-05:00,293.04184158811705,297.3410656324044,292.43454622275885,296.36749267578125,2327500,0.0,0.0
2025-03-06 00:00:00-05:00,296.70485309115844,300.1269054078408,293.4081488443256,299.1822204589844,2954900,0.0,0.0
2025-03-07 00:00:00-05:00,299.61602417109793,311.52085539183844,299.16296486415393,309.7086181640625,7607600,0.0,0.0
2025-03-10 00:00:00-04:00,308.5518638368951,314.5573045677785,304.35866034319776,305.8142395019531,4707600,0.0,0.0
2025-03-11 00:00:00-04:00,306.1708821354208,306.24801488323266,295.2685712522962,295.7023620605469,4513100,0.0,0.0
2025-03-12 00:00:00-04:00,292.74300372669285,295.38422656888207,285.6675894620708,288.6076354980469,4546200,0.0,0.0
2025-03-13 00:00:00-04:00,289.60049931617345,292.5212768044542,286.5544031849679,286.776123046875,4178600,0.0,0.0
2025-03-14 00:00:00-04:00,286.2652025069224,289.8318413572106,285.0506119784694,289.0220947265625,2696800,0.0,0.0
2025-03-17 00:00:00-04:00,290.439140477424,294.2274996031467,289.2149302799776,293.0129089355469,2758400,0.0,0.0
2025-03-18 00:00:00-04:00,293.976861414539,293.976861414539,291.3741755397746,292.65625,2435400,0.0,0.0
2025-03-19 00:00:00-04:00,293.0321920101548,296.97475798504615,292.6851828978529,295.8565979003906,2812200,0.0,0.0
2025-03-20 00:00:00-04:00,296.92658671949073,298.49783558521045,294.4974345610468,295.9337158203125,2723500,0.0,0.0
2025-03-21 00:00:00-04:00,295.34569914631584,295.933696605479,290.7669204529086,294.429931640625,6016100,0.0,0.0
2025-03-24 00:00:00-04:00,295.25890776281244,296.8494543697139,293.5527208749365,294.6516418457031,3443400,0.0,0.0
2025-03-25 00:00:00-04:00,295.8662174307164,297.53386744489785,293.07075838402966,295.8565979003906,2657100,0.0,0.0
2025-03-26 00:00:00-04:00,296.8012410960502,302.73919747251233,296.6952203442047,302.2764892578125,2624400,0.0,0.0
2025-03-27 00:00:00-04:00,303.79954508228,305.226206648274,299.48102343043587,301.4185791015625,3119500,0.0,0.0
2025-03-28 00:00:00-04:00,297.8616013058093,298.8255547080935,294.9600921513265,296.02044677734375,3211600,0.0,0.0
2025-03-31 00:00:00-04:00,294.0057758403398,301.91020518731847,293.46596431023147,301.110107421875,4418800,0.0,0.0
2025-04-01 00:00:00-04:00,301.79451501515115,303.4332475485142,299.74131900096825,302.32470703125,2411200,0.0,0.0
2025-04-02 00:00:00-04:00,301.4378131411303,302.6138372850569,298.6616230690728,300.3485412597656,2776800,0.0,0.0
2025-04-03 00:00:00-04:00,300.15580098434344,308.195168450948,300.07866824197765,306.79742431640625,7023900,0.0,0.0
2025-04-04 00:00:00-04:00,303.23077719208555,303.6067036578633,288.5111924179818,289.2919921875,8831100,0.0,0.0
2025-04-07 00:00:00-04:00,282.05278813318233,293.89013543914035,280.0284799847275,289.08001708984375,7725900,0.0,0.0
2025-04-08 00:00:00-04:00,292.82972189328854,297.1385941678985,284.28911007913945,289.0220947265625,5562500,0.0,0.0
2025-04-09 00:00:00-04:00,286.6893824176529,300.4160693335526,286.0146032748954,293.0032653808594,8265700,0.0,0.0
2025-04-10 00:00:00-04:00,290.4777098778258,296.5409849141477,286.21705238448175,295.72161865234375,6049500,0.0,0.0
2025-04-11 00:00:00-04:00,295.42277317139144,299.683459760862,293.0032409408479,298.7291259765625,4439900,0.0,0.0
2025-04-14 00:00:00-04:00,301.16795332053084,306.7299832587044,299.9148256691265,304.6767578125,4068300,0.0,0.0
2025-04-15 00:00:00-04:00,304.7345798803131,305.7660170339472,300.5992117361082,301.2161560058594,2901200,0.0,0.0
2025-04-16 00:00:00-04:00,302.2668807738098,302.9609284124612,296.29035780667164,297.9580078125,3098900,0.0,0.0
2025-04-17 00:00:00-04:00,298.0736642371367,301.70775787597887,296.0590052104956,300.07867431640625,2728500,0.0,0.0
2025-04-21 00:00:00-04:00,299.7895179750927,300.0594237599127,294.12146707634815,297.5917053222656,2669900,0.0,0.0
2025-04-22 00:00:00-04:00,300.5221005124261,308.4650665628117,299.972640052406,307.5782165527344,4200700,0.0,0.0
2025-04-23 00:00:00-04:00,307.0191769261514,308.3687058862778,303.44291782743505,306.9999084472656,3210100,0.0,0.0
2025-04-24 00:00:00-04:00,306.9516789081069,307.39511865966705,302.2283130576521,304.82135009765625,2479500,0.0,0.0
2025-04-25 00:00:00-04:00,305.0912314133164,310.1809038601931,303.6742188300513,305.32257080078125,2282900,0.0,0.0
2025-04-28 00:00:00-04:00,306.24797773057895,306.55642043183553,302.9223270508408,305.3900451660156,2578300,0.0,0.0
2025-04-29 00:00:00-04:00,304.66712562713195,305.31298738355866,301.7174304179812,303.1633605957031,3164500,0.0,0.0
2025-04-30 00:00:00-04:00,305.3707930585232,309.429028465984,301.8138028078022,308.127685546875,5564600,0.0,0.0
2025-05-01 00:00:00-04:00,301.8619934283808,307.7421148980341,300.3678774644831,302.3343505859375,5186900,0.0,0.0
2025-05-02 00:00:00-04:00,302.2475872138464,304.5803674659087,299.4810455673571,300.71490478515625,3994600,0.0,0.0
2025-05-05 00:00:00-04:00,301.71737090272853,305.95875937057303,299.500290167895,304.3393249511719,3534100,0.0,0.0
2025-05-06 00:00:00-04:00,303.7513245963756,305.8045499292041,301.59207851594675,305.37078857421875,2691700,0.0,0.0
2025-05-07 00:00:00-04:00,305.07198884457995,307.73248027892777,304.7249503163897,306.6625061035156,2725900,0.0,0.0
2025-05-08 00:00:00-04:00,306.6143011160451,308.13736404425543,301.89093508401686,302.18975830078125,2131500,0.0,0.0
2025-05-09 00:00:00-04:00,301.6209813730135,302.922324210165,299.9533609929596,302.37286376953125,1917800,0.0,0.0
2025-05-12 00:00:00-04:00,300.76314388730697,300.9269995100933,294.01546932137677,300.6763916015625,4137900,0.0,0.0
2025-05-13 00:00:00-04:00,300.4160684590116,300.91734304960863,297.3314352579417,297.5627746582031,3018600,0.0,0.0
2025-05-14 00:00:00-04:00,297.1289654657124,297.7748271414783,294.6708962375798,296.4156494140625,2656600,0.0,0.0
2025-05-15 00:00:00-04:00,296.7048125972908,303.7706067273408,296.7048125972908,303.14404296875,2928500,0.0,0.0
2025-05-16 00:00:00-04:00,303.03799993237453,307.1733679043125,302.0740466141852,307.1251525878906,2636900,0.0,0.0
2025-05-19 00:00:00-04:00,306.643227781476,310.0170649656469,306.56612444669196,309.6507873535156,2748600,0.0,0.0
2025-05-20 00:00:00-04:00,309.6410739163721,310.123050556587,307.35650934855653,308.2722473144531,2035000,0.0,0.0
2025-05-21 00:00:00-04:00,306.0744428563061,307.18301269122816,303.809176123254,305.03338623046875,2386700,0.0,0.0
2025-05-22 00:00:00-04:00,304.72494741134784,305.2069241165834,301.3607594224109,302.9801940917969,2642000,0.0,0.0
2025-05-23 00:00:00-04:00,303.71281167184566,304.27189171278854,301.74633845443384,303.2308349609375,2701500,0.0,0.0
2025-05-27 00:00:00-04:00,303.1729955984811,304.2429697603668,300.9076992074109,303.5971374511719,2526700,0.0,0.0
2025-05-28 00:00:00-04:00,303.59709758896656,304.2718472350904,300.9365771200544,301.5631408691406,1935600,0.0,0.0
2025-05-29 00:00:00-04:00,301.11009484669626,302.1993668086632,298.8640965474575,300.61846923828125,2248800,0.0,0.0
2025-05-30 00:00:00-04:00,300.7534843858616,303.9248995574786,299.38465750680444,302.53680419921875,4062900,0.0,0.0
2025-06-02 00:00:00-04:00,301.2280558954059,303.67098501273387,299.92903591826075,303.118408203125,2577000,1.77,0.0
2025-06-03 00:00:00-04:00,302.3040812547235,304.7761212483275,299.6963377767472,302.8372802734375,3028100,0.0,0.0
2025-06-04 00:00:00-04:00,303.428622641247,304.64039829077274,300.01627306255443,302.0423583984375,2069500,0.0,0.0
2025-06-05 00:00:00-04:00,302.4591636042584,302.4591636042584,298.35850467809934,299.5315246582031,3813500,0.0,0.0
2025-06-06 00:00:00-04:00,297.75755054998126,300.3846722615558,297.4279510748779,297.96112060546875,2622800,0.0,0.0
2025-06-09 00:00:00-04:00,294.44211172024967,295.8962425325001,290.6807552857299,295.4599914550781,4059800,0.0,0.0
2025-06-10 00:00:00-04:00,290.83587140702707,293.16247483202903,290.29299826067216,291.2430114746094,4698700,0.0,0.0
2025-06-11 00:00:00-04:00,291.0200826132478,293.92834447979845,288.1021170734771,292.49359130859375,3312100,0.0,0.0
2025-06-12 00:00:00-04:00,292.44509926934296,293.908904127082,290.8940205311631,293.8895263671875,2584700,0.0,0.0
2025-06-13 00:00:00-04:00,292.5807559047418,295.7798312526543,291.940934918287,292.6777038574219,2435500,0.0,0.0
2025-06-16 00:00:00-04:00,293.8701507390761,294.7038381860803,286.70611889320145,287.2296142578125,4045700,0.0,0.0
2025-06-17 00:00:00-04:00,286.9484714275244,286.9581750996374,282.86721935739735,283.3713073730469,3379000,0.0,0.0
2025-06-18 00:00:00-04:00,284.04025837787214,284.1468804518503,279.77481331569305,280.7733154296875,4008700,0.0,0.0
2025-06-20 00:00:00-04:00,280.9089757521812,281.72328544558883,276.8374272851434,278.66961669921875,7085000,0.0,0.0
2025-06-23 00:00:00-04:00,279.6972054300478,280.6666259765625,277.1282468986573,280.6666259765625,5172500,0.0,0.0
2025-06-24 00:00:00-04:00,280.7635729146134,283.1677465114924,279.7553672663264,282.5570068359375,4461200,0.0,0.0
2025-06-25 00:00:00-04:00,281.9656443882119,282.17891809063184,275.61595167765546,276.8180236816406,4259800,0.0,0.0
2025-06-26 00:00:00-04:00,277.2057599412337,278.0200694822462,274.8015868313198,276.8955383300781,5354900,0.0,0.0
2025-06-27 00:00:00-04:00,277.26398340851233,283.25499535990065,276.51751064445875,282.6345520019531,7422200,0.0,0.0
2025-06-30 00:00:00-04:00,281.9850349956914,284.60245255072374,281.9850349956914,283.235595703125,5054800,0.0,0.0
2025-07-01 00:00:00-04:00,283.5555146760124,290.4868657845525,283.41010750843674,288.3929138183594,5121900,0.0,0.0
2025-07-02 00:00:00-04:00,288.9648442402064,288.9648442402064,283.652438933157,285.620361328125,4021500,0.0,0.0
2025-07-03 00:00:00-04:00,285.6591423134676,285.81422355410155,283.66210893183637,285.087158203125,1678600,0.0,0.0
2025-07-07 00:00:00-04:00,285.1259706942,286.6382644027505,283.545810446125,284.55401611328125,3404300,0.0,0.0
2025-07-08 00:00:00-04:00,284.0499355633398,284.0596096518358,281.38402895003327,282.75091552734375,3123600,0.0,0.0
2025-07-09 00:00:00-04:00,283.31315765190647,284.8351550259391,282.43098139532134,284.0596008300781,3265800,0.0,0.0
2025-07-10 00:00:00-04:00,287.2392660945569,291.582280339659,285.99840910800833,289.265380859375,5366800,0.0,0.0
2025-07-11 00:00:00-04:00,289.02302805016967,293.48233846635867,288.1990147482689,290.7388916015625,4524100,0.0,0.0
2025-07-14 00:00:00-04:00,290.03123431049124,292.83287391267567,285.81424898277237,292.648681640625,5707500,0.0,0.0
2025-07-15 00:00:00-04:00,292.0863830015085,293.5308396549028,290.08937915066525,290.457763671875,2937600,0.0,0.0
2025-07-16 00:00:00-04:00,290.61286035166273,291.29146649815283,287.1520222564187,289.759765625,2804700,0.0,0.0
2025-07-17 00:00:00-04:00,290.6031867256261,293.20125627572133,289.2944926546617,291.1848449707031,3134300,0.0,0.0
2025-07-18 00:00:00-04:00,290.5740843981555,291.21390546329565,287.36530498505,287.9857482910156,3481300,0.0,0.0
2025-07-21 00:00:00-04:00,288.993932999779,289.6628355160308,286.2504859834333,286.6964111328125,3037500,0.0,0.0
2025-07-22 00:00:00-04:00,286.81273632196115,290.9230993792855,286.02750807989815,290.02154541015625,2672000,0.0,0.0
2025-07-23 00:00:00-04:00,290.33176358671307,290.70985181803223,287.840375149774,289.003662109375,2467600,0.0,0.0
2025-07-24 00:00:00-04:00,287.8306604335072,288.3638299048219,285.40710904686324,285.4749755859375,4426000,0.0,0.0
2025-07-25 00:00:00-04:00,287.7337148587041,289.50777105575554,285.8821180337556,289.34295654296875,3401000,0.0,0.0
2025-07-28 00:00:00-04:00,287.9760554642752,290.73890984549377,285.96934790045015,290.07000732421875,3070500,0.0,0.0
2025-07-29 00:00:00-04:00,289.80830490734576,293.5696320455223,289.17815783962334,293.41455078125,3147700,0.0,0.0
2025-07-30 00:00:00-04:00,293.31759901986976,296.0901277446135,291.87314220368455,294.3257751464844,2805900,0.0,0.0
2025-07-31 00:00:00-04:00,291.81494416262274,294.1900361880234,290.8261459168769,290.8940124511719,3639600,0.0,0.0
2025-08-01 00:00:00-04:00,294.21913995828754,294.4130359040335,292.16397310459837,293.6278076171875,3344800,0.0,0.0
2025-08-04 00:00:00-04:00,291.3399510485874,296.98198564023403,291.3399510485874,294.92681884765625,4734500,0.0,0.0
2025-08-05 00:00:00-04:00,293.7344489506997,295.28552786533305,289.24602672993404,289.6337890625,4222900,0.0,0.0
2025-08-06 00:00:00-04:00,297.6121015100775,300.9081253819151,292.51294007583914,298.2519226074219,6474300,0.0,0.0
2025-08-07 00:00:00-04:00,299.7060382918553,300.6851624408587,295.0431281631079,298.4942626953125,3603300,0.0,0.0
2025-08-08 00:00:00-04:00,297.612086978641,299.1146768869695,294.59720349019955,296.1094970703125,2622000,0.0,0.0
2025-08-11 00:00:00-04:00,296.1580101928475,297.9029555386316,294.490605482364,295.0528564453125,2649000,0.0,0.0
2025-08-12 00:00:00-04:00,295.8380688277429,296.15796457759603,290.71952973953097,292.416015625,3438300,0.0,0.0
2025-08-13 00:00:00-04:00,292.4742072098649,295.973801379629,292.1833632788895,295.74114990234375,2999100,0.0,0.0
2025-08-14 00:00:00-04:00,296.15798957967235,299.8321018911416,293.4436237675177,299.50250244140625,4699400,0.0,0.0
2025-08-15 00:00:00-04:00,300.67546058872637,300.67546058872637,297.1273780704529,299.4830627441406,3416600,0.0,0.0
2025-08-18 00:00:00-04:00,298.9402064912358,300.50098894087773,297.1855576846649,299.2601318359375,3272600,0.0,0.0
2025-08-19 00:00:00-04:00,299.2601167612953,304.61130720972534,299.017761639067,301.4219055175781,2893600,0.0,0.0
2025-08-20 00:00:00-04:00,304.0781792691129,306.4823234756939,302.83732205735095,303.5061950683594,3879900,0.0,0.0
2025-08-21 00:00:00-04:00,302.3331830750981,304.0102912818524,301.65460643874314,303.64190673828125,2282200,0.0,0.0
2025-08-22 00:00:00-04:00,305.00878499333777,307.1124109686467,303.5740319637122,304.4659118652344,2796700,0.0,0.0
2025-08-25 00:00:00-04:00,304.13633434836635,305.90065734963275,302.41076687020916,303.8551940917969,2944300,0.0,0.0
2025-08-26 00:00:00-04:00,303.84545945767877,305.4837824653459,302.7500095619097,303.3704528808594,2807600,0.0,0.0
2025-08-27 00:00:00-04:00,303.777621363776,306.0654693361455,301.8194024256887,301.9066467285156,3234400,0.0,0.0
2025-08-28 00:00:00-04:00,301.60608641946345,302.96326913596084,299.89022286907374,302.6724548339844,3471700,0.0,0.0
2025-08-29 00:00:00-04:00,302.68220979639864,304.30112565900754,301.90665555243294,303.9521484375,2492500,0.0,0.0
2025-09-02 00:00:00-04:00,305.20000555853386,308.20278872287105,304.49805895214695,307.8420715332031,3228700,1.77,0.0
2025-09-03 00:00:00-04:00,307.1206276089526,308.92424342828855,305.1318035536032,308.456298828125,3219500,0.0,0.0
2025-09-04 00:00:00-04:00,309.85043303884333,311.420046804093,308.5440381109044,309.0412292480469,2881300,0.0,0.0
2025-09-05 00:00:00-04:00,309.41168741008994,310.06489971261453,305.4144922549146,306.4966735839844,2533100,0.0,0.0
2025-09-08 00:00:00-04:00,304.9758163549553,305.2292764328022,301.99255047800943,304.956298828125,2873600,0.0,0.0
2025-09-09 00:00:00-04:00,303.4061706911004,305.8337523306202,302.93822608768625,304.6833190917969,2310800,0.0,0.0
2025-09-10 00:00:00-04:00,304.26408839462243,304.26408839462243,296.9716447064472,298.268310546875,3479500,0.0,0.0
2025-09-11 00:00:00-04:00,298.5510767423181,301.19311324380317,297.59564022502445,300.6958923339844,2761500,0.0,0.0
2025-09-12 00:00:00-04:00,299.90615403276297,300.7738507835676,297.5955886210401,297.7418212890625,2072600,0.0,0.0
2025-09-15 00:00:00-04:00,297.4884166015326,298.0441008434124,292.9745123106379,294.4953918457031,3584500,0.0,0.0
2025-09-16 00:00:00-04:00,295.8895096972724,298.3268203208084,295.1095821986716,295.6847839355469,3578500,0.0,0.0
2025-09-17 00:00:00-04:00,297.2543800019827,298.8922455029468,296.28921457325833,297.3226318359375,2681600,0.0,0.0
2025-09-18 00:00:00-04:00,293.9104265238772,295.09983534626286,290.41045189749263,293.5887145996094,4654100,0.0,0.0
2025-09-19 00:00:00-04:00,294.1346356056132,297.1568767473548,293.20844573809586,294.7975769042969,5696900,0.0,0.0
2025-09-22 00:00:00-04:00,294.73905994838816,296.6206563137818,292.886710115792,295.3922424316406,3657900,0.0,0.0
2025-09-23 00:00:00-04:00,296.12347670009456,296.8156943264736,292.7892524880344,295.5872802734375,2976900,0.0,0.0
2025-09-24 00:00:00-04:00,294.90478213833995,298.3072874864196,294.4368376107948,296.6986389160156,2427300,0.0,0.0
2025-09-25 00:00:00-04:00,298.20981927446417,298.64851731338973,294.3783743062202,294.7195739746094,2558400,0.0,0.0
2025-09-26 00:00:00-04:00,295.76277282922274,298.112343904499,294.43689009507204,297.58587646484375,2284700,0.0,0.0
2025-09-29 00:00:00-04:00,298.20978735120013,298.4340008518738,294.28084443301185,295.3922424316406,3073800,0.0,0.0
2025-09-30 00:00:00-04:00,295.1582865428624,296.84491603394395,294.42709343003946,296.26971435546875,2640100,0.0,0.0
2025-10-01 00:00:00-04:00,295.6555042701906,297.1276194902747,290.81985911325,292.98419189453125,3055300,0.0,0.0
2025-10-02 00:00:00-04:00,292.08728243678723,294.79757039433105,291.45358768726504,292.3602600097656,2690400,0.0,0.0
2025-10-03 00:00:00-04:00,291.40481935115974,293.83240069013704,291.17084707841923,293.43267822265625,2599100,0.0,0.0
2025-10-06 00:00:00-04:00,291.5413498360924,292.1360393347989,287.5149080090486,288.6165771484375,3814200,0.0,0.0
2025-10-07 00:00:00-04:00,287.60264975209617,290.5956742985493,286.75447042675887,288.8895568847656,2515700,0.0,0.0
2025-10-08 00:00:00-04:00,288.948030245038,289.2210078225262,286.07199204280664,287.0176696777344,2464600,0.0,0.0
2025-10-09 00:00:00-04:00,286.28651342525194,287.71965332974077,284.7168995906028,286.4425048828125,2802700,0.0,0.0
2025-10-10 00:00:00-04:00,287.3101832621454,290.47868701824973,285.54557278123957,289.562255859375,4016200,0.0,0.0
2025-10-13 00:00:00-04:00,287.2126608161736,292.88672651517817,286.6277003751473,292.58447265625,3369300,0.0,0.0
2025-10-14 00:00:00-04:00,292.63322198239064,297.8588008872064,292.58445792590453,296.9228820800781,2992800,0.0,0.0
2025-10-15 00:00:00-04:00,296.0162694867911,301.34910658919034,296.0162694867911,297.59564208984375,2522100,0.0,0.0
2025-10-16 00:00:00-04:00,298.12207052462423,299.574698018397,297.0691357588407,297.673583984375,2021600,0.0,0.0
2025-10-17 00:00:00-04:00,299.1067193899543,300.5983521596888,298.62901607389057,300.3643798828125,2194200,0.0,0.0
2025-10-20 00:00:00-04:00,300.2279076425985,300.95910076422945,298.1708021892015,300.0523986816406,2329600,0.0,0.0
2025-10-21 00:00:00-04:00,300.8128606746872,300.8128606746872,298.70705051007,299.76971435546875,2461100,0.0,0.0
2025-10-22 00:00:00-04:00,300.491148901437,304.94655979594006,299.44797282942983,302.333740234375,2735700,0.0,0.0
2025-10-23 00:00:00-04:00,304.1470815803545,304.1470815803545,298.54126784107183,299.2724609375,2081500,0.0,0.0
2025-10-24 00:00:00-04:00,299.91595791645517,299.9842097559083,297.3713901007486,298.1221008300781,1994500,0.0,0.0
2025-10-27 00:00:00-04:00,298.2293063014565,302.31424107240935,297.6833511306093,302.22650146484375,2139700,0.0,0.0
2025-10-28 00:00:00-04:00,300.8031184085735,302.7919423377743,298.64851452345147,298.7167663574219,2336500,0.0,0.0
2025-10-29 00:00:00-04:00,297.059418910132,297.137399755967,293.666671945957,294.7683410644531,2502300,0.0,0.0
2025-10-30 00:00:00-04:00,292.96471694423406,296.75718629660815,292.57475322156193,294.8463134765625,3128400,0.0,0.0
2025-10-31 00:00:00-04:00,292.47729358375136,293.16948151458087,289.55252064791387,290.9466552734375,3582700,0.0,0.0
2025-11-03 00:00:00-05:00,290.20568217428615,290.44941320956286,287.05666648767465,288.9382629394531,3899300,0.0,0.0
2025-11-04 00:00:00-05:00,290.73213756685544,292.23352916661946,288.9870446692362,291.7070617675781,4151300,0.0,0.0
2025-11-05 00:00:00-05:00,292.0482641321974,302.3922244147832,291.7070347430917,298.00506591796875,6070300,0.0,0.0
2025-11-06 00:00:00-05:00,296.63046746235614,298.72654868922075,290.04972864980806,290.9271545410156,3544900,0.0,0.0
2025-11-07 00:00:00-05:00,292.80875435738096,294.963328683119,290.8491470360281,292.14581298828125,3250100,0.0,0.0
2025-11-10 00:00:00-05:00,291.5023551386917,292.4967671778253,288.6165876458968,291.599853515625,3824300,0.0,0.0
2025-11-11 00:00:00-05:00,293.3156576014455,299.58444232916156,293.30592859178734,299.1359558105469,2755800,0.0,0.0
2025-11-12 00:00:00-05:00,299.0872336612315,301.3393060985257,298.1123094978202,299.24322509765625,2818600,0.0,0.0
2025-11-13 00:00:00-05:00,299.59417941049986,302.3239848820439,298.81425199138664,299.8671569824219,2294300,0.0,0.0
2025-11-14 00:00:00-05:00,300.71536853058353,302.9576821937589,295.72373184810175,299.3309631347656,3112500,0.0,0.0
2025-11-17 00:00:00-05:00,299.46749159534806,299.98420025194343,296.4744670409528,297.25439453125,2435700,0.0,0.0
2025-11-18 00:00:00-05:00,298.01481220918396,300.7056124306779,296.53293818627435,296.9521484375,2773800,0.0,0.0
2025-11-19 00:00:00-05:00,296.95217539333674,297.19590645719603,294.46613044290274,295.1485595703125,2008300,0.0,0.0
2025-11-20 00:00:00-05:00,294.86584687263394,297.97585756348207,294.3003741548471,296.532958984375,4205100,0.0,0.0
2025-11-21 00:00:00-05:00,298.58999057655495,302.7529354857303,298.4827632076823,301.5927734375,3348900,0.0,0.0
2025-11-24 00:00:00-05:00,301.2418310986232,302.5579847717855,296.406215203662,297.25439453125,3687300,0.0,0.0
2025-11-25 00:00:00-05:00,299.0579908178907,303.64987535358784,299.0579908178907,302.66522216796875,4189600,0.0,0.0
2025-11-26 00:00:00-05:00,303.7571407007805,305.0245302622128,301.9535249769533,304.5663146972656,2786600,0.0,0.0
2025-11-28 00:00:00-05:00,304.5370508718153,305.4437231874728,302.89918544630694,304.0008544921875,1850700,0.0,0.0
2025-12-01 00:00:00-05:00,303.53011525084133,303.54971996651983,297.5375672506196,297.7337341308594,3354100,1.86,0.0
2025-12-02 00:00:00-05:00,297.95924852236135,297.97888316596476,293.83019670983964,294.9384765625,3947800,0.0,0.0
2025-12-03 00:00:00-05:00,296.5862179516254,302.81414233067187,296.252758196309,301.79412841796875,4986900,0.0,0.0
2025-12-04 00:00:00-05:00,302.59836749118125,307.7670385395168,301.4116386789634,302.6081848144531,4632200,0.0,0.0
2025-12-05 00:00:00-05:00,302.7258925653012,306.0507029055487,302.2747446285462,305.2464904785156,3147200,0.0,0.0
2025-12-08 00:00:00-05:00,306.0016709356205,307.7180264617017,303.10837393359475,303.83416748046875,3575000,0.0,0.0
2025-12-09 00:00:00-05:00,304.71682745389813,306.68819374866047,302.49048014575857,304.8149108886719,2355100,0.0,0.0
2025-12-10 00:00:00-05:00,303.5496790460409,305.33469565065496,300.1267859425891,304.55987548828125,4103900,0.0,0.0
2025-12-11 00:00:00-05:00,305.5112710875623,306.96282819079397,303.11817880078615,303.75567626953125,4844000,0.0,0.0
2025-12-12 00:00:00-05:00,304.5599234781524,311.6803563746884,304.4029959565609,310.63092041015625,3771900,0.0,0.0
2025-12-15 00:00:00-05:00,310.6112933840832,313.51437749784895,309.72857239717507,312.6022644042969,3814900,0.0,0.0
2025-12-16 00:00:00-05:00,312.97493887870365,314.4166786026873,308.2672332126843,308.4535827636719,2972300,0.0,0.0
2025-12-17 00:00:00-05:00,309.48337259069643,313.0632233573001,308.94395860357446,312.5630187988281,3328600,0.0,0.0
2025-12-18 00:00:00-05:00,313.239748792613,315.6034188100439,312.22955230582284,313.5045471191406,3335200,0.0,0.0
2025-12-19 00:00:00-05:00,312.57282217617626,313.19068492389414,309.67952564123004,309.7677917480469,7128600,0.0,0.0
2025-12-22 00:00:00-05:00,308.9439872834096,312.15110932866907,308.4241779623578,310.1405334472656,2514600,0.0,0.0
2025-12-23 00:00:00-05:00,306.0997381277588,308.08089191184695,304.6579983651666,304.86395263671875,2922800,0.0,0.0
2025-12-24 00:00:00-05:00,304.70704461271544,307.37475271379145,304.3147407600883,307.30609130859375,1011500,0.0,0.0
2025-12-26 00:00:00-05:00,306.9627999391888,307.2374155895675,303.91257581772436,304.7070007324219,1308900,0.0,0.0
2025-12-29 00:00:00-05:00,304.49124577382133,305.1189558265816,302.2943204508857,302.5983581542969,2148300,0.0,0.0
2025-12-30 00:00:00-05:00,301.176223434335,302.7062592067001,300.8721857306302,302.10797119140625,1678300,0.0,0.0
2025-12-31 00:00:00-05:00,301.86277909457914,302.284504952713,299.47950420602217,299.7541198730469,1903600,0.0,0.0
2026-01-02 00:00:00-05:00,299.4206585581962,299.67563957782625,294.51678600787426,297.4296875,3124300,0.0,0.0
2026-01-05 00:00:00-05:00,295.45832268111786,296.51754598787215,293.85965543252763,294.09503173828125,4573300,0.0,0.0
2026-01-06 00:00:00-05:00,293.32021869582235,298.37120107120086,292.5944252578765,296.9490661621094,3769100,0.0,0.0
2026-01-07 00:00:00-05:00,299.4598979776727,301.09780474308735,297.4787440440514,298.3124084472656,4100200,0.0,0.0
2026-01-08 00:00:00-05:00,297.6062343984053,303.0593385486959,296.81180940056237,302.941650390625,3268300,0.0,0.0
2026-01-09 00:00:00-05:00,303.0985850889741,303.56933773240513,298.74394355204765,301.4116516113281,2972000,0.0,0.0
2026-01-12 00:00:00-05:00,301.5293369471128,301.56857631065276,298.3222148703273,300.85260009765625,3206600,0.0,0.0
2026-01-13 00:00:00-05:00,299.36182282237445,303.70664683960075,299.33240078348734,303.4908752441406,2967900,0.0,0.0
2026-01-14 00:00:00-05:00,303.49086690169327,305.1974049719641,300.0483387922106,302.2060546875,2949000,0.0,0.0
2026-01-15 00:00:00-05:00,302.99065268432594,302.99065268432594,297.9592748169513,302.6866149902344,3189200,0.0,0.0
2026-01-16 00:00:00-05:00,300.9899040467046,302.5983586806912,299.96007285164006,301.5195007324219,2590600,0.0,0.0
2026-01-20 00:00:00-05:00,300.5485555978324,300.65642643155405,296.635274719889,297.01776123046875,3018000,0.0,0.0
2026-01-21 00:00:00-05:00,297.5081317143059,299.83256247846094,297.3119947738281,299.8129577636719,3630900,0.0,0.0
2026-01-22 00:00:00-05:00,300.26411149259263,301.71566854850863,299.0872000342411,300.14642333984375,2809400,0.0,0.0
2026-01-23 00:00:00-05:00,300.21510101154615,303.55954587746265,299.4893074788171,303.3045349121094,2350200,0.0,0.0
2026-01-26 00:00:00-05:00,304.0401137190526,308.3162764355122,304.0106916794757,306.93341064453125,3385000,0.0,0.0
2026-01-27 00:00:00-05:00,306.31549879299183,308.51242409346327,305.06010863117064,308.0906982421875,2506600,0.0,0.0
2026-01-28 00:00:00-05:00,308.94400151026895,310.19939181123476,305.6191612224381,306.7862854003906,2184500,0.0,0.0
2026-01-29 00:00:00-05:00,306.8941635705093,311.29783165811136,306.2566661084502,309.4441833496094,3211300,0.0,0.0
2026-01-30 00:00:00-05:00,309.59131507445124,309.9738016059415,305.57995053600104,308.9440002441406,2983200,0.0,0.0
2026-02-02 00:00:00-05:00,312.86706262010074,313.37705458029586,309.1499189186751,312.4060974121094,3309800,0.0,0.0
2026-02-03 00:00:00-05:00,309.44418399517144,316.68230487298047,309.44418399517144,313.3378601074219,4043400,0.0,0.0
2026-02-04 00:00:00-05:00,314.93650382541017,320.66425358097814,313.553638038349,317.4669189453125,4805900,0.0,0.0
2026-02-05 00:00:00-05:00,318.8301711142076,321.75288998937276,316.741146506765,317.2609558105469,3936800,0.0,0.0
2026-02-06 00:00:00-05:00,316.6920694152664,321.2428773090625,315.06398020830636,320.87017822265625,2831900,0.0,0.0
2026-02-09 00:00:00-05:00,319.6736391777476,321.0271127608222,316.96669201159824,319.3401794433594,2673900,0.0,0.0
2026-02-10 00:00:00-05:00,319.17343735585456,321.69403499639793,317.29036708301226,319.70306396484375,3502900,0.0,0.0
2026-02-11 00:00:00-05:00,317.3590060510847,318.94788591560524,314.642271405461,316.9961242675781,4553200,0.0,0.0
2026-02-12 00:00:00-05:00,323.4888445036093,326.9706119838195,313.9949543996973,325.6955871582031,6499700,0.0,0.0
2026-02-13 00:00:00-05:00,326.1074973302475,329.21656543677904,320.2522727974895,321.2820739746094,3587900,0.0,0.0
2026-02-17 00:00:00-05:00,323.6555675531873,325.69556523364076,318.75169531753295,321.3213195800781,3367200,0.0,0.0
2026-02-18 00:00:00-05:00,320.9780762775588,322.47866014217095,317.60420943031005,321.586181640625,3661800,0.0,0.0
2026-02-19 00:00:00-05:00,322.14518805289447,326.59791272108475,320.6642388917405,320.8211364746094,4032300,0.0,0.0
2026-02-20 00:00:00-05:00,321.7234796910204,323.93022246454285,319.69326915597225,322.9004211425781,3862700,0.0,0.0
2026-02-23 00:00:00-05:00,324.0772958830736,329.12827833860575,323.90076366463427,328.1278991699219,3806200,0.0,0.0
2026-02-24 00:00:00-05:00,328.86347140861074,329.5402081591206,325.9407528349469,326.64691162109375,2756900,0.0,0.0
2026-02-25 00:00:00-05:00,325.6171352241811,327.7257944209362,323.65558621680646,326.60772705078125,2812500,0.0,0.0
2026-02-26 00:00:00-05:00,328.43197049924,330.4621810118394,326.7057977042727,328.0985107421875,2425900,0.0,0.0
2026-02-27 00:00:00-05:00,329.11851759075506,334.7873932006084,329.11851759075506,334.5029602050781,4269100,0.0,0.0
2026-03-02 00:00:00-05:00,334.5029269593719,335.179663715109,327.9807829420167,328.3829040527344,4555400,0.0,0.0
2026-03-03 00:00:00-05:00,325.55236644920046,327.6037902832031,323.1952365809543,327.6037902832031,2901100,1.86,0.0
2026-03-04 00:00:00-05:00,327.1796569824219,328.2546694573761,325.0789326578172,327.1796569824219,2455900,0.0,0.0
2026-03-05 00:00:00-05:00,325.2663407128366,326.2624662213533,319.6644289441592,322.94866943359375,4321400,0.0,0.0
2026-03-06 00:00:00-05:00,321.8046049062987,323.8165400128452,316.9029246913742,323.5502624511719,3341200,0.0,0.0
2026-03-09 00:00:00-04:00,321.3213272765867,327.1402460817511,320.11809699358105,326.2525939941406,3407500,0.0,0.0
2026-03-10 00:00:00-04:00,323.8264105905106,325.11840002832855,322.2188128676216,323.4319152832031,2391400,0.0,0.0
2026-03-11 00:00:00-04:00,322.5344292239082,323.14590148024587,317.98781576444924,320.73944091796875,2200500,0.0,0.0
2026-03-12 00:00:00-04:00,318.80640558219835,322.820464068594,317.58346102047176,319.45733642578125,2639600,0.0,0.0
2026-03-13 00:00:00-04:00,320.5126238293825,322.46538619542446,320.0194971554425,321.9722595214844,2449800,0.0,0.0
2026-03-16 00:00:00-04:00,323.33328129703995,324.1913168604088,322.0215776388675,322.1596374511719,2584300,0.0,0.0
2026-03-17 00:00:00-04:00,322.84016502708477,325.94685703158274,321.63693474715745,321.814453125,2437800,0.0,0.0
2026-03-18 00:00:00-04:00,319.3192567979415,320.0392326249746,310.90651638617527,311.3898010253906,3038400,0.0,0.0
2026-03-19 00:00:00-04:00,311.6461981251395,312.37604609819977,305.0777469559857,305.3243103027344,3362300,0.0,0.0
2026-03-20 00:00:00-04:00,305.5412927929855,307.0897178621847,303.39126759388006,304.6043701171875,6436600,0.0,0.0
2026-03-23 00:00:00-04:00,309.16085067926105,309.6736916056165,303.81534407420764,304.2295837402344,3003200,0.0,0.0
2026-03-24 00:00:00-04:00,302.17819646523463,306.91220078975135,300.5903128255685,303.6082458496094,2954900,0.0,0.0
2026-03-25 00:00:00-04:00,305.7977216545152,308.63813621444734,303.8745155176257,307.4151916503906,3714000,0.0,0.0
2026-03-26 00:00:00-04:00,306.47824648242255,308.4112947343063,304.5550402979326,304.6832580566406,3025700,0.0,0.0
2026-03-27 00:00:00-04:00,305.49196656414665,305.7089434989622,301.13271363669384,301.69488525390625,3137200,0.0,0.0
2026-03-30 00:00:00-04:00,304.4564336437287,306.5176996178158,303.411007457791,304.28875732421875,3569600,0.0,0.0
2026-03-31 00:00:00-04:00,305.96537024092487,307.3954194584251,303.3123464721505,306.5176696777344,3021300,0.0,0.0
2026-04-01 00:00:00-04:00,305.9062103204162,306.7247873457474,299.8210139971293,303.0657958984375,3887300,0.0,0.0
2026-04-02 00:00:00-04:00,302.6120804728592,303.2728834131993,298.86433005039225,302.9178466796875,2649100,0.0,0.0
2026-04-06 00:00:00-04:00,301.8527119678883,306.0442889008324,301.60614861889155,305.5018615722656,1816000,0.0,0.0
2026-04-07 00:00:00-04:00,306.0048084442783,306.0343948401185,300.03798786468286,300.6593322753906,2033700,0.0,0.0
2026-04-08 00:00:00-04:00,302.9376048453138,304.0126174639944,298.93341835809395,302.7896728515625,4155100,0.0,0.0
2026-04-09 00:00:00-04:00,300.9946581521989,306.8234189822539,299.81114210926046,305.2947082519531,2484700,0.0,0.0
2026-04-10 00:00:00-04:00,303.07563082363697,304.4564095392754,299.9985253050213,301.4779052734375,2708600,0.0,0.0
2026-04-13 00:00:00-04:00,300.03801372804526,300.70865882360886,297.94716131360246,300.32403564453125,2872100,0.0,0.0
2026-04-14 00:00:00-04:00,298.8544950928382,299.40679459021294,297.38498715497303,299.0517578125,3150100,0.0,0.0
2026-04-15 00:00:00-04:00,299.10103932468877,302.7206023224684,298.8347617584247,302.0499572753906,2976500,0.0,0.0
2026-04-16 00:00:00-04:00,302.3655448315679,304.0323154341624,300.3831960252064,302.7403259277344,2334400,0.0,0.0
2026-04-17 00:00:00-04:00,303.08551988617984,308.2436358322758,302.97704646285155,307.079833984375,3225500,0.0,0.0
2026-04-20 00:00:00-04:00,307.858983198716,308.2337642947297,301.74423036806667,302.7206115722656,2395200,0.0,0.0
2026-04-21 00:00:00-04:00,301.34969580733303,301.94145383057173,296.83266875613555,297.6907043457031,2708100,0.0,0.0
2026-04-22 00:00:00-04:00,297.8978308510336,298.74602443576583,295.7083470739728,295.945068359375,2845600,0.0,0.0
2026-04-23 00:00:00-04:00,298.3416599391747,300.69882006312105,297.76964619797747,298.3712463378906,3064300,0.0,0.0
2026-04-24 00:00:00-04:00,298.1345574327624,298.4304214221892,295.10675218267494,295.24481201171875,3847800,0.0,0.0
2026-04-27 00:00:00-04:00,293.69639842741697,294.4262162872214,286.2008668226613,286.2205810546875,4985000,0.0,0.0
2026-04-28 00:00:00-04:00,288.18324543903753,290.59954812568003,287.02931575825147,288.3706359863281,4087100,0.0,0.0
2026-04-29 00:00:00-04:00,287.29560707638467,288.4889953763427,285.32310025101145,286.0923767089844,3493000,0.0,0.0
2026-04-30 00:00:00-04:00,286.5558891555019,290.47131602709976,286.2403109686552,289.5541076660156,4137700,0.0,0.0
2026-05-01 00:00:00-04:00,290.6488761580763,291.5167538292981,282.4234966797502,282.6996765136719,3761800,0.0,0.0
2026-05-04 00:00:00-04:00,282.38406369813305,285.76690543278403,279.79021259672,280.194580078125,3750500,0.0,0.0
2026-05-05 00:00:00-04:00,280.4904435958864,282.6207544199236,279.1294091723573,281.2498779296875,4007100,0.0,0.0
2026-05-06 00:00:00-04:00,283.22238505723794,284.5340887570602,278.51793735991527,280.194580078125,4807900,0.0,0.0
2026-05-07 00:00:00-04:00,283.87328028108067,287.39421186233204,278.27136863855725,279.8000793457031,6613800,0.0,0.0
2026-05-08 00:00:00-04:00,281.0821937152935,282.56157368221614,271.0519842964108,271.9593505859375,6044100,0.0,0.0
2026-05-11 00:00:00-04:00,272.0382677570585,272.9357619815596,268.24121616625547,270.8251953125,5849000,0.0,0.0
2026-05-12 00:00:00-04:00,274.37568594039965,275.4112398882207,270.9928141748546,271.0618591308594,4366600,0.0,0.0
2026-05-13 00:00:00-04:00,270.7265486203554,273.68530871456693,269.483859749406,271.9100646972656,3451000,0.0,0.0
2026-05-14 00:00:00-04:00,273.9811469939042,273.9811469939042,270.529260541003,271.1900634765625,3428200,0.0,0.0
2026-05-15 00:00:00-04:00,272.2059229206775,273.6853029365507,271.23938380833744,272.590576171875,3866400,0.0,0.0
2026-05-18 00:00:00-04:00,272.02842637150906,278.9124560016947,271.36762333491095,278.5870056152344,3969300,0.0,0.0
2026-05-19 00:00:00-04:00,279.50420625406184,281.3978260164958,276.43697264124904,276.93994140625,4087500,0.0,0.0
2026-05-20 00:00:00-04:00,276.43698065936854,277.1569263961757,272.6004403926739,276.417236328125,4056900,0.0,0.0
2026-05-21 00:00:00-04:00,277.18649023579366,281.23013496498675,276.1016356360643,280.2734680175781,5116300,0.0,0.0
2026-05-22 00:00:00-04:00,279.10968522036455,279.82966096807286,276.5552927730481,278.38970947265625,3056200,0.0,0.0
2026-05-26 00:00:00-04:00,277.15689743886645,278.1431507598905,274.878654675146,275.4211120605469,4227400,0.0,0.0
2026-05-27 00:00:00-04:00,276.3876134598186,279.652109454885,276.0029903261778,277.05828857421875,3808100,0.0,0.0
2026-05-28 00:00:00-04:00,276.160830153176,276.36793494420823,273.70503866724454,274.14886474609375,4115700,0.0,0.0
2026-05-29 00:00:00-04:00,273.96144552159177,277.5514220468564,273.60640877411515,275.3619384765625,4901300,0.0,0.0
2026-06-01 00:00:00-04:00,274.29680165128195,275.0562360621085,269.64168421507065,272.3144226074219,4594600,0.0,0.0
2026-06-02 00:00:00-04:00,271.40090146892226,276.047894393123,271.02360885440544,274.4095153808594,4211600,1.86,0.0
2026-06-03 00:00:00-04:00,273.82368353264275,274.89607817165677,271.3612060546875,271.3612060546875,5011100,0.0,0.0
2026-06-04 00:00:00-04:00,275.8393606350222,276.5344323704757,269.9313720924454,270.79522705078125,3541600,0.0,0.0
2026-06-05 00:00:00-04:00,272.4633513726649,278.77847993328396,272.4633513726649,277.8649597167969,5428100,0.0,0.0
2026-06-08 00:00:00-04:00,276.14714612486694,278.20254379179346,275.19393007874413,275.8194885253906,3842300,0.0,0.0
2026-06-09 00:00:00-04:00,275.65069825583004,283.29636611161214,274.09180186941984,280.2579650878906,5431700,0.0,0.0
2026-06-10 00:00:00-04:00,282.3133457122863,284.4283175375529,280.3075829886626,280.5260314941406,4152700,0.0,0.0
2026-06-11 00:00:00-04:00,280.8437910243767,284.2297278376757,279.056507040074,282.7601623535156,4565400,0.0,0.0
2026-06-12 00:00:00-04:00,283.98150001060793,285.62978787770203,282.02540245229324,282.7998962402344,4028800,0.0,0.0
2026-06-15 00:00:00-04:00,282.2240017765549,286.20567980730715,281.59844327712307,284.10064697265625,4388500,0.0,0.0
2026-06-16 00:00:00-04:00,285.96737089674605,287.2482748968351,283.0779052837137,285.8978576660156,3874300,0.0,0.0
2026-06-17 00:00:00-04:00,283.48503034446304,285.2624055692407,280.9728875048118,281.81689453125,3591000,0.0,0.0
2026-06-18 00:00:00-04:00,282.372942840958,282.75026577228687,275.9684527326959,276.6436462402344,8106400,0.0,0.0
2026-06-22 00:00:00-04:00,275.0450215052318,275.59112765810073,268.1738473462148,268.1937255859375,4891100,0.0,0.0
2026-06-23 00:00:00-04:00,271.9569785156409,272.3144231952014,268.6008287250847,269.7427062988281,3783500,0.0,0.0
2026-06-24 00:00:00-04:00,270.2490987639077,274.111628262771,269.30579152909695,271.947021484375,4698700,0.0,0.0
2026-06-25 00:00:00-04:00,270.7654161401501,271.4108225221019,262.6630039963424,262.6729431152344,6192700,0.0,0.0
2026-06-26 00:00:00-04:00,262.9013072127416,268.87883891906404,262.68285870682627,267.8561096191406,7422800,0.0,0.0
2026-06-29 00:00:00-04:00,268.2830774877338,270.57677173403766,263.72547605148605,265.2943115234375,4522000,0.0,0.0
2026-06-30 00:00:00-04:00,266.3071280420642,269.27601572270896,265.5028472302361,268.4022216796875,4752600,0.0,0.0
2026-07-01 00:00:00-04:00,268.3426623588889,270.52714758685124,267.00218416455726,267.5284423828125,3902100,0.0,0.0
2026-07-02 00:00:00-04:00,269.8816866630309,278.6493835449219,267.955376307874,278.6493835449219,6871800,0.0,0.0
2026-07-06 00:00:00-04:00,278.0834195342428,279.03663566249736,271.64914248858736,277.5273742675781,6744000,0.0,0.0
2026-07-07 00:00:00-04:00,281.79700578361246,285.07373347544586,279.3941024451281,280.2182312011719,3688500,0.0,0.0
2026-07-08 00:00:00-04:00,279.2848686726307,279.6324045366515,274.29037013609775,276.28619384765625,4735900,0.0,0.0
2026-07-09 00:00:00-04:00,274.11164682311124,275.62090819880984,270.9938237820326,274.5386047363281,3605400,0.0,0.0
2026-07-10 00:00:00-04:00,276.2464638812526,276.43512533907005,270.5767719337864,272.6619567871094,2980800,0.0,0.0
2026-07-13 00:00:00-04:00,274.07191085354395,274.07191085354395,269.4150092442901,270.68597412109375,4169600,0.0,0.0
2026-07-14 00:00:00-04:00,270.08030160363097,271.87752471586197,266.426281266226,267.0419006347656,3834500,0.0,0.0
2026-07-15 00:00:00-04:00,266.10854006078404,268.3724473238403,262.2261319781115,263.080078125,6050900,0.0,0.0
2026-07-16 00:00:00-04:00,264.8673642859957,271.65908612945566,264.1127184248796,271.5299987792969,4812000,0.0,0.0
2026-07-17 00:00:00-04:00,273.05911400187017,274.4095008933363,265.3042375883925,265.820556640625,3782000,0.0,0.0
2026-07-20 00:00:00-04:00,267.84619239528087,268.0944279767408,264.3808333748024,265.7510986328125,3693400,0.0,0.0
2026-07-21 00:00:00-04:00,264.6389585358198,264.98649438503827,261.7892191161757,262.0473937988281,3539500,0.0,0.0
2026-07-22 00:00:00-04:00,263.8247802894131,264.0928638006665,260.00194638761616,261.7098083496094,4524400,0.0,0.0
2026-07-23 00:00:00-04:00,259.7338301448311,262.1566117497002,259.118210775137,260.9452209472656,5105700,0.0,0.0
2026-07-24 00:00:00-04:00,261.9282631941143,264.5794022204664,261.04452998386705,262.89141845703125,3703500,0.0,0.0
2026-07-27 00:00:00-04:00,265.6120641785752,269.2561757378411,264.9169924505013,268.75970458984375,4874400,0.0,0.0
2026-07-28 00:00:00-04:00,274.2605667732101,276.73301354861496,269.71290466111174,271.09307861328125,5261500,0.0,0.0
2026-07-29 00:00:00-04:00,270.7058498650848,271.10302070376486,268.34264246697853,269.6036682128906,3650700,0.0,0.0
2026-07-30 00:00:00-04:00,268.58096032322203,269.8817123473665,264.4304686690481,266.5454406738281,4040200,0.0,0.0
2026-07-31 00:00:00-04:00,265.2347431335693,269.15687735136447,263.64602938830313,268.72991943359375,4965200,0.0,0.0
2026-08-03 00:00:00-04:00,273.76410901916006,274.37972838774834,263.35809326171875,263.35809326171875,7440500,0.0,0.0
2026-08-04 00:00:00-04:00,268.4220819795939,269.61362487535825,262.4445801677033,266.4461364746094,7486000,0.0,0.0
2026-08-05 00:00:00-04:00,269.7228633231028,273.3570055075901,267.1114202024565,272.0661926269531,4775300,0.0,0.0
2026-08-06 00:00:00-04:00,274.0520670118535,274.8761957644676,269.8420014761994,274.31024169921875,4214900,0.0,0.0
2026-08-07 00:00:00-04:00,272.5726032193221,274.9159325259076,271.3612123890142,272.5428161621094,4909700,0.0,0.0
2026-08-10 00:00:00-04:00,272.2051960400188,273.8038184768259,268.45184534033194,271.78814697265625,4742100,0.0,0.0
2026-08-11 00:00:00-04:00,271.30162848517847,272.27469252047894,269.4051051052162,272.2151184082031,3030600,0.0,0.0
2026-08-12 00:00:00-04:00,270.0107994629913,274.2506825888297,266.8631892584935,273.75421142578125,4351700,0.0,0.0
2026-08-13 00:00:00-04:00,275.42232020943675,276.4053233190208,270.2292214452201,270.3285217285156,4023300,0.0,0.0
2026-08-14 00:00:00-04:00,270.4079478235915,273.39671367305345,269.3554314697184,270.9044189453125,2735400,0.0,0.0
2026-08-17 00:00:00-04:00,268.3128772878258,268.90864874551687,263.2687435907245,263.6559753417969,4911800,0.0,0.0
2026-08-18 00:00:00-04:00,265.58227506264063,268.3029272358699,264.9567165726631,265.10565185546875,3089200,0.0,0.0
2026-08-19 00:00:00-04:00,264.47016594652433,269.95119608361927,264.21199127302407,265.5624084472656,5351600,0.0,0.0
2026-08-20 00:00:00-04:00,265.68157277220826,269.9611515690353,265.02622723203285,267.2305603027344,3526300,0.0,0.0
2026-08-21 00:00:00-04:00,267.39934074205325,269.33559028618606,266.2177370185577,269.0377197265625,3776000,0.0,0.0
2026-08-24 00:00:00-04:00,270.22922357845107,271.4902796120944,268.6802361138274,270.6164855957031,4115900,0.0,0.0
2026-08-25 00:00:00-04:00,270.53703839509745,270.6760648558924,266.0886764847458,266.20782470703125,3192700,0.0,0.0
2026-08-26 00:00:00-04:00,266.6050082304743,267.161053495718,264.23186158236393,265.04608154296875,4182300,0.0,0.0
2026-08-27 00:00:00-04:00,263.6162484147,263.85457517841604,258.016069453591,258.2245788574219,5980400,0.0,0.0
2026-08-28 00:00:00-04:00,259.48558826868964,263.2289999937744,258.4827371885051,263.12969970703125,3887300,0.0,0.0
2026-08-31 00:00:00-04:00,263.12971047210067,264.1921660095524,261.53108790824797,261.6800231933594,5244100,0.0,0.0
2026-09-01 00:00:00-04:00,262.75,264.5,260.739990234375,261.1099853515625,3701000,1.86,0.0
2026-09-02 00:00:00-04:00,261.9599914550781,262.7799987792969,260.17999267578125,260.95001220703125,5106800,0.0,0.0
2026-09-03 00:00:00-04:00,261.57000732421875,262.0899963378906,256.1199951171875,259.6300048828125,4576000,0.0,0.0
2026-09-04 00:00:00-04:00,258.010009765625,258.5,255.49000549316406,255.69000244140625,4225500,0.0,0.0
2026-09-08 00:00:00-04:00,254.38999938964844,256.80999755859375,254.27999877929688,255.80999755859375,4197600,0.0,0.0
2026-09-09 00:00:00-04:00,255.5,256.5,253.35000610351562,253.47999572753906,4434000,0.0,0.0
2026-09-10 00:00:00-04:00,255.0399932861328,255.55999755859375,252.5399932861328,253.0500030517578,4345400,0.0,0.0
2026-09-11 00:00:00-04:00,253.97999572753906,254.72999572753906,252.14999389648438,252.52999877929688,4096800,0.0,0.0
2026-09-14 00:00:00-04:00,254.27999877929688,258.45001220703125,254.27999877929688,257.489990234375,4165000,0.0,0.0
2026-09-15 00:00:00-04:00,257.7799987792969,257.7799987792969,252.6999969482422,252.77999877929688,4783500,0.0,0.0
2026-09-16 00:00:00-04:00,252.25999450683594,253.16000366210938,247.8300018310547,248.55999755859375,7134200,0.0,0.0
2026-09-17 00:00:00-04:00,250.3000030517578,250.60000610351562,248.10000610351562,248.47999572753906,4941900,0.0,0.0
2026-09-18 00:00:00-04:00,248.27000427246094,250.4499969482422,247.64999389648438,248.24000549316406,9577400,0.0,0.0
2026-09-21 00:00:00-04:00,249.41000366210938,250.3800048828125,246.52000427246094,247.8800048828125,6334600,0.0,0.0
2026-09-22 00:00:00-04:00,250.67999267578125,252.05999755859375,249.3699951171875,250.35000610351562,5016800,0.0,0.0
2026-09-23 00:00:00-04:00,250.2899932861328,250.32000732421875,234.02999877929688,238.32000732421875,16605700,0.0,0.0
2026-09-24 00:00:00-04:00,239.6999969482422,242.55999755859375,237.02000427246094,237.02000427246094,7387500,0.0,0.0
2026-09-25 00:00:00-04:00,,,,,6460792,0.0,0.0
