Date,Open,High,Low,Close,Volume,Dividends,Stock Splits
2021-08-09 00:00:00-04:00,360.59343588294473,362.59584065348304,357.60962860812293,358.4621276855469,7798900,0.0,0.0
2021-08-10 00:00:00-04:00,358.6802163961875,360.9304751555723,355.91452543710386,357.986328125,7469900,0.0,0.0
2021-08-11 00:00:00-04:00,358.9478624990702,359.2055785824935,354.6951992255373,356.82647705078125,8400300,0.0,0.0
2021-08-12 00:00:00-04:00,355.32968244107315,359.84006230584646,354.0013206031575,359.49310302734375,7170700,0.0,0.0
2021-08-13 00:00:00-04:00,359.810299682887,361.48559043105394,358.3332800092168,360.0184631347656,7195700,0.0,0.0
2021-08-16 00:00:00-04:00,359.36420928344654,363.75566859668425,354.2689693273235,363.3690490722656,11222100,0.0,0.0
2021-08-17 00:00:00-04:00,359.82024623999826,361.495537099571,351.979099677339,355.3296813964844,12328700,0.0,0.0
2021-08-18 00:00:00-04:00,353.1487977216519,356.72735768431033,352.05836731339076,352.35577392578125,10042400,0.0,0.0
2021-08-19 00:00:00-04:00,348.29148495413693,354.45734072172434,347.94452567302466,352.0286560058594,12004500,0.0,0.0
2021-08-20 00:00:00-04:00,351.51311224513614,356.8561750318784,350.23433359131985,356.2415771484375,8697700,0.0,0.0
2021-08-23 00:00:00-04:00,356.31104498912975,362.50663817869156,355.97400834984796,360.18701171875,10942000,0.0,0.0
2021-08-24 00:00:00-04:00,360.49431489699504,364.75687096002576,358.69015087883326,362.3282165527344,9235100,0.0,0.0
2021-08-25 00:00:00-04:00,362.41738450942586,367.6315745800662,362.2191134488895,365.18310546875,9684500,0.0,0.0
2021-08-26 00:00:00-04:00,365.17321790623237,366.2239880737597,360.96021460656846,361.2080383300781,7888700,0.0,0.0
2021-08-27 00:00:00-04:00,361.9217510386476,370.48652269932006,360.9106109436815,369.3861999511719,11219100,0.0,0.0
2021-08-30 00:00:00-04:00,369.31675914421385,378.16901374968154,367.2945094411481,377.34625244140625,13547300,0.0,0.0
2021-08-31 00:00:00-04:00,376.6424683877028,379.4280043335616,375.50245517516845,376.0774230957031,12345400,0.0,0.0
2021-09-01 00:00:00-04:00,376.28560528913044,380.984333157656,375.51239652276655,378.72418212890625,11567200,0.0,0.0
2021-09-02 00:00:00-04:00,378.1790086340969,378.42683236190425,370.80377207439494,372.0131530761719,14832900,0.0,0.0
2021-09-03 00:00:00-04:00,371.48775419959367,373.8767784772449,369.862016084577,372.984619140625,7509600,0.0,0.0
2021-09-07 00:00:00-04:00,372.60791241783016,379.62626663292235,369.9016665912914,378.8530578613281,10793800,0.0,0.0
2021-09-08 00:00:00-04:00,376.8506838787292,377.554494807856,371.5274349497435,374.2832336425781,11067200,0.0,0.0
2021-09-09 00:00:00-04:00,374.35265150125184,376.5235596799351,373.2919586101133,374.7095031738281,9098900,0.0,0.0
2021-09-10 00:00:00-04:00,378.04020354167477,380.4490731082647,374.9672135938655,375.3934631347656,11549600,0.0,0.0
2021-09-13 00:00:00-04:00,378.357399146683,378.42679704445317,371.09122143634556,373.232421875,13026300,0.0,0.0
2021-09-14 00:00:00-04:00,374.1147105903398,375.2943540089102,371.8446366690672,373.2522888183594,8711600,0.0,0.0
2021-09-15 00:00:00-04:00,373.71815280840957,374.2732754958761,364.46938530837144,370.66497802734375,17940300,0.0,0.0
2021-09-16 00:00:00-04:00,369.5448307526397,370.30811692774245,366.4916255483903,369.8124694824219,11934200,0.0,0.0
2021-09-17 00:00:00-04:00,368.1768086376163,368.1768086376163,358.4422863528636,361.5450439453125,26299000,0.0,0.0
2021-09-20 00:00:00-04:00,356.17224460756535,357.88719567110746,346.7549430803481,352.6036071777344,19822800,0.0,0.0
2021-09-21 00:00:00-04:00,355.37921290978545,356.90581548877753,352.0980292916366,354.36810302734375,11751900,0.0,0.0
2021-09-22 00:00:00-04:00,344.207345490811,346.7946107075454,337.7242682523536,340.2223205566406,43692900,0.0,0.0
2021-09-23 00:00:00-04:00,342.3536117509413,346.6261208464097,340.01417017387416,342.9483947753906,21806300,0.0,0.0
2021-09-24 00:00:00-04:00,340.2520335333708,351.2653350122628,339.38961185696587,349.8874206542969,18801900,0.0,0.0
2021-09-27 00:00:00-04:00,346.7648435259705,352.0583543102863,344.0585977379562,350.50201416015625,15205800,0.0,0.0
2021-09-28 00:00:00-04:00,344.9408243945494,346.5566396259546,335.9696192932014,337.6845397949219,21710300,0.0,0.0
2021-09-29 00:00:00-04:00,340.1628176861306,342.22472789071014,335.9299996176052,336.65362548828125,14452200,0.0,0.0
2021-09-30 00:00:00-04:00,337.4863475250749,339.8158662468685,335.2063511936451,336.4355773925781,16547100,0.0,0.0
2021-10-01 00:00:00-04:00,338.6362412870357,342.0165605763661,335.69212443224353,340.0240783691406,14905300,0.0,0.0
2021-10-04 00:00:00-04:00,332.6091669200423,333.0156014474601,319.8908670335288,323.39013671875,42885000,0.0,0.0
2021-10-05 00:00:00-04:00,325.71961705579815,332.262168484536,323.32070069147386,330.0614929199219,35377900,0.0,0.0
2021-10-06 00:00:00-04:00,326.8695521281811,331.4691747245333,322.96384802328623,330.7356262207031,26443000,0.0,0.0
2021-10-07 00:00:00-04:00,334.06639950885625,335.890378594045,326.11622486820954,326.3541259765625,28307500,0.0,0.0
2021-10-08 00:00:00-04:00,328.6241616109095,330.4976931247865,325.84851791179705,327.1768493652344,15946100,0.0,0.0
2021-10-11 00:00:00-04:00,324.7779897434607,327.58334131762484,322.47817805429816,322.6169738769531,14708200,0.0,0.0
2021-10-12 00:00:00-04:00,320.21798954237187,321.5562437044352,314.60725679206337,320.9515380859375,31658700,0.0,0.0
2021-10-13 00:00:00-04:00,324.12365226385646,324.1533898968896,319.85117422390084,321.7148132324219,14761500,0.0,0.0
2021-10-14 00:00:00-04:00,325.5016020421906,327.64280280902835,324.25259095047653,325.6701354980469,14302200,0.0,0.0
2021-10-15 00:00:00-04:00,325.8187812003698,326.2054007094238,319.70250897020327,321.93292236328125,21596400,0.0,0.0
2021-10-18 00:00:00-04:00,326.0864785457651,332.96606776369435,324.64908879992856,332.42083740234375,21585000,0.0,0.0
2021-10-19 00:00:00-04:00,336.6933283328445,339.4788647603777,334.3439641094444,337.0303649902344,18786300,0.0,0.0
2021-10-20 00:00:00-04:00,340.4602472700604,340.9856323597062,336.4950676495125,337.8134765625,13639500,0.0,0.0
2021-10-21 00:00:00-04:00,337.31779190524065,339.330119130641,334.85936992096316,338.90386962890625,16354400,0.0,0.0
2021-10-22 00:00:00-04:00,323.5090838339694,326.7605297669298,318.31467819269096,321.7842102050781,35224500,0.0,0.0
2021-10-25 00:00:00-04:00,317.5116968297456,326.69109590997294,316.9367591846728,325.82867431640625,38409000,0.0,0.0
2021-10-26 00:00:00-04:00,325.4023909716674,327.33539738494346,306.9048292018806,313.0607604980469,65654000,0.0,0.0
2021-10-27 00:00:00-04:00,311.45498865440186,316.4709390982643,309.34352539505164,309.50213623046875,29971800,0.0,0.0
2021-10-28 00:00:00-04:00,310.2653818889196,322.68630580861134,305.42785792385024,314.16119384765625,50806800,0.0,0.0
2021-10-29 00:00:00-04:00,317.4027445174339,323.16216597555615,316.81788410494806,320.7533264160156,37059400,0.0,0.0
2021-11-01 00:00:00-04:00,323.20177881185055,330.54727722256507,323.16211854762673,327.10748291015625,31518900,0.0,0.0
2021-11-02 00:00:00-04:00,328.4952593343893,331.8755780645793,320.98122818284804,325.2239685058594,28353000,0.0,0.0
2021-11-03 00:00:00-04:00,324.63916248704476,329.2586004276397,320.3865290771259,328.73321533203125,20786500,0.0,0.0
2021-11-04 00:00:00-04:00,331.1024126520275,334.33401339052415,329.7542358838118,332.9263916015625,22495300,0.0,0.0
2021-11-05 00:00:00-04:00,337.3475313931403,343.7711325959284,336.6833808173762,338.160400390625,26872800,0.0,0.0
2021-11-08 00:00:00-05:00,341.4217692170789,341.7885434537286,335.3946798762904,335.6722412109375,18342500,0.0,0.0
2021-11-09 00:00:00-05:00,337.04026169208083,338.33885557432916,331.55840217522467,332.4505615234375,17556700,0.0,0.0
2021-11-10 00:00:00-05:00,329.59569026856485,330.2896089228084,322.67646999658893,324.7879333496094,21872600,0.0,0.0
2021-11-11 00:00:00-05:00,326.94887310974923,329.56587577012334,324.15341438577855,324.886962890625,12376600,0.0,0.0
2021-11-12 00:00:00-05:00,327.3057853639694,338.8841040404311,326.90927340281564,337.9225769042969,25414300,0.0,0.0
2021-11-15 00:00:00-05:00,341.3424230756894,350.5713745750115,340.212362816545,344.5343933105469,25076600,0.0,0.0
2021-11-16 00:00:00-05:00,340.8368784244507,343.6323370262524,337.9026542813804,339.9744567871094,18181100,0.0,0.0
2021-11-17 00:00:00-05:00,341.2433529254867,344.2767129547134,337.1394076955589,337.8035583496094,13602800,0.0,0.0
2021-11-18 00:00:00-05:00,336.7626706173694,339.47880868836324,332.38113429115987,335.74163818359375,17487200,0.0,0.0
2021-11-19 00:00:00-05:00,339.2211383258241,349.0349521165506,336.94114182774706,342.29412841796875,26488500,0.0,0.0
2021-11-22 00:00:00-05:00,346.01146236419726,350.74985063397304,337.5458259535409,338.0414733886719,27116800,0.0,0.0
2021-11-23 00:00:00-05:00,335.97954650603793,338.42804592460385,330.5968228871068,334.3141784667969,17225000,0.0,0.0
2021-11-24 00:00:00-05:00,333.07511425972456,338.8047980509013,329.91288084406926,338.091064453125,13566200,0.0,0.0
2021-11-26 00:00:00-05:00,332.8768168926907,334.8098540575957,329.0107728148004,330.22015380859375,14750700,0.0,0.0
2021-11-29 00:00:00-05:00,333.95734192750814,337.7044353109097,332.3910790981545,335.08740234375,16650900,0.0,0.0
2021-11-30 00:00:00-05:00,332.08381658790216,332.88676309740873,320.6145264679722,321.63555908203125,25390000,0.0,0.0
2021-12-01 00:00:00-05:00,327.414776755562,327.62294019861577,307.5888802231193,307.89617919921875,30329600,0.0,0.0
2021-12-02 00:00:00-05:00,308.68923662919264,311.8613925211447,304.5258160544162,307.68804931640625,24396200,0.0,0.0
2021-12-03 00:00:00-05:00,310.9989197788498,311.0187347836046,296.8927842794887,304.16888427734375,27471000,0.0,0.0
2021-12-06 00:00:00-05:00,305.4477322028446,317.31353452456125,303.67330568804266,315.1029357910156,21758300,0.0,0.0
2021-12-07 00:00:00-05:00,318.7706820353999,323.6974184932654,318.20563672841274,319.9998779296875,18794000,0.0,0.0
2021-12-08 00:00:00-05:00,322.1708069488053,329.85334157604603,320.2576152633846,327.6824035644531,19937700,0.0,0.0
2021-12-09 00:00:00-05:00,326.67129120994196,333.20392019867387,325.1446887738211,326.9488525390625,16879200,0.0,0.0
2021-12-10 00:00:00-05:00,329.66502227155183,332.1135218307641,323.5289045553866,326.8794860839844,14528000,0.0,0.0
2021-12-13 00:00:00-05:00,328.06902424502766,338.1207377273347,326.72084759390367,331.57818603515625,22948700,0.0,0.0
2021-12-14 00:00:00-05:00,325.19430696054724,332.77773777942696,324.797795017868,330.83477783203125,20461000,0.0,0.0
2021-12-15 00:00:00-05:00,329.5956636242752,339.1319166479426,321.15976377745073,338.68585205078125,24681300,0.0,0.0
2021-12-16 00:00:00-05:00,336.0291497145093,341.46142630217054,330.8347439657992,331.9846496582031,22635000,0.0,0.0
2021-12-17 00:00:00-05:00,329.9029054140039,334.17538368642465,327.8707631250314,330.8843078613281,40012600,0.0,0.0
2021-12-20 00:00:00-05:00,326.90926796967403,327.0282185308509,319.7223791299833,322.6169738769531,17901800,0.0,0.0
2021-12-21 00:00:00-05:00,323.56857565417766,333.0750902240933,320.9317275596732,331.290771484375,16116800,0.0,0.0
2021-12-22 00:00:00-05:00,330.8942391431612,331.59808033252256,325.402486952431,327.57342529296875,16764600,0.0,0.0
2021-12-23 00:00:00-05:00,327.2264458403401,333.73926046044926,325.50157217835203,332.3216857910156,13987700,0.0,0.0
2021-12-27 00:00:00-05:00,335.90029482489064,344.8417642492237,335.0676107095978,343.1664733886719,17795000,0.0,0.0
2021-12-28 00:00:00-05:00,343.61255025505903,349.6396098349676,342.19500583233264,343.20611572265625,16637600,0.0,0.0
2021-12-29 00:00:00-05:00,343.8901234286759,346.6459220889968,338.66601010462034,339.9546813964844,10747000,0.0,0.0
2021-12-30 00:00:00-05:00,341.0054225509634,344.2073157522339,340.2322137913024,341.3622741699219,10593300,0.0,0.0
2021-12-31 00:00:00-05:00,340.03391614857384,340.4502732567359,333.34267654879824,333.4219970703125,12870500,0.0,0.0
2022-01-03 00:00:00-05:00,335.3550557110125,338.1108543487535,334.2547328826255,335.5929870605469,14537900,0.0,0.0
2022-01-04 00:00:00-05:00,336.9907056585959,340.103355842502,328.9810261084693,333.6004638671875,15998000,0.0,0.0
2022-01-05 00:00:00-05:00,330.12095652506423,332.8371246272023,321.02087826250215,321.3480224609375,20564500,0.0,0.0
2022-01-06 00:00:00-05:00,320.00976127019425,336.2174356126876,319.91062575013507,329.5658264160156,27962800,0.0,0.0
2022-01-07 00:00:00-05:00,329.8434453738167,334.0663712007667,326.01706169641426,328.9017333984375,14722000,0.0,0.0
2022-01-10 00:00:00-05:00,322.4781883610764,325.4818111344832,312.68418848551426,325.21417236328125,24942400,0.0,0.0
2022-01-11 00:00:00-05:00,323.9353346411827,331.71700537861085,322.4483923442952,331.4592590332031,16226800,0.0,0.0
2022-01-12 00:00:00-05:00,332.2622170190989,333.44186036917864,327.15705433912973,330.35894775390625,14104900,0.0,0.0
2022-01-13 00:00:00-05:00,332.06397662403594,332.7083122589069,322.92423643234406,323.6379699707031,14797100,0.0,0.0
2022-01-14 00:00:00-05:00,318.98876615498534,329.8335338228713,318.4137982227158,329.0107421875,16868500,0.0,0.0
2022-01-18 00:00:00-05:00,320.4757328930127,321.38770724912837,314.8749228247817,315.3804626464844,22645600,0.0,0.0
2022-01-19 00:00:00-05:00,316.7980302506369,324.25258771682417,316.55020651044543,316.8079528808594,20814700,0.0,0.0
2022-01-20 00:00:00-05:00,321.0804536857119,324.96634350833807,313.2294140009481,313.8043518066406,16925000,0.0,0.0
2022-01-21 00:00:00-05:00,312.06954052686575,315.5390726265912,300.4020106136228,300.5308837890625,28710700,0.0,0.0
2022-01-24 00:00:00-05:00,295.24730262476083,306.83554373052056,286.4941809831775,306.0226745605469,38878100,0.0,0.0
2022-01-25 00:00:00-05:00,297.3388990759173,303.56422945511866,294.98950489574133,297.5371398925781,25108500,0.0,0.0
2022-01-26 00:00:00-05:00,304.33745154982324,304.83309899106166,288.3181226187675,292.0652160644531,28348800,0.0,0.0
2022-01-27 00:00:00-05:00,295.1580159546106,299.08353474916333,291.69840690917283,292.0751037597656,21629900,0.0,0.0
2022-01-28 00:00:00-05:00,293.0466349983478,299.2719666418896,290.4791844739812,299.0836181640625,21871600,0.0,0.0
2022-01-31 00:00:00-05:00,298.06248515057547,311.0583744864284,296.71433887037983,310.5329895019531,21579500,0.0,0.0
2022-02-01 00:00:00-05:00,311.821701482423,316.8773112011151,309.40293966017686,316.2230529785156,18023800,0.0,0.0
2022-02-02 00:00:00-05:00,324.96631177071333,325.1447375979586,314.11162016781816,320.1882629394531,58458300,0.0,0.0
2022-02-03 00:00:00-05:00,242.52028286095725,245.84112671168018,233.6977646059621,235.6902618408203,188119900,0.0,0.0
2022-02-04 00:00:00-05:00,232.92456740840566,240.49805995464288,228.1068735160375,235.02610778808594,89342200,0.0,0.0
2022-02-07 00:00:00-05:00,235.63077180322753,236.2255547358029,222.0599435210588,222.95211791992188,88613800,0.0,0.0
2022-02-08 00:00:00-05:00,218.92745595307002,223.80462440520083,214.26835843440645,218.26327514648438,94729700,0.0,0.0
2022-02-09 00:00:00-05:00,222.24831952087897,231.33849218278192,220.27565229753864,229.9804229736328,86563300,0.0,0.0
2022-02-10 00:00:00-05:00,226.28288119030293,232.9542913411008,224.72654100471263,226.08462524414062,49310400,0.0,0.0
2022-02-11 00:00:00-05:00,226.47120320092318,228.41413242288982,216.86555473977413,217.63876342773438,46156900,0.0,0.0
2022-02-14 00:00:00-05:00,217.4008711781249,219.0761618951234,212.9103067167767,215.8048858642578,38184000,0.0,0.0
2022-02-15 00:00:00-05:00,218.55077156833923,219.22484478977512,213.18786292773044,219.07615661621094,42685500,0.0,0.0
2022-02-16 00:00:00-05:00,210.5609310438708,215.56697278399525,210.51136327892735,214.65496826171875,45817500,0.0,0.0
2022-02-17 00:00:00-05:00,212.15692341599396,215.60662518366414,205.3566402879214,205.90185546875,38747500,0.0,0.0
2022-02-18 00:00:00-05:00,207.56726567370444,208.91542751919894,203.39390694304603,204.36538696289062,37128400,0.0,0.0
2022-02-22 00:00:00-05:00,200.57860830625324,205.67386353473034,198.31845712325313,200.3208770751953,39852400,0.0,0.0
2022-02-23 00:00:00-05:00,202.38275807505894,205.13855651896256,196.32594600030123,196.7224578857422,44481400,0.0,0.0
2022-02-24 00:00:00-05:00,189.3967909321892,206.53628729690607,188.56410689144704,205.79281616210938,49957200,0.0,0.0
2022-02-25 00:00:00-05:00,203.15596878731102,209.48043476464565,201.4112801723448,208.64773559570312,37627600,0.0,0.0
2022-02-28 00:00:00-05:00,205.87214869661202,211.29453382947978,205.02955697979945,209.1929931640625,34239800,0.0,0.0
2022-03-01 00:00:00-05:00,208.0430483616429,209.9066875471143,200.45964869899032,201.71859741210938,27094900,0.0,0.0
2022-03-02 00:00:00-05:00,202.99735671935014,207.32931034252405,200.2613883982864,206.29837036132812,29452100,0.0,0.0
2022-03-03 00:00:00-05:00,207.20046210869705,207.25993738193364,199.66661489556296,201.203125,27263500,0.0,0.0
2022-03-04 00:00:00-05:00,200.60833967639832,204.09770188319834,197.05950219705525,198.31845092773438,32130900,0.0,0.0
2022-03-07 00:00:00-05:00,199.0420824988162,199.1412180323185,185.6496947748115,185.83804321289062,38560600,0.0,0.0
2022-03-08 00:00:00-05:00,186.21476736768085,194.9877188332705,184.48990866339375,188.63351440429688,37508100,0.0,0.0
2022-03-09 00:00:00-05:00,194.03605022116608,197.3668013649127,192.2318864189058,196.7720184326172,31894700,0.0,0.0
2022-03-10 00:00:00-05:00,193.1438917592487,194.57135881377323,189.40672093356542,193.51068115234375,24853000,0.0,0.0
2022-03-11 00:00:00-05:00,190.96304930488995,191.87503879956054,185.04501753022495,185.97683715820312,34694500,0.0,0.0
2022-03-14 00:00:00-04:00,185.40186770987287,190.616072982161,184.2024094563913,185.00535583496094,31010500,0.0,0.0
2022-03-15 00:00:00-04:00,189.13907936744985,190.6061916572676,184.2916476700059,190.35836791992188,31721700,0.0,0.0
2022-03-16 00:00:00-04:00,193.00511977047762,201.95651177480704,192.82669394360815,201.85739135742188,40640300,0.0,0.0
2022-03-17 00:00:00-04:00,199.9441810370378,206.22898715868908,199.35932066827604,206.03073120117188,29499700,0.0,0.0
2022-03-18 00:00:00-04:00,204.90062355850955,214.91270666982817,204.20672025274516,214.60540771484375,52128000,0.0,0.0
2022-03-21 00:00:00-04:00,212.63274839506389,212.8409269719916,205.82255751754292,209.64895629882812,30142300,0.0,0.0
2022-03-22 00:00:00-04:00,209.52997235144798,217.54955859989062,208.3503291456667,214.76400756835938,31998800,0.0,0.0
2022-03-23 00:00:00-04:00,211.47293346902381,214.91272782980164,210.3131203024904,211.601806640625,23717300,0.0,0.0
2022-03-24 00:00:00-04:00,213.12839043651937,218.74903035989297,212.92021186485715,217.6586151123047,31502300,0.0,0.0
2022-03-25 00:00:00-04:00,218.59044425279404,223.53701150483215,216.9845512720911,219.88905334472656,40039000,0.0,0.0
2022-03-28 00:00:00-04:00,220.1963488462626,222.0897106771945,217.628883467782,221.6436309814453,26224100,0.0,0.0
2022-03-29 00:00:00-04:00,224.10202339948714,228.88005648497796,223.3287995371799,227.85902404785156,31417900,0.0,0.0
2022-03-30 00:00:00-04:00,226.9173167936126,229.1378076655561,224.73647106182824,225.86654663085938,25588000,0.0,0.0
2022-03-31 00:00:00-04:00,226.46131389627396,226.50097416228894,220.3251961259612,220.42433166503906,24192300,0.0,0.0
2022-04-01 00:00:00-04:00,222.59524769852732,225.3014782348387,220.76134629011395,222.89263916015625,19544800,0.0,0.0
2022-04-04 00:00:00-04:00,224.01279728141182,232.3099451398338,223.89384674433114,231.85394287109375,28054800,0.0,0.0
2022-04-05 00:00:00-04:00,232.0422984945777,234.7980969460223,229.00893869737314,229.82179260253906,29727200,0.0,0.0
2022-04-06 00:00:00-04:00,224.9347306089512,226.99662582724713,219.4826086293868,221.3561553955078,28995100,0.0,0.0
2022-04-07 00:00:00-04:00,221.9806658434369,223.55683627381228,216.6574169233372,221.0092010498047,21037200,0.0,0.0
2022-04-08 00:00:00-04:00,220.44414479208226,223.17020552086805,218.11459593710012,220.3945770263672,18375700,0.0,0.0
2022-04-11 00:00:00-04:00,216.51862836918798,218.6895666015548,213.34648774183083,214.57569885253906,20516600,0.0,0.0
2022-04-12 00:00:00-04:00,218.32279924455113,220.09721050095476,211.27469173834876,212.27589416503906,20128800,0.0,0.0
2022-04-13 00:00:00-04:00,209.97608164874075,214.72437730811373,209.49034172860436,213.1184844970703,19231800,0.0,0.0
2022-04-14 00:00:00-04:00,213.01936274015176,213.1184982815987,208.1719312322115,208.35035705566406,18379500,0.0,0.0
2022-04-18 00:00:00-04:00,208.17190994324702,211.52249123883075,206.48671179270767,208.93521118164062,16580800,0.0,0.0
2022-04-19 00:00:00-04:00,208.687388784282,216.5285192787811,207.18061642952617,215.41827392578125,20089900,0.0,0.0
2022-04-20 00:00:00-04:00,211.7505057324773,212.29572095663042,197.18838112552498,198.67532348632812,43036500,0.0,0.0
2022-04-21 00:00:00-04:00,199.8450653573932,201.20313458082896,183.96451623076376,186.43284606933594,49954100,0.0,0.0
2022-04-22 00:00:00-04:00,188.71280973536275,191.04235885583572,181.67462485450002,182.50730895996094,36426800,0.0,0.0
2022-04-25 00:00:00-04:00,181.139302675937,185.55056170817895,180.07862505796282,185.3622283935547,29281100,0.0,0.0
2022-04-26 00:00:00-04:00,185.00536429800306,185.56048699865713,177.93742711598594,179.3748016357422,31747400,0.0,0.0
2022-04-27 00:00:00-04:00,172.91155490901065,179.6325479655742,167.52883108777505,173.42703247070312,71062900,0.0,0.0
2022-04-28 00:00:00-04:00,201.1535357326842,206.71470007536863,191.22075776279664,203.93907165527344,100890600,0.0,0.0
2022-04-29 00:00:00-04:00,202.68015601451035,210.6303299905901,198.15983869617668,198.72488403320312,49193400,0.0,0.0
2022-05-02 00:00:00-04:00,199.41879504894462,210.03557018084996,199.240369225767,209.29209899902344,49915300,0.0,0.0
2022-05-03 00:00:00-04:00,208.6180173147746,213.0292767771703,206.2785606489031,210.18426513671875,41556300,0.0,0.0
2022-05-04 00:00:00-04:00,208.81626224243902,222.34744654800306,205.15839680914934,221.46519470214844,41375900,0.0,0.0
2022-05-05 00:00:00-04:00,216.83582310266792,218.25336736113462,204.3653331000741,206.4668731689453,41129200,0.0,0.0
2022-05-06 00:00:00-04:00,205.53508504215011,207.55733514909008,199.27010901448142,201.9961700439453,34747200,0.0,0.0
2022-05-09 00:00:00-04:00,198.10037393010384,200.80661996260716,193.87746300031426,194.50198364257812,36303200,0.0,0.0
2022-05-10 00:00:00-04:00,197.7732217905714,201.19320098052617,192.4995412750609,195.92941284179688,34452500,0.0,0.0
2022-05-11 00:00:00-04:00,194.62094046425895,198.9231569416904,186.63110554161176,187.09701538085938,31153400,0.0,0.0
2022-05-12 00:00:00-04:00,185.43160563866368,196.32594109879756,183.17145467096796,189.57522583007812,38262200,0.0,0.0
2022-05-13 00:00:00-04:00,190.90354698918281,198.14990927576153,189.6148607740116,196.89096069335938,24549800,0.0,0.0
2022-05-16 00:00:00-04:00,195.33465259058252,203.58221785060556,194.2243920764948,198.29861450195312,27112600,0.0,0.0
2022-05-17 00:00:00-04:00,200.36050797611236,203.67144423340272,196.6332448276037,200.8561553955078,24872700,0.0,0.0
2022-05-18 00:00:00-04:00,198.25897094773953,199.25026580247822,189.96183785388354,190.5665283203125,23960000,0.0,0.0
2022-05-19 00:00:00-04:00,189.5355887217403,193.58998137940185,187.94952589985266,189.6248016357422,24446900,0.0,0.0
2022-05-20 00:00:00-04:00,193.2727535593855,196.18716276985003,186.23455423988324,191.85519409179688,31465600,0.0,0.0
2022-05-23 00:00:00-04:00,193.49084953374,195.27518333819546,189.57523779332573,194.52178955078125,25059200,0.0,0.0
2022-05-24 00:00:00-04:00,178.97832418129147,182.08106740003268,174.576971742123,179.70196533203125,50406300,0.0,0.0
2022-05-25 00:00:00-04:00,178.82960205945918,183.83564455779268,177.75901682951374,182.22975158691406,28030200,0.0,0.0
2022-05-26 00:00:00-04:00,181.2880223555462,191.15140392285537,180.67340921086296,189.96185302734375,23056500,0.0,0.0
2022-05-27 00:00:00-04:00,189.69419516808324,193.62963718300583,188.1477775238642,193.43138122558594,22562700,0.0,0.0
2022-05-31 00:00:00-04:00,193.19347969749913,195.87989577167042,190.3385452904036,191.95436096191406,26131100,0.0,0.0
2022-06-01 00:00:00-04:00,194.79936545558363,197.79308044410078,183.38956601023835,186.9978790283203,36623500,0.0,0.0
2022-06-02 00:00:00-04:00,186.80952261492175,199.19080147626636,186.0957890702157,197.12890625,31951600,0.0,0.0
2022-06-03 00:00:00-04:00,194.27394674977066,194.89846730147926,188.12792213894204,189.1192169189453,19465000,0.0,0.0
2022-06-06 00:00:00-04:00,192.30130502364528,195.2057918492942,186.75995498137883,192.5590362548828,30574200,0.0,0.0
2022-06-07 00:00:00-04:00,190.2592351618906,194.81919804623945,189.82307808357928,193.9468536376953,18828700,0.0,0.0
2022-06-08 00:00:00-04:00,192.97538565794966,200.27131707822286,192.71765441688768,194.92823791503906,22267200,0.0,0.0
2022-06-09 00:00:00-04:00,192.5887643538881,197.713756969315,182.0810327786021,182.39825439453125,23501600,0.0,0.0
2022-06-10 00:00:00-04:00,181.44661563615782,181.50610603720847,173.4964412625436,174.04165649414062,27450800,0.0,0.0
2022-06-13 00:00:00-04:00,169.1049918602242,171.0776741390652,162.60209979408089,162.83009338378906,31749300,0.0,0.0
2022-06-14 00:00:00-04:00,164.5847149021628,165.29844854373295,159.95536886300997,162.3047332763672,27244300,0.0,0.0
2022-06-15 00:00:00-04:00,165.74450039607447,170.661329641027,162.55252968231065,167.87579345703125,30008300,0.0,0.0
2022-06-16 00:00:00-04:00,162.29478545665458,163.64294698629192,158.22056323389432,159.46958923339844,26944100,0.0,0.0
2022-06-17 00:00:00-04:00,160.2725258484744,164.4557908494942,158.50802242635217,162.31460571289062,31374200,0.0,0.0
2022-06-21 00:00:00-04:00,164.4855494298019,166.2996208450085,154.61226106049688,155.682861328125,50724900,0.0,0.0
2022-06-22 00:00:00-04:00,157.00127603788218,159.390285021925,154.086866891369,154.49330139160156,47267800,0.0,0.0
2022-06-23 00:00:00-04:00,154.90968030199085,158.35938280961645,152.90726008377675,157.3680877685547,40499200,0.0,0.0
2022-06-24 00:00:00-04:00,160.32210319661192,168.7679390977407,159.89585369459297,168.67872619628906,68736000,0.0,0.0
2022-06-27 00:00:00-04:00,169.82865898547666,170.25490855575194,166.54745997795482,168.01458740234375,29174600,0.0,0.0
2022-06-28 00:00:00-04:00,168.42097363647179,169.8087953757403,159.21185197352423,159.28123474121094,27744500,0.0,0.0
2022-06-29 00:00:00-04:00,162.1461193919892,164.8820879607232,158.92441086091708,162.5128936767578,28595200,0.0,0.0
2022-06-30 00:00:00-04:00,160.7384575527912,163.79164757572488,157.11032981455412,159.84629821777344,35250600,0.0,0.0
2022-07-01 00:00:00-04:00,158.9144784682679,159.2217774583534,153.6507051194892,158.6369171142578,31423900,0.0,0.0
2022-07-05 00:00:00-04:00,156.76336002821185,166.78535112270356,155.65311468571062,166.7258758544922,28618600,0.0,0.0
2022-07-06 00:00:00-04:00,166.7358044722956,170.09629368542892,164.0196660402876,168.29214477539062,23085900,0.0,0.0
2022-07-07 00:00:00-04:00,167.9749321123274,171.21647094718156,166.3194713031898,170.6910858154297,24083400,0.0,0.0
2022-07-08 00:00:00-04:00,168.5003120381291,170.89924401158672,166.6862404572748,169.39248657226562,19249200,0.0,0.0
2022-07-11 00:00:00-04:00,165.61564033062461,166.0319823587457,160.50055519777845,161.4621124267578,21885600,0.0,0.0
2022-07-12 00:00:00-04:00,163.36538896731187,164.46572681989724,160.6888959849567,161.8487091064453,16639700,0.0,0.0
2022-07-13 00:00:00-04:00,158.76580420983865,163.54383804509905,158.22058895738138,162.0668182373047,16555100,0.0,0.0
2022-07-14 00:00:00-04:00,159.81656687331278,161.17463606202577,155.91086250108654,156.67416381835938,23765200,0.0,0.0
2022-07-15 00:00:00-04:00,159.1424606102135,163.54381194440333,158.42874226976485,163.26625061035156,23342800,0.0,0.0
2022-07-18 00:00:00-04:00,165.29841367168555,170.19541257482624,164.198075800227,165.77423095703125,23574300,0.0,0.0
2022-07-19 00:00:00-04:00,168.88689304820255,174.95362761088478,168.0343789009671,174.2498016357422,25933700,0.0,0.0
2022-07-20 00:00:00-04:00,175.9449427642158,182.00175539820398,175.16181129811827,181.49618530273438,24784300,0.0,0.0
2022-07-21 00:00:00-04:00,179.05758778878263,182.24955831234044,177.31289922875095,181.57546997070312,27195800,0.0,0.0
2022-07-22 00:00:00-04:00,171.5634172107559,174.0713921211751,166.94397930324826,167.79649353027344,42583900,0.0,0.0
2022-07-25 00:00:00-04:00,167.52882872010937,169.08516888643103,163.37530090151066,165.19927978515625,26166300,0.0,0.0
2022-07-26 00:00:00-04:00,164.4955045853393,164.55497986875235,156.57505161498486,157.7646026611328,28468400,0.0,0.0
2022-07-27 00:00:00-04:00,161.17463351463593,169.38255404365438,160.60960328940018,168.10379028320312,43846600,0.0,0.0
2022-07-28 00:00:00-04:00,159.6579594985726,160.1040391932578,153.50202643480458,159.3209228515625,73214300,0.0,0.0
2022-07-29 00:00:00-04:00,156.31726714948755,158.74593619346265,153.81920021450543,157.71499633789062,42065400,0.0,0.0
2022-08-01 00:00:00-04:00,155.8811477857629,163.7520329621582,153.87872753442198,158.53781127929688,40596700,0.0,0.0
2022-08-02 00:00:00-04:00,156.9318929768912,160.8276897938803,156.63450148211984,158.7955322265625,27374500,0.0,0.0
2022-08-03 00:00:00-04:00,161.27375453190913,168.0641148826389,160.1635091886448,167.33056640625,31721900,0.0,0.0
2022-08-04 00:00:00-04:00,166.83491589703567,170.65139175643768,165.3479737145772,169.0851593017578,23938200,0.0,0.0
2022-08-05 00:00:00-04:00,165.53633815049744,170.1161156749895,164.3566948181987,165.65528869628906,25832700,0.0,0.0
2022-08-08 00:00:00-04:00,166.5375309746696,175.96473933628346,165.67510931528614,168.7679443359375,27299100,0.0,0.0
2022-08-09 00:00:00-04:00,167.47926928638472,168.05422213991784,165.14973536147394,167.06292724609375,18655100,0.0,0.0
2022-08-10 00:00:00-04:00,174.4580025790822,178.90890719547573,172.4357524234894,176.78753662109375,30262100,0.0,0.0
2022-08-11 00:00:00-04:00,178.14559139095888,181.50608008675786,174.83465533334396,175.94491577148438,24079100,0.0,0.0
2022-08-12 00:00:00-04:00,179.23602518954743,179.8803759384062,177.35257096418084,178.92872619628906,21274000,0.0,0.0
2022-08-15 00:00:00-04:00,177.4021310965874,179.86053806278343,176.64873733810558,179.31532287597656,15878700,0.0,0.0
2022-08-16 00:00:00-04:00,177.8779619475911,179.41447209085894,175.49884507628477,177.90769958496094,21156700,0.0,0.0
2022-08-17 00:00:00-04:00,175.22128847897727,176.5892803390604,172.65383820977354,173.3279266357422,20118100,0.0,0.0
2022-08-18 00:00:00-04:00,172.8223200510854,174.22995675626117,170.36391334950784,173.13954162597656,18844500,0.0,0.0
2022-08-19 00:00:00-04:00,168.71838513218586,170.81994055822395,165.59581231831734,166.49789428710938,26240800,0.0,0.0
2022-08-22 00:00:00-04:00,164.0493923798729,164.0493923798729,160.84749908058643,161.63063049316406,19499700,0.0,0.0
2022-08-23 00:00:00-04:00,161.06557329488396,163.6132081664498,159.30106977820242,159.70750427246094,18111800,0.0,0.0
2022-08-24 00:00:00-04:00,159.20195810249263,164.0196516525699,158.37918156631125,161.8387908935547,20891500,0.0,0.0
2022-08-25 00:00:00-04:00,163.74206276000646,167.40986550779851,162.5921723231533,167.31072998046875,15550500,0.0,0.0
2022-08-26 00:00:00-04:00,167.01336169441478,169.43212368762408,160.26264579796614,160.37168884277344,24023600,0.0,0.0
2022-08-29 00:00:00-04:00,159.26142802483227,161.6306220189667,157.62578251049774,157.78439331054688,20052700,0.0,0.0
2022-08-30 00:00:00-04:00,158.95414916201582,160.25274310903546,154.5527972225878,155.7919158935547,19567900,0.0,0.0
2022-08-31 00:00:00-04:00,165.6156171428507,166.3789031912257,160.72852627789055,161.5116424560547,40953000,0.0,0.0
2022-09-01 00:00:00-04:00,162.15601334520824,165.9031066673711,158.95413521562654,163.92051696777344,30145700,0.0,0.0
2022-09-02 00:00:00-04:00,165.99231447657763,166.46813175460187,157.8339623485163,158.9243927001953,22634200,0.0,0.0
2022-09-06 00:00:00-04:00,158.70631429044778,160.2824694990789,156.31729003024532,157.15988159179688,19339800,0.0,0.0
2022-09-07 00:00:00-04:00,156.38667922477052,159.55883503081463,155.44495208745863,158.99378967285156,16831200,0.0,0.0
2022-09-08 00:00:00-04:00,157.32843237884535,160.8177798055024,156.3668750415445,160.64926147460938,22530800,0.0,0.0
2022-09-09 00:00:00-04:00,161.82890181187642,168.06414043912878,161.6009082069204,167.6775360107422,22086800,0.0,0.0
2022-09-12 00:00:00-04:00,165.93285648840623,169.89803617879264,165.8238134418822,167.48919677734375,23220400,0.0,0.0
2022-09-13 00:00:00-04:00,160.13375981705477,160.2229878472796,151.34097953534305,151.79698181152344,44444100,0.0,0.0
2022-09-14 00:00:00-04:00,151.995252646758,152.20341611044483,147.75251157835422,150.1514434814453,43064200,0.0,0.0
2022-09-15 00:00:00-04:00,148.49597740879247,152.85766887034347,147.4055469804249,148.24815368652344,34606300,0.0,0.0
2022-09-16 00:00:00-04:00,146.7611985428687,147.28658357814408,143.0339204046636,145.01651000976562,40122800,0.0,0.0
2022-09-19 00:00:00-04:00,143.97566223661408,147.28658323928715,143.83688156961458,146.73146057128906,22169500,0.0,0.0
2022-09-20 00:00:00-04:00,144.51096882445577,147.54432878807003,143.9558461024819,144.81826782226562,23217400,0.0,0.0
2022-09-21 00:00:00-04:00,145.11567697669463,148.29774063763287,140.7638924558105,140.88284301757812,38338600,0.0,0.0
2022-09-22 00:00:00-04:00,140.31778776687358,143.32140992498688,139.64369940950394,141.5767364501953,34418500,0.0,0.0
2022-09-23 00:00:00-04:00,140.1889006084037,141.37845127369607,137.68092612104357,139.1876983642578,31710700,0.0,0.0
2022-09-26 00:00:00-04:00,138.90023234956038,141.00178775969545,135.0044507707675,135.18287658691406,30497000,0.0,0.0
2022-09-27 00:00:00-04:00,136.71938846907756,138.2063307938041,132.95246488791165,133.2300262451172,30826500,0.0,0.0
2022-09-28 00:00:00-04:00,133.44811665633205,140.79361560887784,133.10117251155577,140.3772735595703,32658500,0.0,0.0
2022-09-29 00:00:00-04:00,138.14683537453897,138.62265261379272,134.0230456317868,135.22251892089844,38985400,0.0,0.0
2022-09-30 00:00:00-04:00,134.8656755106968,139.76267478552438,134.32046028508566,134.49888610839844,33166400,0.0,0.0
2022-10-03 00:00:00-04:00,135.94619178824445,138.40459908232745,134.91525167329377,137.4033966064453,27723100,0.0,0.0
2022-10-04 00:00:00-04:00,139.26701646086826,141.15047059220228,138.12701832793766,139.058837890625,34670700,0.0,0.0
2022-10-05 00:00:00-04:00,137.0365931592854,138.9894450478665,133.60670663197286,137.7701416015625,27979300,0.0,0.0
2022-10-06 00:00:00-04:00,136.5211511918853,140.2186773765416,135.41090561119663,137.85940551757812,36231100,0.0,0.0
2022-10-07 00:00:00-04:00,135.5694675770126,137.08614736813666,131.28708202735578,132.2882843017578,33214800,0.0,0.0
2022-10-10 00:00:00-04:00,132.387404139303,134.92511603477806,130.72202125417493,132.62530517578125,24024000,0.0,0.0
2022-10-11 00:00:00-04:00,130.47423358950223,131.50518878521092,125.88454079530821,127.4210433959961,38481400,0.0,0.0
2022-10-12 00:00:00-04:00,127.20296764266038,128.5412066696093,125.15097995832855,126.39009857177734,34605200,0.0,0.0
2022-10-13 00:00:00-04:00,122.45465933191532,129.99841422113215,121.46336441940831,129.1558074951172,34325700,0.0,0.0
2022-10-14 00:00:00-04:00,129.85962016618188,130.642736410999,125.4186160877497,125.65653228759766,23559400,0.0,0.0
2022-10-17 00:00:00-04:00,129.1657206658623,133.61662481645823,129.0467549994207,132.87315368652344,29612200,0.0,0.0
2022-10-18 00:00:00-04:00,135.89659941870124,136.6400705127759,130.25612963150132,131.64395141601562,25445000,0.0,0.0
2022-10-19 00:00:00-04:00,131.73316907721394,135.80739142500235,131.06900335762276,132.07020568847656,30691000,0.0,0.0
2022-10-20 00:00:00-04:00,131.7728319195805,135.57941606596407,130.1669389228935,130.38502502441406,26356300,0.0,0.0
2022-10-21 00:00:00-04:00,125.21043220829755,128.98726262746356,124.34801065222379,128.8782196044922,46348600,0.0,0.0
2022-10-24 00:00:00-04:00,126.14228991228431,132.3180535839191,123.48561898528632,128.59078979492188,63563400,0.0,0.0
2022-10-25 00:00:00-04:00,129.74068278951964,137.1456569846256,129.45319879479754,136.31295776367188,38433200,0.0,0.0
2022-10-26 00:00:00-04:00,130.53373583241475,134.37005828217548,127.41116221434199,128.68994140625,82791500,0.0,0.0
2022-10-27 00:00:00-04:00,97.12707030310553,101.60771958540467,95.54099253236453,97.08741760253906,232316600,0.0,0.0
2022-10-28 00:00:00-04:00,98.7131532212235,99.97209448364832,96.66117297131608,98.33645629882812,95928300,0.0,0.0
2022-10-31 00:00:00-04:00,97.36498697989708,98.45540986504903,91.7939068796394,92.34903717041016,121361400,0.0,0.0
2022-11-01 00:00:00-04:00,93.50884752374887,96.64133540102044,92.73563873008625,94.37126922607422,110189600,0.0,0.0
2022-11-02 00:00:00-04:00,93.38989699051638,94.37127688030247,89.69237103621083,89.75184631347656,71821100,0.0,0.0
2022-11-03 00:00:00-04:00,89.29584530810257,89.67253464279368,87.64038466059239,88.13603210449219,60664000,0.0,0.0
2022-11-04 00:00:00-04:00,89.56349972567841,90.59444741007951,87.32317095836484,89.99967193603516,55638100,0.0,0.0
2022-11-07 00:00:00-05:00,93.95492959844655,96.0366473799833,92.28955386062118,95.87804412841797,81987300,0.0,0.0
2022-11-08 00:00:00-05:00,95.08500329540075,96.94864251443767,93.96484280107093,95.63021850585938,52088300,0.0,0.0
2022-11-09 00:00:00-05:00,100.83450888217827,103.98682666795818,99.86303664453173,100.58668518066406,107677300,0.0,0.0
2022-11-10 00:00:00-05:00,106.18749852248179,111.76848535687554,103.69934653127113,110.89614868164062,80671000,0.0,0.0
2022-11-11 00:00:00-05:00,108.27913962176521,113.89977959725059,107.86279003756002,112.03614044189453,59961700,0.0,0.0
2022-11-14 00:00:00-05:00,110.02380723193426,115.25784254195601,109.83546636362014,113.22569274902344,53395000,0.0,0.0
2022-11-15 00:00:00-05:00,115.05958876518682,117.70634410360653,113.41404330659984,116.06079864501953,50670500,0.0,0.0
2022-11-16 00:00:00-05:00,113.50327262811443,115.06952047600194,111.67929353663554,112.24433135986328,33287800,0.0,0.0
2022-11-17 00:00:00-05:00,109.44887259042972,111.35215696681517,108.84418210163332,110.47981262207031,35093800,0.0,0.0
2022-11-18 00:00:00-05:00,112.80935085462384,113.32482082103698,109.65703309957749,111.0745849609375,33357700,0.0,0.0
2022-11-21 00:00:00-05:00,110.54920157215746,111.39180826964389,108.23949025208182,108.90365600585938,24351100,0.0,0.0
2022-11-22 00:00:00-05:00,108.90365433870404,110.64833541657183,107.37705934094218,110.46990203857422,29029000,0.0,0.0
2022-11-23 00:00:00-05:00,110.74745423549801,111.68918125303959,109.76607451912598,111.26292419433594,21343100,0.0,0.0
2022-11-25 00:00:00-05:00,110.33112724222208,111.74867927547221,110.05355831267225,110.44017028808594,12007600,0.0,0.0
2022-11-28 00:00:00-05:00,109.81564330754605,111.06467694794803,107.4365341325355,107.83305358886719,23309400,0.0,0.0
2022-11-29 00:00:00-05:00,108.5864465220532,109.97426092364222,107.59515160134391,108.50714111328125,23899200,0.0,0.0
2022-11-30 00:00:00-05:00,108.55670302333583,117.1314051371035,108.42782985029449,117.0719223022461,43348600,0.0,0.0
2022-12-01 00:00:00-05:00,118.16235226083045,120.14494211462276,117.36932085710157,119.39156341552734,36551400,0.0,0.0
2022-12-02 00:00:00-05:00,116.80427590530408,122.96021611715648,116.58618982465244,122.41500091552734,39950500,0.0,0.0
2022-12-05 00:00:00-05:00,120.69013891567629,123.58471784498659,120.29361949288526,121.36421966552734,35474900,0.0,0.0
2022-12-06 00:00:00-05:00,118.86616176085984,119.50058982068353,112.7498671658105,113.1265640258789,43689200,0.0,0.0
2022-12-07 00:00:00-05:00,112.76969886175841,114.87123900297024,111.89735459516106,112.93821716308594,29461100,0.0,0.0
2022-12-08 00:00:00-05:00,115.37681234494076,116.31853947098587,113.59247850687862,114.32604217529297,30619400,0.0,0.0
2022-12-09 00:00:00-05:00,114.29629973425023,116.5167980904086,112.8787477899795,114.89107513427734,26033400,0.0,0.0
2022-12-12 00:00:00-05:00,114.17735086937637,114.71265104161625,112.15510829524132,113.71144104003906,24747100,0.0,0.0
2022-12-13 00:00:00-05:00,121.06684756358977,122.22666838420444,117.60723036165444,119.10408782958984,44701100,0.0,0.0
2022-12-14 00:00:00-05:00,118.35069422268502,123.05934486705796,118.35069422268502,120.53153991699219,36922000,0.0,0.0
2022-12-15 00:00:00-05:00,117.29992387771452,117.59730780116884,113.01753033834721,115.13890075683594,34531000,0.0,0.0
2022-12-16 00:00:00-05:00,119.1833892878749,122.2365718354215,117.78565984708287,118.39035034179688,67064000,0.0,0.0
2022-12-19 00:00:00-05:00,115.81298573134167,116.77454300063903,113.33474846530926,113.48344421386719,29769900,0.0,0.0
2022-12-20 00:00:00-05:00,112.27407049744532,116.30864072561505,111.48103149570495,116.07072448730469,28742500,0.0,0.0
2022-12-21 00:00:00-05:00,115.68410844245172,119.29242116853779,114.61351572943319,118.71747589111328,20392800,0.0,0.0
2022-12-22 00:00:00-05:00,116.17975407839512,117.58739852154194,113.38430288746622,116.10045623779297,23618100,0.0,0.0
2022-12-23 00:00:00-05:00,115.01993880119159,117.15122421471159,114.53420644838265,117.01244354248047,17796600,0.0,0.0
2022-12-27 00:00:00-05:00,116.9034038330725,117.56756957808179,115.03977220793341,115.86254119873047,21392300,0.0,0.0
2022-12-28 00:00:00-05:00,115.23803848944327,117.12150041606034,114.50448234056431,114.613525390625,19612500,0.0,0.0
2022-12-29 00:00:00-05:00,115.38672820613152,119.97642088372568,114.76220757701917,119.21312713623047,22366200,0.0,0.0
2022-12-30 00:00:00-05:00,117.13141139747924,119.37173247171707,116.71506178314314,119.29242706298828,19583800,0.0,0.0
2023-01-03 00:00:00-05:00,121.75084455355073,125.26994462514445,121.21554437696301,123.65412902832031,35528500,0.0,0.0
2023-01-04 00:00:00-05:00,126.27113797211675,127.92660615490277,124.75445802924148,126.26123046875,32397100,0.0,0.0
2023-01-05 00:00:00-05:00,125.03201460904681,127.40121621871867,123.45585945423423,125.83496856689453,25447100,0.0,0.0
2023-01-06 00:00:00-05:00,127.84730565506447,129.1954673366725,124.94281126846515,128.88816833496094,27584500,0.0,0.0
2023-01-09 00:00:00-05:00,130.01826286252302,131.79267435307256,128.1546233214168,128.3429718017578,26649100,0.0,0.0
2023-01-10 00:00:00-05:00,126.16209066362623,132.27838555996667,126.04314012341165,131.83230590820312,28684400,0.0,0.0
2023-01-11 00:00:00-05:00,129.81999282847258,132.6848346183648,129.20537967608695,131.73318481445312,25423000,0.0,0.0
2023-01-12 00:00:00-05:00,132.27838952682893,136.48147008401705,130.6130062840878,135.51992797851562,30757700,0.0,0.0
2023-01-13 00:00:00-05:00,133.7950849290108,136.1940169703067,133.66621174104483,135.78758239746094,22423800,0.0,0.0
2023-01-17 00:00:00-05:00,134.99454040313262,135.55958579083892,133.08134839064078,134.1816864013672,21147600,0.0,0.0
2023-01-18 00:00:00-05:00,134.6277512663834,136.05521827168238,131.6439592108342,131.86204528808594,20215500,0.0,0.0
2023-01-19 00:00:00-05:00,131.3366700442586,136.25348440118418,130.98971077016242,134.9647979736328,28625200,0.0,0.0
2023-01-20 00:00:00-05:00,134.70706669654805,138.72181416630133,133.43821040315862,138.15676879882812,28688600,0.0,0.0
2023-01-23 00:00:00-05:00,138.07746248379212,142.50855197768175,137.45295697105522,142.0228271484375,27470100,0.0,0.0
2023-01-24 00:00:00-05:00,140.45657683585247,143.73776053550952,140.1294477036565,141.89395141601562,21970200,0.0,0.0
2023-01-25 00:00:00-05:00,139.9906728793258,141.92369499048152,139.088590852133,140.2682342529297,26622000,0.0,0.0
2023-01-26 00:00:00-05:00,143.14298160387807,146.22590943609623,142.05256625826522,146.0177459716797,25482100,0.0,0.0
2023-01-27 00:00:00-05:00,146.94955074370452,151.85645711696716,146.10694408954603,150.41908264160156,35771900,0.0,0.0
2023-01-30 00:00:00-05:00,148.1093800836338,149.80448595440728,145.67078788457044,145.7798309326172,28040100,0.0,0.0
2023-01-31 00:00:00-05:00,146.66206232671513,148.57526915219435,146.23581282407054,147.67318725585938,29842100,0.0,0.0
2023-02-01 00:00:00-05:00,146.74139116044864,152.24308119270972,145.77983384283002,151.78707885742188,55661000,0.0,0.0
2023-02-02 00:00:00-05:00,181.78366068183163,195.4437029742972,178.591689945036,187.12673950195312,150475700,0.0,0.0
2023-02-03 00:00:00-05:00,181.87287479600266,195.05709986672147,181.29792194431568,184.90623474121094,76809700,0.0,0.0
2023-02-06 00:00:00-05:00,184.9062632741274,189.03996179085743,183.90506072542962,184.4403533935547,42483800,0.0,0.0
2023-02-07 00:00:00-05:00,183.96450515195008,192.09312012094964,182.79476933118949,189.95191955566406,47080700,0.0,0.0
2023-02-08 00:00:00-05:00,188.34603637486495,189.16881298045985,181.3276664674653,181.83322143554688,36139100,0.0,0.0
2023-02-09 00:00:00-05:00,184.50975494418725,185.02521748633177,175.72688007965073,176.3712158203125,37118800,0.0,0.0
2023-02-10 00:00:00-05:00,174.81487904188006,177.33276168273383,171.84099404627764,172.63401794433594,33433600,0.0,0.0
2023-02-13 00:00:00-05:00,176.6685987535674,179.42439768472548,174.28949676835344,177.86805725097656,31463200,0.0,0.0
2023-02-14 00:00:00-05:00,175.61780626083268,179.92992995474845,174.34895001230046,177.9176025390625,24034600,0.0,0.0
2023-02-15 00:00:00-05:00,174.8842646131894,176.6388610238248,173.80375667779919,175.61782836914062,25308900,0.0,0.0
2023-02-16 00:00:00-05:00,171.2461875370984,174.3192076619539,170.29453781345282,170.9388885498047,25827500,0.0,0.0
2023-02-17 00:00:00-05:00,168.7382431130689,171.6724679643071,168.22276545640634,171.37509155273438,24171300,0.0,0.0
2023-02-21 00:00:00-05:00,172.7926146811642,176.61901366845885,170.3837752916554,170.58203125,34592600,0.0,0.0
2023-02-22 00:00:00-05:00,169.58081845166606,171.25609405423205,168.21282670866515,169.63037109375,22433200,0.0,0.0
2023-02-23 00:00:00-05:00,170.50271326007802,172.17800396749618,167.9055256077023,170.5423583984375,20017800,0.0,0.0
2023-02-24 00:00:00-05:00,167.17197219726032,169.2338674150604,166.20050742549483,168.90673828125,19791300,0.0,0.0
2023-02-27 00:00:00-05:00,170.3837742797613,171.61297028977367,167.58831536803652,168.0641326904297,19277000,0.0,0.0
2023-02-28 00:00:00-05:00,170.40358459714915,176.00440977021506,170.37384696069057,173.41712951660156,46051100,0.0,0.0
2023-03-01 00:00:00-05:00,173.0701524358075,176.30178310717199,171.54356512627285,171.91033935546875,30998400,0.0,0.0
2023-03-02 00:00:00-05:00,170.8794184422329,173.48651372435538,169.93767619340952,173.0106964111328,17352000,0.0,0.0
2023-03-03 00:00:00-05:00,177.36249126591966,184.9954593827126,175.50877454317353,183.63739013671875,45877700,0.0,0.0
2023-03-06 00:00:00-05:00,186.36344076544492,188.00899392583824,183.03268930417306,183.29042053222656,33209400,0.0,0.0
2023-03-07 00:00:00-05:00,187.35472794639318,188.7028895567601,182.4081611653204,182.90380859375,36701500,0.0,0.0
2023-03-08 00:00:00-05:00,181.27807709436618,183.64727108561956,179.7613972448921,183.35980224609375,19432400,0.0,0.0
2023-03-09 00:00:00-05:00,184.7278056589579,187.28533312080012,178.7304686513036,180.10836791992188,26582800,0.0,0.0
2023-03-10 00:00:00-05:00,179.43426888152695,183.16154706370955,177.24351581257753,177.94732666015625,25665000,0.0,0.0
2023-03-13 00:00:00-04:00,176.4108618038768,182.18019073857934,173.29819616275796,179.32525634765625,24728000,0.0,0.0
2023-03-14 00:00:00-04:00,185.94709789585886,192.62843092188572,184.93597286944848,192.33103942871094,41642600,0.0,0.0
2023-03-15 00:00:00-04:00,191.2703459570102,196.05830208974152,189.1787131345453,196.028564453125,42123600,0.0,0.0
2023-03-16 00:00:00-04:00,196.53410718154342,203.96881839258782,194.38299921959626,203.1460418701172,50447100,0.0,0.0
2023-03-17 00:00:00-04:00,198.81410277601756,200.14243431213578,193.72875509737597,193.90719604492188,50141100,0.0,0.0
2023-03-20 00:00:00-04:00,196.7521936752625,197.62453796620042,191.95433032702135,196.08802795410156,25186300,0.0,0.0
2023-03-21 00:00:00-04:00,201.4311323612343,201.77809164678217,196.22683383377986,200.4001922607422,31827000,0.0,0.0
2023-03-22 00:00:00-04:00,200.7372186543796,205.56482001084692,197.93185225263778,198.0706329345703,28477800,0.0,0.0
2023-03-23 00:00:00-04:00,201.07422684142568,206.0703609359866,200.39023103226907,202.50169372558594,27389700,0.0,0.0
2023-03-24 00:00:00-04:00,203.39389815045016,205.77301519457242,201.7780976074665,204.2166748046875,27716400,0.0,0.0
2023-03-27 00:00:00-04:00,203.02708597881872,204.06794854611732,199.6071219370876,201.07423400878906,18527200,0.0,0.0
2023-03-28 00:00:00-04:00,198.40768980699244,199.28003425436725,196.177276038923,198.93307495117188,19127300,0.0,0.0
2023-03-29 00:00:00-04:00,201.7879972778657,203.92919799665844,200.7768721952202,203.5624237060547,18851100,0.0,0.0
2023-03-30 00:00:00-04:00,201.60956435729426,206.27855492955837,201.0544416258621,206.03073120117188,22608300,0.0,0.0
2023-03-31 00:00:00-04:00,205.43596391529096,210.3230405925682,204.97005409451702,210.0950469970703,25440300,0.0,0.0
2023-04-03 00:00:00-04:00,207.02203663171613,211.63156728945143,206.38760845985527,211.21522521972656,17924600,0.0,0.0
2023-04-04 00:00:00-04:00,211.53240612071065,214.35760247602127,210.6897994530681,212.850830078125,21026400,0.0,0.0
2023-04-05 00:00:00-04:00,212.2857781628593,213.31673323896115,208.11243547048335,209.63902282714844,19396600,0.0,0.0
2023-04-06 00:00:00-04:00,207.42846519605177,215.0515256680938,206.83368218453202,214.21884155273438,26104400,0.0,0.0
2023-04-10 00:00:00-04:00,212.84092431935147,213.78265140351988,208.82617714372924,212.8805694580078,16106100,0.0,0.0
2023-04-11 00:00:00-04:00,213.60420359135924,214.13951126472867,211.55223117933252,211.9884033203125,16710100,0.0,0.0
2023-04-12 00:00:00-04:00,212.96978427260183,214.95237399428152,210.7294633324491,212.13710021972656,18972200,0.0,0.0
2023-04-13 00:00:00-04:00,213.85206116832398,219.22487812893516,213.81241602466395,218.43185424804688,23310400,0.0,0.0
2023-04-14 00:00:00-04:00,215.9832998224045,220.1764722796933,215.6561707475866,219.56187438964844,21591200,0.0,0.0
2023-04-17 00:00:00-04:00,217.87670046778837,219.0563438246389,215.23986751678353,216.95480346679688,15481900,0.0,0.0
2023-04-18 00:00:00-04:00,217.99566024521894,218.52104532046772,214.32787222191163,215.9932403564453,12281000,0.0,0.0
2023-04-19 00:00:00-04:00,211.61169776107383,215.43809621446016,211.07639010968043,213.82228088378906,15898100,0.0,0.0
2023-04-20 00:00:00-04:00,211.6216446591975,214.86318342643628,210.91783370536288,211.21522521972656,16475400,0.0,0.0
2023-04-21 00:00:00-04:00,208.3800955053103,211.55223597623976,207.7555749142046,211.03675842285156,17717200,0.0,0.0
2023-04-24 00:00:00-04:00,211.81987387171196,212.05779007834377,208.8757421166724,210.9376220703125,15750900,0.0,0.0
2023-04-25 00:00:00-04:00,208.9847941119795,209.42095115389515,205.32691358025164,205.74325561523438,19198200,0.0,0.0
2023-04-26 00:00:00-04:00,210.65015322914314,212.24613852452936,207.0616707532641,207.57713317871094,41992700,0.0,0.0
2023-04-27 00:00:00-04:00,237.80173090551267,239.58606473531918,234.7088956844878,236.48330688476562,71196500,0.0,0.0
2023-04-28 00:00:00-04:00,236.92935745451584,238.33699421233845,233.69774195072233,238.22796630859375,39554000,0.0,0.0
2023-05-01 00:00:00-04:00,236.54277763553986,241.87594888989452,234.4015922066699,241.06307983398438,29143900,0.0,0.0
2023-05-02 00:00:00-04:00,241.06306805133124,242.78792649051843,236.90955544437884,237.15737915039062,24350100,0.0,0.0
2023-05-03 00:00:00-04:00,237.38537558955068,239.6455266055783,230.7238730814823,234.96661376953125,34463900,0.0,0.0
2023-05-04 00:00:00-04:00,234.00508036001702,236.126450919723,230.9023223675368,231.48719787597656,17889400,0.0,0.0
2023-05-05 00:00:00-04:00,230.21832376395497,232.63707051688766,227.84912965326185,230.7536163330078,27000500,0.0,0.0
2023-05-08 00:00:00-04:00,229.40546301604877,233.56889855403585,228.26547993603842,231.23936462402344,16400500,0.0,0.0
2023-05-09 00:00:00-04:00,229.44510882268386,233.82663017174102,229.06841194563827,231.33847045898438,16865600,0.0,0.0
2023-05-10 00:00:00-04:00,234.11409218905428,234.68904499084164,228.71153852913469,231.05099487304688,19119000,0.0,0.0
2023-05-11 00:00:00-04:00,231.02125814556425,236.13634298764202,230.27778703919103,233.73739624023438,20449000,0.0,0.0
2023-05-12 00:00:00-04:00,234.67916012630428,234.89724621443213,229.43520163353872,231.774658203125,16161400,0.0,0.0
2023-05-15 00:00:00-04:00,234.8575861552915,238.16850749476043,233.2814308927608,236.78070068359375,20653200,0.0,0.0
2023-05-16 00:00:00-04:00,233.73740578256724,237.55389700147478,233.46976706403657,236.7410430908203,18163800,0.0,0.0
2023-05-17 00:00:00-04:00,236.37426476658152,241.71734364737938,236.06696576918233,240.3791046142578,21193100,0.0,0.0
2023-05-18 00:00:00-04:00,239.19946679482555,244.93905771597244,239.09042374878152,244.70115661621094,22943300,0.0,0.0
2023-05-19 00:00:00-04:00,245.31574994768903,246.52513093495048,241.29109507655596,243.50167846679688,21733600,0.0,0.0
2023-05-22 00:00:00-04:00,243.2736839367334,251.36265391430516,242.98619994649877,246.15835571289062,27738500,0.0,0.0
2023-05-23 00:00:00-04:00,244.66148482629066,249.41970323490676,244.50287401661294,244.59210205078125,17748100,0.0,0.0
2023-05-24 00:00:00-04:00,243.1447918766224,247.41727012429223,242.81766277139562,247.04058837890625,17724300,0.0,0.0
2023-05-25 00:00:00-04:00,251.19410627565514,253.3947820293933,247.00093333989307,250.49029541015625,22371400,0.0,0.0
2023-05-26 00:00:00-04:00,250.7281698558531,260.0265193027739,250.510098930214,259.7588806152344,25727200,0.0,0.0
2023-05-30 00:00:00-04:00,262.94089482932094,266.31129044687356,259.01537665132014,260.2346496582031,23816500,0.0,0.0
2023-05-31 00:00:00-04:00,257.7366752187053,262.6931497421419,256.2001802172078,262.41558837890625,25473700,0.0,0.0
2023-06-01 00:00:00-04:00,263.5852973969688,271.6147918186333,263.5754050196668,270.23687744140625,25609500,0.0,0.0
2023-06-02 00:00:00-04:00,270.2864603355899,272.9530459308971,268.7598577796487,270.23687744140625,19416900,0.0,0.0
2023-06-05 00:00:00-04:00,267.9469584402539,273.17110112649306,267.2134100069179,269.0274963378906,20742900,0.0,0.0
2023-06-06 00:00:00-04:00,267.7883467631581,274.1623639948797,267.3422520774042,268.7597961425781,19419000,0.0,0.0
2023-06-07 00:00:00-04:00,269.30508506477685,271.8626124655505,260.5122743384185,261.3053283691406,26163600,0.0,0.0
2023-06-08 00:00:00-04:00,258.35124499287787,265.32004620136956,256.6264017277857,262.2767639160156,20899400,0.0,0.0
2023-06-09 00:00:00-04:00,260.1950856912926,265.61746978448156,259.42187691072445,262.6435852050781,16949800,0.0,0.0
2023-06-12 00:00:00-04:00,264.8442916334225,269.3844093055368,263.0202822587517,268.69049072265625,15442500,0.0,0.0
2023-06-13 00:00:00-04:00,272.48707534409783,273.3197592110424,266.74747091089904,268.95806884765625,16164000,0.0,0.0
2023-06-14 00:00:00-04:00,269.5232072981204,272.5961975421648,265.98427695032746,270.9704895019531,19175100,0.0,0.0
2023-06-15 00:00:00-04:00,269.9296375853969,281.51787946508557,269.0573233285459,279.3766784667969,25973500,0.0,0.0
2023-06-16 00:00:00-04:00,282.2712193553558,285.3442395585109,277.6914418131458,278.5538635253906,43127700,0.0,0.0
2023-06-20 00:00:00-04:00,276.3036313019316,282.3207681995998,273.81547148594564,281.8548583984375,20701600,0.0,0.0
2023-06-21 00:00:00-04:00,281.06182497496616,281.52773476017416,275.93681733767835,279.18829345703125,20556200,0.0,0.0
2023-06-22 00:00:00-04:00,276.6505570919048,282.77678233751567,275.3718084998464,282.40008544921875,17563100,0.0,0.0
2023-06-23 00:00:00-04:00,279.05946272124834,287.1484334816398,276.52174996331246,286.21661376953125,51092000,0.0,0.0
2023-06-26 00:00:00-04:00,286.18682475251495,287.2673324689784,275.18344627250076,276.0458679199219,24232700,0.0,0.0
2023-06-27 00:00:00-04:00,279.55504367467665,286.83114354969996,278.20686707622247,284.5511474609375,26108300,0.0,0.0
2023-06-28 00:00:00-04:00,282.340639228578,287.02944505240964,281.5872453744649,282.8065490722656,16722100,0.0,0.0
2023-06-29 00:00:00-04:00,282.02346291533763,284.07545108347927,278.24663091121255,279.0793151855469,15395700,0.0,0.0
2023-06-30 00:00:00-04:00,282.2811357109331,286.53376890451335,281.9440990867374,284.4818115234375,19694900,0.0,0.0
2023-07-03 00:00:00-04:00,284.2043160589329,286.8807946663651,282.37041408136747,283.53021240234375,8629300,0.0,0.0
2023-07-05 00:00:00-04:00,285.14596189605084,295.52482034373986,283.8671830495328,291.8074645996094,33865500,0.0,0.0
2023-07-06 00:00:00-04:00,293.31431722052633,295.5248858988363,288.7741687901645,289.4482421875,47600500,0.0,0.0
2023-07-07 00:00:00-04:00,289.63657680646963,293.6216022185909,286.1472291650395,288.0009460449219,25586000,0.0,0.0
2023-07-10 00:00:00-04:00,292.97721550858023,295.53477346549835,284.5512082858447,291.53985595703125,37058300,0.0,0.0
2023-07-11 00:00:00-04:00,291.3415603139649,297.56689097448395,289.35897054625923,295.693359375,27585900,0.0,0.0
2023-07-12 00:00:00-04:00,299.1232312229929,306.75621392994793,297.48760071490796,306.64715576171875,36677100,0.0,0.0
2023-07-13 00:00:00-04:00,310.88989563213556,313.4870833791565,307.58889699038366,310.6817321777344,30281000,0.0,0.0
2023-07-14 00:00:00-04:00,309.0758382489042,312.13893578938223,304.68437895121997,306.1812438964844,23054100,0.0,0.0
2023-07-17 00:00:00-04:00,304.8628406574557,308.9965234309528,302.05745916188715,307.916015625,25323100,0.0,0.0
2023-07-18 00:00:00-04:00,308.1737286500036,311.46483460786504,304.94209795929135,309.3335266113281,20731900,0.0,0.0
2023-07-19 00:00:00-04:00,310.3050247039344,315.90583453833557,307.81686495769065,313.25909423828125,21763700,0.0,0.0
2023-07-20 00:00:00-04:00,310.77096502311366,312.7932151799263,299.5891592620239,299.88653564453125,23836900,0.0,0.0
2023-07-21 00:00:00-04:00,301.9187041196789,302.80094087646535,288.665095744608,291.6984558105469,42139300,0.0,0.0
2023-07-24 00:00:00-04:00,293.2052158926609,294.93005940617286,285.7903188571034,289.0715026855469,24915700,0.0,0.0
2023-07-25 00:00:00-04:00,292.6203803553864,295.70329335700313,289.3193509866379,291.9066467285156,19585600,0.0,0.0
2023-07-26 00:00:00-04:00,298.56813525384524,299.1430730271776,289.3589964867336,295.970947265625,47256900,0.0,0.0
2023-07-27 00:00:00-04:00,322.28975724084523,322.5177659332042,307.14277406177325,308.9964904785156,64229200,0.0,0.0
2023-07-28 00:00:00-04:00,314.12152548725567,323.3604010020382,311.51441512024616,322.64666748046875,39220300,0.0,0.0
2023-07-31 00:00:00-04:00,320.87225613271846,322.8251083416329,314.8253510504006,315.8265686035156,25799600,0.0,0.0
2023-08-01 00:00:00-04:00,314.77580936288706,321.3183621345962,311.92087504418333,319.9007873535156,22817900,0.0,0.0
2023-08-02 00:00:00-04:00,315.2317943629233,315.61841391466794,307.94577042396213,311.57391357421875,20461100,0.0,0.0
2023-08-03 00:00:00-04:00,307.23199229520856,313.1996063950057,307.23199229520856,310.463623046875,15180200,0.0,0.0
2023-08-04 00:00:00-04:00,312.21821272193796,315.6381920030264,307.4996698792332,308.0250549316406,17612800,0.0,0.0
2023-08-07 00:00:00-04:00,310.5033526725311,314.3099219517989,307.75744608231275,313.8043518066406,16236500,0.0,0.0
2023-08-08 00:00:00-04:00,311.6630848225731,315.12272430973746,307.41042158153704,309.9184265136719,15183500,0.0,0.0
2023-08-09 00:00:00-04:00,310.1563455945085,310.89981675139177,300.21365919986573,302.5531005859375,19955800,0.0,0.0
2023-08-10 00:00:00-04:00,305.2593520785052,309.6210435617212,301.22477459946464,303.0784912109375,14358900,0.0,0.0
2023-08-11 00:00:00-04:00,299.93608761646493,302.0673654764671,297.745304234176,299.0141906738281,14046300,0.0,0.0
2023-08-14 00:00:00-04:00,298.35992905267074,303.5443816563155,295.65368327400716,303.5245666503906,15641900,0.0,0.0
2023-08-15 00:00:00-04:00,303.4750306746695,304.5555384693023,297.4182031951271,299.3215026855469,11623600,0.0,0.0
2023-08-16 00:00:00-04:00,297.58676745772937,298.45908163543555,291.718287818725,291.72821044921875,18547700,0.0,0.0
2023-08-17 00:00:00-04:00,290.49894440443103,293.47282896172703,282.4694803012663,282.6082458496094,23950100,0.0,0.0
2023-08-18 00:00:00-04:00,276.60100568899685,283.20303313726754,271.9914906051631,280.7842712402344,35347900,0.0,0.0
2023-08-21 00:00:00-04:00,280.9825396079064,287.97115625621416,279.396461784683,287.3763732910156,20181500,0.0,0.0
2023-08-22 00:00:00-04:00,290.0033274305193,290.35028671568716,284.2538287834448,285.096435546875,12980200,0.0,0.0
2023-08-23 00:00:00-04:00,285.98853614980663,294.8110533983258,285.1657748159202,291.6785583496094,18287000,0.0,0.0
2023-08-24 00:00:00-04:00,295.90146632306767,296.8531007592996,284.1447257666273,284.2537536621094,18360900,0.0,0.0
2023-08-25 00:00:00-04:00,283.6391995492964,285.8795355852113,273.6271155393811,283.0146789550781,23701400,0.0,0.0
2023-08-28 00:00:00-04:00,285.4929098624364,288.9128891125971,283.3120491446648,287.7332458496094,14239300,0.0,0.0
2023-08-29 00:00:00-04:00,286.0679062380191,296.5459019579426,285.6713942766928,295.39599609375,20844500,0.0,0.0
2023-08-30 00:00:00-04:00,294.58308487968134,295.69333019974454,290.875621808572,292.5310974121094,17717000,0.0,0.0
2023-08-31 00:00:00-04:00,293.22505736284154,298.4789391656425,293.086291789836,293.3143005371094,17229900,0.0,0.0
2023-09-01 00:00:00-04:00,296.7639806937551,299.1133450144046,291.90664122148576,293.8000183105469,12842300,0.0,0.0
2023-09-05 00:00:00-04:00,294.43438220602286,298.7663660643128,292.9375475703508,297.5371398925781,14956000,0.0,0.0
2023-09-06 00:00:00-04:00,299.0835715746785,300.65972681313633,293.08624961534355,296.5657043457031,15418100,0.0,0.0
2023-09-07 00:00:00-04:00,295.4058570001141,304.37706303978695,289.67617413817516,296.0700378417969,33748700,0.0,0.0
2023-09-08 00:00:00-04:00,296.6152840075846,302.5927915043755,294.19652184534834,295.296875,17548000,0.0,0.0
2023-09-11 00:00:00-04:00,298.78617236239313,306.3497566042671,298.6572991967648,304.88262939453125,19489300,0.0,0.0
2023-09-12 00:00:00-04:00,303.6632954224195,305.97302903945666,297.61642188859025,299.0339660644531,13480400,0.0,0.0
2023-09-13 00:00:00-04:00,299.7278803744034,304.5059285575894,298.6969555666473,302.4043884277344,13210900,0.0,0.0
2023-09-14 00:00:00-04:00,304.0698098777926,310.146452893405,302.3747039470629,309.0064697265625,19343100,0.0,0.0
2023-09-15 00:00:00-04:00,308.89739058049656,309.2840101140606,296.14935263325515,297.6957702636719,28131100,0.0,0.0
2023-09-18 00:00:00-04:00,295.59425860219534,300.9571681848217,295.2076390310998,299.9162902832031,14234200,0.0,0.0
2023-09-19 00:00:00-04:00,299.8469173004536,303.50479820729083,297.2001463854222,302.41436767578125,15924400,0.0,0.0
2023-09-20 00:00:00-04:00,302.39448120124234,305.3782883735429,296.8234089972703,297.06134033203125,19379500,0.0,0.0
2023-09-21 00:00:00-04:00,293.1259020127335,297.64620415124955,290.7170325130372,293.1556396484375,21319600,0.0,0.0
2023-09-22 00:00:00-04:00,296.6945570394368,302.7216470856656,295.6735244833445,296.4764709472656,25369600,0.0,0.0
2023-09-25 00:00:00-04:00,293.06638980081726,298.33016242036194,291.1432755959158,298.211181640625,18987000,0.0,0.0
2023-09-26 00:00:00-04:00,295.06887254949135,297.6858756115671,293.43324185420363,296.3575439453125,19417200,0.0,0.0
2023-09-27 00:00:00-04:00,297.83453247540683,298.67710884740836,284.29344198108106,295.1481018066406,36429800,0.0,0.0
2023-09-28 00:00:00-04:00,296.3377057544672,303.6633594810206,294.1172148146599,301.3139953613281,22167100,0.0,0.0
2023-09-29 00:00:00-04:00,304.704216042569,307.93584693640213,296.75401197888146,297.59661865234375,25373700,0.0,0.0
2023-10-02 00:00:00-04:00,300.1046087482149,304.50596053027635,299.0042859286593,304.14910888671875,16265600,0.0,0.0
2023-10-03 00:00:00-04:00,301.61138822655596,304.0995177904984,297.03161074620874,298.3202819824219,17362300,0.0,0.0
2023-10-04 00:00:00-04:00,296.1295154558936,304.2283772759008,295.9015067543039,302.91986083984375,16880500,0.0,0.0
2023-10-05 00:00:00-04:00,301.97816897158543,303.54440159622794,296.89282131542484,302.13677978515625,19130000,0.0,0.0
2023-10-06 00:00:00-04:00,298.81593709513936,313.5564874187688,298.2905520081828,312.68414306640625,21803900,0.0,0.0
2023-10-09 00:00:00-04:00,309.7796795347402,317.541505874317,309.1056062125338,315.5886535644531,22503700,0.0,0.0
2023-10-10 00:00:00-04:00,316.34206740226483,321.8338503783934,315.3904326371778,319.03839111328125,19038000,0.0,0.0
2023-10-11 00:00:00-04:00,320.19815236923245,325.97738791097737,320.13867709965075,324.9662780761719,22036300,0.0,0.0
2023-10-12 00:00:00-04:00,325.1447032712535,327.66260060248845,319.88093015978995,321.338134765625,20530500,0.0,0.0
2023-10-13 00:00:00-04:00,320.71363525767725,322.22039260310345,309.65078063069194,311.9505920410156,21341000,0.0,0.0
2023-10-16 00:00:00-04:00,315.86624034074185,319.01855105073963,312.77337465622486,318.3543701171875,16536100,0.0,0.0
2023-10-17 00:00:00-04:00,315.4102515003437,321.5761079165688,314.5379070167223,321.1795959472656,16387800,0.0,0.0
2023-10-18 00:00:00-04:00,318.5922912851323,323.1026711047013,312.81302491646005,314.21075439453125,16851000,0.0,0.0
2023-10-19 00:00:00-04:00,317.09537533508325,319.08788750004817,309.03614402821887,310.0869140625,18709200,0.0,0.0
2023-10-20 00:00:00-04:00,311.4053948634876,312.5552703274842,303.80214965849547,305.9631652832031,22312300,0.0,0.0
2023-10-23 00:00:00-04:00,306.80583027519367,314.5973951596428,304.5853389547874,311.2765808105469,17796800,0.0,0.0
2023-10-24 00:00:00-04:00,314.0223812193745,315.5787213935738,307.9259239452391,309.8291931152344,19525500,0.0,0.0
2023-10-25 00:00:00-04:00,307.3014047174126,308.1737490291754,296.2385505173556,296.92254638671875,42192500,0.0,0.0
2023-10-26 00:00:00-04:00,292.4319477072552,292.4319477072552,276.96774374421744,285.83984375,66684100,0.0,0.0
2023-10-27 00:00:00-04:00,291.9165286472556,296.70446963131815,290.41966369017985,294.1469421386719,29596300,0.0,0.0
2023-10-30 00:00:00-04:00,296.4863994004334,306.7066477918955,296.4467391323724,300.02532958984375,28435100,0.0,0.0
2023-10-31 00:00:00-04:00,300.66971139207175,301.03648573514215,294.2758459594337,298.6474609375,19434200,0.0,0.0
2023-11-01 00:00:00-04:00,299.222366123352,310.0175516552152,299.222366123352,309.13531494140625,20434600,0.0,0.0
2023-11-02 00:00:00-04:00,314.537867992154,316.04465564125337,305.64595129379006,308.1638488769531,21631800,0.0,0.0
2023-11-03 00:00:00-04:00,309.8292467333952,312.8031317965931,308.3125665612412,311.8614196777344,16764300,0.0,0.0
2023-11-06 00:00:00-05:00,313.2294204557408,315.5589396192179,311.7127402409348,313.05096435546875,12887700,0.0,0.0
2023-11-07 00:00:00-05:00,314.2999888616323,318.2056935641624,312.37687415015614,316.044677734375,14055600,0.0,0.0
2023-11-08 00:00:00-05:00,315.3705386153294,318.5327411596939,312.138907923376,316.9962463378906,13609700,0.0,0.0
2023-11-09 00:00:00-05:00,316.6394446432929,321.35798801019484,316.0248163657783,317.75958251953125,16103100,0.0,0.0
2023-11-10 00:00:00-05:00,317.1548694871678,326.23513373605715,316.67903707934255,325.9079895019531,19096200,0.0,0.0
2023-11-13 00:00:00-05:00,323.36037901996815,329.4369907917262,322.8647316151257,326.3243408203125,16908900,0.0,0.0
2023-11-14 00:00:00-05:00,331.62774345842996,335.15675023465667,330.42825506817,333.38232421875,17179400,0.0,0.0
2023-11-15 00:00:00-05:00,334.98831233456497,335.4542221949826,327.14716524859887,329.8137512207031,14531200,0.0,0.0
2023-11-16 00:00:00-05:00,326.5028044744622,331.667442561079,323.5388423305294,331.2808532714844,18932600,0.0,0.0
2023-11-17 00:00:00-05:00,327.38505530805384,332.5794307757708,326.4829733409951,332.1234436035156,14494400,0.0,0.0
2023-11-20 00:00:00-05:00,331.97470365714753,338.8939214489306,331.280785251639,337.0104675292969,16960500,0.0,0.0
2023-11-21 00:00:00-05:00,335.38476311199616,336.94110323972745,332.97592396005564,334.0465393066406,12027900,0.0,0.0
2023-11-22 00:00:00-05:00,336.25712187256374,339.9348475941971,335.6326012688178,338.51727294921875,10702700,0.0,0.0
2023-11-24 00:00:00-05:00,337.1691599420157,338.8840808634013,333.83839314189083,335.28570556640625,5467500,0.0,0.0
2023-11-27 00:00:00-05:00,333.25353518012435,336.94115367224947,331.290790504135,331.78643798828125,15684500,0.0,0.0
2023-11-28 00:00:00-05:00,330.4977274078799,336.42568204806275,330.4977274078799,336.0390625,12637200,0.0,0.0
2023-11-29 00:00:00-05:00,336.7329865734287,336.94115004399055,327.90054487082136,329.3081970214844,16024500,0.0,0.0
2023-11-30 00:00:00-05:00,329.0008205525319,330.59679053765694,319.5934130480897,324.30206298828125,23146400,0.0,0.0
2023-12-01 00:00:00-05:00,322.64665935567007,324.0146208399716,317.96774644363103,321.9924011230469,15276400,0.0,0.0
2023-12-04 00:00:00-05:00,314.52800636018907,318.0669066013097,310.9296005859111,317.2342224121094,19037100,0.0,0.0
2023-12-05 00:00:00-05:00,316.2032524808111,319.078001589407,312.644507483201,315.5192565917969,16952100,0.0,0.0
2023-12-06 00:00:00-05:00,319.12753540502547,319.4447570091409,314.2801194470397,314.6865539550781,11294300,0.0,0.0
2023-12-07 00:00:00-05:00,315.0038103812717,325.38267054190237,315.0038103812717,323.7470397949219,15905100,0.0,0.0
2023-12-08 00:00:00-05:00,320.27748073816616,330.26975074319756,320.18826782318274,329.8533935546875,14087400,0.0,0.0
2023-12-11 00:00:00-05:00,326.53249390387987,327.01824891652325,317.2143290387498,322.4483642578125,25802500,0.0,0.0
2023-12-12 00:00:00-05:00,321.77432544730783,331.55840111361704,321.73466518140424,331.3105773925781,18485500,0.0,0.0
2023-12-13 00:00:00-05:00,331.02310334456655,335.4244551825213,329.74435468699323,331.8260498046875,16353300,0.0,0.0
2023-12-14 00:00:00-05:00,330.9437875845794,331.7863942469266,325.77914995119795,330.26971435546875,19607300,0.0,0.0
2023-12-15 00:00:00-05:00,329.0999691679317,335.7119191603619,328.33668302041815,332.0044860839844,31776900,0.0,0.0
2023-12-18 00:00:00-05:00,334.54222603722934,344.53446568560287,334.08620858508846,341.62005615234375,18993900,0.0,0.0
2023-12-19 00:00:00-05:00,342.5716401904211,350.52184376682237,342.1156530575935,347.3100280761719,17729400,0.0,0.0
2023-12-20 00:00:00-05:00,345.6149203637917,351.8699880301821,344.7624213705391,346.23944091796875,16369900,0.0,0.0
2023-12-21 00:00:00-05:00,349.90727608593943,353.30741024884486,346.17007504363573,351.0075988769531,15289600,0.0,0.0
2023-12-22 00:00:00-05:00,352.4846594181729,354.0905827144297,348.16262778042943,350.3137512207031,11772800,0.0,0.0
2023-12-26 00:00:00-05:00,351.8997607137992,353.8724581015916,350.3731883758891,351.74114990234375,9898600,0.0,0.0
2023-12-27 00:00:00-05:00,352.9703684711443,355.87485515386163,352.21697469605425,354.71502685546875,13207900,0.0,0.0
2023-12-28 00:00:00-05:00,356.5687975042497,358.7496281934857,354.69523557044886,355.2008056640625,11798800,0.0,0.0
2023-12-29 00:00:00-05:00,355.8649660737051,356.8661836584728,348.7573981902497,350.8787536621094,14987100,0.0,0.0
2024-01-02 00:00:00-05:00,348.2616937741124,350.0856725621482,337.05015209068665,343.2754821777344,19042200,0.0,0.0
2024-01-03 00:00:00-05:00,341.97691405684844,344.92106102147176,340.192565145366,341.4713439941406,15451100,0.0,0.0
2024-01-04 00:00:00-05:00,341.50104862415935,345.11926848808156,340.41061832562946,344.0982360839844,12099900,0.0,0.0
2024-01-05 00:00:00-05:00,343.96935620150776,350.422694715495,343.24573039401395,348.8861999511719,13920700,0.0,0.0
2024-01-08 00:00:00-05:00,351.61232236037006,355.85506343366256,348.9853666048785,355.537841796875,13890200,0.0,0.0
2024-01-09 00:00:00-05:00,353.2974794746207,357.50059022164334,352.2665243572093,354.3185119628906,13463900,0.0,0.0
2024-01-10 00:00:00-05:00,357.03470018708344,369.6935252666552,355.95416211609205,367.2450256347656,22117200,0.0,0.0
2024-01-11 00:00:00-05:00,368.8906035328076,369.53493921555446,359.77067767079683,366.4520263671875,17205400,0.0,0.0
2024-01-12 00:00:00-05:00,366.9377174545656,373.7776460956339,366.32311946752475,371.2300109863281,19310000,0.0,0.0
2024-01-16 00:00:00-05:00,370.39737960399464,372.34030938016446,364.03328249207794,364.2612609863281,15306900,0.0,0.0
2024-01-17 00:00:00-05:00,363.1112814992652,365.3318024736922,355.48822189160364,365.16326904296875,12724800,0.0,0.0
2024-01-18 00:00:00-05:00,368.25612070140227,373.5694769229854,367.7208432542545,372.8557434082031,16354300,0.0,0.0
2024-01-19 00:00:00-05:00,375.70081608354707,381.01414291937266,374.6797834135025,380.1120910644531,21670800,0.0,0.0
2024-01-22 00:00:00-05:00,384.57293847737236,386.95204061954786,377.8420364120476,378.4566345214844,17680500,0.0,0.0
2024-01-23 00:00:00-05:00,381.2718033118794,384.9990814617669,378.75390603497135,381.8467712402344,15506100,0.0,0.0
2024-01-24 00:00:00-05:00,386.60500116462015,392.70145859414,384.4340629686961,387.2989196777344,15698500,0.0,0.0
2024-01-25 00:00:00-05:00,386.7735471204069,392.047213033443,382.302797409854,389.75732421875,15091100,0.0,0.0
2024-01-26 00:00:00-05:00,390.91717836621734,393.33594051871705,388.18119456212906,390.7090148925781,13163700,0.0,0.0
2024-01-29 00:00:00-05:00,391.55154595567524,399.422429541813,389.6780144066085,397.529052734375,18742400,0.0,0.0
2024-01-30 00:00:00-05:00,400.0767235620257,402.82259967131563,396.0917287704335,396.57745361328125,18614700,0.0,0.0
2024-01-31 00:00:00-05:00,385.6137142301989,394.53536828693876,383.7302599797155,386.7438049316406,20180800,0.0,0.0
2024-02-01 00:00:00-05:00,390.5106692838904,397.0135606410284,389.6284024059907,391.3433532714844,29727100,0.0,0.0
2024-02-02 00:00:00-05:00,455.59912098341835,481.72963881592403,449.0664915252919,470.8551330566406,84707600,0.0,0.0
2024-02-05 00:00:00-05:00,465.78959358537116,467.7919981396143,455.22238765663445,455.4107360839844,40832400,0.0,0.0
2024-02-06 00:00:00-05:00,459.9607805632987,463.053615454366,449.0565379206343,450.7615661621094,21655200,0.0,0.0
2024-02-07 00:00:00-05:00,454.0130922939199,467.4153892805509,452.2089282038192,465.502197265625,23066000,0.0,0.0
2024-02-08 00:00:00-05:00,464.24323169322327,466.49346021033546,460.98186302371124,465.9085998535156,18815100,0.0,0.0
2024-02-09 00:00:00-05:00,468.8329280456372,469.4673410411531,463.4006211841716,464.0350341796875,18413100,0.0,0.0
2024-02-12 00:00:00-05:00,464.1143653554513,474.9789490756288,462.5183648227148,464.81817626953125,19382000,0.0,0.0
2024-02-13 00:00:00-05:00,452.89291546087304,463.8170050865518,451.1284116736069,456.1146240234375,20916600,0.0,0.0
2024-02-14 00:00:00-05:00,463.8566307551382,469.98282618084056,462.0326517085822,469.1600646972656,16858400,0.0,0.0
2024-02-15 00:00:00-05:00,471.1426369454391,484.3665072274175,468.1092769839316,479.81646728515625,24212300,0.0,0.0
2024-02-16 00:00:00-05:00,473.94801862403494,474.79062539009806,465.1254995337819,469.1997375488281,23324600,0.0,0.0
2024-02-20 00:00:00-05:00,465.63101374806274,472.03476994795795,462.49851842146023,467.6433410644531,18015500,0.0,0.0
2024-02-21 00:00:00-05:00,462.92970889465835,465.41057550181085,458.25576468630754,464.447998046875,12921800,0.5,0.0
2024-02-22 00:00:00-05:00,476.5645485214587,486.23992842019754,472.41654676636847,482.40948486328125,21625800,0.0,0.0
2024-02-23 00:00:00-05:00,484.31475349723246,490.57645821723105,478.658395960272,480.3255310058594,18374300,0.0,0.0
2024-02-26 00:00:00-05:00,479.76987131875444,482.41945039379345,476.921841069552,478.0531005859375,12101400,0.0,0.0
2024-02-27 00:00:00-05:00,476.30655049389355,483.5407356847416,476.2470121182993,483.3224182128906,10809600,0.0,0.0
2024-02-28 00:00:00-05:00,481.28815398786173,487.29183946523705,479.05537389204176,480.3156433105469,12715500,0.0,0.0
2024-02-29 00:00:00-05:00,484.70180744595217,487.93686726454155,478.91640943030325,486.3788757324219,17732000,0.0,0.0
2024-03-01 00:00:00-05:00,488.34364423218267,500.3907458373548,488.085654723343,498.4556579589844,16273600,0.0,0.0
2024-03-04 00:00:00-05:00,499.1504132084591,500.5595589126642,492.62078494513406,494.3772277832031,12324100,0.0,0.0
2024-03-05 00:00:00-05:00,491.2115858850194,491.7871336101802,484.15601582408954,486.4681701660156,15325300,0.0,0.0
2024-03-06 00:00:00-05:00,493.8214963331061,499.12062411100493,490.5070619679342,492.29327392578125,11757900,0.0,0.0
2024-03-07 00:00:00-05:00,499.428267454864,515.871429965554,497.5428147005372,508.27008056640625,18586400,0.0,0.0
2024-03-08 00:00:00-05:00,510.25480888657324,519.5630268140114,495.52838585361917,502.077880859375,18597100,0.0,0.0
2024-03-11 00:00:00-04:00,493.2062214717345,493.51384651254926,472.3570085263561,479.888916015625,20428300,0.0,0.0
2024-03-12 00:00:00-04:00,489.48491194914317,498.46563690206807,481.0201963453091,495.92523193359375,15448200,0.0,0.0
2024-03-13 00:00:00-04:00,491.59863706276775,497.14585137802413,487.27198978393096,491.7772521972656,12090700,0.0,0.0
2024-03-14 00:00:00-04:00,496.43130042569084,497.51295454338015,484.42390097766923,488.0657958984375,12620000,0.0,0.0
2024-03-15 00:00:00-04:00,485.2674143918524,488.0658087524492,477.61640039856326,480.3949890136719,29153600,0.0,0.0
2024-03-18 00:00:00-04:00,488.1452478161507,493.6130875886428,483.0842738072249,493.17645263671875,11755300,0.0,0.0
2024-03-19 00:00:00-04:00,484.4338634191074,492.82910735533255,477.59658066238825,492.44207763671875,10903100,0.0,0.0
2024-03-20 00:00:00-04:00,495.6771461475813,504.3105740199144,491.3802985259637,501.65106201171875,11711100,0.0,0.0
2024-03-21 00:00:00-04:00,510.7707530405325,511.09818381772453,502.13732529141583,503.8739318847656,9712500,0.0,0.0
2024-03-22 00:00:00-04:00,503.11972128020517,506.06699186474566,500.48007571593536,505.6799621582031,8120600,0.0,0.0
2024-03-25 00:00:00-04:00,501.9190467966136,503.3380953120619,496.41150443106284,499.17022705078125,8380600,0.0,0.0
2024-03-26 00:00:00-04:00,501.26402973226214,506.09675270183544,491.41993839395826,492.0947570800781,11205400,0.0,0.0
2024-03-27 00:00:00-04:00,495.47865983348026,496.0641709946274,484.3346265696149,490.0802917480469,9989700,0.0,0.0
2024-03-28 00:00:00-04:00,489.0680934492514,489.1177289495324,481.436945692201,481.8636474609375,15212800,0.0,0.0
2024-04-01 00:00:00-04:00,483.4712757226848,493.6229620607857,478.0927438247273,487.5895080566406,9247000,0.0,0.0
2024-04-02 00:00:00-04:00,481.38733384665454,493.7221946148297,480.94076577034946,493.56341552734375,11081000,0.0,0.0
2024-04-03 00:00:00-04:00,495.1115300929547,503.35792871942033,494.9329149557214,502.86175537109375,12099200,0.0,0.0
2024-04-04 00:00:00-04:00,512.4676110901486,525.9436947950782,506.6723106155449,507.0097351074219,26476300,0.0,0.0
2024-04-05 00:00:00-04:00,512.9041838822052,526.6382857287307,510.4729229079318,523.3040161132812,19263300,0.0,0.0
2024-04-08 00:00:00-04:00,525.2292670059732,527.4223143515474,514.9187707168354,515.2760009765625,13260600,0.0,0.0
2024-04-09 00:00:00-04:00,518.2331950359386,521.8453515412855,502.8617544246005,512.9440307617188,10863800,0.0,0.0
2024-04-10 00:00:00-04:00,505.39228040139363,518.5607107573752,501.92896968081385,515.8516235351562,11418500,0.0,0.0
2024-04-11 00:00:00-04:00,517.1218898887405,519.8508439237215,513.3311173792555,519.1561889648438,10369500,0.0,0.0
2024-04-12 00:00:00-04:00,513.787472668167,516.2088008915841,505.43190063751956,507.98223876953125,11984500,0.0,0.0
2024-04-15 00:00:00-04:00,512.7653372648631,514.5615428654139,493.4741460488993,496.4015808105469,13512900,0.0,0.0
2024-04-16 00:00:00-04:00,494.2977844340761,500.90681687935023,493.3054377657289,495.9351806640625,9847900,0.0,0.0
2024-04-17 00:00:00-04:00,499.2495874459534,499.30912582005857,483.4117439696621,490.387939453125,12193700,0.0,0.0
2024-04-18 00:00:00-04:00,495.99473711582823,508.28992732102284,495.22070789767196,497.9595642089844,14808700,0.0,0.0
2024-04-19 00:00:00-04:00,498.95191950753076,498.95191950753076,472.0891167696375,477.38824462890625,25215400,0.0,0.0
2024-04-22 00:00:00-04:00,485.97196069601875,488.24444280786287,469.7768574979575,478.0431213378906,17271100,0.0,0.0
2024-04-23 00:00:00-04:00,487.4902744828821,494.9428072503399,485.2277254126733,492.30316162109375,15079200,0.0,0.0
2024-04-24 00:00:00-04:00,504.17164864318624,506.09680361298444,480.87133784126775,489.72308349609375,37772700,0.0,0.0
2024-04-25 00:00:00-04:00,418.1748568844393,442.35833901070566,411.3276713078903,438.001953125,82890700,0.0,0.0
2024-04-26 00:00:00-04:00,438.0814187798462,443.02331684684657,428.6541239876475,439.8974304199219,32691400,0.0,0.0
2024-04-29 00:00:00-04:00,436.195878453334,436.3943598912081,425.28006561859786,429.3089904785156,21502600,0.0,0.0
2024-04-30 00:00:00-04:00,427.751047303974,436.2554660770885,426.4312394735651,426.8778076171875,18429500,0.0,0.0
2024-05-01 00:00:00-04:00,425.3198175578289,446.5163293249573,423.8412003264866,435.8287658691406,20344900,0.0,0.0
2024-05-02 00:00:00-04:00,435.4813609842379,440.56217052865486,428.97156996995193,438.29962158203125,15221300,0.0,0.0
2024-05-03 00:00:00-04:00,442.5171576767287,450.69411509659585,440.4530898609674,448.5010070800781,16489100,0.0,0.0
2024-05-06 00:00:00-04:00,452.0933195880774,462.5923651748557,449.870472556269,462.11602783203125,15094600,0.0,0.0
2024-05-07 00:00:00-04:00,462.72128393951647,467.9211702005298,457.7793871898574,464.6563415527344,13406800,0.0,0.0
2024-05-08 00:00:00-04:00,459.95264173674593,471.94017514787424,459.456468444689,468.9830017089844,11683900,0.0,0.0
2024-05-09 00:00:00-04:00,466.40290121752565,472.4363552104369,464.0510446249137,471.78143310546875,9437700,0.0,0.0
2024-05-10 00:00:00-04:00,473.4386537168411,473.8455194723548,466.0059870918143,472.55548095703125,10750000,0.0,0.0
2024-05-13 00:00:00-04:00,469.13187501336745,469.7272890553807,459.30764931420595,464.42816162109375,14668800,0.0,0.0
2024-05-14 00:00:00-04:00,459.8236291276941,468.9234605753996,456.55880040566063,468.2387390136719,10478600,0.0,0.0
2024-05-15 00:00:00-04:00,471.3448527592267,478.8072891405804,467.59378339452235,477.8546447753906,13100500,0.0,0.0
2024-05-16 00:00:00-04:00,471.36465799748123,474.0340729044409,469.1318780385458,469.60821533203125,16608200,0.0,0.0
2024-05-17 00:00:00-04:00,467.22655798949256,469.18148209338233,464.8350292226781,468.2983093261719,10807300,0.0,0.0
2024-05-20 00:00:00-04:00,466.3533210681569,469.5784476860999,463.4655886777014,465.2518005371094,11745100,0.0,0.0
2024-05-21 00:00:00-04:00,463.54499982976347,467.09761808342193,458.7321121308233,461.0740661621094,11742200,0.0,0.0
2024-05-22 00:00:00-04:00,464.28919769640606,470.094431348203,462.0861870387401,464.19989013671875,10078600,0.0,0.0
2024-05-23 00:00:00-04:00,469.26090804074687,470.7295617615154,458.00770019996276,462.2152404785156,11747900,0.0,0.0
2024-05-24 00:00:00-04:00,464.04111742441904,476.1775273800848,462.7312126296393,474.55999755859375,12024300,0.0,0.0
2024-05-28 00:00:00-04:00,472.93254487428226,477.17978725076165,471.2058714243165,476.24700927734375,10175800,0.0,0.0
2024-05-29 00:00:00-04:00,471.0272753949379,476.17755705003367,470.07463106847433,470.72955322265625,9226200,0.0,0.0
2024-05-30 00:00:00-04:00,468.06013056265147,468.11966893547435,461.15337647505135,463.4754638671875,10719600,0.0,0.0
2024-05-31 00:00:00-04:00,462.2350253461456,465.52962326344255,450.98181875095815,463.25714111328125,16919800,0.0,0.0
2024-06-03 00:00:00-04:00,467.2563385385533,475.92946902820285,464.65639510838076,473.8356018066406,11279400,0.0,0.0
2024-06-04 00:00:00-04:00,473.34938017945996,475.224929995745,469.60824398888354,473.3394470214844,7088700,0.0,0.0
2024-06-05 00:00:00-04:00,480.74233500026116,492.8489456650612,480.2064593427849,491.2711181640625,15690500,0.0,0.0
2024-06-06 00:00:00-04:00,489.2070194762899,498.97170602105643,487.1330187939292,489.9810485839844,10667300,0.0,0.0
2024-06-07 00:00:00-04:00,492.11466024786785,495.091700375797,486.41859982731586,489.1872253417969,9380700,0.0,0.0
2024-06-10 00:00:00-04:00,490.080347878426,498.81301738575456,489.6338100145634,498.75347900390625,11220900,0.0,0.0
2024-06-11 00:00:00-04:00,496.33206952203005,503.71513050642415,494.45651994785885,503.58612060546875,9673700,0.0,0.0
2024-06-12 00:00:00-04:00,510.0562580327931,510.07612434807345,500.60912858458613,504.9456787109375,11983200,0.0,0.0
2024-06-13 00:00:00-04:00,501.83960690092306,505.4616660517263,497.52289299395886,500.241943359375,9954600,0.0,0.0
2024-06-14 00:00:00-04:00,499.29830731982713,503.76830117284993,497.41098264470133,500.7982482910156,10243300,0.5,0.0
2024-06-17 00:00:00-04:00,498.3248520419291,507.3442927979167,492.70258957460356,503.25177001953125,11266600,0.0,0.0
2024-06-18 00:00:00-04:00,501.195563022246,502.62596344611273,491.7191677926502,496.15936279296875,13060400,0.0,0.0
2024-06-20 00:00:00-04:00,498.6526016949452,500.3114792658719,493.45746507098966,498.3546142578125,11801200,0.0,0.0
2024-06-21 00:00:00-04:00,500.09294409403304,500.09294409403304,489.1066959926516,491.4807434082031,22359200,0.0,0.0
2024-06-24 00:00:00-04:00,495.8712961742398,504.4139262555408,490.9940329117928,495.5832214355469,13525300,0.0,0.0
2024-06-25 00:00:00-04:00,493.73561634252076,507.3045339423374,492.1959639995384,507.1952819824219,12063200,0.0,0.0
2024-06-26 00:00:00-04:00,503.2716575193011,510.3839183587047,501.31479224425505,509.6985168457031,8882300,0.0,0.0
2024-06-27 00:00:00-04:00,510.8209300507455,519.3933892059828,510.47328813668884,516.0955200195312,10121200,0.0,0.0
2024-06-28 00:00:00-04:00,513.7016545830614,518.4000954188623,500.48037812073636,500.85784912109375,15855100,0.0,0.0
2024-07-01 00:00:00-04:00,501.58297732671764,503.2020829318588,489.8815282371348,501.31475830078125,10328200,0.0,0.0
2024-07-02 00:00:00-04:00,497.4209190368857,507.0959625693369,496.11965660213826,506.1026306152344,7739500,0.0,0.0
2024-07-03 00:00:00-04:00,502.9934818232005,507.87074521081,502.6458095867641,506.5595397949219,6005600,0.0,0.0
2024-07-05 00:00:00-04:00,508.1886781515911,537.2634960736218,508.1886781515911,536.3098754882812,21354100,0.0,0.0
2024-07-08 00:00:00-04:00,538.733549875278,539.190504390823,523.1382870220716,525.7904663085938,14917500,0.0,0.0
2024-07-09 00:00:00-04:00,530.1909372581625,533.8960460931625,524.6680139481037,526.4659423828125,8753200,0.0,0.0
2024-07-10 00:00:00-04:00,527.2506757341519,535.2867583710278,524.8368862253591,531.1246948242188,10983300,0.0,0.0
2024-07-11 00:00:00-04:00,527.3499903194348,531.8895244068907,504.98013638714235,509.2812805175781,16458300,0.0,0.0
2024-07-12 00:00:00-04:00,494.4409036740209,504.70200901700827,490.93444322689584,495.5434875488281,19750500,0.0,0.0
2024-07-15 00:00:00-04:00,495.3050935222818,503.30140324613546,490.0801579921721,492.8515625,12539200,0.0,0.0
2024-07-16 00:00:00-04:00,498.1559561053816,500.58963142634576,482.55072018571695,486.5240478515625,14075800,0.0,0.0
2024-07-17 00:00:00-04:00,475.9748899890231,475.9748899890231,456.0585659449274,458.909423828125,28076600,0.0,0.0
2024-07-18 00:00:00-04:00,471.83266375516723,476.04438141112735,461.4424203212603,472.677001953125,19267200,0.0,0.0
2024-07-19 00:00:00-04:00,472.88560505542085,483.46458424586564,472.5379328105717,473.6107482910156,15149400,0.0,0.0
2024-07-22 00:00:00-04:00,483.3354544094365,488.77892449316187,480.6733320174168,484.1499938964844,12023100,0.0,0.0
2024-07-23 00:00:00-04:00,486.5737221720912,491.91785295092694,484.4678632735356,485.431396484375,9455500,0.0,0.0
2024-07-24 00:00:00-04:00,469.1606069922724,473.12399173942754,457.5088124022394,458.1942138671875,17649700,0.0,0.0
2024-07-25 00:00:00-04:00,460.1709526223855,460.45899705158166,439.69836609184694,450.3866271972656,18240500,0.0,0.0
2024-07-26 00:00:00-04:00,461.10466771737475,466.6375032130232,456.3565425755035,462.59466552734375,14222400,0.0,0.0
2024-07-29 00:00:00-04:00,466.74682183029705,470.7996028508264,461.9192127867245,462.6046142578125,11339600,0.0,0.0
2024-07-30 00:00:00-04:00,463.88600206485654,469.57780482339075,453.6546955153981,460.1014099121094,11390400,0.0,0.0
2024-07-31 00:00:00-04:00,467.87925615215346,473.32272675593373,463.6377391675385,471.6638488769531,24285800,0.0,0.0
2024-08-01 00:00:00-04:00,517.5259306837595,523.6547716585801,488.8186442383986,494.4210205078125,43083100,0.0,0.0
2024-08-02 00:00:00-04:00,485.73926058112306,497.8082361462427,472.9749406155104,484.885009765625,24044700,0.0,0.0
2024-08-05 00:00:00-04:00,448.34036348534045,480.2561225927905,447.79401274658,472.55780029296875,21396200,0.0,0.0
2024-08-06 00:00:00-04:00,475.80600414778166,499.2089024694643,475.4583319023931,490.7953796386719,20955000,0.0,0.0
2024-08-07 00:00:00-04:00,499.77512044060245,506.74829997819876,483.6135898383969,485.6598815917969,20105300,0.0,0.0
2024-08-08 00:00:00-04:00,494.18259967510517,506.55950614585913,491.4211383206397,506.2317199707031,16156800,0.0,0.0
2024-08-09 00:00:00-04:00,504.3244378446913,514.8835891668995,502.3278617059284,514.3173828125,13696600,0.0,0.0
2024-08-12 00:00:00-04:00,513.4135489736507,514.5658480140165,505.7053134773553,512.5096435546875,9767400,0.0,0.0
2024-08-13 00:00:00-04:00,516.5425353486345,527.9559092747828,514.6949525499102,525.015625,13743800,0.0,0.0
2024-08-14 00:00:00-04:00,524.5388780300436,530.4392723612109,519.6417586898049,523.24755859375,11444200,0.0,0.0
2024-08-15 00:00:00-04:00,528.2439725420813,536.1708026803833,523.1879469001557,533.7470703125,13482100,0.0,0.0
2024-08-16 00:00:00-04:00,528.3533057155574,530.1015190770014,521.1615312349661,523.9031372070312,14776700,0.0,0.0
2024-08-19 00:00:00-04:00,523.3567686125551,528.1148065447744,519.2741890909025,525.750732421875,9879700,0.0,0.0
2024-08-20 00:00:00-04:00,524.8269052919596,527.5486857302659,522.3734045061494,523.2177124023438,7944400,0.0,0.0
2024-08-21 00:00:00-04:00,523.6349538269176,535.8032700316064,523.4163892745524,531.5914916992188,13423300,0.0,0.0
2024-08-22 00:00:00-04:00,533.4192569001465,540.6010274942679,525.0653618809546,528.383056640625,15708300,0.0,0.0
2024-08-23 00:00:00-04:00,533.3397517008707,536.2700929585844,521.55884980876,524.479248046875,11323900,0.0,0.0
2024-08-26 00:00:00-04:00,524.0819750389632,524.4793321175962,511.51636075055256,517.6452026367188,9584000,0.0,0.0
2024-08-27 00:00:00-04:00,515.5193548304624,520.5158432413665,511.87384384105246,515.6385498046875,6282700,0.0,0.0
2024-08-28 00:00:00-04:00,514.2181257900095,517.615364659823,509.0329621910887,513.3341064453125,9106100,0.0,0.0
2024-08-29 00:00:00-04:00,515.5888867116108,523.684565573268,512.2413632137636,514.764404296875,8317400,0.0,0.0
2024-08-30 00:00:00-04:00,517.8735737554629,520.0489730917525,511.7646188064961,517.8338623046875,9157500,0.0,0.0
2024-09-03 00:00:00-04:00,516.1749942685213,521.9859615332059,505.22845751609213,508.3475341796875,12459100,0.0,0.0
2024-09-04 00:00:00-04:00,502.69553739347066,513.1454095358904,500.7088733741923,509.321044921875,8335200,0.0,0.0
2024-09-05 00:00:00-04:00,508.3078633902029,518.1517873635855,507.74165686241577,513.41357421875,8640900,0.0,0.0
2024-09-06 00:00:00-04:00,518.4000613773472,521.0820696565472,494.9276235238455,496.93414306640625,14744500,0.0,0.0
2024-09-09 00:00:00-04:00,502.7848710640587,507.92037993887993,498.7320599932226,501.42401123046875,11047800,0.0,0.0
2024-09-10 00:00:00-04:00,504.7715348360927,510.7513818768451,496.6957417525211,501.42401123046875,9899000,0.0,0.0
2024-09-11 00:00:00-04:00,503.6292467318183,509.6984904565573,492.29532543071457,508.4170837402344,10782500,0.0,0.0
2024-09-12 00:00:00-04:00,513.602359431701,523.1979816423429,511.7845446800634,522.0953369140625,11970500,0.0,0.0
2024-09-13 00:00:00-04:00,516.8704572987319,524.0621720816487,513.6619533531348,521.1218872070312,10321400,0.0,0.0
2024-09-16 00:00:00-04:00,521.5393768501115,531.0446869851908,514.4402669362904,530.2294311523438,9527600,0.5,0.0
2024-09-17 00:00:00-04:00,534.5246604241431,538.9989183875797,527.5349067624319,533.2520141601562,11690800,0.0,0.0
2024-09-18 00:00:00-04:00,533.9977098303668,541.0869276726933,530.845860739671,534.8726806640625,10323500,0.0,0.0
2024-09-19 00:00:00-04:00,546.8538127706381,558.8547755441265,543.393738974814,555.9017333984375,15647000,0.0,0.0
2024-09-20 00:00:00-04:00,556.7966017328396,561.2708601396214,553.1177549056164,558.1388549804688,22066800,0.0,0.0
2024-09-23 00:00:00-04:00,566.2422454333392,570.696598725916,559.1927762027452,561.1813354492188,12830700,0.0,0.0
2024-09-24 00:00:00-04:00,563.438417728342,564.5023042983775,551.0198738833946,560.1076049804688,12993000,0.0,0.0
2024-09-25 00:00:00-04:00,560.8233803106601,573.580004208347,560.4952510598988,565.0590209960938,16543400,0.0,0.0
2024-09-26 00:00:00-04:00,572.436617382725,574.0971081324976,559.1331504876267,564.591796875,14400800,0.0,0.0
2024-09-27 00:00:00-04:00,566.8386958935577,567.574513670228,561.2807076961036,564.1143798828125,9398400,0.0,0.0
2024-09-30 00:00:00-04:00,564.4525297734127,571.392581823153,561.5690947166503,569.1654052734375,12792300,0.0,0.0
2024-10-01 00:00:00-04:00,574.6736740742251,579.7047261626475,566.8387463764593,573.1723022460938,15259300,0.0,0.0
2024-10-02 00:00:00-04:00,571.5714638381036,572.7049569634005,566.0830826003516,569.533203125,6524700,0.0,0.0
2024-10-03 00:00:00-04:00,566.8885366691163,580.0229313102662,565.4766159470373,579.4363403320312,11581000,0.0,0.0
2024-10-04 00:00:00-04:00,580.3907101459058,593.4356513652355,578.1038796024136,592.5308837890625,14169500,0.0,0.0
2024-10-07 00:00:00-04:00,594.7979355563699,599.5009195077625,580.6990575803541,581.4348754882812,12014200,0.0,0.0
2024-10-08 00:00:00-04:00,586.3167064096679,590.1645633879729,582.6179549512773,589.4984130859375,7857400,0.0,0.0
2024-10-09 00:00:00-04:00,590.5920310170018,590.9897670648169,578.2828467749312,587.1319580078125,9529700,0.0,0.0
2024-10-10 00:00:00-04:00,584.2088301034865,586.8535869486327,579.1877306195246,580.490234375,7740400,0.0,0.0
2024-10-11 00:00:00-04:00,581.4846102064073,587.8281195065246,579.376742110834,586.5753173828125,8587100,0.0,0.0
2024-10-14 00:00:00-04:00,590.8207918278077,596.6671607014488,586.5852117292404,587.0425415039062,8252000,0.0,0.0
2024-10-15 00:00:00-04:00,586.7840223253323,587.2314602827565,576.821381994876,582.9163208007812,9564200,0.0,0.0
2024-10-16 00:00:00-04:00,578.074153352245,578.7502561624128,570.7463179400054,573.490478515625,11268400,0.0,0.0
2024-10-17 00:00:00-04:00,579.9931131702996,581.6236855285798,571.9096154864388,573.6296997070312,8701200,0.0,0.0
2024-10-18 00:00:00-04:00,577.7758214109436,580.6293988605148,571.9593103260983,573.1723022460938,7694300,0.0,0.0
2024-10-21 00:00:00-04:00,572.7348299431258,573.9378692579733,565.8543723443174,571.8697509765625,8171900,0.0,0.0
2024-10-22 00:00:00-04:00,571.0047942012734,580.1919884331684,568.8472245196812,578.6806640625,8544500,0.0,0.0
2024-10-23 00:00:00-04:00,576.652356767216,581.6536126859226,559.2823198903102,560.4655151367188,14248400,0.0,0.0
2024-10-24 00:00:00-04:00,563.885737507838,565.6257266322763,558.3078440792799,564.5320434570312,7184700,0.0,0.0
2024-10-25 00:00:00-04:00,570.6468669862153,577.9647500652169,568.4494872870167,569.9707641601562,11337900,0.0,0.0
2024-10-28 00:00:00-04:00,578.67072146079,580.410710743533,570.8357934356153,574.8526611328125,10925100,0.0,0.0
2024-10-29 00:00:00-04:00,576.8313344603039,590.2739533915471,572.1085063582906,589.88623046875,13019100,0.0,0.0
2024-10-30 00:00:00-04:00,597.5420905900066,597.7608636426235,586.0084723536592,588.4146118164062,26864900,0.0,0.0
2024-10-31 00:00:00-04:00,581.6535232859577,586.5255172425846,559.7893261973286,564.3331909179688,26838400,0.0,0.0
2024-11-01 00:00:00-04:00,564.3629041666738,570.3882347804273,559.3418054362122,563.9154663085938,15303200,0.0,0.0
2024-11-04 00:00:00-05:00,560.87307535209,565.4368452329544,554.6986381254013,557.47265625,12064600,0.0,0.0
2024-11-05 00:00:00-05:00,564.0547974082218,570.1994379718212,563.4283964137084,569.1554565429688,9775400,0.0,0.0
2024-11-06 00:00:00-05:00,559.5308004818795,569.7221655728422,551.9941447200907,568.777587890625,18305400,0.0,0.0
2024-11-07 00:00:00-05:00,573.5899682554951,591.3974890420855,571.9195858236583,588.3152465820312,14653700,0.0,0.0
2024-11-08 00:00:00-05:00,588.156055247851,589.7071287920577,581.1762546419226,585.9686889648438,9415700,0.0,0.0
2024-11-11 00:00:00-05:00,583.0057999151439,583.6421534545929,573.2121696554306,579.8340454101562,10209100,0.0,0.0
2024-11-12 00:00:00-05:00,585.1733003985561,596.2296848177605,577.0600054748132,581.474609375,16287700,0.0,0.0
2024-11-13 00:00:00-05:00,579.2772452314994,582.2899416634106,571.8798022986036,576.6821899414062,10757600,0.0,0.0
2024-11-14 00:00:00-05:00,573.6994014184785,577.4379028948505,569.732235024845,573.8584594726562,11053700,0.0,0.0
2024-11-15 00:00:00-05:00,567.9523048385856,569.2946185704093,548.3451422976771,550.910400390625,17712900,0.0,0.0
2024-11-18 00:00:00-05:00,553.8533670815018,556.6970522455416,546.9431739007064,551.228515625,14327300,0.0,0.0
2024-11-19 00:00:00-05:00,548.7030690284671,558.2183311036446,547.4502671516217,557.8803100585938,9522400,0.0,0.0
2024-11-20 00:00:00-05:00,559.7097624878369,563.1101814515828,551.0297217043255,562.2849731445312,9797300,0.0,0.0
2024-11-21 00:00:00-05:00,566.2621066854078,566.7393414481576,545.9091728138703,559.868896484375,11154700,0.0,0.0
2024-11-22 00:00:00-05:00,560.32621328156,560.6046406773982,551.4175075908335,555.9414672851562,9164000,0.0,0.0
2024-11-25 00:00:00-05:00,558.8844673779386,569.3145100236936,553.2071704273792,561.8772583007812,13599800,0.0,0.0
2024-11-26 00:00:00-05:00,562.7621877433986,574.1964018053228,561.9667762936829,570.259033203125,10356600,0.0,0.0
2024-11-27 00:00:00-05:00,571.601423170664,571.6908743519631,560.8731072719025,565.9439697265625,7200200,0.0,0.0
2024-11-29 00:00:00-05:00,565.7450327371056,575.1509386081322,563.6570700717043,571.0346069335938,7130500,0.0,0.0
2024-12-02 00:00:00-05:00,574.196458750282,591.0992116485587,572.2775064388576,589.4387817382812,12522400,0.0,0.0
2024-12-03 00:00:00-05:00,591.5963112149323,610.6864900333547,587.8677630350062,610.1396484375,14907200,0.0,0.0
2024-12-04 00:00:00-05:00,609.4536043990507,614.2460390304662,601.6385211482492,610.2689208984375,14697000,0.0,0.0
2024-12-05 00:00:00-05:00,613.5500580968196,616.353933785045,603.5774048146206,605.4466552734375,8081200,0.0,0.0
2024-12-06 00:00:00-05:00,606.6100563060467,626.1874271757579,605.0490904891066,620.201904296875,16935500,0.0,0.0
2024-12-09 00:00:00-05:00,620.350888846341,622.8167434326103,602.7024265777296,610.0601196289062,11426000,0.0,0.0
2024-12-10 00:00:00-05:00,614.0272799520044,622.0113739130567,609.234845211511,615.7772216796875,10938900,0.0,0.0
2024-12-11 00:00:00-05:00,619.804050647096,634.7481017123007,617.9746102226054,629.060791015625,10837200,0.0,0.0
2024-12-12 00:00:00-05:00,627.8875399219128,633.0179957315453,623.6221024715439,627.1815795898438,7474700,0.0,0.0
2024-12-13 00:00:00-05:00,623.6320266186848,627.4699920270454,613.3611619616729,616.8013305664062,8453300,0.0,0.0
2024-12-16 00:00:00-05:00,626.8814359361309,628.0457250425881,615.5375430599308,621.169677734375,10885600,0.5,0.0
2024-12-17 00:00:00-05:00,623.0901281665253,629.2596452404018,613.5074890422593,616.3932495117188,12897800,0.0,0.0
2024-12-18 00:00:00-05:00,617.9455721226966,624.274275483024,593.3869695558374,594.252685546875,17075500,0.0,0.0
2024-12-19 00:00:00-05:00,607.3878634532757,608.512310503509,592.0735432784724,592.6407470703125,14958100,0.0,0.0
2024-12-20 00:00:00-05:00,587.675323062813,600.1436642411298,577.1473424651591,582.3715209960938,48989400,0.0,0.0
2024-12-23 00:00:00-05:00,586.7000720639313,598.1336103729398,583.3665730831542,596.899658203125,10205800,0.0,0.0
2024-12-24 00:00:00-05:00,599.7555744761255,604.99967413285,596.3325519539701,604.7608642578125,4726100,0.0,0.0
2024-12-26 00:00:00-05:00,602.5019749107529,603.3179490935831,595.994163249834,600.3824462890625,6081400,0.0,0.0
2024-12-27 00:00:00-05:00,596.4617453720124,598.8897465400247,586.8990272114817,596.8598022460938,8084200,0.0,0.0
2024-12-30 00:00:00-05:00,585.8541662451341,594.0038852291777,582.6997752560201,588.3319091796875,7025900,0.0,0.0
2024-12-31 00:00:00-05:00,589.3569487521584,591.048538740922,580.9783186606066,582.6301879882812,6019500,0.0,0.0
2025-01-02 00:00:00-05:00,586.8195277648132,601.9348206194616,584.9289090505599,596.292724609375,12682300,0.0,0.0
2025-01-03 00:00:00-05:00,601.7854323342851,606.5021084147011,593.4764662702436,601.6560668945312,11436800,0.0,0.0
2025-01-06 00:00:00-05:00,608.8207596792694,627.8864953892827,602.641281410124,627.1004028320312,14560800,0.0,0.0
2025-01-07 00:00:00-05:00,628.5930882935072,628.9910845111622,605.2384904660217,614.8510131835938,12071500,0.0,0.0
2025-01-08 00:00:00-05:00,610.382997271492,613.4080230721381,599.82513672869,607.7161254882812,10085800,0.0,0.0
2025-01-10 00:00:00-05:00,607.0295297697073,626.8116919357244,594.4019444954839,612.830810546875,19256600,0.0,0.0
2025-01-13 00:00:00-05:00,604.1139601037415,605.9747576676493,595.5065414878209,605.3379516601562,10785000,0.0,0.0
2025-01-14 00:00:00-05:00,602.093936955974,602.5118541569082,585.6551720564437,591.3271484375,13598000,0.0,0.0
2025-01-15 00:00:00-05:00,607.2087300599234,619.3984789584875,603.5169556717734,614.084716796875,15524300,0.0,0.0
2025-01-16 00:00:00-05:00,608.4923634164871,613.2190007447427,606.7111893194766,608.2933349609375,8355300,0.0,0.0
2025-01-17 00:00:00-05:00,620.9805911305821,621.896049094774,600.7008255237737,609.756103515625,17280600,0.0,0.0
2025-01-21 00:00:00-05:00,614.791235345522,618.4431675349931,606.0146090104106,613.427978515625,11674000,0.0,0.0
2025-01-22 00:00:00-05:00,620.2343211513619,630.5831936184607,616.3833603918935,620.433349609375,12274000,0.0,0.0
2025-01-23 00:00:00-05:00,624.2743234364817,633.468866899262,618.0949061109532,633.3196411132812,9910200,0.0,0.0
2025-01-24 00:00:00-05:00,633.2699982280365,648.7932479651176,631.0808064099955,644.305419921875,19065300,0.0,0.0
2025-01-27 00:00:00-05:00,623.5280177511174,660.6047649681485,622.0254349357211,656.6343994140625,28399200,0.0,0.0
2025-01-28 00:00:00-05:00,662.7243805632816,679.2228513674787,656.2264682196907,671.013427734375,20950100,0.0,0.0
2025-01-29 00:00:00-05:00,671.6799970081955,677.7002277973523,662.3958698215398,673.1626586914062,21377800,0.0,0.0
2025-01-30 00:00:00-05:00,693.3928028440545,707.2940643458387,672.7746794678412,683.62109375,29322900,0.0,0.0
2025-01-31 00:00:00-05:00,687.6013388802664,701.8309926464267,682.2080139805101,685.790283203125,19303900,0.0,0.0
2025-02-03 00:00:00-05:00,672.5855459885331,700.5374135449807,671.9288188867163,694.0296020507812,21415700,0.0,0.0
2025-02-04 00:00:00-05:00,699.0448111623289,704.2292080677055,688.2083581609453,700.7265014648438,13826300,0.0,0.0
2025-02-05 00:00:00-05:00,700.0896831751202,714.6079511816394,695.5720343457091,701.4031982421875,17778200,0.0,0.0
2025-02-06 00:00:00-05:00,702.4081039812835,715.3640839913177,700.0398052539664,708.488037109375,13080700,0.0,0.0
2025-02-07 00:00:00-05:00,713.2744305821955,721.4440718312758,708.249280988419,711.0056762695312,16427100,0.0,0.0
2025-02-10 00:00:00-05:00,715.0257888589608,717.652818700605,707.8313687608933,713.8715209960938,12904300,0.0,0.0
2025-02-11 00:00:00-05:00,709.8115954275665,720.1007048878689,706.5476987131067,716.2597045898438,12998000,0.0,0.0
2025-02-12 00:00:00-05:00,711.7818168815365,723.523766963731,709.0950845634602,721.812255859375,12016500,0.0,0.0
2025-02-13 00:00:00-05:00,717.9713316181679,725.4145229257568,714.5084061760308,724.9766845703125,12569100,0.0,0.0
2025-02-14 00:00:00-05:00,722.5685751543255,737.2658892402018,722.0511132817282,733.0467529296875,16901200,0.0,0.0
2025-02-18 00:00:00-05:00,732.3800758046814,733.375157429416,702.9654654069245,712.8466186523438,21938700,0.0,0.0
2025-02-19 00:00:00-05:00,700.6369269472729,703.5226878675882,691.9698051227019,700.30859375,17535500,0.0,0.0
2025-02-20 00:00:00-05:00,693.8504867433877,702.1593933249234,690.228375354197,691.4224853515625,12587400,0.0,0.0
2025-02-21 00:00:00-05:00,693.1539301625503,700.4080528713276,679.0038387952945,680.18798828125,15660400,0.0,0.0
2025-02-24 00:00:00-05:00,682.9045646514273,683.8896856241412,659.1917553729045,664.8438110351562,15677000,0.0,0.0
2025-02-25 00:00:00-05:00,662.6944247816905,664.7144694629277,638.703023401866,654.26611328125,20579700,0.0,0.0
2025-02-26 00:00:00-05:00,656.4055307530449,679.650619839028,654.7636219966097,670.3864135742188,14488700,0.0,0.0
2025-02-27 00:00:00-05:00,679.0933865536915,685.2629040436697,654.3357538023921,655.00244140625,12500000,0.0,0.0
2025-02-28 00:00:00-05:00,654.8034504822056,666.3364725318584,639.4393887052988,664.9135131835938,17534200,0.0,0.0
2025-03-03 00:00:00-05:00,670.3665609910959,677.8993359462462,647.6389313945824,651.8281860351562,10843800,0.0,0.0
2025-03-04 00:00:00-05:00,642.3351433054311,646.5542796373367,620.5826737681288,636.8522338867188,21495200,0.0,0.0
2025-03-05 00:00:00-05:00,637.8472080229061,656.2562148067185,634.5236092639633,653.2410888671875,13770000,0.0,0.0
2025-03-06 00:00:00-05:00,644.8129097915485,647.3603163884869,621.0403945748483,624.8416137695312,13446500,0.0,0.0
2025-03-07 00:00:00-05:00,622.2942118555259,631.6678640718745,597.6559802759192,622.582763671875,21375700,0.0,0.0
2025-03-10 00:00:00-04:00,605.0792675215534,607.109212093194,583.9835257431913,595.048828125,21999900,0.0,0.0
2025-03-11 00:00:00-04:00,592.1232321992892,611.9054572036264,590.4117211785095,602.7308349609375,17401500,0.0,0.0
2025-03-12 00:00:00-04:00,626.8018648059933,630.2149870827395,606.352891273559,616.5126953125,15747000,0.0,0.0
2025-03-13 00:00:00-04:00,617.1993356753703,617.4481060645986,583.6252936627146,587.7349853515625,16480300,0.0,0.0
2025-03-14 00:00:00-04:00,600.3687854957838,606.4043419789234,592.381172955088,605.1494140625,12364500,0.525,0.0
2025-03-17 00:00:00-04:00,605.0099996635669,610.62720608086,595.5881320780952,602.4603271484375,15473900,0.0,0.0
2025-03-18 00:00:00-04:00,597.6298861819188,597.8290917063831,572.34227369431,580.01123046875,20297700,0.0,0.0
2025-03-19 00:00:00-04:00,581.9235510596104,589.9311027976759,572.4518964146898,581.7044067382812,20537500,0.0,0.0
2025-03-20 00:00:00-04:00,580.4096129893901,607.7389439842362,577.172720940167,583.6365356445312,24336500,0.0,0.0
2025-03-21 00:00:00-04:00,581.0669435562578,595.1299901540924,578.6069346961235,593.84521484375,25015900,0.0,0.0
2025-03-24 00:00:00-04:00,612.4897086743648,620.0291850741187,609.7309218178737,616.3540649414062,15741300,0.0,0.0
2025-03-25 00:00:00-04:00,624.2322549021957,631.3235347184631,618.6747423038911,623.7840576171875,15312500,0.0,0.0
2025-03-26 00:00:00-04:00,622.3697410659778,624.2222248223229,604.163437823038,608.5158081054688,12609800,0.0,0.0
2025-03-27 00:00:00-04:00,599.572102422941,611.7726975303846,597.6797409070035,600.1497802734375,10436500,0.0,0.0
2025-03-28 00:00:00-04:00,597.8888875675808,599.3230823357646,571.605306475786,574.4139404296875,17602800,0.0,0.0
2025-03-31 00:00:00-04:00,561.2273418254761,576.3660506926756,551.0684674021583,574.0354614257812,21124700,0.0,0.0
2025-04-01 00:00:00-04:00,568.537705940541,587.5307390242879,567.70106709451,583.6365356445312,12836600,0.0,0.0
2025-04-02 00:00:00-04:00,572.5912500878843,590.2696609066593,571.0475136953103,581.5748901367188,13470800,0.0,0.0
2025-04-03 00:00:00-04:00,544.016982785148,550.3314393515183,528.1612075786397,529.4758911132812,34777500,0.0,0.0
2025-04-04 00:00:00-04:00,504.5767586556749,515.9108671247398,492.2068664686997,502.69439697265625,38589800,0.0,0.0
2025-04-07 00:00:00-04:00,483.14348777248983,537.1945936136326,479.9563819403582,514.1678466796875,36606100,0.0,0.0
2025-04-08 00:00:00-04:00,541.0589647931961,545.2220987278512,500.83185110030036,508.3912658691406,28034200,0.0,0.0
2025-04-09 00:00:00-04:00,507.21603593950647,585.5189766353849,500.0849095170737,583.4075317382812,39216600,0.0,0.0
2025-04-10 00:00:00-04:00,573.1689763297147,578.9555415344041,533.141064552052,544.0867309570312,28173500,0.0,0.0
2025-04-11 00:00:00-04:00,533.3501954996136,545.1922554454453,526.4581222037267,541.377685546875,17642300,0.0,0.0
2025-04-14 00:00:00-04:00,553.926976727649,555.5205604797574,526.1495019253548,529.3365478515625,14130900,0.0,0.0
2025-04-15 00:00:00-04:00,529.9638803667925,535.7703838427552,515.4128199804695,519.4166259765625,15558700,0.0,0.0
2025-04-16 00:00:00-04:00,506.4591254364096,511.2995098605443,493.6310672206579,500.28411865234375,18735100,0.0,0.0
2025-04-17 00:00:00-04:00,503.212273262548,505.25399323772916,496.00148267523775,499.4574890136719,14593500,0.0,0.0
2025-04-21 00:00:00-04:00,489.34840447960073,491.50966603004946,477.8649073178194,482.705322265625,16166000,0.0,0.0
2025-04-22 00:00:00-04:00,489.8862436640875,504.8357168469179,484.3984562132767,498.2623291015625,17399400,0.0,0.0
2025-04-23 00:00:00-04:00,526.398387792126,533.1809196011152,514.4368162114096,518.1716918945312,18173900,0.0,0.0
2025-04-24 00:00:00-04:00,516.6378699664548,531.7467310045646,515.4128501808216,530.999755859375,13910000,0.0,0.0
2025-04-25 00:00:00-04:00,544.5946691393716,547.6423253119987,534.0872308807745,545.0628051757812,17098900,0.0,0.0
2025-04-28 00:00:00-04:00,553.3990561017924,556.2375374162976,538.409766598872,547.5228271484375,15179000,0.0,0.0
2025-04-29 00:00:00-04:00,543.7979549633997,554.3253329246786,541.9255322333729,552.2039184570312,11835000,0.0,0.0
2025-04-30 00:00:00-04:00,536.2286028212618,546.8854000110363,527.3644731031741,546.7858276367188,29244000,0.0,0.0
2025-05-01 00:00:00-04:00,589.6921415778174,590.558627980007,568.1991573093333,569.9022827148438,31159000,0.0,0.0
2025-05-02 00:00:00-04:00,581.1068737819331,601.9026676753685,575.9975586829169,594.6121826171875,24739300,0.0,0.0
2025-05-05 00:00:00-04:00,588.8355666226496,600.7772617327329,585.6783683283057,596.8531494140625,13887700,0.0,0.0
2025-05-06 00:00:00-04:00,590.1403242884969,593.6262086030198,584.2143087960085,584.9413452148438,10600700,0.0,0.0
2025-05-07 00:00:00-04:00,587.9789559689339,600.6476855016655,584.3038359796805,594.4029541015625,13139100,0.0,0.0
2025-05-08 00:00:00-04:00,603.8447184228645,608.8345220578558,594.2137360230962,595.59814453125,14622800,0.0,0.0
2025-05-09 00:00:00-04:00,601.2851535548689,604.5220462267766,589.3236412362096,590.1004638671875,10427300,0.0,0.0
2025-05-12 00:00:00-04:00,628.3753866174048,637.8072242767122,618.5253206919152,636.85107421875,21965100,0.0,0.0
2025-05-13 00:00:00-04:00,642.9364120582926,658.254386921773,640.2373808266427,653.3841552734375,18570800,0.0,0.0
2025-05-14 00:00:00-04:00,658.543319934739,659.9973927569988,651.6711237576287,656.7007446289062,12348200,0.0,0.0
2025-05-15 00:00:00-04:00,651.6412836963046,654.6590319374474,636.0045904601806,641.283203125,14341800,0.0,0.0
2025-05-16 00:00:00-04:00,635.3869794893193,637.8569576148437,623.6246144224174,637.7573852539062,18519000,0.0,0.0
2025-05-19 00:00:00-04:00,625.7161768945482,640.4066880114517,625.2679796518272,637.8470458984375,9592400,0.0,0.0
2025-05-20 00:00:00-04:00,633.4449476478025,636.7714432087338,629.7100715967877,634.530517578125,6743500,0.0,0.0
2025-05-21 00:00:00-04:00,629.2418310050065,644.0020660016361,627.6283696820823,632.9368896484375,11464600,0.0,0.0
2025-05-22 00:00:00-04:00,631.492768599171,640.6556757699244,628.1662733645643,634.0026245117188,8228400,0.0,0.0
2025-05-23 00:00:00-04:00,621.4832888202177,629.8992205141227,620.1387579436545,624.5309448242188,8454100,0.0,0.0
2025-05-27 00:00:00-04:00,632.8472662118028,640.4863756807556,630.1980211513535,639.7294311523438,9508400,0.0,0.0
2025-05-28 00:00:00-04:00,640.0082251890005,648.254859263292,639.9584390080566,640.9843139648438,9042900,0.0,0.0
2025-05-29 00:00:00-04:00,649.0218431897822,650.6850908623647,636.9208212538034,642.4484252929688,8858800,0.0,0.0
2025-05-30 00:00:00-04:00,639.9087359485001,646.790840509364,630.227966818394,644.8786010742188,16241000,0.0,0.0
2025-06-02 00:00:00-04:00,641.791121766507,670.5446811489596,641.6616412070963,668.1942138671875,15766300,0.0,0.0
2025-06-03 00:00:00-04:00,668.7420068089284,672.8553550898889,662.3479161440031,664.1605224609375,11585000,0.0,0.0
2025-06-04 00:00:00-04:00,666.6205475323237,686.2211680866209,665.8735723856402,685.1754150390625,14031900,0.0,0.0
2025-06-05 00:00:00-04:00,688.8704104821669,691.5794719470881,679.4983890924821,681.8588256835938,13083100,0.0,0.0
2025-06-06 00:00:00-04:00,693.3621683649559,699.9754022986715,689.0795234172199,694.89599609375,11728000,0.0,0.0
2025-06-09 00:00:00-04:00,695.6430205968694,702.3458579741853,691.1412310298801,691.2607421875,12773200,0.0,0.0
2025-06-10 00:00:00-04:00,698.5213248498013,700.3937473880201,688.7708312874433,699.567138671875,10850100,0.0,0.0
2025-06-11 00:00:00-04:00,700.871802415462,706.0109642368116,689.199040180601,691.3403930664062,9582500,0.0,0.0
2025-06-12 00:00:00-04:00,690.5037820202001,692.575410020333,684.2292032313352,690.5635375976562,7322700,0.0,0.0
2025-06-13 00:00:00-04:00,685.1754345871889,691.768730540237,678.2634219344503,680.1159057617188,9274400,0.0,0.0
2025-06-16 00:00:00-04:00,697.0454302800655,704.839891030923,691.2444358848513,699.8262939453125,13720300,0.525,0.0
2025-06-17 00:00:00-04:00,699.7067687984049,703.6637707541142,693.7861706289875,694.9523315429688,10066100,0.0,0.0
2025-06-18 00:00:00-04:00,695.8991705300261,699.2980647722242,692.6299173050131,693.4970703125,10068300,0.0,0.0
2025-06-20 00:00:00-04:00,698.4607641474819,699.5272759324512,676.4528788689065,680.120849609375,22538600,0.0,0.0
2025-06-23 00:00:00-04:00,681.4564999402276,696.7663067524254,676.5326356722177,696.248046875,11080100,0.0,0.0
2025-06-24 00:00:00-04:00,702.5872956643889,710.860169242287,699.8163481052391,709.8734130859375,13823200,0.0,0.0
2025-06-25 00:00:00-04:00,710.9897247556078,714.2390846812559,703.0756608117819,706.3648681640625,9320400,0.0,0.0
2025-06-26 00:00:00-04:00,712.0262960706955,725.84100327131,708.7271116959034,723.718017578125,13964800,0.0,0.0
2025-06-27 00:00:00-04:00,724.1466398304902,733.0275060697373,723.4887618360168,731.2333984375,18775700,0.0,0.0
2025-06-30 00:00:00-04:00,742.1177521024767,745.4568450948445,731.8514114766995,735.6788940429688,15402100,0.0,0.0
2025-07-01 00:00:00-04:00,734.4727647300622,735.3399177465482,713.0330238804761,716.8704223632812,13431200,0.0,0.0
2025-07-02 00:00:00-04:00,712.9931517050737,717.946886332231,710.4713875973353,711.2388916015625,9336700,0.0,0.0
2025-07-03 00:00:00-04:00,724.23628063908,726.6484187341657,712.0861007528597,716.6611328125,8601700,0.0,0.0
2025-07-07 00:00:00-04:00,715.2556849998467,724.6250009558648,711.1790804792781,716.0032348632812,9457100,0.0,0.0
2025-07-08 00:00:00-04:00,719.2128191233631,720.5484076114845,712.4748926138262,718.3157348632812,7770700,0.0,0.0
2025-07-09 00:00:00-04:00,720.3589752323313,735.1206520424314,720.3589752323313,730.3861694335938,11418000,0.0,0.0
2025-07-10 00:00:00-04:00,729.1601755610233,733.3962917497249,717.2492014044612,724.8642578125,9913600,0.0,0.0
2025-07-11 00:00:00-04:00,720.1397657932962,722.791049443565,707.3815924903404,715.1660766601562,10873900,0.0,0.0
2025-07-14 00:00:00-04:00,715.2556580979717,725.6217068153527,714.2091004956787,718.5648193359375,8939400,0.0,0.0
2025-07-15 00:00:00-04:00,721.5351494521201,722.1032338104419,707.5011297082585,708.0692749023438,11529500,0.0,0.0
2025-07-16 00:00:00-04:00,711.0394977501286,711.6375132851348,696.985585155631,700.6136474609375,13067600,0.0,0.0
2025-07-17 00:00:00-04:00,702.0888975460598,703.5939743779064,694.8326508122145,699.1185913085938,11803300,0.0,0.0
2025-07-18 00:00:00-04:00,699.896109861645,702.4078970710398,689.3905635084973,701.9793090820312,12779800,0.0,0.0
2025-07-21 00:00:00-04:00,704.4909815749821,714.6576719200774,703.4544009949688,710.6408081054688,9404400,0.0,0.0
2025-07-22 00:00:00-04:00,713.8503357336546,714.258969568067,699.1185901916039,702.5075073242188,8921100,0.0,0.0
2025-07-23 00:00:00-04:00,704.062433018762,712.2954590710364,702.6271347622425,711.2489013671875,8771600,0.0,0.0
2025-07-24 00:00:00-04:00,714.7075545657141,721.256099225235,711.6675303636672,712.4649047851562,10920800,0.0,0.0
2025-07-25 00:00:00-04:00,714.5778842585692,718.2957401275581,709.5743254141869,710.3517456054688,8271700,0.0,0.0
2025-07-28 00:00:00-04:00,712.8635901780652,722.3724029167645,710.3518030699777,715.28564453125,8715700,0.0,0.0
2025-07-29 00:00:00-04:00,717.6479213169642,722.1032896273051,697.6235240780348,697.7132568359375,13267000,0.0,0.0
2025-07-30 00:00:00-04:00,705.7768321791035,706.1854660197899,688.9419939778502,692.9389038085938,27077300,0.0,0.0
2025-07-31 00:00:00-04:00,772.667590247117,782.1863801577031,763.0092430876867,770.913330078125,38831100,0.0,0.0
2025-08-01 00:00:00-04:00,758.2448261685668,763.497629588928,742.8752172910131,747.5598754882812,19028700,0.0,0.0
2025-08-04 00:00:00-04:00,757.5172825632864,774.3122137700193,755.9324499017634,773.8338012695312,15801700,0.0,0.0
2025-08-05 00:00:00-04:00,773.913496774336,780.571667176634,760.507423214992,760.9659423828125,11640300,0.0,0.0
2025-08-06 00:00:00-04:00,767.4845283360178,771.1126516160077,757.9757159507556,769.468017578125,9733900,0.0,0.0
2025-08-07 00:00:00-04:00,770.9631295472946,772.4682063669705,757.0686667309535,759.3412475585938,9019700,0.0,0.0
2025-08-08 00:00:00-04:00,760.2582747146965,767.3849416766147,756.101914160301,766.786865234375,7320800,0.0,0.0
2025-08-11 00:00:00-04:00,767.5643719861222,770.9333352985195,762.1720109386977,763.3681030273438,7612000,0.0,0.0
2025-08-12 00:00:00-04:00,770.4747258826147,791.077183084039,769.9065806861354,787.419189453125,14563100,0.0,0.0
2025-08-13 00:00:00-04:00,788.5654595317508,792.8613769942957,775.6876233736197,777.5316162109375,8811800,0.0,0.0
2025-08-14 00:00:00-04:00,775.3387743217048,785.2363270315518,769.986322264654,779.5748901367188,8116200,0.0,0.0
2025-08-15 00:00:00-04:00,781.5883668624648,793.6488143059948,778.269228256533,782.664794921875,13375400,0.0,0.0
2025-08-18 00:00:00-04:00,772.5579712024165,773.2755899130946,754.0884756033142,764.8631591796875,16513700,0.0,0.0
2025-08-19 00:00:00-04:00,764.613945820292,764.6637703117248,746.9119549568848,749.0250244140625,12286700,0.0,0.0
2025-08-20 00:00:00-04:00,745.1278092436016,747.7492222984731,728.6119336256934,745.2772827148438,11898200,0.0,0.0
2025-08-21 00:00:00-04:00,742.2772053426181,743.0646026719377,730.7150636889187,736.6854858398438,8876300,0.0,0.0
2025-08-22 00:00:00-04:00,736.81505282597,754.4273720053774,731.9908982789533,752.32421875,10612700,0.0,0.0
2025-08-25 00:00:00-04:00,752.3541041091971,756.40083816002,747.679423323267,750.8390502929688,6861200,0.0,0.0
2025-08-26 00:00:00-04:00,748.3472672479323,752.4039786334924,745.4966249237331,751.636474609375,7601800,0.0,0.0
2025-08-27 00:00:00-04:00,749.8423869559551,751.6863799088018,740.4133296583533,744.9384765625,8315400,0.0,0.0
2025-08-28 00:00:00-04:00,741.5695520935569,750.5899760103364,738.3799934657852,748.6563110351562,7468000,0.0,0.0
2025-08-29 00:00:00-04:00,742.8453254860702,744.6992345800578,732.9477115811937,736.2868041992188,9070500,0.0,0.0
2025-09-02 00:00:00-04:00,723.6680587816751,733.5955420945892,719.3721416683287,732.7084350585938,9350900,0.0,0.0
2025-09-03 00:00:00-04:00,733.5955932459119,737.8317091036498,731.5921498947655,734.6421508789062,7699300,0.0,0.0
2025-09-04 00:00:00-04:00,746.1245900119145,758.6734271200463,743.3835736708148,746.204345703125,11439100,0.0,0.0
2025-09-05 00:00:00-04:00,750.1613099282893,755.4739147328357,742.596139272426,749.9918823242188,9663400,0.0,0.0
2025-09-08 00:00:00-04:00,753.5302710608411,764.0059463353695,749.5632925404257,749.8423461914062,13087800,0.0,0.0
2025-09-09 00:00:00-04:00,755.0153467057662,763.7965628893893,750.9686127504068,763.1985473632812,10999000,0.0,0.0
2025-09-10 00:00:00-04:00,762.6304417530438,763.1985869501963,748.5465974429485,749.5233764648438,12478300,0.0,0.0
2025-09-11 00:00:00-04:00,752.184771170502,754.6267189634892,745.9252571616319,748.447021484375,7923300,0.0,0.0
2025-09-12 00:00:00-04:00,746.2840072815898,755.095155276553,741.330272625368,753.1216430664062,8248600,0.0,0.0
2025-09-15 00:00:00-04:00,754.9954213012545,771.5412279036273,749.5333431691193,762.2018432617188,10533800,0.0,0.0
2025-09-16 00:00:00-04:00,764.494341124313,778.8074148399552,762.6005237676653,776.4551391601562,11782500,0.0,0.0
2025-09-17 00:00:00-04:00,777.4419223006557,780.7311297077449,763.8066193659058,773.1858520507812,9400900,0.0,0.0
2025-09-18 00:00:00-04:00,778.1994774600552,786.203274581819,770.8336042127465,777.7011108398438,10955000,0.0,0.0
2025-09-19 00:00:00-04:00,783.8508708699721,788.2165669565625,766.6771780735046,775.837158203125,23696800,0.0,0.0
2025-09-22 00:00:00-04:00,779.8218176027002,783.6917575585782,762.4868973227559,763.1751098632812,11706900,0.525,0.0
2025-09-23 00:00:00-04:00,767.254476840496,768.6009504341728,749.1216451610411,753.4404296875,10872600,0.0,0.0
2025-09-24 00:00:00-04:00,755.5349916265823,759.1356124217834,750.5779133776451,758.686767578125,8828200,0.0,0.0
2025-09-25 00:00:00-04:00,751.4954858581857,754.8068807440363,742.6185490172081,746.9672241210938,10591100,0.0,0.0
2025-09-26 00:00:00-04:00,748.0544659269957,749.9794521140951,735.4372562509625,741.8206787109375,9696300,0.0,0.0
2025-09-29 00:00:00-04:00,746.777703342028,748.8324179023273,737.2325826153279,741.4715576171875,9246800,0.0,0.0
2025-09-30 00:00:00-04:00,740.3245554260684,741.0426584785586,724.4159185837501,732.4749755859375,16226800,0.0,0.0
2025-10-01 00:00:00-04:00,719.6183236513255,719.9773751402398,708.357633728991,715.4791259765625,20419600,0.0,0.0
2025-10-02 00:00:00-04:00,720.7055653205383,725.8821043267139,716.2770807321521,725.1639404296875,11415300,0.0,0.0
2025-10-03 00:00:00-04:00,727.7372737109582,729.1037149276121,708.3377167266436,708.7167358398438,16154300,0.0,0.0
2025-10-06 00:00:00-04:00,703.3607165744016,715.0203947681905,688.718804278428,713.8035278320312,21654700,0.0,0.0
2025-10-07 00:00:00-04:00,715.8581417735932,716.636147605649,703.9192222306009,711.230224609375,12062900,0.0,0.0
2025-10-08 00:00:00-04:00,711.599278595462,717.7832075860277,705.9738944950672,715.9779052734375,10790600,0.0,0.0
2025-10-09 00:00:00-04:00,716.4167658258609,731.6072387695312,710.5918883665408,731.6072387695312,12717200,0.0,0.0
2025-10-10 00:00:00-04:00,729.0239332852144,733.3626856542741,702.6824691715568,703.4703979492188,16980100,0.0,0.0
2025-10-13 00:00:00-04:00,711.1603595995662,718.072374881022,705.8042950194317,713.8433837890625,9251800,0.0,0.0
2025-10-14 00:00:00-04:00,705.9439682909708,713.6937706407739,697.5158763660478,706.8117065429688,8829800,0.0,0.0
2025-10-15 00:00:00-04:00,715.1998794771447,722.0221626881838,707.6694770310874,715.6885986328125,10246800,0.0,0.0
2025-10-16 00:00:00-04:00,715.6886043056783,723.6080097298942,702.0540824517458,710.2228393554688,9017000,0.0,0.0
2025-10-17 00:00:00-04:00,705.2458014471516,716.6760344343375,704.2882698394852,715.0602416992188,12232400,0.0,0.0
2025-10-20 00:00:00-04:00,719.3191931642514,731.8665769499745,718.3118034233538,730.2706909179688,8900200,0.0,0.0
2025-10-21 00:00:00-04:00,734.110725168398,736.5842723709278,726.8595646449745,731.3678588867188,7647300,0.0,0.0
2025-10-22 00:00:00-04:00,731.9264006052239,738.6787972623451,722.1518348008319,731.5074462890625,8734500,0.0,0.0
2025-10-23 00:00:00-04:00,732.7941435868839,740.4841042897723,731.1982575844598,732.095947265625,9856000,0.0,0.0
2025-10-24 00:00:00-04:00,734.8786455644157,739.2872233202683,729.2533227506186,736.444580078125,9151300,0.0,0.0
2025-10-27 00:00:00-04:00,747.7851152228061,753.7895182960361,746.069606274355,748.872314453125,11321100,0.0,0.0
2025-10-28 00:00:00-04:00,750.6776381609803,756.4326899204912,743.5860965317024,749.49072265625,12193800,0.0,0.0
2025-10-29 00:00:00-04:00,752.7921200604676,757.1906533932021,740.5838813084906,749.7200927734375,26818600,0.0,0.0
2025-10-30 00:00:00-04:00,667.414190282622,679.1935516668058,648.4833846789722,664.7410888671875,88440100,0.0,0.0
2025-10-31 00:00:00-04:00,672.7602632515434,673.1392823636344,643.8953340746643,646.6680908203125,56953200,0.0,0.0
2025-11-03 00:00:00-05:00,654.298256711345,657.619635334369,634.5296648817072,636.0557250976562,33003600,0.0,0.0
2025-11-04 00:00:00-05:00,626.410791028598,640.0752642850032,624.3860886703497,625.6926879882812,27356600,0.0,0.0
2025-11-05 00:00:00-05:00,630.6697208898194,640.5639703518489,624.9146693781357,634.30029296875,20219900,0.0,0.0
2025-11-06 00:00:00-05:00,634.2005186436334,634.3501538797125,616.3968476378337,617.3344116210938,23628800,0.0,0.0
2025-11-07 00:00:00-05:00,614.8907386759073,620.5161224262619,599.640424749484,620.0972290039062,29946800,0.0,0.0
2025-11-10 00:00:00-05:00,629.4529708548182,633.3528014765299,616.5065997528014,630.1212158203125,19245000,0.0,0.0
2025-11-11 00:00:00-05:00,626.3709044869131,627.9268552540688,617.7832543081277,625.4533081054688,13302200,0.0,0.0
2025-11-12 00:00:00-05:00,626.5005716840028,627.3583261459861,606.1934022078184,607.43017578125,24493300,0.0,0.0
2025-11-13 00:00:00-05:00,611.4796659420805,616.0478021853295,601.4357808374693,608.3079223632812,20973800,0.0,0.0
2025-11-14 00:00:00-05:00,600.2288811530552,612.088052043071,593.6560102918138,607.8790283203125,20724100,0.0,0.0
2025-11-17 00:00:00-05:00,607.4600964135232,610.1032465254069,593.855525554584,600.4483642578125,16501300,0.0,0.0
2025-11-18 00:00:00-05:00,590.065358149623,602.0940719298206,582.2656968950795,596.1395874023438,25500600,0.0,0.0
2025-11-19 00:00:00-05:00,592.1797786556917,593.7856483585136,579.7421567881397,588.7886352539062,24744700,0.0,0.0
2025-11-20 00:00:00-05:00,601.9344542639864,605.1460720070379,581.8367012414765,587.6217041015625,20603000,0.0,0.0
2025-11-21 00:00:00-05:00,586.9734117815261,596.5684523172222,580.3506215479276,592.70849609375,21052600,0.0,0.0
2025-11-24 00:00:00-05:00,597.1668126146857,615.1002115339802,596.0796743085915,611.4596557617188,23554900,0.0,0.0
2025-11-25 00:00:00-05:00,622.3813086708644,635.3974440566444,616.696082618217,634.569580078125,25213000,0.0,0.0
2025-11-26 00:00:00-05:00,636.0358029520913,636.7040478933542,629.9915253276793,631.9663696289062,15209500,0.0,0.0
2025-11-28 00:00:00-05:00,634.4299618769652,646.3688812783262,633.8514494094911,646.2691650390625,11033200,0.0,0.0
2025-12-01 00:00:00-05:00,637.8909364271796,643.6459879981971,636.1056017671217,639.20751953125,13029900,0.0,0.0
2025-12-02 00:00:00-05:00,640.6737853801045,646.1894088056151,636.414842355605,645.42138671875,11640900,0.0,0.0
2025-12-03 00:00:00-05:00,642.7383773862279,647.1668624868771,635.8961867971512,637.9408569335938,11134300,0.0,0.0
2025-12-04 00:00:00-05:00,674.2463992276428,674.3461154685141,658.3377626918029,659.81396484375,29874600,0.0,0.0
2025-12-05 00:00:00-05:00,662.2775487290173,672.9398207362489,660.6717397649775,671.673095703125,21207900,0.0,0.0
2025-12-08 00:00:00-05:00,667.603701448277,674.9545781663558,663.344758713728,665.0702514648438,13161000,0.0,0.0
2025-12-09 00:00:00-05:00,662.0481300460407,662.7562492699393,651.6451938720459,655.2557983398438,12997100,0.0,0.0
2025-12-10 00:00:00-05:00,648.2639556943986,652.8121240146866,641.730959438269,648.4434814453125,16910900,0.0,0.0
2025-12-11 00:00:00-05:00,641.6212380225077,653.5801862453618,639.1377070000864,651.016845703125,13056700,0.0,0.0
2025-12-12 00:00:00-05:00,648.1143349664432,709.1555875928369,636.9533606253732,642.5587768554688,14016900,0.0,0.0
2025-12-15 00:00:00-05:00,644.5502809809109,651.8372704406642,637.5627451568915,646.3570556640625,15549100,0.525,0.0
2025-12-16 00:00:00-05:00,642.3541401459643,661.3602142938313,642.054686531657,655.9798583984375,14309100,0.0,0.0
2025-12-17 00:00:00-05:00,654.4426118233187,660.0526000253047,648.0440522221027,648.343505859375,15598500,0.0,0.0
2025-12-18 00:00:00-05:00,655.8601356908653,669.366012780715,655.2911433094866,663.2669067382812,20260300,0.0,0.0
2025-12-19 00:00:00-05:00,665.2333263832898,669.8051880946751,657.0080086354003,657.5969848632812,49977100,0.0,0.0
2025-12-22 00:00:00-05:00,660.4718397886508,672.380589007267,655.4807431709672,660.3220825195312,15659400,0.0,0.0
2025-12-23 00:00:00-05:00,658.8746741689592,664.8140915262984,657.0778915122911,663.7559814453125,8486800,0.0,0.0
2025-12-24 00:00:00-05:00,661.3503688947783,666.9902722948509,661.0209394131572,666.3613891601562,5627500,0.0,0.0
2025-12-26 00:00:00-05:00,666.8704124858896,667.7588423243637,660.1424238558649,662.10888671875,7133800,0.0,0.0
2025-12-29 00:00:00-05:00,656.8383689858442,659.0743707339258,653.2248195668056,657.5171508789062,8506500,0.0,0.0
2025-12-30 00:00:00-05:00,657.5171386037911,671.0230153954109,656.6686764849229,664.7642211914062,9187500,0.0,0.0
2025-12-31 00:00:00-05:00,663.5663484641349,663.8159033150052,658.2658058687088,658.9146728515625,7940400,0.0,0.0
2026-01-02 00:00:00-05:00,661.5499631466852,663.2070415689074,642.3542224297569,649.2518920898438,13726500,0.0,0.0
2026-01-05 00:00:00-05:00,649.8508280292294,663.3567049684374,646.5966230035071,657.616943359375,12213700,0.0,0.0
2026-01-06 00:00:00-05:00,658.3956073528642,664.3350252422523,650.7392812609531,659.4437255859375,11074400,0.0,0.0
2026-01-07 00:00:00-05:00,654.4726104611178,657.9763704555172,643.6618768302103,647.5349731445312,12846300,0.0,0.0
2026-01-08 00:00:00-05:00,644.7299347572825,645.9477331499952,634.5879917891143,644.9096069335938,11921700,0.0,0.0
2026-01-09 00:00:00-05:00,644.2906685217797,653.7837438291153,641.7052537227476,651.8970947265625,11634900,0.0,0.0
2026-01-12 00:00:00-05:00,651.3681600668523,652.8055375702352,640.0882316599212,640.826904296875,14797200,0.0,0.0
2026-01-13 00:00:00-05:00,641.1263941859123,641.1263941859123,622.9887038024194,629.96630859375,18030400,0.0,0.0
2026-01-14 00:00:00-05:00,625.3844405077801,627.3309804807691,613.7252454803604,614.4240112304688,15527900,0.0,0.0
2026-01-15 00:00:00-05:00,617.378703801015,623.0585745209008,613.1362714280776,619.694580078125,13076100,0.0,0.0
2026-01-16 00:00:00-05:00,623.0685636897582,627.9598630097294,618.9758886129073,619.1455688476562,17012500,0.0,0.0
2026-01-20 00:00:00-05:00,606.7976262932837,610.3113781504126,598.9316523845154,603.0443115234375,15169600,0.0,0.0
2026-01-21 00:00:00-05:00,605.659634898437,617.169133937088,599.0115204374271,611.8685913085938,14494700,0.0,0.0
2026-01-22 00:00:00-05:00,628.2293275614567,659.3937675491238,625.4343255489129,646.476806640625,21394700,0.0,0.0
2026-01-23 00:00:00-05:00,643.6219561683764,665.3032527677875,643.3025186421843,657.5870361328125,22797700,0.0,0.0
2026-01-26 00:00:00-05:00,663.9456740004919,674.0776252750454,660.1124846991261,671.1627807617188,16327400,0.0,0.0
2026-01-27 00:00:00-05:00,673.3888389297905,675.6148486525956,663.4764668627315,671.7716674804688,13297400,0.0,0.0
2026-01-28 00:00:00-05:00,673.2989910894674,676.4733214975852,664.9139236867763,667.5392456054688,25709600,0.0,0.0
2026-01-29 00:00:00-05:00,736.1169233837337,742.6752321400184,711.2812198864386,736.995361328125,59852900,0.0,0.0
2026-01-30 00:00:00-05:00,726.2045952530067,730.8662626744616,712.3193905555435,715.2241821289062,23744600,0.0,0.0
2026-02-02 00:00:00-05:00,713.3275184694113,720.0156002559207,702.2672920108814,705.152099609375,14365200,0.0,0.0
2026-02-03 00:00:00-05:00,706.1104025957663,715.7232596178901,685.1877035052055,690.4683227539062,13760700,0.0,0.0
2026-02-04 00:00:00-05:00,686.5053883494637,687.603466213174,666.2715231343633,667.7987670898438,16882800,0.0,0.0
2026-02-05 00:00:00-05:00,662.3984025060512,680.2864759062725,652.3363345630947,669.0166015625,17131800,0.0,0.0
2026-02-06 00:00:00-05:00,664.3050190645899,670.7934451675868,645.3488423980709,660.2822265625,18159300,0.0,0.0
2026-02-09 00:00:00-05:00,661.9991209626965,682.0932819515241,657.6069922476072,676.0140991210938,14837500,0.0,0.0
2026-02-10 00:00:00-05:00,676.3934502400131,679.4380681924739,668.597359057372,669.5256958007812,10455800,0.0,0.0
2026-02-11 00:00:00-05:00,672.7998711552045,678.0605068549233,655.9299390360635,667.4993286132812,14323800,0.0,0.0
2026-02-12 00:00:00-05:00,668.7770306530766,674.7963229561075,644.1310518439949,648.6529541015625,14960100,0.0,0.0
2026-02-13 00:00:00-05:00,643.9513250294082,650.2700710327099,633.4401061931457,638.630859375,12336400,0.0,0.0
2026-02-17 00:00:00-05:00,638.3612593202278,641.4557148619026,627.6803003409905,638.151611328125,12674700,0.0,0.0
2026-02-18 00:00:00-05:00,632.67143641335,643.8515057528024,627.0315334227189,642.0746459960938,14649200,0.0,0.0
2026-02-19 00:00:00-05:00,637.432932921519,646.0375787806976,635.5861905818066,643.6318969726562,10035700,0.0,0.0
2026-02-20 00:00:00-05:00,638.5509584025834,662.1688021543367,637.6426055733327,654.4924926757812,14183500,0.0,0.0
2026-02-23 00:00:00-05:00,651.3780476889771,656.5288937722072,634.8675211939732,636.1152954101562,8605900,0.0,0.0
2026-02-24 00:00:00-05:00,631.9527259539814,639.9683956881865,627.8599900449855,638.16162109375,10135600,0.0,0.0
2026-02-25 00:00:00-05:00,641.3859599741169,652.7157261405878,640.9966397738364,652.5260620117188,11330700,0.0,0.0
2026-02-26 00:00:00-05:00,649.3916295582877,659.823034651462,646.3470725216666,655.8401489257812,10637700,0.0,0.0
2026-02-27 00:00:00-05:00,642.3043203814821,648.2836451675449,636.983793627941,647.02587890625,15703000,0.0,0.0
2026-03-02 00:00:00-05:00,636.0254184162494,658.764884603327,633.3701817354564,652.396240234375,9816100,0.0,0.0
2026-03-03 00:00:00-05:00,647.1356255764312,657.866484005116,637.7025010942567,653.91357421875,12263800,0.0,0.0
2026-03-04 00:00:00-05:00,656.788453587829,671.5720803574089,656.4989309709863,666.541015625,10810100,0.0,0.0
2026-03-05 00:00:00-05:00,660.751362594833,669.5057662619517,649.1520579976961,659.393798828125,13341400,0.0,0.0
2026-03-06 00:00:00-05:00,646.7463568472266,648.3135076492586,634.9773114336934,643.7117309570312,13159400,0.0,0.0
2026-03-09 00:00:00-04:00,633.6497720389343,646.596649067328,625.6640164348609,646.2373046875,13489700,0.0,0.0
2026-03-10 00:00:00-04:00,652.3962328583322,659.1242214972237,647.8443550809549,652.9053344726562,9859300,0.0,0.0
2026-03-11 00:00:00-04:00,653.5941111270305,657.9463328691638,647.2054829186618,653.6939086914062,8977200,0.0,0.0
2026-03-12 00:00:00-04:00,647.5948263527883,652.336368433984,635.7659510050273,637.0436401367188,11617500,0.0,0.0
2026-03-13 00:00:00-04:00,622.7790526456299,628.0496188589474,608.4645611002024,612.6171875,18957600,0.0,0.0
2026-03-16 00:00:00-04:00,631.4147932406764,634.1622468505053,622.5230098937741,626.8690185546875,15134900,0.525,0.0
2026-03-17 00:00:00-04:00,627.4085169382369,635.9605885584036,621.1243629754691,622.0834350585938,10348800,0.0,0.0
2026-03-18 00:00:00-04:00,615.769347359454,622.0735023862151,614.04090772979,615.1099243164062,11726300,0.0,0.0
2026-03-19 00:00:00-04:00,611.5832104537112,612.4323990135786,601.7023533616688,606.1382446289062,13247700,0.0,0.0
2026-03-20 00:00:00-04:00,602.9712077810872,603.400802317344,586.7062525156723,593.1102905273438,21214900,0.0,0.0
2026-03-23 00:00:00-04:00,605.2290499891692,608.0764476338709,598.4553596033379,603.5006713867188,13638000,0.0,0.0
2026-03-24 00:00:00-04:00,598.5452420228083,600.443507118967,590.4527665679026,592.3709716796875,10739700,0.0,0.0
2026-03-25 00:00:00-04:00,598.1855830392399,603.1110107561809,592.850561795072,594.3391723632812,12585000,0.0,0.0
2026-03-26 00:00:00-04:00,581.9506076701073,582.460145169462,542.8468364624507,547.032958984375,35780100,0.0,0.0
2026-03-27 00:00:00-04:00,539.599843303006,543.0966023049141,519.7782492802263,525.233154296875,30133000,0.0,0.0
2026-03-30 00:00:00-04:00,535.8833618164062,539.0504095872608,528.0505941707193,535.8833618164062,22795200,0.0,0.0
2026-03-31 00:00:00-04:00,549.4707059552647,573.1587727471259,546.2637174010383,571.6002197265625,32898300,0.0,0.0
2026-04-01 00:00:00-04:00,579.5928556215499,592.0013387220274,573.2887005646345,578.6936645507812,23608100,0.0,0.0
2026-04-02 00:00:00-04:00,565.5158531822124,577.9643377947169,559.1817578546791,573.9281005859375,13518500,0.0,0.0
2026-04-06 00:00:00-04:00,577.1550997330287,582.2503530791108,571.4703658572956,572.4894409179688,9515700,0.0,0.0
2026-04-07 00:00:00-04:00,571.9498894780604,574.6973431004155,564.2370671243236,574.5175170898438,9580800,0.0,0.0
2026-04-08 00:00:00-04:00,605.4388670235439,629.3667024291958,591.2820049792073,611.8529052734375,32036600,0.0,0.0
2026-04-09 00:00:00-04:00,626.3894374266143,636.9097166035551,622.4231426572783,627.8081665039062,19012900,0.0,0.0
2026-04-10 00:00:00-04:00,633.882449891805,637.9886903650855,623.7518859014353,629.2767333984375,13294800,0.0,0.0
2026-04-13 00:00:00-04:00,628.9171329935918,634.4120404303904,623.8218795800174,633.9425048828125,9538900,0.0,0.0
2026-04-14 00:00:00-04:00,642.624350345733,665.6430543798978,638.7779398291946,661.8765258789062,17818000,0.0,0.0
2026-04-15 00:00:00-04:00,666.3824145357423,677.8717665104965,663.6049593103575,670.9581909179688,14952600,0.0,0.0
2026-04-16 00:00:00-04:00,675.3640350842893,676.9525896021297,667.131674939706,676.2432250976562,9544800,0.0,0.0
2026-04-17 00:00:00-04:00,677.9716157075654,690.8796961433965,674.5048580761284,687.9124145507812,16283500,0.0,0.0
2026-04-20 00:00:00-04:00,680.7290935491282,682.7472426832454,667.381478611767,670.2887573242188,12534000,0.0,0.0
2026-04-21 00:00:00-04:00,670.3786762058809,675.5738733736962,666.7120915784461,668.220703125,8660100,0.0,0.0
2026-04-22 00:00:00-04:00,673.7355628200382,677.7518600207422,669.1298460769134,674.09521484375,9215600,0.0,0.0
2026-04-23 00:00:00-04:00,663.0854475032797,668.9400066983026,652.4452846667049,658.5396728515625,11667000,0.0,0.0
2026-04-24 00:00:00-04:00,659.7085674039201,680.0396994180859,653.2345872360809,674.4049682617188,13348300,0.0,0.0
2026-04-27 00:00:00-04:00,670.3786986745525,681.8680504402118,670.2188736545023,677.9916381835938,12805200,0.0,0.0
2026-04-28 00:00:00-04:00,673.6156618787633,677.5520159823654,665.0136491453696,670.7183837890625,10606800,0.0,0.0
2026-04-29 00:00:00-04:00,668.290599742094,673.6256820299297,663.1953464496755,668.5004272460938,18947500,0.0,0.0
2026-04-30 00:00:00-04:00,618.7465567527638,620.2751083620838,599.4444385151393,611.3433837890625,52765000,0.0,0.0
2026-05-01 00:00:00-04:00,614.120842749119,618.3069655430758,605.548770151405,608.1863403320312,21404000,0.0,0.0
2026-05-04 00:00:00-04:00,607.3771038685389,613.4314904063681,602.1919069095087,609.8447875976562,16203900,0.0,0.0
2026-05-05 00:00:00-04:00,612.7420849871345,613.7811000159977,599.8040642277598,604.3998413085938,17171300,0.0,0.0
2026-05-06 00:00:00-04:00,600.4934370812971,619.3759607512419,597.5461564796674,612.3125,19915500,0.0,0.0
2026-05-07 00:00:00-04:00,614.150739078972,624.4012480600104,612.9718390781961,616.2388305664062,12307400,0.0,0.0
2026-05-08 00:00:00-04:00,614.6303402495529,616.1988937552933,605.4987892063378,609.0654907226562,13557000,0.0,0.0
2026-05-11 00:00:00-04:00,604.010215830275,604.3498668649182,597.5262348938886,598.3054809570312,15940600,0.0,0.0
2026-05-12 00:00:00-04:00,594.2692320029287,603.1909559259367,592.0512559095129,602.441650390625,11351600,0.0,0.0
2026-05-13 00:00:00-04:00,598.275515544453,619.3260125714435,596.1074810052941,616.0590209960938,14634400,0.0,0.0
2026-05-14 00:00:00-04:00,615.429618202359,623.152441138389,614.4305441468357,617.8573608398438,10651200,0.0,0.0
2026-05-15 00:00:00-04:00,613.421486859321,620.6248329546977,608.7458274653094,613.6612548828125,13272600,0.0,0.0
2026-05-18 00:00:00-04:00,608.5459509764945,615.0199919776213,603.1309869574205,610.64404296875,13772400,0.0,0.0
2026-05-19 00:00:00-04:00,608.3561568042173,613.361527578881,599.9939118379299,602.052001953125,11749900,0.0,0.0
2026-05-20 00:00:00-04:00,600.2037495434126,607.4370360716302,597.2564688338498,604.499755859375,11329700,0.0,0.0
2026-05-21 00:00:00-04:00,599.4443949814065,609.0354809096541,594.2591985256718,606.8175659179688,13476100,0.0,0.0
2026-05-22 00:00:00-04:00,607.3171451453314,614.2407210713809,606.3880135859368,609.6949462890625,11688600,0.0,0.0
2026-05-26 00:00:00-04:00,608.3261927003538,613.9009818092591,604.7394901495815,611.7730102539062,12234200,0.0,0.0
2026-05-27 00:00:00-04:00,608.8357727220844,637.908804248614,608.4361186960156,634.6718139648438,23143600,0.0,0.0
2026-05-28 00:00:00-04:00,638.9078448274123,642.4046039468743,628.7272779804616,634.7017211914062,16772400,0.0,0.0
2026-05-29 00:00:00-04:00,632.9133899267435,633.9124639439917,622.7727642602187,631.92431640625,19806500,0.0,0.0
2026-06-01 00:00:00-04:00,629.8162791560948,635.1613007084701,598.974869401479,599.9139404296875,29138800,0.0,0.0
2026-06-02 00:00:00-04:00,602.68138962268,608.3161816139932,596.1274666259658,597.0765991210938,18252000,0.0,0.0
2026-06-03 00:00:00-04:00,602.4416570391962,623.5720977596394,599.7142043737263,622.4031372070312,23020100,0.0,0.0
2026-06-04 00:00:00-04:00,623.0924785224576,641.8051764288737,621.8536364911718,626.9888916015625,21469200,0.0,0.0
2026-06-05 00:00:00-04:00,622.8827460758752,628.567480013855,582.3702434655938,592.450927734375,30091600,0.0,0.0
2026-06-08 00:00:00-04:00,591.4518261333767,591.4518261333767,578.6836307521693,584.8479614257812,19512400,0.0,0.0
2026-06-09 00:00:00-04:00,590.4527436689563,597.0766092757164,580.4720040020986,584.0487060546875,16977400,0.0,0.0
2026-06-10 00:00:00-04:00,580.192266144374,590.7724873942649,570.0716409197756,570.4512939453125,17064000,0.0,0.0
2026-06-11 00:00:00-04:00,565.3060574843756,571.6401524850257,556.4942175026772,567.9036254882812,17628000,0.0,0.0
2026-06-12 00:00:00-04:00,572.4194595335534,575.5365655300229,560.3806300495169,566.4549560546875,14326400,0.0,0.0
2026-06-15 00:00:00-04:00,579.9000244140625,601.27001953125,579.2999877929688,593.47998046875,17653300,0.525,0.0
2026-06-16 00:00:00-04:00,593.6500244140625,605.8099975585938,592.0,600.2100219726562,11344400,0.0,0.0
2026-06-17 00:00:00-04:00,592.0,593.8099975585938,566.1900024414062,567.5800170898438,20478300,0.0,0.0
2026-06-18 00:00:00-04:00,572.8200073242188,580.219970703125,563.0999755859375,577.219970703125,28824600,0.0,0.0
2026-06-22 00:00:00-04:00,572.02001953125,575.8099975585938,559.8099975585938,563.8499755859375,15405500,0.0,0.0
2026-06-23 00:00:00-04:00,562.25,572.2000122070312,561.02001953125,562.2000122070312,13103300,0.0,0.0
2026-06-24 00:00:00-04:00,561.8900146484375,569.0399780273438,555.5499877929688,557.6699829101562,13963600,0.0,0.0
2026-06-25 00:00:00-04:00,555.5499877929688,556.3400268554688,540.1799926757812,542.8699951171875,16968600,0.0,0.0
2026-06-26 00:00:00-04:00,543.3400268554688,556.8499755859375,540.4000244140625,550.25,18867700,0.0,0.0
2026-06-29 00:00:00-04:00,560.0,570.9000244140625,558.0,562.5999755859375,15011400,0.0,0.0
2026-06-30 00:00:00-04:00,560.9400024414062,565.5399780273438,551.4299926757812,563.2899780273438,18111100,0.0,0.0
2026-07-01 00:00:00-04:00,607.9099731445312,628.280029296875,595.0999755859375,612.9099731445312,45536300,0.0,0.0
2026-07-02 00:00:00-04:00,607.9000244140625,610.0,580.4199829101562,582.9000244140625,21705900,0.0,0.0
2026-07-06 00:00:00-04:00,594.8400268554688,603.5800170898438,581.760009765625,600.2899780273438,17674100,0.0,0.0
2026-07-07 00:00:00-04:00,607.5900268554688,625.3699951171875,603.6599731445312,615.5800170898438,18560800,0.0,0.0
2026-07-08 00:00:00-04:00,614.3900146484375,616.0,598.010009765625,603.1199951171875,13606500,0.0,0.0
2026-07-09 00:00:00-04:00,583.989990234375,633.27001953125,577.0700073242188,631.47998046875,26579700,0.0,0.0
2026-07-10 00:00:00-04:00,660.3400268554688,677.8599853515625,658.010009765625,669.2100219726562,40608900,0.0,0.0
2026-07-13 00:00:00-04:00,661.3800048828125,676.6199951171875,654.2000122070312,656.72998046875,19840700,0.0,0.0
2026-07-14 00:00:00-04:00,652.0,666.5,649.0499877929688,661.0399780273438,16748200,0.0,0.0
2026-07-15 00:00:00-04:00,663.5999755859375,686.0800170898438,656.6599731445312,681.3099975585938,19003400,0.0,0.0
2026-07-16 00:00:00-04:00,677.280029296875,681.9000244140625,660.1599731445312,664.5399780273438,15816000,0.0,0.0
2026-07-17 00:00:00-04:00,647.7000122070312,652.2000122070312,626.0,646.010009765625,22267900,0.0,0.0
2026-07-20 00:00:00-04:00,646.7000122070312,653.2999877929688,636.010009765625,645.8499755859375,10225200,0.0,0.0
2026-07-21 00:00:00-04:00,654.1799926757812,655.8800048828125,643.2000122070312,643.8099975585938,9140500,0.0,0.0
2026-07-22 00:00:00-04:00,647.7000122070312,649.0,624.0,627.1699829101562,11019600,0.0,0.0
2026-07-23 00:00:00-04:00,608.4099731445312,614.6500244140625,597.219970703125,606.0999755859375,15494800,0.0,0.0
2026-07-24 00:00:00-04:00,605.2999877929688,609.97998046875,594.4500122070312,595.1900024414062,11503500,0.0,0.0
2026-07-27 00:00:00-04:00,607.219970703125,611.260009765625,593.1300048828125,593.8699951171875,11195300,0.0,0.0
2026-07-28 00:00:00-04:00,596.8200073242188,601.0,587.0,593.4099731445312,12009300,0.0,0.0
2026-07-29 00:00:00-04:00,593.25,599.969970703125,582.219970703125,585.6099853515625,22371100,0.0,0.0
2026-07-30 00:00:00-04:00,526.0,539.8800048828125,524.489990234375,539.030029296875,42271500,0.0,0.0
2026-07-31 00:00:00-04:00,543.5999755859375,558.3300170898438,540.219970703125,556.7100219726562,24261500,0.0,0.0
2026-08-03 00:00:00-04:00,562.239990234375,597.52001953125,559.3599853515625,590.239990234375,25938100,0.0,0.0
2026-08-04 00:00:00-04:00,581.5,592.7899780273438,578.25,587.9400024414062,17959200,0.0,0.0
2026-08-05 00:00:00-04:00,600.4600219726562,601.0,580.1199951171875,588.77001953125,14897200,0.0,0.0
2026-08-06 00:00:00-04:00,586.9500122070312,595.3099975585938,586.0,589.9000244140625,11811500,0.0,0.0
2026-08-07 00:00:00-04:00,585.6400146484375,598.7399291992188,585.6199951171875,592.0999755859375,11039349,0.0,0.0
