Date,Open,High,Low,Close,Volume,Dividends,Stock Splits
2021-08-23 00:00:00-04:00,67.68470908136565,67.78738068961624,67.02591101827845,67.06013488769531,6492600,0.0,0.0
2021-08-24 00:00:00-04:00,66.96602405006553,66.96602405006553,66.34145635435252,66.4954605102539,8698100,0.0,0.0
2021-08-25 00:00:00-04:00,66.57247172678325,66.57247172678325,65.3661110537592,65.93934631347656,7045800,0.0,0.0
2021-08-26 00:00:00-04:00,65.9735403600076,66.15321073953503,65.46019548599581,65.51152801513672,6640400,0.0,0.0
2021-08-27 00:00:00-04:00,65.7168954825209,65.85379099448393,65.16932648974337,65.28055572509766,6010000,0.0,0.0
2021-08-30 00:00:00-04:00,65.28053970642699,65.74254562709103,65.2035343679592,65.45165252685547,7339700,0.0,0.0
2021-08-31 00:00:00-04:00,65.69977653171055,65.96500338523526,65.04953600665974,65.27198791503906,10949500,0.0,0.0
2021-09-01 00:00:00-04:00,65.2121032089887,65.70833961232618,64.87842858235685,65.1778793334961,9187200,0.0,0.0
2021-09-02 00:00:00-04:00,65.43455537381458,65.99923300265338,65.16932196966684,65.98212432861328,6559400,0.0,0.0
2021-09-03 00:00:00-04:00,66.10189056396484,66.20455564143342,65.61421186338279,66.10189056396484,6629800,0.0,0.0
2021-09-07 00:00:00-04:00,65.52864804853081,65.76821512365541,64.31373011287944,65.00675201416016,13979500,0.0,0.0
2021-09-08 00:00:00-04:00,64.99819806238156,64.99819806238156,63.997174349129246,64.4762954711914,8243000,0.0,0.0
2021-09-09 00:00:00-04:00,64.3308536277386,64.3308536277386,62.970482445856355,63.15871047973633,14628700,0.0,0.0
2021-09-10 00:00:00-04:00,63.29559773639542,63.492376817104095,62.55980089649483,62.84213638305664,11084500,0.0,0.0
2021-09-13 00:00:00-04:00,63.11592478583634,63.167263854619996,62.337352957588365,62.61113739013672,11245200,0.0,0.0
2021-09-14 00:00:00-04:00,63.060040853332104,63.13772973090836,62.20542368377886,62.24858856201172,15202800,0.65,0.0
2021-09-15 00:00:00-04:00,62.22267929807919,63.146350859799455,62.05002640717602,62.85284423828125,12555900,0.0,0.0
2021-09-16 00:00:00-04:00,63.03412282994277,63.03412282994277,61.886012425605756,62.12771987915039,14818900,0.0,0.0
2021-09-17 00:00:00-04:00,61.45439231210373,62.15361841170439,61.1954162676412,61.87738037109375,43406600,0.0,0.0
2021-09-20 00:00:00-04:00,61.42849751678564,62.680199728007835,61.39396693761636,62.09319305419922,15989400,0.0,0.0
2021-09-21 00:00:00-04:00,62.567976504411924,62.74062280379118,61.95506699373697,62.12771987915039,11995900,0.0,0.0
2021-09-22 00:00:00-04:00,62.43848641987433,62.50754757175347,62.032760385126785,62.18814468383789,9028700,0.0,0.0
2021-09-23 00:00:00-04:00,62.74063655178553,63.91465008571499,62.645679090509205,63.06003952026367,12813500,0.0,0.0
2021-09-24 00:00:00-04:00,63.52616556326527,64.42394071795326,63.31898870788604,63.543434143066406,14714700,0.0,0.0
2021-09-27 00:00:00-04:00,63.457128573677565,64.11318989504987,63.31037194886439,63.327640533447266,8630600,0.0,0.0
2021-09-28 00:00:00-04:00,63.49167058010438,63.72474382562475,62.72338307882056,63.293121337890625,11836200,0.0,0.0
2021-09-29 00:00:00-04:00,63.543476299972696,65.34765551016966,63.51757999912399,64.82107543945312,16054500,0.0,0.0
2021-09-30 00:00:00-04:00,65.24402862919281,66.16770009030746,64.82966832219138,64.83830261230469,16248600,0.0,0.0
2021-10-01 00:00:00-04:00,70.40624318349688,72.80606265338328,69.60342526286254,70.26812744140625,102497300,0.0,0.0
2021-10-04 00:00:00-04:00,72.6593054233472,72.99597033226769,71.14862718576859,71.73563385009766,53553300,0.0,0.0
2021-10-05 00:00:00-04:00,71.45939437841494,71.98597416615333,70.18179592550177,70.44076538085938,28977800,0.0,0.0
2021-10-06 00:00:00-04:00,70.35446372528581,70.50984808039047,69.18908435501902,69.62934112548828,17608000,0.0,0.0
2021-10-07 00:00:00-04:00,70.3889690139061,71.36443308998622,69.94871240167794,70.73426818847656,14190500,0.0,0.0
2021-10-08 00:00:00-04:00,70.50120715942259,70.61343320791522,69.51710853161363,69.60343170166016,12121100,0.0,0.0
2021-10-11 00:00:00-04:00,70.47529307690134,70.47529307690134,68.94735293606576,68.9991455078125,11279700,0.0,0.0
2021-10-12 00:00:00-04:00,69.21496818528205,69.21496818528205,68.41215025948954,68.70565032958984,10945000,0.0,0.0
2021-10-13 00:00:00-04:00,68.70565919869922,68.76609266497012,68.00643292940454,68.15318298339844,9462600,0.0,0.0
2021-10-14 00:00:00-04:00,68.17044952637714,68.7747183106133,67.31583893551864,67.61797332763672,14607900,0.0,0.0
2021-10-15 00:00:00-04:00,67.50574727768158,68.24813840462073,67.31583893551864,67.61797332763672,12866800,0.0,0.0
2021-10-18 00:00:00-04:00,67.97189072731281,67.97189072731281,66.56480413598683,66.59933471679688,13075500,0.0,0.0
2021-10-19 00:00:00-04:00,67.96326245861756,68.64522001935303,67.42804833954808,68.61932373046875,15577100,0.0,0.0
2021-10-20 00:00:00-04:00,68.4725751263546,70.13863780157494,68.46394083453539,69.9832534790039,11465500,0.0,0.0
2021-10-21 00:00:00-04:00,70.01779512049283,70.14728317409556,69.30130026512226,70.06958770751953,9893600,0.0,0.0
2021-10-22 00:00:00-04:00,70.05232238769531,70.33719477491518,69.8192425850479,70.05232238769531,7543600,0.0,0.0
2021-10-25 00:00:00-04:00,69.94872813637497,70.54436918184531,69.01642213112629,70.4925765991211,9365900,0.0,0.0
2021-10-26 00:00:00-04:00,70.69974250217199,71.09683427527989,70.53572390104948,71.00187683105469,9352500,0.0,0.0
2021-10-27 00:00:00-04:00,71.20043693311379,71.20043693311379,70.18180776373633,70.38898468017578,8465400,0.0,0.0
2021-10-28 00:00:00-04:00,71.97734577322909,74.9814404381967,71.79606516381374,74.71383666992188,28854700,0.0,0.0
2021-10-29 00:00:00-04:00,74.66203881048712,76.36263207247929,74.38580074568866,76.00870513916016,18678600,0.0,0.0
2021-11-01 00:00:00-04:00,76.00869501137662,76.50937190921204,75.35262722513497,75.82740783691406,10943900,0.0,0.0
2021-11-02 00:00:00-04:00,76.16408887587274,78.05459044170604,75.51665529904498,76.8460464477539,14671400,0.0,0.0
2021-11-03 00:00:00-04:00,76.63023250527108,77.19134290225759,76.14681755945364,76.55254364013672,10883900,0.0,0.0
2021-11-04 00:00:00-04:00,78.01142259530546,78.9005635447608,77.0618481968249,78.15817260742188,19519800,0.0,0.0
2021-11-05 00:00:00-04:00,71.0364085262553,72.5125562014609,70.22495638504124,70.44940185546875,37623900,0.0,0.0
2021-11-08 00:00:00-05:00,69.41350725508296,71.54571606321535,68.95598204653385,71.3730697631836,18655700,0.0,0.0
2021-11-09 00:00:00-05:00,72.18453735052877,72.26222622640174,70.70838943462198,71.4076156616211,10512000,0.0,0.0
2021-11-10 00:00:00-05:00,71.91691160584449,72.52981453339935,71.39033182838969,72.52118682861328,9855900,0.0,0.0
2021-11-11 00:00:00-05:00,72.44350014268498,72.73700679175508,72.10683520636353,72.52982330322266,5761500,0.0,0.0
2021-11-12 00:00:00-05:00,72.37444327890019,72.68521194412357,71.69248565991957,72.51256561279297,8206700,0.0,0.0
2021-11-15 00:00:00-05:00,72.64204877442805,72.66794506378446,71.99461519637795,72.24495697021484,7108200,0.0,0.0
2021-11-16 00:00:00-05:00,72.2276912354934,73.10820462455113,71.86512999813324,72.6075210571289,10565200,0.0,0.0
2021-11-17 00:00:00-05:00,72.83197082499605,73.09094033000866,71.29538945003135,71.30402374267578,10286300,0.0,0.0
2021-11-18 00:00:00-05:00,71.04504840618627,71.7701708639452,70.80333433423158,71.6924819946289,9833600,0.0,0.0
2021-11-19 00:00:00-05:00,71.105464831419,71.43349543039902,69.59478668032295,69.6638412475586,17581100,0.0,0.0
2021-11-22 00:00:00-05:00,69.92281237576768,70.84648383136425,69.52572065136513,70.47528839111328,10880200,0.0,0.0
2021-11-23 00:00:00-05:00,70.34580668004465,72.15861917926537,70.21631866166442,71.4766616821289,12130800,0.0,0.0
2021-11-24 00:00:00-05:00,71.47667727170274,71.56300044077254,70.7515481622381,71.02778625488281,8537000,0.0,0.0
2021-11-26 00:00:00-05:00,67.96326948041519,68.99916065902107,66.56481046186529,68.33446502685547,18022000,0.0,0.0
2021-11-29 00:00:00-05:00,65.96917056331016,66.90147659194974,63.88011958457137,64.64840698242188,34192400,0.0,0.0
2021-11-30 00:00:00-05:00,64.5275423573453,64.76924982344676,63.74198650648106,64.66566467285156,30179900,0.0,0.0
2021-12-01 00:00:00-05:00,65.20086697329207,66.39214879827489,64.21676860502258,64.25993347167969,21435900,0.0,0.0
2021-12-02 00:00:00-05:00,64.20815970797233,64.55345901968863,63.27586012818587,63.78517150878906,15345300,0.0,0.0
2021-12-03 00:00:00-05:00,63.957805008418106,64.09592733974006,62.72337124891325,63.31037139892578,14508900,0.0,0.0
2021-12-06 00:00:00-05:00,63.275828473267445,63.750609026577486,62.844206196058344,63.37941360473633,13506800,0.0,0.0
2021-12-07 00:00:00-05:00,62.17951353602684,62.77515447552999,61.72199490726296,62.39532470703125,17635100,0.0,0.0
2021-12-08 00:00:00-05:00,62.6197668635598,63.37079206998439,62.22267512019641,63.19813919067383,14331400,0.0,0.0
2021-12-09 00:00:00-05:00,63.3966871848499,63.50027232448977,62.749253717965516,62.89600372314453,11938000,0.0,0.0
2021-12-10 00:00:00-05:00,63.120461353313125,63.215418807001974,62.36943601578366,62.688838958740234,11398800,0.0,0.0
2021-12-13 00:00:00-05:00,62.47301077421719,63.40530988760355,62.12771163524325,63.37941360473633,17486100,0.0,0.0
2021-12-14 00:00:00-05:00,63.05699795742648,64.52100811384418,62.88271372510995,64.24214935302734,18949700,0.69,0.0
2021-12-15 00:00:00-05:00,64.2334376493605,65.69744790839938,64.2334376493605,65.61030578613281,14263400,0.0,0.0
2021-12-16 00:00:00-05:00,65.7933052794885,66.69088175794916,65.59287241752772,66.15059661865234,16601700,0.0,0.0
2021-12-17 00:00:00-05:00,66.71701358485386,67.7453064127147,65.79329527540007,65.95886993408203,28040600,0.0,0.0
2021-12-20 00:00:00-05:00,65.96760213018649,66.66475252845372,65.31402612500558,66.5863265991211,11818800,0.0,0.0
2021-12-21 00:00:00-05:00,66.44686544400419,66.47300740926876,65.26171426289214,65.8281478881836,14947800,0.0,0.0
2021-12-22 00:00:00-05:00,65.74102008264762,66.7170224568347,65.47087086963438,66.36845397949219,9256000,0.0,0.0
2021-12-23 00:00:00-05:00,66.49044596921982,66.49044596921982,65.66257931766783,65.99372863769531,9894900,0.0,0.0
2021-12-27 00:00:00-05:00,66.22902113283506,66.76059670275632,66.02858827511166,66.72573852539062,6334700,0.0,0.0
2021-12-28 00:00:00-05:00,66.82159140745945,67.22245044173312,66.41201616742502,66.93487548828125,5727100,0.0,0.0
2021-12-29 00:00:00-05:00,66.92618251879657,67.25732528609247,66.63860749406878,67.05689239501953,5926100,0.0,0.0
2021-12-30 00:00:00-05:00,67.2050092385576,67.63201014349421,67.07429277624605,67.2224349975586,5859100,0.0,0.0
2021-12-31 00:00:00-05:00,67.22245275848418,67.57974407330174,66.7693097710629,66.78673553466797,6019500,0.0,0.0
2022-01-03 00:00:00-05:00,66.73443537340475,67.04815223017492,65.66256833802073,66.98715209960938,9441200,0.0,0.0
2022-01-04 00:00:00-05:00,66.57759345877604,67.33573717692256,66.13316002669609,67.10916900634766,11981700,0.0,0.0
2022-01-05 00:00:00-05:00,67.32702709691074,69.54918094303315,67.32702709691074,68.7387466430664,17447900,0.0,0.0
2022-01-06 00:00:00-05:00,68.6603169971661,69.34875096921685,67.92830864582072,68.69517517089844,11359200,0.0,0.0
2022-01-07 00:00:00-05:00,68.72131343756699,70.17660720779287,68.3727383675356,69.97618103027344,15212000,0.0,0.0
2022-01-10 00:00:00-05:00,70.18534059577892,71.84977715610721,69.42719013148769,71.78006744384766,19636800,0.0,0.0
2022-01-11 00:00:00-05:00,71.8236274272571,71.94562772118505,70.2811913405866,71.17005157470703,11585100,0.0,0.0
2022-01-12 00:00:00-05:00,70.6559072790359,70.95219180274951,70.29861596083357,70.7604751586914,13057000,0.0,0.0
2022-01-13 00:00:00-05:00,70.5251923560261,71.21362638937478,70.0023330005195,70.86505126953125,9678100,0.0,0.0
2022-01-14 00:00:00-05:00,71.10905215940399,71.32691077916229,70.38575994616227,70.9173355102539,9478000,0.0,0.0
2022-01-18 00:00:00-05:00,70.67332183858946,71.59704673637938,70.42060508862443,71.05675506591797,14493100,0.0,0.0
2022-01-19 00:00:00-05:00,70.56877039005846,71.44020491049204,70.13305312984168,70.83891296386719,11448200,0.0,0.0
2022-01-20 00:00:00-05:00,70.35091377301474,71.33563241581562,70.16790666779137,70.36833953857422,12069600,0.0,0.0
2022-01-21 00:00:00-05:00,70.82147894472952,71.03933756989895,69.0524679721166,69.69733428955078,18461700,0.0,0.0
2022-01-24 00:00:00-05:00,69.51431898379941,69.81061013626584,66.79544791784556,68.69517517089844,17289000,0.0,0.0
2022-01-25 00:00:00-05:00,68.33787111098914,69.52302220243453,67.78015373248725,69.2441635131836,13662400,0.0,0.0
2022-01-26 00:00:00-05:00,69.18318302244474,70.01104312127694,68.60803972131816,68.96532440185547,13046600,0.0,0.0
2022-01-27 00:00:00-05:00,68.33787543874297,71.10903674739401,68.33787543874297,70.22017669677734,20187200,0.0,0.0
2022-01-28 00:00:00-05:00,69.31391747898859,70.57749514630572,69.00020045219607,70.49906921386719,13915300,0.0,0.0
2022-01-31 00:00:00-05:00,70.60360519008857,71.21361319895644,70.41189522577533,71.00447082519531,13035000,0.0,0.0
2022-02-01 00:00:00-05:00,71.422767111558,71.56219981560253,70.65590718486494,71.38790893554688,10803300,0.0,0.0
2022-02-02 00:00:00-05:00,71.28335389947469,71.71907120534307,70.81277841131461,71.46635437011719,13988200,0.0,0.0
2022-02-03 00:00:00-05:00,71.15263763258477,71.28335415451666,68.3204751343072,68.85205078125,19181400,0.0,0.0
2022-02-04 00:00:00-05:00,68.41633978608698,69.32263266697488,68.14619050956482,68.45990753173828,10716200,0.0,0.0
2022-02-07 00:00:00-05:00,68.66032328675514,68.77360737537494,67.4838880717187,67.60588836669922,23615300,0.0,0.0
2022-02-08 00:00:00-05:00,67.18760938132684,67.3880422737767,66.07217410643717,67.02204132080078,17486500,0.0,0.0
2022-02-09 00:00:00-05:00,67.24861274458677,67.38804548485135,66.58632717388696,66.6908950805664,15183100,0.0,0.0
2022-02-10 00:00:00-05:00,66.54273390007978,66.90001856072624,66.16801682758691,66.7170181274414,12437600,0.0,0.0
2022-02-11 00:00:00-05:00,66.57759312882101,67.88474480026964,66.37716028051797,66.78673553466797,9342300,0.0,0.0
2022-02-14 00:00:00-05:00,66.77801399491617,66.83901413543755,65.45343666565903,66.63858795166016,9881100,0.0,0.0
2022-02-15 00:00:00-05:00,67.54490141458763,68.13747724105014,67.37932670397467,67.80632781982422,11425600,0.0,0.0
2022-02-16 00:00:00-05:00,67.27474287924471,67.79760891468062,67.03945848211282,67.29217529296875,9981300,0.0,0.0
2022-02-17 00:00:00-05:00,66.9697485958108,67.03946496040827,66.22903050538844,66.5427474975586,8889300,0.0,0.0
2022-02-18 00:00:00-05:00,66.50787825396282,66.97845366395403,66.13316116722078,66.55145263671875,8780500,0.0,0.0
2022-02-22 00:00:00-05:00,66.62986578872354,66.97844083847146,65.88914796333175,66.18543243408203,9052500,0.0,0.0
2022-02-23 00:00:00-05:00,66.39458405700563,66.6124426405779,65.89786675240154,66.0895767211914,9659100,0.0,0.0
2022-02-24 00:00:00-05:00,65.44473612665774,65.63645279948058,63.51015028056296,64.05915832519531,21135600,0.0,0.0
2022-02-25 00:00:00-05:00,64.66043762023745,67.3531736982766,64.63429564884677,66.50788116455078,13665900,0.0,0.0
2022-02-28 00:00:00-05:00,66.08086790649803,66.8913021124241,65.1658591858176,66.73444366455078,14126100,0.0,0.0
2022-03-01 00:00:00-05:00,66.66473176790488,67.7627409762551,66.18544018729098,66.52529907226562,9807300,0.0,0.0
2022-03-02 00:00:00-05:00,66.49914933093609,67.29215773552744,66.28129075585268,66.8128662109375,9697500,0.0,0.0
2022-03-03 00:00:00-05:00,66.90002130082262,67.57102956553398,66.58631100842615,67.23117065429688,8191100,0.0,0.0
2022-03-04 00:00:00-05:00,66.82158725054484,67.84988006528353,66.2464373794207,67.82373809814453,12216300,0.0,0.0
2022-03-07 00:00:00-05:00,67.10914623871675,68.22458089502615,66.29871220741147,67.73657989501953,14008400,0.0,0.0
2022-03-08 00:00:00-05:00,67.31832544450272,68.05032734542586,66.71703341980256,67.05689239501953,10184100,0.0,0.0
2022-03-09 00:00:00-05:00,67.64073714956021,68.1635964337922,67.14401983226236,67.78887939453125,9746000,0.0,0.0
2022-03-10 00:00:00-05:00,67.6494475417787,68.14616486521184,67.38802122069191,67.87602233886719,8972200,0.0,0.0
2022-03-11 00:00:00-05:00,68.25076265106935,69.39233993392742,68.14618809787272,68.19847869873047,9424500,0.0,0.0
2022-03-14 00:00:00-04:00,68.4885995359016,69.11282087113676,67.96987624131268,68.38309478759766,10085400,0.69,0.0
2022-03-15 00:00:00-04:00,68.29515779531907,69.46447659762462,68.04898682802438,69.13917541503906,11403000,0.0,0.0
2022-03-16 00:00:00-04:00,69.420527504265,69.55240674911931,68.2687959616951,68.68201446533203,10944000,0.0,0.0
2022-03-17 00:00:00-04:00,68.70838115933815,69.78098905761401,68.62925093836134,69.40293884277344,10279400,0.0,0.0
2022-03-18 00:00:00-04:00,69.61394906389194,70.10629108674617,69.13039407169082,69.55240631103516,21064800,0.0,0.0
2022-03-21 00:00:00-04:00,70.04474206913267,70.73050602753307,69.37656558577947,69.50843811035156,10478300,0.0,0.0
2022-03-22 00:00:00-04:00,69.69307069008411,70.14145742450582,69.25347769373333,69.71945190429688,10016600,0.0,0.0
2022-03-23 00:00:00-04:00,69.71946099703106,70.8448181412318,69.65791823782189,70.0975112915039,8470400,0.0,0.0
2022-03-24 00:00:00-04:00,70.37004940684493,70.923934181234,70.08871015050582,70.69535064697266,7605000,0.0,0.0
2022-03-25 00:00:00-04:00,70.85360329583138,71.54816110716857,70.73051778067364,71.51299285888672,7125600,0.0,0.0
2022-03-28 00:00:00-04:00,71.53936988429935,71.80312166947358,70.97669136007245,71.39869689941406,7071900,0.0,0.0
2022-03-29 00:00:00-04:00,71.7943401979771,71.88225746650963,70.98548388756808,71.7152099609375,7398700,0.0,0.0
2022-03-30 00:00:00-04:00,71.9525747091721,72.70867516048169,71.80311470796488,72.4449234008789,9326600,0.0,0.0
2022-03-31 00:00:00-04:00,72.88452913456396,73.30653470687226,72.04051128228974,72.13722229003906,12466800,0.0,0.0
2022-04-01 00:00:00-04:00,72.26030644073458,73.48237456173307,71.77675141113481,73.42961883544922,10086700,0.0,0.0
2022-04-04 00:00:00-04:00,73.41202249689098,73.75490446056338,72.73505230667158,73.40322875976562,9039600,0.0,0.0
2022-04-05 00:00:00-04:00,73.55271210123121,75.10886854169014,73.42083284513798,73.60546112060547,12040900,0.0,0.0
2022-04-06 00:00:00-04:00,74.1681105227238,75.22313074131347,73.95710782053685,74.70441436767578,13924300,0.0,0.0
2022-04-07 00:00:00-04:00,75.39019135013031,76.58588471748538,74.69563368029492,76.31333923339844,13104300,0.0,0.0
2022-04-08 00:00:00-04:00,76.17266672250405,77.22768713167311,75.83857849138694,77.08702087402344,11409300,0.0,0.0
2022-04-11 00:00:00-04:00,77.6497058542412,78.66956481556221,75.76824838471411,76.16387939453125,14381000,0.0,0.0
2022-04-12 00:00:00-04:00,75.60999207480246,76.09354703276206,74.92422810362814,75.2846908569336,12543000,0.0,0.0
2022-04-13 00:00:00-04:00,75.43415505358271,75.82099229940474,74.5813436330453,75.72428131103516,12743800,0.0,0.0
2022-04-14 00:00:00-04:00,75.72429392703177,76.93757499865849,75.0912855899548,76.41006469726562,22096100,0.0,0.0
2022-04-18 00:00:00-04:00,75.9792377465279,76.88479807734208,75.32864211108999,75.67152404785156,7995100,0.0,0.0
2022-04-19 00:00:00-04:00,75.5836230141861,75.68912104340863,74.83631624067951,75.42536926269531,8494700,0.0,0.0
2022-04-20 00:00:00-04:00,75.18798258225405,76.3309270472825,75.1528210455469,76.01441955566406,8719400,0.0,0.0
2022-04-21 00:00:00-04:00,75.97046382787322,76.69139606389194,75.07369037108364,75.81221008300781,8562400,0.0,0.0
2022-04-22 00:00:00-04:00,75.48690838499512,75.7330793848838,74.29121492183005,74.3703384399414,7914000,0.0,0.0
2022-04-25 00:00:00-04:00,74.37034699131146,75.44295507786453,73.4384118966737,75.11766052246094,10573400,0.0,0.0
2022-04-26 00:00:00-04:00,75.39899286547043,75.78583014235174,74.19450563666736,74.27363586425781,9009600,0.0,0.0
2022-04-27 00:00:00-04:00,74.1153785470976,74.84509779052597,73.49994435518668,74.21208953857422,10781300,0.0,0.0
2022-04-28 00:00:00-04:00,75.39021273073578,78.57286902403803,74.73082311501506,77.87831115722656,21092300,0.0,0.0
2022-04-29 00:00:00-04:00,77.94863922436068,79.13553906268851,77.4474967312913,77.97501373291016,15914200,0.0,0.0
2022-05-02 00:00:00-04:00,78.00139015397326,78.10688819075789,76.16388775730378,77.06066131591797,12124900,0.0,0.0
2022-05-03 00:00:00-04:00,76.48039927998215,77.57938193830677,75.98805719550323,76.57711029052734,8425600,0.0,0.0
2022-05-04 00:00:00-04:00,76.11113614866892,78.04534277734618,75.92650788292168,77.82554626464844,10763500,0.0,0.0
2022-05-05 00:00:00-04:00,77.73762954340403,77.94863902657909,76.5155614608919,77.37716674804688,9548300,0.0,0.0
2022-05-06 00:00:00-04:00,77.13977806142512,78.17721781376025,76.91119453005037,77.71125030517578,12227400,0.0,0.0
2022-05-09 00:00:00-04:00,76.92878673126059,77.42112881989013,76.41007013183416,77.05187225341797,11901500,0.0,0.0
2022-05-10 00:00:00-04:00,77.47388435436949,78.50253051880925,76.72657077616114,77.20133209228516,12370800,0.0,0.0
2022-05-11 00:00:00-04:00,76.85844863511711,79.83888903113315,76.85844863511711,78.41461181640625,16338600,0.0,0.0
2022-05-12 00:00:00-04:00,78.99487803961634,79.87406423194966,77.68489249118404,79.85648345947266,14210200,0.0,0.0
2022-05-13 00:00:00-04:00,79.74217118375142,80.04989166402694,78.47614784674207,79.48721313476562,10308100,0.0,0.0
2022-05-16 00:00:00-04:00,79.82129700616294,81.65000547907566,79.72458601044546,81.16645050048828,13999000,0.0,0.0
2022-05-17 00:00:00-04:00,81.15766457550889,83.13583324763984,80.45431973890123,81.7643051147461,17582800,0.0,0.0
2022-05-18 00:00:00-04:00,81.37746251706801,81.90497953831625,80.68290469957154,80.97303771972656,12717600,0.0,0.0
2022-05-19 00:00:00-04:00,80.22572039746753,81.42141386274369,79.90041917123646,80.9642333984375,11121600,0.0,0.0
2022-05-20 00:00:00-04:00,81.28076875594212,82.71384668265219,81.28076875594212,82.24787902832031,11757100,0.0,0.0
2022-05-23 00:00:00-04:00,82.28302431883597,83.45234344791967,82.11598352015092,82.49403381347656,9067000,0.0,0.0
2022-05-24 00:00:00-04:00,82.86328709772961,83.34684211929391,82.26544030182166,83.20616912841797,9021000,0.0,0.0
2022-05-25 00:00:00-04:00,82.95999481395633,83.31167056955024,81.88738677784056,82.42369079589844,11177700,0.0,0.0
2022-05-26 00:00:00-04:00,82.854490768346,82.86328450691514,80.00592986874565,81.15766143798828,17249500,0.0,0.0
2022-05-27 00:00:00-04:00,81.1312738405427,81.86099974793572,80.66530638641292,81.83462524414062,9802000,0.0,0.0
2022-05-31 00:00:00-04:00,80.8060009800178,81.43022233166334,79.89164659365227,80.9114990234375,22860800,0.0,0.0
2022-06-01 00:00:00-04:00,80.59498825112034,80.82357851547425,79.16191732156203,80.12902069091797,10492500,0.0,0.0
2022-06-02 00:00:00-04:00,80.120224986129,80.12901872506546,78.0189707933647,79.12674713134766,11066200,0.0,0.0
2022-06-03 00:00:00-04:00,78.89816356608829,79.72460069713411,78.84541454330937,79.0476303100586,7051600,0.0,0.0
2022-06-06 00:00:00-04:00,79.27620172168739,79.70700770050115,78.85419618886438,78.98606872558594,8336900,0.0,0.0
2022-06-07 00:00:00-04:00,79.25862644424542,79.84767950793861,78.75749064701043,79.54875946044922,10243300,0.0,0.0
2022-06-08 00:00:00-04:00,79.63667423899368,79.69821699435752,78.48493594910276,78.66957092285156,10266000,0.0,0.0
2022-06-09 00:00:00-04:00,78.46735258535905,78.9421138428952,77.29803356444543,77.36837005615234,7381100,0.0,0.0
2022-06-10 00:00:00-04:00,76.63863668238928,77.40353086397175,76.23421195542295,76.64743041992188,8861600,0.0,0.0
2022-06-13 00:00:00-04:00,75.35504873139331,76.05840037757709,74.40552602134275,74.73082733154297,12016100,0.0,0.0
2022-06-14 00:00:00-04:00,75.13853566045321,75.37786238521652,74.34079794471494,74.89921569824219,11226900,0.69,0.0
2022-06-15 00:00:00-04:00,74.9524036501895,75.67037713128825,74.23443693164367,75.01445007324219,11357100,0.0,0.0
2022-06-16 00:00:00-04:00,74.25216166140147,75.5108283000993,73.61397277899277,75.24491119384766,12925200,0.0,0.0
2022-06-17 00:00:00-04:00,75.02330936648828,76.01605881301553,73.91533279058604,75.00558471679688,32989100,0.0,0.0
2022-06-21 00:00:00-04:00,76.27311364766861,78.3206522887362,75.58173055242054,78.02814483642578,11778600,0.0,0.0
2022-06-22 00:00:00-04:00,78.03702028203536,80.07569347100731,78.02815457440515,79.02976989746094,11935400,0.0,0.0
2022-06-23 00:00:00-04:00,79.77431836335555,81.68003954343516,79.38430842067338,81.54708099365234,14718400,0.0,0.0
2022-06-24 00:00:00-04:00,82.655066629201,83.13371340295696,81.28117273624115,82.54869842529297,25248400,0.0,0.0
2022-06-27 00:00:00-04:00,82.61072324868995,84.84440760871625,82.4777714817672,83.6832504272461,11949000,0.0,0.0
2022-06-28 00:00:00-04:00,83.41736053219012,83.61236553724689,81.0773139966167,81.44959259033203,13523300,0.0,0.0
2022-06-29 00:00:00-04:00,81.82187278253117,82.41575351750274,81.44959418154295,81.99915313720703,8657100,0.0,0.0
2022-06-30 00:00:00-04:00,81.23685213219508,82.34482882040682,80.58093182628858,80.81138610839844,18551400,0.0,0.0
2022-07-01 00:00:00-04:00,80.92664472956389,81.9814342603715,80.12003420815593,81.91938781738281,11413800,0.0,0.0
2022-07-05 00:00:00-04:00,81.9370910657349,82.3891406681365,80.24409950510245,82.11436462402344,9574400,0.0,0.0
2022-07-06 00:00:00-04:00,82.70824734987828,83.77190910129822,82.16755414781434,82.54869842529297,10455300,0.0,0.0
2022-07-07 00:00:00-04:00,82.38028298413293,83.27552325850262,82.03459480639555,82.44232940673828,8140100,0.0,0.0
2022-07-08 00:00:00-04:00,82.35369826430556,83.16030181339654,81.91050756891066,82.23846435546875,7161500,0.0,0.0
2022-07-11 00:00:00-04:00,82.32710291180103,84.01122894301554,82.28278789884092,83.58576965332031,9507700,0.0,0.0
2022-07-12 00:00:00-04:00,83.1248427994656,83.53257741326823,82.55755927047471,82.96529388427734,7826500,0.0,0.0
2022-07-13 00:00:00-04:00,82.95642551619908,83.63894292804879,82.45118842806814,83.11597442626953,6415600,0.0,0.0
2022-07-14 00:00:00-04:00,82.03460356244253,83.37303464472437,81.60027179529334,83.21348571777344,6271000,0.0,0.0
2022-07-15 00:00:00-04:00,84.07327387283807,84.51646456986153,83.64781459072545,84.1707763671875,9731900,0.0,0.0
2022-07-18 00:00:00-04:00,84.11758269554174,84.29485624203404,81.47616357247148,81.84844207763672,8653700,0.0,0.0
2022-07-19 00:00:00-04:00,82.56644556813964,82.77917525392384,81.65347362232127,81.86620330810547,8233600,0.0,0.0
2022-07-20 00:00:00-04:00,81.86619677855977,81.92824321373786,79.08295937904956,79.46410369873047,11844000,0.0,0.0
2022-07-21 00:00:00-04:00,79.02089142033202,80.13773371188881,78.80816180945773,79.89840698242188,8197000,0.0,0.0
2022-07-22 00:00:00-04:00,79.871826171875,80.17319259308391,79.29567692612204,79.871826171875,6354500,0.0,0.0
2022-07-25 00:00:00-04:00,79.9515950097168,80.42138280543662,79.55272610751369,80.24410247802734,6364500,0.0,0.0
2022-07-26 00:00:00-04:00,81.01526525609808,81.50277099229639,80.3061573965594,80.91776275634766,6414100,0.0,0.0
2022-07-27 00:00:00-04:00,80.21750928000446,80.98866346119311,79.7831843276938,80.86457061767578,6966300,0.0,0.0
2022-07-28 00:00:00-04:00,80.69617154435588,80.7759426323145,77.48746812067873,79.72115325927734,13909800,0.0,0.0
2022-07-29 00:00:00-04:00,79.84523524782416,80.73161661577278,78.24974608049538,79.1893081665039,14938600,0.0,0.0
2022-08-01 00:00:00-04:00,79.18931846089018,79.7920581399518,78.31180268606137,78.47135162353516,7343300,0.0,0.0
2022-08-02 00:00:00-04:00,78.94112650392248,79.41090757095958,77.60269543888747,77.65587615966797,7443000,0.0,0.0
2022-08-03 00:00:00-04:00,77.3367779601584,78.0192886697847,76.9024529631235,77.66474151611328,8187600,0.0,0.0
2022-08-04 00:00:00-04:00,77.83315850468738,77.9040706487515,76.7960937573282,76.95564270019531,7993800,0.0,0.0
2022-08-05 00:00:00-04:00,76.69858715973416,77.58496862560429,76.2465307186253,77.47860717773438,8801200,0.0,0.0
2022-08-08 00:00:00-04:00,77.38110090332378,78.69294162183202,77.04427163467834,78.4358901977539,8149400,0.0,0.0
2022-08-09 00:00:00-04:00,78.66635097687703,79.98705739835411,76.94676885911181,79.34886169433594,13215500,0.0,0.0
2022-08-10 00:00:00-04:00,79.80091545897002,79.88955224545855,78.16997694741036,79.05635833740234,8140200,0.0,0.0
2022-08-11 00:00:00-04:00,77.833147626314,79.61477611222804,77.43427870617136,78.82589721679688,7396800,0.0,0.0
2022-08-12 00:00:00-04:00,78.87909048427342,80.68730961750923,78.84363441155651,80.6784439086914,12317300,0.0,0.0
2022-08-15 00:00:00-04:00,80.51002303836992,80.5188819832053,79.67682237021948,80.30615234375,6339800,0.0,0.0
2022-08-16 00:00:00-04:00,79.73887672167326,80.57207747263128,79.65910563490698,80.29729461669922,5661200,0.0,0.0
2022-08-17 00:00:00-04:00,80.07568835682198,81.44958216195847,80.04023905367215,80.69615936279297,6486000,0.0,0.0
2022-08-18 00:00:00-04:00,81.1039108492743,81.40527732662251,80.24411967410934,81.01527404785156,6111600,0.0,0.0
2022-08-19 00:00:00-04:00,81.14823035395358,82.45120549966609,81.13049893663396,81.61801147460938,8828700,0.0,0.0
2022-08-22 00:00:00-04:00,81.37866317406178,81.742082744982,80.66956220740786,80.80252075195312,6652100,0.0,0.0
2022-08-23 00:00:00-04:00,80.55433874017413,80.65184123462488,79.526139838539,79.95159912109375,5208800,0.0,0.0
2022-08-24 00:00:00-04:00,79.95161101656393,80.05797923430512,79.36660272537328,79.783203125,5553300,0.0,0.0
2022-08-25 00:00:00-04:00,80.22637775011027,80.22637775011027,78.9499864441919,80.01364135742188,5884300,0.0,0.0
2022-08-26 00:00:00-04:00,80.02251428469083,80.43024893030316,78.967718220736,79.118408203125,5695300,0.0,0.0
2022-08-29 00:00:00-04:00,78.73725554084065,78.88793874464356,77.61154745936499,77.63813781738281,7850200,0.0,0.0
2022-08-30 00:00:00-04:00,77.53179584443977,77.62043264759643,76.74291680000269,77.00882720947266,6754000,0.0,0.0
2022-08-31 00:00:00-04:00,77.1506430338411,77.23041411915729,75.48424832477147,75.6615219116211,11602000,0.0,0.0
2022-09-01 00:00:00-04:00,75.9097081509463,77.5229221473679,75.66152242265896,77.2481460571289,7528600,0.0,0.0
2022-09-02 00:00:00-04:00,77.32790321356087,77.80654993013162,76.12242409683884,76.43266296386719,6997500,0.0,0.0
2022-09-06 00:00:00-04:00,76.74291376702833,77.35451241842637,76.37063515095052,76.60108947753906,8244300,0.0,0.0
2022-09-07 00:00:00-04:00,76.72517139262702,77.11518137047177,75.40446500749825,76.99995422363281,6121700,0.0,0.0
2022-09-08 00:00:00-04:00,76.671988042918,77.51404763432187,76.34402450347541,77.48745727539062,8109200,0.0,0.0
2022-09-09 00:00:00-04:00,77.6381450367752,78.15224788143463,77.35450325395509,77.41654968261719,7480100,0.0,0.0
2022-09-12 00:00:00-04:00,78.11679734528738,79.03863489537322,77.84202125068967,78.14339447021484,6351500,0.0,0.0
2022-09-13 00:00:00-04:00,77.39882725742898,77.6558786871569,76.32630652394232,76.47698974609375,7650000,0.0,0.0
2022-09-14 00:00:00-04:00,77.73686353342325,78.30872037497008,77.18287423570607,77.69218444824219,9418700,0.69,0.0
2022-09-15 00:00:00-04:00,77.87090103217113,78.12108757089749,77.02204605626743,77.51348876953125,8006800,0.0,0.0
2022-09-16 00:00:00-04:00,77.37945790977884,78.51424132638013,77.20075518793969,78.38021087646484,14842500,0.0,0.0
2022-09-19 00:00:00-04:00,77.60282388576084,77.68324486612886,76.52165695998085,77.4151840209961,7748600,0.0,0.0
2022-09-20 00:00:00-04:00,76.90587700744156,77.24541485033859,76.47698100113992,76.84333038330078,5454800,0.0,0.0
2022-09-21 00:00:00-04:00,77.0667217096848,77.29010351174185,75.52091663993846,75.52985382080078,7190800,0.0,0.0
2022-09-22 00:00:00-04:00,75.54772626673153,78.76442277136752,75.54772626673153,78.19256591796875,12329700,0.0,0.0
2022-09-23 00:00:00-04:00,78.0942878453369,78.63934004692663,76.92376243980416,77.54029846191406,9038500,0.0,0.0
2022-09-26 00:00:00-04:00,76.95057145311327,77.4777492736891,76.20894217803382,77.00418090820312,8841000,0.0,0.0
2022-09-27 00:00:00-04:00,77.57601500210518,78.2997697012299,76.54845757365999,76.70035552978516,6532100,0.0,0.0
2022-09-28 00:00:00-04:00,77.72793837797526,77.96025738612965,77.02205098875132,77.54029846191406,6840000,0.0,0.0
2022-09-29 00:00:00-04:00,77.73685430832722,78.11213403785672,77.04884147085649,77.4151840209961,6601300,0.0,0.0
2022-09-30 00:00:00-04:00,77.96024476074912,78.29085226430998,76.93268716266597,76.9505615234375,9035600,0.0,0.0
2022-10-03 00:00:00-04:00,77.48667285702282,78.54103513021562,76.86119978342691,78.22830200195312,9186900,0.0,0.0
2022-10-04 00:00:00-04:00,78.21936228459093,79.21117789995729,77.73685683789344,78.9788589477539,7373000,0.0,0.0
2022-10-05 00:00:00-04:00,79.14863127633376,79.32733396752363,78.64825147027489,78.9788589477539,6065700,0.0,0.0
2022-10-06 00:00:00-04:00,78.41594857142607,78.63933037025996,77.94238024862968,78.13002014160156,8055500,0.0,0.0
2022-10-07 00:00:00-04:00,78.52314329507594,78.89842978254246,77.84406774399622,78.27295684814453,8837400,0.0,0.0
2022-10-10 00:00:00-04:00,80.35490130768507,81.83815291368192,80.15832423310285,80.84634399414062,14485000,0.0,0.0
2022-10-11 00:00:00-04:00,80.801677708764,82.18664781396222,80.59616342084888,81.35566711425781,9743500,0.0,0.0
2022-10-12 00:00:00-04:00,81.53434609286734,81.95430491141943,80.74804471619936,80.79271697998047,8522200,0.0,0.0
2022-10-13 00:00:00-04:00,79.97067463267092,82.84783295599664,79.76516040226021,82.64231872558594,9382800,0.0,0.0
2022-10-14 00:00:00-04:00,82.44574772901805,83.41969587445969,81.97217942681435,82.3653335571289,9847600,0.0,0.0
2022-10-17 00:00:00-04:00,82.95504976757911,84.3221519087272,82.60657475622877,84.09877014160156,12139700,0.0,0.0
2022-10-18 00:00:00-04:00,84.36684110580116,85.1710169922796,84.00942884324719,84.53661346435547,9530400,0.0,0.0
2022-10-19 00:00:00-04:00,84.80467410096875,84.80467410096875,83.18738515179881,83.33035278320312,8546100,0.0,0.0
2022-10-20 00:00:00-04:00,83.27671519211879,83.4554246856204,82.52615577062237,83.04440307617188,7626000,0.0,0.0
2022-10-21 00:00:00-04:00,82.95505085767154,85.74285780217865,82.77634816845095,85.48373413085938,10297200,0.0,0.0
2022-10-24 00:00:00-04:00,86.18069637078413,87.94094605894739,86.01986120087399,87.00274658203125,11414900,0.0,0.0
2022-10-25 00:00:00-04:00,86.54704469020943,87.82478885229067,86.09134391178384,87.3065414428711,8747900,0.0,0.0
2022-10-26 00:00:00-04:00,87.8247658875944,88.70935567093869,87.56564225064106,87.93199157714844,10374700,0.0,0.0
2022-10-27 00:00:00-04:00,89.20975083013522,90.69300922863025,88.90595485959321,89.12039947509766,12218400,0.0,0.0
2022-10-28 00:00:00-04:00,89.56716501006726,90.37134085699077,88.05710867108643,90.04073333740234,11228000,0.0,0.0
2022-10-31 00:00:00-04:00,89.30801050866444,90.56788670393964,88.73615384071617,90.42491912841797,11043800,0.0,0.0
2022-11-01 00:00:00-04:00,89.93349841210951,90.30877813478513,88.41449834588337,89.13825988769531,11079300,0.0,0.0
2022-11-02 00:00:00-04:00,89.0399787645953,90.27304373457049,88.44131723101052,88.81659698486328,9503500,0.0,0.0
2022-11-03 00:00:00-04:00,88.4591987706438,88.67364340433792,87.56567151033425,88.2358169555664,9912700,0.0,0.0
2022-11-04 00:00:00-04:00,88.45918335327589,88.79872119887024,87.5299143464657,88.63788604736328,8877600,0.0,0.0
2022-11-07 00:00:00-05:00,88.01242298272197,89.67438400268526,87.27079382301417,89.4152603149414,8644500,0.0,0.0
2022-11-08 00:00:00-05:00,89.41526428765957,91.1129672865755,88.93275879425791,90.69300842285156,8503900,0.0,0.0
2022-11-09 00:00:00-05:00,90.51429775242383,92.71237359541152,90.49642339290456,90.7734146118164,10602900,0.0,0.0
2022-11-10 00:00:00-05:00,91.76524352013665,91.86353206050887,89.88883770615443,91.04148864746094,9556000,0.0,0.0
2022-11-11 00:00:00-05:00,89.82627925540766,90.0764657554146,86.96699523094141,87.52991485595703,13342800,0.0,0.0
2022-11-14 00:00:00-05:00,88.19112233708259,90.86277328327725,88.19112233708259,89.66544342041016,8958200,0.0,0.0
2022-11-15 00:00:00-05:00,89.71013241052344,90.01392838689502,88.20006925824767,88.99530792236328,7965900,0.0,0.0
2022-11-16 00:00:00-05:00,88.97742801908217,90.06753214443128,88.89700703722545,89.2901611328125,8757700,0.0,0.0
2022-11-17 00:00:00-05:00,89.71905214744896,91.45248994604094,89.59395209183305,91.416748046875,8496800,0.0,0.0
2022-11-18 00:00:00-05:00,91.7027055833619,93.46295547886685,91.7027055833619,93.13235473632812,11626300,0.0,0.0
2022-11-21 00:00:00-05:00,93.8203501184828,94.59772118789583,93.13233721712523,94.36540222167969,8899300,0.0,0.0
2022-11-22 00:00:00-05:00,94.83003144277569,95.69675384585994,94.75855445365866,95.51805114746094,8295700,0.0,0.0
2022-11-23 00:00:00-05:00,95.3840399701138,95.87548271552413,94.98195540901251,95.44658660888672,5749600,0.0,0.0
2022-11-25 00:00:00-05:00,95.21425856072455,96.0541763305664,95.21425856072455,96.0541763305664,3163700,0.0,0.0
2022-11-28 00:00:00-05:00,95.72354451724891,97.30509111590925,95.72354451724891,96.90299987792969,9524500,0.0,0.0
2022-11-29 00:00:00-05:00,96.50092822901307,97.44806478757589,96.0988437548872,97.2514877319336,9352400,0.0,0.0
2022-11-30 00:00:00-05:00,97.12638902622052,98.58284250190985,96.17031534144463,98.39520263671875,20305800,0.0,0.0
2022-12-01 00:00:00-05:00,98.06461961493655,99.16366117596422,97.1889598753552,98.10929870605469,10110500,0.0,0.0
2022-12-02 00:00:00-05:00,97.3944538378995,98.36839510408453,97.13533016101623,98.32372283935547,6943600,0.0,0.0
2022-12-05 00:00:00-05:00,98.11822649245168,98.49351312359528,97.58211149848198,98.29693603515625,6961900,0.0,0.0
2022-12-06 00:00:00-05:00,98.60965323036552,98.96706544077138,96.87620844099327,97.3319091796875,7458700,0.0,0.0
2022-12-07 00:00:00-05:00,97.52848212492044,98.92238218796494,97.39445169953449,98.36839294433594,8270400,0.0,0.0
2022-12-08 00:00:00-05:00,98.53817513775427,99.19938333424344,98.39521433554613,99.0474853515625,7354800,0.0,0.0
2022-12-09 00:00:00-05:00,99.16364745288956,99.51212250075523,97.17107888182449,97.19788360595703,9667800,0.0,0.0
2022-12-12 00:00:00-05:00,96.43836874239865,97.48379368936094,95.89331673065182,97.36763763427734,10956600,0.0,0.0
2022-12-13 00:00:00-05:00,99.4138378920054,99.4138378920054,97.3944645170912,99.10110473632812,15836900,0.0,0.0
2022-12-14 00:00:00-05:00,99.40690707386285,100.89099640915752,98.97517623661514,100.33334350585938,10788300,0.73,0.0
2022-12-15 00:00:00-05:00,99.15506290755086,99.63176885203978,98.24662612596315,98.60639953613281,9871400,0.0,0.0
2022-12-16 00:00:00-05:00,98.25559845814308,98.66934329720308,97.38313368050576,98.21961975097656,29465900,0.0,0.0
2022-12-19 00:00:00-05:00,98.210631692755,99.02912499079099,97.83285869296309,98.43549346923828,6949500,0.0,0.0
2022-12-20 00:00:00-05:00,98.88522823316008,99.5328313208108,98.183660508951,98.67835235595703,8022000,0.0,0.0
2022-12-21 00:00:00-05:00,99.02913272458062,100.0095337149764,98.52544450183777,99.93757629394531,6640900,0.0,0.0
2022-12-22 00:00:00-05:00,99.74869564105336,100.45925975101599,99.12807487845261,100.05450439453125,8373700,0.0,0.0
2022-12-23 00:00:00-05:00,100.0634812375961,100.85499214686823,99.72169383950417,100.61214447021484,4547400,0.0,0.0
2022-12-27 00:00:00-05:00,101.1068564245623,101.2687503222121,100.31533854856539,100.84601593017578,5125800,0.0,0.0
2022-12-28 00:00:00-05:00,101.53859602570589,101.53859602570589,99.89260596764585,99.91059875488281,5107800,0.0,0.0
2022-12-29 00:00:00-05:00,100.18942720443415,100.46825365205478,99.61378152159539,99.67674255371094,4467200,0.0,0.0
2022-12-30 00:00:00-05:00,100.04552165112996,100.21641196404063,99.04713464452945,99.79367065429688,5498600,0.0,0.0
2023-01-03 00:00:00-05:00,99.30796126863677,100.01851846508295,98.48046469080803,99.96455383300781,8062500,0.0,0.0
2023-01-04 00:00:00-05:00,101.02591638622094,101.28675691616748,100.05451169446928,100.81005096435547,8698600,0.0,0.0
2023-01-05 00:00:00-05:00,100.36930352218863,102.45602748437183,100.21639915461948,102.21317291259766,9578900,0.0,0.0
2023-01-06 00:00:00-05:00,102.82478628183134,103.877137681351,102.58193859818695,103.29249572753906,8632300,0.0,0.0
2023-01-09 00:00:00-05:00,103.32848757367684,103.37346267670375,98.88522325655663,99.28097534179688,12858800,0.0,0.0
2023-01-10 00:00:00-05:00,99.44288568523689,100.74708831404556,98.83126128123232,99.6677474975586,12122800,0.0,0.0
2023-01-11 00:00:00-05:00,98.34554194818878,100.11745382104023,97.8148714566882,99.9015884399414,8626500,0.0,0.0
2023-01-12 00:00:00-05:00,99.7666755239986,100.82802342796612,98.96616811515091,100.53120422363281,8914800,0.0,0.0
2023-01-13 00:00:00-05:00,100.01852176486636,101.13384118762058,99.79365997415198,100.96294403076172,5757800,0.0,0.0
2023-01-17 00:00:00-05:00,100.76506122269603,101.17880608045138,99.22700744857171,99.34393310546875,10241100,0.0,0.0
2023-01-18 00:00:00-05:00,98.86723344970821,99.0291342183516,97.66197750932541,97.85086059570312,8799500,0.0,0.0
2023-01-19 00:00:00-05:00,97.53605114844308,99.1010872681214,97.23023554905929,98.8492431640625,6772900,0.0,0.0
2023-01-20 00:00:00-05:00,98.38152072006676,98.93018399665758,97.72492818397396,98.88521575927734,9216500,0.0,0.0
2023-01-23 00:00:00-05:00,98.87622815537235,99.26299071485028,98.19264638140817,98.83125305175781,8998800,0.0,0.0
2023-01-24 00:00:00-05:00,98.93919424395489,98.93919424395489,95.69218922933335,97.6080093383789,7424200,0.0,0.0
2023-01-25 00:00:00-05:00,97.77890323529365,98.87622990543167,97.43711577338078,97.67096710205078,6168000,0.0,0.0
2023-01-26 00:00:00-05:00,97.6170030315668,97.63499581833015,95.17950195518262,96.1239242553711,9672700,0.0,0.0
2023-01-27 00:00:00-05:00,95.53028764555349,95.95302893351659,94.54089708394655,94.78374481201172,7784900,0.0,0.0
2023-01-30 00:00:00-05:00,94.95463091629443,95.79111700121707,94.89166989322443,95.4223403930664,6476600,0.0,0.0
2023-01-31 00:00:00-05:00,95.4313462750624,96.63660908798448,95.25145958047106,96.60962677001953,7938900,0.0,0.0
2023-02-01 00:00:00-05:00,96.21386585043449,96.62761072936983,95.41335840997995,96.22286224365234,10103200,0.0,0.0
2023-02-02 00:00:00-05:00,93.56049671849786,95.17050806427756,91.51875455037049,93.05680847167969,16229900,0.0,0.0
2023-02-03 00:00:00-05:00,92.84093253479801,93.35361711710954,92.17534358950026,92.5890884399414,11210800,0.0,0.0
2023-02-06 00:00:00-05:00,93.029829178183,94.10017359971447,92.49915173325368,93.56949615478516,9054500,0.0,0.0
2023-02-07 00:00:00-05:00,93.27267274615879,95.27844303984469,93.14675068598883,95.05358123779297,7904700,0.0,0.0
2023-02-08 00:00:00-05:00,95.1705027957428,96.70855663190703,94.72977560417509,95.91704559326172,8596300,0.0,0.0
2023-02-09 00:00:00-05:00,96.11493574059037,96.99639022159798,95.82711288892122,95.989013671875,7976800,0.0,0.0
2023-02-10 00:00:00-05:00,96.2138704363721,97.83287131864755,96.12392708661864,97.65298461914062,7609600,0.0,0.0
2023-02-13 00:00:00-05:00,97.77889990442658,98.5524250107231,97.45509837796584,98.53443908691406,7383100,0.0,0.0
2023-02-14 00:00:00-05:00,98.89422330339058,98.93919841119995,97.31120106962273,97.80589294433594,6983900,0.0,0.0
2023-02-15 00:00:00-05:00,97.61700680060503,97.85086500189547,96.74454188930868,96.85247802734375,6416600,0.0,0.0
2023-02-16 00:00:00-05:00,96.07895156376762,96.65459723437749,95.5482809989582,95.80012512207031,5959300,0.0,0.0
2023-02-17 00:00:00-05:00,95.638244250127,98.52546959760008,94.90968718552938,98.50747680664062,9474600,0.0,0.0
2023-02-21 00:00:00-05:00,97.94979491293067,98.83124926722824,97.70694034229157,98.10269927978516,6741500,0.0,0.0
2023-02-22 00:00:00-05:00,99.12807018105913,99.22700991713998,97.96778252703227,98.18365478515625,7213900,0.0,0.0
2023-02-23 00:00:00-05:00,98.2735967771764,100.05449827767329,98.12968194040563,99.46985626220703,6922800,0.0,0.0
2023-02-24 00:00:00-05:00,99.02014243874007,99.23601471514785,97.94080850565229,98.84025573730469,5787900,0.0,0.0
2023-02-27 00:00:00-05:00,98.96616859160746,99.0561119339556,97.60800147676795,98.36354064941406,5654800,0.0,0.0
2023-02-28 00:00:00-05:00,97.88684580929757,97.8958353409812,95.48532330008744,95.5572738647461,10209900,0.0,0.0
2023-03-01 00:00:00-05:00,95.30541991527868,96.73554446301733,95.30541991527868,95.92604064941406,6099000,0.0,0.0
2023-03-02 00:00:00-05:00,95.90806828668367,96.57366426529207,95.43136229000379,96.24986267089844,5097500,0.0,0.0
2023-03-03 00:00:00-05:00,96.58265060021495,96.59164699482766,95.45834145197249,96.13292694091797,6124300,0.0,0.0
2023-03-06 00:00:00-05:00,96.83448757666865,100.05450329516351,96.64559762837538,99.92858123779297,17776600,0.0,0.0
2023-03-07 00:00:00-05:00,100.53120551116622,100.8999821386495,99.58679011560635,100.08148193359375,13805300,0.0,0.0
2023-03-08 00:00:00-05:00,99.77569537166639,100.09050057349081,96.77153763739068,97.39215850830078,8440800,0.0,0.0
2023-03-09 00:00:00-05:00,98.3095741891768,98.84924109547202,96.33978277585035,96.78050994873047,5842500,0.0,0.0
2023-03-10 00:00:00-05:00,96.63659605567372,99.58678136743298,96.5466458582711,96.86145782470703,9738500,0.0,0.0
2023-03-13 00:00:00-04:00,93.96522849727526,97.89580746655285,93.90226748222749,95.0985336303711,10687100,0.0,0.0
2023-03-14 00:00:00-04:00,95.50612089668701,97.02769810765025,94.66381910294045,96.8827896118164,9806900,0.73,0.0
2023-03-15 00:00:00-04:00,96.43898742000044,97.84281897828164,95.61479668976409,97.48053741455078,10942700,0.0,0.0
2023-03-16 00:00:00-04:00,96.45710277890791,97.55299954936203,94.40116569432544,97.21788787841797,9441500,0.0,0.0
2023-03-17 00:00:00-04:00,97.04582162802826,97.19073013228328,93.73095408259746,94.28343200683594,26402100,0.0,0.0
2023-03-20 00:00:00-04:00,94.93552256994514,96.82844013706159,94.93552256994514,95.86839294433594,12865800,0.0,0.0
2023-03-21 00:00:00-04:00,96.00426028741146,96.39371180837146,94.88119351694763,95.58763885498047,11571800,0.0,0.0
2023-03-22 00:00:00-04:00,95.52423693441155,96.00425711439202,94.54607869410411,94.55513763427734,5705800,0.0,0.0
2023-03-23 00:00:00-04:00,94.28340809279192,94.76342818817695,93.70376040289919,94.40115356445312,6801700,0.0,0.0
2023-03-24 00:00:00-04:00,94.27435081350208,95.10760042859093,92.77995068947516,94.91740417480469,6661800,0.0,0.0
2023-03-27 00:00:00-04:00,96.0767059825692,97.46242657396121,95.9951893483982,96.84654998779297,7563100,0.0,0.0
2023-03-28 00:00:00-04:00,96.55671794304384,96.93711044377805,95.49705015816474,95.57855987548828,6679500,0.0,0.0
2023-03-29 00:00:00-04:00,95.66010237069686,95.88652752664062,94.67288509760948,95.02610778808594,6310200,0.0,0.0
2023-03-30 00:00:00-04:00,95.20724454640529,96.18539589134046,94.68193656767826,95.93180084228516,5017400,0.0,0.0
2023-03-31 00:00:00-04:00,96.2125744123984,96.4842804369245,95.56952092814196,96.35748291015625,7184300,0.0,0.0
2023-04-03 00:00:00-04:00,95.95897897501978,99.15610800295906,95.61481522323493,98.60363006591797,6964100,0.0,0.0
2023-04-04 00:00:00-04:00,98.4496449505049,99.02929273751845,97.96057274454388,98.56739044189453,6108200,0.0,0.0
2023-04-05 00:00:00-04:00,99.54554031337113,101.74638578519756,99.24665750487146,101.35694122314453,8006100,0.0,0.0
2023-04-06 00:00:00-04:00,102.34415286010938,103.40382074903494,101.11239967112122,101.73733520507812,6894500,0.0,0.0
2023-04-10 00:00:00-04:00,102.30792242672662,102.42566099813389,100.68671778531551,101.99092864990234,6446500,0.0,0.0
2023-04-11 00:00:00-04:00,102.09056972643177,102.62492974789618,101.72828811512782,101.88225555419922,5639800,0.0,0.0
2023-04-12 00:00:00-04:00,101.6648942046113,103.5306352634638,101.32978248891708,103.02344512939453,6136700,0.0,0.0
2023-04-13 00:00:00-04:00,104.12838458490945,104.89822860569849,102.9328602358163,104.68086242675781,7332300,0.0,0.0
2023-04-14 00:00:00-04:00,104.82577657444538,105.21522807564858,103.84762526137746,104.43632507324219,5005100,0.0,0.0
2023-04-17 00:00:00-04:00,104.78048073096465,105.468808054836,103.43098216954333,104.16460418701172,6575500,0.0,0.0
2023-04-18 00:00:00-04:00,103.68460073682168,104.26424852893967,103.00532533262589,104.00159454345703,5454500,0.0,0.0
2023-04-19 00:00:00-04:00,103.69363692551346,104.50876866800805,103.25890460281347,103.36758422851562,4683400,0.0,0.0
2023-04-20 00:00:00-04:00,103.41289042233669,103.72082529657303,102.34416348301879,103.4038314819336,4657900,0.0,0.0
2023-04-21 00:00:00-04:00,104.03781900015063,104.74426428508593,103.78421705560655,104.49066925048828,6554600,0.0,0.0
2023-04-24 00:00:00-04:00,104.73520694251503,105.31485471899119,103.94724500733034,105.00691986083984,4299100,0.0,0.0
2023-04-25 00:00:00-04:00,105.26050247983822,105.84015018792294,104.97973756465693,105.54126739501953,5662800,0.0,0.0
2023-04-26 00:00:00-04:00,104.33669122022074,104.33669122022074,102.09055792763077,102.73360443115234,6607900,0.0,0.0
2023-04-27 00:00:00-04:00,103.7932942645917,104.48162870104721,100.22483836259232,104.30049133300781,9975200,0.0,0.0
2023-04-28 00:00:00-04:00,103.5759172416848,104.63558524511986,102.76078535060132,104.58124542236328,8050400,0.0,0.0
2023-05-01 00:00:00-04:00,104.88012183604904,105.60467809817834,104.40009476132957,105.36919403076172,5238900,0.0,0.0
2023-05-02 00:00:00-04:00,105.66808495883015,107.22589106126416,104.88918190761314,106.77304077148438,8175600,0.0,0.0
2023-05-03 00:00:00-04:00,107.18966088855763,108.36707439146089,106.80926830821547,107.0719223022461,6738600,0.0,0.0
2023-05-04 00:00:00-04:00,106.87265177713796,106.87265177713796,105.50504217978124,106.30206298828125,6490200,0.0,0.0
2023-05-05 00:00:00-04:00,106.3111118195894,106.77302096426224,105.5684377585202,106.58282470703125,4534000,0.0,0.0
2023-05-08 00:00:00-04:00,106.0394132914288,107.2711664904573,105.45976554011494,107.2168197631836,5157300,0.0,0.0
2023-05-09 00:00:00-04:00,107.09908896206645,107.44325268002967,106.27489815306807,106.35641479492188,4933100,0.0,0.0
2023-05-10 00:00:00-04:00,106.33829033006282,107.02661767863997,105.44164193319021,106.7820816040039,5605400,0.0,0.0
2023-05-11 00:00:00-04:00,106.49226542916806,106.68246170315415,105.4054206936022,106.46509552001953,5596700,0.0,0.0
2023-05-12 00:00:00-04:00,106.87266062402637,107.3707986705746,105.69524719215593,106.09375762939453,5233100,0.0,0.0
2023-05-15 00:00:00-04:00,106.09374860055921,106.6371674805814,104.59934149803873,105.3963623046875,5697200,0.0,0.0
2023-05-16 00:00:00-04:00,104.95255329513657,105.74957401961397,104.41819340935761,105.13369750976562,4278200,0.0,0.0
2023-05-17 00:00:00-04:00,105.39637267422638,105.65902665590023,102.77889870747751,103.93819427490234,7210400,0.0,0.0
2023-05-18 00:00:00-04:00,103.37664491753911,104.21894658071994,102.64302979184625,103.24984741210938,6437100,0.0,0.0
2023-05-19 00:00:00-04:00,103.54871831876115,105.2786023213329,103.34040420664664,104.59932708740234,7647000,0.0,0.0
2023-05-22 00:00:00-04:00,104.59030546600974,106.03942500436163,103.54874842252504,103.69365692138672,5607400,0.0,0.0
2023-05-23 00:00:00-04:00,103.22269387847943,103.96536806091957,102.38945102207282,102.58869934082031,7733000,0.0,0.0
2023-05-24 00:00:00-04:00,103.34949774949696,103.53969404948833,101.93660700101965,102.88758850097656,4509500,0.0,0.0
2023-05-25 00:00:00-04:00,102.79700474598602,102.79700474598602,100.61426326676397,101.71016693115234,7037500,0.0,0.0
2023-05-26 00:00:00-04:00,101.43846268558397,102.51624856280131,100.21576831198819,100.59616088867188,6378200,0.0,0.0
2023-05-30 00:00:00-04:00,99.74478437577179,100.27009227569827,98.69417548586462,98.87531280517578,7768100,0.0,0.0
2023-05-31 00:00:00-04:00,98.2413366054581,100.66861427781468,98.2413366054581,99.99839782714844,14563500,0.0,0.0
2023-06-01 00:00:00-04:00,100.22483185897708,101.06712678465647,99.51837958559089,100.46936798095703,6959900,0.0,0.0
2023-06-02 00:00:00-04:00,100.63237456590545,102.09961173894396,100.27915195368347,101.90940856933594,5792800,0.0,0.0
2023-06-05 00:00:00-04:00,102.34415138887896,103.68459110231312,102.26264166472389,102.44377899169922,5185500,0.0,0.0
2023-06-06 00:00:00-04:00,102.84228094441654,102.99624835067668,98.97493645106482,99.63610076904297,6960200,0.0,0.0
2023-06-07 00:00:00-04:00,99.29193732934488,99.32816617634992,96.79220907551108,98.36812591552734,12420500,0.0,0.0
2023-06-08 00:00:00-04:00,98.09641782751324,100.5961531138521,97.81565288689112,99.91687774658203,8352700,0.0,0.0
2023-06-09 00:00:00-04:00,99.79914981946676,100.99467431703144,98.7394748818947,100.27011108398438,6521900,0.0,0.0
2023-06-12 00:00:00-04:00,99.79913457624642,100.52369078867838,98.35906727075529,99.50025177001953,7468500,0.0,0.0
2023-06-13 00:00:00-04:00,98.35002166413463,100.2067105982107,97.86094943666723,99.61800384521484,7304200,0.0,0.0
2023-06-14 00:00:00-04:00,100.03740034192208,100.2288673693656,98.78829797494636,99.0709457397461,6137300,0.73,0.0
2023-06-15 00:00:00-04:00,98.83388429898713,100.20151182999862,98.7791744675896,99.74563598632812,7305700,0.0,0.0
2023-06-16 00:00:00-04:00,99.83681456446674,100.71209539166814,99.43564157679013,99.67269897460938,15844300,0.0,0.0
2023-06-20 00:00:00-04:00,99.45388730551822,101.07680438498744,99.40829693339708,100.50240325927734,7744400,0.0,0.0
2023-06-21 00:00:00-04:00,100.3929919880397,101.67855841825367,99.85505480492972,101.35033416748047,6854800,0.0,0.0
2023-06-22 00:00:00-04:00,101.7515013686965,103.79382349071763,101.7515013686965,103.68441772460938,7884100,0.0,0.0
2023-06-23 00:00:00-04:00,104.08559690750187,104.76941081058898,103.04619337518389,104.48676300048828,16407900,0.0,0.0
2023-06-26 00:00:00-04:00,104.34087406845791,104.4867507334772,101.9156110379726,103.10089111328125,7685100,0.0,0.0
2023-06-27 00:00:00-04:00,102.87295336049382,103.67529240985218,101.99767250043547,103.31970977783203,7093900,0.0,0.0
2023-06-28 00:00:00-04:00,103.43823641860942,103.54764913615668,101.60562035346264,102.51737213134766,8173800,0.0,0.0
2023-06-29 00:00:00-04:00,102.34413360108562,103.83028644449952,101.94296060644788,103.52029418945312,6281800,0.0,0.0
2023-06-30 00:00:00-04:00,103.74822987763504,105.40761774297148,103.41999869933872,105.20703125,8090600,0.0,0.0
2023-07-03 00:00:00-04:00,104.36822238436777,104.50498653605796,103.51117352614872,104.2405776977539,2834600,0.0,0.0
2023-07-05 00:00:00-04:00,103.97618272057788,104.33176538870708,103.4108940644192,103.66618347167969,5861500,0.0,0.0
2023-07-06 00:00:00-04:00,102.93676810229346,103.42911485397993,101.85178135564473,101.88825225830078,7257400,0.0,0.0
2023-07-07 00:00:00-04:00,101.26826141670735,101.66031492740736,99.16211720784473,99.38093566894531,11316600,0.0,0.0
2023-07-10 00:00:00-04:00,99.50856668192202,100.83972315127573,99.47209578406283,100.2562026977539,5949200,0.0,0.0
2023-07-11 00:00:00-04:00,99.81857878253803,100.31091857721411,98.69712113527639,99.10740661621094,6084400,0.0,0.0
2023-07-12 00:00:00-04:00,98.80653988219953,99.42653135189042,97.73067253644517,97.9859619140625,8376700,0.0,0.0
2023-07-13 00:00:00-04:00,97.85831781716846,98.38713550606806,96.88274371473621,96.93744659423828,9764400,0.0,0.0
2023-07-14 00:00:00-04:00,96.88275256842667,98.17743851312646,96.88275256842667,97.86743927001953,7209900,0.0,0.0
2023-07-17 00:00:00-04:00,97.5939077720192,97.95860986181178,95.9983422157762,96.25363159179688,7376400,0.0,0.0
2023-07-18 00:00:00-04:00,96.53627531032552,97.5847912414681,96.05304798316683,96.60009765625,7499100,0.0,0.0
2023-07-19 00:00:00-04:00,96.7915716501374,97.90390297109045,96.56363370667658,96.60009765625,6608600,0.0,0.0
2023-07-20 00:00:00-04:00,97.14715332736766,99.33535199811999,96.70038995418842,98.88859558105469,8073000,0.0,0.0
2023-07-21 00:00:00-04:00,99.13475793312834,100.85796795981699,98.81563929727918,100.64826202392578,8194000,0.0,0.0
2023-07-24 00:00:00-04:00,100.28357535606331,100.60268708472707,98.92506716482964,99.1894760131836,6045500,0.0,0.0
2023-07-25 00:00:00-04:00,98.14097319634993,99.12566691016038,97.8492128688633,98.04067993164062,6498700,0.0,0.0
2023-07-26 00:00:00-04:00,97.37508922731712,98.47830800492704,96.7003879270687,97.6850814819336,7042700,0.0,0.0
2023-07-27 00:00:00-04:00,97.7762623506993,98.12273249109992,95.88893637849897,95.98011016845703,9813100,0.0,0.0
2023-07-28 00:00:00-04:00,96.1259903453953,97.23832862883663,95.95275528141586,96.95568084716797,6903800,0.0,0.0
2023-07-31 00:00:00-04:00,97.14714561894475,97.34772514816079,96.34479967762702,97.23831939697266,7397500,0.0,0.0
2023-08-01 00:00:00-04:00,99.9279868052458,99.9279868052458,95.86157498161948,95.98921966552734,10009200,0.0,0.0
2023-08-02 00:00:00-04:00,96.67304162679008,98.59683846905598,95.6245256722292,96.37216186523438,10873500,0.0,0.0
2023-08-03 00:00:00-04:00,95.80687323031377,96.44509665735244,95.61540620220217,96.3995132446289,6039300,0.0,0.0
2023-08-04 00:00:00-04:00,96.31744537508182,97.02861056110622,95.2871684973943,95.73392486572266,6700700,0.0,0.0
2023-08-07 00:00:00-04:00,95.99834021846206,96.90097248093062,95.20511371137538,96.72773742675781,8259100,0.0,0.0
2023-08-08 00:00:00-04:00,96.36304598000561,97.73067362340682,96.36304598000561,97.0195083618164,10152200,0.0,0.0
2023-08-09 00:00:00-04:00,96.89185067367583,97.36596545591476,96.45421375050057,96.73685455322266,6479500,0.0,0.0
2023-08-10 00:00:00-04:00,96.83715215301949,97.5939077720192,96.11686743861043,96.25363159179688,6525700,0.0,0.0
2023-08-11 00:00:00-04:00,96.6000954147621,98.20478044720342,96.2718642273056,97.95861053466797,5904300,0.0,0.0
2023-08-14 00:00:00-04:00,98.3962498944499,99.77299702249461,97.84008075517733,99.29888916015625,8427200,0.0,0.0
2023-08-15 00:00:00-04:00,99.2806447409927,99.76387204208069,98.85212031742753,99.0709457397461,5118700,0.0,0.0
2023-08-16 00:00:00-04:00,98.9250672860933,99.80946761812693,98.72448078322621,99.13477325439453,5332900,0.0,0.0
2023-08-17 00:00:00-04:00,99.07095582248776,100.54798931483518,98.76095658737707,99.3080062866211,6457800,0.0,0.0
2023-08-18 00:00:00-04:00,99.35359443913028,99.83682177859636,98.66066112564906,99.56329345703125,6711400,0.0,0.0
2023-08-21 00:00:00-04:00,99.4629960304782,100.29269346993689,99.33535134073284,99.96446228027344,6012500,0.0,0.0
2023-08-22 00:00:00-04:00,99.9279982439209,99.9279982439209,97.73979248112553,97.76715087890625,6026000,0.0,0.0
2023-08-23 00:00:00-04:00,100.28357439908184,102.01590413887185,100.12857826894053,101.47797393798828,10588200,0.0,0.0
2023-08-24 00:00:00-04:00,101.15884144615644,102.13441542049961,99.46298284311311,99.79121398925781,6487700,0.0,0.0
2023-08-25 00:00:00-04:00,100.23799907132899,100.59358173086399,99.36271814354174,100.48416900634766,4839100,0.0,0.0
2023-08-28 00:00:00-04:00,100.50239580984457,100.84885896149669,99.06182641340946,99.3171157836914,4335600,0.0,0.0
2023-08-29 00:00:00-04:00,99.63624161233939,100.76681196495117,99.31712985427734,100.28358459472656,5673100,0.0,0.0
2023-08-30 00:00:00-04:00,100.56623028876352,101.0221062067432,100.03741255443961,100.48416900634766,4785000,0.0,0.0
2023-08-31 00:00:00-04:00,100.40211319594529,100.78504729192038,99.28065539360182,99.36271667480469,9212000,0.0,0.0
2023-09-01 00:00:00-04:00,99.97357671427035,100.63003906055991,99.60887463787465,100.14680480957031,4941300,0.0,0.0
2023-09-05 00:00:00-04:00,99.80034351061202,100.03740090807526,98.00419148990196,98.02243041992188,6379900,0.0,0.0
2023-09-06 00:00:00-04:00,97.33862225024119,97.55744073033561,95.66099535321311,97.09244537353516,7926100,0.0,0.0
2023-09-07 00:00:00-04:00,97.47538652197971,99.09830358378231,97.42979615035485,98.41448974609375,8532600,0.0,0.0
2023-09-08 00:00:00-04:00,98.04977434701568,99.50857561173179,98.04977434701568,99.42652130126953,6807500,0.0,0.0
2023-09-11 00:00:00-04:00,99.68182484820058,99.7821181015676,98.77918556789731,99.01624298095703,5069300,0.0,0.0
2023-09-12 00:00:00-04:00,98.85212786592682,99.8185894980169,98.05890825681983,99.39917755126953,4605400,0.0,0.0
2023-09-13 00:00:00-04:00,99.36269894244427,99.99180285752877,98.1682995379884,98.29594421386719,6761500,0.0,0.0
2023-09-14 00:00:00-04:00,98.85593135711939,99.60866449582005,98.18581193927687,99.36080932617188,6872400,0.73,0.0
2023-09-15 00:00:00-04:00,99.25064570579029,99.99419711781692,98.46119311869752,98.69985961914062,9639000,0.0,0.0
2023-09-18 00:00:00-04:00,98.92934144433971,99.08540122160021,98.0848131357308,98.9752426147461,3911300,0.0,0.0
2023-09-19 00:00:00-04:00,98.81920519635946,99.3057268627114,98.13991119070978,98.55299377441406,5818300,0.0,0.0
2023-09-20 00:00:00-04:00,99.33325214407607,99.5076681923145,98.45200427490677,98.507080078125,4593600,0.0,0.0
2023-09-21 00:00:00-04:00,98.47037434507277,99.03033510140531,97.69010334144862,97.97467803955078,5856600,0.0,0.0
2023-09-22 00:00:00-04:00,98.42447695804147,98.42447695804147,97.26783594132273,97.61666107177734,5027200,0.0,0.0
2023-09-25 00:00:00-04:00,97.3504483900757,97.47896326951386,96.4875567679604,97.15766906738281,6052200,0.0,0.0
2023-09-26 00:00:00-04:00,96.4967426248138,97.80943638239116,96.48756098915635,96.74459075927734,5400500,0.0,0.0
2023-09-27 00:00:00-04:00,96.79968505696989,96.8639425117747,94.82606022930635,95.41355895996094,5635500,0.0,0.0
2023-09-28 00:00:00-04:00,95.99185141408884,96.35903977738266,95.26665632255583,95.74400329589844,4758800,0.0,0.0
2023-09-29 00:00:00-04:00,95.79909067399535,96.0928399994153,94.28444286961209,94.50475311279297,7232700,0.0,0.0
2023-10-02 00:00:00-04:00,94.39459538044942,94.39459538044942,93.03600046114774,94.13756561279297,7079700,0.0,0.0
2023-10-03 00:00:00-04:00,93.85297744099373,94.0365751082985,92.64126085092173,93.4215316772461,5924000,0.0,0.0
2023-10-04 00:00:00-04:00,93.24712940678708,94.02740028966976,93.01763755867245,93.78872680664062,6720500,0.0,0.0
2023-10-05 00:00:00-04:00,93.96315504690823,95.20240978685106,93.94479177469604,95.10143280029297,6449100,0.0,0.0
2023-10-06 00:00:00-04:00,95.22075471648077,95.8633290494006,94.47719641291927,95.35844421386719,6854900,0.0,0.0
2023-10-09 00:00:00-04:00,95.00962961005253,96.56099681776357,94.83521355611036,95.92759704589844,5061100,0.0,0.0
2023-10-10 00:00:00-04:00,95.762374712587,95.89088960954125,94.69753599446089,95.1106185913086,7177200,0.0,0.0
2023-10-11 00:00:00-04:00,95.46861893430498,95.66139126672876,94.41295492038188,94.97291564941406,5375100,0.0,0.0
2023-10-12 00:00:00-04:00,95.02798956641494,95.42271585929429,94.48639211993697,95.09224700927734,5124000,0.0,0.0
2023-10-13 00:00:00-04:00,95.11061767346709,95.94596449560837,94.34870293206487,95.4778060913086,5787500,0.0,0.0
2023-10-16 00:00:00-04:00,95.65219799393597,96.72622514896982,95.52368312128839,95.59712219238281,6473500,0.0,0.0
2023-10-17 00:00:00-04:00,95.46861914328423,95.91842125325766,94.68834817599347,95.62467193603516,5827200,0.0,0.0
2023-10-18 00:00:00-04:00,95.5695904984585,95.89087770094376,93.5500649369491,93.62349700927734,7136400,0.0,0.0
2023-10-19 00:00:00-04:00,93.32057028124109,93.38482771981272,91.0072884855916,92.19146728515625,7647600,0.0,0.0
2023-10-20 00:00:00-04:00,91.78757313248042,94.88112628946713,91.78757313248042,94.24772644042969,12467500,0.0,0.0
2023-10-23 00:00:00-04:00,94.3945929988706,95.60630973263358,94.24771484760929,94.87193298339844,8493000,0.0,0.0
2023-10-24 00:00:00-04:00,94.8443974382823,95.52369139591045,94.25689882570617,94.57818603515625,6347900,0.0,0.0
2023-10-25 00:00:00-04:00,94.87192990293582,96.02857079418789,94.50474154024074,95.12895965576172,7849200,0.0,0.0
2023-10-26 00:00:00-04:00,94.64243984645128,98.43364978313468,94.54146286970686,96.89146423339844,11335700,0.0,0.0
2023-10-27 00:00:00-04:00,96.68033277758293,96.9098246429877,93.83463504727088,94.38541412353516,8933800,0.0,0.0
2023-10-30 00:00:00-04:00,94.8076760356763,95.92759743248732,94.1926395320295,94.25689697265625,6915500,0.0,0.0
2023-10-31 00:00:00-04:00,94.33950310196867,95.0555235302642,93.08189229308176,94.2752456665039,7522600,0.0,0.0
2023-11-01 00:00:00-04:00,95.0555376917081,95.6797558735917,94.30280461974873,94.41295623779297,5838100,0.0,0.0
2023-11-02 00:00:00-04:00,94.31197925222826,94.60572857290663,93.31139803613308,94.41295623779297,5379100,0.0,0.0
2023-11-03 00:00:00-04:00,94.8902928367901,95.69810162902854,94.34868842793844,94.89946746826172,6005900,0.0,0.0
2023-11-06 00:00:00-05:00,95.5420494589646,95.80826084757923,94.67915785473342,95.78071594238281,5951200,0.0,0.0
2023-11-07 00:00:00-05:00,95.78989987052606,96.12955034072421,95.22076454648162,95.46861267089844,6616400,0.0,0.0
2023-11-08 00:00:00-05:00,95.45027073225882,96.54264737497344,95.32174882957918,95.8358154296875,8152100,0.0,0.0
2023-11-09 00:00:00-05:00,96.12038002048105,96.12038002048105,93.77038536538583,93.98151397705078,7377000,0.0,0.0
2023-11-10 00:00:00-05:00,94.4037734497289,94.88112046721618,92.34752823007342,93.07272338867188,7627100,0.0,0.0
2023-11-13 00:00:00-05:00,92.7973179800282,94.13755650201661,92.32915966433555,94.06411743164062,5878200,0.0,0.0
2023-11-14 00:00:00-05:00,94.2385358714908,94.75259537013625,93.5408786922324,93.78872680664062,6944400,0.0,0.0
2023-11-15 00:00:00-05:00,93.5225170895084,93.78872847849102,92.4576785371134,93.03599548339844,7392600,0.0,0.0
2023-11-16 00:00:00-05:00,93.47662586108511,93.68775444977439,92.74224910951673,93.62349700927734,7889700,0.0,0.0
2023-11-17 00:00:00-05:00,93.63268248162046,94.01822714040202,92.67799546687374,93.40319061279297,6767000,0.0,0.0
2023-11-20 00:00:00-05:00,92.68717349145801,94.48638883254257,92.6137344154458,94.25689697265625,7449900,0.0,0.0
2023-11-21 00:00:00-05:00,94.55065754543095,95.12897458001818,93.49499346339115,93.8254623413086,7403500,0.0,0.0
2023-11-22 00:00:00-05:00,93.81626820296235,94.25689564931355,92.81568706960302,93.33892822265625,5724000,0.0,0.0
2023-11-24 00:00:00-05:00,93.87135054537298,94.10084240089904,93.1186175393889,93.51334381103516,3168000,0.0,0.0
2023-11-27 00:00:00-05:00,93.55007881094097,93.77038906767041,92.43933188349159,93.10945129394531,7356500,0.0,0.0
2023-11-28 00:00:00-05:00,92.99928346156744,93.03600300131176,91.8059299357895,91.96198272705078,8738500,0.0,0.0
2023-11-29 00:00:00-05:00,92.05376691550684,92.87075731605474,91.61314649906102,92.83403778076172,10286800,0.0,0.0
2023-11-30 00:00:00-05:00,92.56783773487473,94.2660831832873,92.05377818491068,94.07331085205078,29299700,0.0,0.0
2023-12-01 00:00:00-05:00,94.41295492038188,95.17486961772549,94.2385458597334,94.97291564941406,6863400,0.0,0.0
2023-12-04 00:00:00-05:00,95.2207666346606,96.73540732376891,95.2207666346606,96.44165802001953,10169900,0.0,0.0
2023-12-05 00:00:00-05:00,96.31314390412513,97.67173882199202,95.63384994695961,97.51568603515625,10789100,0.0,0.0
2023-12-06 00:00:00-05:00,97.53403948390536,97.8277887815037,96.78130647108864,96.96489715576172,9954800,0.0,0.0
2023-12-07 00:00:00-05:00,96.92816751588705,96.93734915022446,95.22075471648077,95.35844421386719,9602200,0.0,0.0
2023-12-08 00:00:00-05:00,95.27583238854051,95.47778632672426,94.22935016662028,95.2391128540039,7530300,0.0,0.0
2023-12-11 00:00:00-05:00,96.24887081296872,96.8180130650231,95.07387377966204,95.8082504272461,7429700,0.0,0.0
2023-12-12 00:00:00-05:00,95.90923850598348,96.19380616322091,94.9361882846408,95.79907989501953,7933500,0.0,0.0
2023-12-13 00:00:00-05:00,95.61548536691065,98.323486328125,95.44106932411854,98.323486328125,10995000,0.0,0.0
2023-12-14 00:00:00-05:00,98.63784944136923,99.12789387000481,97.21394263586852,97.89815521240234,10723000,0.77,0.0
2023-12-15 00:00:00-05:00,96.98280196898787,98.25876727668899,96.400297447825,97.18621826171875,26393300,0.0,0.0
2023-12-18 00:00:00-05:00,98.15706069031704,99.12790150457987,97.66700916969197,98.04610443115234,12805600,0.0,0.0
2023-12-19 00:00:00-05:00,98.05535557033379,98.61937089352949,97.49134024713808,98.4621810913086,8043100,0.0,0.0
2023-12-20 00:00:00-05:00,99.06318615900757,99.06318615900757,97.30641738980104,97.41737365722656,8441600,0.0,0.0
2023-12-21 00:00:00-05:00,97.81496843072614,98.57315203568217,97.39888767475408,98.36973571777344,5919400,0.0,0.0
2023-12-22 00:00:00-05:00,99.07242188202441,99.91381721175121,98.78578665726828,99.5809555053711,6028700,0.0,0.0
2023-12-26 00:00:00-05:00,99.39604565132652,99.94156474839714,99.13715475412366,99.51624298095703,4727700,0.0,0.0
2023-12-27 00:00:00-05:00,99.22036962509368,99.9230785486632,98.94298953591355,99.8398666381836,5387000,0.0,0.0
2023-12-28 00:00:00-05:00,100.13574202952856,100.83844389227932,99.97855222079008,100.57030487060547,5530400,0.0,0.0
2023-12-29 00:00:00-05:00,100.77371533509,101.00486892099302,100.58879528806663,100.80145263671875,5889200,0.0,0.0
2024-01-02 00:00:00-05:00,100.93090966366853,104.77730183747994,100.93090966366853,104.70333099365234,11920100,0.0,0.0
2024-01-03 00:00:00-05:00,105.65567380332863,107.16279963911748,105.55397271942161,106.11798095703125,10721900,0.0,0.0
2024-01-04 00:00:00-05:00,107.18129932835171,108.78088534083862,107.12582472182838,108.18913269042969,11492200,0.0,0.0
2024-01-05 00:00:00-05:00,108.27234451404362,108.5959581422522,107.8470227377912,108.38330078125,6861500,0.0,0.0
2024-01-08 00:00:00-05:00,108.72540291692776,109.00279005609349,107.42170029304398,108.53123474121094,8193100,0.0,0.0
2024-01-09 00:00:00-05:00,108.65145441657985,110.89826798640685,108.3740672383794,109.5020980834961,8822300,0.0,0.0
2024-01-10 00:00:00-05:00,109.2801683042044,110.1862863838276,108.8640876293082,109.899658203125,7129100,0.0,0.0
2024-01-11 00:00:00-05:00,109.84420799604347,109.93666803736063,108.25386989009199,109.5020980834961,5754400,0.0,0.0
2024-01-12 00:00:00-05:00,109.1692070942708,109.72397424805139,108.7808707920491,109.6869888305664,6823300,0.0,0.0
2024-01-16 00:00:00-05:00,109.55755615234375,110.3434769662254,109.04902247477229,109.55755615234375,6832300,0.0,0.0
2024-01-17 00:00:00-05:00,110.19553351408366,110.3989497905315,108.74388933263462,109.22468566894531,5591400,0.0,0.0
2024-01-18 00:00:00-05:00,108.78089161521306,109.67776876172735,107.82853985897574,109.60379791259766,10524700,0.0,0.0
2024-01-19 00:00:00-05:00,109.29866064619235,110.04759600670883,108.84560159328402,109.92739868164062,7605600,0.0,0.0
2024-01-22 00:00:00-05:00,110.0660977299184,110.92598939398994,109.899666857703,110.42669677734375,8786200,0.0,0.0
2024-01-23 00:00:00-05:00,109.23394447702466,110.94447970344038,108.42952741078142,110.8057861328125,6501400,0.0,0.0
2024-01-24 00:00:00-05:00,110.67633534352007,110.90748893200214,109.51132633662873,109.91815185546875,5859900,0.0,0.0
2024-01-25 00:00:00-05:00,109.71474401170519,111.1201547435939,109.71474401170519,111.07392120361328,6689800,0.0,0.0
2024-01-26 00:00:00-05:00,111.42527823953166,111.89682648297611,111.02769378348682,111.71190643310547,8300300,0.0,0.0
2024-01-29 00:00:00-05:00,112.20194500951256,112.30365314786339,111.40677613926826,112.13722229003906,9138200,0.0,0.0
2024-01-30 00:00:00-05:00,112.13723605982013,112.58105408659897,111.12016160566853,112.48859405517578,7469500,0.0,0.0
2024-01-31 00:00:00-05:00,113.29297874748153,113.58885501440471,111.41601301785195,111.6749038696289,10779000,0.0,0.0
2024-02-01 00:00:00-05:00,114.32857452629467,116.89900148706856,113.51490932138907,116.85276794433594,11650700,0.0,0.0
2024-02-02 00:00:00-05:00,117.15789615479602,117.94381702672678,116.60312889544775,116.8805160522461,10175600,0.0,0.0
2024-02-05 00:00:00-05:00,117.40753335253174,118.16571683791501,116.22402105810018,116.66783905029297,8027700,0.0,0.0
2024-02-06 00:00:00-05:00,117.06543593802117,117.90683141829986,116.56614328911195,117.31507873535156,6153000,0.0,0.0
2024-02-07 00:00:00-05:00,117.33357338595965,118.4061224639375,116.96372620056276,117.86060333251953,6742800,0.0,0.0
2024-02-08 00:00:00-05:00,117.72189739247068,117.8698390727912,116.45517320815473,117.06542205810547,6308300,0.0,0.0
2024-02-09 00:00:00-05:00,116.70483118687716,117.13940108538219,115.6137859081245,115.99287414550781,7891200,0.0,0.0
2024-02-12 00:00:00-05:00,115.57680878255701,116.02062683215141,115.02204151125045,115.89117431640625,5257400,0.0,0.0
2024-02-13 00:00:00-05:00,116.48292888025577,117.296587038323,115.0960072366252,115.9743881225586,7273400,0.0,0.0
2024-02-14 00:00:00-05:00,116.14080803103215,116.52914436154597,115.41036185454324,116.33497619628906,6622400,0.0,0.0
2024-02-15 00:00:00-05:00,116.4736720015218,117.63868806974746,116.45517576395201,117.00070190429688,5756700,0.0,0.0
2024-02-16 00:00:00-05:00,116.96371786798933,118.4338513310421,116.65859343270553,118.1564712524414,6266800,0.0,0.0
2024-02-20 00:00:00-05:00,118.47084396852897,119.54338591731569,117.62019338527996,117.76813507080078,6952800,0.0,0.0
2024-02-21 00:00:00-05:00,117.8328626015611,118.4985861050668,117.24110994383341,118.46159362792969,4849200,0.0,0.0
2024-02-22 00:00:00-05:00,118.48933294130676,119.94098436089179,118.02703278297324,119.51565551757812,6517400,0.0,0.0
2024-02-23 00:00:00-05:00,120.00569546259533,120.42178322486515,119.14581085202903,119.69132995605469,5177400,0.0,0.0
2024-02-26 00:00:00-05:00,119.62661902705464,119.92248830714557,118.78521651281773,119.1273193359375,5158400,0.0,0.0
2024-02-27 00:00:00-05:00,118.59104432663713,119.42320579707695,118.16572958022073,119.3030014038086,4780200,0.0,0.0
2024-02-28 00:00:00-05:00,119.5896146228791,119.64508922558278,118.07324767883306,118.52631378173828,5697200,0.0,0.0
2024-02-29 00:00:00-05:00,118.44311573619049,119.1365765681155,117.48150881516297,117.56472778320312,11246100,0.0,0.0
2024-03-01 00:00:00-05:00,117.3058338037139,118.21195198338064,116.88975308287868,117.38904571533203,6023400,0.0,0.0
2024-03-04 00:00:00-05:00,115.07750589447991,117.00070551471505,113.99570875344062,114.69841766357422,12706200,0.0,0.0
2024-03-05 00:00:00-05:00,115.28090853974241,115.61377024438316,113.16354099520709,113.57037353515625,8277800,0.0,0.0
2024-03-06 00:00:00-05:00,113.57961810228198,115.35488293320694,113.2745007421558,114.4210205078125,8251400,0.0,0.0
2024-03-07 00:00:00-05:00,114.06043976863567,115.1422369883027,113.56114711627048,114.6429443359375,8982200,0.0,0.0
2024-03-08 00:00:00-05:00,113.94022996993858,114.68916533946819,112.85842581431528,114.18987274169922,9822700,0.0,0.0
2024-03-11 00:00:00-04:00,115.25317194730395,115.25317194730395,112.6550010115676,113.514892578125,7769300,0.0,0.0
2024-03-12 00:00:00-04:00,113.72756587365583,113.92173404205235,112.27592161581242,113.41320037841797,11621800,0.0,0.0
2024-03-13 00:00:00-04:00,113.87551929822277,113.92174578827527,111.69342862708886,112.9509048461914,9186000,0.0,0.0
2024-03-14 00:00:00-04:00,112.88575079671286,112.88575079671286,111.34115881728694,112.13206481933594,10132500,0.77,0.0
2024-03-15 00:00:00-04:00,111.50864043680382,113.4626527254205,110.94105457180821,113.07184600830078,46477400,0.0,0.0
2024-03-18 00:00:00-04:00,113.37891412938933,113.99303394447718,112.70896782165514,112.99742126464844,8311900,0.0,0.0
2024-03-19 00:00:00-04:00,112.99740780297665,113.76040054055565,112.0576217277534,113.7045669555664,11696600,0.0,0.0
2024-03-20 00:00:00-04:00,112.84854394630607,115.29570938648027,112.01111104090414,115.23987579345703,9793200,0.0,0.0
2024-03-21 00:00:00-04:00,115.09098928646364,115.55622894615637,114.50478277189475,115.0258560180664,8156300,0.0,0.0
2024-03-22 00:00:00-04:00,115.18404929942847,115.83538205974403,114.65367630917302,115.23987579345703,7022500,0.0,0.0
2024-03-25 00:00:00-04:00,115.453887706197,116.84960683098468,115.16543425975789,116.59837341308594,7605800,0.0,0.0
2024-03-26 00:00:00-04:00,117.03569646539337,117.31484312181709,116.17035034927311,116.79376983642578,8864400,0.0,0.0
2024-03-27 00:00:00-04:00,123.63280786109463,123.84682837079335,121.06468952662512,122.5906753540039,16061600,0.0,0.0
2024-03-28 00:00:00-04:00,122.82326783251759,123.21406743549892,121.9672285786555,122.77674102783203,10189700,0.0,0.0
2024-04-01 00:00:00-04:00,122.52553333081484,122.75815320502855,121.06468790370766,121.88351440429688,5377600,0.0,0.0
2024-04-02 00:00:00-04:00,121.05536692208345,121.66947249149204,120.2923670538658,121.2879867553711,6584200,0.0,0.0
2024-04-03 00:00:00-04:00,121.2879974198324,123.10242943941556,120.43194386383453,120.86927032470703,7741400,0.0,0.0
2024-04-04 00:00:00-04:00,121.73461383876261,121.83696713415175,118.48723582867807,118.78499603271484,6753200,0.0,0.0
2024-04-05 00:00:00-04:00,118.7756814680584,119.65964104312899,118.17086851648241,119.092041015625,5692900,0.0,0.0
2024-04-08 00:00:00-04:00,118.76638640491316,119.02691949308218,117.12874072342962,117.76146697998047,6282500,0.0,0.0
2024-04-09 00:00:00-04:00,117.78007936209623,118.17087899043197,116.78446672857756,117.90103912353516,4696600,0.0,0.0
2024-04-10 00:00:00-04:00,117.11013684846843,118.17088278745995,116.35645081260456,117.93826293945312,5787700,0.0,0.0
2024-04-11 00:00:00-04:00,117.75216753436476,118.30114695711156,116.7379413259593,117.37997436523438,6187200,0.0,0.0
2024-04-12 00:00:00-04:00,118.20809243471045,118.27322570247298,116.40296030101504,116.99846649169922,7370000,0.0,0.0
2024-04-15 00:00:00-04:00,117.88243022320596,118.93386932504089,117.11943744599077,117.41719055175781,6241000,0.0,0.0
2024-04-16 00:00:00-04:00,117.76146457309318,117.98478472895445,116.33783229969946,116.3657455444336,5587300,0.0,0.0
2024-04-17 00:00:00-04:00,116.93333723614813,117.41719046955208,116.04007791947238,116.6541976928711,6122800,0.0,0.0
2024-04-18 00:00:00-04:00,116.79376617800908,116.79376617800908,115.84468035408725,116.52393341064453,5992700,0.0,0.0
2024-04-19 00:00:00-04:00,116.91473054899481,117.35205697485154,116.2075642625245,117.03569030761719,8404300,0.0,0.0
2024-04-22 00:00:00-04:00,117.90105312605583,119.1758125592078,117.4451201721819,118.11506652832031,7805800,0.0,0.0
2024-04-23 00:00:00-04:00,119.1944124213001,119.1944124213001,117.92895281707754,118.05921936035156,7744000,0.0,0.0
2024-04-24 00:00:00-04:00,118.00339660363173,118.71986261430732,116.63559075698393,118.17088317871094,7128300,0.0,0.0
2024-04-25 00:00:00-04:00,120.67387057777746,123.56766195787965,119.80851738925125,121.63226318359375,12750100,0.0,0.0
2024-04-26 00:00:00-04:00,121.08329755177249,122.73954986675155,121.08329755177249,122.07890319824219,7758200,0.0,0.0
2024-04-29 00:00:00-04:00,122.5627473239561,123.00937345913489,120.33890213276847,121.073974609375,6788000,0.0,0.0
2024-04-30 00:00:00-04:00,121.81836152012751,121.81836152012751,120.01322920984298,120.2365493774414,6945000,0.0,0.0
2024-05-01 00:00:00-04:00,119.66895554465997,120.89718096295994,118.91526950647767,119.84574890136719,5895700,0.0,0.0
2024-05-02 00:00:00-04:00,120.08767097822148,120.67387755278394,119.09205828854581,119.3432846069336,7422500,0.0,0.0
2024-05-03 00:00:00-04:00,119.1106564650992,119.54798289537537,118.33836399994573,118.64542388916016,6221900,0.0,0.0
2024-05-06 00:00:00-04:00,118.33836179717186,118.85012826966978,117.94756218126105,118.70124816894531,6552000,0.0,0.0
2024-05-07 00:00:00-04:00,118.26393190334473,121.36242295158699,118.23601865681019,121.31591033935547,6682300,0.0,0.0
2024-05-08 00:00:00-04:00,121.50199457929997,122.36733355515446,120.33889539799789,120.5436019897461,6659100,0.0,0.0
2024-05-09 00:00:00-04:00,119.97600325729526,121.42754869414499,119.97600325729526,121.17631530761719,9216700,0.0,0.0
2024-05-10 00:00:00-04:00,121.72533144501601,121.78115794170482,120.91580464905822,121.01815795898438,5722600,0.0,0.0
2024-05-13 00:00:00-04:00,120.50638813284112,120.69249538073034,119.11998284279797,120.30168151855469,7109700,0.0,0.0
2024-05-14 00:00:00-04:00,120.21792959335727,120.21792959335727,119.12927045387625,119.7154769897461,6154300,0.0,0.0
2024-05-15 00:00:00-04:00,119.92017920222834,122.79535689104833,119.77129910363884,122.57203674316406,7237100,0.0,0.0
2024-05-16 00:00:00-04:00,122.23707664615277,122.61857661519639,121.69739687974723,121.7811508178711,5518100,0.0,0.0
2024-05-17 00:00:00-04:00,121.60435563470645,122.19056220284452,120.78552921546456,122.06959533691406,8281600,0.0,0.0
2024-05-20 00:00:00-04:00,121.71602071190802,122.58137402693804,121.56714058489354,121.88351440429688,4860400,0.0,0.0
2024-05-21 00:00:00-04:00,122.52552638432688,123.55835913519978,121.4089538910023,121.66948699951172,6254700,0.0,0.0
2024-05-22 00:00:00-04:00,121.12050187699361,122.45109480285693,121.10188831354401,121.98585510253906,4407500,0.0,0.0
2024-05-23 00:00:00-04:00,121.7997538746874,122.74884688560928,121.2507744087382,121.97654724121094,6830900,0.0,0.0
2024-05-24 00:00:00-04:00,122.31150156393402,122.31150156393402,120.18071020675721,120.4877700805664,5983800,0.0,0.0
2024-05-28 00:00:00-04:00,119.882952973571,120.10627312312243,116.99846848230663,117.32413482666016,10263400,0.0,0.0
2024-05-29 00:00:00-04:00,117.37067483104049,117.6591211829049,116.57046195264758,117.1473617553711,8527800,0.0,0.0
2024-05-30 00:00:00-04:00,117.22178839086733,118.96178018383344,114.16981024421686,115.87258911132812,13000300,0.0,0.0
2024-05-31 00:00:00-04:00,116.43088559485005,117.80799824020674,115.89121293424567,116.81238555908203,18150500,0.0,0.0
2024-06-03 00:00:00-04:00,117.02638527358413,119.9853099043906,117.02638527358413,119.49215698242188,7702500,0.0,0.0
2024-06-04 00:00:00-04:00,118.31045598966429,120.36681459196824,118.05922257864849,119.76200866699219,6440100,0.0,0.0
2024-06-05 00:00:00-04:00,119.54798017994021,120.9064862470023,119.16649444563117,120.45054626464844,5009400,0.0,0.0
2024-06-06 00:00:00-04:00,120.18072207635052,121.82766038309428,119.93878834691627,121.44617462158203,8088500,0.0,0.0
2024-06-07 00:00:00-04:00,121.2879855057608,122.2370641932449,121.15771896838135,121.58573150634766,4945600,0.0,0.0
2024-06-10 00:00:00-04:00,121.54853436332756,122.52552642153981,120.63665428527808,122.34874725341797,6033700,0.0,0.0
2024-06-11 00:00:00-04:00,121.89278588182354,122.98144493746764,120.72038709835769,122.67438507080078,11453200,0.0,0.0
2024-06-12 00:00:00-04:00,123.47462087947532,123.4839347607418,121.11120931011419,121.14842224121094,5822000,0.0,0.0
2024-06-13 00:00:00-04:00,120.9809263449142,121.07396575903142,119.65033352134867,120.37610626220703,5004200,0.0,0.0
2024-06-14 00:00:00-04:00,120.18071621029918,120.84134859768827,119.70616265525743,120.47846221923828,7338500,0.0,0.0
2024-06-17 00:00:00-04:00,120.01045460566222,120.6937641332693,119.22417231328676,119.34585571289062,8524000,0.77,0.0
2024-06-18 00:00:00-04:00,120.066618519271,120.49719165967315,118.96207686642423,119.80451965332031,6532400,0.0,0.0
2024-06-20 00:00:00-04:00,119.24289159704193,122.08846496709351,118.64382276740331,121.3770751953125,10348400,0.0,0.0
2024-06-21 00:00:00-04:00,121.84508860437528,122.80921470325515,120.83415735563274,122.35991668701172,17170800,0.0,0.0
2024-06-24 00:00:00-04:00,122.87474523502749,124.7842725234891,122.55647878451182,124.4566650390625,8553800,0.0,0.0
2024-06-25 00:00:00-04:00,124.60642629510576,126.0198647526388,124.1196927082443,124.41921997070312,6750600,0.0,0.0
2024-06-26 00:00:00-04:00,124.84979758941402,124.89658845465333,123.08067153900606,123.09002685546875,8492100,0.0,0.0
2024-06-27 00:00:00-04:00,123.54870447766979,123.82950682358926,118.67189901491382,121.51748657226562,11927600,0.0,0.0
2024-06-28 00:00:00-04:00,121.25537872198979,122.59393177640263,113.13986968327009,115.88248443603516,57055500,0.0,0.0
2024-07-01 00:00:00-04:00,117.36142865694225,120.92776827927365,117.09933695587081,119.72026824951172,11533000,0.0,0.0
2024-07-02 00:00:00-04:00,120.01045598149864,120.03853621700117,118.55958192118202,119.55178833007812,5645400,0.0,0.0
2024-07-03 00:00:00-04:00,119.52371227163985,119.75772376429074,117.28656297321442,117.80138397216797,4002100,0.0,0.0
2024-07-05 00:00:00-04:00,118.4378843469389,118.50340727304255,116.92149458812186,118.36299896240234,6786700,0.0,0.0
2024-07-08 00:00:00-04:00,118.69062594362606,119.30841253950855,117.3146372935948,117.73585510253906,5743400,0.0,0.0
2024-07-09 00:00:00-04:00,117.23038558803613,118.03538562697835,115.78887405647592,117.9792251586914,6339000,0.0,0.0
2024-07-10 00:00:00-04:00,117.82945502768023,119.32713417712182,117.78265701767484,119.15864562988281,4588500,0.0,0.0
2024-07-11 00:00:00-04:00,119.44881691960032,120.8622410754969,119.43009200252982,120.72183990478516,7048800,0.0,0.0
2024-07-12 00:00:00-04:00,121.12434105427012,121.6204442685659,119.17737089232149,119.5892333984375,7022300,0.0,0.0
2024-07-15 00:00:00-04:00,119.81387992480651,120.13213211545418,119.06504031869098,119.92620086669922,6918500,0.0,0.0
2024-07-16 00:00:00-04:00,119.69219441127015,120.77800396536215,117.19294637631495,117.4176025390625,8194400,0.0,0.0
2024-07-17 00:00:00-04:00,117.44568383496869,118.58766101079526,116.59387861181605,117.83882141113281,7628000,0.0,0.0
2024-07-18 00:00:00-04:00,117.28655436166078,117.5673638473455,114.54393958350526,116.30370330810547,9501400,0.0,0.0
2024-07-19 00:00:00-04:00,117.28655824582748,118.86847101619095,117.17423016295552,117.72649383544922,6848800,0.0,0.0
2024-07-22 00:00:00-04:00,117.89498576518245,118.40045144038562,117.03382519622767,117.65161895751953,4341800,0.0,0.0
2024-07-23 00:00:00-04:00,116.99638074905162,117.58609426535739,116.23818581833144,116.4253921508789,4285400,0.0,0.0
2024-07-24 00:00:00-04:00,116.97766440968013,118.10091670169386,116.7062102251263,117.86690521240234,6338500,0.0,0.0
2024-07-25 00:00:00-04:00,117.96987253253518,119.67347591337514,117.6703381076006,117.80138397216797,7357100,0.0,0.0
2024-07-26 00:00:00-04:00,119.10248192923471,120.49718836293184,117.0525462022473,117.24911499023438,6467000,0.0,0.0
2024-07-29 00:00:00-04:00,117.73585643523305,119.80451709238592,116.93085636068041,119.60794830322266,9139500,0.0,0.0
2024-07-30 00:00:00-04:00,115.5829648063407,116.01354511526621,106.62500474922795,107.87930297851562,35509400,0.0,0.0
2024-07-31 00:00:00-04:00,108.58132899024997,110.30365009115823,105.04307648130535,105.8948745727539,22733000,0.0,0.0
2024-08-01 00:00:00-04:00,105.89486702923384,107.14917221246868,104.28487412669043,106.54074096679688,14117500,0.0,0.0
2024-08-02 00:00:00-04:00,107.79504583395914,109.79818342475532,107.04620628125674,107.83248138427734,16562300,0.0,0.0
2024-08-05 00:00:00-04:00,107.59846447811152,107.75759769550498,104.219338486366,105.12730407714844,13334000,0.0,0.0
2024-08-06 00:00:00-04:00,105.11797354337479,105.84808831468253,103.82622543278609,104.04151916503906,9761900,0.0,0.0
2024-08-07 00:00:00-04:00,104.53761195075818,105.35197449794444,103.63900869599945,105.29580688476562,9756500,0.0,0.0
2024-08-08 00:00:00-04:00,105.69830768130797,106.92453274037084,105.37069302486518,106.63435363769531,8278200,0.0,0.0
2024-08-09 00:00:00-04:00,106.50330072069639,107.38318614668829,105.65150267036539,107.22406005859375,5914100,0.0,0.0
2024-08-12 00:00:00-04:00,107.37382082347985,107.37382082347985,105.87614886071044,106.22248840332031,6536000,0.0,0.0
2024-08-13 00:00:00-04:00,106.30673008023894,107.52359257824071,105.62341344704585,107.07428741455078,9040300,0.0,0.0
2024-08-14 00:00:00-04:00,106.39097882965473,106.64370807662844,104.37847874648111,106.31609344482422,11029400,0.0,0.0
2024-08-15 00:00:00-04:00,106.86835450599517,107.17725135485553,105.37068255290991,106.0633544921875,9685100,0.0,0.0
2024-08-16 00:00:00-04:00,106.34416149899019,106.44712710597345,105.41747817760334,106.40032196044922,10102300,0.0,0.0
2024-08-19 00:00:00-04:00,106.39098904540695,107.27086740653019,106.06336724068085,107.10237884521484,6177500,0.0,0.0
2024-08-20 00:00:00-04:00,107.42063415398947,107.92609981894147,107.22406536341877,107.77632904052734,5392300,0.0,0.0
2024-08-21 00:00:00-04:00,107.4393481330632,109.14295139925838,107.22406157353204,108.60940551757812,8144100,0.0,0.0
2024-08-22 00:00:00-04:00,108.86214939568156,109.25528698995393,107.85121803201201,109.09616088867188,8201200,0.0,0.0
2024-08-23 00:00:00-04:00,109.33015779022226,109.33951310683919,108.50643287429548,109.1429443359375,8368200,0.0,0.0
2024-08-26 00:00:00-04:00,109.26464043562048,110.35981241851883,108.73109456127538,108.83405303955078,6518700,0.0,0.0
2024-08-27 00:00:00-04:00,108.83406083975757,109.1616826395693,107.87929710093485,109.04935455322266,5502600,0.0,0.0
2024-08-28 00:00:00-04:00,109.14295270572454,110.47213619649287,108.80597560363347,109.89179229736328,5403200,0.0,0.0
2024-08-29 00:00:00-04:00,110.38789499299826,110.82783771548868,109.32080322168524,109.94795227050781,7202500,0.0,0.0
2024-08-30 00:00:00-04:00,109.77011445027036,111.15546571255327,109.65779349756123,110.87464904785156,8876500,0.0,0.0
2024-09-03 00:00:00-04:00,110.69678678118639,111.23968795923254,108.97445866378565,109.12422943115234,7640300,0.0,0.0
2024-09-04 00:00:00-04:00,109.19911163076614,109.26463455421272,107.14916894635283,108.39411163330078,7693400,0.0,0.0
2024-09-05 00:00:00-04:00,109.15230944658254,112.39102729905227,108.90893552082954,111.00567626953125,12009700,0.0,0.0
2024-09-06 00:00:00-04:00,111.48306207282262,112.60632140557075,110.12579841323145,110.30364227294922,8577300,0.0,0.0
2024-09-09 00:00:00-04:00,105.91360211765527,109.42377447810696,105.2209301048027,108.02906799316406,14880200,0.0,0.0
2024-09-10 00:00:00-04:00,107.84184977492185,108.66556761503627,106.0820860131696,107.95417785644531,12734500,0.0,0.0
2024-09-11 00:00:00-04:00,107.58912641866443,108.47836723640218,106.96197018926057,107.37383270263672,7836600,0.0,0.0
2024-09-12 00:00:00-04:00,107.14918823114348,108.12267694146112,106.74668815996853,107.87930297851562,8330900,0.0,0.0
2024-09-13 00:00:00-04:00,108.66557343953085,109.30208498602028,107.64528675816058,108.45028686523438,6709600,0.0,0.0
2024-09-16 00:00:00-04:00,109.11931876814127,111.54105113897899,109.11931876814127,111.15470123291016,7846100,0.77,0.0
2024-09-17 00:00:00-04:00,112.10643008671643,112.26662078728121,110.93796969841675,111.46566009521484,7914900,0.0,0.0
2024-09-18 00:00:00-04:00,111.38086078411504,112.49278509130049,111.06990444584399,111.79547882080078,11135600,0.0,0.0
2024-09-19 00:00:00-04:00,112.04048858277815,112.32317683561945,109.58106268006703,110.46683502197266,9963000,0.0,0.0
2024-09-20 00:00:00-04:00,110.50450772657567,110.72124183129955,109.69412908131811,110.4102783203125,21200900,0.0,0.0
2024-09-23 00:00:00-04:00,110.43855339183096,111.34317587891822,108.85547482329325,108.9591293334961,6665300,0.0,0.0
2024-09-24 00:00:00-04:00,109.16643564682272,109.55278557331515,107.72470482697173,108.3277816772461,9840400,0.0,0.0
2024-09-25 00:00:00-04:00,108.64816900484392,109.32662506139567,108.00739896039805,108.11105346679688,7902300,0.0,0.0
2024-09-26 00:00:00-04:00,107.3100831034213,107.42316270492235,106.41489295657745,106.56565856933594,11132100,0.0,0.0
2024-09-27 00:00:00-04:00,106.6410456892981,107.74354485170535,106.4808549780238,107.13105010986328,11920100,0.0,0.0
2024-09-30 00:00:00-04:00,107.05565558715993,107.43258037686834,106.19815151084221,107.00853729248047,10936900,0.0,0.0
2024-10-01 00:00:00-04:00,107.38547628597708,108.16759406995472,106.58451549518075,108.12047576904297,7715500,0.0,0.0
2024-10-02 00:00:00-04:00,107.94143270303508,107.98854381062752,105.51970034410755,105.61392974853516,9041800,0.0,0.0
2024-10-03 00:00:00-04:00,105.36893267672563,105.61393489156235,103.49374083710283,103.82354736328125,10280600,0.0,0.0
2024-10-04 00:00:00-04:00,103.17335721988269,103.93663200516723,103.07912780629941,103.43720245361328,9704700,0.0,0.0
2024-10-07 00:00:00-04:00,103.37124227328904,104.57740322374586,101.9389364791591,102.32527923583984,8654800,0.0,0.0
2024-10-08 00:00:00-04:00,101.74104253735511,102.47604196392095,101.59026973742223,102.25930786132812,8832400,0.0,0.0
2024-10-09 00:00:00-04:00,102.15566850719173,103.93663100701316,101.9577773945508,103.90835571289062,8627800,0.0,0.0
2024-10-10 00:00:00-04:00,104.31355115495559,104.43605586468921,102.87182025765642,103.08855438232422,6006700,0.0,0.0
2024-10-11 00:00:00-04:00,102.80585429783515,103.57854696813216,101.67508699128844,103.3995132446289,8578400,0.0,0.0
2024-10-14 00:00:00-04:00,103.1168141957282,103.71989102990267,102.41008285668845,103.36181640625,8130700,0.0,0.0
2024-10-15 00:00:00-04:00,103.61623341094214,105.14277564551655,103.55027210885055,105.09565734863281,9109500,0.0,0.0
2024-10-16 00:00:00-04:00,104.59623850529643,104.78469732059976,102.73046460112423,104.04969787597656,8729200,0.0,0.0
2024-10-17 00:00:00-04:00,103.78585758888967,103.8329758895752,103.18278072418003,103.4183578491211,8541700,0.0,0.0
2024-10-18 00:00:00-04:00,103.5596912885636,103.57853429269474,102.29699433450737,102.42891693115234,9523000,0.0,0.0
2024-10-21 00:00:00-04:00,102.78700848009447,102.87181279060657,100.05431250989749,100.205078125,11444900,0.0,0.0
2024-10-22 00:00:00-04:00,99.79990410916567,100.73278758056739,99.61143808160116,100.48778533935547,11576100,0.0,0.0
2024-10-23 00:00:00-04:00,100.58199894100912,101.16623275071676,100.073151530472,100.24276733398438,8271700,0.0,0.0
2024-10-24 00:00:00-04:00,99.93181197178318,100.46892748982185,99.18738744866944,99.77161407470703,8295900,0.0,0.0
2024-10-25 00:00:00-04:00,100.34642843717332,100.34642843717332,97.8681597126525,97.98123931884766,9625500,0.0,0.0
2024-10-28 00:00:00-04:00,98.56546165642968,98.94238647131182,97.93411672531674,98.21681213378906,6968900,0.0,0.0
2024-10-29 00:00:00-04:00,98.3016174102714,99.04604194994849,97.7173835819919,97.74565887451172,9296200,0.0,0.0
2024-10-30 00:00:00-04:00,97.49123088675036,98.94238675520248,96.963540457947,98.78219604492188,13897200,0.0,0.0
2024-10-31 00:00:00-04:00,95.1071991790706,97.27451165003652,92.9116186027932,96.41700744628906,17413100,0.0,0.0
2024-11-01 00:00:00-04:00,95.90815096583353,96.79392319161371,95.37103544768323,96.00238037109375,10180600,0.0,0.0
2024-11-04 00:00:00-05:00,96.11545557115419,96.61487786649022,95.12602888810709,95.99295806884766,9182600,0.0,0.0
2024-11-05 00:00:00-05:00,95.51238185662099,95.86103855952882,94.7208390468213,95.78565216064453,6741400,0.0,0.0
2024-11-06 00:00:00-05:00,97.22738447631092,97.27450277369283,94.79622699195725,94.91873168945312,9551300,0.0,0.0
2024-11-07 00:00:00-05:00,95.58776316183076,95.82334025385875,95.03179748623873,95.33333587646484,8676100,0.0,0.0
2024-11-08 00:00:00-05:00,95.62546445179841,97.2745042355482,95.17315323356014,96.98238372802734,9208000,0.0,0.0
2024-11-11 00:00:00-05:00,96.61488255656002,97.43469348200286,94.66430438637926,94.91873168945312,10075300,0.0,0.0
2024-11-12 00:00:00-05:00,94.947001571384,94.95641947964262,92.81738245833668,92.89276885986328,12282900,0.0,0.0
2024-11-13 00:00:00-05:00,92.82680791003752,93.71257296900458,92.25199917737905,92.8173828125,8869700,0.0,0.0
2024-11-14 00:00:00-05:00,93.45815562005573,93.66546463656924,92.29911302284079,92.68546295166016,8704500,0.0,0.0
2024-11-15 00:00:00-05:00,92.27084805812889,92.27084805812889,89.02931165539896,90.75373077392578,16464500,0.0,0.0
2024-11-18 00:00:00-05:00,90.98931121826172,91.67719962250594,89.91508004721796,90.98931121826172,14139900,0.0,0.0
2024-11-19 00:00:00-05:00,91.14950753554874,91.92220024482869,89.76431284213677,90.97046661376953,13093100,0.0,0.0
2024-11-20 00:00:00-05:00,91.38508143346162,93.13776862821075,91.08354300122869,91.81854248046875,12136800,0.0,0.0
2024-11-21 00:00:00-05:00,92.08238321440216,94.68315655871417,91.35680167932485,94.09892272949219,15670300,0.0,0.0
2024-11-22 00:00:00-05:00,94.54181664898489,95.91758624165698,93.22258326761985,93.45816040039062,14031200,0.0,0.0
2024-11-25 00:00:00-05:00,94.31565941123871,95.87046995811357,93.76912591552747,95.32393646240234,34659100,0.0,0.0
2024-11-26 00:00:00-05:00,95.62547026771674,95.92700870180076,93.94815508955325,95.75739288330078,9324100,0.0,0.0
2024-11-27 00:00:00-05:00,95.78565053010078,97.48180134066791,95.77622543309,97.17084503173828,9802200,0.0,0.0
2024-11-29 00:00:00-05:00,96.94469031823202,97.09546312040044,95.67257535421838,95.77622985839844,6081200,0.0,0.0
2024-12-02 00:00:00-05:00,95.86105222965412,95.9741246548624,94.66431634174594,94.8056640625,13703100,0.0,0.0
2024-12-03 00:00:00-05:00,94.93757561509139,96.53949709220471,94.81507810565097,95.97411346435547,11395600,0.0,0.0
2024-12-04 00:00:00-05:00,96.14372461329847,96.20026081657126,95.2202664100446,95.52180480957031,11315000,0.0,0.0
2024-12-05 00:00:00-05:00,95.63488189349175,98.13200070597992,95.50295928657475,97.57604217529297,11062700,0.0,0.0
2024-12-06 00:00:00-05:00,97.63258256245582,97.95296399604807,96.76566048294869,97.142578125,11470700,0.0,0.0
2024-12-09 00:00:00-05:00,96.9258531226655,99.00835405005968,96.42643076672056,97.80220031738281,19162500,0.0,0.0
2024-12-10 00:00:00-05:00,97.7833480716978,97.7833480716978,94.92815451982827,95.17315673828125,11359400,0.0,0.0
2024-12-11 00:00:00-05:00,94.8904599451733,95.59719129686796,93.53354063860483,93.99526977539062,21613000,0.0,0.0
2024-12-12 00:00:00-05:00,95.823355229944,97.05777708453897,94.34393114836105,95.40873718261719,9554400,0.0,0.0
2024-12-13 00:00:00-05:00,95.29565230563543,96.65257879334854,94.73026866550265,96.11546325683594,10118200,0.0,0.0
2024-12-16 00:00:00-05:00,96.1724550105131,97.1508008007631,95.03263622021606,95.04212951660156,11701100,0.81,0.0
2024-12-17 00:00:00-05:00,94.89015705973115,95.7450247758495,94.37723643006015,95.04212951660156,13975100,0.0,0.0
2024-12-18 00:00:00-05:00,95.16561717495811,96.40992023038693,93.34189692018151,93.40838623046875,11993400,0.0,0.0
2024-12-19 00:00:00-05:00,93.61734887505557,94.92814840593759,92.91446088910445,94.52920532226562,12110800,0.0,0.0
2024-12-20 00:00:00-05:00,93.87381751795334,94.68118977508011,92.99045540804514,93.1329345703125,29289700,0.0,0.0
2024-12-23 00:00:00-05:00,94.12077714363093,94.59570287085916,93.27540992890799,94.3867416381836,8460500,0.0,0.0
2024-12-24 00:00:00-05:00,94.24426100539509,94.6431968708344,93.84532513995579,94.46272277832031,3713500,0.0,0.0
2024-12-26 00:00:00-05:00,94.12076605447443,94.92814549307147,93.95929306547127,94.86165618896484,4760300,0.0,0.0
2024-12-27 00:00:00-05:00,94.51022028978232,95.317592581593,94.263256881029,94.70018768310547,6173600,0.0,0.0
2024-12-30 00:00:00-05:00,94.57670848853877,94.57670848853877,93.34189870610285,93.4368896484375,6848700,0.0,0.0
2024-12-31 00:00:00-05:00,93.56036102496172,94.53870678786818,93.49387171816588,94.49121856689453,6598200,0.0,0.0
2025-01-02 00:00:00-05:00,95.25110543893575,95.31759475279253,93.87382368899155,94.19676971435547,6153300,0.0,0.0
2025-01-03 00:00:00-05:00,94.35824132060006,94.7476839008077,93.74084366404311,94.16827392578125,6070300,0.0,0.0
2025-01-06 00:00:00-05:00,93.81681412061987,95.29858714606193,93.48436759935714,94.71917724609375,10111100,0.0,0.0
2025-01-07 00:00:00-05:00,95.10861993874316,97.8062017359885,95.03263733281395,95.95398712158203,10890900,0.0,0.0
2025-01-08 00:00:00-05:00,95.65003122152578,95.71652052836137,93.13293085789952,94.84265899658203,8654700,0.0,0.0
2025-01-10 00:00:00-05:00,94.2347635554369,95.37458966855635,93.85482151773043,94.27275848388672,11328500,0.0,0.0
2025-01-13 00:00:00-05:00,94.47221462322335,96.0869662700895,94.02578332818854,95.9159927368164,8168100,0.0,0.0
2025-01-14 00:00:00-05:00,96.18195605597093,96.40041782263633,94.04479037790993,94.65269470214844,10927400,0.0,0.0
2025-01-15 00:00:00-05:00,95.0801258484929,95.7640200315005,94.61470068103154,95.07062530517578,9170300,0.0,0.0
2025-01-16 00:00:00-05:00,95.40307589982615,95.84000666947041,94.93764350118663,95.65003204345703,7749600,0.0,0.0
2025-01-17 00:00:00-05:00,95.43157693101618,95.43157693101618,93.00945281982422,93.00945281982422,16182000,0.0,0.0
2025-01-21 00:00:00-05:00,93.16143440066554,93.3419012530845,90.95777926869249,91.41370391845703,17756100,0.0,0.0
2025-01-22 00:00:00-05:00,91.14772446165746,92.13557062456657,90.37834727335292,90.88176727294922,13070900,0.0,0.0
2025-01-23 00:00:00-05:00,91.29022198299451,92.28756888830156,90.44485478572301,91.78414154052734,11522800,0.0,0.0
2025-01-24 00:00:00-05:00,91.93611444418774,92.23056604822447,90.62532216995659,90.75830078125,12244800,0.0,0.0
2025-01-27 00:00:00-05:00,91.78414725663956,93.6743569473951,91.1667495829712,93.02845764160156,15093400,0.0,0.0
2025-01-28 00:00:00-05:00,92.46801986221519,93.92129114861174,91.74613086653157,92.56300354003906,12840900,0.0,0.0
2025-01-29 00:00:00-05:00,92.53451430501146,94.17776028518763,92.50601992475941,93.35138702392578,10225500,0.0,0.0
2025-01-30 00:00:00-05:00,94.42472332430788,94.42472332430788,93.30389847535668,93.98778533935547,10164700,0.0,0.0
2025-01-31 00:00:00-05:00,94.13026843989519,95.0421248769774,93.63634892068886,93.86431121826172,11420200,0.0,0.0
2025-02-03 00:00:00-05:00,93.2089181969091,95.12762214329753,93.08544011988066,94.78567504882812,13363900,0.0,0.0
2025-02-04 00:00:00-05:00,84.53678223341491,86.6549542352675,82.9505319914112,86.18952178955078,50837600,0.0,0.0
2025-02-05 00:00:00-05:00,85.85706615410494,86.18951268966595,83.5869219225428,85.17317199707031,21670600,0.0,0.0
2025-02-06 00:00:00-05:00,84.92621309487562,85.07818554328335,83.43493951120588,83.63441467285156,19509700,0.0,0.0
2025-02-07 00:00:00-05:00,83.13100035652762,84.15684171902922,82.75106555274944,82.90303802490234,15815000,0.0,0.0
2025-02-10 00:00:00-05:00,82.82703832412011,83.56792849575726,81.94367624139024,82.0671615600586,21212100,0.0,0.0
2025-02-11 00:00:00-05:00,81.74421004126296,82.62757214260358,81.43076458346428,82.20014190673828,20922300,0.0,0.0
2025-02-12 00:00:00-05:00,81.75371369536897,82.32362311380602,81.3167828996742,81.37377166748047,14785300,0.0,0.0
2025-02-13 00:00:00-05:00,81.2977791900715,81.40226342554021,80.0819705374805,80.18645477294922,20415100,0.0,0.0
2025-02-14 00:00:00-05:00,80.18645469523733,80.52840178429605,77.97329915960484,78.84716796875,26779000,0.0,0.0
2025-02-18 00:00:00-05:00,77.06144603811232,79.39807975091463,76.9759628855082,79.11312866210938,25897800,0.0,0.0
2025-02-19 00:00:00-05:00,79.06563894388492,81.33578350980996,78.69519742872842,81.30728912353516,17435100,0.0,0.0
2025-02-20 00:00:00-05:00,81.59223237115137,83.30196045217157,81.59223237115137,83.28296661376953,14851500,0.0,0.0
2025-02-21 00:00:00-05:00,83.58692633772696,85.040197874794,82.64657544552911,85.01170349121094,15678900,0.0,0.0
2025-02-24 00:00:00-05:00,85.21116629738859,87.2438476676775,84.47028338162976,86.69293212890625,19452300,0.0,0.0
2025-02-25 00:00:00-05:00,87.14886946776066,88.39317253301375,85.90456640250756,86.84491729736328,18417300,0.0,0.0
2025-02-26 00:00:00-05:00,86.721432842597,86.78792214852024,84.40379318448846,84.89771270751953,13534200,0.0,0.0
2025-02-27 00:00:00-05:00,84.86922380324646,86.40798572836687,84.77424010962474,86.03754425048828,10717500,0.0,0.0
2025-02-28 00:00:00-05:00,86.1610149795115,87.71877061179082,86.1610149795115,87.62378692626953,15482100,0.0,0.0
2025-03-03 00:00:00-05:00,87.17736905583259,88.53565698362,87.17736905583259,88.47866821289062,13636100,0.0,0.0
2025-03-04 00:00:00-05:00,88.87759535286695,90.57783023125073,87.69028110093339,87.91824340820312,15073000,0.0,0.0
2025-03-05 00:00:00-05:00,86.51246791904747,88.76361111647847,85.9615523635649,88.51665496826172,13117100,0.0,0.0
2025-03-06 00:00:00-05:00,88.4596527259527,89.33352146671461,87.17735486572232,89.28602600097656,11300200,0.0,0.0
2025-03-07 00:00:00-05:00,89.53299329419048,92.48703167188015,89.14355074912054,89.90343475341797,24100900,0.0,0.0
2025-03-10 00:00:00-04:00,89.94143269940861,92.13558714650159,89.94143269940861,90.45435333251953,20897600,0.0,0.0
2025-03-11 00:00:00-04:00,90.21690166465063,90.59683647987674,88.88710807098302,89.97943878173828,21734800,0.0,0.0
2025-03-12 00:00:00-04:00,89.35251903104931,89.66597172569429,88.20319973080863,88.66862487792969,11896000,0.0,0.0
2025-03-13 00:00:00-04:00,88.71613834797373,91.50869704415842,88.71613834797373,89.96044158935547,16570100,0.0,0.0
2025-03-14 00:00:00-04:00,89.55199581618487,90.12190525127077,88.76361735347368,89.82745361328125,12681100,0.0,0.0
2025-03-17 00:00:00-04:00,89.72206245679133,91.30285837293233,89.17597011951317,90.81424713134766,12237900,0.81,0.0
2025-03-18 00:00:00-04:00,91.23579600220064,91.40824660121824,89.90408968737778,90.74718475341797,8670100,0.0,0.0
2025-03-19 00:00:00-04:00,91.2549439727984,91.42739455299684,89.71247136918892,90.07653045654297,11355900,0.0,0.0
2025-03-20 00:00:00-04:00,90.05738982902602,91.16873985032052,89.75081177304779,90.75677490234375,12970200,0.0,0.0
2025-03-21 00:00:00-04:00,90.61305725340905,90.70886151736936,89.16638874659903,89.2047119140625,68435800,0.0,0.0
2025-03-24 00:00:00-04:00,89.00352819939128,89.20471936332794,87.71972756504644,88.43827056884766,16950100,0.0,0.0
2025-03-25 00:00:00-04:00,88.4382552651863,88.4382552651863,83.42762034566589,84.18448638916016,20640200,0.0,0.0
2025-03-26 00:00:00-04:00,84.5389735277035,85.57367715888856,83.64797995241588,84.4144287109375,13808800,0.0,0.0
2025-03-27 00:00:00-04:00,84.7880724430184,84.8455535429557,83.71504561800623,83.92581939697266,12931900,0.0,0.0
2025-03-28 00:00:00-04:00,84.50065210287302,86.35928562954075,83.9928828963662,85.48745727539062,12393500,0.0,0.0
2025-03-31 00:00:00-04:00,85.50661273675368,86.48382795189617,84.66352495683864,85.99522399902344,15003000,0.0,0.0
2025-04-01 00:00:00-04:00,85.98563008139159,85.98563008139159,82.97733118474417,83.4659423828125,13922100,0.0,0.0
2025-04-02 00:00:00-04:00,83.23601304499687,83.41804626543242,81.74144604174845,82.96775817871094,10590800,0.0,0.0
2025-04-03 00:00:00-04:00,85.0084211319206,85.17128910656977,82.64201860715971,82.76656341552734,12684100,0.0,0.0
2025-04-04 00:00:00-04:00,82.50788470699739,82.65158743253379,77.6792757752821,78.05291748046875,22965700,0.0,0.0
2025-04-07 00:00:00-04:00,77.61222508941383,79.71994825742289,75.97394795884914,77.77509307861328,26582000,0.0,0.0
2025-04-08 00:00:00-04:00,79.71994448210332,79.77742557924046,74.28776152073738,75.63861846923828,20571600,0.0,0.0
2025-04-09 00:00:00-04:00,73.54046864774926,78.55110343312026,72.81234316942415,78.4744644165039,22928300,0.0,0.0
2025-04-10 00:00:00-04:00,77.22899314956025,77.71760437877474,72.77402561118474,74.2973403930664,19466900,0.0,0.0
2025-04-11 00:00:00-04:00,74.60391802835454,76.10806756483763,73.14766696702526,75.85897064208984,16194400,0.0,0.0
2025-04-14 00:00:00-04:00,76.66374300651017,76.66374300651017,75.07337166706193,75.84939575195312,15796700,0.0,0.0
2025-04-15 00:00:00-04:00,76.21345406030382,76.60625371593537,74.46020760988426,75.10210418701172,16042500,0.0,0.0
2025-04-16 00:00:00-04:00,75.17874092342886,75.38951465245634,72.74527504088569,73.25304412841797,16551300,0.0,0.0
2025-04-17 00:00:00-04:00,73.66501813367434,75.44700512519249,73.65543551496394,74.72846221923828,21416500,0.0,0.0
2025-04-21 00:00:00-04:00,74.805111325985,74.91049820752066,73.76082512969418,74.58475494384766,11010000,0.0,0.0
2025-04-22 00:00:00-04:00,74.75720733874459,75.72484722458283,74.40273082813817,75.65778350830078,12918200,0.0,0.0
2025-04-23 00:00:00-04:00,75.20749201912408,76.8361863747605,74.72846340753729,75.43742370605469,17935700,0.0,0.0
2025-04-24 00:00:00-04:00,74.99672774273046,76.61584699361394,72.8410987180431,76.49129486083984,18471500,0.0,0.0
2025-04-25 00:00:00-04:00,76.80745391913648,79.78701278185069,74.78595238052593,79.26966094970703,28378000,0.0,0.0
2025-04-28 00:00:00-04:00,79.51874956437526,80.1702287688448,78.94391669205426,79.7007827758789,14241000,0.0,0.0
2025-04-29 00:00:00-04:00,80.26603466964752,82.09592751275783,79.2792368786076,81.15702819824219,18802900,0.0,0.0
2025-04-30 00:00:00-04:00,81.69353618637646,82.23005320162838,80.27561558964537,81.62647247314453,13825100,0.0,0.0
2025-05-01 00:00:00-04:00,80.96541666334464,81.03248037550281,79.68161620423585,79.7678451538086,10036400,0.0,0.0
2025-05-02 00:00:00-04:00,80.65884782212215,81.15703441061048,79.47085148679334,79.69120788574219,11755600,0.0,0.0
2025-05-05 00:00:00-04:00,79.73910466332491,80.07442322435222,78.47446944073872,79.3654556274414,8688000,0.0,0.0
2025-05-06 00:00:00-04:00,79.01097458428768,79.0205572024494,75.00629539202342,75.72483825683594,16991100,0.0,0.0
2025-05-07 00:00:00-04:00,76.28051172180771,76.54876655011044,75.4565820009374,75.80148315429688,12216900,0.0,0.0
2025-05-08 00:00:00-04:00,75.20748985457578,75.49490993701423,73.70334034986011,74.39314270019531,15059100,0.0,0.0
2025-05-09 00:00:00-04:00,74.69013928600509,75.15958527272369,72.63989743939324,72.78360748291016,15614500,0.0,0.0
2025-05-12 00:00:00-04:00,72.73570139314755,77.8613059881519,72.64947975303735,77.0565414428711,21761100,0.0,0.0
2025-05-13 00:00:00-04:00,73.72249443711618,75.25539171773754,73.34885273504861,73.4159164428711,23353200,0.0,0.0
2025-05-14 00:00:00-04:00,74.2111121837061,74.2111121837061,70.24475583491986,70.38846588134766,23721800,0.0,0.0
2025-05-15 00:00:00-04:00,70.67587652237728,71.67225688883727,70.23517108691551,71.66268157958984,15274800,0.0,0.0
2025-05-16 00:00:00-04:00,71.84470637326783,72.97521414578077,71.25071559561617,72.86982727050781,15021800,0.0,0.0
2025-05-19 00:00:00-04:00,72.77403156938287,74.00992636246627,72.51535931473616,73.99076843261719,11682600,0.0,0.0
2025-05-20 00:00:00-04:00,74.29734760193094,75.85897839189442,74.17279547313447,74.6997299194336,13262400,0.0,0.0
2025-05-21 00:00:00-04:00,74.50810231747585,74.8242629353813,73.64585671867344,73.7512435913086,11879500,0.0,0.0
2025-05-22 00:00:00-04:00,73.50214546856937,75.07335860449636,73.46382230557164,74.57516479492188,11800000,0.0,0.0
2025-05-23 00:00:00-04:00,74.29733977538545,74.6326583379816,73.84705171587215,74.32608032226562,10902200,0.0,0.0
2025-05-27 00:00:00-04:00,74.74762010395325,74.9200706936582,73.81831075268391,74.33565521240234,11884500,0.0,0.0
2025-05-28 00:00:00-04:00,74.18237392057225,74.4602114030489,72.41954476160916,72.9752197265625,12293200,0.0,0.0
2025-05-29 00:00:00-04:00,72.51535971971218,73.77041244965373,72.51535971971218,73.1955795288086,10785200,0.0,0.0
2025-05-30 00:00:00-04:00,73.71293041220159,74.30692125544275,72.4195472200152,73.61711883544922,20641500,0.0,0.0
2025-06-02 00:00:00-04:00,73.78956548343642,73.78956548343642,72.23751743107759,73.05186462402344,11271800,0.0,0.0
2025-06-03 00:00:00-04:00,72.81235625652884,73.95244680534215,72.27584649680365,73.904541015625,18139200,0.0,0.0
2025-06-04 00:00:00-04:00,74.22071053849221,75.82066469808991,74.08658308256176,74.98715209960938,13009300,0.0,0.0
2025-06-05 00:00:00-04:00,75.12127654597379,75.25540398347995,74.00992656732596,74.36441040039062,13983700,0.0,0.0
2025-06-06 00:00:00-04:00,75.0158868939731,76.15597007076784,74.92965793909798,75.65778350830078,9863100,0.0,0.0
2025-06-09 00:00:00-04:00,76.27093275863764,77.03738142714062,75.37035666955609,76.00267791748047,18305800,0.0,0.0
2025-06-10 00:00:00-04:00,76.01226059665527,78.44572694929488,76.0026852866828,77.93795776367188,13254100,0.0,0.0
2025-06-11 00:00:00-04:00,77.93796985057097,78.25413055421936,76.62543585989418,76.951171875,11803300,0.0,0.0
2025-06-12 00:00:00-04:00,76.8266064509166,78.6660744546721,76.71163695965835,78.38823699951172,13169200,0.0,0.0
2025-06-13 00:00:00-04:00,78.22537870421039,78.98224483573414,78.03376286176305,78.2828598022461,14550500,0.0,0.0
2025-06-16 00:00:00-04:00,78.26349812429332,78.71829462409613,77.13134984770807,78.34091186523438,12569400,0.81,0.0
2025-06-17 00:00:00-04:00,77.68291126319912,78.08932233675407,75.66052707628457,75.74761199951172,14040600,0.0,0.0
2025-06-18 00:00:00-04:00,75.5250615157793,77.71194450719852,74.60578987758724,76.72494506835938,23803400,0.0,0.0
2025-06-20 00:00:00-04:00,76.68622852266508,77.33455196359262,76.05725482482747,76.50237274169922,34052300,0.0,0.0
2025-06-23 00:00:00-04:00,76.67655210785783,77.62485196259762,76.43463970826488,77.5667953491211,18553800,0.0,0.0
2025-06-24 00:00:00-04:00,77.76999645314652,78.82473091171043,76.53139883634888,77.72161102294922,15906400,0.0,0.0
2025-06-25 00:00:00-04:00,77.06361543029887,77.52809049794674,76.59914774523175,77.09264373779297,12753200,0.0,0.0
2025-06-26 00:00:00-04:00,77.25714412942008,77.65388402759241,75.83470535233869,76.27982330322266,13760100,0.0,0.0
2025-06-27 00:00:00-04:00,76.50237741842437,76.96685248936058,75.61214153025917,76.54108428955078,60202500,0.0,0.0
2025-06-30 00:00:00-04:00,76.68622890013744,76.82169925017477,75.84437111126503,76.5991439819336,13895200,0.0,0.0
2025-07-01 00:00:00-04:00,76.40561402782713,80.38265460444497,76.05725956983281,79.16341400146484,21800800,0.0,0.0
2025-07-02 00:00:00-04:00,79.40532139189204,80.13105856975871,79.2408227367282,79.72464752197266,16052700,0.0,0.0
2025-07-03 00:00:00-04:00,79.87947702067976,79.92785507088168,78.08931936385643,78.31188201904297,7734500,0.0,0.0
2025-07-07 00:00:00-04:00,78.33123785621149,78.90215500061942,77.55712254953538,78.2828598022461,15777400,0.0,0.0
2025-07-08 00:00:00-04:00,78.32155840068764,79.71496875853026,77.74096275379118,78.7376480102539,12752900,0.0,0.0
2025-07-09 00:00:00-04:00,79.71497728993229,81.74704750638914,79.24083101796354,81.001953125,18394600,0.0,0.0
2025-07-10 00:00:00-04:00,80.93421383098381,82.25021790812018,80.4794173272201,81.30191802978516,14725600,0.0,0.0
2025-07-11 00:00:00-04:00,81.30192161237937,81.40836366614558,79.59886351728241,80.66327667236328,9717400,0.0,0.0
2025-07-14 00:00:00-04:00,80.73101534400391,81.57287324675741,80.42136773309136,80.96324920654297,10368700,0.0,0.0
2025-07-15 00:00:00-04:00,81.06968754565423,81.63092612174181,78.66992051682215,78.88279724121094,10827000,0.0,0.0
2025-07-16 00:00:00-04:00,78.82473775017522,79.9665646056378,78.82473775017522,79.76335906982422,11517800,0.0,0.0
2025-07-17 00:00:00-04:00,79.32792258264664,79.98592464847111,78.70862000665208,78.88279724121094,8984800,0.0,0.0
2025-07-18 00:00:00-04:00,79.05696872117052,79.2698528126444,77.27649701535343,77.37326049804688,11823600,0.0,0.0
2025-07-21 00:00:00-04:00,77.56680134110934,77.71194288601275,76.39593873996016,76.74429321289062,11620800,0.0,0.0
2025-07-22 00:00:00-04:00,77.28617849316227,79.12470688141745,77.28617849316227,78.96988677978516,10571000,0.0,0.0
2025-07-23 00:00:00-04:00,79.94721010593639,81.41803420353756,79.74400458221007,81.26321411132812,11542100,0.0,0.0
2025-07-24 00:00:00-04:00,81.47610012533885,81.77607654637642,80.81809804745492,81.3890151977539,8016700,0.0,0.0
2025-07-25 00:00:00-04:00,81.43739401147971,82.46310022671447,81.12773905170106,81.96959686279297,10058800,0.0,0.0
2025-07-28 00:00:00-04:00,81.73736948929168,82.2211943283356,81.15678115895523,81.34062957763672,12882000,0.0,0.0
2025-07-29 00:00:00-04:00,77.26681412785383,80.20846960909574,74.18001712198526,79.95687866210938,27826400,0.0,0.0
2025-07-30 00:00:00-04:00,80.22783138175475,80.876154837912,78.88279165412779,79.10535430908203,13055200,0.0,0.0
2025-07-31 00:00:00-04:00,78.18608989511687,78.85376309266063,75.33151917250979,75.59278869628906,19813300,0.0,0.0
2025-08-01 00:00:00-04:00,75.49602582361176,77.28618366229794,75.02187954101325,76.72494506835938,11900300,0.0,0.0
2025-08-04 00:00:00-04:00,76.50238181474869,77.40229631805563,75.89276517028188,77.27650451660156,13380700,0.0,0.0
2025-08-05 00:00:00-04:00,77.31520690969512,78.50541182029104,76.99588075999151,78.1764144897461,9984300,0.0,0.0
2025-08-06 00:00:00-04:00,77.69258735429916,78.68926526216886,76.70558062698196,76.87008666992188,13028700,0.0,0.0
2025-08-07 00:00:00-04:00,77.0732953500186,78.20544365769696,76.1056457094222,77.77000427246094,10830100,0.0,0.0
2025-08-08 00:00:00-04:00,77.51841232260851,78.54411856629828,77.51841232260851,78.07965087890625,6882900,0.0,0.0
2025-08-11 00:00:00-04:00,78.34091638029788,78.99891845105842,77.05394054765758,77.44100189208984,8210700,0.0,0.0
2025-08-12 00:00:00-04:00,77.86677682343611,78.32157338866614,77.09265406782136,77.70227813720703,7852700,0.0,0.0
2025-08-13 00:00:00-04:00,78.1377167761357,80.16010119611414,77.6055064642563,80.03430938720703,11043800,0.0,0.0
2025-08-14 00:00:00-04:00,79.35695013792116,80.70198256546381,78.96021023641097,80.08268737792969,10217600,0.0,0.0
2025-08-15 00:00:00-04:00,81.01164011669285,81.99863963608483,80.66328560806465,81.48578643798828,10481400,0.0,0.0
2025-08-18 00:00:00-04:00,81.53416738492123,82.39537504417041,81.35999014020896,81.4954605102539,8273600,0.0,0.0
2025-08-19 00:00:00-04:00,81.65027721160179,83.02434536579142,81.65027721160179,82.18248748779297,14307700,0.0,0.0
2025-08-20 00:00:00-04:00,82.550192895454,83.4597859687276,81.81478444469533,81.92122650146484,8904700,0.0,0.0
2025-08-21 00:00:00-04:00,82.13409649142686,84.49516390950701,81.86315578100731,83.29528045654297,13889000,0.0,0.0
2025-08-22 00:00:00-04:00,84.66934037481222,84.99833769662995,83.95328173476496,84.54354858398438,11977400,0.0,0.0
2025-08-25 00:00:00-04:00,84.3887218992138,84.56289912493008,82.201831705794,82.55018615722656,9417700,0.0,0.0
2025-08-26 00:00:00-04:00,82.79209954165528,82.82112784918853,81.93089196612532,82.24053955078125,14062700,0.0,0.0
2025-08-27 00:00:00-04:00,82.31795327456281,82.71469316431237,81.16644785879102,81.35030364990234,10588100,0.0,0.0
2025-08-28 00:00:00-04:00,81.52448397519974,81.52448397519974,79.97624599343322,80.51812744140625,14485300,0.0,0.0
2025-08-29 00:00:00-04:00,80.72133010166219,81.51480250039222,80.58585974450688,81.39868927001953,10872900,0.0,0.0
2025-09-02 00:00:00-04:00,81.76639884648701,82.73404853697798,81.61157135236945,82.7146987915039,11642700,0.0,0.0
2025-09-03 00:00:00-04:00,82.60824668705706,83.03400747893129,81.35029928939417,81.45674133300781,12714400,0.0,0.0
2025-09-04 00:00:00-04:00,81.47609704586021,81.6793099677068,80.3149204264618,81.3309555053711,12554800,0.0,0.0
2025-09-05 00:00:00-04:00,81.07936100117108,82.51147827724445,80.55682933041547,81.96959686279297,13231100,0.0,0.0
2025-09-08 00:00:00-04:00,81.43739435410562,81.59221445206573,80.14074004360921,81.3696517944336,13111200,0.0,0.0
2025-09-09 00:00:00-04:00,81.45675121924357,82.05669668491821,81.40836578169935,81.87284088134766,9767500,0.0,0.0
2025-09-10 00:00:00-04:00,81.54383358267367,81.83413143364487,80.83745346526796,81.31159973144531,13073300,0.0,0.0
2025-09-11 00:00:00-04:00,81.61156923428764,82.78243182606559,81.28257189169825,82.39537048339844,9667200,0.0,0.0
2025-09-12 00:00:00-04:00,81.88251625999749,82.42439770302266,80.12139418758473,80.13106536865234,9939500,0.0,0.0
2025-09-15 00:00:00-04:00,80.23856163720222,80.86397425554782,79.07568155519722,79.17340087890625,10229800,0.81,0.0
2025-09-16 00:00:00-04:00,79.16362742187455,79.62291640523982,78.70433843850927,79.2417984008789,10065900,0.0,0.0
2025-09-17 00:00:00-04:00,79.13432286799566,80.37537399454001,78.95842509477214,79.2906723022461,12642100,0.0,0.0
2025-09-18 00:00:00-04:00,79.36884369028421,79.82813269372637,78.97795895615216,79.6717758178711,10458900,0.0,0.0
2025-09-19 00:00:00-04:00,79.94539490481549,80.52195157964287,79.1538587035421,79.65223693847656,25627800,0.0,0.0
2025-09-22 00:00:00-04:00,79.89653905798329,80.07243682017956,78.43072685818312,78.56753540039062,11986400,0.0,0.0
2025-09-23 00:00:00-04:00,78.26459235111895,79.26134877802352,77.85416674263169,78.13755798339844,13145300,0.0,0.0
2025-09-24 00:00:00-04:00,78.07893290852161,78.28414572597168,77.5219245595838,77.85417175292969,11804200,0.0,0.0
2025-09-25 00:00:00-04:00,77.96165849148038,78.05937780720342,75.81180372354993,75.83134460449219,14923800,0.0,0.0
2025-09-26 00:00:00-04:00,76.96490867018655,77.16034729941805,75.91929634723574,76.76946258544922,12205400,0.0,0.0
2025-09-29 00:00:00-04:00,76.80855760583009,77.00400370533475,76.25154926937795,76.78901672363281,12739000,0.0,0.0
2025-09-30 00:00:00-04:00,76.6326559679311,82.08547885245108,76.6131150867222,82.01707458496094,21636600,0.0,0.0
2025-10-01 00:00:00-04:00,83.24836434547959,88.68163925160657,83.24836434547959,88.07576751708984,33460900,0.0,0.0
2025-10-02 00:00:00-04:00,87.89986854718374,88.92594006863983,86.20930265283053,87.46990203857422,14575400,0.0,0.0
2025-10-03 00:00:00-04:00,87.5871548880314,88.6327672039142,86.09202776355005,87.15718841552734,12970600,0.0,0.0
2025-10-06 00:00:00-04:00,86.80539995091243,88.25166380779054,86.53178286747638,86.77608489990234,11648300,0.0,0.0
2025-10-07 00:00:00-04:00,86.64904318918536,86.91289355964727,85.15391594158916,85.61320495605469,9449100,0.0,0.0
2025-10-08 00:00:00-04:00,85.92590565346347,85.92590565346347,84.23533241666,84.43077850341797,9696200,0.0,0.0
2025-10-09 00:00:00-04:00,84.97801353056249,85.79887219258185,84.66530724396131,85.50570678710938,10938200,0.0,0.0
2025-10-10 00:00:00-04:00,85.9356810820413,86.22883903321897,83.96171658211732,84.03012084960938,11230700,0.0,0.0
2025-10-13 00:00:00-04:00,83.70766048021888,84.48942259016538,83.29722735782683,83.74674224853516,6553900,0.0,0.0
2025-10-14 00:00:00-04:00,83.43401774045738,83.72718312752409,82.23205605559596,82.76951599121094,9675000,0.0,0.0
2025-10-15 00:00:00-04:00,82.27115634641649,82.75976042030089,81.70437383138903,82.19297790527344,9168700,0.0,0.0
2025-10-16 00:00:00-04:00,82.48613866383995,83.5512919059868,81.694595039197,82.0073013305664,11709100,0.0,0.0
2025-10-17 00:00:00-04:00,81.38189646309792,82.95520223756591,81.26463625240903,82.85748291015625,10758900,0.0,0.0
2025-10-20 00:00:00-04:00,83.3069952983591,85.01710957134594,83.0920083111597,84.35260772705078,8611800,0.0,0.0
2025-10-21 00:00:00-04:00,84.978017272214,85.67183414317515,84.26465951926373,85.62297821044922,9852400,0.0,0.0
2025-10-22 00:00:00-04:00,85.68160922700659,86.76631084889137,85.02688156853745,85.61320495605469,10926300,0.0,0.0
2025-10-23 00:00:00-04:00,85.56433718022723,86.10180460693961,84.92915789202931,85.19300079345703,7687500,0.0,0.0
2025-10-24 00:00:00-04:00,85.3395917309383,86.05294952376225,85.12460473950969,85.49594116210938,7902100,0.0,0.0
2025-10-27 00:00:00-04:00,85.51548620123503,86.28748152453045,85.04642301480635,85.99431610107422,7226600,0.0,0.0
2025-10-28 00:00:00-04:00,86.10181146652639,86.10181146652639,84.948705540946,85.04642486572266,8345900,0.0,0.0
2025-10-29 00:00:00-04:00,84.96824406090045,85.83795870158887,84.10830358906985,84.60668182373047,10921900,0.0,0.0
2025-10-30 00:00:00-04:00,82.691360603043,85.31027887837367,81.40144607671635,84.31352233886719,16678800,0.0,0.0
2025-10-31 00:00:00-04:00,83.47311362208151,84.48941093476915,82.6327140645803,84.02035522460938,12385000,0.0,0.0
2025-11-03 00:00:00-05:00,83.8151351627091,84.1376156238999,80.46331109324083,80.60989379882812,13875800,0.0,0.0
2025-11-04 00:00:00-05:00,80.81511201640814,83.02360455010307,80.14084345436252,81.94867706298828,12846100,0.0,0.0
2025-11-05 00:00:00-05:00,82.11479536925361,83.43402481185323,81.02032706985536,82.46659088134766,9440200,0.0,0.0
2025-11-06 00:00:00-05:00,82.55454691668233,84.20602360291899,82.42750508700583,83.82491302490234,10601400,0.0,0.0
2025-11-07 00:00:00-05:00,83.99104184340881,84.61645449523343,83.29722491577546,84.31352233886719,9214300,0.0,0.0
2025-11-10 00:00:00-05:00,84.71417415891949,85.37867597756593,83.84445953009629,84.7728042602539,8319600,0.0,0.0
2025-11-11 00:00:00-05:00,85.35912746773256,88.9943428532508,85.27118231590853,88.8770751953125,15436000,0.0,0.0
2025-11-12 00:00:00-05:00,89.32659511711434,90.7924072526324,89.08229309452798,89.36567687988281,13218900,0.0,0.0
2025-11-13 00:00:00-05:00,89.22887084880652,92.11163926956377,88.82821939737964,90.81195068359375,16086100,0.0,0.0
2025-11-14 00:00:00-05:00,90.09858638443126,92.9129505635031,89.40476950848128,90.80217742919922,19632000,0.0,0.0
2025-11-17 00:00:00-05:00,91.10511521627599,92.59046826045369,90.56764777451416,90.74354553222656,14345800,0.0,0.0
2025-11-18 00:00:00-05:00,91.96505523209873,95.43414698230234,90.01063902477415,94.232177734375,28153500,0.0,0.0
2025-11-19 00:00:00-05:00,93.811981223262,94.92599790384773,91.9455101015311,92.88363647460938,14641300,0.0,0.0
2025-11-20 00:00:00-05:00,92.80545043945312,93.81197354607698,91.7598381158577,92.80545043945312,12554200,0.0,0.0
2025-11-21 00:00:00-05:00,93.30383465832057,97.98465499630338,93.1865669998374,95.53186798095703,23183300,0.0,0.0
2025-11-24 00:00:00-05:00,96.86087669798387,100.02702908789725,96.86087669798387,98.11170196533203,28320900,0.0,0.0
2025-11-25 00:00:00-05:00,98.43418663413324,103.42771374645028,98.41463829477776,103.25182342529297,22225500,0.0,0.0
2025-11-26 00:00:00-05:00,102.21596235564505,103.33975312422001,101.82507763759646,102.24527740478516,12624000,0.0,0.0
2025-11-28 00:00:00-05:00,102.45049394695296,103.00750972298734,101.74691037536954,102.44072723388672,6154500,0.0,0.0
2025-12-01 00:00:00-05:00,102.33322481318024,103.2713436155735,99.39182659216752,99.50909423828125,14178300,0.0,0.0
2025-12-02 00:00:00-05:00,99.21593711844544,99.47978748031167,98.02374204454586,98.72733306884766,11795000,0.0,0.0
2025-12-03 00:00:00-05:00,99.57750942057663,100.7403820194886,99.20616556158251,99.93907165527344,12541600,0.0,0.0
2025-12-04 00:00:00-05:00,99.77294365030765,100.26154769115686,98.24850142862003,98.59052276611328,12770700,0.0,0.0
2025-12-05 00:00:00-05:00,99.08890693465739,99.76317548183661,96.92927783888169,97.44719696044922,16430400,0.0,0.0
2025-12-08 00:00:00-05:00,97.11493443193095,97.39832566432172,95.58071807416422,96.6751937866211,12902600,0.0,0.0
2025-12-09 00:00:00-05:00,97.05631005758246,97.57422916764725,93.87060950286474,94.68169403076172,16283900,0.0,0.0
2025-12-10 00:00:00-05:00,95.81525746064209,95.93251766145279,94.27126686891434,95.39505767822266,18077700,0.0,0.0
2025-12-11 00:00:00-05:00,96.19637148139024,96.88041419572302,95.35597188634915,96.75337982177734,11808200,0.0,0.0
2025-12-12 00:00:00-05:00,96.70451429802672,98.365772569103,96.07910170001168,98.01397705078125,11810800,0.0,0.0
2025-12-15 00:00:00-05:00,98.54617325319415,99.48246005886712,96.58491034244079,98.8122787475586,16735900,0.85,0.0
2025-12-16 00:00:00-05:00,98.85170702878708,98.89112282623105,95.39238806284422,96.85101318359375,16663600,0.0,0.0
2025-12-17 00:00:00-05:00,96.76231109343924,98.69400838988547,96.64404114985862,97.74787139892578,13180600,0.0,0.0
2025-12-18 00:00:00-05:00,97.83656738902786,99.90625002841301,97.43249157719755,99.23606872558594,14312800,0.0,0.0
2025-12-19 00:00:00-05:00,99.1473723209527,100.72426741869415,98.6644498421007,99.63029479980469,44980200,0.0,0.0
2025-12-22 00:00:00-05:00,99.17693248620952,103.43455277606276,98.95025782293973,103.20787811279297,17136200,0.0,0.0
2025-12-23 00:00:00-05:00,103.05018973851938,103.86820664910292,102.82351506450107,103.52326202392578,13587500,0.0,0.0
2025-12-24 00:00:00-05:00,103.8484957498747,105.40567537271811,103.75979140926114,104.91289520263672,5335000,0.0,0.0
2025-12-26 00:00:00-05:00,104.91289195530771,105.50423415648473,104.49895842986655,105.23812866210938,6280700,0.0,0.0
2025-12-29 00:00:00-05:00,105.30711899943958,106.03643153301142,104.89318546843084,105.0804443359375,8086900,0.0,0.0
2025-12-30 00:00:00-05:00,105.18885744257679,105.33668547685303,104.11459277172168,104.52852630615234,6497900,0.0,0.0
2025-12-31 00:00:00-05:00,104.41026310805307,104.56794884986,103.47397628891915,103.74008178710938,7557300,0.0,0.0
2026-01-02 00:00:00-05:00,104.00618149430184,105.08044617507818,102.9220666239685,104.91289520263672,9992400,0.0,0.0
2026-01-05 00:00:00-05:00,105.46481197198604,106.8741635306679,104.27228488682884,105.88860321044922,15863300,0.0,0.0
2026-01-06 00:00:00-05:00,106.12513914740683,108.57918232181594,106.12513914740683,107.29795837402344,14479000,0.0,0.0
2026-01-07 00:00:00-05:00,107.92870855838349,109.85054810007901,106.39122940579885,107.03184509277344,16322300,0.0,0.0
2026-01-08 00:00:00-05:00,109.01282651997846,111.26976053279331,107.67246389647944,109.38733673095703,20278800,0.0,0.0
2026-01-09 00:00:00-05:00,109.26907727371102,110.85583001787157,108.6284615507942,108.9339828491211,11040800,0.0,0.0
2026-01-12 00:00:00-05:00,109.36763083710042,109.85055329259478,107.2092513119195,107.61333465576172,10671900,0.0,0.0
2026-01-13 00:00:00-05:00,107.47535563814463,107.73159590686699,105.67177845238601,106.69676208496094,9338600,0.0,0.0
2026-01-14 00:00:00-05:00,107.39651465987542,109.62388320017156,106.39123887228854,109.40705871582031,11964600,0.0,0.0
2026-01-15 00:00:00-05:00,109.02268539644022,109.96882240212355,106.88401378563911,109.36763000488281,11775800,0.0,0.0
2026-01-16 00:00:00-05:00,109.12124579754939,109.13110350667216,106.86431163908819,107.25853729248047,14852100,0.0,0.0
2026-01-20 00:00:00-05:00,106.54892826274715,108.0568343700179,105.3859667683768,107.86957550048828,15241100,0.0,0.0
2026-01-21 00:00:00-05:00,107.61334109537512,110.35319776899081,107.15998421952487,109.505615234375,12844400,0.0,0.0
2026-01-22 00:00:00-05:00,109.18037250727937,109.7125759895073,107.02199297144867,107.60347747802734,9362600,0.0,0.0
2026-01-23 00:00:00-05:00,107.5147759384355,107.5147759384355,105.66192517070749,106.617919921875,10489500,0.0,0.0
2026-01-26 00:00:00-05:00,106.24340776915818,106.8544503682814,105.51408770296209,105.84918212890625,9903200,0.0,0.0
2026-01-27 00:00:00-05:00,105.94773790427767,106.78546270014016,105.29726446233323,106.3616714477539,7907100,0.0,0.0
2026-01-28 00:00:00-05:00,105.30712613834945,106.37153316386821,104.49896691954349,105.35640716552734,7491700,0.0,0.0
2026-01-29 00:00:00-05:00,105.78019371269596,108.34264910776955,105.55351152471555,106.77560424804688,13572800,0.0,0.0
2026-01-30 00:00:00-05:00,107.02199271839324,108.94383987509906,106.39123470818386,108.677734375,19060600,0.0,0.0
2026-02-02 00:00:00-05:00,108.529907705249,112.24546689082844,108.36235673228326,111.73297882080078,18000100,0.0,0.0
2026-02-03 00:00:00-05:00,110.0575202221012,116.74947576362598,109.83084555701943,114.16730499267578,25793600,0.0,0.0
2026-02-04 00:00:00-05:00,115.21200914420105,118.65161274168128,114.81778349102984,116.6213607788086,21954600,0.0,0.0
2026-02-05 00:00:00-05:00,116.60164183444715,120.66215315662832,116.60164183444715,118.0208511352539,24010600,0.0,0.0
2026-02-06 00:00:00-05:00,119.01626876539304,120.88883491526408,118.70088975735793,120.16937255859375,13083300,0.0,0.0
2026-02-09 00:00:00-05:00,119.656880742777,120.12008777192425,115.29084827248629,115.951171875,16158700,0.0,0.0
2026-02-10 00:00:00-05:00,115.99060040479665,116.47352287260773,114.42355553279715,115.4583969116211,11849500,0.0,0.0
2026-02-11 00:00:00-05:00,115.34997778967295,117.63647737252214,114.63051546610845,117.58719635009766,10885300,0.0,0.0
2026-02-12 00:00:00-05:00,117.29153670015239,119.85399204822163,116.41438861007363,117.5182113647461,13453300,0.0,0.0
2026-02-13 00:00:00-05:00,119.74558769524047,121.54916501822821,119.28237310766372,119.65689086914062,10102300,0.0,0.0
2026-02-17 00:00:00-05:00,120.59316111949364,121.3027657515742,119.05568942947146,119.81456756591797,9899800,0.0,0.0
2026-02-18 00:00:00-05:00,119.49919118762942,120.05110257170365,118.65160869395619,119.90327453613281,7803400,0.0,0.0
2026-02-19 00:00:00-05:00,119.6470231036845,120.82969246765546,118.76001732109208,120.10037994384766,8933300,0.0,0.0
2026-02-20 00:00:00-05:00,120.86912388333248,120.92825509972563,118.85857981444691,120.49461364746094,9442500,0.0,0.0
2026-02-23 00:00:00-05:00,120.54388337782994,122.39674163853701,119.745581904619,122.0320816040039,9661100,0.0,0.0
2026-02-24 00:00:00-05:00,121.62800722329611,123.03735131484468,120.85926382895761,122.14049530029297,8460300,0.0,0.0
2026-02-25 00:00:00-05:00,122.21934059899417,123.33302108292563,120.49460999368961,120.69171905517578,11082500,0.0,0.0
2026-02-26 00:00:00-05:00,120.63259005566138,120.73114458821415,117.28168331426518,117.57735443115234,10327300,0.0,0.0
2026-02-27 00:00:00-05:00,117.95186237768111,122.20948276685397,117.95186237768111,122.0320816040039,17636400,0.0,0.0
2026-03-02 00:00:00-05:00,121.72656618965699,121.91381755116637,119.29223081697339,119.65689086914062,11564500,0.0,0.0
2026-03-03 00:00:00-05:00,117.94200004011583,119.2232314458865,116.89730852168118,118.09969329833984,9334100,0.0,0.0
2026-03-04 00:00:00-05:00,117.70547283862751,119.12468214802543,116.15814339072014,118.54319763183594,6700900,0.0,0.0
2026-03-05 00:00:00-05:00,117.39009393032391,117.80402747285108,112.79737908851801,114.39398956298828,14516000,0.0,0.0
2026-03-06 00:00:00-05:00,113.49713404630998,114.67980346415247,112.17647926113138,114.11803436279297,12809300,0.0,0.0
2026-03-09 00:00:00-04:00,113.31972745285235,115.56680375063868,112.46228727849561,115.4189682006836,8321600,0.0,0.0
2026-03-10 00:00:00-04:00,115.54709703569812,117.28168541273273,114.98532791894411,115.39926147460938,9739300,0.0,0.0
2026-03-11 00:00:00-04:00,115.0740283622925,115.26127971537672,113.62525344734834,114.53196716308594,6760700,0.0,0.0
2026-03-12 00:00:00-04:00,113.80265627112442,114.91633677392659,112.64955245151127,114.2363052368164,8349200,0.0,0.0
2026-03-13 00:00:00-04:00,115.23170965183071,116.18770435570056,113.8617814223353,113.94062805175781,7111000,0.0,0.0
2026-03-16 00:00:00-04:00,114.51648124163657,115.23134173151435,113.40448276842358,114.60584259033203,8785300,0.85,0.0
2026-03-17 00:00:00-04:00,114.95334799731634,115.96606960145509,113.56334225972854,115.04270935058594,7952200,0.0,0.0
2026-03-18 00:00:00-04:00,114.2384867493478,114.73491682571371,112.54069679716702,113.68248748779297,6736300,0.0,0.0
2026-03-19 00:00:00-04:00,113.84135063967476,114.93349531084145,112.9378442497145,113.38462829589844,8383800,0.0,0.0
2026-03-20 00:00:00-04:00,113.43426888744546,114.35762910348673,111.91519411345661,113.3647689819336,36355400,0.0,0.0
2026-03-23 00:00:00-04:00,115.34055664274894,115.6384177043799,113.95055098000685,114.85405731201172,9096400,0.0,0.0
2026-03-24 00:00:00-04:00,113.88105658059976,115.70792320206517,113.20591137319848,115.53913879394531,7411900,0.0,0.0
2026-03-25 00:00:00-04:00,116.46249530518288,119.2623605453753,115.9660652443337,118.51771545410156,10220300,0.0,0.0
2026-03-26 00:00:00-04:00,118.11064091534625,119.20278555038522,117.8028566970419,118.08085632324219,6497200,0.0,0.0
2026-03-27 00:00:00-04:00,118.43828720586941,120.20557704601073,117.75321128415914,118.7758560180664,8345800,0.0,0.0
2026-03-30 00:00:00-04:00,119.70914832116357,120.77150838167215,116.38306832423837,117.25678253173828,11084000,0.0,0.0
2026-03-31 00:00:00-04:00,118.18013884248576,120.4041433897596,117.92199309037134,119.43114471435547,10713300,0.0,0.0
2026-04-01 00:00:00-04:00,120.01693394349559,121.3175859097826,119.41128863722896,119.97721862792969,6351700,0.0,0.0
2026-04-02 00:00:00-04:00,119.51058132882778,120.78144113379113,118.36879061892661,120.00701141357422,6387900,0.0,0.0
2026-04-06 00:00:00-04:00,119.55029116660226,120.61265119628362,119.1829301937511,119.98714447021484,4890200,0.0,0.0
2026-04-07 00:00:00-04:00,118.7063519739413,118.7063519739413,115.6682024703683,118.42835235595703,11376400,0.0,0.0
2026-04-08 00:00:00-04:00,118.74607304757502,122.74729826106507,117.09792912889351,122.3005142211914,9256900,0.0,0.0
2026-04-09 00:00:00-04:00,122.02251522510208,123.11465988653049,120.4835789465517,121.80408477783203,8666300,0.0,0.0
2026-04-10 00:00:00-04:00,122.08208323904753,122.13172927655856,120.08643221486874,120.5530776977539,9707000,0.0,0.0
2026-04-13 00:00:00-04:00,120.16585895286461,120.43393542686654,118.20992330706109,119.29214477539062,6357300,0.0,0.0
2026-04-14 00:00:00-04:00,118.18014014169076,119.50064593346337,117.30642595367274,119.10350036621094,12449400,0.0,0.0
2026-04-15 00:00:00-04:00,118.94464806543633,119.39143209945728,115.80720638012433,117.05821228027344,7689400,0.0,0.0
2026-04-16 00:00:00-04:00,116.29370231743515,117.00856281083617,113.89098266177622,114.63562774658203,11399900,0.0,0.0
2026-04-17 00:00:00-04:00,114.73491505880799,118.34892535310267,114.73491505880799,118.21985626220703,16194900,0.0,0.0
2026-04-20 00:00:00-04:00,118.29929001041107,118.50778973578083,115.9164241027366,116.26392364501953,7392000,0.0,0.0
2026-04-21 00:00:00-04:00,115.65827296208042,115.69798827576946,111.11097938104838,111.75633239746094,12769500,0.0,0.0
2026-04-22 00:00:00-04:00,111.80597712794946,112.69955273821624,110.74361711766603,112.08397674560547,8037500,0.0,0.0
2026-04-23 00:00:00-04:00,112.56055297989926,114.19876609538179,112.2924765092382,113.80162811279297,6826300,0.0,0.0
2026-04-24 00:00:00-04:00,112.92791035466358,113.21584070464185,110.70390575904736,111.1010513305664,7060000,0.0,0.0
2026-04-27 00:00:00-04:00,110.42590733493114,111.94498215574443,109.35361655261993,109.44297790527344,9133600,0.0,0.0
2026-04-28 00:00:00-04:00,110.72375951247204,111.11098193611417,108.92668508251728,109.24440002441406,7157600,0.0,0.0
2026-04-29 00:00:00-04:00,107.77497101332884,110.43583648625113,107.12961040862378,110.15782928466797,9769900,0.0,0.0
2026-04-30 00:00:00-04:00,108.55932059730206,111.43861642613733,107.85439082945325,108.40046691894531,17131200,0.0,0.0
2026-05-01 00:00:00-04:00,111.52798393366345,113.72220398501874,111.08119231533671,111.35919952392578,11953700,0.0,0.0
2026-05-04 00:00:00-04:00,110.61455468882706,113.80163491150948,109.95926334354859,112.30241394042969,7659100,0.0,0.0
2026-05-05 00:00:00-04:00,112.85840887228717,113.25555443826215,112.02441000116919,112.34212493896484,7910400,0.0,0.0
2026-05-06 00:00:00-04:00,112.34212257942326,113.67255148633632,111.93504629974535,112.74919128417969,7256100,0.0,0.0
2026-05-07 00:00:00-04:00,112.6995593525094,112.93784367092486,110.30676272096949,111.49819946289062,7329000,0.0,0.0
2026-05-08 00:00:00-04:00,111.57762273934215,112.20312949193516,110.38619356999095,110.58476257324219,5725100,0.0,0.0
2026-05-11 00:00:00-04:00,111.34926466958817,112.86833945070408,110.21740473170094,110.4854736328125,7750600,0.0,0.0
2026-05-12 00:00:00-04:00,110.70390457696445,112.87827068724926,110.59468935658985,111.56769561767578,9117400,0.0,0.0
2026-05-13 00:00:00-04:00,111.44854739888412,113.2555524969204,111.24004768467857,112.63997650146484,8110500,0.0,0.0
2026-05-14 00:00:00-04:00,112.81869600216656,113.08677248434866,111.7662666682177,112.60027313232422,5284200,0.0,0.0
2026-05-15 00:00:00-04:00,113.08677443377037,113.11655902676586,110.1479092511051,110.58476257324219,10028900,0.0,0.0
2026-05-18 00:00:00-04:00,110.63440319170151,112.08397805420431,110.17768844665993,111.75633239746094,8047200,0.0,0.0
2026-05-19 00:00:00-04:00,111.75633397062185,114.27819961346351,111.3294038111069,113.4243392944336,7555400,0.0,0.0
2026-05-20 00:00:00-04:00,113.81155850708873,114.1292734583438,112.09391465574551,112.19319915771484,9130600,0.0,0.0
2026-05-21 00:00:00-04:00,111.98469343970913,115.15191963505553,111.28968681326403,115.05262756347656,7402700,0.0,0.0
2026-05-22 00:00:00-04:00,119.68929031577404,121.78422577181381,119.22264484808915,121.5360107421875,14749200,0.0,0.0
2026-05-26 00:00:00-04:00,122.02251471602898,122.25086831000635,118.55743489175369,118.86521911621094,10008700,0.0,0.0
2026-05-27 00:00:00-04:00,118.96450080635545,121.52608176690157,118.92478549205376,119.38150024414062,7162300,0.0,0.0
2026-05-28 00:00:00-04:00,119.40136519832296,120.63250967817561,118.50778953757433,119.03400421142578,9258900,0.0,0.0
2026-05-29 00:00:00-04:00,118.79572048773063,119.80843452502992,117.34614555300868,117.87236022949219,16596000,0.0,0.0
2026-06-01 00:00:00-04:00,116.71071403893946,117.11778276279318,113.54348772624803,114.34770202636719,9406700,0.0,0.0
2026-06-02 00:00:00-04:00,113.6824890785532,115.94620904647051,113.6824890785532,114.82427978515625,8311500,0.0,0.0
2026-06-03 00:00:00-04:00,114.62570286198597,116.49228481757457,113.88105773925781,113.88105773925781,8225100,0.0,0.0
2026-06-04 00:00:00-04:00,116.32349471640346,119.68928990046348,116.25398723642459,119.40135955810547,15933900,0.0,0.0
2026-06-05 00:00:00-04:00,120.07650468989684,122.57850884585251,119.50064400541795,119.92757415771484,15967200,0.0,0.0
2026-06-08 00:00:00-04:00,119.98714704660472,121.7246523009099,117.84257307167879,118.66664123535156,12312200,0.0,0.0
2026-06-09 00:00:00-04:00,119.17300102369308,119.63964650003754,117.15749615771311,118.7460708618164,9669100,0.0,0.0
2026-06-10 00:00:00-04:00,118.92478385292615,119.18292960486828,116.42277968577825,118.23970794677734,10302100,0.0,0.0
2026-06-11 00:00:00-04:00,119.18292851029597,121.83386318594597,119.09356716143911,119.89778900146484,13180300,0.0,0.0
2026-06-12 00:00:00-04:00,120.63250892937135,121.02965450667465,117.98157413137382,118.20000457763672,10926900,0.0,0.0
2026-06-15 00:00:00-04:00,118.70999908447266,118.94999694824219,114.87000274658203,114.9000015258789,15395700,0.85,0.0
2026-06-16 00:00:00-04:00,115.87999725341797,115.9000015258789,113.56999969482422,115.16999816894531,10665400,0.0,0.0
2026-06-17 00:00:00-04:00,114.86000061035156,115.98999786376953,114.0199966430664,115.44000244140625,10459900,0.0,0.0
2026-06-18 00:00:00-04:00,114.63999938964844,114.94000244140625,111.56999969482422,113.87000274658203,29521600,0.0,0.0
2026-06-22 00:00:00-04:00,113.97000122070312,115.62999725341797,113.0,115.4800033569336,10521200,0.0,0.0
2026-06-23 00:00:00-04:00,116.52999877929688,119.80000305175781,116.52999877929688,119.5999984741211,10469300,0.0,0.0
2026-06-24 00:00:00-04:00,120.9000015258789,121.80999755859375,119.51000213623047,120.5999984741211,10478100,0.0,0.0
2026-06-25 00:00:00-04:00,121.62999725341797,125.95999908447266,121.0,125.44999694824219,14043800,0.0,0.0
2026-06-26 00:00:00-04:00,125.83000183105469,128.77999877929688,125.83000183105469,128.66000366210938,18891500,0.0,0.0
2026-06-29 00:00:00-04:00,127.6500015258789,129.97000122070312,126.73999786376953,129.3800048828125,9584600,0.0,0.0
2026-06-30 00:00:00-04:00,129.22000122070312,130.2899932861328,126.68000030517578,128.5,11837200,0.0,0.0
2026-07-01 00:00:00-04:00,128.00999450683594,128.4199981689453,124.70999908447266,125.37000274658203,10761500,0.0,0.0
2026-07-02 00:00:00-04:00,126.18000030517578,129.61000061035156,125.98999786376953,129.55999755859375,7832200,0.0,0.0
2026-07-06 00:00:00-04:00,129.30999755859375,130.0,125.62000274658203,126.77999877929688,9499300,0.0,0.0
2026-07-07 00:00:00-04:00,128.77000427246094,129.69000244140625,127.88999938964844,128.86000061035156,10174300,0.0,0.0
2026-07-08 00:00:00-04:00,128.33999633789062,128.99000549316406,125.13999938964844,125.98999786376953,7910200,0.0,0.0
2026-07-09 00:00:00-04:00,125.4800033569336,128.07000732421875,124.44999694824219,125.06999969482422,6975500,0.0,0.0
2026-07-10 00:00:00-04:00,125.12000274658203,125.55999755859375,122.9000015258789,123.54000091552734,8388400,0.0,0.0
2026-07-13 00:00:00-04:00,123.58000183105469,124.73999786376953,122.44000244140625,124.02999877929688,5225800,0.0,0.0
2026-07-14 00:00:00-04:00,123.30000305175781,123.66000366210938,120.16000366210938,120.77999877929688,9932900,0.0,0.0
2026-07-15 00:00:00-04:00,124.25,124.9000015258789,122.75,123.61000061035156,9053800,0.0,0.0
2026-07-16 00:00:00-04:00,124.33000183105469,128.92999267578125,124.0,127.62999725341797,13038800,0.0,0.0
2026-07-17 00:00:00-04:00,128.4499969482422,131.74000549316406,127.02999877929688,127.5,13472700,0.0,0.0
2026-07-20 00:00:00-04:00,127.29000091552734,127.88999938964844,124.22000122070312,124.4000015258789,7729000,0.0,0.0
2026-07-21 00:00:00-04:00,124.80000305175781,126.7699966430664,124.0999984741211,126.26000213623047,7344800,0.0,0.0
2026-07-22 00:00:00-04:00,127.31999969482422,128.8300018310547,126.62000274658203,127.47000122070312,7792400,0.0,0.0
2026-07-23 00:00:00-04:00,127.81999969482422,131.0399932861328,127.81999969482422,130.47999572753906,8531300,0.0,0.0
2026-07-24 00:00:00-04:00,131.44000244140625,131.7100067138672,130.24000549316406,131.07000732421875,6154400,0.0,0.0
2026-07-27 00:00:00-04:00,131.00999450683594,132.52999877929688,130.4499969482422,130.75999450683594,6909800,0.0,0.0
2026-07-28 00:00:00-04:00,132.8800048828125,135.0500030517578,131.13999938964844,131.82000732421875,10260200,0.0,0.0
2026-07-29 00:00:00-04:00,132.3699951171875,132.69000244140625,129.64999389648438,130.36000061035156,7537700,0.0,0.0
2026-07-30 00:00:00-04:00,128.1999969482422,130.2100067138672,127.25,129.7899932861328,7832900,0.0,0.0
2026-07-31 00:00:00-04:00,128.9199981689453,131.0399932861328,128.13999938964844,130.1999969482422,7738800,0.0,0.0
2026-08-03 00:00:00-04:00,129.8699951171875,131.47000122070312,126.72000122070312,127.7699966430664,11153800,0.0,0.0
2026-08-04 00:00:00-04:00,128.4600067138672,129.99000549316406,126.22000122070312,128.0,11816900,0.0,0.0
2026-08-05 00:00:00-04:00,129.41000366210938,131.08999633789062,127.55999755859375,128.3300018310547,10501900,0.0,0.0
2026-08-06 00:00:00-04:00,130.9600067138672,131.0800018310547,127.80000305175781,128.3699951171875,7051700,0.0,0.0
2026-08-07 00:00:00-04:00,127.83999633789062,128.75,126.68000030517578,128.5800018310547,7347500,0.0,0.0
2026-08-10 00:00:00-04:00,128.2899932861328,130.97999572753906,128.24000549316406,130.9199981689453,6007600,0.0,0.0
2026-08-11 00:00:00-04:00,129.92999267578125,132.83999633789062,129.6999969482422,130.4199981689453,6342200,0.0,0.0
2026-08-12 00:00:00-04:00,130.25,134.05999755859375,128.91000366210938,132.9199981689453,10447100,0.0,0.0
2026-08-13 00:00:00-04:00,133.86000061035156,135.67999267578125,133.05999755859375,135.5500030517578,8895200,0.0,0.0
2026-08-14 00:00:00-04:00,134.42999267578125,135.97000122070312,133.39999389648438,135.83999633789062,6869000,0.0,0.0
2026-08-17 00:00:00-04:00,134.9499969482422,137.1699981689453,134.5500030517578,135.97000122070312,8477300,0.0,0.0
2026-08-18 00:00:00-04:00,137.24000549316406,137.97999572753906,134.8800048828125,135.1699981689453,10284200,0.0,0.0
2026-08-19 00:00:00-04:00,146.94000244140625,153.5,144.89999389648438,152.1999969482422,32776300,0.0,0.0
2026-08-20 00:00:00-04:00,150.77999877929688,152.52000427246094,148.52000427246094,148.99000549316406,16204700,0.0,0.0
2026-08-21 00:00:00-04:00,149.1199951171875,154.49000549316406,148.58999633789062,152.5500030517578,11433963,0.0,0.0
