Date,Open,High,Low,Close,Volume,Dividends,Stock Splits
2021-08-09 00:00:00-04:00,84.91331240186784,86.124287077968,84.40163360273316,85.91108703613281,8297700,0.0,0.0
2021-08-10 00:00:00-04:00,85.91107173286771,87.77870584869564,85.78315042928332,87.01971435546875,8490500,0.0,0.0
2021-08-11 00:00:00-04:00,87.22439591548147,88.63151742576783,86.85769160075652,88.58887481689453,8793200,0.0,0.0
2021-08-12 00:00:00-04:00,88.29038177572454,89.30521584415507,88.27332863874605,89.2625732421875,6302100,0.0,0.0
2021-08-13 00:00:00-04:00,89.11760347320214,89.34785661938288,87.57403749507561,88.6400375366211,8312200,0.0,0.0
2021-08-16 00:00:00-04:00,88.01750842791424,88.53771707377139,87.14765508110757,88.45243835449219,6540300,0.0,0.0
2021-08-17 00:00:00-04:00,87.6763742627077,88.56328712788277,86.6444869452579,87.72754669189453,6492900,0.0,0.0
2021-08-18 00:00:00-04:00,87.30966988986098,87.8895742047922,86.23514647311796,86.35453796386719,7839800,0.0,0.0
2021-08-19 00:00:00-04:00,84.89626986038199,85.91962758641478,84.17991424707924,85.04977416992188,10644700,0.0,0.0
2021-08-20 00:00:00-04:00,85.10093409154915,86.14987471066785,84.86215107276925,85.8428726196289,6496900,0.0,0.0
2021-08-23 00:00:00-04:00,86.97707410234565,87.73606561608106,86.74682095475035,87.12205505371094,5430700,0.0,0.0
2021-08-24 00:00:00-04:00,87.5740386905452,88.21363872420363,87.4375875603177,87.91515350341797,5339700,0.0,0.0
2021-08-25 00:00:00-04:00,88.06867890913148,89.51844323719098,87.87253849528874,88.76797485351562,5612100,0.0,0.0
2021-08-26 00:00:00-04:00,89.23699882323488,90.0983287158952,88.40978171414358,88.55475616455078,6882800,0.0,0.0
2021-08-27 00:00:00-04:00,88.59739134720131,89.94481690671282,88.41830412823043,89.9277572631836,5900600,0.0,0.0
2021-08-30 00:00:00-04:00,90.08128801859795,90.2347923237725,88.58888758187025,88.76797485351562,6459700,0.0,0.0
2021-08-31 00:00:00-04:00,88.92147121249761,89.29670537080365,88.15395626156105,89.05792236328125,7215100,0.0,0.0
2021-09-01 00:00:00-04:00,89.15171327011963,89.61222605340913,88.32449622456338,88.95556640625,5762400,0.0,0.0
2021-09-02 00:00:00-04:00,89.55255215008992,89.9789522564051,88.99823071061036,89.3990478515625,5708400,0.0,0.0
2021-09-03 00:00:00-04:00,89.32228921258229,89.82544470310427,88.49507199528871,88.9044189453125,7195400,0.0,0.0
2021-09-07 00:00:00-04:00,88.75943259821972,89.85954546619651,88.75090277576615,88.84471130371094,6792100,0.0,0.0
2021-09-08 00:00:00-04:00,88.56329931094542,89.17731649486737,87.8981161971464,88.32451629638672,5601000,0.0,0.0
2021-09-09 00:00:00-04:00,88.13688595193958,89.74015424794274,88.09424985223943,88.55475616455078,6145700,0.0,0.0
2021-09-10 00:00:00-04:00,89.05789997900004,89.36490848474912,88.01748298800008,88.36713409423828,5958600,0.0,0.0
2021-09-13 00:00:00-04:00,88.55476847341856,89.1346728620007,88.0260365204769,89.03234100341797,6112200,0.0,0.0
2021-09-14 00:00:00-04:00,88.98970264738895,89.88514549090708,86.69567445434295,86.90887451171875,8400600,0.0,0.0
2021-09-15 00:00:00-04:00,87.12205872359208,88.12835656528793,86.82357349247404,87.87252044677734,6691900,0.0,0.0
2021-09-16 00:00:00-04:00,88.27333402662254,88.83617867013251,86.77240413334933,87.38642120361328,5881600,0.0,0.0
2021-09-17 00:00:00-04:00,87.09647687546868,88.59740695949297,86.48246623351896,86.77241516113281,17485600,0.0,0.0
2021-09-20 00:00:00-04:00,84.21400980195057,84.6404098515807,82.61074795762671,84.1116714477539,15443800,0.0,0.0
2021-09-21 00:00:00-04:00,84.79390766812412,85.04975028094552,83.53176075460543,83.83024597167969,8985600,0.0,0.0
2021-09-22 00:00:00-04:00,84.79390379065016,86.83209525885448,84.79390379065016,85.96224212646484,9497700,0.0,0.0
2021-09-23 00:00:00-04:00,86.78093644357836,88.68267694513557,86.6444853101196,88.30744934082031,6087900,0.0,0.0
2021-09-24 00:00:00-04:00,88.1709981020347,88.80206832765718,87.67637250335983,87.76165771484375,5529300,0.0,0.0
2021-09-27 00:00:00-04:00,88.56328761243593,90.19213889942321,88.54623447351254,89.62928771972656,8195200,0.0,0.0
2021-09-28 00:00:00-04:00,88.92145474632792,90.35415903250802,86.74681861078435,87.01971435546875,14183500,0.0,0.0
2021-09-29 00:00:00-04:00,86.20103865026637,86.65302167787974,84.52102135415737,84.89625549316406,11543000,0.0,0.0
2021-09-30 00:00:00-04:00,85.4761505970722,85.60406539758242,82.08200358599585,82.98596954345703,12258400,0.0,0.0
2021-10-01 00:00:00-04:00,83.51471776546589,85.20326490131477,82.77277930320145,84.46985626220703,7912700,0.0,0.0
2021-10-04 00:00:00-04:00,84.46984683410054,85.71493411571213,82.69602118371637,82.84952545166016,9482100,0.0,0.0
2021-10-05 00:00:00-04:00,83.76202264912291,85.04975255711746,83.12242260629986,84.59776306152344,8850300,0.0,0.0
2021-10-06 00:00:00-04:00,83.76202756682731,84.81949787793516,82.90922745966165,84.51248931884766,6912700,0.0,0.0
2021-10-07 00:00:00-04:00,85.75756079908145,86.06456930126386,84.16282905833383,84.25663757324219,7959600,0.0,0.0
2021-10-08 00:00:00-04:00,84.44427284387673,85.86845412106062,83.90701106078168,85.31413269042969,5301100,0.0,0.0
2021-10-11 00:00:00-04:00,85.34823862090144,85.85991739792534,82.90069990411139,82.96892547607422,7003900,0.0,0.0
2021-10-12 00:00:00-04:00,82.96891721400027,84.18842153941536,82.45723848792952,83.38678741455078,7913300,0.0,0.0
2021-10-13 00:00:00-04:00,83.6767436767072,84.58070965230411,82.44870951638835,84.06050109863281,10170900,0.0,0.0
2021-10-14 00:00:00-04:00,86.3204294079817,86.62743797247407,83.41237786830374,86.14134216308594,14766800,0.0,0.0
2021-10-15 00:00:00-04:00,87.3779067871882,88.02603675411177,86.85769815018163,87.10501098632812,11678100,0.0,0.0
2021-10-18 00:00:00-04:00,86.78092343996414,88.64002756350072,85.74903629661017,86.4824447631836,8924300,0.0,0.0
2021-10-19 00:00:00-04:00,86.60185773387158,87.36937266289593,86.38865769662064,86.77241516113281,6189500,0.0,0.0
2021-10-20 00:00:00-04:00,86.20104714779873,86.91739620413841,85.22032560093909,85.8428726196289,7426900,0.0,0.0
2021-10-21 00:00:00-04:00,85.58703203778974,86.77242384299942,84.91331907190771,85.51880645751953,5931400,0.0,0.0
2021-10-22 00:00:00-04:00,85.9110757349877,87.19027581772691,85.76610128713413,86.81504821777344,6761500,0.0,0.0
2021-10-25 00:00:00-04:00,87.24146608071705,87.61669375738086,86.69567445434295,86.90887451171875,3836000,0.0,0.0
2021-10-26 00:00:00-04:00,87.08794846240617,88.67415716724058,86.72124415953913,88.23922729492188,7649500,0.0,0.0
2021-10-27 00:00:00-04:00,87.81284245903326,88.55477450972799,86.84065069813364,86.87476348876953,7542400,0.0,0.0
2021-10-28 00:00:00-04:00,87.49301485749439,88.12845154880011,86.55703422782557,88.0168228149414,6663000,0.7,0.0
2021-10-29 00:00:00-04:00,87.68192008662531,88.71235820131571,87.52735371428518,88.25724792480469,8056900,0.0,0.0
2021-11-01 00:00:00-04:00,89.21042062800552,89.58825105543656,88.17998234584229,89.30487823486328,5432400,0.0,0.0
2021-11-02 00:00:00-04:00,89.24476577226476,90.45553037642104,88.76389546722301,89.87162017822266,7191700,0.0,0.0
2021-11-03 00:00:00-04:00,89.63976083666955,89.93172246603213,87.4844203585898,88.11127471923828,9009000,0.0,0.0
2021-11-04 00:00:00-04:00,87.78496701588408,87.85365808625097,84.2986380536568,85.68973541259766,14823800,0.0,0.0
2021-11-05 00:00:00-04:00,87.01213255910476,87.57028925417414,85.63821292218708,85.75843048095703,8449600,0.0,0.0
2021-11-08 00:00:00-05:00,86.26505320017007,87.415715300307,85.84429178098564,85.93016052246094,7332000,0.0,0.0
2021-11-09 00:00:00-05:00,85.40634996291483,86.13624406925877,84.39308312249796,85.62102508544922,8756900,0.0,0.0
2021-11-10 00:00:00-05:00,84.7881181608508,85.54377908449165,83.91224619642858,83.9551773071289,9191500,0.0,0.0
2021-11-11 00:00:00-05:00,84.18701973210848,85.27756676853359,83.69756058168673,84.9083251953125,6249600,0.0,0.0
2021-11-12 00:00:00-05:00,85.19169641450911,85.77561315772957,84.19560700040746,85.74126434326172,7270300,0.0,0.0
2021-11-15 00:00:00-05:00,85.89583338607669,86.55703662011652,85.83572459674276,86.05039978027344,5652200,0.0,0.0
2021-11-16 00:00:00-05:00,85.87006464792191,87.20963555999236,85.44930316552957,86.46257019042969,6448500,0.0,0.0
2021-11-17 00:00:00-05:00,86.30798489209626,86.41102475421174,83.59448829940249,83.87786102294922,9670700,0.0,0.0
2021-11-18 00:00:00-05:00,84.09253613750926,84.37590886105599,82.85600538120681,83.87786102294922,6850200,0.0,0.0
2021-11-19 00:00:00-05:00,82.62419204428966,84.04963196592499,81.53363835925911,83.2166976928711,9923400,0.0,0.0
2021-11-22 00:00:00-05:00,84.40167235178976,86.32515962420383,83.99808207134181,85.2861328125,10430400,0.0,0.0
2021-11-23 00:00:00-05:00,86.13627343405862,87.69910859684197,86.02464469077661,87.4672622680664,8559200,0.0,0.0
2021-11-24 00:00:00-05:00,87.45007663125479,87.7849759333804,85.96452808073165,86.83181762695312,7146400,0.0,0.0
2021-11-26 00:00:00-05:00,84.19560625694675,84.29006385805764,82.32363846886096,84.09255981445312,11738200,0.0,0.0
2021-11-29 00:00:00-05:00,85.04573202040832,85.52660239460053,82.40093185961615,83.49148559570312,13793400,0.0,0.0
2021-11-30 00:00:00-05:00,82.80449791083808,82.86460668990566,80.61480879226843,81.42198944091797,20586200,0.0,0.0
2021-12-01 00:00:00-05:00,83.27678600765557,84.67646560929842,81.79981994628906,81.79981994628906,11708200,0.0,0.0
2021-12-02 00:00:00-05:00,82.43526691073114,85.65539452443159,81.83417904338695,84.89115142822266,10685800,0.0,0.0
2021-12-03 00:00:00-05:00,85.90440859062826,86.6171316591346,83.16515158719164,84.3329849243164,9811800,0.0,0.0
2021-12-06 00:00:00-05:00,85.87005650455669,86.4797331195752,84.83961844704817,85.24320220947266,9624500,0.0,0.0
2021-12-07 00:00:00-05:00,86.18779266030334,88.54063077238843,86.16202613584379,88.0168228149414,10674400,0.0,0.0
2021-12-08 00:00:00-05:00,88.15419892283087,88.58354918475459,86.92625691167447,86.94342803955078,9089700,0.0,0.0
2021-12-09 00:00:00-05:00,86.53126696478508,87.43290532354497,86.08474548179497,86.36811828613281,7749600,0.0,0.0
2021-12-10 00:00:00-05:00,86.67723660176296,86.95202051884154,84.47895871376899,84.52189636230469,10429000,0.0,0.0
2021-12-13 00:00:00-05:00,84.28148634678259,84.32441745673475,83.1222415561973,83.43995666503906,10057100,0.0,0.0
2021-12-14 00:00:00-05:00,83.07930115610574,85.38920836995844,82.92473475236527,84.8568115234375,11105900,0.0,0.0
2021-12-15 00:00:00-05:00,85.1144277057916,85.72410450232105,83.40560835562384,85.38062286376953,7055000,0.0,0.0
2021-12-16 00:00:00-05:00,86.9777897276041,87.08941845374444,85.57811002493932,86.12767791748047,7889900,0.0,0.0
2021-12-17 00:00:00-05:00,85.41495685027786,85.45788795303714,83.13080991921937,83.40559387207031,20851400,0.0,0.0
2021-12-20 00:00:00-05:00,82.10037344045548,82.3408085852771,80.89819116498104,81.894287109375,11931400,0.0,0.0
2021-12-21 00:00:00-05:00,82.58984613142451,84.59062063862098,82.4953885159694,83.9551773071289,8235100,0.0,0.0
2021-12-22 00:00:00-05:00,83.88646280645342,84.73657455691,83.68895878798088,84.41027069091797,4798400,0.0,0.0
2021-12-23 00:00:00-05:00,85.01995559490464,85.84430745605007,84.81386271609361,85.3033218383789,4482200,0.0,0.0
2021-12-27 00:00:00-05:00,85.62963762535925,86.32518311844744,85.10582965728626,86.21355438232422,4196000,0.0,0.0
2021-12-28 00:00:00-05:00,86.38528600889019,86.72876758683405,85.5094142089312,85.84430694580078,4269700,0.0,0.0
2021-12-29 00:00:00-05:00,85.91301045572516,86.30801200443554,84.74517694155243,84.77952575683594,6923100,0.0,0.0
2021-12-30 00:00:00-05:00,84.89113480345655,85.84429291455822,84.77091725353067,84.83961486816406,3564900,0.0,0.0
2021-12-31 00:00:00-05:00,84.77952875025848,85.19170144548043,83.70615280237465,84.29006958007812,5124800,0.0,0.0
2022-01-03 00:00:00-05:00,85.29475044425295,87.07226080502002,85.26899046895254,86.03323364257812,8481900,0.0,0.0
2022-01-04 00:00:00-05:00,87.58747924619594,89.88879759040557,87.57030811325895,89.52814483642578,8967000,0.0,0.0
2022-01-05 00:00:00-05:00,89.04725555079544,90.189328997452,87.21822550904656,87.31268310546875,10288800,0.0,0.0
2022-01-06 00:00:00-05:00,89.40793350597183,89.48521343664461,86.40248057650412,88.80683898925781,10059200,0.0,0.0
2022-01-07 00:00:00-05:00,88.884109682122,89.75998149766298,88.3860617128113,89.34780883789062,6128400,0.0,0.0
2022-01-10 00:00:00-05:00,89.9231560846561,90.24946005650985,88.30021196572822,89.41651916503906,8904900,0.0,0.0
2022-01-11 00:00:00-05:00,89.4422666431453,91.09955267864243,88.94421867268831,90.95357513427734,7320200,0.0,0.0
2022-01-12 00:00:00-05:00,91.06521504420644,91.4258677785068,87.88801841213665,88.4891128540039,10855200,0.0,0.0
2022-01-13 00:00:00-05:00,88.81541531896005,89.60541840536119,87.70769060914327,88.05976104736328,6267700,0.0,0.0
2022-01-14 00:00:00-05:00,85.65539718337375,86.27366275261527,83.62886295146731,84.9083251953125,16724900,0.0,0.0
2022-01-18 00:00:00-05:00,82.37516726674602,82.81310650519838,79.807653732172,80.7264633178711,21803100,0.0,0.0
2022-01-19 00:00:00-05:00,84.16125132242884,84.3673376410627,81.54221175729985,82.20341491699219,19716100,0.0,0.0
2022-01-20 00:00:00-05:00,82.95047711076091,87.55311287645135,82.95047711076091,85.72408294677734,22637600,0.0,0.0
2022-01-21 00:00:00-05:00,84.27288587817355,85.49223929556685,82.73581084440323,84.89115142822266,22568300,0.0,0.0
2022-01-24 00:00:00-05:00,82.45244644081092,84.42746086560528,80.44308974984135,84.22137451171875,19527300,0.0,0.0
2022-01-25 00:00:00-05:00,82.93330502540678,85.72408195875227,81.58514535350682,85.04570770263672,16060700,0.0,0.0
2022-01-26 00:00:00-05:00,85.99886585801384,87.37278549907757,84.92549011478194,86.01603698730469,13344400,0.0,0.0
2022-01-27 00:00:00-05:00,86.99498608837206,87.78499589546446,85.5781348443718,86.85759735107422,17843100,0.0,0.0
2022-01-28 00:00:00-05:00,85.69023491452324,88.12864500563414,84.86878725643663,88.02488708496094,14044800,0.7,0.0
2022-01-31 00:00:00-05:00,87.30720226119665,88.83769105043667,86.71056779566965,88.66475677490234,8467000,0.0,0.0
2022-02-01 00:00:00-05:00,89.0279437165657,90.01368383312565,88.40536962252335,89.88397979736328,7885700,0.0,0.0
2022-02-02 00:00:00-05:00,89.75427428490303,90.18661663387266,88.45724723799415,89.8580322265625,9596300,0.0,0.0
2022-02-03 00:00:00-05:00,89.64184784264603,90.01366247185092,88.31023281240104,88.4485855102539,5986500,0.0,0.0
2022-02-04 00:00:00-05:00,88.32752743602819,90.80916785372729,88.25835108926499,90.02230834960938,7881800,0.0,0.0
2022-02-07 00:00:00-05:00,89.97043381710692,91.8122096104621,89.61590997025769,90.94752502441406,9129000,0.0,0.0
2022-02-08 00:00:00-05:00,91.63062785530887,92.79795074256441,91.06858154751326,91.9592056274414,9249000,0.0,0.0
2022-02-09 00:00:00-05:00,92.46073110835086,94.3198044497844,92.39155475215323,94.01716613769531,11054300,0.0,0.0
2022-02-10 00:00:00-05:00,93.55022883534664,94.88184390885817,92.65095606114326,93.01412200927734,8116200,0.0,0.0
2022-02-11 00:00:00-05:00,92.52125063994767,93.72316168591998,89.77155339443104,90.4200668334961,9755900,0.0,0.0
2022-02-14 00:00:00-05:00,89.95315088189435,90.35955375814812,87.85196673636472,88.69071197509766,11110300,0.0,0.0
2022-02-15 00:00:00-05:00,89.51215988939626,90.22984979491304,88.30160655120041,89.43434143066406,6714100,0.0,0.0
2022-02-16 00:00:00-05:00,88.63017542025592,89.09710591655141,87.04780094898015,87.46285247802734,10190700,0.0,0.0
2022-02-17 00:00:00-05:00,86.48575242838523,86.65004461654526,82.91460733763223,83.1394271850586,15620300,0.0,0.0
2022-02-18 00:00:00-05:00,82.3698631124363,83.04431609624655,80.51078976153597,82.50820922851562,16321800,0.0,0.0
2022-02-22 00:00:00-05:00,81.86834349274687,83.67553125719029,81.19389051660013,81.92887115478516,9143700,0.0,0.0
2022-02-23 00:00:00-05:00,82.75032511116217,82.76762249990347,80.48485536559699,80.8912582397461,8722200,0.0,0.0
2022-02-24 00:00:00-05:00,77.6919147339859,79.7066315582769,76.55053125618085,79.3866958618164,18518000,0.0,0.0
2022-02-25 00:00:00-05:00,79.6115074214328,81.88562544633601,79.23104410281033,81.75592803955078,9717400,0.0,0.0
2022-02-28 00:00:00-05:00,79.19647518336173,79.74123081238248,77.75245319590346,78.46149444580078,17955100,0.0,0.0
2022-03-01 00:00:00-05:00,77.82162104135362,77.82162104135362,74.78657597357507,75.7723159790039,18341800,0.0,0.0
2022-03-02 00:00:00-05:00,76.14411573522007,77.19903189149768,75.24484305440994,76.42081451416016,18007500,0.0,0.0
2022-03-03 00:00:00-05:00,77.54491780071102,78.03778777541176,75.28809039102336,75.90201568603516,12197100,0.0,0.0
2022-03-04 00:00:00-05:00,74.53581111350239,75.1410943017216,73.29066975488988,74.67416381835938,11950700,0.0,0.0
2022-03-07 00:00:00-05:00,73.5241395153218,74.43206109567295,72.13199661052779,72.1579360961914,12680900,0.0,0.0
2022-03-08 00:00:00-05:00,72.31356401683362,74.14669757375906,70.87819114439807,72.036865234375,11641200,0.0,0.0
2022-03-09 00:00:00-05:00,74.57039565213897,76.94827822545862,74.44934033980427,75.57343292236328,12994600,0.0,0.0
2022-03-10 00:00:00-05:00,74.1639962435583,75.91931154682361,73.50684068851419,74.2418212890625,11351600,0.0,0.0
2022-03-11 00:00:00-05:00,75.33133725474043,75.88473496301043,73.56737958574692,73.65384674072266,8568100,0.0,0.0
2022-03-14 00:00:00-04:00,74.23317958513658,74.97680894898332,73.0399170835554,73.25608825683594,8280700,0.0,0.0
2022-03-15 00:00:00-04:00,73.88728964732928,74.96814529809197,73.13501833649084,74.6482162475586,8672400,0.0,0.0
2022-03-16 00:00:00-04:00,76.1008928599868,79.85362082619356,76.09224416689317,79.34346008300781,17635900,0.0,0.0
2022-03-17 00:00:00-04:00,77.99456010487339,81.44465693174944,77.7524494356935,81.15930938720703,15156800,0.0,0.0
2022-03-18 00:00:00-04:00,80.83072092108677,82.05857149426457,79.91415074085229,81.98939514160156,16325400,0.0,0.0
2022-03-21 00:00:00-04:00,81.90291495532252,82.06720711747674,79.73255506457086,80.07843017578125,8568700,0.0,0.0
2022-03-22 00:00:00-04:00,80.55402506719102,81.79916647577382,80.30326572733927,81.47058868408203,7565100,0.0,0.0
2022-03-23 00:00:00-04:00,80.77019307309014,81.28035382949285,79.45586876364369,79.87956237792969,7465400,0.0,0.0
2022-03-24 00:00:00-04:00,80.02657132907399,80.50214395411004,79.42128808309079,79.66339874267578,6488300,0.0,0.0
2022-03-25 00:00:00-04:00,79.9660361170665,81.25441434655986,79.54233590576042,79.87956237792969,6592800,0.0,0.0
2022-03-28 00:00:00-04:00,79.79307953561258,79.8103769188445,77.94265535092251,78.91974639892578,8680800,0.0,0.0
2022-03-29 00:00:00-04:00,80.75289966157762,80.75289966157762,78.72954072896063,79.41263580322266,7431600,0.0,0.0
2022-03-30 00:00:00-04:00,79.42993631897097,79.49911267760207,77.61409978553883,78.05508422851562,7289800,0.0,0.0
2022-03-31 00:00:00-04:00,77.57950086579217,77.98590367020996,75.57343292236328,75.57343292236328,8422700,0.0,0.0
2022-04-01 00:00:00-04:00,76.21331427015056,76.5505407990168,74.28507094837913,75.21892547607422,8192300,0.0,0.0
2022-04-04 00:00:00-04:00,74.82980838019776,75.72043249010339,74.19858570006903,75.46967315673828,8098900,0.0,0.0
2022-04-05 00:00:00-04:00,74.8384716828619,75.08058237005753,73.44632863446556,73.74031829833984,11587400,0.0,0.0
2022-04-06 00:00:00-04:00,73.2560852514426,73.3339037040611,71.55265542035322,71.88123321533203,10493200,0.0,0.0
2022-04-07 00:00:00-04:00,71.66506205092008,72.29628475369194,70.3853324519328,71.88123321533203,11902900,0.0,0.0
2022-04-08 00:00:00-04:00,72.22712002966948,73.29932733066148,71.73424995931641,72.6854019165039,6937500,0.0,0.0
2022-04-11 00:00:00-04:00,72.27034584587919,74.20723764729222,71.7861179477606,72.65080261230469,8290400,0.0,0.0
2022-04-12 00:00:00-04:00,72.42598036723386,74.34558113997944,72.23574870910309,72.5729751586914,8057300,0.0,0.0
2022-04-13 00:00:00-04:00,71.7082917972658,72.84967516806569,71.5785877921027,72.74591064453125,8760300,0.0,0.0
2022-04-14 00:00:00-04:00,74.37153584959242,76.00578946977383,73.14367851306324,73.29067993164062,16348400,0.0,0.0
2022-04-18 00:00:00-04:00,72.9707443147881,75.38321551892872,72.91021664717258,74.77793884277344,7897500,0.0,0.0
2022-04-19 00:00:00-04:00,75.23622508936764,77.05206182086123,75.15840002816375,76.8791275024414,12637700,0.0,0.0
2022-04-20 00:00:00-04:00,77.48440577263572,79.18783589112537,77.48440577263572,78.34909057617188,11828400,0.0,0.0
2022-04-21 00:00:00-04:00,79.14459742003936,80.3551574400422,76.70618658700022,76.8791275024414,9563900,0.0,0.0
2022-04-22 00:00:00-04:00,76.19601484665587,76.27383329972355,73.17826062419185,73.27337646484375,11455400,0.0,0.0
2022-04-25 00:00:00-04:00,72.65944562904976,73.7662408576662,71.67370571624949,73.54142761230469,11577600,0.0,0.0
2022-04-26 00:00:00-04:00,72.88427603021506,73.68843308578973,71.14625789132386,71.22408294677734,10062000,0.0,0.0
2022-04-27 00:00:00-04:00,71.23271103815377,72.34815490217866,70.73984110726087,71.0857162475586,9522900,0.0,0.0
2022-04-28 00:00:00-04:00,72.12351238531576,73.12644046700322,71.17291544121909,72.73399353027344,6974600,0.7,0.0
2022-04-29 00:00:00-04:00,72.43749249645074,73.03052787390794,70.03918873747561,70.28337860107422,8097300,0.0,0.0
2022-05-02 00:00:00-04:00,70.28337858008153,71.63515245075185,69.79499885303022,71.4781723022461,8737100,0.0,0.0
2022-05-03 00:00:00-04:00,71.94039215898738,73.9636882212569,71.73108750528364,73.03925323486328,9430500,0.0,0.0
2022-05-04 00:00:00-04:00,73.31833353516683,76.33583523407972,73.20496155920213,76.06548309326172,10495000,0.0,0.0
2022-05-05 00:00:00-04:00,74.78347185675062,75.14104033869256,72.74273657652272,74.07706451416016,8556500,0.0,0.0
2022-05-06 00:00:00-04:00,73.37936945709482,73.75437720001192,71.78340580791226,73.4578628540039,7333600,0.0,0.0
2022-05-09 00:00:00-04:00,71.98399193536922,72.59446654305206,70.3967513017196,70.77175903320312,11161000,0.0,0.0
2022-05-10 00:00:00-04:00,71.52176798511469,72.08864101417103,68.65252428286136,69.99557495117188,9261000,0.0,0.0
2022-05-11 00:00:00-04:00,69.82988716039021,71.56538518469489,68.68742453961289,68.80079650878906,8060000,0.0,0.0
2022-05-12 00:00:00-04:00,68.06822028571173,69.35021700165579,66.93447408918092,68.53915405273438,10315600,0.0,0.0
2022-05-13 00:00:00-04:00,69.41999065716942,71.07700184691214,69.30661869371811,70.23977661132812,7948000,0.0,0.0
2022-05-16 00:00:00-04:00,70.10895761804291,70.57989805326932,68.76590674432495,69.68162536621094,5703600,0.0,0.0
2022-05-17 00:00:00-04:00,71.19909629385768,72.61191761199248,70.92874418471771,72.3241195678711,6507100,0.0,0.0
2022-05-18 00:00:00-04:00,71.4258429940922,71.70491805556763,70.0479069670748,70.37059020996094,5949400,0.0,0.0
2022-05-19 00:00:00-04:00,69.53336608517853,70.79792352126884,69.3327777627764,69.73394775390625,7852800,0.0,0.0
2022-05-20 00:00:00-04:00,70.30955964726108,70.82410171247261,67.64961963006745,69.21942138671875,8705000,0.0,0.0
2022-05-23 00:00:00-04:00,70.45781164877329,72.6816895437861,69.85605324423227,71.78341674804688,7787700,0.0,0.0
2022-05-24 00:00:00-04:00,71.33863808894918,71.70492288423767,69.81244478823905,71.4781723022461,6225700,0.0,0.0
2022-05-25 00:00:00-04:00,70.88513700722112,72.22818791184548,70.6409471434121,71.7136459350586,6747800,0.0,0.0
2022-05-26 00:00:00-04:00,72.69040335479042,74.609050302102,72.5944706747411,74.12938690185547,8573400,0.0,0.0
2022-05-27 00:00:00-04:00,74.62648145410552,75.42010505648682,74.05960840292941,75.39393615722656,6300000,0.0,0.0
2022-05-31 00:00:00-04:00,74.53056836821186,75.71663927338969,74.0683508316026,75.12360382080078,10780700,0.0,0.0
2022-06-01 00:00:00-04:00,75.38522805619218,75.68174241003581,73.00436364337459,74.12938690185547,6543900,0.0,0.0
2022-06-02 00:00:00-04:00,74.28637846527674,74.46079791744616,72.96948964426817,74.30381774902344,7468700,0.0,0.0
2022-06-03 00:00:00-04:00,73.4055323759166,74.12066265340387,72.97820013360302,73.36193084716797,5276900,0.0,0.0
2022-06-06 00:00:00-04:00,74.30381314138141,75.24569409351088,73.90264310332817,74.01602172851562,4022400,0.0,0.0
2022-06-07 00:00:00-04:00,73.38809989575081,74.4782380206025,73.15262633472481,74.41719055175781,4514300,0.0,0.0
2022-06-08 00:00:00-04:00,73.69333954749986,74.24276678430604,72.15842315661753,72.5595932006836,6787200,0.0,0.0
2022-06-09 00:00:00-04:00,72.12352351930984,72.28050364896998,70.77175646459513,70.78047943115234,6951700,0.0,0.0
2022-06-10 00:00:00-04:00,69.36767408056808,69.51593127747478,67.1089042917568,67.50135803222656,9671600,0.0,0.0
2022-06-13 00:00:00-04:00,65.4257057531187,66.50712721617207,64.65825115511856,65.56524658203125,10446400,0.0,0.0
2022-06-14 00:00:00-04:00,65.77456015515949,66.95190778180016,64.77163193480861,65.3733901977539,7400300,0.0,0.0
2022-06-15 00:00:00-04:00,66.10597758563017,67.32692694466677,64.82397410496678,66.29783630371094,9273300,0.0,0.0
2022-06-16 00:00:00-04:00,64.61466390772826,64.85013746935661,63.21928843508377,64.49256896972656,11068400,0.0,0.0
2022-06-17 00:00:00-04:00,64.37047177499865,65.07688578144283,63.367550055670534,63.57685470581055,17285900,0.0,0.0
2022-06-21 00:00:00-04:00,65.4693325415899,65.6263126919169,64.67571547592415,65.08560180664062,8063800,0.0,0.0
2022-06-22 00:00:00-04:00,64.22222670737155,65.32981094122994,63.74256319606655,64.8850326538086,6322600,0.0,0.0
2022-06-23 00:00:00-04:00,64.89374815993162,64.99839716587103,62.992546925820015,64.51001739501953,7958000,0.0,0.0
2022-06-24 00:00:00-04:00,65.93155129419537,68.50428121554776,65.42572561632846,67.86763763427734,10795400,0.0,0.0
2022-06-27 00:00:00-04:00,68.37344946228187,68.37344946228187,67.07400696668796,67.53622436523438,5937600,0.0,0.0
2022-06-28 00:00:00-04:00,70.10023360831148,70.83280982566255,68.06822137363275,68.16415405273438,10259100,0.0,0.0
2022-06-29 00:00:00-04:00,68.26880962807785,69.14964310581809,67.59728746329132,68.19032287597656,8534900,0.0,0.0
2022-06-30 00:00:00-04:00,66.77751144376022,67.00426207320689,64.99840493958301,66.33273315429688,10182400,0.0,0.0
2022-07-01 00:00:00-04:00,66.07107619311303,67.19609924453441,65.1291955007128,66.93446350097656,6017500,0.0,0.0
2022-07-05 00:00:00-04:00,65.46059382366687,66.3937515333998,64.18731364567347,66.37631225585938,8706900,0.0,0.0
2022-07-06 00:00:00-04:00,66.07109425687126,66.42865610690572,65.13793627511157,65.80073547363281,6895900,0.0,0.0
2022-07-07 00:00:00-04:00,66.53329377859497,67.33563363592415,66.39375294062117,67.14376831054688,6258300,0.0,0.0
2022-07-08 00:00:00-04:00,67.49262740274331,67.6059993662724,66.62923991759176,66.91703796386719,5890500,0.0,0.0
2022-07-11 00:00:00-04:00,66.15829066844871,66.59434583675979,65.65246507632615,66.12340545654297,4918900,0.0,0.0
2022-07-12 00:00:00-04:00,65.58271411821399,67.37926646939106,65.46061916714162,66.22808074951172,6558400,0.0,0.0
2022-07-13 00:00:00-04:00,65.61759784083067,65.84434845350104,64.54490555897107,65.39085388183594,7780100,0.0,0.0
2022-07-14 00:00:00-04:00,64.5448964499078,65.46933140034399,62.835560761518835,65.13793182373047,13296200,0.0,0.0
2022-07-15 00:00:00-04:00,66.22806849757444,68.69613596939077,65.98387864060388,68.06822204589844,11663900,0.0,0.0
2022-07-18 00:00:00-04:00,69.3327855087556,70.11768629808033,68.39090456156595,68.7746353149414,11596800,0.0,0.0
2022-07-19 00:00:00-04:00,69.64675355267927,71.50434674880876,69.62059129907794,71.20783233642578,9952000,0.0,0.0
2022-07-20 00:00:00-04:00,71.05083672624977,71.74852106753386,70.58861926990137,71.34735107421875,7653400,0.0,0.0
2022-07-21 00:00:00-04:00,71.07700574649107,72.47238121568716,70.83281587109114,72.4026107788086,9053400,0.0,0.0
2022-07-22 00:00:00-04:00,72.47236621115728,72.84737391464495,71.21653187572369,71.88805389404297,6564000,0.0,0.0
2022-07-25 00:00:00-04:00,72.2892512436311,72.54216413056324,71.61772897077256,71.99273681640625,6208200,0.0,0.0
2022-07-26 00:00:00-04:00,71.33864293320836,72.01016510350371,70.31826857179497,70.45780944824219,7121600,0.0,0.0
2022-07-27 00:00:00-04:00,70.98106627451463,72.26306965149975,70.60605852923106,71.95783233642578,7751300,0.0,0.0
2022-07-28 00:00:00-04:00,71.97984902054932,73.13314432413496,71.22272191104238,73.02749633789062,6324800,0.775,0.0
2022-07-29 00:00:00-04:00,73.04508942180045,74.50651592373517,73.04508942180045,74.21599578857422,8597700,0.0,0.0
2022-08-01 00:00:00-04:00,73.65256350524811,74.4272951661931,73.08031539901252,74.03112030029297,5439200,0.0,0.0
2022-08-02 00:00:00-04:00,73.36203558781011,74.4713090765873,73.03629270930435,73.5381088256836,7684700,0.0,0.0
2022-08-03 00:00:00-04:00,74.55053889403756,75.35168077388921,74.05752850643654,74.87628173828125,7043600,0.0,0.0
2022-08-04 00:00:00-04:00,75.0083517147559,75.40452663073776,74.65620518956904,75.14921569824219,5722600,0.0,0.0
2022-08-05 00:00:00-04:00,74.82346279196638,76.33771682860849,74.57695757051553,75.82709503173828,6219300,0.0,0.0
2022-08-08 00:00:00-04:00,76.38173184748008,76.78670563557552,75.66861984263203,75.73905181884766,5719700,0.0,0.0
2022-08-09 00:00:00-04:00,76.10881009876765,76.45215758903024,75.59819505989185,76.02957916259766,4920100,0.0,0.0
2022-08-10 00:00:00-04:00,77.05962594585431,78.93483880797532,77.03321563231965,78.25694274902344,7271700,0.0,0.0
2022-08-11 00:00:00-04:00,79.21658512861076,79.97370565144236,79.05811648039823,79.41026306152344,8808100,0.0,0.0
2022-08-12 00:00:00-04:00,79.7799992267738,80.77482572502551,79.28698209909136,80.69559478759766,6259000,0.0,0.0
2022-08-15 00:00:00-04:00,79.80641923387735,81.25024136990038,79.63914494552559,81.01253509521484,7348900,0.0,0.0
2022-08-16 00:00:00-04:00,80.53713045259633,81.2326244404322,80.41387112658879,80.83645629882812,5953800,0.0,0.0
2022-08-17 00:00:00-04:00,79.57752756468008,80.84527659386455,79.54231156756222,80.42269134521484,5499000,0.0,0.0
2022-08-18 00:00:00-04:00,80.2642154676561,80.994932229138,80.10574685331983,80.75723266601562,4664800,0.0,0.0
2022-08-19 00:00:00-04:00,79.80640807661308,80.04410760130335,78.93483419706482,79.24296569824219,6264100,0.0,0.0
2022-08-22 00:00:00-04:00,77.85197713485576,78.23054067450292,77.21810267621271,77.87838745117188,6452800,0.0,0.0
2022-08-23 00:00:00-04:00,77.878383191511,78.57388392243836,77.43819336561499,77.7375259399414,7487700,0.0,0.0
2022-08-24 00:00:00-04:00,77.46459301007476,78.38899420382961,77.30612442591001,78.00162506103516,5262400,0.0,0.0
2022-08-25 00:00:00-04:00,78.41541534366152,79.32220531063984,78.1777157929712,79.15493774414062,4943300,0.0,0.0
2022-08-26 00:00:00-04:00,79.53349757747479,79.66555587367492,76.3465274141547,76.4257583618164,7911500,0.0,0.0
2022-08-29 00:00:00-04:00,75.8359044952436,76.09121540642649,74.8850928363757,75.1404037475586,7505300,0.0,0.0
2022-08-30 00:00:00-04:00,75.8359081011341,75.91514576818932,74.13677498277399,74.33045959472656,8849400,0.0,0.0
2022-08-31 00:00:00-04:00,74.48893064861464,75.65983731970906,74.00471910289458,75.02596282958984,9223100,0.0,0.0
2022-09-01 00:00:00-04:00,74.54174285079988,75.8975283086687,73.41485798108128,75.86231231689453,7830800,0.0,0.0
2022-09-02 00:00:00-04:00,76.90996774595673,78.38020016825564,75.46614563881376,76.06480407714844,9974400,0.0,0.0
2022-09-06 00:00:00-04:00,76.372925968343,76.45215690380284,73.2123666076474,74.94670867919922,10689300,0.0,0.0
2022-09-07 00:00:00-04:00,74.27763643354011,76.82193318557684,74.27763643354011,76.46977996826172,7592700,0.0,0.0
2022-09-08 00:00:00-04:00,76.17925044412283,77.90479376126915,75.71265030182865,77.86077880859375,8446700,0.0,0.0
2022-09-09 00:00:00-04:00,78.5474769296439,79.07570339970714,78.17771907227606,78.7587661743164,5976200,0.0,0.0
2022-09-12 00:00:00-04:00,79.23416028972572,80.14975583686301,79.10210201255691,79.36621856689453,8030800,0.0,0.0
2022-09-13 00:00:00-04:00,77.48221042337161,78.0720631429425,76.41695191411631,76.63704681396484,7890700,0.0,0.0
2022-09-14 00:00:00-04:00,77.06844788292891,77.57026409625331,75.8271091507889,76.75151062011719,8341100,0.0,0.0
2022-09-15 00:00:00-04:00,76.89236183374197,78.75876926577428,76.8131308826663,77.70231628417969,8883100,0.0,0.0
2022-09-16 00:00:00-04:00,76.94517782164056,77.20928766965453,75.34288723000806,76.97158813476562,20988900,0.0,0.0
2022-09-19 00:00:00-04:00,75.81831358381584,78.37140972434668,75.78309758450827,78.1072998046875,6011500,0.0,0.0
2022-09-20 00:00:00-04:00,77.56144933710623,77.86958088521949,76.03839623496178,76.76030731201172,8092300,0.0,0.0
2022-09-21 00:00:00-04:00,77.38536448786459,78.48583893531215,76.02077348632443,76.02957916259766,9707800,0.0,0.0
2022-09-22 00:00:00-04:00,76.5138023530699,76.81312822468384,74.1895937838113,74.6297836303711,8376300,0.0,0.0
2022-09-23 00:00:00-04:00,73.31802725619505,73.6789861912851,70.62406726948285,71.75975799560547,9990500,0.0,0.0
2022-09-26 00:00:00-04:00,71.24032263723555,71.89180844147727,69.55880092832052,70.21908569335938,8496000,0.0,0.0
2022-09-27 00:00:00-04:00,71.046614284589,71.17867253680991,68.97772405566698,69.9725570678711,6855400,0.0,0.0
2022-09-28 00:00:00-04:00,70.21909958376617,72.09430626938591,70.1574732621758,71.72454833984375,6693500,0.0,0.0
2022-09-29 00:00:00-04:00,71.1346803194724,71.33716388302938,69.57640453568366,70.30712127685547,5892700,0.0,0.0
2022-09-30 00:00:00-04:00,70.22788345809305,71.45161738121294,69.42674144954088,69.55879974365234,8090900,0.0,0.0
2022-10-03 00:00:00-04:00,70.47440287798172,71.29315632813746,68.95134292908992,70.76492309570312,8169200,0.0,0.0
2022-10-04 00:00:00-04:00,72.36721535824296,74.60338080943926,72.01506881902722,73.92549133300781,7875000,0.0,0.0
2022-10-05 00:00:00-04:00,72.21754615531788,73.59093634630202,71.64529800348645,73.1683578491211,5956500,0.0,0.0
2022-10-06 00:00:00-04:00,72.5873038948601,73.23878971177147,71.42520295446255,71.58367156982422,6434800,0.0,0.0
2022-10-07 00:00:00-04:00,71.0466263784751,71.12586403000053,69.00414610896446,69.48835754394531,7180900,0.0,0.0
2022-10-10 00:00:00-04:00,69.93737640009624,70.1838816797719,68.51115864613199,69.03058624267578,5418000,0.0,0.0
2022-10-11 00:00:00-04:00,68.59919342145855,69.03058436592775,67.38427169747385,67.78924560546875,6271100,0.0,0.0
2022-10-12 00:00:00-04:00,67.780427912192,68.49354000176614,67.19938083128524,67.43708038330078,6411600,0.0,0.0
2022-10-13 00:00:00-04:00,66.01086650915597,70.13104337734225,65.73794426101969,69.83171081542969,11811500,0.0,0.0
2022-10-14 00:00:00-04:00,67.99172802017542,69.6028177861919,65.87881537091144,66.29259490966797,13658500,0.0,0.0
2022-10-17 00:00:00-04:00,67.62196392603887,68.88090719025465,67.19938542318788,67.91249084472656,11412400,0.0,0.0
2022-10-18 00:00:00-04:00,70.25429988734015,70.949793911281,69.0041556594806,69.93736267089844,9767800,0.0,0.0
2022-10-19 00:00:00-04:00,69.68205933913335,70.06942186608778,68.11498444120052,68.3526840209961,7429600,0.0,0.0
2022-10-20 00:00:00-04:00,68.34387035533469,69.14501906725667,67.03210654708971,67.43708038330078,7638100,0.0,0.0
2022-10-21 00:00:00-04:00,67.44588386461994,70.01659076735528,67.10253634690766,69.7436752319336,8149000,0.0,0.0
2022-10-24 00:00:00-04:00,70.01659497438065,71.39879080525779,69.17143128640137,69.92855834960938,8143300,0.0,0.0
2022-10-25 00:00:00-04:00,69.20664141764675,71.02022125802208,69.20664141764675,70.87936401367188,8173600,0.0,0.0
2022-10-26 00:00:00-04:00,70.95859934409424,72.23515388279763,70.9409947062476,71.23152160644531,7733400,0.0,0.0
2022-10-27 00:00:00-04:00,72.19112932811406,72.61371450394726,70.9585965084277,71.03783416748047,6466400,0.0,0.0
2022-10-28 00:00:00-04:00,71.3534063874426,73.15791465087956,70.67783395482343,73.08679962158203,7816100,0.775,0.0
2022-10-31 00:00:00-04:00,72.68676722123205,74.10014930507113,72.6156589889485,73.0423355102539,9087400,0.0,0.0
2022-11-01 00:00:00-04:00,74.00237375138381,74.64239536622976,73.77125332782242,74.420166015625,8195600,0.0,0.0
2022-11-02 00:00:00-04:00,74.18014624897017,77.08690962867836,74.15347981497482,74.99795532226562,10907500,0.0,0.0
2022-11-03 00:00:00-04:00,73.83345484592894,75.22905447250191,73.38011199137877,74.33125305175781,6447200,0.0,0.0
2022-11-04 00:00:00-04:00,75.69132241866187,76.22467153365399,74.66906599215085,75.42464447021484,6929700,0.0,0.0
2022-11-07 00:00:00-05:00,76.02020291243274,76.5624429965756,75.65575035368954,76.06465148925781,4599600,0.0,0.0
2022-11-08 00:00:00-05:00,76.10022151497789,76.65135276154258,75.12241370105491,75.80687713623047,4850300,0.0,0.0
2022-11-09 00:00:00-05:00,75.45130502193783,75.86020620425921,73.94903925647264,74.1801528930664,5200800,0.0,0.0
2022-11-10 00:00:00-05:00,77.0602585135603,79.0958803566454,76.90913738771044,78.93587493896484,10013900,0.0,0.0
2022-11-11 00:00:00-05:00,79.11365091830076,81.50484096457932,79.11365091830076,80.6959228515625,9119100,0.0,0.0
2022-11-14 00:00:00-05:00,80.24257277047563,81.21149628789668,79.81589620540534,79.83367156982422,4873400,0.0,0.0
2022-11-15 00:00:00-05:00,80.9536964333988,81.65594189855764,79.43364869814381,80.44701385498047,7336100,0.0,0.0
2022-11-16 00:00:00-05:00,80.4203497905661,80.4203497905661,79.16697313330056,79.8425521850586,4368600,0.0,0.0
2022-11-17 00:00:00-05:00,78.8380849714855,79.22031971795097,77.78916218689895,79.06919860839844,4967300,0.0,0.0
2022-11-18 00:00:00-05:00,80.24258437980333,80.33148156046435,78.74920262219455,79.29144287109375,5450700,0.0,0.0
2022-11-21 00:00:00-05:00,79.16697890207607,79.71811011365729,78.73141128915778,79.18476104736328,4667100,0.0,0.0
2022-11-22 00:00:00-05:00,79.63809824465024,80.17145405414209,79.38031819380357,79.70921325683594,3804100,0.0,0.0
2022-11-23 00:00:00-05:00,79.75366630374408,80.40257217607117,79.70921772316224,79.94033813476562,4961400,0.0,0.0
2022-11-25 00:00:00-05:00,79.69144745094621,80.9625996231172,79.53144204529177,80.81148529052734,2450100,0.0,0.0
2022-11-28 00:00:00-05:00,80.18033972644933,80.98036667257773,79.7358810654781,79.90477752685547,6147700,0.0,0.0
2022-11-29 00:00:00-05:00,79.68254242807681,81.30926263712796,79.64698492394504,80.96258544921875,5307100,0.0,0.0
2022-11-30 00:00:00-05:00,81.14037400698426,82.89154225829587,79.22920036261115,82.73153686523438,10520600,0.0,0.0
2022-12-01 00:00:00-05:00,82.72263675860519,83.10487144573538,81.81594415154541,82.66930389404297,7310400,0.0,0.0
2022-12-02 00:00:00-05:00,81.65593971150801,82.3670762293538,81.34482002816314,81.86927795410156,5197800,0.0,0.0
2022-12-05 00:00:00-05:00,81.31816882011512,81.53150710265027,79.19364994031704,79.83367156982422,8272500,0.0,0.0
2022-12-06 00:00:00-05:00,79.66477789309084,79.7892257835138,76.81135392227657,77.7891616821289,10424700,0.0,0.0
2022-12-07 00:00:00-05:00,77.17581556870383,78.2514049088306,77.07803410306484,77.584716796875,7066700,0.0,0.0
2022-12-08 00:00:00-05:00,77.94028802907891,78.92698701382045,77.33582384727241,78.83809661865234,6141400,0.0,0.0
2022-12-09 00:00:00-05:00,78.82919517616743,79.7892275942758,78.55363295282027,79.53144073486328,6488300,0.0,0.0
2022-12-12 00:00:00-05:00,79.12253748190996,81.18482552152602,78.47362481384265,80.99815368652344,7496200,0.0,0.0
2022-12-13 00:00:00-05:00,83.25599741414713,84.58937336159805,81.84261538326076,82.4115219116211,10330500,0.0,0.0
2022-12-14 00:00:00-05:00,82.23373948704537,82.38485379701736,79.88699840996041,80.44701385498047,7704600,0.0,0.0
2022-12-15 00:00:00-05:00,79.24699906060977,79.28255657559532,77.26470998705575,78.03807067871094,8795200,0.0,0.0
2022-12-16 00:00:00-05:00,76.91802798125488,77.22026344916563,76.29578846188292,77.21137237548828,17262000,0.0,0.0
2022-12-19 00:00:00-05:00,77.1047051439212,77.37138311737921,75.52243301555686,76.0468978881836,5129600,0.0,0.0
2022-12-20 00:00:00-05:00,76.37579062347342,76.84691581738555,75.6824360526667,75.7002182006836,5206800,0.0,0.0
2022-12-21 00:00:00-05:00,76.81134423267744,78.06471405151314,76.7580045850096,77.22024536132812,5422400,0.0,0.0
2022-12-22 00:00:00-05:00,76.96248211095583,76.96248211095583,75.3535367545777,76.77581024169922,5635200,0.0,0.0
2022-12-23 00:00:00-05:00,76.74021770050682,76.96244698370168,75.86907592634715,76.5446548461914,3316100,0.0,0.0
2022-12-27 00:00:00-05:00,76.76690821413906,76.76690821413906,75.5046471172279,75.61131286621094,7064700,0.0,0.0
2022-12-28 00:00:00-05:00,75.52243884363114,75.74466824469476,74.7224116434215,75.0779800415039,3714900,0.0,0.0
2022-12-29 00:00:00-05:00,75.52240553521752,76.08242093742342,75.16683729395497,75.77130126953125,3461700,0.0,0.0
2022-12-30 00:00:00-05:00,75.29129136882328,75.73575001157171,74.82905736440122,75.57574462890625,4455600,0.0,0.0
2023-01-03 00:00:00-05:00,76.12689065188775,76.98025059876318,75.54020865549302,76.19800567626953,5108900,0.0,0.0
2023-01-04 00:00:00-05:00,76.04688100494538,77.64692814475777,75.7179791482873,77.02468872070312,7726800,0.0,0.0
2023-01-05 00:00:00-05:00,76.35800283501946,76.59800753898328,75.40686152792364,76.37577819824219,5339900,0.0,0.0
2023-01-06 00:00:00-05:00,76.8380273210713,78.18917887462479,76.18911459200746,77.83361053466797,5710900,0.0,0.0
2023-01-09 00:00:00-05:00,78.4469643035914,79.03365307097648,77.70027690717606,77.90472412109375,5039700,0.0,0.0
2023-01-10 00:00:00-05:00,77.8247138605484,79.05141731722452,77.19357659704521,79.04252624511719,4536600,0.0,0.0
2023-01-11 00:00:00-05:00,79.44256250387824,79.83368160738482,78.98032158804878,79.49589538574219,6122600,0.0,0.0
2023-01-12 00:00:00-05:00,80.02032888662427,81.61149159834704,79.4247559491466,80.47367858886719,7895600,0.0,0.0
2023-01-13 00:00:00-05:00,79.1403077846701,81.7626179435089,78.46472872364609,81.47816467285156,8414600,0.0,0.0
2023-01-17 00:00:00-05:00,85.24716653496907,88.09169905235991,84.44713964510899,86.29608917236328,27914300,0.0,0.0
2023-01-18 00:00:00-05:00,86.04721698846535,87.0694666912189,85.63830896908114,85.85165405273438,14134800,0.0,0.0
2023-01-19 00:00:00-05:00,84.10046761788632,84.42936946554202,82.61597733120148,83.69156646728516,13457100,0.0,0.0
2023-01-20 00:00:00-05:00,83.67379171817576,85.5849654685141,83.4515623700411,85.54940795898438,10785000,0.0,0.0
2023-01-23 00:00:00-05:00,85.22052213027965,86.42055938430781,84.88272914396943,86.3405532836914,8735300,0.0,0.0
2023-01-24 00:00:00-05:00,85.58496849836722,86.05609364798707,82.59820541114885,84.90050506591797,4801600,0.0,0.0
2023-01-25 00:00:00-05:00,84.34048075031461,85.27384673617168,83.94936170471014,85.01605987548828,5891000,0.0,0.0
2023-01-26 00:00:00-05:00,85.5316370391755,85.81609034829125,84.72271891462331,85.78053283691406,6085100,0.0,0.0
2023-01-27 00:00:00-05:00,85.70053004271068,86.6072228093549,85.07828379172992,86.10054016113281,7990800,0.0,0.0
2023-01-30 00:00:00-05:00,85.1551791466156,86.57099878992548,85.05660899191656,85.98854064941406,5870100,0.775,0.0
2023-01-31 00:00:00-05:00,86.28424727797203,87.25202320657688,85.80932210095399,87.21617889404297,7182100,0.0,0.0
2023-02-01 00:00:00-05:00,86.87566320371418,88.76640800159586,86.85774446536529,87.98681640625,9815200,0.0,0.0
2023-02-02 00:00:00-05:00,88.60509222106366,89.85065277454319,87.78069370906034,88.90080261230469,11118900,0.0,0.0
2023-02-03 00:00:00-05:00,88.03160780205323,89.77001922072738,87.87927461332075,89.09795379638672,6948600,0.0,0.0
2023-02-06 00:00:00-05:00,88.21977305682013,88.89183838788763,87.87926241692267,88.62301635742188,4737700,0.0,0.0
2023-02-07 00:00:00-05:00,88.50653143059058,89.44742574324765,87.86135437698327,88.90977478027344,5060700,0.0,0.0
2023-02-08 00:00:00-05:00,88.1033006501043,89.55496449753234,87.87031604423485,88.67679595947266,4705200,0.0,0.0
2023-02-09 00:00:00-05:00,88.90979453763535,89.4295268798656,87.57462620162023,87.86137390136719,4983800,0.0,0.0
2023-02-10 00:00:00-05:00,87.44914349653848,88.35419345101559,87.4222619753386,88.21082305908203,5224900,0.0,0.0
2023-02-13 00:00:00-05:00,88.22874808704964,89.39366422388133,87.9599260192752,89.09795379638672,4910300,0.0,0.0
2023-02-14 00:00:00-05:00,88.7574477978403,90.49585247174258,88.68575917467228,90.11053466796875,7679500,0.0,0.0
2023-02-15 00:00:00-05:00,89.16963561478873,90.46895926810656,89.16067282889894,90.35247039794922,6464200,0.0,0.0
2023-02-16 00:00:00-05:00,89.41157378037201,89.82377304458733,88.5423681602779,89.22339630126953,6051800,0.0,0.0
2023-02-17 00:00:00-05:00,88.62302584601503,89.62663913910427,88.08537489091682,89.16963958740234,8133000,0.0,0.0
2023-02-21 00:00:00-05:00,88.22875374311784,88.71264170005601,87.08176310590295,87.47604370117188,6556000,0.0,0.0
2023-02-22 00:00:00-05:00,87.25200584440199,87.8792640974191,86.57994050048273,87.16239166259766,5072400,0.0,0.0
2023-02-23 00:00:00-05:00,87.70901698170415,88.19290491385742,86.65163376031809,87.76278686523438,5916100,0.0,0.0
2023-02-24 00:00:00-05:00,87.0548855621666,87.79863968758066,86.57099758309975,87.5477294921875,5414200,0.0,0.0
2023-02-27 00:00:00-05:00,88.18392613489601,88.24665195227367,86.54408526210692,86.651611328125,5645000,0.0,0.0
2023-02-28 00:00:00-05:00,87.02799629567762,87.18032948759328,86.25736071273546,86.47241973876953,6745300,0.0,0.0
2023-03-01 00:00:00-05:00,85.98853041134515,86.70540293532976,85.36127208031093,86.19463348388672,5429600,0.0,0.0
2023-03-02 00:00:00-05:00,85.53152238272588,86.35592782063921,84.6623235223938,86.09606170654297,4632400,0.0,0.0
2023-03-03 00:00:00-05:00,86.51722473659491,88.21082905329891,86.427610544369,88.11225891113281,6504000,0.0,0.0
2023-03-06 00:00:00-05:00,88.2108209641511,88.89184227371625,87.9061477790489,88.15705108642578,5215200,0.0,0.0
2023-03-07 00:00:00-05:00,87.8165361690177,88.0495207302453,85.99748044223008,86.078125,5461400,0.0,0.0
2023-03-08 00:00:00-05:00,85.70177646870569,86.47241198252479,85.45087315473715,85.93476104736328,4121300,0.0,0.0
2023-03-09 00:00:00-05:00,85.45087873329699,85.97956691701653,82.23392202506435,82.6192398071289,9162400,0.0,0.0
2023-03-10 00:00:00-05:00,82.23392175734058,83.34507484041342,79.9578662185307,80.69265747070312,16206500,0.0,0.0
2023-03-13 00:00:00-04:00,79.33955321883064,80.80913552635741,77.64594913471015,78.8467025756836,15175400,0.0,0.0
2023-03-14 00:00:00-04:00,82.80742677647497,82.80742677647497,79.85929887786335,80.6209716796875,11089300,0.0,0.0
2023-03-15 00:00:00-04:00,77.89685892943622,77.977503494169,74.98457559075096,76.51688385009766,14814000,0.0,0.0
2023-03-16 00:00:00-04:00,75.76418528857268,79.1065871481428,74.62615056896294,77.96855926513672,15342400,0.0,0.0
2023-03-17 00:00:00-04:00,77.50258417224786,77.51154695897755,75.00249992971042,75.43262481689453,19935800,0.0,0.0
2023-03-20 00:00:00-04:00,75.80898180827853,77.34129022228653,75.60288556431318,76.74091339111328,8649800,0.0,0.0
2023-03-21 00:00:00-04:00,79.0617950433311,79.91307534658422,78.8556919313138,79.5367202758789,8905600,0.0,0.0
2023-03-22 00:00:00-04:00,79.52773254315291,80.71953006317568,78.37177932861228,78.45243072509766,7299300,0.0,0.0
2023-03-23 00:00:00-04:00,78.81088036959066,79.57256009286586,76.38248445078509,76.92013549804688,9373000,0.0,0.0
2023-03-24 00:00:00-04:00,75.72833787826183,75.72833787826183,73.22825354894034,75.22652435302734,10978700,0.0,0.0
2023-03-27 00:00:00-04:00,77.1172680231968,77.35025262690466,75.5939224036835,75.8448257446289,6626900,0.0,0.0
2023-03-28 00:00:00-04:00,75.77313547189823,76.31974923988092,75.20860296706833,76.05988311767578,5209900,0.0,0.0
2023-03-29 00:00:00-04:00,77.00077958640989,77.37713460001166,76.48104732766271,77.278564453125,4873500,0.0,0.0
2023-03-30 00:00:00-04:00,78.19256516929156,78.50619429863929,76.57960559464289,77.16206359863281,4113700,0.0,0.0
2023-03-31 00:00:00-04:00,77.78038059299224,78.73919373321975,77.21584121698116,78.67646789550781,6142400,0.0,0.0
2023-04-03 00:00:00-04:00,78.81087690317413,79.1424316720944,77.66388622970378,78.10297393798828,7728400,0.0,0.0
2023-04-04 00:00:00-04:00,77.95958921439993,78.1388039262286,75.50431211201135,76.00611877441406,6222800,0.0,0.0
2023-04-05 00:00:00-04:00,75.11900154475755,75.74625993301696,74.5544621587204,75.11003875732422,6045400,0.0,0.0
2023-04-06 00:00:00-04:00,75.18172322709857,75.62976686154302,74.56342082385218,75.44158935546875,3877800,0.0,0.0
2023-04-10 00:00:00-04:00,75.22651706345606,75.59391609389041,74.76055473153731,75.27132415771484,6185800,0.0,0.0
2023-04-11 00:00:00-04:00,75.53118130807815,76.84843041850698,75.38780409273262,76.248046875,5582100,0.0,0.0
2023-04-12 00:00:00-04:00,76.62441394742918,77.08141347060138,75.97923010694795,76.58856964111328,4641800,0.0,0.0
2023-04-13 00:00:00-04:00,76.51688430522056,76.86635776101325,75.66560421272096,76.78571319580078,5086000,0.0,0.0
2023-04-14 00:00:00-04:00,77.44882656620044,78.31803235176075,77.06350874899132,77.6997299194336,7865900,0.0,0.0
2023-04-17 00:00:00-04:00,77.65492031393399,80.0295459332251,77.30544001499767,80.01162719726562,8876900,0.0,0.0
2023-04-18 00:00:00-04:00,79.86825903965753,81.13174542137509,79.51878553760875,80.51344299316406,10227600,0.0,0.0
2023-04-19 00:00:00-04:00,78.08503991121671,81.27510823108922,77.51154463655655,81.05108642578125,13886200,0.0,0.0
2023-04-20 00:00:00-04:00,80.5134327663188,82.27872562693395,80.39694389263353,81.03316497802734,6776000,0.0,0.0
2023-04-21 00:00:00-04:00,81.07798627250351,81.84861510227289,79.90410719748154,81.65148162841797,6531000,0.0,0.0
2023-04-24 00:00:00-04:00,81.75004009356145,81.97406189857476,80.24461329040791,80.82706451416016,5004400,0.0,0.0
2023-04-25 00:00:00-04:00,80.32526631380883,80.49552509125358,78.75711351364941,78.9094467163086,5806700,0.0,0.0
2023-04-26 00:00:00-04:00,78.99009571939499,80.45967832320298,78.77503668475572,79.24996185302734,6429100,0.0,0.0
2023-04-27 00:00:00-04:00,80.11916369740445,81.50809482242552,79.65319450243501,80.8808364868164,6375800,0.0,0.0
2023-04-28 00:00:00-04:00,80.84919382751892,81.6445844118343,80.58708399857396,81.31919860839844,6374500,0.775,0.0
2023-05-01 00:00:00-04:00,81.51804769600284,81.81631227458308,79.38496601167513,79.47534942626953,7745400,0.0,0.0
2023-05-02 00:00:00-04:00,79.14995854541945,79.14995854541945,77.12534122582312,77.99303436279297,6319100,0.0,0.0
2023-05-03 00:00:00-04:00,78.0924550572597,78.79745527185709,76.43841184866628,76.60110473632812,6546500,0.0,0.0
2023-05-04 00:00:00-04:00,76.07687053154476,76.32994682173076,73.76302228320223,74.6668701171875,10359200,0.0,0.0
2023-05-05 00:00:00-04:00,75.73342170052572,76.8451508341424,75.57976920170272,76.71861267089844,8288000,0.0,0.0
2023-05-08 00:00:00-04:00,77.26091739219332,77.34226038885107,76.21245057430329,76.31187438964844,5825300,0.0,0.0
2023-05-09 00:00:00-04:00,75.92321847042264,76.74572331384186,75.65206136041786,76.25764465332031,4381400,0.0,0.0
2023-05-10 00:00:00-04:00,76.89035185097508,77.0259304350163,74.83861985130366,75.67015838623047,4884900,0.0,0.0
2023-05-11 00:00:00-04:00,74.820530350542,74.85668509514694,73.77207034024835,74.68495178222656,6717800,0.0,0.0
2023-05-12 00:00:00-04:00,75.01938064391386,75.2634165588389,73.81726120269707,74.46803283691406,5208900,0.0,0.0
2023-05-15 00:00:00-04:00,74.72111341853677,75.36284467888495,74.34149890889077,74.97418975830078,5032100,0.0,0.0
2023-05-16 00:00:00-04:00,74.76629283176517,75.0826381898484,73.94378800493715,73.98898315429688,6862900,0.0,0.0
2023-05-17 00:00:00-04:00,74.60360668959264,75.85091431237878,74.56745194600015,75.84188079833984,8216700,0.0,0.0
2023-05-18 00:00:00-04:00,75.65207104372047,76.42034732180115,75.0374541587435,76.3661117553711,5367700,0.0,0.0
2023-05-19 00:00:00-04:00,75.73341012513573,76.30283177270097,74.3234097240342,74.33244323730469,11183600,0.0,0.0
2023-05-22 00:00:00-04:00,74.34149943806591,75.16400444396672,74.03419442211161,74.35957336425781,5520000,0.0,0.0
2023-05-23 00:00:00-04:00,74.11552291911124,75.53456375282761,74.01609910499384,74.69398498535156,5521200,0.0,0.0
2023-05-24 00:00:00-04:00,74.12456308001961,74.32341070758828,72.9766724648048,73.4105224609375,6827800,0.0,0.0
2023-05-25 00:00:00-04:00,73.40149002973024,75.13687641125632,73.19360886617699,75.01937866210938,6962700,0.0,0.0
2023-05-26 00:00:00-04:00,74.99226869028902,76.5016931757088,74.86573052359591,75.83284759521484,7411600,0.0,0.0
2023-05-30 00:00:00-04:00,76.0678391977039,76.43841323443355,75.11879618650248,75.39898681640625,5876800,0.0,0.0
2023-05-31 00:00:00-04:00,75.07360346507068,75.27245110401078,73.32917676320352,73.89860534667969,9559200,0.0,0.0
2023-06-01 00:00:00-04:00,74.63975920813733,74.87475469076489,73.6364875147433,74.17879486083984,6857500,0.0,0.0
2023-06-02 00:00:00-04:00,74.9651486372203,76.53784208605494,74.9651486372203,76.23957061767578,6218500,0.0,0.0
2023-06-05 00:00:00-04:00,76.28475236561272,76.58302378157337,75.21821173238678,75.6882095336914,6631900,0.0,0.0
2023-06-06 00:00:00-04:00,75.5616870824313,77.93881159926802,75.26341560456157,77.60438537597656,6903900,0.0,0.0
2023-06-07 00:00:00-04:00,77.77612484821839,78.64381811957378,77.53208202126063,78.18285369873047,7410800,0.0,0.0
2023-06-08 00:00:00-04:00,78.09246593089605,78.5534303260915,76.98977030496052,78.01111602783203,6795900,0.0,0.0
2023-06-09 00:00:00-04:00,78.39976889883131,78.59861655026513,77.42361835804832,77.92073059082031,6282600,0.0,0.0
2023-06-12 00:00:00-04:00,77.91167918458125,79.21322224968392,77.73995278824412,79.03245544433594,7053500,0.0,0.0
2023-06-13 00:00:00-04:00,79.39399175147241,80.42438464354811,79.16802978920731,79.79168701171875,6089200,0.0,0.0
2023-06-14 00:00:00-04:00,80.08093496031503,80.88535916420454,79.21324166946162,79.52055358886719,5772500,0.0,0.0
2023-06-15 00:00:00-04:00,79.20419393024423,80.74073959348388,78.99631276194462,80.48766326904297,8603200,0.0,0.0
2023-06-16 00:00:00-04:00,81.00285002831984,81.02996436157073,79.48438530396035,79.61995697021484,13153100,0.0,0.0
2023-06-20 00:00:00-04:00,78.72515112295426,78.8245749441397,77.9568817830949,78.39073181152344,7382000,0.0,0.0
2023-06-21 00:00:00-04:00,78.23707090510466,78.88784248718311,78.00207541943021,78.03822326660156,6343100,0.0,0.0
2023-06-22 00:00:00-04:00,77.29707447254546,77.39649829976867,76.24861442520884,76.37515258789062,6214600,0.0,0.0
2023-06-23 00:00:00-04:00,75.25437856512714,75.85091459711208,74.65783563732992,75.54360961914062,10026600,0.0,0.0
2023-06-26 00:00:00-04:00,75.52552848853412,76.14014533775976,75.24533784555892,75.55264282226562,6377400,0.0,0.0
2023-06-27 00:00:00-04:00,75.84187654095378,76.70956965102906,75.36283138710355,76.31187438964844,6639900,0.0,0.0
2023-06-28 00:00:00-04:00,76.41131136203028,76.42938528801791,75.59784677632544,75.91419219970703,4781600,0.0,0.0
2023-06-29 00:00:00-04:00,77.13436685904138,77.78513836923436,76.49263575754868,77.04398345947266,9066500,0.0,0.0
2023-06-30 00:00:00-04:00,77.74898750494711,78.17379708948343,77.18860626220703,77.18860626220703,6191700,0.0,0.0
2023-07-03 00:00:00-04:00,78.0382178677466,79.23130361622488,77.58629395543633,78.10149383544922,5839300,0.0,0.0
2023-07-05 00:00:00-04:00,77.68572944779005,77.98400092975447,77.14342205064463,77.65861511230469,6734300,0.0,0.0
2023-07-06 00:00:00-04:00,76.69149566402375,76.75476474344195,75.03745229318868,75.3176498413086,8546800,0.0,0.0
2023-07-07 00:00:00-04:00,75.02841171278003,75.95937389189093,74.9289878979418,75.34475708007812,8217700,0.0,0.0
2023-07-10 00:00:00-04:00,75.39898670377512,76.27572022988143,75.1820651485547,75.38091278076172,6141200,0.0,0.0
2023-07-11 00:00:00-04:00,75.83283987944401,77.21572605746603,75.57976357180759,76.7909164428711,11053100,0.0,0.0
2023-07-12 00:00:00-04:00,78.34553806010572,79.2765003153106,77.36938065053052,77.52303314208984,8602300,0.0,0.0
2023-07-13 00:00:00-04:00,77.93881141139389,78.30938548340119,77.49592095290488,77.92073059082031,6026500,0.0,0.0
2023-07-14 00:00:00-04:00,79.00535050703682,79.0143840213102,77.33322632759617,77.53207397460938,7732700,0.0,0.0
2023-07-17 00:00:00-04:00,77.44169607367662,78.54439172501522,77.44169607367662,78.06535339355469,7911800,0.0,0.0
2023-07-18 00:00:00-04:00,79.12284512611431,83.6601585002167,78.72514984781412,83.09977722167969,21630800,0.0,0.0
2023-07-19 00:00:00-04:00,82.63881654780059,84.83516729438537,82.548433133928,84.20247650146484,12004300,0.0,0.0
2023-07-20 00:00:00-04:00,84.15729507328824,85.08825749006623,83.9313330538445,84.78095245361328,9541800,0.0,0.0
2023-07-21 00:00:00-04:00,85.20574440667606,85.3232490551432,84.11208919934374,84.97074890136719,6298600,0.0,0.0
2023-07-24 00:00:00-04:00,84.97075514638345,86.2271033551654,84.69055756820991,85.56729125976562,7259800,0.0,0.0
2023-07-25 00:00:00-04:00,85.59439252932401,86.38074267707778,85.33228270921823,85.34131622314453,7760100,0.0,0.0
2023-07-26 00:00:00-04:00,85.32324635947525,86.00113231006036,84.31997460094428,84.54593658447266,7201100,0.0,0.0
2023-07-27 00:00:00-04:00,84.6453584216653,85.60343500267278,83.65112709664461,83.83189392089844,8427800,0.0,0.0
2023-07-28 00:00:00-04:00,84.34272521742747,84.47043374185583,83.09299813170122,83.5308609008789,5798400,0.85,0.0
2023-07-31 00:00:00-04:00,83.83189804478417,84.10555620848267,83.04739878158077,83.52174377441406,5242900,0.0,0.0
2023-08-01 00:00:00-04:00,83.19335341810341,83.40316428653564,82.67339522022503,82.95618438720703,4468500,0.0,0.0
2023-08-02 00:00:00-04:00,81.66083996196095,82.22641130873482,80.99493215906897,81.47840118408203,6407400,0.0,0.0
2023-08-03 00:00:00-04:00,81.04053623578847,81.660837807643,80.73951295618895,81.31420135498047,5137700,0.0,0.0
2023-08-04 00:00:00-04:00,81.50575288486885,82.14430242149432,80.74861885810638,80.99491882324219,6191700,0.0,0.0
2023-08-07 00:00:00-04:00,81.596980492133,81.83415645593081,81.16824869548884,81.25946807861328,4663300,0.0,0.0
2023-08-08 00:00:00-04:00,80.13744689601674,80.74862439876992,78.68703996026585,80.70301818847656,6921200,0.0,0.0
2023-08-09 00:00:00-04:00,80.70302965998367,81.1956227344825,79.79082180933996,79.87291717529297,5200500,0.0,0.0
2023-08-10 00:00:00-04:00,80.19217703555894,81.12262576686429,79.65397090855129,79.94587707519531,4250100,0.0,0.0
2023-08-11 00:00:00-04:00,79.41680556977158,80.45672186217023,79.38031642412338,80.00061798095703,3922300,0.0,0.0
2023-08-14 00:00:00-04:00,79.32558183723887,79.72695545777503,78.92420821670271,79.66310119628906,3637500,0.0,0.0
2023-08-15 00:00:00-04:00,78.82386948741667,78.87859972150682,78.1944439570107,78.59581756591797,9308700,0.0,0.0
2023-08-16 00:00:00-04:00,78.21269055512094,79.17051147668839,78.07585800066947,78.44074249267578,5746300,0.0,0.0
2023-08-17 00:00:00-04:00,78.99717910262183,79.27084417454591,77.72008703296262,78.25829315185547,7611200,0.0,0.0
2023-08-18 00:00:00-04:00,77.50118643130014,78.72354870067814,77.27313444428728,77.43733215332031,6650000,0.0,0.0
2023-08-21 00:00:00-04:00,77.55590494711281,77.82044604717468,76.31530872828849,76.85350799560547,5385300,0.0,0.0
2023-08-22 00:00:00-04:00,77.27311515361535,77.32784538976524,75.56728421115348,75.69499969482422,6002300,0.0,0.0
2023-08-23 00:00:00-04:00,75.71323220093076,76.3700227986181,75.60376478145227,76.0689926147461,5878600,0.0,0.0
2023-08-24 00:00:00-04:00,75.86833161517939,77.30962181008294,75.80447733867577,76.11463165283203,5023000,0.0,0.0
2023-08-25 00:00:00-04:00,76.34267157175596,76.76228631670463,75.47607000231567,75.91393280029297,5461400,0.0,0.0
2023-08-28 00:00:00-04:00,76.44300886303063,77.41907083410679,76.41563678567965,76.97208404541016,6439700,0.0,0.0
2023-08-29 00:00:00-04:00,76.99946656121698,78.07586512346565,76.91736423721885,78.03938293457031,6212300,0.0,0.0
2023-08-30 00:00:00-04:00,78.10322902159865,78.4498654565346,77.56502283726908,77.77483367919922,5051800,0.0,0.0
2023-08-31 00:00:00-04:00,78.1488291776466,78.1488291776466,77.31872381949395,77.67448425292969,5581200,0.0,0.0
2023-09-01 00:00:00-04:00,78.44987661289404,78.86036736947285,77.80220986205512,78.2218246459961,4981800,0.0,0.0
2023-09-05 00:00:00-04:00,78.30390847783534,78.69615808149781,77.36433562616755,77.3917007446289,4919400,0.0,0.0
2023-09-06 00:00:00-04:00,76.88086091735632,77.30959963357876,76.03250751025017,76.77140045166016,5384000,0.0,0.0
2023-09-07 00:00:00-04:00,76.6163247379254,77.41907198863828,76.42476195116689,76.4794921875,5504200,0.0,0.0
2023-09-08 00:00:00-04:00,76.76228659957165,77.49204865276556,76.31530673302599,77.46468353271484,6127600,0.0,0.0
2023-09-11 00:00:00-04:00,77.88429853796733,78.14883963199168,76.03251783938998,76.17847442626953,7780900,0.0,0.0
2023-09-12 00:00:00-04:00,76.0233974982272,78.9333427139685,75.92306103937486,78.03938293457031,8942600,0.0,0.0
2023-09-13 00:00:00-04:00,78.58671397282102,80.09185843796665,78.58671397282102,79.59014129638672,10617400,0.0,0.0
2023-09-14 00:00:00-04:00,80.34725960662428,81.28683246759455,80.20130302726167,81.2503433227539,8109600,0.0,0.0
2023-09-15 00:00:00-04:00,80.4475981075246,80.94019109343478,80.21954618587685,80.64828491210938,17629500,0.0,0.0
2023-09-18 00:00:00-04:00,80.79423514421347,81.23209789936453,79.863786358957,80.92194366455078,5501900,0.0,0.0
2023-09-19 00:00:00-04:00,80.98579495915888,81.61522047176743,80.2195438651938,80.739501953125,5769000,0.0,0.0
2023-09-20 00:00:00-04:00,81.03142537101587,81.32333160601982,79.4168135714678,79.48979187011719,5268200,0.0,0.0
2023-09-21 00:00:00-04:00,78.76001463269631,78.9150952411375,77.38258592644215,77.42819213867188,6933900,0.0,0.0
2023-09-22 00:00:00-04:00,77.74746843888562,77.74746843888562,75.72236615045702,75.977783203125,7420600,0.0,0.0
2023-09-25 00:00:00-04:00,75.37573131679311,75.96866780473579,75.074708018872,75.74061584472656,4748800,0.0,0.0
2023-09-26 00:00:00-04:00,74.87400511648212,75.50342365854367,74.54560980775783,74.95610046386719,5557000,0.0,0.0
2023-09-27 00:00:00-04:00,75.17505330075738,75.35749208944789,73.97093224086281,74.48177337646484,5708200,0.0,0.0
2023-09-28 00:00:00-04:00,74.32668337064153,75.30274529071157,74.29931129472094,74.97434997558594,5665400,0.0,0.0
2023-09-29 00:00:00-04:00,75.7223696720586,75.79534100507689,73.91619520769,74.50000762939453,6830500,0.0,0.0
2023-10-02 00:00:00-04:00,73.98005035626677,74.31756974392533,72.885403792412,73.35063171386719,6722200,0.0,0.0
2023-10-03 00:00:00-04:00,72.59348939799712,72.83065838569833,70.99712594582991,71.17044067382812,7526800,0.0,0.0
2023-10-04 00:00:00-04:00,71.24343107756661,72.32896063675801,70.79645118361454,72.14651489257812,6848700,0.0,0.0
2023-10-05 00:00:00-04:00,71.59007061826715,72.55700865125608,71.1704489092714,72.20124816894531,5589300,0.0,0.0
2023-10-06 00:00:00-04:00,71.80900139409303,73.6972713212575,71.51709516727125,73.27765655517578,6306400,0.0,0.0
2023-10-09 00:00:00-04:00,72.61173448954906,73.04959726562797,72.0005569759244,72.89452362060547,5125000,0.0,0.0
2023-10-10 00:00:00-04:00,73.20466701305052,73.989166182045,72.99485618244357,73.09519958496094,6245400,0.0,0.0
2023-10-11 00:00:00-04:00,72.89451432398273,73.16817243448735,71.79986100318878,71.97318267822266,8928700,0.0,0.0
2023-10-12 00:00:00-04:00,71.94583450365107,71.94583450365107,70.50454445301199,70.97888946533203,11654600,0.0,0.0
2023-10-13 00:00:00-04:00,71.33463383327465,72.27421353758791,70.55013471524494,70.96063232421875,6442800,0.0,0.0
2023-10-16 00:00:00-04:00,71.8728454692682,72.22860591525884,71.03361605614117,71.818115234375,7901500,0.0,0.0
2023-10-17 00:00:00-04:00,71.14308661687183,73.5513147280499,71.13396954949143,73.27765655517578,12324800,0.0,0.0
2023-10-18 00:00:00-04:00,69.72004678834827,70.3038592600562,66.95605809519488,68.30612182617188,34732300,0.0,0.0
2023-10-19 00:00:00-04:00,68.29698995859339,69.74739679630481,66.49081573092317,66.51818084716797,17486100,0.0,0.0
2023-10-20 00:00:00-04:00,66.70063024826143,67.503370527459,65.99822641432011,66.70974731445312,11270600,0.0,0.0
2023-10-23 00:00:00-04:00,66.34487620358018,66.4725847385189,64.98568157380019,65.4052963256836,12847100,0.0,0.0
2023-10-24 00:00:00-04:00,65.45090959956126,65.77018093739657,64.83973204433462,65.277587890625,9265500,0.0,0.0
2023-10-25 00:00:00-04:00,64.99479739950917,65.58773378524772,64.88532997211993,65.13162994384766,8461700,0.0,0.0
2023-10-26 00:00:00-04:00,65.19547471346871,66.3083690380278,65.13162046335097,65.7427978515625,10903200,0.0,0.0
2023-10-27 00:00:00-04:00,65.596864710716,65.68808409667268,64.02786621772637,64.21942901611328,11099100,0.0,0.0
2023-10-30 00:00:00-04:00,64.68110424244553,65.45672006439248,64.0993853313366,65.1797103881836,9769600,0.85,0.0
2023-10-31 00:00:00-04:00,65.34591158902921,65.57675062636379,64.88423351436003,65.39208221435547,8949000,0.0,0.0
2023-11-01 00:00:00-04:00,65.71525495696594,66.3985435744167,65.28127644293996,65.51211547851562,9429000,0.0,0.0
2023-11-02 00:00:00-04:00,66.1861919333007,67.89439999082288,66.15849236639426,67.82976531982422,11638000,0.0,0.0
2023-11-03 00:00:00-04:00,68.87314312644959,70.80296145921382,68.82697953817838,70.41515350341797,14951100,0.0,0.0
2023-11-06 00:00:00-05:00,70.80296433781018,70.87683453562684,69.58413425243457,70.10121154785156,8140300,0.0,0.0
2023-11-07 00:00:00-05:00,70.04580664479836,70.33204483191821,69.1870850387896,69.7226333618164,7657700,0.0,0.0
2023-11-08 00:00:00-05:00,69.66721265403456,70.35050121788672,69.30710435035603,70.1473617553711,8075200,0.0,0.0
2023-11-09 00:00:00-05:00,69.87961378339725,70.23972222174947,68.29143962212565,68.50381469726562,9497200,0.0,0.0
2023-11-10 00:00:00-05:00,68.93777245253696,69.61181848639687,68.37452464635359,69.5564193725586,8924000,0.0,0.0
2023-11-13 00:00:00-05:00,69.02088396762672,69.73186522457051,68.8362155240347,69.28865814208984,4868400,0.0,0.0
2023-11-14 00:00:00-05:00,70.80296095070202,72.90821217521601,70.79372541525429,72.30802917480469,12287700,0.0,0.0
2023-11-15 00:00:00-05:00,72.54810253158197,73.90543738833833,72.4834678738626,73.57302856445312,9841600,0.0,0.0
2023-11-16 00:00:00-05:00,73.85003916064872,74.12704182080957,72.98208199391601,73.5545654296875,6757600,0.0,0.0
2023-11-17 00:00:00-05:00,74.17320767771879,74.2747774266333,73.81309931143971,74.12703704833984,6080700,0.0,0.0
2023-11-20 00:00:00-05:00,73.8961932972141,74.05316215569425,73.25907528442592,73.59148406982422,7644600,0.0,0.0
2023-11-21 00:00:00-05:00,73.00978478941326,73.25908789906578,72.22493331721864,72.45577239990234,7394800,0.0,0.0
2023-11-22 00:00:00-05:00,72.75124524833814,72.82511544460347,72.21569689238896,72.47423553466797,4265400,0.0,0.0
2023-11-24 00:00:00-05:00,72.26185516161267,72.86203807543531,72.067951213082,72.62196350097656,2398000,0.0,0.0
2023-11-27 00:00:00-05:00,72.27109783230496,72.34496803042549,71.64321523758008,71.97562408447266,5237800,0.0,0.0
2023-11-28 00:00:00-05:00,71.43084689348873,71.5139455825027,70.47979099219663,70.98763275146484,9197900,0.0,0.0
2023-11-29 00:00:00-05:00,71.54164171286926,73.43451770235657,71.41236536336376,72.52963256835938,7420700,0.0,0.0
2023-11-30 00:00:00-05:00,72.73277379142287,73.38836297399064,72.21569650960566,73.25908660888672,8480500,0.0,0.0
2023-12-01 00:00:00-05:00,73.01901221039552,74.77339045275211,72.70506742961747,74.6902847290039,9617100,0.0,0.0
2023-12-04 00:00:00-05:00,74.00700060578119,75.23506603862803,73.92389488482564,74.98575592041016,6713800,0.0,0.0
2023-12-05 00:00:00-05:00,74.49638824445306,74.64412159256426,73.48992619155617,74.02547454833984,6103200,0.0,0.0
2023-12-06 00:00:00-05:00,74.58872414818099,75.49361646260554,73.24986027070517,73.32373046875,7321800,0.0,0.0
2023-12-07 00:00:00-05:00,73.64688889936524,74.39480513066901,73.51761960122998,74.19166564941406,5430400,0.0,0.0
2023-12-08 00:00:00-05:00,74.1270497353633,76.32464244838346,74.00701594094252,75.97376251220703,10343400,0.0,0.0
2023-12-11 00:00:00-05:00,76.05685123961533,76.490822727606,75.67827182360281,76.47235870361328,6378100,0.0,0.0
2023-12-12 00:00:00-05:00,76.58316971429888,77.24798734218072,76.24152536534595,77.19258117675781,7395300,0.0,0.0
2023-12-13 00:00:00-05:00,77.07255529936623,79.51021548833607,76.91558641132004,79.06700134277344,10144600,0.0,0.0
2023-12-14 00:00:00-05:00,80.54436993323326,84.94877620875913,80.52589886296693,84.0623550415039,19849500,0.0,0.0
2023-12-15 00:00:00-05:00,84.02541817961884,84.80103404292223,83.34213653175884,84.56096649169922,16905700,0.0,0.0
2023-12-18 00:00:00-05:00,84.63483210295722,84.64406059274792,83.66530528163274,83.8038101196289,9145500,0.0,0.0
2023-12-19 00:00:00-05:00,83.95154461129378,85.28117980305272,83.74840511870296,84.8749008178711,8114900,0.0,0.0
2023-12-20 00:00:00-05:00,84.45016734118836,85.23501879644567,83.96078962360379,84.15469360351562,10467000,0.0,0.0
2023-12-21 00:00:00-05:00,85.07804446970691,85.55819366560368,84.616366343848,85.53048706054688,7748000,0.0,0.0
2023-12-22 00:00:00-05:00,85.77980469093171,86.48155747607436,85.16115763892493,85.32736206054688,5800800,0.0,0.0
2023-12-26 00:00:00-05:00,85.51202774735886,85.89060016820711,85.29042420723673,85.72439575195312,2726200,0.0,0.0
2023-12-27 00:00:00-05:00,85.5859029602391,86.50925931697608,85.31812877142738,86.48155975341797,4073200,0.0,0.0
2023-12-28 00:00:00-05:00,86.15837969973326,86.74932720657787,86.09374503631744,86.46308898925781,4089500,0.0,0.0
2023-12-29 00:00:00-05:00,86.3245621767568,86.583100764682,85.92751876111504,86.10295867919922,4772100,0.0,0.0
2024-01-02 00:00:00-05:00,85.5581957105834,86.93399458602501,85.19808028272891,86.70315551757812,6132200,0.0,0.0
2024-01-03 00:00:00-05:00,86.05679251448865,86.05679251448865,84.27471481863155,84.86566925048828,7487900,0.0,0.0
2024-01-04 00:00:00-05:00,85.08726501464844,86.00138557030397,84.63482250351662,85.08726501464844,8735600,0.0,0.0
2024-01-05 00:00:00-05:00,85.14267138614112,86.7308451218759,85.0041665520436,86.0937271118164,6027800,0.0,0.0
2024-01-08 00:00:00-05:00,86.06603839262296,86.63852182481891,85.20731676665372,86.34304809570312,6738400,0.0,0.0
2024-01-09 00:00:00-05:00,85.64129133928613,85.72439001953151,84.6348364181859,85.0041732788086,7594100,0.0,0.0
2024-01-10 00:00:00-05:00,84.51479151270918,84.92107049333278,84.29318799811844,84.4686279296875,6929200,0.0,0.0
2024-01-11 00:00:00-05:00,83.9792624464287,83.9792624464287,82.67733357503833,83.57299041748047,9400700,0.0,0.0
2024-01-12 00:00:00-05:00,84.28396264029034,84.85644608714212,82.57575487996354,82.82505798339844,8303100,0.0,0.0
2024-01-16 00:00:00-05:00,80.09190146600649,81.40307240539727,78.30059552693744,79.38092041015625,20369000,0.0,0.0
2024-01-17 00:00:00-05:00,78.34676261077145,78.61453672148822,77.46957714555793,77.94049072265625,17198500,0.0,0.0
2024-01-18 00:00:00-05:00,78.32831852446087,78.46682338175886,76.8971134067978,77.46959686279297,15016400,0.0,0.0
2024-01-19 00:00:00-05:00,77.47883208068706,79.0300639331821,76.82324289514258,78.79922485351562,14787400,0.0,0.0
2024-01-22 00:00:00-05:00,78.91002975498273,80.11962427212531,78.89156572834717,79.15933990478516,11626500,0.0,0.0
2024-01-23 00:00:00-05:00,79.10392804215425,80.19348869612169,78.66072098830428,80.0919189453125,8555700,0.0,0.0
2024-01-24 00:00:00-05:00,80.62746782125485,81.53236004986269,80.516662534696,80.85830688476562,12480900,0.0,0.0
2024-01-25 00:00:00-05:00,81.3846242625412,81.64316290112578,80.63670790882868,81.27381896972656,8792400,0.0,0.0
2024-01-26 00:00:00-05:00,81.14454791711118,81.71703135078369,80.93217991623146,81.00605010986328,6384400,0.0,0.0
2024-01-29 00:00:00-05:00,80.70132525076936,81.20916688339715,79.15008670749269,80.90446472167969,7440300,0.0,0.0
2024-01-30 00:00:00-05:00,81.10027752350018,82.11659164273253,80.90446696798048,81.69701385498047,6569300,0.85,0.0
2024-01-31 00:00:00-05:00,81.7809269451241,82.75062526667682,81.33337825127406,81.34269714355469,8414700,0.0,0.0
2024-02-01 00:00:00-05:00,81.29607902498658,82.20982839853093,79.85085403294286,80.95108795166016,8365000,0.0,0.0
2024-02-02 00:00:00-05:00,80.62474209763208,81.74362081978026,80.18651234546586,81.37065887451172,7728600,0.0,0.0
2024-02-05 00:00:00-05:00,80.7273053944898,80.7273053944898,79.33802235057355,80.08394622802734,7788700,0.0,0.0
2024-02-06 00:00:00-05:00,79.83221356214969,80.69934718272904,79.83221356214969,80.2797622680664,7335500,0.0,0.0
2024-02-07 00:00:00-05:00,80.42894215004716,80.55015176418915,79.50585969507378,80.18651580810547,4952200,0.0,0.0
2024-02-08 00:00:00-05:00,79.88814698840297,80.40097057017698,79.40330142226382,79.86017608642578,6218200,0.0,0.0
2024-02-09 00:00:00-05:00,79.89746881549254,80.21448183953316,79.55247777728013,80.08394622802734,5664500,0.0,0.0
2024-02-12 00:00:00-05:00,80.05599132810194,81.71566481781122,79.85086186512058,80.99771881103516,7888000,0.0,0.0
2024-02-13 00:00:00-05:00,80.05598503082284,80.05598503082284,77.47322916085942,78.29374694824219,11339400,0.0,0.0
2024-02-14 00:00:00-05:00,78.82522158837153,79.21682850078338,78.03268175696887,78.32172393798828,5973700,0.0,0.0
2024-02-15 00:00:00-05:00,78.74129905681802,80.40097960169386,78.70400925909809,79.87882995605469,7993500,0.0,0.0
2024-02-16 00:00:00-05:00,79.73896867104246,80.92312249317739,79.31939086507376,80.65272521972656,9673900,0.0,0.0
2024-02-20 00:00:00-05:00,80.13058013038774,80.64339664203581,79.34735924025246,79.58045959472656,6626400,0.0,0.0
2024-02-21 00:00:00-05:00,79.2634589458714,79.7016888191281,78.81590306515027,79.68303680419922,6444000,0.0,0.0
2024-02-22 00:00:00-05:00,80.13990009726128,80.87649808091484,79.81356101935359,80.04666137695312,6782100,0.0,0.0
2024-02-23 00:00:00-05:00,80.25179262310529,81.35202662010694,80.14922789437693,80.69934844970703,5810100,0.0,0.0
2024-02-26 00:00:00-05:00,80.652724861425,81.43593865939607,79.77626522817869,79.87882995605469,5608100,0.0,0.0
2024-02-27 00:00:00-05:00,80.15855436434664,80.60610307987845,79.36601454894601,79.71099853515625,8066700,0.0,0.0
2024-02-28 00:00:00-05:00,79.65504763998814,80.27042883207879,79.51518601471278,80.23313903808594,5624100,0.0,0.0
2024-02-29 00:00:00-05:00,80.64340136452388,80.78326300813032,79.58046425496892,80.22382354736328,7657100,0.0,0.0
2024-03-01 00:00:00-05:00,80.39165261531741,80.9231211470778,79.3566864565748,80.63407897949219,5523700,0.0,0.0
2024-03-04 00:00:00-05:00,81.9394395629151,85.0723091071566,81.63175248066507,83.95343017578125,19876000,0.0,0.0
2024-03-05 00:00:00-05:00,83.16089124851852,84.97907131028325,82.62942268325969,83.10494232177734,13883600,0.0,0.0
2024-03-06 00:00:00-05:00,80.90446583885901,82.00469976848157,78.72264999114508,79.8695068359375,25614600,0.0,0.0
2024-03-07 00:00:00-05:00,80.26112056587674,81.23081895219401,79.85086164106515,80.31706237792969,9145700,0.0,0.0
2024-03-08 00:00:00-05:00,80.76462019055094,82.34969988919242,80.57813562304915,81.1562271118164,9689300,0.0,0.0
2024-03-11 00:00:00-04:00,80.95108992202825,81.35202281183635,80.03733341258484,81.06298065185547,4737200,0.0,0.0
2024-03-12 00:00:00-04:00,81.34269402663988,81.82754672566661,80.74595771526693,81.16554260253906,5110900,0.0,0.0
2024-03-13 00:00:00-04:00,81.53850208606295,84.1399029255105,81.35202464580524,83.31006622314453,10345800,0.0,0.0
2024-03-14 00:00:00-04:00,82.98372661250167,83.35668860427829,82.29375155159285,83.07696533203125,9235300,0.0,0.0
2024-03-15 00:00:00-04:00,82.498893124721,83.31007792884381,82.20984380395205,82.40564727783203,20363000,0.0,0.0
2024-03-18 00:00:00-04:00,82.38698479413098,82.70399784218853,81.77159648156112,82.01402282714844,5960000,0.0,0.0
2024-03-19 00:00:00-04:00,82.051310052146,83.06762400073653,81.92077444615559,82.44291687011719,8546400,0.0,0.0
2024-03-20 00:00:00-04:00,82.09794539775007,85.29608245633777,81.96740977198388,85.17486572265625,10811700,0.0,0.0
2024-03-21 00:00:00-04:00,85.74362821729441,87.98139290416518,85.74362821729441,87.08628845214844,13659900,0.0,0.0
2024-03-22 00:00:00-04:00,87.198176256602,87.51519643337157,85.53850289405838,85.73430633544922,5909300,0.0,0.0
2024-03-25 00:00:00-04:00,85.56647527572312,86.29375435958087,84.83920330552367,84.97906494140625,3670400,0.0,0.0
2024-03-26 00:00:00-04:00,85.24013187566568,85.6970136706086,84.79258319994186,85.1095962524414,4211900,0.0,0.0
2024-03-27 00:00:00-04:00,85.80888863395461,87.21681655814776,85.69700503312947,87.17951965332031,6394500,0.0,0.0
2024-03-28 00:00:00-04:00,87.41264147113779,88.3263980799927,87.13291817296655,87.79492950439453,6707700,0.0,0.0
2024-04-01 00:00:00-04:00,87.79492940461566,88.05600068866065,86.87184678989506,87.20751190185547,3416000,0.0,0.0
2024-04-02 00:00:00-04:00,86.62008302458342,87.43126761063287,86.28441798426728,86.44292449951172,5245400,0.0,0.0
2024-04-03 00:00:00-04:00,86.66671021284425,87.92545783630152,86.48023277200679,86.71333312988281,4821100,0.0,0.0
2024-04-04 00:00:00-04:00,87.83220879268717,88.33570640093974,85.6503929372508,86.04199981689453,5466100,0.0,0.0
2024-04-05 00:00:00-04:00,86.01403253305135,86.98373088082991,85.41729618267354,86.21916198730469,4654800,0.0,0.0
2024-04-08 00:00:00-04:00,86.71333047016175,87.08629245405537,85.96740650237452,86.90913391113281,4601900,0.0,0.0
2024-04-09 00:00:00-04:00,87.2820918778922,87.77626346050242,86.55481995528413,87.72032165527344,4951600,0.0,0.0
2024-04-10 00:00:00-04:00,86.03268184076576,86.61077332204579,85.0163676372647,85.45459747314453,5994200,0.0,0.0
2024-04-11 00:00:00-04:00,85.51985757834692,85.59445139765292,79.26344503563303,80.96973419189453,24631800,0.0,0.0
2024-04-12 00:00:00-04:00,80.00004960084205,80.94176997111653,79.36601631170761,80.36368560791016,12789800,0.0,0.0
2024-04-15 00:00:00-04:00,81.86485392843151,83.10494250770395,79.71100164237748,81.10960388183594,9553900,0.0,0.0
2024-04-16 00:00:00-04:00,84.57813544719842,84.94177144692205,82.05132834829342,83.11426544189453,18291600,0.0,0.0
2024-04-17 00:00:00-04:00,84.0373460932586,85.25879691675522,83.60844224945043,83.99073028564453,9544600,0.0,0.0
2024-04-18 00:00:00-04:00,84.53152373071379,84.95110156186912,83.67370894102322,84.15856170654297,6752000,0.0,0.0
2024-04-19 00:00:00-04:00,84.25178615029492,85.4266138374745,84.25178615029492,84.53150939941406,8143000,0.0,0.0
2024-04-22 00:00:00-04:00,84.95109584746741,86.39632092629135,84.57813384838461,85.8648452758789,7294400,0.0,0.0
2024-04-23 00:00:00-04:00,85.93012557681581,87.69236384112882,85.93012557681581,87.42196655273438,6393900,0.0,0.0
2024-04-24 00:00:00-04:00,86.8158995528183,87.71100409091352,86.74130572956238,87.50587463378906,5100900,0.0,0.0
2024-04-25 00:00:00-04:00,86.71332895483886,87.31939127886773,85.45458850564539,86.30307006835938,6770600,0.0,0.0
2024-04-26 00:00:00-04:00,86.24713065570054,87.0023735234501,86.15389193718279,86.55482482910156,4606100,0.0,0.0
2024-04-29 00:00:00-04:00,85.94316176838588,87.33586416276117,85.94316176838588,86.67715454101562,4416100,0.85,0.0
2024-04-30 00:00:00-04:00,86.19723891357445,86.41367619129046,85.2091744180802,85.48206329345703,5860000,0.0,0.0
2024-05-01 00:00:00-04:00,85.89611853660934,87.02534440014578,85.3785629644611,86.14078521728516,4713600,0.0,0.0
2024-05-02 00:00:00-04:00,87.08179019949621,87.43937438764351,86.19723114849432,87.185302734375,4449200,0.0,0.0
2024-05-03 00:00:00-04:00,87.83460460881606,88.85090563227108,87.77814583397854,88.11691284179688,5043500,0.0,0.0
2024-05-06 00:00:00-04:00,88.98264415996326,89.31200614565543,88.17336824769554,89.19908142089844,5105100,0.0,0.0
2024-05-07 00:00:00-04:00,89.32141803724365,90.27184813384122,89.12380513823965,90.14010620117188,7418000,0.0,0.0
2024-05-08 00:00:00-04:00,89.80134948067295,90.38478323469937,89.49081181259126,89.99896240234375,4662600,0.0,0.0
2024-05-09 00:00:00-04:00,89.95190342348599,92.46442683507244,89.95190342348599,92.32327270507812,6766700,0.0,0.0
2024-05-10 00:00:00-04:00,92.91611325852556,93.15136775333201,91.87158272723312,92.48324584960938,6118400,0.0,0.0
2024-05-13 00:00:00-04:00,92.92550740970903,93.13253247365427,92.61496981379115,92.74671173095703,5379000,0.0,0.0
2024-05-14 00:00:00-04:00,93.16077210580278,94.2711735150478,92.94433482985468,93.51835632324219,6216600,0.0,0.0
2024-05-15 00:00:00-04:00,94.13943327918433,95.02399241858052,94.09237951157506,94.59111785888672,6938500,0.0,0.0
2024-05-16 00:00:00-04:00,94.24293043608219,94.48759706478583,93.58421369409483,93.70655059814453,4339300,0.0,0.0
2024-05-17 00:00:00-04:00,94.00768195685224,94.3840905219446,93.44307269891183,94.30880737304688,4690800,0.0,0.0
2024-05-20 00:00:00-04:00,94.1488315395747,94.93928302680766,93.51834417211501,94.41231536865234,5690200,0.0,0.0
2024-05-21 00:00:00-04:00,94.3934991168077,97.16009391902757,94.2429399926891,95.54154205322266,8337100,0.0,0.0
2024-05-22 00:00:00-04:00,95.30628433803555,96.473144432895,94.2617539760626,94.79813385009766,5194300,0.0,0.0
2024-05-23 00:00:00-04:00,94.45937261488669,94.62875612118891,92.67144437873685,93.08548736572266,5594500,0.0,0.0
2024-05-24 00:00:00-04:00,93.58423005611246,94.0171046208076,92.9819791566197,93.1325454711914,3550500,0.0,0.0
2024-05-28 00:00:00-04:00,92.6243850874917,93.59363230152654,92.59615570135807,92.85022735595703,5541600,0.0,0.0
2024-05-29 00:00:00-04:00,91.62690629114134,91.93743671056454,90.77998883045055,91.53279876708984,4679600,0.0,0.0
2024-05-30 00:00:00-04:00,91.92803795162295,92.04095550112797,90.8929125518498,91.49517059326172,4548800,0.0,0.0
2024-05-31 00:00:00-04:00,91.5892770030675,92.18211571537562,90.71413003952861,92.0691909790039,7155500,0.0,0.0
2024-06-03 00:00:00-04:00,92.37031415771396,92.37031415771396,90.8364504913853,91.66455078125,5671200,0.0,0.0
2024-06-04 00:00:00-04:00,90.57296915759257,91.79629524914203,90.02717707493841,90.88350677490234,5409600,0.0,0.0
2024-06-05 00:00:00-04:00,91.12818525708136,91.85277318193766,90.80824256359013,90.95880889892578,4499700,0.0,0.0
2024-06-06 00:00:00-04:00,90.78940884839118,91.7021901676023,90.58238376465785,91.13758087158203,4741200,0.0,0.0
2024-06-07 00:00:00-04:00,90.45064915103346,91.91863487530404,90.27185344072967,91.41048431396484,4018400,0.0,0.0
2024-06-10 00:00:00-04:00,90.92115683069449,91.11876973848666,89.78252597376019,90.70471954345703,4566000,0.0,0.0
2024-06-11 00:00:00-04:00,90.77060090446561,90.77060090446561,89.14264368653778,89.80135345458984,5330000,0.0,0.0
2024-06-12 00:00:00-04:00,91.57985995571885,92.11623986108768,89.96130805056471,90.00836181640625,5435700,0.0,0.0
2024-06-13 00:00:00-04:00,89.86721828394313,89.91427205532725,89.02971284496813,89.59432220458984,3955900,0.0,0.0
2024-06-14 00:00:00-04:00,88.82268747464505,89.88603521843748,88.4462788428804,89.86721801757812,3406600,0.0,0.0
2024-06-17 00:00:00-04:00,89.40611058899925,91.4575298499854,89.09557296623883,91.31637573242188,4874100,0.0,0.0
2024-06-18 00:00:00-04:00,91.29755416180842,91.92804161572681,91.09994126290154,91.81511688232422,4558400,0.0,0.0
2024-06-20 00:00:00-04:00,91.88098023502806,92.24797661392972,91.38224193443844,91.69277954101562,3956800,0.0,0.0
2024-06-21 00:00:00-04:00,91.5798582389737,91.61749981506198,90.2342024062533,90.48828125,10785300,0.0,0.0
2024-06-24 00:00:00-04:00,91.02466123673089,91.89980813832162,90.50709853924305,91.37283325195312,8418200,0.0,0.0
2024-06-25 00:00:00-04:00,91.08112506915887,92.53969853321023,90.97761252391302,92.03155517578125,7439700,0.0,0.0
2024-06-26 00:00:00-04:00,91.63631339975886,91.91862161958989,90.41299453241568,91.17521667480469,6514200,0.0,0.0
2024-06-27 00:00:00-04:00,90.41299727264125,90.65765674588724,89.55666757809085,90.12127685546875,5437800,0.0,0.0
2024-06-28 00:00:00-04:00,91.03407241447529,91.57986453619017,90.48828747215744,91.45753479003906,9058800,0.0,0.0
2024-07-01 00:00:00-04:00,91.76805683598754,93.51835059728094,91.69278086493344,93.31133270263672,7420600,0.0,0.0
2024-07-02 00:00:00-04:00,93.13254557049841,93.91359217452863,92.80319073126789,93.7724380493164,5570900,0.0,0.0
2024-07-03 00:00:00-04:00,94.03591399628455,94.66639423245188,93.63127603378679,94.28998565673828,3112000,0.0,0.0
2024-07-05 00:00:00-04:00,94.19589405849526,94.2053062480965,93.07608759544726,93.71597290039062,3633200,0.0,0.0
2024-07-08 00:00:00-04:00,93.94182159424982,95.29688253029569,93.94182159424982,94.65699005126953,3884400,0.0,0.0
2024-07-09 00:00:00-04:00,94.66639810408178,96.83074211840419,94.08297160829154,96.55784606933594,7113600,0.0,0.0
2024-07-10 00:00:00-04:00,96.46374009280468,97.40475792601679,96.04027776022144,97.35770416259766,5619000,0.0,0.0
2024-07-11 00:00:00-04:00,98.10110513574037,99.07976450413763,97.80939191667632,98.46810150146484,7761000,0.0,0.0
2024-07-12 00:00:00-04:00,98.80688366525244,99.5785180886052,97.83763633609684,97.95055389404297,7060600,0.0,0.0
2024-07-15 00:00:00-04:00,97.80940840711253,100.24664146113787,97.15069153186987,99.05155181884766,10093900,0.0,0.0
2024-07-16 00:00:00-04:00,97.98819433280269,102.67446677675208,96.74605095407107,99.95492553710938,16716400,0.0,0.0
2024-07-17 00:00:00-04:00,98.89156204774144,101.35703139028297,98.36459435108077,100.6512680053711,11412000,0.0,0.0
2024-07-18 00:00:00-04:00,100.24663418704813,101.28175242515101,98.17639771084235,98.62808227539062,9130700,0.0,0.0
2024-07-19 00:00:00-04:00,98.53398139409487,98.54339358312983,95.72975213099521,96.06851196289062,12555900,0.0,0.0
2024-07-22 00:00:00-04:00,96.42610994383718,97.14128559205318,95.93677659212202,96.39788055419922,8931200,0.0,0.0
2024-07-23 00:00:00-04:00,96.4072759797367,98.0258278324379,96.15320431885752,97.39534759521484,7400600,0.0,0.0
2024-07-24 00:00:00-04:00,96.79310228494623,97.86586212231991,95.74857183601972,95.95559692382812,7967400,0.0,0.0
2024-07-25 00:00:00-04:00,96.05909521305074,98.0446432723543,95.84265796807917,97.45179748535156,5582300,0.0,0.0
2024-07-26 00:00:00-04:00,98.67514277882276,99.6443901182997,97.90350834725302,98.04466247558594,6599600,0.0,0.0
2024-07-29 00:00:00-04:00,98.30814772255984,98.40224808296051,96.29436985651674,96.4355239868164,5183400,0.0,0.0
2024-07-30 00:00:00-04:00,97.45180676979305,97.97878165060104,96.71781399157088,97.6400146484375,6225500,0.0,0.0
2024-07-31 00:00:00-04:00,97.87264838596346,99.05000454394035,97.08457624852149,97.99607849121094,5444600,0.925,0.0
2024-08-01 00:00:00-04:00,98.50879931356444,98.73667306197655,96.0781266798996,96.61933135986328,5678100,0.0,0.0
2024-08-02 00:00:00-04:00,93.99874411487919,94.01773057280602,90.238795219561,91.00787353515625,11120700,0.0,0.0
2024-08-05 00:00:00-04:00,87.96953999513646,88.65316843699351,86.34592606771362,87.41883850097656,9659500,0.0,0.0
2024-08-06 00:00:00-04:00,87.54227098856086,89.099421484675,86.8966226918324,88.27337646484375,6068300,0.0,0.0
2024-08-07 00:00:00-04:00,89.8305234419416,90.51415187569431,87.36187084314864,87.45681762695312,7215700,0.0,0.0
2024-08-08 00:00:00-04:00,88.76710091723959,90.23880142490144,88.09296933287085,89.8495101928711,6592300,0.0,0.0
2024-08-09 00:00:00-04:00,89.52668175648404,90.31475375844215,89.2703174936906,89.9349594116211,3542600,0.0,0.0
2024-08-12 00:00:00-04:00,90.10587828700143,90.4097123553902,88.81458168535524,90.04890441894531,4196300,0.0,0.0
2024-08-13 00:00:00-04:00,90.93192424812253,91.90989718341748,90.15334898711318,91.8244400024414,5941500,0.0,0.0
2024-08-14 00:00:00-04:00,92.8213886630626,95.50841797941281,92.58401809576833,94.41651916503906,10161700,0.0,0.0
2024-08-15 00:00:00-04:00,95.70782886430756,96.09711288163015,95.09066385521115,95.555908203125,5885100,0.0,0.0
2024-08-16 00:00:00-04:00,95.54641267114397,96.37246497879353,95.38500239938888,96.31549835205078,4159700,0.0,0.0
2024-08-19 00:00:00-04:00,96.39145623971777,96.88519117599456,96.18257618326744,96.6098403930664,4070500,0.0,0.0
2024-08-20 00:00:00-04:00,96.13509303122405,96.49589373550992,95.51792802222842,95.68883514404297,3396900,0.0,0.0
2024-08-21 00:00:00-04:00,95.99266228502402,96.11609962428787,94.9102530064159,95.60337829589844,3576000,0.0,0.0
2024-08-22 00:00:00-04:00,95.66985078178429,95.87873807346995,94.8532953200909,95.47994995117188,2777300,0.0,0.0
2024-08-23 00:00:00-04:00,95.8407467774573,97.3978971877688,95.72680629232164,96.74275207519531,3814800,0.0,0.0
2024-08-26 00:00:00-04:00,97.83465400359145,97.84415085460766,96.82820511511862,97.1605224609375,2679000,0.0,0.0
2024-08-27 00:00:00-04:00,97.28395741120936,97.65425493562839,96.88517657629274,96.92315673828125,2537200,0.0,0.0
2024-08-28 00:00:00-04:00,96.74275690322362,97.51183529533913,96.29649903580706,97.03709411621094,2836800,0.0,0.0
2024-08-29 00:00:00-04:00,97.72071943109013,97.72071943109013,96.16356899313617,97.41688537597656,3325600,0.0,0.0
2024-08-30 00:00:00-04:00,97.71122740620571,98.56575568483952,96.94214181387014,98.37586212158203,4951400,0.0,0.0
2024-09-03 00:00:00-04:00,97.65425241337957,98.0435436307257,93.48602572546979,94.2551040649414,6634000,0.0,0.0
2024-09-04 00:00:00-04:00,94.70136884930945,96.2015527212769,94.64440222560644,95.09066009521484,4212500,0.0,0.0
2024-09-05 00:00:00-04:00,95.89771338856087,96.18256097938428,94.1126892521296,94.53045654296875,4462400,0.0,0.0
2024-09-06 00:00:00-04:00,94.66339350298453,95.70782995052868,91.28323843704432,91.71050262451172,9246800,0.0,0.0
2024-09-09 00:00:00-04:00,92.82140344815151,94.01774608221258,92.66948278377653,93.22018432617188,5281500,0.0,0.0
2024-09-10 00:00:00-04:00,93.42905273258539,93.45753604040429,90.09636808225927,91.73897552490234,7798600,0.0,0.0
2024-09-11 00:00:00-04:00,90.66607680252656,92.2327242882983,89.33679992841793,92.12828063964844,6764100,0.0,0.0
2024-09-12 00:00:00-04:00,92.45110569955193,92.75493978372069,90.84647809417338,91.75798034667969,4751200,0.0,0.0
2024-09-13 00:00:00-04:00,91.97636090330104,93.7518883205532,91.95736719904475,93.2866439819336,5354800,0.0,0.0
2024-09-16 00:00:00-04:00,94.14118286237287,95.1286454428968,93.7708853001734,95.03369140625,4467200,0.0,0.0
2024-09-17 00:00:00-04:00,95.59388702625789,95.72681398093837,94.41653089452682,94.79631805419922,4748600,0.0,0.0
2024-09-18 00:00:00-04:00,95.06218277985768,95.90722155664307,94.2266336116377,94.28360748291016,5195900,0.0,0.0
2024-09-19 00:00:00-04:00,96.10660939755495,96.30599983167727,94.49248497603132,95.64136505126953,9091900,0.0,0.0
2024-09-20 00:00:00-04:00,95.77429423862316,97.35043128772784,95.12864590376708,97.29346466064453,14513400,0.0,0.0
2024-09-23 00:00:00-04:00,96.55286953265761,97.35043128772784,96.19206157719405,97.29346466064453,3962400,0.0,0.0
2024-09-24 00:00:00-04:00,97.57830781065529,97.68275145925756,96.79973249451413,97.39791107177734,4749700,0.0,0.0
2024-09-25 00:00:00-04:00,97.55930464112323,97.61627126006796,96.58133904803896,97.17001342773438,3825100,0.0,0.0
2024-09-26 00:00:00-04:00,97.86315003024885,99.49626090647149,97.7682032396727,99.31585693359375,5183000,0.0,0.0
2024-09-27 00:00:00-04:00,99.62917637964266,99.82856679006524,98.76514402383656,98.85060119628906,3113300,0.0,0.0
2024-09-30 00:00:00-04:00,98.49929600004023,99.12595782203672,97.91062158492575,98.97403717041016,3378600,0.0,0.0
2024-10-01 00:00:00-04:00,98.91706950624021,99.87604868860058,97.85364668798043,99.14494323730469,5437400,0.0,0.0
2024-10-02 00:00:00-04:00,99.53424315575883,100.07544784174917,98.66072107380529,99.23989868164062,3293600,0.0,0.0
2024-10-03 00:00:00-04:00,98.3473908359984,99.41080651061972,97.9486099580154,99.2873764038086,4587200,0.0,0.0
2024-10-04 00:00:00-04:00,102.17379584695951,102.62005370867838,101.23381035260032,102.4301528930664,5608900,0.0,0.0
2024-10-07 00:00:00-04:00,102.24976278456823,103.41762208919896,101.85097466798555,102.20228576660156,4439900,0.0,0.0
2024-10-08 00:00:00-04:00,102.21178088923381,102.74348871037797,101.96491343914155,102.05986022949219,3679400,0.0,0.0
2024-10-09 00:00:00-04:00,101.80350510957774,103.84489373887716,101.80350510957774,103.53156280517578,4445800,0.0,0.0
2024-10-10 00:00:00-04:00,102.9618550749953,103.52204611214965,102.21176324594364,102.62004089355469,4065500,0.0,0.0
2024-10-11 00:00:00-04:00,103.49357085712167,105.84829015204558,103.49357085712167,104.87981414794922,5826200,0.0,0.0
2024-10-14 00:00:00-04:00,105.44002037697634,106.75980029539927,104.96527919066664,106.60787963867188,7179300,0.0,0.0
2024-10-15 00:00:00-04:00,109.59875628510879,110.19692760326782,106.37051460080991,106.55091857910156,8925200,0.0,0.0
2024-10-16 00:00:00-04:00,110.97549024013038,115.31462412486816,110.61468956868163,113.4726333618164,21458500,0.0,0.0
2024-10-17 00:00:00-04:00,113.71950502523629,114.27970341384064,112.73204969382263,113.40618133544922,9357200,0.0,0.0
2024-10-18 00:00:00-04:00,113.4916215053205,115.0013021736879,113.09284066611978,114.94432830810547,6852900,0.0,0.0
2024-10-21 00:00:00-04:00,114.28920106987749,114.5930351533664,111.92498463737925,112.30477905273438,7469100,0.0,0.0
2024-10-22 00:00:00-04:00,111.70659911797378,112.618101298101,111.32680473192693,112.3427505493164,4429600,0.0,0.0
2024-10-23 00:00:00-04:00,111.93448148985652,112.74154009500117,111.27933630446834,112.30477905273438,5661600,0.0,0.0
2024-10-24 00:00:00-04:00,112.4187125631784,113.31122105321695,111.98195154805836,113.14981079101562,5611800,0.0,0.0
2024-10-25 00:00:00-04:00,113.93788192258397,113.93788192258397,110.45328343900572,110.97549438476562,7271700,0.0,0.0
2024-10-28 00:00:00-04:00,112.15286725565761,113.63405752859957,111.57368239375573,113.1118392944336,5994000,0.0,0.0
2024-10-29 00:00:00-04:00,112.88395552620375,114.02333144371045,112.81749205174879,113.27324676513672,4622200,0.0,0.0
2024-10-30 00:00:00-04:00,112.61808909460045,113.29222061589519,111.83951394736114,111.96294403076172,5673000,0.0,0.0
2024-10-31 00:00:00-04:00,112.09214790918494,112.83860565513693,110.72365299347909,111.25,5374600,0.925,0.0
2024-11-01 00:00:00-04:00,111.65193749943722,112.94387156665678,111.29785613878188,111.8241958618164,4372100,0.0,0.0
2024-11-04 00:00:00-05:00,111.97732056704035,112.39839089618289,110.95334230324656,111.14473724365234,4366300,0.0,0.0
2024-11-05 00:00:00-05:00,111.09687441640793,112.82902985965303,111.09687441640793,112.7428970336914,4798400,0.0,0.0
2024-11-06 00:00:00-05:00,123.93966925361366,127.77720539086592,122.16924794913649,125.83451843261719,22798700,0.0,0.0
2024-11-07 00:00:00-05:00,125.11678880306846,125.89194781493552,122.5711937103336,122.91571044921875,7780000,0.0,0.0
2024-11-08 00:00:00-05:00,123.43247711670838,124.90624883152647,122.26495629154233,123.95882415771484,6979300,0.0,0.0
2024-11-11 00:00:00-05:00,124.93496961103983,128.227015497156,124.93496961103983,127.77722930908203,6861300,0.0,0.0
2024-11-12 00:00:00-05:00,127.46140266332584,128.06431057365006,126.04506263847415,126.61924743652344,5683300,0.0,0.0
2024-11-13 00:00:00-05:00,127.71980044293181,128.85860546202164,126.77237576390111,127.04989624023438,6134800,0.0,0.0
2024-11-14 00:00:00-05:00,127.37528842761265,129.1074368160947,126.30345042505853,126.73409271240234,7344200,0.0,0.0
2024-11-15 00:00:00-05:00,127.63366609497496,128.61936396622028,126.83936317496683,128.2939910888672,7281900,0.0,0.0
2024-11-18 00:00:00-05:00,128.89689528968603,129.68161894756884,127.68151475098522,128.02603149414062,6434100,0.0,0.0
2024-11-19 00:00:00-05:00,127.52837985581299,128.32268267102384,126.25558242439055,126.55226135253906,7244800,0.0,0.0
2024-11-20 00:00:00-05:00,127.43267699409583,127.90159232565298,125.4134293308218,126.0259017944336,5125600,0.0,0.0
2024-11-21 00:00:00-05:00,127.47098651568,129.7390613475099,127.41356948746903,129.1840057373047,5547400,0.0,0.0
2024-11-22 00:00:00-05:00,128.88730186566386,129.83472645569393,128.1982830576836,128.89688110351562,6334100,0.0,0.0
2024-11-25 00:00:00-05:00,129.61461817818656,130.38021245037976,127.83461770139826,127.91117858886719,8012300,0.0,0.0
2024-11-26 00:00:00-05:00,125.12636459405321,126.12162714928091,123.00184694861579,125.6335678100586,8817300,0.0,0.0
2024-11-27 00:00:00-05:00,125.83452993593387,126.73408762343117,124.9541015208847,125.56657409667969,5507800,0.0,0.0
2024-11-29 00:00:00-05:00,126.59052945760774,127.02117167455643,125.76751816638516,125.94934844970703,4068200,0.0,0.0
2024-12-02 00:00:00-05:00,126.60969052814555,127.27958013467048,125.20291505319408,125.3943099975586,5512100,0.0,0.0
2024-12-03 00:00:00-05:00,127.46140965142374,127.46140965142374,124.4181760256765,124.8296890258789,4791300,0.0,0.0
2024-12-04 00:00:00-05:00,124.59044279642889,125.55699675962806,124.06409574617261,124.3990478515625,6203700,0.0,0.0
2024-12-05 00:00:00-05:00,124.35119838325896,126.18861618159765,123.85355983292808,124.71485900878906,4991900,0.0,0.0
2024-12-06 00:00:00-05:00,124.90624246041887,124.95409484397828,123.623865752514,124.37033081054688,5013200,0.0,0.0
2024-12-09 00:00:00-05:00,124.90625188986394,125.14549922322503,122.81044291322094,123.04969024658203,7753900,0.0,0.0
2024-12-10 00:00:00-05:00,122.14053740077915,123.07839009408265,121.08785066834572,121.336669921875,6551300,0.0,0.0
2024-12-11 00:00:00-05:00,122.25538620081137,122.44678114520536,120.84861072564327,122.10226440429688,8835400,0.0,0.0
2024-12-12 00:00:00-05:00,122.38936442554491,123.28893672917481,121.88216125051926,122.40850830078125,3610500,0.0,0.0
2024-12-13 00:00:00-05:00,122.4946251395254,123.2697841028369,121.26010811939128,121.9204330444336,6091500,0.0,0.0
2024-12-16 00:00:00-05:00,122.24581431565502,123.74828726366461,121.9108695121973,123.48033142089844,5659700,0.0,0.0
2024-12-17 00:00:00-05:00,122.59032784577006,123.16451262996166,121.70989219343018,122.24580383300781,7141400,0.0,0.0
2024-12-18 00:00:00-05:00,122.64775073867607,122.86785418636745,115.11624240850846,115.833984375,7858800,0.0,0.0
2024-12-19 00:00:00-05:00,119.41312815491264,119.5662499532428,115.1258200191568,115.31721496582031,8632400,0.0,0.0
2024-12-20 00:00:00-05:00,115.98710641915468,119.18345464810173,115.34592530629305,118.13076782226562,14884000,0.0,0.0
2024-12-23 00:00:00-05:00,117.8053788600193,119.3078517369606,117.5087145197391,119.0973129272461,5074100,0.0,0.0
2024-12-24 00:00:00-05:00,119.69064801855492,121.74817641466299,119.2312899552092,121.59505462646484,2902800,0.0,0.0
2024-12-26 00:00:00-05:00,121.08785437481785,122.6573162351228,121.04957392685323,122.5233383178711,3013500,0.0,0.0
2024-12-27 00:00:00-05:00,121.58549591835147,122.36065493046227,120.40839584324888,121.30796813964844,3088100,0.0,0.0
2024-12-30 00:00:00-05:00,119.19302350487912,120.7337769042408,118.6858130289176,120.3414077758789,2637900,0.0,0.0
2024-12-31 00:00:00-05:00,120.89645476659015,121.3749493957926,119.8150522317935,120.31269073486328,2970000,0.0,0.0
2025-01-02 00:00:00-05:00,121.06872652672128,121.80560512471162,118.86764806824463,119.41313171386719,5014300,0.0,0.0
2025-01-03 00:00:00-05:00,120.24570374073231,120.58064852638921,118.7432308725725,120.52323150634766,3988400,0.0,0.0
2025-01-06 00:00:00-05:00,122.14054021507275,124.36075507147514,122.14054021507275,123.10710144042969,6665200,0.0,0.0
2025-01-07 00:00:00-05:00,124.07365527028408,124.08323450875658,120.06387512093139,121.42279815673828,7268800,0.0,0.0
2025-01-08 00:00:00-05:00,121.4515273648658,122.4946422985899,120.35098810271447,122.36066436767578,5744500,0.0,0.0
2025-01-10 00:00:00-05:00,120.87731746557843,121.05914777096217,117.98721296059198,118.14032745361328,6873800,0.0,0.0
2025-01-13 00:00:00-05:00,117.18334005392559,118.9537761481114,117.18334005392559,118.6571044921875,5433000,0.0,0.0
2025-01-14 00:00:00-05:00,120.00645257785312,120.00645257785312,118.37000184785381,119.26000213623047,8999900,0.0,0.0
2025-01-15 00:00:00-05:00,124.13109946280245,125.78668700894369,122.93486273242601,124.93496704101562,11349500,0.0,0.0
2025-01-16 00:00:00-05:00,126.657529684753,130.29407705531526,126.22687285179462,129.9687042236328,16235700,0.0,0.0
2025-01-17 00:00:00-05:00,130.30363559898953,132.14105286564754,128.74373873822236,131.94007873535156,12481500,0.0,0.0
2025-01-21 00:00:00-05:00,130.57162665279657,131.700867054132,129.47108016069174,131.39463806152344,11213300,0.0,0.0
2025-01-22 00:00:00-05:00,131.35632905913073,132.42816686609706,129.97827691159569,130.15052795410156,7177500,0.0,0.0
2025-01-23 00:00:00-05:00,130.12184612406847,132.25592833566725,130.12184612406847,131.87313842773438,6911000,0.0,0.0
2025-01-24 00:00:00-05:00,130.60036176585038,133.05981725407648,130.60036176585038,131.89230346679688,6475500,0.0,0.0
2025-01-27 00:00:00-05:00,129.44236845470166,130.87785241572047,128.3514012284273,130.7725830078125,6460700,0.0,0.0
2025-01-28 00:00:00-05:00,130.21751858187852,132.86836797148692,129.80600566061554,132.58126831054688,5885100,0.0,0.0
2025-01-29 00:00:00-05:00,132.51432058784894,135.39485336411994,132.2367854903101,132.74400329589844,5719800,0.0,0.0
2025-01-30 00:00:00-05:00,133.79666826436096,134.44742856496612,132.91623988324605,133.92108154296875,4545700,0.0,0.0
2025-01-31 00:00:00-05:00,134.04150342186873,134.63878010712514,132.72170892715857,133.35751342773438,5502700,0.925,0.0
2025-02-03 00:00:00-05:00,130.83352575232635,132.9432801589691,129.00315313724914,132.13406372070312,5307000,0.0,0.0
2025-02-04 00:00:00-05:00,132.68316108477447,132.82767346066035,131.2959245943767,131.7583465576172,5997300,0.0,0.0
2025-02-05 00:00:00-05:00,132.4327096622458,134.11858468844042,131.50788032288128,133.83920288085938,5871200,0.0,0.0
2025-02-06 00:00:00-05:00,134.87963168349336,136.2186975578721,134.87000340370062,135.91043090820312,4576600,0.0,0.0
2025-02-07 00:00:00-05:00,136.81597999005666,136.8256082692155,134.6965973017458,134.85072326660156,3529000,0.0,0.0
2025-02-10 00:00:00-05:00,135.1108211664556,135.16862023532966,130.64084521103848,132.27854919433594,5517700,0.0,0.0
2025-02-11 00:00:00-05:00,131.79686581549896,133.14557440456986,130.4770714594577,132.74095153808594,5096800,0.0,0.0
2025-02-12 00:00:00-05:00,131.0936350929563,132.24966066562516,130.6312278038213,132.0858917236328,4688900,0.0,0.0
2025-02-13 00:00:00-05:00,132.91438870127712,133.03962983612035,131.35375480408962,131.82579040527344,4699800,0.0,0.0
2025-02-14 00:00:00-05:00,131.4500818262388,134.46539444744974,131.4500818262388,133.8584747314453,5044500,0.0,0.0
2025-02-18 00:00:00-05:00,134.3016032932949,135.6213976832887,133.800653535915,135.55397033691406,3797000,0.0,0.0
2025-02-19 00:00:00-05:00,134.87960808344977,135.76589475821123,134.15709033449258,135.53469848632812,3623100,0.0,0.0
2025-02-20 00:00:00-05:00,135.11083288865444,135.90079276423373,127.57737333235804,129.41738891601562,8860800,0.0,0.0
2025-02-21 00:00:00-05:00,130.2265854117973,130.63120826639485,126.11306182010676,126.8644790649414,6704100,0.0,0.0
2025-02-24 00:00:00-05:00,127.89527149482781,128.09758293499888,124.17671284419684,125.20751190185547,7784500,0.0,0.0
2025-02-25 00:00:00-05:00,126.22866768547894,126.47913521588565,121.74905612465001,124.85107421875,7458500,0.0,0.0
2025-02-26 00:00:00-05:00,125.63139975249527,127.39434496474074,125.38091750506415,126.2479476928711,5493600,0.0,0.0
2025-02-27 00:00:00-05:00,126.97045641662548,128.0012407699189,124.09001367485882,124.50426483154297,5538700,0.0,0.0
2025-02-28 00:00:00-05:00,125.14008480853641,128.52147772914833,124.2634409954733,128.2324676513672,7424200,0.0,0.0
2025-03-03 00:00:00-05:00,128.44439682797238,129.08021600684938,123.04959883526345,124.39830017089844,5969400,0.0,0.0
2025-03-04 00:00:00-05:00,121.83578078387788,121.93211502958155,114.8803409365276,117.25983428955078,12996500,0.0,0.0
2025-03-05 00:00:00-05:00,117.52955642854324,119.82234348998065,116.99007884934167,119.2154312133789,7291900,0.0,0.0
2025-03-06 00:00:00-05:00,116.37352668535958,118.61814287371725,114.25413690923659,114.99592590332031,8611500,0.0,0.0
2025-03-07 00:00:00-05:00,114.3793838024354,115.1115298558959,111.21956655922082,114.91886138916016,8513500,0.0,0.0
2025-03-10 00:00:00-04:00,111.7494096765503,112.01914845496908,105.2178505283248,107.59734344482422,16765700,0.0,0.0
2025-03-11 00:00:00-04:00,107.61661494634447,109.35066057261635,106.29681314469137,107.93452453613281,13490400,0.0,0.0
2025-03-12 00:00:00-04:00,110.78606521874143,111.36407800209034,108.42584329097033,109.82270812988281,7925500,0.0,0.0
2025-03-13 00:00:00-04:00,109.82269541288804,110.64154737363208,107.15419981967572,107.58770751953125,7435500,0.0,0.0
2025-03-14 00:00:00-04:00,109.81306356106028,111.52783786365427,108.41619883586782,111.11359405517578,6879400,0.0,0.0
2025-03-17 00:00:00-04:00,110.75716062417551,114.92849839240316,110.63191950445116,113.6375961303711,8374900,0.0,0.0
2025-03-18 00:00:00-04:00,113.94587343065554,114.84179580263462,112.98251635755248,113.7821044921875,7234900,0.0,0.0
2025-03-19 00:00:00-04:00,112.93435268337116,116.80704487541807,111.9709956122337,115.45834350585938,8430800,0.0,0.0
2025-03-20 00:00:00-04:00,114.4660928252771,117.34652855916586,114.4660928252771,116.05563354492188,7026000,0.0,0.0
2025-03-21 00:00:00-04:00,114.97666371493578,116.45059884171019,113.96514321118427,115.73771667480469,10989900,0.0,0.0
2025-03-24 00:00:00-04:00,117.82819081497259,120.24621891207946,117.52955250072797,119.71636962890625,6184400,0.0,0.0
2025-03-25 00:00:00-04:00,120.32330958160951,121.43117177478155,119.60079171864928,120.61231231689453,4326300,0.0,0.0
2025-03-26 00:00:00-04:00,121.16140553880463,121.71051872974785,117.15384427767162,117.72222137451172,5084600,0.0,0.0
2025-03-27 00:00:00-04:00,114.57205352113738,115.44870460914456,113.23298781814823,114.63948822021484,8239400,0.0,0.0
2025-03-28 00:00:00-04:00,114.36012551405781,115.0537438326907,110.42962660835923,111.1039810180664,7349400,0.0,0.0
2025-03-31 00:00:00-04:00,109.54333091461945,112.7416760745415,108.06939578201097,112.39486694335938,7616600,0.0,0.0
2025-04-01 00:00:00-04:00,111.73978641520128,112.59717363427666,109.37956449299718,111.49894714355469,6651000,0.0,0.0
2025-04-02 00:00:00-04:00,109.7938016981646,115.94001689316244,109.70709574370017,114.89958953857422,8415300,0.0,0.0
2025-04-03 00:00:00-04:00,106.07525465007537,107.30835060605648,102.96360787223384,103.97513580322266,15186100,0.0,0.0
2025-04-04 00:00:00-04:00,97.81928346823673,99.90013103874419,93.74427959082189,96.17194366455078,18876900,0.0,0.0
2025-04-07 00:00:00-04:00,92.74238798256337,100.51667975377285,90.87348014197387,97.22200012207031,20721400,0.0,0.0
2025-04-08 00:00:00-04:00,101.36444078548438,103.02141626414097,94.66910416416063,96.63435363769531,10710100,0.0,0.0
2025-04-09 00:00:00-04:00,94.60165250895149,109.72636150690958,94.30301419705657,107.60697174072266,16919500,0.0,0.0
2025-04-10 00:00:00-04:00,104.78433790150994,104.8806794816001,99.6207511312595,102.67459106445312,10956700,0.0,0.0
2025-04-11 00:00:00-04:00,99.11981172552571,105.19859269264138,99.11981172552571,104.15817260742188,10573200,0.0,0.0
2025-04-14 00:00:00-04:00,106.43168683452426,107.4143077612849,104.5724074913895,105.11188507080078,8224500,0.0,0.0
2025-04-15 00:00:00-04:00,106.05597710209601,108.0404976790332,106.0270775657527,106.39315795898438,6003800,0.0,0.0
2025-04-16 00:00:00-04:00,105.56466725681507,106.27754941555078,102.74203080755566,103.9076919555664,6520100,0.0,0.0
2025-04-17 00:00:00-04:00,104.54350970183904,106.69179927788389,104.18707227721814,105.17932891845703,5233100,0.0,0.0
2025-04-21 00:00:00-04:00,104.17743496516324,104.36047516392911,100.940554559731,102.40486145019531,7784500,0.0,0.0
2025-04-22 00:00:00-04:00,104.06182677848746,106.64362400298678,104.01366333520504,106.3353500366211,6571300,0.0,0.0
2025-04-23 00:00:00-04:00,109.10019150928733,112.33707195132422,107.8285604320465,108.19463348388672,9243800,0.0,0.0
2025-04-24 00:00:00-04:00,107.77076437103526,111.65309241426428,107.16384467754072,111.36408233642578,6640700,0.0,0.0
2025-04-25 00:00:00-04:00,111.47005363915486,112.80911947398724,110.75717141445593,111.75906372070312,5013200,0.0,0.0
2025-04-28 00:00:00-04:00,111.63381102505566,113.57979635959586,109.6589335051515,111.58564758300781,4171200,0.0,0.0
2025-04-29 00:00:00-04:00,111.15212550609377,112.20218843431273,110.04427086095521,111.95171356201172,4689800,0.0,0.0
2025-04-30 00:00:00-04:00,109.83961680943143,112.4712608673057,108.79084139933146,112.08282470703125,6502400,0.925,0.0
2025-05-01 00:00:00-04:00,112.19935208473002,114.41342845450704,111.35450403466115,113.38407897949219,7743600,0.0,0.0
2025-05-02 00:00:00-04:00,115.85065104954751,117.02566511593187,115.03493433534115,116.74404907226562,6894400,0.0,0.0
2025-05-05 00:00:00-04:00,115.30682504466489,117.3752443202701,114.96694620394196,116.14196014404297,6540300,0.0,0.0
2025-05-06 00:00:00-04:00,114.40370697975297,115.70496684225955,113.82105651676905,114.90867614746094,5739600,0.0,0.0
2025-05-07 00:00:00-04:00,114.9086919705613,116.53040499529969,114.78244595684875,115.65642547607422,4680600,0.0,0.0
2025-05-08 00:00:00-04:00,116.52069524770377,119.69615301979827,116.52069524770377,118.35604858398438,6449300,0.0,0.0
2025-05-09 00:00:00-04:00,118.94840324913488,119.6670127139285,117.95789811297541,118.18124389648438,4240100,0.0,0.0
2025-05-12 00:00:00-04:00,123.73585275492226,125.46438571696949,122.78419203615151,123.38626098632812,9162100,0.0,0.0
2025-05-13 00:00:00-04:00,124.06603004965726,126.3480821507215,123.5513553206414,125.61006164550781,6086700,0.0,0.0
2025-05-14 00:00:00-04:00,125.61977923079442,127.76588741094818,125.39643343316638,127.2511978149414,6273400,0.0,0.0
2025-05-15 00:00:00-04:00,126.49376556272347,129.18368023971226,126.26071420601717,128.6787109375,7209300,0.0,0.0
2025-05-16 00:00:00-04:00,128.45532991578722,129.13508754926377,127.9794921635511,128.35821533203125,6303800,0.0,0.0
2025-05-19 00:00:00-04:00,126.53259603642276,128.30968642024092,125.33816358151786,127.05697631835938,7703500,0.0,0.0
2025-05-20 00:00:00-04:00,126.11501797461703,126.61998717946773,124.41561634411393,125.39642333984375,5220100,0.0,0.0
2025-05-21 00:00:00-04:00,124.38647964857329,124.92058024471709,121.45380136204562,121.67715454101562,6371600,0.0,0.0
2025-05-22 00:00:00-04:00,121.00710349423676,123.3959756742581,121.00710349423676,122.6093978881836,5689200,0.0,0.0
2025-05-23 00:00:00-04:00,120.51185431414943,122.91043957543144,120.2982140612542,122.42489624023438,3361400,0.0,0.0
2025-05-27 00:00:00-04:00,123.85238558577065,125.78484584113544,123.15320204987111,125.47410583496094,5472400,0.0,0.0
2025-05-28 00:00:00-04:00,125.47410915164537,125.67802904473642,123.59019132229335,123.82325744628906,4050900,0.0,0.0
2025-05-29 00:00:00-04:00,124.39620494565094,124.68751908458376,123.26002794219107,124.4544677734375,4337500,0.0,0.0
2025-05-30 00:00:00-04:00,123.92036956209778,124.61955314432444,122.6967982932011,124.3282241821289,6436100,0.0,0.0
2025-06-02 00:00:00-04:00,123.79412476119558,124.75549843419162,122.7065050867981,124.68751525878906,3607900,0.0,0.0
2025-06-03 00:00:00-04:00,124.41560551747175,125.44495490184268,123.45423189605357,124.95941162109375,4145600,0.0,0.0
2025-06-04 00:00:00-04:00,125.11479957849356,125.6780316097741,124.4544677734375,124.4544677734375,3123200,0.0,0.0
2025-06-05 00:00:00-04:00,124.6584079680889,127.2609283012898,123.65818974794321,126.84335327148438,6193300,0.0,0.0
2025-06-06 00:00:00-04:00,128.26111364394453,129.70803794163848,127.0375499220213,128.00863647460938,5004400,0.0,0.0
2025-06-09 00:00:00-04:00,128.40679078716406,129.05741710106648,127.31917841975785,128.1348876953125,4838600,0.0,0.0
2025-06-10 00:00:00-04:00,127.7949962476316,128.63013127556152,127.35799544488309,128.00863647460938,3816900,0.0,0.0
2025-06-11 00:00:00-04:00,128.2125721380463,129.59151343438103,127.6202086753329,127.99893188476562,5810200,0.0,0.0
2025-06-12 00:00:00-04:00,126.8821947308576,128.1834473829129,126.04705955671918,128.1057586669922,4258700,0.0,0.0
2025-06-13 00:00:00-04:00,126.4257828279728,127.28034388577815,125.08567840870668,125.74602508544922,4367500,0.0,0.0
2025-06-16 00:00:00-04:00,126.52288612365078,128.96032334914815,126.52288612365078,127.11524963378906,6240500,0.0,0.0
2025-06-17 00:00:00-04:00,126.08588739451118,127.37743442034791,125.91109890952592,126.32865905761719,4767700,0.0,0.0
2025-06-18 00:00:00-04:00,126.26068377067466,129.11568074299848,126.17327471537074,128.6884002685547,6170400,0.0,0.0
2025-06-20 00:00:00-04:00,129.4944197112098,129.5138307768833,128.09605246713278,128.8729248046875,8904400,0.0,0.0
2025-06-23 00:00:00-04:00,128.2416998905811,130.22272494304647,127.11523582683459,130.1256103515625,5232400,0.0,0.0
2025-06-24 00:00:00-04:00,131.75703235448145,132.7281190250809,131.10640606329264,131.97067260742188,5599900,0.0,0.0
2025-06-25 00:00:00-04:00,132.18432290883774,133.90315059539162,131.4948596181598,133.73806762695312,5736400,0.0,0.0
2025-06-26 00:00:00-04:00,134.01965458956354,136.14633658673608,133.8545716478221,135.7093505859375,6013200,0.0,0.0
2025-06-27 00:00:00-04:00,136.19489664608156,137.7971836207579,135.07815297495634,136.62217712402344,7249300,0.0,0.0
2025-06-30 00:00:00-04:00,137.41847766840377,137.74865841760214,135.51515597767397,136.7872772216797,8034400,0.0,0.0
2025-07-01 00:00:00-04:00,136.486226490762,137.51557593025368,135.43745117007072,136.99119567871094,6166700,0.0,0.0
2025-07-02 00:00:00-04:00,137.52529357004042,138.74887229404268,136.9037986753879,138.7294464111328,5494500,0.0,0.0
2025-07-03 00:00:00-04:00,139.21499615236914,140.3802972811439,138.54494392848153,139.97244262695312,3974700,0.0,0.0
2025-07-07 00:00:00-04:00,139.94331224873508,140.96295630058387,138.37986198726242,139.58401489257812,5991600,0.0,0.0
2025-07-08 00:00:00-04:00,139.45772877716672,139.89471472585967,136.94261837198388,137.0494384765625,6620400,0.0,0.0
2025-07-09 00:00:00-04:00,138.76829468586303,138.80714645485395,136.8261211293493,137.45733642578125,4837000,0.0,0.0
2025-07-10 00:00:00-04:00,137.6612271288247,139.02075722035016,137.23396148388198,138.95277404785156,5622800,0.0,0.0
2025-07-11 00:00:00-04:00,137.75832892735767,138.331266395505,137.03971959635004,138.1661834716797,3647500,0.0,0.0
2025-07-14 00:00:00-04:00,138.33128671097282,139.88503123737772,137.8943006934233,139.80734252929688,5376100,0.0,0.0
2025-07-15 00:00:00-04:00,139.14699912144675,139.8364771605267,137.4573178390251,137.49615478515625,7392200,0.0,0.0
2025-07-16 00:00:00-04:00,135.46657562040753,135.95211890220108,131.34916325646017,135.74818420410156,10610800,0.0,0.0
2025-07-17 00:00:00-04:00,135.23352923597108,137.59327763483537,135.10729804026408,136.82611083984375,7695800,0.0,0.0
2025-07-18 00:00:00-04:00,137.36018658220968,137.6515155044702,136.14632842079462,136.75811767578125,5572300,0.0,0.0
2025-07-21 00:00:00-04:00,137.15629500778738,138.39928483612852,136.1269306277355,136.40855407714844,5853400,0.0,0.0
2025-07-22 00:00:00-04:00,136.7290021279053,136.81639636944112,134.91306003178107,135.990966796875,5257200,0.0,0.0
2025-07-23 00:00:00-04:00,136.7095896041674,138.50610599406542,135.88415995094778,138.09825134277344,6612900,0.0,0.0
2025-07-24 00:00:00-04:00,138.35070562427046,139.56456384388565,137.74863668897498,138.3798370361328,3817900,0.0,0.0
2025-07-25 00:00:00-04:00,138.787697313562,139.23440367645276,137.94285669968397,138.87509155273438,3463000,0.0,0.0
2025-07-28 00:00:00-04:00,138.90421248412557,139.00132706539276,137.91371487970287,138.43809509277344,3729300,0.0,0.0
2025-07-29 00:00:00-04:00,139.3509321190075,139.88503273176534,137.99141675708404,139.40919494628906,5158700,0.0,0.0
2025-07-30 00:00:00-04:00,139.6713913469714,141.27367835456445,139.13729073857172,140.74929809570312,5236800,0.0,0.0
2025-07-31 00:00:00-04:00,140.0257110411756,141.49246083892652,138.852314187085,139.3021240234375,5523700,1.0,0.0
2025-08-01 00:00:00-04:00,136.1828231406476,136.47617606149095,133.15153449284884,136.00680541992188,6678500,0.0,0.0
2025-08-04 00:00:00-04:00,137.07263540111225,138.63717431340913,136.6130675756945,138.2264862060547,3851500,0.0,0.0
2025-08-05 00:00:00-04:00,138.51983221233252,139.54655988981338,136.31970786939414,137.346435546875,5331100,0.0,0.0
2025-08-06 00:00:00-04:00,138.02114749145917,138.7056426544086,137.39533485261563,138.16783142089844,3765800,0.0,0.0
2025-08-07 00:00:00-04:00,139.07720846308953,139.54657913042763,137.4833505319732,137.79624938964844,3728600,0.0,0.0
2025-08-08 00:00:00-04:00,138.48071680696737,140.73950884739716,138.1482571387978,140.00613403320312,3943500,0.0,0.0
2025-08-11 00:00:00-04:00,140.38750218483426,140.99375391868136,139.4976705028306,140.6906280517578,4024700,0.0,0.0
2025-08-12 00:00:00-04:00,141.85426378302776,144.94420523118728,141.6098054928555,144.02503967285156,7111600,0.0,0.0
2025-08-13 00:00:00-04:00,144.8659734677316,145.77536604501634,142.16715937748094,144.484619140625,5542000,0.0,0.0
2025-08-14 00:00:00-04:00,143.74146446364443,145.3646709766146,142.92986120715938,145.21798706054688,4188600,0.0,0.0
2025-08-15 00:00:00-04:00,145.335359455162,145.51136227676315,141.25779662867302,141.4240264892578,4986000,0.0,0.0
2025-08-18 00:00:00-04:00,140.915532307343,141.84447079242327,140.63196726600037,141.5706787109375,3548700,0.0,0.0
2025-08-19 00:00:00-04:00,141.28710717072082,141.75646287160012,140.24081861273814,140.8764190673828,4257700,0.0,0.0
2025-08-20 00:00:00-04:00,140.6319702201776,141.50224112329929,137.90380738731824,140.92530822753906,4619300,0.0,0.0
2025-08-21 00:00:00-04:00,140.2310516947435,141.24799157721847,139.73234725305971,140.84707641601562,3269400,0.0,0.0
2025-08-22 00:00:00-04:00,141.609813045786,145.59935942410075,141.46312911152913,144.73887634277344,6759600,0.0,0.0
2025-08-25 00:00:00-04:00,144.69976196230402,145.31580169206524,144.29886166442196,144.3770751953125,2596500,0.0,0.0
2025-08-26 00:00:00-04:00,144.05439731527994,145.7264837680958,143.05700325185856,145.66781616210938,4453800,0.0,0.0
2025-08-27 00:00:00-04:00,145.0810893667769,146.79229725750525,144.74862970036708,146.06871032714844,3329200,0.0,0.0
2025-08-28 00:00:00-04:00,146.51850773503878,147.0563189227243,145.87313430981618,146.85096740722656,3898100,0.0,0.0
2025-08-29 00:00:00-04:00,146.5674148899367,147.40835202234223,145.8242670438424,147.1443328857422,3629400,0.0,0.0
2025-09-02 00:00:00-04:00,145.26688086498993,145.76558528798785,142.43117088388524,145.5504608154297,5330200,0.0,0.0
2025-09-03 00:00:00-04:00,145.51135618942942,146.2349581292489,143.682812878941,145.23756408691406,4338900,0.0,0.0
2025-09-04 00:00:00-04:00,145.7264723291688,147.4083465313294,145.38422476037866,147.19322204589844,3955000,0.0,0.0
2025-09-05 00:00:00-04:00,147.7701297817964,148.49373162997873,143.04719423069483,144.8072967529297,5697300,0.0,0.0
2025-09-08 00:00:00-04:00,145.03220769798736,145.8926906512039,143.985919154155,145.4917755126953,3820800,0.0,0.0
2025-09-09 00:00:00-04:00,145.12998030636967,149.4324547028846,145.06153975117002,148.8457489013672,6673200,0.0,0.0
2025-09-10 00:00:00-04:00,149.51067099651306,151.104543681177,148.06348222522936,150.70362854003906,4945600,0.0,0.0
2025-09-11 00:00:00-04:00,150.967654387204,154.26294721801827,150.6645285081207,153.01132202148438,7399500,0.0,0.0
2025-09-12 00:00:00-04:00,152.58107701680743,153.39268031568747,152.170388887353,152.92332458496094,4341600,0.0,0.0
2025-09-15 00:00:00-04:00,153.8620384254874,154.96697964066294,152.42462262928754,153.1677703857422,4829900,0.0,0.0
2025-09-16 00:00:00-04:00,153.59803823371578,154.0087263802638,151.7792679158316,152.35618591308594,7539500,0.0,0.0
2025-09-17 00:00:00-04:00,153.1677796502539,154.4682994931241,152.1997194879687,153.92071533203125,4604200,0.0,0.0
2025-09-18 00:00:00-04:00,154.39985151484836,156.5902031861962,153.99895125492202,155.7101593017578,4323700,0.0,0.0
2025-09-19 00:00:00-04:00,156.01327489551474,157.5191313122567,154.61496579660167,156.36529541015625,14902000,0.0,0.0
2025-09-22 00:00:00-04:00,155.79815326482225,157.4604665896712,154.33140358044685,157.14756774902344,4421200,0.0,0.0
2025-09-23 00:00:00-04:00,157.0204388566437,160.34506538328657,156.0621666094076,157.19644165039062,5335900,0.0,0.0
2025-09-24 00:00:00-04:00,157.52891857947114,157.89071205235769,154.34117312024728,154.3802947998047,5195200,0.0,0.0
2025-09-25 00:00:00-04:00,153.90115739505413,155.71992763330755,153.15800957963057,155.42657470703125,5351100,0.0,0.0
2025-09-26 00:00:00-04:00,156.02305608929763,158.22318069178144,155.78838568085126,156.5608673095703,5326800,0.0,0.0
2025-09-29 00:00:00-04:00,157.1280179144027,157.74405759956497,156.17951852509435,157.5876007080078,4186000,0.0,0.0
2025-09-30 00:00:00-04:00,157.81248285354567,158.63385907370636,153.36333928018516,155.4363555908203,5547100,0.0,0.0
2025-10-01 00:00:00-04:00,154.38029156667315,154.92787570461704,152.10193869801128,153.4122314453125,5467400,0.0,0.0
2025-10-02 00:00:00-04:00,153.21667031782368,153.52956915009983,150.30273186724762,151.85748291015625,5087400,0.0,0.0
2025-10-03 00:00:00-04:00,153.4513519916377,154.30207699432205,152.6984311945867,154.0967254638672,5182100,0.0,0.0
2025-10-06 00:00:00-04:00,154.4976309255094,155.2114449159558,151.57390456381253,154.58563232421875,4696300,0.0,0.0
2025-10-07 00:00:00-04:00,155.26034298170933,155.7590325059497,151.95526223211968,152.51263427734375,4589700,0.0,0.0
2025-10-08 00:00:00-04:00,153.01131024664068,153.07976572144923,150.60584931863528,152.19970703125,4038600,0.0,0.0
2025-10-09 00:00:00-04:00,152.13127726291273,152.9624264552778,150.42006931795336,152.8059844970703,6092600,0.0,0.0
2025-10-10 00:00:00-04:00,153.3731209636822,154.44872837408835,148.47416779880112,148.4937286376953,5531700,0.0,0.0
2025-10-13 00:00:00-04:00,150.86010473360793,152.17039763921017,149.9507270204894,151.69126892089844,4735800,0.0,0.0
2025-10-14 00:00:00-04:00,151.07521495797496,153.6371329224924,148.51329699345752,151.89659118652344,8023800,0.0,0.0
2025-10-15 00:00:00-04:00,159.31834775204803,163.07323838258478,158.05694955529682,159.0445556640625,13673700,0.0,0.0
2025-10-16 00:00:00-04:00,159.47479442987608,161.09800093372115,155.44612688975104,156.4728546142578,10477500,0.0,0.0
2025-10-17 00:00:00-04:00,157.13777092904417,157.41156299424085,154.35095563960294,155.15277099609375,7965000,0.0,0.0
2025-10-20 00:00:00-04:00,156.64886979487753,159.52370168260387,155.96438956459744,158.379638671875,5741000,0.0,0.0
2025-10-21 00:00:00-04:00,157.8711538741952,158.46763267283546,155.66125639951198,155.7003631591797,4220600,0.0,0.0
2025-10-22 00:00:00-04:00,156.03284499852816,156.19907484579002,153.73493109701144,154.61497497558594,4360200,0.0,0.0
2025-10-23 00:00:00-04:00,155.37766458330395,156.54128829190262,154.3998315401855,155.77857971191406,3735600,0.0,0.0
2025-10-24 00:00:00-04:00,156.96177835047018,161.24467731785623,156.96177835047018,160.2277374267578,5547500,0.0,0.0
2025-10-27 00:00:00-04:00,161.30337344865487,162.9950207300947,161.2446909225878,162.33987426757812,5056000,0.0,0.0
2025-10-28 00:00:00-04:00,162.43763787052825,163.42525889976412,160.73621774111953,161.54782104492188,3601000,0.0,0.0
2025-10-29 00:00:00-04:00,160.66775875680034,162.3398599694983,159.50413494804408,160.3939666748047,4963500,0.0,0.0
2025-10-30 00:00:00-04:00,160.18862779627878,163.29812993497333,159.77792475857456,161.59669494628906,4960500,0.0,0.0
2025-10-31 00:00:00-04:00,160.70145693861468,162.2263133038437,160.26858867569143,161.34091186523438,5323500,1.0,0.0
2025-11-03 00:00:00-05:00,161.63605197436678,161.99021555491922,158.95032024515132,160.99658203125,4719200,0.0,0.0
2025-11-04 00:00:00-05:00,159.69800033214597,164.2234074113226,158.25183355592412,161.3507537841797,5739200,0.0,0.0
2025-11-05 00:00:00-05:00,161.21301271579054,163.2691369371327,159.00934160516837,162.50177001953125,4133000,0.0,0.0
2025-11-06 00:00:00-05:00,161.9016723770955,162.98382799133128,160.0127900103088,160.7703094482422,4292900,0.0,0.0
2025-11-07 00:00:00-05:00,159.57996188217206,159.9636378895589,155.49724025342937,159.72752380371094,6323300,0.0,0.0
2025-11-10 00:00:00-05:00,161.1540011798567,163.36751993975398,161.1540011798567,162.3739013671875,5015400,0.0,0.0
2025-11-11 00:00:00-05:00,162.61982906307864,164.01680338395306,162.10825613907093,163.8003692626953,3237600,0.0,0.0
2025-11-12 00:00:00-05:00,164.803851616373,168.98494253988088,164.803851616373,167.16493225097656,6892900,0.0,0.0
2025-11-13 00:00:00-05:00,166.56480998859908,167.58795586403082,162.4919364333853,162.9248046875,6090900,0.0,0.0
2025-11-14 00:00:00-05:00,161.5376696962334,162.12794734280354,157.34674644201468,161.20318603515625,6691200,0.0,0.0
2025-11-17 00:00:00-05:00,160.60307510779,161.42945179964005,156.18587027193692,156.86468505859375,5727200,0.0,0.0
2025-11-18 00:00:00-05:00,156.06783274030857,159.04870354533898,155.23160851626605,157.23854064941406,4864900,0.0,0.0
2025-11-19 00:00:00-05:00,157.7501131329352,160.26860324279838,157.45497428944512,159.6586456298828,6413600,0.0,0.0
2025-11-20 00:00:00-05:00,161.5376854863172,164.2332649857799,155.9399397988676,156.12686157226562,5258600,0.0,0.0
2025-11-21 00:00:00-05:00,157.1893343785205,157.5139855774408,152.71310483420837,155.60543823242188,9021300,0.0,0.0
2025-11-24 00:00:00-05:00,158.71421645072186,161.79347180821418,156.42199299105903,160.1898956298828,10125700,0.0,0.0
2025-11-25 00:00:00-05:00,160.85885893997562,163.18059472391835,158.0157177267537,162.7477264404297,5561000,0.0,0.0
2025-11-26 00:00:00-05:00,164.27259974901486,166.22050704676363,163.18059657108347,165.217041015625,4844200,0.0,0.0
2025-11-28 00:00:00-05:00,165.2760606818806,167.50925927642456,165.03994661966533,166.90914916992188,2133700,0.0,0.0
2025-12-01 00:00:00-05:00,166.26967168960397,167.0173586804242,165.0104267708771,165.73843383789062,4393500,0.0,0.0
2025-12-02 00:00:00-05:00,166.15161921267074,167.36167180603826,165.95486501225557,166.34837341308594,4338700,0.0,0.0
2025-12-03 00:00:00-05:00,165.8171480417563,171.17877921607487,165.37444730468127,170.9033203125,6223300,0.0,0.0
2025-12-04 00:00:00-05:00,171.4936015310692,173.14635498684257,170.90332386178744,172.05435180664062,4813200,0.0,0.0
2025-12-05 00:00:00-05:00,171.6411694228629,174.4449659325615,171.4739275800626,173.64808654785156,4641600,0.0,0.0
2025-12-08 00:00:00-05:00,174.1203152697777,176.05837517703006,173.2053863486809,173.96290588378906,7271700,0.0,0.0
2025-12-09 00:00:00-05:00,173.91370124101599,177.72094854988723,173.91370124101599,175.9304656982422,4191200,0.0,0.0
2025-12-10 00:00:00-05:00,175.60581584762437,178.3702523395386,174.8679762852394,176.79620361328125,6591200,0.0,0.0
2025-12-11 00:00:00-05:00,177.20938115763914,179.02937629367756,176.58959115939803,177.3667755126953,7598700,0.0,0.0
2025-12-12 00:00:00-05:00,178.2128371214823,178.2128371214823,174.86797055287258,175.51727294921875,4961500,0.0,0.0
2025-12-15 00:00:00-05:00,176.9929547834453,177.96689338175622,174.84829335308027,174.90731811523438,5219000,0.0,0.0
2025-12-16 00:00:00-05:00,175.2418303058862,175.75338829160995,172.83154224849588,173.64808654785156,6840500,0.0,0.0
2025-12-17 00:00:00-05:00,175.16312526821068,176.54041985996273,171.6313366275581,171.9658203125,5796100,0.0,0.0
2025-12-18 00:00:00-05:00,173.68744349578094,174.19901648433617,169.78181137581487,170.15565490722656,7993400,0.0,0.0
2025-12-19 00:00:00-05:00,170.6475421380809,174.81878556123542,170.6475421380809,174.11045837402344,10639400,0.0,0.0
2025-12-22 00:00:00-05:00,174.71056866978245,177.33727573697655,174.53349437849013,176.8453826904297,4574600,0.0,0.0
2025-12-23 00:00:00-05:00,176.91425081392268,177.6520903666081,176.22560356702647,176.589599609375,3514800,0.0,0.0
2025-12-24 00:00:00-05:00,177.23889558864607,179.04905828950018,176.619105583232,178.70472717285156,2648000,0.0,0.0
2025-12-26 00:00:00-05:00,178.90150818191185,179.38355376333567,178.1636686073558,178.92117309570312,2564700,0.0,0.0
2025-12-29 00:00:00-05:00,178.2521934770665,178.75391894911158,176.83553918966453,177.0224609375,2464300,0.0,0.0
2025-12-30 00:00:00-05:00,177.35696247391817,177.45534709156007,175.3697102863552,176.17642211914062,2365500,0.0,0.0
2025-12-31 00:00:00-05:00,176.59944262534046,176.7962118602626,174.52365329254638,174.65155029296875,3098100,0.0,0.0
2026-01-02 00:00:00-05:00,175.6254968205004,179.00972336865595,174.26786721396755,178.95068359375,4509900,0.0,0.0
2026-01-05 00:00:00-05:00,179.2458289735334,185.45351702048987,179.10809951648818,183.5154571533203,6787400,0.0,0.0
2026-01-06 00:00:00-05:00,183.67284747930776,185.75848405566637,182.73825375979814,184.70582580566406,3795600,0.0,0.0
2026-01-07 00:00:00-05:00,184.26313591195768,184.70583664598277,181.3511225081624,181.7938232421875,3532400,0.0,0.0
2026-01-08 00:00:00-05:00,180.92810342899293,183.12194220667942,180.6821569064734,181.68560791015625,3745900,0.0,0.0
2026-01-09 00:00:00-05:00,182.68906892237138,183.88928912030997,182.03976651796842,183.2990264892578,4630900,0.0,0.0
2026-01-12 00:00:00-05:00,181.63642034272772,184.23361487320008,180.9379256532649,183.5449676513672,5635400,0.0,0.0
2026-01-13 00:00:00-05:00,183.9286511951896,183.98767595787072,179.1966275646664,179.79673767089844,6594800,0.0,0.0
2026-01-14 00:00:00-05:00,179.23597303401186,179.39338239612218,176.02882107939186,177.8488311767578,8434000,0.0,0.0
2026-01-15 00:00:00-05:00,178.06528229239154,189.04433865967127,178.06528229239154,188.12940979003906,12957100,0.0,0.0
2026-01-16 00:00:00-05:00,187.4702756456151,189.55589736097167,185.93557174100295,186.02410888671875,8398100,0.0,0.0
2026-01-20 00:00:00-05:00,182.24638125386184,183.67286814533975,178.3407491024634,179.1474609375,11302600,0.0,0.0
2026-01-21 00:00:00-05:00,179.5114473356895,183.39739935194925,179.06874660167736,180.34767150878906,11715800,0.0,0.0
2026-01-22 00:00:00-05:00,181.5380610987941,183.02357281425606,179.30486228540545,180.08206176757812,8966900,0.0,0.0
2026-01-23 00:00:00-05:00,178.92117867485604,178.92117867485604,175.06473884629034,176.09771728515625,8532800,0.0,0.0
2026-01-26 00:00:00-05:00,176.45186991784018,179.48193281140937,175.95997688339165,178.93101501464844,6389800,0.0,0.0
2026-01-27 00:00:00-05:00,179.28517591642625,180.98712158695656,178.2128377087269,179.6983642578125,5138100,0.0,0.0
2026-01-28 00:00:00-05:00,179.48194479867834,180.04269508948144,177.45534776321907,179.38356018066406,5538800,0.0,0.0
2026-01-29 00:00:00-05:00,180.20991782067412,182.02992798123995,176.55024759851656,179.44256591796875,7473400,0.0,0.0
2026-01-30 00:00:00-05:00,178.26543536789356,181.17369836972247,178.02801967433828,180.82748413085938,7434900,1.0,0.0
2026-02-02 00:00:00-05:00,180.63952435809685,183.43898869732035,178.60175546307764,183.1026611328125,6827200,0.0,0.0
2026-02-03 00:00:00-05:00,183.28070054158627,186.64400617247128,176.52439911378264,180.936279296875,7751300,0.0,0.0
2026-02-04 00:00:00-05:00,180.75820887693206,181.66827961012777,176.5738578172018,178.13681030273438,7571900,0.0,0.0
2026-02-05 00:00:00-05:00,176.07926170507253,177.51361222260675,171.3805173618192,173.94256591796875,9571800,0.0,0.0
2026-02-06 00:00:00-05:00,176.959650986948,179.23483539466582,175.5846506643839,178.0181121826172,9139700,0.0,0.0
2026-02-09 00:00:00-05:00,178.04778963687988,181.83646311603255,177.52350990865,180.38232421875,6625900,0.0,0.0
2026-02-10 00:00:00-05:00,179.95697164575293,182.58827226370516,171.6772938250661,175.970458984375,12854500,0.0,0.0
2026-02-11 00:00:00-05:00,177.83016686011447,179.0864518511828,172.41919057550368,174.77349853515625,7777800,0.0,0.0
2026-02-12 00:00:00-05:00,175.51540777826634,176.8607330984377,163.62512225545763,166.24652099609375,14436700,0.0,0.0
2026-02-13 00:00:00-05:00,165.3166643441612,169.63951953572123,161.8247564912253,169.3031768798828,9162400,0.0,0.0
2026-02-17 00:00:00-05:00,170.68807594506097,172.32026533092574,169.0163097325761,169.68896484375,6376900,0.0,0.0
2026-02-18 00:00:00-05:00,171.61793877391642,175.3967107126123,171.5783619464599,174.68447875976562,6343300,0.0,0.0
2026-02-19 00:00:00-05:00,173.2699176966276,174.37782736617783,170.66829221101892,172.48843383789062,7259500,0.0,0.0
2026-02-20 00:00:00-05:00,171.57835498901392,173.53698523285186,169.70874996213757,173.5172119140625,4272600,0.0,0.0
2026-02-23 00:00:00-05:00,172.08288053000146,173.7249567260527,164.81218512076038,165.00013732910156,7795500,0.0,0.0
2026-02-24 00:00:00-05:00,163.68446096510604,168.48213201650447,162.33913573892988,166.9686279296875,7413800,0.0,0.0
2026-02-25 00:00:00-05:00,168.85802838039396,172.16198389589962,167.81935557264353,171.85533142089844,7098500,0.0,0.0
2026-02-26 00:00:00-05:00,172.9929461655883,175.91111090144753,172.5675782710383,175.5747833251953,6901600,0.0,0.0
2026-02-27 00:00:00-05:00,172.12242495898474,172.25102700315827,162.62600926842057,164.71324157714844,12400400,0.0,0.0
2026-03-02 00:00:00-05:00,160.88499914039858,167.76990247524796,160.40028115194346,165.1979522705078,9212600,0.0,0.0
2026-03-03 00:00:00-05:00,160.70695557224286,165.51451355507885,158.22403047547957,164.15928649902344,7495500,0.0,0.0
2026-03-04 00:00:00-05:00,165.77169799804688,167.37421225028714,164.72313854440145,165.77169799804688,5307800,0.0,0.0
2026-03-05 00:00:00-05:00,163.59543886170016,166.15748732606957,158.77797930675902,160.7959747314453,7274900,0.0,0.0
2026-03-06 00:00:00-05:00,157.7887796049384,158.61972693901535,153.67368013822457,158.54058837890625,8046000,0.0,0.0
2026-03-09 00:00:00-04:00,156.21594464590174,160.10354538731005,152.40749756091878,158.71864318847656,7480800,0.0,0.0
2026-03-10 00:00:00-04:00,160.0936460025771,161.7159488181472,158.13501561290843,159.01541137695312,4314600,0.0,0.0
2026-03-11 00:00:00-04:00,158.27350438212432,160.01450749643814,156.14671020464456,159.15390014648438,5463200,0.0,0.0
2026-03-12 00:00:00-04:00,152.70423889160156,154.56395725542248,151.15118809805003,152.70423889160156,11195700,0.0,0.0
2026-03-13 00:00:00-04:00,153.21864095310988,155.54328904421342,152.19975649466124,153.1988525390625,6001900,0.0,0.0
2026-03-16 00:00:00-04:00,154.77170625005255,157.37331665567172,153.1197133024641,154.0198974609375,5498100,0.0,0.0
2026-03-17 00:00:00-04:00,155.60264282894298,158.90659862762,155.60264282894298,156.12692260742188,6528600,0.0,0.0
2026-03-18 00:00:00-04:00,155.32564856339138,158.90658140044437,154.83104391322885,157.21502685546875,9140900,0.0,0.0
2026-03-19 00:00:00-04:00,155.29599281899522,157.89760333861622,154.8409498427943,156.8391571044922,6418300,0.0,0.0
2026-03-20 00:00:00-04:00,156.65120398139442,161.37962379018737,155.55318092404738,159.72764587402344,14621300,0.0,0.0
2026-03-23 00:00:00-04:00,164.4659437496652,166.32566218778305,162.3886131376435,162.54689025878906,10128400,0.0,0.0
2026-03-24 00:00:00-04:00,160.68715856012133,165.31665076555714,160.4794179689942,164.08013916015625,6016200,0.0,0.0
2026-03-25 00:00:00-04:00,165.00011808843186,166.98842339369088,162.23032896531865,163.86251831054688,6444600,0.0,0.0
2026-03-26 00:00:00-04:00,162.87331869954158,164.5351983101601,160.72673615201802,161.46864318847656,6175700,0.0,0.0
2026-03-27 00:00:00-04:00,159.2627148467662,159.49022878447443,155.6323181270836,156.68087768554688,6368400,0.0,0.0
2026-03-30 00:00:00-04:00,158.42187855147822,159.50012826343578,155.52350226968227,156.6610870361328,6261600,0.0,0.0
2026-03-31 00:00:00-04:00,159.7573095131689,163.50640629623734,157.9272661838773,162.794189453125,8081700,0.0,0.0
2026-04-01 00:00:00-04:00,167.08734626087653,167.46323553035847,161.4389545240532,164.3769073486328,7117000,0.0,0.0
2026-04-02 00:00:00-04:00,160.24202591164268,165.197959255416,158.83735046459964,164.0207977294922,5107500,0.0,0.0
2026-04-06 00:00:00-04:00,164.09005441225477,165.8211708022278,163.65479987628532,164.75282287597656,3674800,0.0,0.0
2026-04-07 00:00:00-04:00,163.90210944800245,167.07746319925505,163.50641662778528,166.61253356933594,6036400,0.0,0.0
2026-04-08 00:00:00-04:00,174.9911299601787,179.30408337881448,172.60714687120964,174.12063598632812,7662600,0.0,0.0
2026-04-09 00:00:00-04:00,173.2798073133838,177.06848109446693,172.91380466861978,176.237548828125,5298900,0.0,0.0
2026-04-10 00:00:00-04:00,176.73214227279465,176.73214227279465,172.8148666900626,175.72314453125,4240100,0.0,0.0
2026-04-13 00:00:00-04:00,173.86342795539753,179.2249407604526,173.12152095128985,179.1853790283203,6282900,0.0,0.0
2026-04-14 00:00:00-04:00,180.89670371235155,182.59814495210784,179.78879410288656,181.36163330078125,8803600,0.0,0.0
2026-04-15 00:00:00-04:00,186.4560768514262,192.49024486347278,185.89222027360748,189.5522918701172,9853800,0.0,0.0
2026-04-16 00:00:00-04:00,188.86973738271382,190.43268999541436,184.65571090902003,185.2987060546875,9138100,0.0,0.0
2026-04-17 00:00:00-04:00,187.4551715914685,189.1566128788798,186.1988714921753,186.7825164794922,6846100,0.0,0.0
2026-04-20 00:00:00-04:00,186.8814205543121,190.12602587525458,185.99113821525128,188.6422119140625,4905200,0.0,0.0
2026-04-21 00:00:00-04:00,188.73123746535532,191.05588537968532,186.67369538501003,187.2672119140625,5154900,0.0,0.0
2026-04-22 00:00:00-04:00,189.61164072237642,190.15570888301386,187.77172582408085,188.9884490966797,4492100,0.0,0.0
2026-04-23 00:00:00-04:00,188.6026545204146,189.6907757271636,184.88321777857797,186.6143341064453,3814400,0.0,0.0
2026-04-24 00:00:00-04:00,186.7528204598824,187.01002454274916,185.10084271050724,186.0406036376953,4530600,0.0,0.0
2026-04-27 00:00:00-04:00,185.84275174187505,188.5334023233126,185.72405145256167,188.12782287597656,4163600,0.0,0.0
2026-04-28 00:00:00-04:00,189.24563881037693,190.57117572012473,186.62424006392519,188.30589294433594,4107100,0.0,0.0
2026-04-29 00:00:00-04:00,187.95965532639963,188.454259980787,183.25102445052087,185.061279296875,5107600,0.0,0.0
2026-04-30 00:00:00-04:00,184.5839132392742,189.6858180266641,183.88773334574003,189.5465850830078,5664900,1.0,0.0
2026-05-01 00:00:00-04:00,189.44714639911598,192.44066235036385,187.73656151975916,189.12889099121094,4742700,0.0,0.0
2026-05-04 00:00:00-04:00,188.89019981614604,189.30791383367693,186.0955859015774,186.980712890625,3833000,0.0,0.0
2026-05-05 00:00:00-04:00,188.30343186482295,189.40735564397124,186.9210421932096,188.21392822265625,4807900,0.0,0.0
2026-05-06 00:00:00-04:00,191.11794080576675,193.76338196350255,191.11794080576675,192.29148864746094,6319500,0.0,0.0
2026-05-07 00:00:00-04:00,192.1025273609046,193.18655639048154,188.63162829779915,189.12889099121094,5761900,0.0,0.0
2026-05-08 00:00:00-04:00,189.8350054037188,192.44065698851605,189.4272463644215,192.03289794921875,5873400,0.0,0.0
2026-05-11 00:00:00-04:00,191.30689898156186,192.60972477597238,188.99959286073354,190.05380249023438,5272500,0.0,0.0
2026-05-12 00:00:00-04:00,189.15871833126158,191.3267914830583,185.4292482727775,190.82952880859375,5333300,0.0,0.0
2026-05-13 00:00:00-04:00,189.66594547522143,193.88272345381486,188.56202167558428,192.76885986328125,4463700,0.0,0.0
2026-05-14 00:00:00-04:00,194.5490559106564,196.41876853813852,192.3511632519918,193.46502685546875,4785000,0.0,0.0
2026-05-15 00:00:00-04:00,192.81857999695967,193.36555680006012,190.06374052434742,191.45606994628906,5937700,0.0,0.0
2026-05-18 00:00:00-04:00,191.5654772563961,193.7434903054849,190.09358391681334,191.63510131835938,3770200,0.0,0.0
2026-05-19 00:00:00-04:00,190.50134579318262,191.78427689815405,187.90563385963256,188.54212951660156,6357900,0.0,0.0
2026-05-20 00:00:00-04:00,190.90909641401922,196.98564702255314,189.04932365575573,196.68728637695312,7201100,0.0,0.0
2026-05-21 00:00:00-04:00,196.72706174768393,199.65096877446373,195.82204001553725,199.4122772216797,5817400,0.0,0.0
2026-05-22 00:00:00-04:00,200.02888670479356,201.97814787514264,199.5316240342603,199.92942810058594,3734200,0.0,0.0
2026-05-26 00:00:00-04:00,201.739485514411,202.80361981211533,198.77578886604934,200.6554412841797,5567400,0.0,0.0
2026-05-27 00:00:00-04:00,200.9438496848642,201.4212176030388,195.93143343064727,200.50625610351562,6731500,0.0,0.0
2026-05-28 00:00:00-04:00,198.8255081197203,203.26109790175218,198.58681657026588,202.67431640625,6174800,0.0,0.0
2026-05-29 00:00:00-04:00,202.88318076500525,206.94084620133575,202.60471486817158,206.8612823486328,8255500,0.0,0.0
2026-06-01 00:00:00-04:00,206.47341710283104,210.94878136385503,205.46895192067012,209.85479736328125,6431200,0.0,0.0
2026-06-02 00:00:00-04:00,209.10889395857558,215.84183480559494,209.10889395857558,213.8030548095703,7664400,0.0,0.0
2026-06-03 00:00:00-04:00,211.68473344831463,212.3212290852418,207.64694765362478,208.98956298828125,5957300,0.0,0.0
2026-06-04 00:00:00-04:00,210.84931941991988,217.96018496068095,209.99402698988544,217.07505798339844,5565300,0.0,0.0
2026-06-05 00:00:00-04:00,217.124791987806,217.124791987806,210.0039865022202,210.76976013183594,6171000,0.0,0.0
2026-06-08 00:00:00-04:00,212.10242385267432,214.71801518191774,210.5808012940424,211.07806396484375,4732000,0.0,0.0
2026-06-09 00:00:00-04:00,213.24612210399619,214.06164016891447,204.93188963422506,209.0989532470703,7841100,0.0,0.0
2026-06-10 00:00:00-04:00,207.7961267887196,209.08901276465684,204.70315237697267,205.5286102294922,5362800,0.0,0.0
2026-06-11 00:00:00-04:00,207.64694973266336,211.66484081088794,205.86675595968856,211.4957733154297,4631500,0.0,0.0
2026-06-12 00:00:00-04:00,213.87269020455733,216.42861259022465,211.4957751066843,212.8682098388672,4694300,0.0,0.0
2026-06-15 00:00:00-04:00,217.56236492872551,219.39230314650786,215.66283300128336,216.78663635253906,5862500,0.0,0.0
2026-06-16 00:00:00-04:00,219.30277732183333,221.08298617907408,217.3932904895279,219.62103271484375,5091700,0.0,0.0
2026-06-17 00:00:00-04:00,220.89403588780377,226.8214139136772,220.1481418422381,223.7284393310547,8689700,0.0,0.0
2026-06-18 00:00:00-04:00,227.83581534919364,229.20826522778944,221.66976103671365,221.94822692871094,11933200,0.0,0.0
2026-06-22 00:00:00-04:00,225.46884667114435,226.980514262853,223.75826187109027,225.8467559814453,6870800,0.0,0.0
2026-06-23 00:00:00-04:00,221.29183840998826,226.70205894359503,220.90397411604786,224.79257202148438,6052800,0.0,0.0
2026-06-24 00:00:00-04:00,223.37039712081355,225.25998919406234,218.60661225075364,218.65634155273438,6971000,0.0,0.0
2026-06-25 00:00:00-04:00,221.76921636056173,226.23462553233935,219.6409326888123,219.8298797607422,5257200,0.0,0.0
2026-06-26 00:00:00-04:00,218.49722482804674,218.54695413252455,210.20288672965125,210.8692169189453,9919100,0.0,0.0
2026-06-29 00:00:00-04:00,213.15662491524927,215.81200583887232,210.53107853878186,210.5609130859375,5426400,0.0,0.0
2026-06-30 00:00:00-04:00,209.01940267083782,210.55098029358112,207.0402916506318,207.8955841064453,5599400,0.0,0.0
2026-07-01 00:00:00-04:00,207.81603197792077,212.022870124631,205.58828964330488,210.7001495361328,4690000,0.0,0.0
2026-07-02 00:00:00-04:00,213.53454806820955,214.67824616931503,210.3918442687465,212.75880432128906,3745300,0.0,0.0
2026-07-06 00:00:00-04:00,215.81200870101335,220.92386857659866,215.18545285192943,220.88409423828125,4567700,0.0,0.0
2026-07-07 00:00:00-04:00,220.32713918087728,222.03772399549212,218.61656954151493,220.82440185546875,5413300,0.0,0.0
2026-07-08 00:00:00-04:00,218.7955863917384,219.7006081411468,214.91694343034976,216.87615966796875,4108300,0.0,0.0
2026-07-09 00:00:00-04:00,219.7901066473447,223.21127634627592,218.8055210685031,220.91392517089844,4073100,0.0,0.0
2026-07-10 00:00:00-04:00,222.68417628041843,223.51957393805955,219.64093111668814,221.06309509277344,3617600,0.0,0.0
2026-07-13 00:00:00-04:00,221.2421182163834,222.22668861041552,217.55242245444484,219.87960815429688,4550300,0.0,0.0
2026-07-14 00:00:00-04:00,223.0919331762832,230.83927895414686,222.87313638587088,226.423583984375,9306200,0.0,0.0
2026-07-15 00:00:00-04:00,221.4808027104525,230.9785232797176,220.00890937306926,227.2987823486328,10865600,0.0,0.0
2026-07-16 00:00:00-04:00,226.98052023626562,226.98052023626562,214.60862224411184,217.17449951171875,8313700,0.0,0.0
2026-07-17 00:00:00-04:00,213.22623695121547,217.18445891855833,206.26455924063143,214.32022094726562,7852200,0.0,0.0
2026-07-20 00:00:00-04:00,214.34011484382364,218.5370131750945,209.19842043353034,209.78518676757812,6816500,0.0,0.0
2026-07-21 00:00:00-04:00,212.4902964246674,216.20981163531252,211.08801199620083,215.2152862548828,6999500,0.0,0.0
2026-07-22 00:00:00-04:00,214.34010596129536,218.42760572400908,214.34010596129536,217.3037872314453,3683200,0.0,0.0
2026-07-23 00:00:00-04:00,213.71356269477127,216.07058303774656,212.54996979728017,214.00196838378906,4962100,0.0,0.0
2026-07-24 00:00:00-04:00,215.21528831931275,215.21528831931275,210.05371429258335,213.30580139160156,4091300,0.0,0.0
2026-07-27 00:00:00-04:00,216.82642517119208,218.19885986106763,209.73545443503264,213.38536071777344,4958100,0.0,0.0
2026-07-28 00:00:00-04:00,212.5797948371522,212.5797948371522,206.15515436051822,210.4216766357422,6021000,0.0,0.0
2026-07-29 00:00:00-04:00,210.9288832002707,211.18746951000438,201.82898208659455,202.0179443359375,6722300,0.0,0.0
2026-07-30 00:00:00-04:00,206.36402105925023,209.9940327089863,204.1760682083715,208.91000366210938,6832900,0.0,0.0
2026-07-31 00:00:00-04:00,210.6999969482422,213.4600067138672,208.69000244140625,210.4199981689453,4723000,1.15,0.0
2026-08-03 00:00:00-04:00,211.4600067138672,211.69000244140625,208.00999450683594,211.22999572753906,4982600,0.0,0.0
2026-08-04 00:00:00-04:00,213.6699981689453,218.75999450683594,211.50999450683594,217.0399932861328,8932800,0.0,0.0
2026-08-05 00:00:00-04:00,218.13999938964844,220.1199951171875,217.1199951171875,218.27000427246094,4344100,0.0,0.0
2026-08-06 00:00:00-04:00,219.00999450683594,219.77999877929688,213.5399932861328,213.75,3588000,0.0,0.0
2026-08-07 00:00:00-04:00,213.74000549316406,216.47000122070312,211.81080627441406,216.3300018310547,5224584,0.0,0.0
