Date,Open,High,Low,Close,Volume,Dividends,Stock Splits
2021-08-16 00:00:00-04:00,281.3735085609403,282.93781903888737,278.3312568029692,282.7266845703125,22507600,0.0,0.0
2021-08-17 00:00:00-04:00,280.605689106435,281.60375243417633,279.34845967777284,281.2678527832031,20075300,0.0,0.0
2021-08-18 00:00:00-04:00,280.8063292983416,283.4793919946404,279.10439575220477,279.5467224121094,21813000,0.56,0.0
2021-08-19 00:00:00-04:00,277.5851900644903,286.02745550252456,277.5371251128301,285.3543701171875,29850500,0.0,0.0
2021-08-20 00:00:00-04:00,288.19099349843,294.07557732948726,286.5948434162002,292.6524963378906,40817600,0.0,0.0
2021-08-23 00:00:00-04:00,291.5851633028545,293.6524553767425,290.23902167406834,292.9313049316406,22830200,0.0,0.0
2021-08-24 00:00:00-04:00,293.28707625697854,293.892847343343,290.38325427792677,290.9794006347656,18175800,0.0,0.0
2021-08-25 00:00:00-04:00,292.5947749618287,292.8736280290071,288.86404781166596,290.39288330078125,20006100,0.0,0.0
2021-08-26 00:00:00-04:00,289.41214454966746,290.79675602594824,287.4506360780136,287.5852355957031,17666100,0.0,0.0
2021-08-27 00:00:00-04:00,287.4890486022759,289.29673726337023,285.4121315880625,288.19097900390625,22605700,0.0,0.0
2021-08-30 00:00:00-04:00,289.53711917376893,292.51788050210155,289.47942948011064,291.912109375,16348100,0.0,0.0
2021-08-31 00:00:00-04:00,292.71015705794855,292.78706685723137,289.9024652133177,290.2678527832031,26285300,0.0,0.0
2021-09-01 00:00:00-04:00,291.2197911507648,293.4505570216653,289.89286956645867,290.21978759765625,18983800,0.0,0.0
2021-09-02 00:00:00-04:00,290.5756073825475,291.69096108011354,288.6332897832502,289.56597900390625,16285600,0.0,0.0
2021-09-03 00:00:00-04:00,289.41214289266503,290.96022807123313,288.71024177108217,289.556396484375,14747900,0.0,0.0
2021-09-07 00:00:00-04:00,289.4312987154951,289.50820850832446,286.7293910832392,288.6332092285156,17180400,0.0,0.0
2021-09-08 00:00:00-04:00,288.24856538239777,289.0466254254841,286.0274249293561,288.6620178222656,15046800,0.0,0.0
2021-09-09 00:00:00-04:00,289.24866239641324,290.5178943078141,285.5755955060056,285.81597900390625,19927000,0.0,0.0
2021-09-10 00:00:00-04:00,286.9410448865193,288.3833461664702,284.0179727429177,284.33526611328125,19633400,0.0,0.0
2021-09-13 00:00:00-04:00,286.1044357072228,287.0563743400453,282.7679114864811,285.56597900390625,23652900,0.0,0.0
2021-09-14 00:00:00-04:00,288.0370763979121,289.79669976756344,286.63324519977493,288.25823974609375,21853400,0.0,0.0
2021-09-15 00:00:00-04:00,291.59476661194844,293.5755240081629,290.21015551156955,293.0947570800781,28356300,0.0,0.0
2021-09-16 00:00:00-04:00,292.07553887775646,293.565904644582,289.19093725653136,293.4793701171875,19550800,0.0,0.0
2021-09-17 00:00:00-04:00,292.4697261505993,292.787019368745,288.00819558001365,288.3351135253906,41372500,0.0,0.0
2021-09-20 00:00:00-04:00,284.9313439067863,287.2294241436648,278.3833000222743,282.97943115234375,38278700,0.0,0.0
2021-09-21 00:00:00-04:00,284.3159844038209,286.09482813249366,282.7583040538949,283.460205078125,22364100,0.0,0.0
2021-09-22 00:00:00-04:00,285.3159733040297,288.6717173261203,283.18136680799097,287.09478759765625,26626300,0.0,0.0
2021-09-23 00:00:00-04:00,287.35442848279695,289.32556135418525,286.085196618995,288.037109375,18604600,0.0,0.0
2021-09-24 00:00:00-04:00,286.7582613035244,288.26784720291187,285.50824964587054,287.8351745605469,14999000,0.0,0.0
2021-09-27 00:00:00-04:00,284.7486847699523,285.0659780697312,281.67176431973326,282.8544616699219,23571700,0.0,0.0
2021-09-28 00:00:00-04:00,278.65259987175267,279.59491395300205,271.8737954883022,272.6141662597656,43186200,0.0,0.0
2021-09-29 00:00:00-04:00,274.1333156978042,275.73906084869554,272.123713405147,273.07562255859375,26353700,0.0,0.0
2021-09-30 00:00:00-04:00,274.7199691824417,276.7584172965401,270.78729723709154,271.0757751464844,32343600,0.0,0.0
2021-10-01 00:00:00-04:00,271.26797413672585,278.8256468235506,270.4699138080857,277.9794921875,30086300,0.0,0.0
2021-10-04 00:00:00-04:00,276.3448682644361,276.6814110362589,269.4699059701531,272.2198791503906,31350700,0.0,0.0
2021-10-05 00:00:00-04:00,273.1237713059689,279.22951920014657,273.1237713059689,277.6526184082031,24993000,0.0,0.0
2021-10-06 00:00:00-04:00,274.7871740588591,282.3352215175468,274.5275704532508,281.835205078125,28002600,0.0,0.0
2021-10-07 00:00:00-04:00,283.82556353271264,285.2294241243567,282.61405079814455,283.5082702636719,20430500,0.0,0.0
2021-10-08 00:00:00-04:00,284.8255669837104,285.2294241243567,282.4602018561691,283.5082702636719,17685700,0.0,0.0
2021-10-11 00:00:00-04:00,281.6524720234435,286.5082056038626,281.48899837875047,282.9120788574219,19298600,0.0,0.0
2021-10-12 00:00:00-04:00,283.97947083828177,284.0756301147398,281.10449333744236,281.6141052246094,17974100,0.0,0.0
2021-10-13 00:00:00-04:00,283.56602852194857,285.8448596726452,282.2006371715357,284.91217041015625,23416300,0.0,0.0
2021-10-14 00:00:00-04:00,287.700592428169,291.6044182903468,286.3736707555064,291.10443115234375,27262900,0.0,0.0
2021-10-15 00:00:00-04:00,290.71014559366176,292.7389973101157,288.96014691464524,292.5082092285156,25384800,0.0,0.0
2021-10-18 00:00:00-04:00,291.89287998601975,296.3543824347761,291.04672538099135,295.46978759765625,22729300,0.0,0.0
2021-10-19 00:00:00-04:00,296.48897556115827,297.402415134152,295.4024375898514,296.37359619140625,17682100,0.0,0.0
2021-10-20 00:00:00-04:00,297.3159240470741,297.787095667317,294.3351627369978,295.5851745605469,16537100,0.0,0.0
2021-10-21 00:00:00-04:00,295.35446184191204,299.0563448955344,294.57559217346744,298.8063659667969,16918100,0.0,0.0
2021-10-22 00:00:00-04:00,298.4601455444869,299.1236063471209,295.96015129406624,297.2678527832031,17449300,0.0,0.0
2021-10-25 00:00:00-04:00,297.46010317986077,297.4985727507945,294.6716608327069,296.2774353027344,17554500,0.0,0.0
2021-10-26 00:00:00-04:00,299.03708430610516,300.3832260837612,296.7294084953105,298.1813049316406,28107300,0.0,0.0
2021-10-27 00:00:00-04:00,303.8447708537641,313.55627098080305,303.8447708537641,310.7389831542969,52588700,0.0,0.0
2021-10-28 00:00:00-04:00,311.854316213441,312.37355280117015,308.9985589964651,311.8735656738281,26297900,0.0,0.0
2021-10-29 00:00:00-04:00,311.66195187331414,319.22921810139104,311.44078853801216,318.86383056640625,34766000,0.0,0.0
2021-11-01 00:00:00-04:00,318.6139440700778,318.73894820543626,313.8158980182633,316.70050048828125,27073200,0.0,0.0
2021-11-02 00:00:00-04:00,317.60426323174084,320.6234937918966,317.3061900673543,320.3157958984375,26487100,0.0,0.0
2021-11-03 00:00:00-04:00,321.05621499337065,322.017749048064,317.93122931561726,321.1523742675781,21500100,0.0,0.0
2021-11-04 00:00:00-04:00,320.0851008365663,323.59469443504923,316.8351108815185,323.49853515625,23992200,0.0,0.0
2021-11-05 00:00:00-04:00,325.48885700223303,325.75808532637757,321.5561867864097,323.1330871582031,22570100,0.0,0.0
2021-11-08 00:00:00-05:00,324.3254474977967,324.6619903091156,321.57547399482706,324.0273742675781,20897000,0.0,0.0
2021-11-09 00:00:00-05:00,324.1426973147689,325.69078224022303,321.6619526233949,323.02734375,21307400,0.0,0.0
2021-11-10 00:00:00-05:00,321.7004414585655,321.75813115179415,317.22931417120816,318.075439453125,25500900,0.0,0.0
2021-11-11 00:00:00-05:00,318.50812767039145,320.9311827118845,317.7966019223306,319.6427307128906,16849800,0.0,0.0
2021-11-12 00:00:00-05:00,321.07541697774906,324.258091880674,320.9504128741325,323.7677001953125,23831000,0.0,0.0
2021-11-15 00:00:00-05:00,324.5561561818509,324.88307418193443,321.18116285112575,323.1427001953125,16723000,0.0,0.0
2021-11-16 00:00:00-05:00,322.76774755560007,327.5658224885891,322.6043031971898,326.450439453125,20886800,0.0,0.0
2021-11-17 00:00:00-05:00,326.4985808420445,329.62928356256526,325.59308293416547,326.6719665527344,19053400,0.62,0.0
2021-11-18 00:00:00-05:00,325.7664394516795,329.87971962558396,324.7453511615108,328.7430114746094,22463500,0.0,0.0
2021-11-19 00:00:00-05:00,330.06278336471644,332.43247631359634,329.6389320213559,330.5155029296875,21963400,0.0,0.0
2021-11-22 00:00:00-05:00,331.9700164889101,336.83466359463443,327.086114106962,327.3558349609375,31031100,0.0,0.0
2021-11-23 00:00:00-05:00,324.6779411746802,326.9898682292672,321.31605752223925,325.2848205566406,30427600,0.0,0.0
2021-11-24 00:00:00-05:00,323.9361753313232,325.74717091105794,321.65317557932343,325.50634765625,21661300,0.0,0.0
2021-11-26 00:00:00-05:00,322.07705238453224,325.5256287318422,316.0757258160542,317.5784606933594,24217200,0.0,0.0
2021-11-29 00:00:00-05:00,322.645469424935,326.58533560623965,322.45279900050696,324.2734375,28563500,0.0,0.0
2021-11-30 00:00:00-05:00,323.0114652960252,325.38115820776426,316.9138032094252,318.455078125,42885600,0.0,0.0
2021-12-01 00:00:00-05:00,322.82848542960454,326.8261467091806,317.29919134448687,317.9638366699219,33337600,0.0,0.0
2021-12-02 00:00:00-05:00,318.17565068248877,321.2485575549812,315.76741829949276,317.3953857421875,30766000,0.0,0.0
2021-12-03 00:00:00-05:00,319.80361098974385,320.4875701373592,306.3560498943982,311.15325927734375,41779300,0.0,0.0
2021-12-06 00:00:00-05:00,312.058785775437,315.43031134746263,307.51204154241043,314.216552734375,30032600,0.0,0.0
2021-12-07 00:00:00-05:00,319.46652904482426,323.4738023613807,317.9830494801912,322.6261291503906,31021900,0.0,0.0
2021-12-08 00:00:00-05:00,323.0017714613644,323.1847994820111,318.6573106513333,322.67425537109375,24761000,0.0,0.0
2021-12-09 00:00:00-05:00,322.13489763920364,324.1385346542755,319.9289478765384,320.87298583984375,22214200,0.0,0.0
2021-12-10 00:00:00-05:00,322.68390724843727,330.40950670555475,322.50087922237924,329.9664001464844,38095700,0.0,0.0
2021-12-13 00:00:00-05:00,328.17469493292174,331.1705518397965,326.6334200526802,326.9416809082031,28899400,0.0,0.0
2021-12-14 00:00:00-05:00,320.98850283752,322.3563918673137,312.2128880966609,316.2876281738281,44438700,0.0,0.0
2021-12-15 00:00:00-05:00,316.5477892500862,322.8862754673856,312.5886679972872,322.3660888671875,35381100,0.0,0.0
2021-12-16 00:00:00-05:00,323.38713456911813,324.3986100132093,311.16294216598374,312.97393798828125,35034800,0.0,0.0
2021-12-17 00:00:00-05:00,309.101507137352,312.993219650069,305.6047483392989,311.914306640625,47750300,0.0,0.0
2021-12-20 00:00:00-05:00,308.301990542722,310.95104695993683,305.9130421153367,308.1671447753906,28326500,0.0,0.0
2021-12-21 00:00:00-05:00,311.42304210587787,315.7000659257097,308.06112911488344,315.2762145996094,24740600,0.0,0.0
2021-12-22 00:00:00-05:00,316.24913921677904,321.36422365049356,313.7927533668709,320.96929931640625,24831500,0.0,0.0
2021-12-23 00:00:00-05:00,320.5357502177873,324.0421508973986,320.5164949405719,322.404541015625,19617800,0.0,0.0
2021-12-27 00:00:00-05:00,323.14623175015856,329.9085668008936,323.1173341387181,329.8796691894531,19947000,0.0,0.0
2021-12-28 00:00:00-05:00,330.5540058070814,331.18978275080303,327.827899397402,328.7237548828125,15661500,0.0,0.0
2021-12-29 00:00:00-05:00,328.7718159079091,331.66169426419555,327.2112862990925,329.3979797363281,15042000,0.0,0.0
2021-12-30 00:00:00-05:00,329.3595803926416,330.53479926844375,326.38300794269304,326.8646545410156,15994500,0.0,0.0
2021-12-31 00:00:00-05:00,326.0843763307589,326.9031519971822,323.52201300272316,323.9747619628906,18000800,0.0,0.0
2022-01-03 00:00:00-05:00,323.04041472203403,325.59313609299153,317.6748639742431,322.4624328613281,28865100,0.0,0.0
2022-01-04 00:00:00-05:00,322.5394495565749,322.895892734741,314.14917400711465,316.93310546875,32674300,0.0,0.0
2022-01-05 00:00:00-05:00,313.89866197929246,314.1009746877151,304.3813512536725,304.76666259765625,40054300,0.0,0.0
2022-01-06 00:00:00-05:00,301.6551839949287,307.00147755160896,300.0561141565579,302.3583984375,39646100,0.0,0.0
2022-01-07 00:00:00-05:00,302.6184908441429,304.88223527940386,298.70752360593445,302.5125427246094,32720000,0.0,0.0
2022-01-10 00:00:00-05:00,298.129650836542,303.16768566294945,293.5058544945222,302.73419189453125,44289500,0.0,0.0
2022-01-11 00:00:00-05:00,301.8768462438373,304.98826465644487,298.51496217670007,303.4181213378906,29386800,0.0,0.0
2022-01-12 00:00:00-05:00,307.9359447652065,311.5386518627093,305.4409895513784,306.5873107910156,34372200,0.0,0.0
2022-01-13 00:00:00-05:00,308.7065085650938,309.10146222236773,292.8410716956861,293.6116943359375,45366000,0.0,0.0
2022-01-14 00:00:00-05:00,293.0819018422109,299.41074404993253,292.6002553313774,298.8135070800781,39846400,0.0,0.0
2022-01-18 00:00:00-05:00,292.90847722270786,298.4281266889173,290.66398831801524,291.54058837890625,42333200,0.0,0.0
2022-01-19 00:00:00-05:00,295.0470782257124,302.3873676008085,291.58885921501854,292.1957092285156,45933900,0.0,0.0
2022-01-20 00:00:00-05:00,297.725037240553,300.21032076889657,290.0861291978272,290.52923583984375,35380700,0.0,0.0
2022-01-21 00:00:00-05:00,291.5792015826187,292.94706137271686,284.7590697196657,285.1636657714844,57984400,0.0,0.0
2022-01-24 00:00:00-05:00,281.47429461593225,286.2040385232011,265.9170853754429,285.4912109375,85731500,0.0,0.0
2022-01-25 00:00:00-05:00,280.81919810306823,284.1618263856482,274.70231034504417,277.9004211425781,72848600,0.0,0.0
2022-01-26 00:00:00-05:00,296.68467202710303,297.1759609807795,282.27381356056463,285.8187255859375,90428900,0.0,0.0
2022-01-27 00:00:00-05:00,291.55029488282537,296.019959606394,286.9939079100606,288.83380126953125,53481300,0.0,0.0
2022-01-28 00:00:00-05:00,289.2095201733317,297.1566888577396,283.64168680427184,296.94476318359375,49743700,0.0,0.0
2022-01-31 00:00:00-05:00,297.6093663560582,300.9134540935953,295.12405410178434,299.5648498535156,46444500,0.0,0.0
2022-02-01 00:00:00-05:00,299.01581936187534,299.2277450230752,293.9296328904505,297.4263916015625,40950400,0.0,0.0
2022-02-02 00:00:00-05:00,298.2644877997953,303.5529582305001,297.5420178765897,301.9538879394531,36636000,0.0,0.0
2022-02-03 00:00:00-05:00,298.12954152402045,299.80569133626227,288.9493603987936,290.1920166015625,43730000,0.0,0.0
2022-02-04 00:00:00-05:00,289.1902496798736,297.4649349215722,288.95906871396625,294.7099304199219,35096500,0.0,0.0
2022-02-07 00:00:00-05:00,294.9314053394683,296.5400880483696,288.89153993542556,289.90301513671875,28533300,0.0,0.0
2022-02-08 00:00:00-05:00,290.19208646707324,294.3438779498826,288.93981702301244,293.3805847167969,32421200,0.0,0.0
2022-02-09 00:00:00-05:00,298.49559837334124,300.47997960930934,296.10665053831843,299.7864074707031,31284700,0.0,0.0
2022-02-10 00:00:00-05:00,292.8796487217257,297.77316484125447,289.66225322547234,291.28057861328125,45386200,0.0,0.0
2022-02-11 00:00:00-05:00,292.0607612603431,293.1203892737895,283.42002322831956,284.2099304199219,39175600,0.0,0.0
2022-02-14 00:00:00-05:00,282.9866778986781,285.86694501610634,280.655524445543,284.1715393066406,36359500,0.0,0.0
2022-02-15 00:00:00-05:00,288.9975672412042,289.7585476106749,286.11730093278925,289.440673828125,27058300,0.0,0.0
2022-02-16 00:00:00-05:00,288.0120371225755,290.42524925713894,283.484848801482,289.1028137207031,29982100,0.62,0.0
2022-02-17 00:00:00-05:00,286.07179689190673,286.4965245719969,279.9325995384942,280.63726806640625,32461600,0.0,0.0
2022-02-18 00:00:00-05:00,282.8767949362615,283.6586735331754,276.3707826010941,277.9345397949219,34264000,0.0,0.0
2022-02-22 00:00:00-05:00,275.10623504920284,281.41920742809083,274.6235925315727,277.7318115234375,41736100,0.0,0.0
2022-02-23 00:00:00-05:00,280.1064459602223,281.5736982844178,270.37638432486085,270.54046630859375,37811200,0.0,0.0
2022-02-24 00:00:00-05:00,263.0498313930732,284.9135313013762,262.0941791874867,284.3633117675781,56989700,0.0,0.0
2022-02-25 00:00:00-05:00,284.8942092758671,287.2977593325136,281.52534482802724,286.9888610839844,32546700,0.0,0.0
2022-02-28 00:00:00-05:00,284.0930236175549,288.7553666251348,282.8285026347826,288.4175109863281,34627500,0.0,0.0
2022-03-01 00:00:00-05:00,286.1104303022666,289.5565043668673,282.00796959435814,284.7107849121094,31217800,0.0,0.0
2022-03-02 00:00:00-05:00,285.10651756719705,291.00442328606925,283.504170648304,289.76885986328125,31873000,0.0,0.0
2022-03-03 00:00:00-05:00,292.37519352194875,292.6068524998791,283.8420480314748,285.64715576171875,27314500,0.0,0.0
2022-03-04 00:00:00-05:00,284.0736891436429,285.39612468595874,277.20086566715224,279.7974548339844,32356500,0.0,0.0
2022-03-07 00:00:00-05:00,278.5136356085561,279.6333695655803,268.8607871426468,269.22760009765625,43157200,0.0,0.0
2022-03-08 00:00:00-05:00,268.15621422846283,274.10237453893683,260.62700152327903,266.27392578125,48159500,0.0,0.0
2022-03-09 00:00:00-05:00,273.6003711570887,279.5465300399745,271.03270963096804,278.4847106933594,35204500,0.0,0.0
2022-03-10 00:00:00-05:00,273.1949611124185,276.6506980483507,270.83966326078166,275.6757507324219,30628000,0.0,0.0
2022-03-11 00:00:00-05:00,277.9634336750457,279.4596429563479,269.7295545935928,270.34735107421875,27209300,0.0,0.0
2022-03-14 00:00:00-04:00,270.60798934145595,275.49232901217977,266.2449118112666,266.8433837890625,30660700,0.0,0.0
2022-03-15 00:00:00-04:00,270.6176832217213,277.8283640849266,269.05392607565614,277.1816101074219,34245100,0.0,0.0
2022-03-16 00:00:00-04:00,279.07355459724573,284.34403232991673,273.3687457127895,284.1702880859375,37826300,0.0,0.0
2022-03-17 00:00:00-04:00,283.1084425886128,285.3478813742308,279.3245124712581,284.971435546875,30816600,0.0,0.0
2022-03-18 00:00:00-04:00,285.1162398488807,290.55079938117666,282.56790264099095,290.0005798339844,43390600,0.0,0.0
2022-03-21 00:00:00-04:00,288.5140113733799,289.7206174710808,284.662504677972,288.7746276855469,28351200,0.0,0.0
2022-03-22 00:00:00-04:00,289.3923936093338,294.4118867402999,288.39815136686497,293.5045166015625,27599700,0.0,0.0
2022-03-23 00:00:00-04:00,290.07784087692966,292.7034175820103,287.38468714348056,289.0932312011719,25715400,0.0,0.0
2022-03-24 00:00:00-04:00,288.75537689115174,293.6397167673037,287.9638360996713,293.5431823730469,24484500,0.0,0.0
2022-03-25 00:00:00-04:00,294.63396584716253,294.8945822052207,288.9001703045881,293.13775634765625,22566500,0.0,0.0
2022-03-28 00:00:00-04:00,293.7651124963967,300.01050637906735,293.7651124963967,299.91400146484375,29578200,0.0,0.0
2022-03-29 00:00:00-04:00,303.01261329342486,304.8563111504665,298.3213129462688,304.4605407714844,30393400,0.0,0.0
2022-03-30 00:00:00-04:00,302.86785052906407,304.9818271718414,300.763506705358,302.96435546875,28163600,0.0,0.0
2022-03-31 00:00:00-04:00,303.0029027856713,304.19987600855126,297.20156097857216,297.6069641113281,33422100,0.0,0.0
2022-04-01 00:00:00-04:00,298.6301543643232,299.3637802401649,294.933126535701,298.6784362792969,27110500,0.0,0.0
2022-04-04 00:00:00-04:00,299.32520192359516,304.1709216917822,298.9583889350334,304.0357971191406,24289600,0.0,0.0
2022-04-05 00:00:00-04:00,302.3948148545048,303.9392767129868,299.1128518165804,300.0877990722656,23156700,0.0,0.0
2022-04-06 00:00:00-04:00,294.59528689562205,296.3424501243935,286.4096607302466,289.1028137207031,40110400,0.0,0.0
2022-04-07 00:00:00-04:00,286.3614444787001,293.10877703347046,286.06220849283096,290.9079284667969,31411200,0.0,0.0
2022-04-08 00:00:00-04:00,290.01015328183416,290.6665398433151,285.99456517806084,286.6606140136719,24361900,0.0,0.0
2022-04-11 00:00:00-04:00,281.66045568500346,282.4519668205672,275.10616374606843,275.3571472167969,34569300,0.0,0.0
2022-04-12 00:00:00-04:00,279.1990504337595,280.64697807098315,270.75280588328843,272.268310546875,30966700,0.0,0.0
2022-04-13 00:00:00-04:00,272.91496579941685,278.56185797543264,271.53458622971164,277.63519287109375,21907200,0.0,0.0
2022-04-14 00:00:00-04:00,278.088924351685,278.3012882088098,269.6233863517897,270.11566162109375,28221600,0.0,0.0
2022-04-18 00:00:00-04:00,269.2276132247998,272.65436281401867,268.67739376545774,270.7817077636719,20778000,0.0,0.0
2022-04-19 00:00:00-04:00,269.6813718730536,276.23566633729905,268.74504409244713,275.3958435058594,22297700,0.0,0.0
2022-04-20 00:00:00-04:00,279.35341939656814,279.64302251578187,275.46332277285063,276.4189453125,22906700,0.0,0.0
2022-04-21 00:00:00-04:00,278.5619611641617,283.1181080139608,270.3377427180526,271.06170654296875,29454600,0.0,0.0
2022-04-22 00:00:00-04:00,271.901421279217,273.3686730601937,263.8895690490661,264.5169982910156,29405800,0.0,0.0
2022-04-25 00:00:00-04:00,263.8027620781208,271.3512688528921,261.3702248757031,270.9748229980469,35678900,0.0,0.0
2022-04-26 00:00:00-04:00,267.86656753140664,268.6966984296061,260.6269305710984,260.83929443359375,46518400,0.0,0.0
2022-04-27 00:00:00-04:00,272.30694686810284,280.8690214403735,269.46900616876684,273.3880615234375,63477700,0.0,0.0
2022-04-28 00:00:00-04:00,275.289662762596,280.878671795448,271.6891386988606,279.5755310058594,33646600,0.0,0.0
2022-04-29 00:00:00-04:00,278.59090237715037,279.81683323611406,266.9013146355611,267.8858947753906,37073900,0.0,0.0
2022-05-02 00:00:00-04:00,268.0692093712177,275.04822845042037,266.63094457560504,274.59454345703125,35151100,0.0,0.0
2022-05-03 00:00:00-04:00,274.10229991297473,274.26641131232816,270.42456669386183,271.99798583984375,25978600,0.0,0.0
2022-05-04 00:00:00-04:00,272.77986042090856,280.7820806094394,267.1233049625317,279.913330078125,33599300,0.0,0.0
2022-05-05 00:00:00-04:00,275.6274254599327,276.40930377828715,264.8162240963305,267.72174072265625,43260400,0.0,0.0
2022-05-06 00:00:00-04:00,265.2699283325795,269.5557954403699,261.85281170163194,265.1927185058594,37780300,0.0,0.0
2022-05-09 00:00:00-04:00,260.68488387718264,262.9050277568733,254.17887192626353,255.39511108398438,47726000,0.0,0.0
2022-05-10 00:00:00-04:00,262.258232684761,264.24671703897735,255.86805194857527,260.1442565917969,39336400,0.0,0.0
2022-05-11 00:00:00-04:00,256.4568751636927,261.9396861119795,250.29835302848662,251.5049591064453,48975900,0.0,0.0
2022-05-12 00:00:00-04:00,248.74426727264887,250.8582435521003,241.3405338858611,246.48550415039062,51033800,0.0,0.0
2022-05-13 00:00:00-04:00,248.41612264895286,253.90859714218703,246.4855524779226,252.05523681640625,34925100,0.0,0.0
2022-05-16 00:00:00-04:00,250.9354804390881,256.59206585930104,246.90059620764168,252.42202758789062,32550900,0.0,0.0
2022-05-17 00:00:00-04:00,256.87193855498094,259.0148721108303,253.34865472681068,257.55731201171875,28828800,0.0,0.0
2022-05-18 00:00:00-04:00,254.46121977706724,255.0417455754485,244.56335973469547,245.83082580566406,31356000,0.62,0.0
2022-05-19 00:00:00-04:00,245.65666082139012,249.30427969315693,243.70225448849024,244.9213409423828,32692300,0.0,0.0
2022-05-20 00:00:00-04:00,248.88823202551862,250.14604290717048,238.43888522978867,244.3601837158203,39199300,0.0,0.0
2022-05-23 00:00:00-04:00,247.1950702704872,253.00993966850874,245.2019394152582,252.18753051757812,33175400,0.0,0.0
2022-05-24 00:00:00-04:00,249.51716536945642,252.84545260288888,245.26968020605537,251.19097900390625,29043900,0.0,0.0
2022-05-25 00:00:00-04:00,249.7590101930778,255.98989623202482,248.78179230730603,253.9967803955078,28547900,0.0,0.0
2022-05-26 00:00:00-04:00,253.7549694604812,258.4378274860186,252.94224496283675,257.2671203613281,25002100,0.0,0.0
2022-05-27 00:00:00-04:00,259.763306260141,264.46550311516876,258.87316278571984,264.3687438964844,26910800,0.0,0.0
2022-05-31 00:00:00-04:00,263.6817882645863,265.8490529082615,260.1986632824182,263.043212890625,37827700,0.0,0.0
2022-06-01 00:00:00-04:00,266.26511923779674,268.674267192914,261.27264493032675,263.57537841796875,25292200,0.0,0.0
2022-06-02 00:00:00-04:00,255.86413679429918,265.7329565705162,253.10666158963318,265.66522216796875,44008200,0.0,0.0
2022-06-03 00:00:00-04:00,261.5338887851949,264.5719571114333,259.6955816677973,261.2532958984375,28059000,0.0,0.0
2022-06-06 00:00:00-04:00,263.2270685226695,265.2782340927179,258.5442115825969,260.0245361328125,22400300,0.0,0.0
2022-06-07 00:00:00-04:00,257.9830113148334,264.2622909881243,257.3057264093207,263.6527404785156,22860700,0.0,0.0
2022-06-08 00:00:00-04:00,262.8885190441031,264.1366455267276,260.8566927885417,261.6307373046875,17372300,0.0,0.0
2022-06-09 00:00:00-04:00,259.08602995149107,263.8559613723618,256.0383063846379,256.193115234375,26439700,0.0,0.0
2022-06-10 00:00:00-04:00,252.11977283149906,252.11977283149906,244.33114285896366,244.77621459960938,31422800,0.0,0.0
2022-06-13 00:00:00-04:00,237.1520369876546,240.9350949240482,233.6882667435192,234.39456176757812,46135800,0.0,0.0
2022-06-14 00:00:00-04:00,235.94266488900783,237.76163216918874,233.6689557887817,236.55221557617188,28651500,0.0,0.0
2022-06-15 00:00:00-04:00,240.2481344636705,247.0111959438157,238.41949755027613,243.58612060546875,33111700,0.0,0.0
2022-06-16 00:00:00-04:00,237.99380474825406,239.38705487358806,235.12991483585378,237.0166015625,33169200,0.0,0.0
2022-06-17 00:00:00-04:00,236.7553837419542,242.36707955457766,236.10713823491153,239.60960388183594,43084800,0.0,0.0
2022-06-21 00:00:00-04:00,242.13479050371902,246.47901875957845,241.4091407919636,245.50181579589844,29928300,0.0,0.0
2022-06-22 00:00:00-04:00,243.71195083753238,248.82054000260254,242.24129615723362,244.9116973876953,25939900,0.0,0.0
2022-06-23 00:00:00-04:00,247.27243437521878,250.94904823926845,245.39541785280727,250.45559692382812,25861400,0.0,0.0
2022-06-24 00:00:00-04:00,253.30985203926372,259.2795445759663,253.22277759883846,259.0086364746094,33923200,0.0,0.0
2022-06-27 00:00:00-04:00,259.5020124951496,259.58908692020407,254.7320819865546,256.2898254394531,24615100,0.0,0.0
2022-06-28 00:00:00-04:00,255.40942252018837,258.2442876848407,247.99811473013298,248.15292358398438,27295500,0.0,0.0
2022-06-29 00:00:00-04:00,249.22686932972684,253.46466940003842,247.45628183135534,251.81019592285156,20069800,0.0,0.0
2022-06-30 00:00:00-04:00,248.70435930708942,251.10385190666133,244.68910304500875,248.4915008544922,31730900,0.0,0.0
2022-07-01 00:00:00-04:00,248.06587863167437,251.33611640522454,246.34365576375197,251.15228271484375,22837700,0.0,0.0
2022-07-05 00:00:00-04:00,247.84331663869565,254.44190037764724,246.46942121872016,254.3161163330078,22941000,0.0,0.0
2022-07-06 00:00:00-04:00,255.18686285339652,259.2891938730712,253.88068722348527,257.5669860839844,23824400,0.0,0.0
2022-07-07 00:00:00-04:00,256.5124052718838,260.32448856109585,256.4156460435075,259.6859130859375,20859900,0.0,0.0
2022-07-08 00:00:00-04:00,256.19312462228805,259.3956571562315,254.74182482043682,258.9699401855469,19658800,0.0,0.0
2022-07-11 00:00:00-04:00,257.02518316379025,257.87661708581794,253.66784185070392,255.92221069335938,19455200,0.0,0.0
2022-07-12 00:00:00-04:00,257.2477298377406,257.3057794671245,243.8570592390129,245.43414306640625,35868500,0.0,0.0
2022-07-13 00:00:00-04:00,242.06714149558593,245.31805374321544,240.05467060292142,244.51499938964844,29497400,0.0,0.0
2022-07-14 00:00:00-04:00,242.43478974627138,246.85640858787121,237.95510651412596,245.83082580566406,25102800,0.0,0.0
2022-07-15 00:00:00-04:00,247.41759860652465,251.91662221794022,246.49844499125953,248.3851318359375,29774100,0.0,0.0
2022-07-18 00:00:00-04:00,251.3167325510271,252.37134012804827,245.07614676470823,245.99530029296875,20975000,0.0,0.0
2022-07-19 00:00:00-04:00,249.2171803481861,251.28771549994482,245.4438068994524,251.1038818359375,25012600,0.0,0.0
2022-07-20 00:00:00-04:00,251.46187956720985,256.2705208821731,250.50403112190256,253.7549285888672,22788300,0.0,0.0
2022-07-21 00:00:00-04:00,251.35542487841855,256.2898494477531,248.68502415287526,256.241455078125,22404700,0.0,0.0
2022-07-22 00:00:00-04:00,256.6285190592783,256.71559351171373,250.6588552259502,251.90695190429688,21881300,0.0,0.0
2022-07-25 00:00:00-04:00,252.52614987417672,253.00991644481692,248.47218365007052,250.4265899658203,21056000,0.0,0.0
2022-07-26 00:00:00-04:00,251.4231750195412,251.4425445815862,241.46727918195788,243.72161865234375,39348000,0.0,0.0
2022-07-27 00:00:00-04:00,252.68094375810006,261.2822975208546,250.44594469622396,260.01483154296875,45994000,0.0,0.0
2022-07-28 00:00:00-04:00,260.9920476929204,268.81938674780196,259.17308078267786,267.4358215332031,33459300,0.0,0.0
2022-07-29 00:00:00-04:00,268.6839646557535,272.8443453449876,267.64869711004144,271.625244140625,32152800,0.0,0.0
2022-08-01 00:00:00-04:00,268.8000835642348,272.14774020428075,266.8843571782586,268.9839172363281,21539600,0.0,0.0
2022-08-02 00:00:00-04:00,267.0391735890701,268.8678255810628,263.53670799309106,265.8974914550781,22754200,0.0,0.0
2022-08-03 00:00:00-04:00,267.7744965070368,274.29566079302055,267.6293429063653,273.2991027832031,23518900,0.0,0.0
2022-08-04 00:00:00-04:00,272.6508838288538,274.5859505118883,271.07382928467115,274.4408264160156,18098700,0.0,0.0
2022-08-05 00:00:00-04:00,270.0868886929883,274.44078812230066,269.632146904856,273.7248229980469,16774600,0.0,0.0
2022-08-08 00:00:00-04:00,274.8278133024093,276.6371253182812,270.2513998362798,271.21893310546875,18739200,0.0,0.0
2022-08-09 00:00:00-04:00,270.5610006852255,273.8892877589125,268.5968799256363,273.1346130371094,23405200,0.0,0.0
2022-08-10 00:00:00-04:00,278.8140023481959,280.4007411412907,277.62392610830153,279.7718505859375,24687800,0.0,0.0
2022-08-11 00:00:00-04:00,281.4070853415443,281.7553831803719,277.2079940772859,277.701416015625,20065900,0.0,0.0
2022-08-12 00:00:00-04:00,279.1139854304459,282.4326171875,277.62397604955174,282.4326171875,22619700,0.0,0.0
2022-08-15 00:00:00-04:00,281.55214749764076,284.62889583747915,280.6910288186994,283.94195556640625,18085700,0.0,0.0
2022-08-16 00:00:00-04:00,282.5099789943521,284.49343955539996,280.99097447536275,283.20660400390625,18102900,0.0,0.0
2022-08-17 00:00:00-04:00,280.9281493782367,284.4283741022155,280.6663715204341,282.4601135253906,18253400,0.62,0.0
2022-08-18 00:00:00-04:00,281.36441282325103,283.0321034033775,280.2881560238518,281.34503173828125,17186200,0.0,0.0
2022-08-19 00:00:00-04:00,280.11372184141766,280.45308326195857,276.8753043097147,277.4473571777344,20570000,0.0,0.0
2022-08-22 00:00:00-04:00,273.50106320350113,273.869510964488,268.7888850126345,269.3027648925781,25061100,0.0,0.0
2022-08-23 00:00:00-04:00,268.0326232910156,270.37900717902073,267.02424456116967,268.0326232910156,17527400,0.0,0.0
2022-08-24 00:00:00-04:00,267.0339265183886,268.79858174374715,266.74303270034477,267.4023742675781,18137000,0.0,0.0
2022-08-25 00:00:00-04:00,268.89556299786517,270.5341674761129,266.17102576018783,270.3693542480469,16583400,0.0,0.0
2022-08-26 00:00:00-04:00,270.5922729736932,271.8139618186625,259.8298830917029,259.9365234375,27549300,0.0,0.0
2022-08-29 00:00:00-04:00,257.76471343275216,259.2675614677576,255.82553940593357,257.16357421875,20338500,0.0,0.0
2022-08-30 00:00:00-04:00,258.5597272905954,258.928145422764,252.7325011017951,254.9722442626953,22767100,0.0,0.0
2022-08-31 00:00:00-04:00,257.3186923863377,258.9863535184162,253.38214218494335,253.5178985595703,24791800,0.0,0.0
2022-09-01 00:00:00-04:00,250.99691069203294,252.95549481319304,247.64214890957027,252.48037719726562,23263400,0.0,0.0
2022-09-02 00:00:00-04:00,253.7408837951921,256.68840643713196,246.7307604021961,248.27239990234375,22855400,0.0,0.0
2022-09-06 00:00:00-04:00,248.40814439377215,249.98854598700117,244.27769525029933,245.5478515625,21328200,0.0,0.0
2022-09-07 00:00:00-04:00,246.95379297306187,250.95817701237237,245.5188084309381,250.24069213867188,24126700,0.0,0.0
2022-09-08 00:00:00-04:00,249.67837573045517,252.50955340324566,247.04108292316664,250.6576385498047,20319900,0.0,0.0
2022-09-09 00:00:00-04:00,252.57740555573184,257.1635625736853,252.37380057718096,256.4169616699219,22084700,0.0,0.0
2022-09-12 00:00:00-04:00,257.6968083589195,259.316031521762,257.09566920762467,258.54034423828125,18747700,0.0,0.0
2022-09-13 00:00:00-04:00,250.96786362132625,252.48041678186516,243.9383587650543,244.32620239257812,33353300,0.0,0.0
2022-09-14 00:00:00-04:00,245.8193660691324,246.49807394155667,242.26098391432333,244.54920959472656,23913000,0.0,0.0
2022-09-15 00:00:00-04:00,242.17367559750508,243.75409186720634,236.5985520403679,237.9171905517578,31530900,0.0,0.0
2022-09-16 00:00:00-04:00,236.8312795525679,237.83965816543386,234.69819143342704,237.29669189453125,39791800,0.0,0.0
2022-09-19 00:00:00-04:00,235.09573320886867,237.68452841666505,233.52500718935042,237.08338928222656,26826900,0.0,0.0
2022-09-20 00:00:00-04:00,234.7078762922614,236.10406881216943,232.3517727501466,235.07630920410156,26660300,0.0,0.0
2022-09-21 00:00:00-04:00,236.84099440441966,240.12789337863492,231.634302730604,231.6827850341797,28625600,0.0,0.0
2022-09-22 00:00:00-04:00,230.6356309055808,236.44346175605514,230.3447666716902,233.6510467529297,31061200,0.0,0.0
2022-09-23 00:00:00-04:00,232.2548539489129,233.79650845970187,228.04685009215586,230.6841278076172,34176000,0.0,0.0
2022-09-26 00:00:00-04:00,229.84057996737735,234.10675645335732,229.69513305404854,230.22840881347656,27694200,0.0,0.0
2022-09-27 00:00:00-04:00,232.6814800927302,234.44613550367382,227.36814756715876,229.22006225585938,27018700,0.0,0.0
2022-09-28 00:00:00-04:00,229.60786226959718,234.95998588678188,227.5911198226186,233.73831176757812,29029700,0.0,0.0
2022-09-29 00:00:00-04:00,231.6245958212714,232.652355487679,227.28085099175377,230.27687072753906,27484200,0.0,0.0
2022-09-30 00:00:00-04:00,231.0428606260345,233.22443119574095,225.65195971871543,225.81678771972656,35694800,0.0,0.0
2022-10-03 00:00:00-04:00,228.25048022910693,234.26191669671977,227.52328997589433,233.4183807373047,28880400,0.0,0.0
2022-10-04 00:00:00-04:00,237.63606342718273,242.7457908263603,237.52940827026438,241.31080627441406,34888400,0.0,0.0
2022-10-05 00:00:00-04:00,238.50868236825332,242.95908260476142,236.67616375353109,241.6210479736328,20347100,0.0,0.0
2022-10-06 00:00:00-04:00,240.38964536366748,242.72635307461078,238.5959186818319,239.28431701660156,20239900,0.0,0.0
2022-10-07 00:00:00-04:00,233.57346497384196,233.98070446797666,226.07856280672056,227.11602783203125,37769600,0.0,0.0
2022-10-10 00:00:00-04:00,225.9622347703348,227.42630569411762,219.83443833161004,222.27780151367188,29743600,0.0,0.0
2022-10-11 00:00:00-04:00,220.69737480208315,222.09358236444308,217.29412996487275,218.55459594726562,30474000,0.0,0.0
2022-10-12 00:00:00-04:00,218.54488548684702,220.93007581576018,217.1486927519345,218.88424682617188,21903900,0.0,0.0
2022-10-13 00:00:00-04:00,213.163673728378,228.91945995498912,212.46557001660585,227.11602783203125,42551800,0.0,0.0
2022-10-14 00:00:00-04:00,228.37649233923707,230.02480190806705,221.3954696052538,221.60877990722656,30198600,0.0,0.0
2022-10-17 00:00:00-04:00,228.64799911599317,231.69250151345716,227.98867230404574,230.3059844970703,28142300,0.0,0.0
2022-10-18 00:00:00-04:00,235.84233800532098,236.51134058165383,228.21167855259944,231.24649047851562,26329600,0.0,0.0
2022-10-19 00:00:00-04:00,229.83086912144609,232.32271452181564,227.16450518293112,229.28790283203125,19985700,0.0,0.0
2022-10-20 00:00:00-04:00,228.59950832135635,233.97101325567382,227.72687123159972,228.9679412841797,21811000,0.0,0.0
2022-10-21 00:00:00-04:00,227.60085162423684,235.60963470412872,227.36814542435465,234.7563934326172,26299700,0.0,0.0
2022-10-24 00:00:00-04:00,236.346468231669,240.30238407052286,233.96129303725664,239.73033142089844,24911200,0.0,0.0
2022-10-25 00:00:00-04:00,239.7400021772855,243.40503872064642,238.35350029739558,243.03660583496094,34775500,0.0,0.0
2022-10-26 00:00:00-04:00,224.13940416091688,231.05256356203466,223.06316209926047,224.28485107421875,82543200,0.0,0.0
2022-10-27 00:00:00-04:00,224.01335747357737,226.58277171119522,218.9133355552526,219.8538360595703,40424600,0.0,0.0
2022-10-28 00:00:00-04:00,219.3593305055409,229.40425069094275,219.17510664004706,228.69644165039062,40647700,0.0,0.0
2022-10-31 00:00:00-04:00,226.65060686599685,227.77533111378162,224.11998470584146,225.0701904296875,28357300,0.0,0.0
2022-11-01 00:00:00-04:00,227.46508792727667,228.57041637850017,220.41618716835114,221.2306365966797,30592300,0.0,0.0
2022-11-02 00:00:00-04:00,222.48141610977814,224.26545245124476,213.34789451187777,213.4060821533203,38407000,0.0,0.0
2022-11-03 00:00:00-04:00,213.39639315584648,213.7066680884104,207.47221616405207,207.7340087890625,36633900,0.0,0.0
2022-11-04 00:00:00-04:00,210.9336199205367,214.85074424296624,206.93891208084915,214.65682983398438,36789100,0.0,0.0
2022-11-07 00:00:00-05:00,215.23859748900023,221.46334350265937,214.55018429237435,220.93975830078125,33498000,0.0,0.0
2022-11-08 00:00:00-05:00,221.7444890427756,224.60476702569903,218.97147031751535,221.90931701660156,28192500,0.0,0.0
2022-11-09 00:00:00-05:00,220.45498033143147,221.67666935840754,217.50744250984388,217.6819610595703,27852900,0.0,0.0
2022-11-10 00:00:00-05:00,228.2698262443954,235.92957127818485,227.85291099807793,235.5902099609375,46268000,0.0,0.0
2022-11-11 00:00:00-05:00,235.59992645228266,240.4478609583566,234.5721519094285,239.59461975097656,34620200,0.0,0.0
2022-11-14 00:00:00-05:00,234.63029483879743,236.4918995590069,231.93484495065587,234.20367431640625,31123300,0.0,0.0
2022-11-15 00:00:00-05:00,238.18874022491158,239.48798322283633,232.7299608122821,234.6109619140625,31390100,0.0,0.0
2022-11-16 00:00:00-05:00,236.06938283193108,237.05143476413045,233.76499097023776,235.03872680664062,24093300,0.68,0.0
2022-11-17 00:00:00-05:00,231.1981031395672,236.51669138454196,231.05226116577742,234.99014282226562,23123500,0.0,0.0
2022-11-18 00:00:00-05:00,236.76946659991202,236.99311072037338,232.4134803048627,234.54286193847656,27613500,0.0,0.0
2022-11-21 00:00:00-05:00,234.74706643193417,237.8973866399334,234.51371927043422,235.34991455078125,26394700,0.0,0.0
2022-11-22 00:00:00-05:00,236.8472334482416,238.51962368090963,234.04696420457608,238.24737548828125,19665700,0.0,0.0
2022-11-23 00:00:00-05:00,238.32516175031657,241.40741186039304,237.50841717604806,240.72679138183594,19508500,0.0,0.0
2022-11-25 00:00:00-05:00,240.46428755240743,241.81581080755163,239.9003405690243,240.63931274414062,9200800,0.0,0.0
2022-11-28 00:00:00-05:00,239.2683124519981,239.8225266855465,234.1344682213795,235.06788635253906,24778200,0.0,0.0
2022-11-29 00:00:00-05:00,234.71787945747192,236.069402727706,231.61619326885713,233.67750549316406,17956300,0.0,0.0
2022-11-30 00:00:00-05:00,233.9108607052224,248.2622882065125,233.22050747543122,248.07754516601562,47594200,0.0,0.0
2022-12-01 00:00:00-05:00,246.84270566954237,249.03042418074372,243.97436658880594,247.6400146484375,26041500,0.0,0.0
2022-12-02 00:00:00-05:00,242.90480403425175,248.9720667058495,242.778397783122,247.9608612060547,21528500,0.0,0.0
2022-12-05 00:00:00-05:00,245.0341875954859,246.79409803519974,241.19352923147437,243.2742919921875,23435300,0.0,0.0
2022-12-06 00:00:00-05:00,243.87713173110765,244.8883372658951,237.03199561292425,238.33489990234375,22463700,0.0,0.0
2022-12-07 00:00:00-05:00,238.0529558163032,239.3461423733255,235.50548378588942,237.60568237304688,20481500,0.0,0.0
2022-12-08 00:00:00-05:00,238.062638200754,241.85469212330918,236.33191114744716,240.55177307128906,22611800,0.0,0.0
2022-12-09 00:00:00-05:00,237.9265463000095,241.4366198107319,237.40150036949424,238.62661743164062,20609700,0.0,0.0
2022-12-12 00:00:00-05:00,240.60043661045466,245.54953887897582,240.32818836078783,245.52037048339844,30665100,0.0,0.0
2022-12-13 00:00:00-05:00,254.44625651294808,256.61453937496145,246.06486835036688,249.8083038330078,42196900,0.0,0.0
2022-12-14 00:00:00-05:00,250.01247040825905,255.32132556389985,247.27052281634482,250.0999755859375,35410900,0.0,0.0
2022-12-15 00:00:00-05:00,246.69683279651164,247.16354186623428,240.49343144760888,242.11720275878906,35560400,0.0,0.0
2022-12-16 00:00:00-05:00,241.66994662968148,242.92423190340745,236.76944942143655,237.9167938232422,86102000,0.0,0.0
2022-12-19 00:00:00-05:00,238.08212143380248,238.42243914772908,232.1023632453267,233.794189453125,29696400,0.0,0.0
2022-12-20 00:00:00-05:00,232.77323628356203,236.18608654823132,231.82036751639754,235.1068115234375,25150800,0.0,0.0
2022-12-21 00:00:00-05:00,234.9998409670087,238.82104848275608,233.4635747777796,237.6639862060547,23690600,0.0,0.0
2022-12-22 00:00:00-05:00,234.5817378584511,235.2915415960275,227.396299165475,231.5967254638672,28651700,0.0,0.0
2022-12-23 00:00:00-05:00,229.57432368977197,232.25791977065128,227.46439246807083,232.12179565429688,21207000,0.0,0.0
2022-12-27 00:00:00-05:00,232.09261343652005,232.3162427208361,229.30206179925912,230.40078735351562,16688600,0.0,0.0
2022-12-28 00:00:00-05:00,230.3326988491907,233.08436401519373,227.68798939057342,228.03802490234375,17457100,0.0,0.0
2022-12-29 00:00:00-05:00,229.12703678909463,235.2234829457409,229.12703678909463,234.3386688232422,19770700,0.0,0.0
2022-12-30 00:00:00-05:00,231.61617551843796,233.31773420922855,230.10907771074054,233.18161010742188,21938500,0.0,0.0
2023-01-03 00:00:00-05:00,236.35137496373926,238.9474656895386,230.82859367762717,232.94825744628906,25740000,0.0,0.0
2023-01-04 00:00:00-05:00,225.8502991867707,226.42396394538952,219.70524965027772,222.75833129882812,50623400,0.0,0.0
2023-01-05 00:00:00-05:00,220.91093644040888,221.25125412142148,215.62151720752513,216.1562957763672,39585600,0.0,0.0
2023-01-06 00:00:00-05:00,216.82721193090404,219.51080795719037,213.2782522890228,218.7037811279297,43613600,0.0,0.0
2023-01-09 00:00:00-05:00,220.18170823285104,224.8391261091335,220.14282198786435,220.83316040039062,27369800,0.0,0.0
2023-01-10 00:00:00-05:00,221.45546512498274,224.90720202339816,221.03737489705813,222.5153045654297,27033900,0.0,0.0
2023-01-11 00:00:00-05:00,224.88774240099133,229.41875426303784,224.71273203443783,229.24374389648438,28669300,0.0,0.0
2023-01-12 00:00:00-05:00,228.74781470305837,233.25937529724501,227.09487499383394,231.90785217285156,27269500,0.0,0.0
2023-01-13 00:00:00-05:00,230.4396576846913,232.7440495138857,228.41723190438844,232.60792541503906,21333300,0.0,0.0
2023-01-17 00:00:00-05:00,231.38280544563565,234.24142631977972,230.52715978632344,233.69692993164062,29831300,0.0,0.0
2023-01-18 00:00:00-05:00,234.88319223600368,235.67076853478866,229.0006572078567,229.28262329101562,30028700,0.0,0.0
2023-01-19 00:00:00-05:00,227.3087910377556,229.00063185867876,224.2945954552454,225.50999450683594,28623000,0.0,0.0
2023-01-20 00:00:00-05:00,228.3588944678233,234.07613627577243,228.0185768034781,233.57052612304688,35389800,0.0,0.0
2023-01-23 00:00:00-05:00,234.42620586269453,238.3835379806386,233.01633090813738,235.865234375,31934000,0.0,0.0
2023-01-24 00:00:00-05:00,235.78746818012206,237.19732842463722,233.78449247373834,235.34019470214844,40234400,0.0,0.0
2023-01-25 00:00:00-05:00,227.9894454823822,236.56530958865662,224.5085403000208,233.94976806640625,66526600,0.0,0.0
2023-01-26 00:00:00-05:00,236.90561285916706,241.43662476621853,235.30129180415983,241.1352081298828,33454500,0.0,0.0
2023-01-27 00:00:00-05:00,242.0977983186481,242.91454300523202,239.9975849790759,241.290771484375,26498900,0.0,0.0
2023-01-30 00:00:00-05:00,237.74180116090332,238.80164053803622,235.49574581512883,235.99163818359375,25867400,0.0,0.0
2023-01-31 00:00:00-05:00,236.7111417707159,241.08657882687118,236.22498209780977,240.95045471191406,26541100,0.0,0.0
2023-02-01 00:00:00-05:00,241.13517614830616,248.11642130402413,238.6752096108031,245.75369262695312,31259900,0.0,0.0
2023-02-02 00:00:00-05:00,251.6556913662783,257.3632009780913,250.12914292548695,257.27569580078125,39940400,0.0,0.0
2023-02-03 00:00:00-05:00,252.35577763425286,256.8867894598402,249.98331599728726,251.19871520996094,29077300,0.0,0.0
2023-02-06 00:00:00-05:00,250.31391213131076,251.15009258378038,247.72753893121822,249.66244506835938,22518000,0.0,0.0
2023-02-07 00:00:00-05:00,253.31840354990376,261.3303069054437,252.8808478964387,260.15380859375,50841400,0.0,0.0
2023-02-08 00:00:00-05:00,265.63764785701306,269.0991022332483,258.84111568990085,259.34674072265625,54686000,0.0,0.0
2023-02-09 00:00:00-05:00,266.2210185187912,266.3960585481187,255.525505975814,256.32281494140625,42375100,0.0,0.0
2023-02-10 00:00:00-05:00,254.29068170390744,256.7798168982394,253.4447686061317,255.81723022460938,25818500,0.0,0.0
2023-02-13 00:00:00-05:00,260.23150409956196,266.99883688144894,259.7550475521796,263.80963134765625,44630900,0.0,0.0
2023-02-14 00:00:00-05:00,265.1223596801926,267.35868256455376,261.82618247447147,264.6361999511719,37047900,0.0,0.0
2023-02-15 00:00:00-05:00,261.54618038787015,263.89534271397224,259.4601911138888,262.52093505859375,28922400,0.68,0.0
2023-02-16 00:00:00-05:00,257.3547077929904,260.0060415876993,255.28823272818724,255.53192138671875,29603600,0.0,0.0
2023-02-17 00:00:00-05:00,252.8416369479222,253.5239473924271,249.53720422274546,251.54519653320312,30000100,0.0,0.0
2023-02-21 00:00:00-05:00,248.0555633319736,249.04007506409081,245.23852294112166,246.291259765625,28397400,0.0,0.0
2023-02-22 00:00:00-05:00,247.6754065123544,247.9190951759008,244.0200765591585,245.16053771972656,22491100,0.0,0.0
2023-02-23 00:00:00-05:00,249.10829119149065,250.3559759296498,244.15653587973247,248.33824157714844,29219100,0.0,0.0
2023-02-24 00:00:00-05:00,243.64971440364852,244.6634528431663,241.83666989520626,242.9283905029297,24990900,0.0,0.0
2023-02-27 00:00:00-05:00,246.08658915391715,246.43750145661366,243.09408495125825,243.8446502685547,21190000,0.0,0.0
2023-02-28 00:00:00-05:00,242.78218154124548,245.141086337107,242.45075361028725,243.1233367919922,22491000,0.0,0.0
2023-03-01 00:00:00-05:00,244.4294802167035,244.59518672884,239.58494822729267,240.05284118652344,27565300,0.0,0.0
2023-03-02 00:00:00-05:00,240.32576623774196,245.05331745079246,239.4094944705545,244.77064514160156,24808200,0.0,0.0
2023-03-03 00:00:00-05:00,245.8234076886405,249.16680940855414,245.04360089836098,248.8451385498047,30760100,0.0,0.0
2023-03-06 00:00:00-05:00,249.9563137281879,253.55316056454095,249.5176771350271,250.3852081298828,24109800,0.0,0.0
2023-03-07 00:00:00-05:00,249.82961864090797,251.18454195758378,246.99309375726955,247.73390197753906,21473200,0.0,0.0
2023-03-08 00:00:00-05:00,247.62671642523955,248.11409385196293,244.47826241320857,247.29530334472656,17340200,0.0,0.0
2023-03-09 00:00:00-05:00,249.36174508099094,253.00731800229747,245.22877995450497,245.95010375976562,26653400,0.0,0.0
2023-03-10 00:00:00-05:00,244.74143001585446,246.4082523472973,241.34928757282523,242.3142852783203,28333900,0.0,0.0
2023-03-13 00:00:00-04:00,241.1543148292338,251.39899658512076,239.52647621107045,247.5097198486328,33339700,0.0,0.0
2023-03-14 00:00:00-04:00,250.26828132059583,254.47922896742975,249.40075019061067,254.206298828125,33620300,0.0,0.0
2023-03-15 00:00:00-04:00,253.41676912459158,259.7526754623926,252.66618887408737,258.7389221191406,46028000,0.0,0.0
2023-03-16 00:00:00-04:00,258.51466054625075,269.57813126600007,256.6333912973098,269.22723388671875,54768800,0.0,0.0
2023-03-17 00:00:00-04:00,271.23522516040924,276.1772083863334,269.3441988521381,272.37567138671875,69527400,0.0,0.0
2023-03-20 00:00:00-04:00,269.9875366889346,270.47491398328793,263.0375317119125,265.3574523925781,43466600,0.0,0.0
2023-03-21 00:00:00-04:00,267.9405220334982,268.0574878140918,262.71582243886,266.8682861328125,34558700,0.0,0.0
2023-03-22 00:00:00-04:00,266.4979179833595,273.9450578612845,265.3087161087697,265.41595458984375,34873300,0.0,0.0
2023-03-23 00:00:00-04:00,270.92332074814243,273.9645506194871,268.25250241830935,270.650390625,36610900,0.0,0.0
2023-03-24 00:00:00-04:00,270.24101876130743,273.5454519039974,268.33050762928787,273.4869689941406,28172000,0.0,0.0
2023-03-27 00:00:00-04:00,273.4187255560144,274.35448184903447,268.56443586925224,269.4027404785156,26840200,0.0,0.0
2023-03-28 00:00:00-04:00,268.82756793649463,269.16873798129603,265.18196566074795,268.2817077636719,21878600,0.0,0.0
2023-03-29 00:00:00-04:00,271.9174880262277,274.0424752958544,271.3813849874763,273.4283752441406,25087000,0.0,0.0
2023-03-30 00:00:00-04:00,277.05462890134504,277.27880351683683,274.37405260739644,276.879150390625,25053400,0.0,0.0
2023-03-31 00:00:00-04:00,276.5671828397676,281.96730287180225,275.8556011455048,281.02178955078125,32766000,0.0,0.0
2023-04-03 00:00:00-04:00,279.28666261801845,280.9924830784479,276.7815660353918,279.978759765625,24883300,0.0,0.0
2023-04-04 00:00:00-04:00,279.9788092952923,283.1175206876223,278.4581943099055,279.9300537109375,25824300,0.0,0.0
2023-04-05 00:00:00-04:00,278.63357089609315,279.90073980685764,275.7775474414122,277.16168212890625,22064800,0.0,0.0
2023-04-06 00:00:00-04:00,276.0602584923825,284.7063275533511,274.91005513471964,284.23846435546875,29770300,0.0,0.0
2023-04-10 00:00:00-04:00,281.90878059048885,282.28894917802717,277.52238471849756,282.0842590332031,23103000,0.0,0.0
2023-04-11 00:00:00-04:00,278.5361465748028,278.7603508575734,274.5299191651681,275.6898498535156,27276600,0.0,0.0
2023-04-12 00:00:00-04:00,277.6003285178027,279.7642845895969,274.8417567621939,276.3331298828125,27403400,0.0,0.0
2023-04-13 00:00:00-04:00,276.4306715348985,282.58137108364906,276.02129123451107,282.52288818359375,24222700,0.0,0.0
2023-04-14 00:00:00-04:00,279.7545649448243,281.19721243469814,276.52812965920475,278.9162902832031,20987900,0.0,0.0
2023-04-17 00:00:00-04:00,282.6106328823751,284.23848637686285,278.93581824426053,281.5091552734375,23836200,0.0,0.0
2023-04-18 00:00:00-04:00,284.2092231464568,284.39442891149264,279.76434427989847,281.0899963378906,20161800,0.0,0.0
2023-04-19 00:00:00-04:00,278.7700510801762,281.75279769664104,277.3566747962618,281.16796875,17150300,0.0,0.0
2023-04-20 00:00:00-04:00,278.0487492496202,281.7333204424285,277.88302787911294,278.88702392578125,23244400,0.0,0.0
2023-04-21 00:00:00-04:00,277.81480201216493,279.042972509136,275.91401875313767,278.5458679199219,21676400,0.0,0.0
2023-04-24 00:00:00-04:00,274.9685754009273,277.75638957147896,271.6836565150722,274.6566467285156,26611000,0.0,0.0
2023-04-25 00:00:00-04:00,272.45366159943416,274.4908950976734,268.41816336812605,268.4669189453125,45772200,0.0,0.0
2023-04-26 00:00:00-04:00,289.20974000859206,292.0072813214267,285.3399625443694,287.9132995605469,64599200,0.0,0.0
2023-04-27 00:00:00-04:00,288.4981777647632,297.495175228431,287.79635312272336,297.1344909667969,46462600,0.0,0.0
2023-04-28 00:00:00-04:00,296.33519048615636,301.13096702652024,295.6528502866571,299.5031433105469,36469600,0.0,0.0
2023-05-01 00:00:00-04:00,299.2204158338492,300.80927056527844,297.44635535169203,297.84600830078125,21294100,0.0,0.0
2023-05-02 00:00:00-04:00,299.9905085390908,301.3746435203023,296.237697087883,297.6998291015625,26404400,0.0,0.0
2023-05-03 00:00:00-04:00,298.8792887083803,300.819041090019,296.4131604465873,296.71533203125,22360800,0.0,0.0
2023-05-04 00:00:00-04:00,298.5088623937183,299.9905085390908,295.74056268414336,297.6998291015625,22519900,0.0,0.0
2023-05-05 00:00:00-04:00,298.00199235653776,304.0942089102195,296.58858621722317,302.8075256347656,28197100,0.0,0.0
2023-05-08 00:00:00-04:00,302.3007412194647,302.36898120163,298.3627231030805,300.85809326171875,21318600,0.0,0.0
2023-05-09 00:00:00-04:00,300.22444953048654,302.2129574604757,298.5771116971217,299.24969482421875,21340800,0.0,0.0
2023-05-10 00:00:00-04:00,300.82881170640417,305.0982423493034,299.90281252520236,304.4256591796875,30078000,0.0,0.0
2023-05-11 00:00:00-04:00,302.2714616451602,303.26570080657984,298.5284068792122,302.28118896484375,31680200,0.0,0.0
2023-05-12 00:00:00-04:00,302.71005168658775,302.8075331032812,298.8597885779878,301.1699523925781,19774700,0.0,0.0
2023-05-15 00:00:00-04:00,301.2967465564206,302.07653858018915,299.8248571333616,301.64764404296875,16336500,0.0,0.0
2023-05-16 00:00:00-04:00,302.0082708882203,305.7903243255261,302.0082708882203,303.87005615234375,26730300,0.0,0.0
2023-05-17 00:00:00-04:00,305.0715994717328,307.1621190650021,303.5574089684494,306.7420654296875,24315000,0.68,0.0
2023-05-18 00:00:00-04:00,307.2598287418547,311.665592368816,306.4685537852504,311.1575927734375,27276000,0.0,0.0
2023-05-19 00:00:00-04:00,309.4187579694345,311.38230770853096,309.05731504102437,310.9817810058594,27546700,0.0,0.0
2023-05-22 00:00:00-04:00,311.2357518358931,315.1335157612651,310.65939292099665,313.756103515625,24115700,0.0,0.0
2023-05-23 00:00:00-04:00,312.63269496953484,315.26051959828607,307.9631830299581,307.97296142578125,30797200,0.0,0.0
2023-05-24 00:00:00-04:00,307.4551840291494,309.18426063109985,305.384161727715,306.59552001953125,23384900,0.0,0.0
2023-05-25 00:00:00-04:00,315.7684598442555,319.3438643558403,312.6033603605029,318.38653564453125,43301700,0.0,0.0
2023-05-26 00:00:00-04:00,316.53043497879963,325.69362591247574,316.3936865085404,325.1954345703125,36630600,0.0,0.0
2023-05-30 00:00:00-04:00,327.4813593124993,327.9795506793169,322.88020682779495,323.55426025390625,29503100,0.0,0.0
2023-05-31 00:00:00-04:00,324.6093167826368,328.1749431768424,319.76394285514135,320.7994689941406,45950600,0.0,0.0
2023-06-01 00:00:00-04:00,318.3963251868189,325.82066191290807,317.2143019258067,324.8926086425781,26773900,0.0,0.0
2023-06-02 00:00:00-04:00,326.5240179212979,329.6988961808169,324.86330044529166,327.6474304199219,25873800,0.0,0.0
2023-06-05 00:00:00-04:00,327.47150708061537,330.7343005608071,326.9244536714919,328.17486572265625,21307100,0.0,0.0
2023-06-06 00:00:00-04:00,327.5790489490728,327.61813272213266,324.49211655757586,325.9671936035156,20396200,0.0,0.0
2023-06-07 00:00:00-04:00,323.9840754044963,326.7584266923508,315.04557889593144,315.9052429199219,40717100,0.0,0.0
2023-06-08 00:00:00-04:00,316.4522947423508,319.08989754628954,315.8759358684607,317.7417907714844,23277700,0.0,0.0
2023-06-09 00:00:00-04:00,317.4780685960809,322.36249701135495,316.9114880172706,319.2364807128906,22529000,0.0,0.0
2023-06-12 00:00:00-04:00,320.98500885005564,324.4236647224886,317.6440772974819,324.179443359375,24260300,0.0,0.0
2023-06-13 00:00:00-04:00,326.7389426125968,329.1909351194717,322.7532623015664,326.5631103515625,22951300,0.0,0.0
2023-06-14 00:00:00-04:00,326.61194558065387,331.2033200737011,325.1173117243528,329.5426025390625,26003800,0.0,0.0
2023-06-15 00:00:00-04:00,329.6793438273172,341.75363483053593,329.40581706772855,340.0538635253906,38899100,0.0,0.0
2023-06-16 00:00:00-04:00,343.19948951587423,343.3460164076844,334.0460753238459,334.4172668457031,46552000,0.0,0.0
2023-06-20 00:00:00-04:00,331.4670303403785,334.17299255500126,328.09676330100183,330.23614501953125,26375400,0.0,0.0
2023-06-21 00:00:00-04:00,328.59499110748806,329.923570971666,324.3943951235906,325.8499450683594,25117800,0.0,0.0
2023-06-22 00:00:00-04:00,326.39703135157714,332.2583453008443,325.63506173065974,331.8578186035156,23556800,0.0,0.0
2023-06-23 00:00:00-04:00,326.6314055883412,330.1481991797799,325.7424660612822,327.2761535644531,23146900,0.0,0.0
2023-06-26 00:00:00-04:00,326.0063195495162,328.3410610316965,320.8971962526816,321.0046691894531,21520600,0.0,0.0
2023-06-27 00:00:00-04:00,324.1892880957457,328.3801362771845,321.6884629806956,326.836669921875,24354100,0.0,0.0
2023-06-28 00:00:00-04:00,326.9244790599475,330.1677458174573,326.0941204884159,328.08697509765625,20259500,0.0,0.0
2023-06-29 00:00:00-04:00,326.97337394490575,328.3410078355039,324.93168659890875,327.3055114746094,16997000,0.0,0.0
2023-06-30 00:00:00-04:00,329.94312088694005,334.8080220472076,329.4058457163647,332.66864013671875,26832800,0.0,0.0
2023-07-03 00:00:00-04:00,331.3498565292041,333.0203226963317,328.7904208148886,330.1775817871094,12508700,0.0,0.0
2023-07-05 00:00:00-04:00,327.3445342470537,333.75290026498266,326.99286980308096,330.33380126953125,18172400,0.0,0.0
2023-07-06 00:00:00-04:00,329.50353744833353,335.06201951292167,327.7451550984621,333.38177490234375,28161200,0.0,0.0
2023-07-07 00:00:00-04:00,331.4768196689225,333.8897282258727,329.2104379854344,329.42535400390625,21214800,0.0,0.0
2023-07-10 00:00:00-04:00,326.8659348779879,327.48137758941004,320.0179571321777,324.1599426269531,32791400,0.0,0.0
2023-07-11 00:00:00-04:00,323.4077439781263,325.1661261312258,319.441590831674,324.78515625,26698200,0.0,0.0
2023-07-12 00:00:00-04:00,328.8197159187511,333.75297652887264,327.91121941871575,329.4058532714844,29995300,0.0,0.0
2023-07-13 00:00:00-04:00,331.71121221123786,335.7945861289157,331.18368573483207,334.73956298828125,20567200,0.0,0.0
2023-07-14 00:00:00-04:00,339.55560494875635,343.30684144362357,336.3514219127962,337.2599182128906,28352700,0.0,0.0
2023-07-17 00:00:00-04:00,337.689785296776,338.9695029653532,334.29024270759476,337.7386474609375,20363900,0.0,0.0
2023-07-18 00:00:00-04:00,337.83628312548785,358.3020452926389,334.2609086018875,351.1805419921875,64738600,0.0,0.0
2023-07-19 00:00:00-04:00,353.388368189592,354.0819486228708,344.293565577068,346.8725280761719,39732900,0.0,0.0
2023-07-20 00:00:00-04:00,345.3974402048797,349.6957307761419,337.3869665581141,338.852294921875,33778400,0.0,0.0
2023-07-21 00:00:00-04:00,341.07959326630163,342.20300571747845,331.97501253322577,335.8239440917969,69405400,0.0,0.0
2023-07-24 00:00:00-04:00,337.8559418487268,338.9012167538276,334.3977579540035,337.1330261230469,26678100,0.0,0.0
2023-07-25 00:00:00-04:00,339.08679771803,343.756340213715,337.093972256652,342.86737060546875,41637700,0.0,0.0
2023-07-26 00:00:00-04:00,333.5477989926325,336.70314999869004,325.41032580255074,329.9626159667969,58383700,0.0,0.0
2023-07-27 00:00:00-04:00,332.6099731824386,333.44030197626535,321.44414968283064,323.0755615234375,39635300,0.0,0.0
2023-07-28 00:00:00-04:00,325.95745287046435,332.15090440744063,325.4690100380954,330.5487976074219,28484900,0.0,0.0
2023-07-31 00:00:00-04:00,329.1323422402348,329.89431189161485,325.65460173075695,328.15545654296875,25446000,0.0,0.0
2023-08-01 00:00:00-04:00,327.4422614370604,330.7148339075202,325.9867115450311,328.565673828125,18311900,0.0,0.0
2023-08-02 00:00:00-04:00,325.9183054002414,325.9183054002414,318.81632892578153,319.92999267578125,27761300,0.0,0.0
2023-08-03 00:00:00-04:00,318.46468799733185,322.25500868577666,318.415855644904,319.10943603515625,18253700,0.0,0.0
2023-08-04 00:00:00-04:00,324.20875816253636,327.3934143700841,319.67599522143337,320.2035217285156,23741500,0.0,0.0
2023-08-07 00:00:00-04:00,320.77990397221754,323.45656084506595,319.94954529049863,322.47967529296875,17741500,0.0,0.0
2023-08-08 00:00:00-04:00,319.40245810571645,321.15109140709956,315.53400007450387,318.51348876953125,22327600,0.0,0.0
2023-08-09 00:00:00-04:00,318.92378395332815,319.5489751191951,313.6290518646597,314.78179931640625,22373300,0.0,0.0
2023-08-10 00:00:00-04:00,318.4842099187915,320.6724537793776,313.75608752866935,315.46563720703125,20113700,0.0,0.0
2023-08-11 00:00:00-04:00,312.8573627235517,314.9576606059445,311.83161505156005,313.59002685546875,24355500,0.0,0.0
2023-08-14 00:00:00-04:00,313.9612774318456,316.56954529016974,312.6815298680751,316.5500183105469,18836100,0.0,0.0
2023-08-15 00:00:00-04:00,315.5339822625221,317.5756691585243,313.48251697268347,314.4203186035156,16966300,0.0,0.0
2023-08-16 00:00:00-04:00,314.0484054267254,317.5922437105838,313.0694515072215,313.6568298339844,20698900,0.68,0.0
2023-08-17 00:00:00-04:00,313.79385086017476,315.0958462335388,309.55496429159837,310.21087646484375,21257200,0.0,0.0
2023-08-18 00:00:00-04:00,307.8711973932979,311.679342341884,304.99307058455463,309.8193359375,24755000,0.0,0.0
2023-08-21 00:00:00-04:00,311.23880256380994,315.9769357985516,310.3675491383052,315.1056823730469,24040000,0.0,0.0
2023-08-22 00:00:00-04:00,318.6494284839002,319.2172084832267,314.6944471815671,315.67340087890625,16084600,0.0,0.0
2023-08-23 00:00:00-04:00,317.00482352144604,322.2715996929162,316.6523846218089,320.1178894042969,21166400,0.0,0.0
2023-08-24 00:00:00-04:00,325.84476921608996,325.97203798658785,313.2260407459276,313.23583984375,23281400,0.0,0.0
2023-08-25 00:00:00-04:00,314.70429575926823,318.5124107055097,312.0904758312742,316.1825256347656,21684100,0.0,0.0
2023-08-28 00:00:00-04:00,318.8061314202153,319.2858092722639,314.949050654982,316.88739013671875,14808500,0.0,0.0
2023-08-29 00:00:00-04:00,315.10563277299525,322.05621026150664,315.10563277299525,321.4981994628906,19284600,0.0,0.0
2023-08-30 00:00:00-04:00,321.75276957784916,322.86876141280084,319.57949087262745,321.8702392578125,15222100,0.0,0.0
2023-08-31 00:00:00-04:00,322.2716344766663,323.94563727355137,319.9025529034829,320.8619384765625,26411000,0.0,0.0
2023-09-01 00:00:00-04:00,324.33720272503615,325.00288418337306,319.9025429102048,321.74298095703125,14942000,0.0,0.0
2023-09-05 00:00:00-04:00,322.07580143984785,327.8026871669536,321.74296073160247,326.530029296875,18553900,0.0,0.0
2023-09-06 00:00:00-04:00,326.3636224074877,327.42087936565457,323.23095829944674,325.8741455078125,17535800,0.0,0.0
2023-09-07 00:00:00-04:00,324.31760527996926,326.06991103130065,322.10516018294953,322.9666442871094,18381000,0.0,0.0
2023-09-08 00:00:00-04:00,323.14287386196446,329.0851309217736,322.5261281543159,327.2348937988281,19530100,0.0,0.0
2023-09-11 00:00:00-04:00,330.1423571352341,331.29754527961506,328.3704532160462,330.82763671875,16583300,0.0,0.0
2023-09-12 00:00:00-04:00,328.7522562072044,329.70184254177326,324.5036005080368,324.7874755859375,17565500,0.0,0.0
2023-09-13 00:00:00-04:00,324.3371825636095,329.76059500536803,324.2001445661415,328.9872131347656,16544400,0.0,0.0
2023-09-14 00:00:00-04:00,332.0121359885285,333.6861384232621,329.48644862867235,331.5716247558594,20267000,0.0,0.0
2023-09-15 00:00:00-04:00,329.8291132111252,330.2989918946616,322.7121002719872,323.2701110839844,37679800,0.0,0.0
2023-09-18 00:00:00-04:00,320.90106058890035,323.4463465779978,319.4913646526402,322.1345520019531,16834200,0.0,0.0
2023-09-19 00:00:00-04:00,319.30542861366945,322.4576615829364,317.68036144314755,321.73321533203125,16505900,0.0,0.0
2023-09-20 00:00:00-04:00,322.5750893265996,322.65339248865484,313.76450476801705,314.0190124511719,21436500,0.0,0.0
2023-09-21 00:00:00-04:00,312.54080796824985,318.50263318201627,308.37045511046944,312.80511474609375,35560400,0.0,0.0
2023-09-22 00:00:00-04:00,314.5574848611761,314.6847536524901,309.4962798834054,310.33819580078125,21447900,0.0,0.0
2023-09-25 00:00:00-04:00,309.92703743147536,310.98432446171176,308.3705041858595,310.8570556640625,17836000,0.0,0.0
2023-09-26 00:00:00-04:00,308.4977104446982,309.2319257820145,303.49524107796117,305.5706481933594,26297600,0.0,0.0
2023-09-27 00:00:00-04:00,305.7272625333357,307.6851701509051,303.1722074325514,306.20697021484375,19410100,0.0,0.0
2023-09-28 00:00:00-04:00,304.4448414726015,308.84036447643473,302.9372740873856,307.0390930175781,19683600,0.0,0.0
2023-09-29 00:00:00-04:00,311.06255226407086,312.74635389934775,308.3508611473558,309.1046447753906,24147300,0.0,0.0
2023-10-02 00:00:00-04:00,309.62346914878606,315.1154148364271,308.5466141242197,315.02728271484375,20570000,0.0,0.0
2023-10-03 00:00:00-04:00,314.0777619824239,314.6260036436558,304.6602303826851,306.79437255859375,21033500,0.0,0.0
2023-10-04 00:00:00-04:00,307.4208957324774,313.3044183025866,307.391528310135,312.24713134765625,20720100,0.0,0.0
2023-10-05 00:00:00-04:00,312.3743651035606,313.24564832750764,308.27254628304615,312.638671875,16965600,0.0,0.0
2023-10-06 00:00:00-04:00,309.88779008773105,322.26177952741045,309.6430516561737,320.3724060058594,25673600,0.0,0.0
2023-10-09 00:00:00-04:00,317.91520719974994,323.3483881671333,316.3782427539174,322.8785095214844,19891200,0.0,0.0
2023-10-10 00:00:00-04:00,323.9945568948938,324.13162477364205,320.7738202479149,321.4786682128906,20557100,0.0,0.0
2023-10-11 00:00:00-04:00,324.23927254305164,325.81540366125716,322.21286092721374,325.423828125,20063200,0.0,0.0
2023-10-12 00:00:00-04:00,323.6127894514465,326.6083859172805,321.8017188086289,324.19036865234375,19313100,0.0,0.0
2023-10-13 00:00:00-04:00,325.38471034218486,326.80417560812504,319.49138859402285,320.83258056640625,21072400,0.0,0.0
2023-10-16 00:00:00-04:00,324.08262791660326,329.06552880865223,323.6421166530187,325.6391906738281,22158000,0.0,0.0
2023-10-17 00:00:00-04:00,322.6533636519186,326.44190989346447,320.5192516418675,325.0713806152344,18338500,0.0,0.0
2023-10-18 00:00:00-04:00,325.4923600401383,328.5271229876209,321.3905409680336,323.1624450683594,23153600,0.0,0.0
2023-10-19 00:00:00-04:00,325.15953397789394,329.7899967094516,323.9456406942705,324.3470153808594,25052100,0.0,0.0
2023-10-20 00:00:00-04:00,324.7385967213242,324.93439945615916,318.60056637565555,319.7948913574219,25027700,0.0,0.0
2023-10-23 00:00:00-04:00,318.620120705819,325.7273354388913,317.56286365993043,322.38909912109375,24374700,0.0,0.0
2023-10-24 00:00:00-04:00,324.32742268148115,324.8560661648909,320.7053110922139,323.5736389160156,31153600,0.0,0.0
2023-10-25 00:00:00-04:00,337.7586697804962,338.91385810810175,330.5144167677778,333.500244140625,55053800,0.0,0.0
2023-10-26 00:00:00-04:00,333.37289379084336,334.4399497145707,320.05911779819354,320.9891357421875,37828500,0.0,0.0
2023-10-27 00:00:00-04:00,323.4757210351802,329.63334926048014,321.4884458683103,322.8687744140625,29856500,0.0,0.0
2023-10-30 00:00:00-04:00,326.39299310170355,332.3058824741977,324.84622935304117,330.2109069824219,22828100,0.0,0.0
2023-10-31 00:00:00-04:00,331.71852577091533,331.865362876774,327.64607407506094,330.99407958984375,20265300,0.0,0.0
2023-11-01 00:00:00-04:00,332.6387611479277,340.1081843444484,332.5016932588563,338.7865905761719,28158800,0.0,0.0
2023-11-02 00:00:00-04:00,339.9318795140481,341.4884123407966,337.51386263532146,340.9891662597656,24348100,0.0,0.0
2023-11-03 00:00:00-04:00,342.2715507237952,346.93137940322146,340.0199395266731,345.37481689453125,23637700,0.0,0.0
2023-11-06 00:00:00-05:00,346.0112028872033,350.0151200008031,345.91330154053924,349.0263671875,23828300,0.0,0.0
2023-11-07 00:00:00-05:00,351.8359771725129,354.83157330344505,350.10323976353783,352.94219970703125,25833900,0.0,0.0
2023-11-08 00:00:00-05:00,354.06806216465225,356.2119737336277,352.96183940642334,355.55609130859375,26767800,0.0,0.0
2023-11-09 00:00:00-05:00,354.67500901172906,357.11262469595323,352.7758359325908,353.0989074707031,24847300,0.0,0.0
2023-11-10 00:00:00-05:00,353.88202716517856,362.31083557483976,353.47088326732273,361.889892578125,28042100,0.0,0.0
2023-11-13 00:00:00-05:00,360.4703657564029,360.715104203908,358.19918579348337,358.9627685546875,19986500,0.0,0.0
2023-11-14 00:00:00-05:00,363.20168005612413,364.1218990717547,359.61870535436486,362.47723388671875,27683900,0.0,0.0
2023-11-15 00:00:00-05:00,364.20368992773217,366.0184363495822,360.1131537221127,362.6243896484375,26860100,0.75,0.0
2023-11-16 00:00:00-05:00,363.8898257041159,369.17711149272384,363.1246930041327,369.00054931640625,27182300,0.0,0.0
2023-11-17 00:00:00-05:00,366.4893122703207,367.2348369276998,360.00530734381556,362.8009948730469,40157000,0.0,0.0
2023-11-20 00:00:00-05:00,364.1447942149405,371.6489843017366,363.9289860715847,370.2462463378906,52465100,0.0,0.0
2023-11-21 00:00:00-05:00,368.51001608638865,369.0495215118682,364.04671781694736,365.9595642089844,28423100,0.0,0.0
2023-11-22 00:00:00-05:00,370.79557261305655,372.55146479135436,367.8233235855797,370.6484375,23345300,0.0,0.0
2023-11-24 00:00:00-05:00,370.1383806452385,370.766197129462,367.99014782412655,370.2364807128906,10176600,0.0,0.0
2023-11-27 00:00:00-05:00,369.5988734413345,373.38532049617334,369.02994094912424,371.39398193359375,22179200,0.0,0.0
2023-11-28 00:00:00-05:00,371.1389683050371,375.7003371685908,370.95258715281994,375.40606689453125,20453100,0.0,0.0
2023-11-29 00:00:00-05:00,376.4458788431164,376.9755653604363,370.2463253437472,371.62945556640625,28963400,0.0,0.0
2023-11-30 00:00:00-05:00,371.27622416915216,372.8457352264803,368.31379412619617,371.688232421875,30554400,0.0,0.0
2023-12-01 00:00:00-05:00,369.579278745005,370.9525899274523,364.23313921740737,367.3721618652344,33040500,0.0,0.0
2023-12-04 00:00:00-05:00,362.0652461744231,362.47722453595185,355.9834013927852,362.1044921875,32063300,0.0,0.0
2023-12-05 00:00:00-05:00,359.46575623768496,365.9693683802573,358.65155863650625,365.4200439453125,23065000,0.0,0.0
2023-12-06 00:00:00-05:00,366.4206763695036,367.0484629860128,361.01568236902807,361.77099609375,21182100,0.0,0.0
2023-12-07 00:00:00-05:00,361.21181439248187,364.3704447283438,359.3382140130918,363.8799743652344,23118900,0.0,0.0
2023-12-08 00:00:00-05:00,362.1633422956095,367.3230703614092,361.2118285564288,367.09747314453125,20154400,0.0,0.0
2023-12-11 00:00:00-05:00,361.45703660419446,364.51756677042914,359.1223929698161,364.2232666015625,27708800,0.0,0.0
2023-12-12 00:00:00-05:00,363.78190900979564,367.28387492110465,363.3993277208236,367.24462890625,24838300,0.0,0.0
2023-12-13 00:00:00-05:00,368.8533179256787,370.44246703468053,363.7033791572921,367.2347717285156,30955500,0.0,0.0
2023-12-14 00:00:00-05:00,366.19500581642444,366.63644114858533,357.18997650221536,358.9556579589844,43277500,0.0,0.0
2023-12-15 00:00:00-05:00,359.858129570657,365.30233890168853,359.29898614385536,363.6641845703125,78502300,0.0,0.0
2023-12-18 00:00:00-05:00,362.4085843593443,365.89091216563435,361.65324079721444,365.5475769042969,21802900,0.0,0.0
2023-12-19 00:00:00-05:00,364.4097116072821,366.14599609375,362.7911651705603,366.14599609375,20603700,0.0,0.0
2023-12-20 00:00:00-05:00,367.8527690284867,368.8631367699809,363.46796282422974,363.5562438964844,26316700,0.0,0.0
2023-12-21 00:00:00-05:00,365.45929104730993,367.2740374598463,362.98733108269056,366.4206237792969,17708000,0.0,0.0
2023-12-22 00:00:00-05:00,366.55792471126443,368.02933580590116,365.606411005962,367.4407653808594,17107500,0.0,0.0
2023-12-26 00:00:00-05:00,367.8528339374102,369.75586165985493,366.3814226016606,367.5193176269531,12673100,0.0,0.0
2023-12-27 00:00:00-05:00,366.5677589576593,367.9116430236214,365.70452628978785,366.9405212402344,14905400,0.0,0.0
2023-12-28 00:00:00-05:00,368.2157530058411,369.2849749136942,367.02882298863733,368.1274719238281,14327000,0.0,0.0
2023-12-29 00:00:00-05:00,368.8337398258849,369.9716347431921,366.361779793351,368.87298583984375,18730800,0.0,0.0
2024-01-02 00:00:00-05:00,366.73451711634624,368.7356447522221,359.7796503608471,363.801513671875,25258600,0.0,0.0
2024-01-03 00:00:00-05:00,361.97695939537715,366.1459576250118,361.48648901542015,363.5366516113281,23083500,0.0,0.0
2024-01-04 00:00:00-05:00,363.6053473830013,365.98902639400353,360.17205450864094,360.9273681640625,20901500,0.0,0.0
2024-01-05 00:00:00-05:00,361.93771572916546,364.96881910463645,359.5147908390338,360.740966796875,21004600,0.0,0.0
2024-01-08 00:00:00-05:00,362.26142084093584,368.04899543580075,361.9769695664422,367.5487060546875,23134000,0.0,0.0
2024-01-09 00:00:00-05:00,364.91979160608497,368.8239167777909,364.1154129764403,368.62774658203125,20830000,0.0,0.0
2024-01-10 00:00:00-05:00,369.1967157740048,376.84807263186053,369.14768070417387,375.4747314453125,25514200,0.0,0.0
2024-01-11 00:00:00-05:00,378.64313944413783,383.2339350900792,373.1302570741052,377.29925537109375,27850800,0.0,0.0
2024-01-12 00:00:00-05:00,378.14285622037966,381.27205974083927,377.31886954764786,381.0660705566406,21661200,0.0,0.0
2024-01-16 00:00:00-05:00,386.15716028479716,386.52010359232963,380.2322694497991,382.8317565917969,27202300,0.0,0.0
2024-01-17 00:00:00-05:00,380.58540492477397,382.67478358686355,377.47580955942465,382.0469970703125,22234100,0.0,0.0
2024-01-18 00:00:00-05:00,384.2541120354354,386.48083676243556,382.68460084723523,386.3631286621094,23392100,0.0,0.0
2024-01-19 00:00:00-05:00,388.21717473718036,391.07171630859375,386.00023875466667,391.07171630859375,29331100,0.0,0.0
2024-01-22 00:00:00-05:00,392.39593223013395,392.9845027036078,386.0884900033909,388.9528503417969,27016900,0.0,0.0
2024-01-23 00:00:00-05:00,388.2073142541726,391.7681340805433,386.4219948473302,391.2972717285156,20525900,0.0,0.0
2024-01-24 00:00:00-05:00,393.8869938433054,397.89903829237466,392.81777191847715,394.8875427246094,24867000,0.0,0.0
2024-01-25 00:00:00-05:00,396.613997943498,399.25273113363767,394.858105500646,397.15350341796875,21021200,0.0,0.0
2024-01-26 00:00:00-05:00,396.66300059602537,398.4287118822507,394.75997317345707,396.23138427734375,17803300,0.0,0.0
2024-01-29 00:00:00-05:00,398.32076431346576,402.1660648947645,396.6237261848935,401.9110107421875,24510200,0.0,0.0
2024-01-30 00:00:00-05:00,404.4026167586847,405.1775383466925,398.7033537683388,400.80255126953125,33477600,0.0,0.0
2024-01-31 00:00:00-05:00,399.20367116692984,407.404352059521,389.6394980894709,390.00244140625,47871100,0.0,0.0
2024-02-01 00:00:00-05:00,394.1713822058696,400.2237994029656,394.1419551827626,396.084228515625,30657700,0.0,0.0
2024-02-02 00:00:00-05:00,396.11373185699847,404.78524558913676,395.86849663854684,403.38250732421875,28256700,0.0,0.0
2024-02-05 00:00:00-05:00,402.087638647816,403.3236336682533,396.29027477301287,397.91864013671875,25352300,0.0,0.0
2024-02-06 00:00:00-05:00,398.14423897907153,400.1944015675409,395.23084373526007,397.76165771484375,18382600,0.0,0.0
2024-02-07 00:00:00-05:00,399.6744742384372,406.4037129539298,399.6352282290594,406.1584777832031,22340500,0.0,0.0
2024-02-08 00:00:00-05:00,406.158553169539,407.63978345515557,404.66753383171147,406.2174072265625,21225300,0.0,0.0
2024-02-09 00:00:00-05:00,407.3356331031592,412.799480086422,407.17867899598485,412.53460693359375,22032800,0.0,0.0
2024-02-12 00:00:00-05:00,412.54446380988065,412.7210259706923,406.8452001103824,407.3454895019531,21202900,0.0,0.0
2024-02-13 00:00:00-05:00,397.22219404093613,402.25442543992307,395.70174768308635,398.5758972167969,27824900,0.0,0.0
2024-02-14 00:00:00-05:00,401.03272774217567,402.7721928081846,397.5930862054174,402.42822265625,20401200,0.75,0.0
2024-02-15 00:00:00-05:00,401.10153638347543,402.07445398469247,397.31792461353893,399.54876708984375,21825500,0.0,0.0
2024-02-16 00:00:00-05:00,400.92465682975353,401.2489827226472,396.48261574205486,397.0919189453125,22296500,0.0,0.0
2024-02-20 00:00:00-05:00,396.28606324841394,397.5145068330212,391.1462744848481,395.8438415527344,24307900,0.0,0.0
2024-02-21 00:00:00-05:00,393.2689765841808,395.3524118295115,390.3698381114288,395.2442932128906,18518900,0.0,0.0
2024-02-22 00:00:00-05:00,403.1162117164581,405.7106689082216,401.5241536683513,404.551025390625,27009900,0.0,0.0
2024-02-23 00:00:00-05:00,408.5016799323737,408.6883757427927,401.9172111140197,403.2635803222656,16295900,0.0,0.0
2024-02-26 00:00:00-05:00,404.3642838981377,405.05222425854834,400.3349831970826,400.51190185546875,16193500,0.0,0.0
2024-02-27 00:00:00-05:00,400.9540653434054,401.2783911773055,396.8854766342273,400.452880859375,14835800,0.0,0.0
2024-02-28 00:00:00-05:00,401.1408405413653,402.24152110085487,398.33017625490425,400.68878173828125,13183100,0.0,0.0
2024-02-29 00:00:00-05:00,401.5929096701564,407.05702360240457,398.91981558888216,406.5066833496094,31947300,0.0,0.0
2024-03-01 00:00:00-05:00,404.17756158377745,408.6982397267373,403.7943028017663,408.3346252441406,17823400,0.0,0.0
2024-03-04 00:00:00-05:00,406.3100996705869,410.1526740907754,405.2094192211678,407.76458740234375,17596000,0.0,0.0
2024-03-05 00:00:00-05:00,406.8211614689715,407.1061687535314,393.7308905561475,395.7062072753906,26919200,0.0,0.0
2024-03-06 00:00:00-05:00,396.02071283324057,398.17294829822555,391.5197089331465,395.1558837890625,22344100,0.0,0.0
2024-03-07 00:00:00-05:00,399.1162904507838,402.71317585957996,395.30319783190845,402.084228515625,18718500,0.0,0.0
2024-03-08 00:00:00-05:00,400.92464441897226,403.3422428484954,397.35723965535834,399.21466064453125,18002200,0.0,0.0
2024-03-11 00:00:00-04:00,396.7971025481086,398.68397503984977,394.34021545583295,397.5439758300781,16120800,0.0,0.0
2024-03-12 00:00:00-04:00,400.5905029088669,408.4034154899357,399.7748296289143,408.118408203125,22457000,0.0,0.0
2024-03-13 00:00:00-04:00,410.88979275530687,410.96839994406946,404.3544792559954,407.9415283203125,17115900,0.0,0.0
2024-03-14 00:00:00-04:00,412.99286375239626,420.4421618629372,410.7816654727546,417.8869934082031,34157300,0.0,0.0
2024-03-15 00:00:00-04:00,412.05927102600424,415.31218703472393,405.67136478668334,409.23876953125,45079900,0.0,0.0
2024-03-18 00:00:00-04:00,407.10616562272253,413.4744273628243,406.6442696787311,410.12322998046875,20106000,0.0,0.0
2024-03-19 00:00:00-04:00,410.62442124737834,414.39822603826195,408.38374152289526,414.1427001953125,19837900,0.0,0.0
2024-03-20 00:00:00-04:00,414.7225113763612,418.61421185332546,413.4056235884817,417.8968200683594,17860100,0.0,0.0
2024-03-21 00:00:00-04:00,422.4174518440492,423.3903994195494,419.79351351352574,421.96539306640625,21296200,0.0,0.0
2024-03-22 00:00:00-04:00,422.2897797457437,422.44699413264203,418.72237476810477,421.3463134765625,17648500,0.0,0.0
2024-03-25 00:00:00-04:00,417.9066185646381,420.03920955948905,414.33921403828305,415.5676574707031,18060500,0.0,0.0
2024-03-26 00:00:00-04:00,418.2702405050307,418.64369211377476,414.08372560652526,414.3785400390625,16725600,0.0,0.0
2024-03-27 00:00:00-04:00,417.12045509904823,417.13029224439015,411.7841036640323,414.162353515625,16705000,0.0,0.0
2024-03-28 00:00:00-04:00,413.70042062857715,414.5947310272611,411.89215553357553,413.4645690917969,21871200,0.0,0.0
2024-04-01 00:00:00-04:00,416.6388963047316,420.5109524938084,414.9387197575333,417.2481994628906,16316000,0.0,0.0
2024-04-02 00:00:00-04:00,412.8650690915943,415.0959414899842,410.6342266844982,414.1721496582031,17912000,0.0,0.0
2024-04-03 00:00:00-04:00,412.49169510873463,415.960818454912,411.86271762245,413.19927978515625,16502300,0.0,0.0
2024-04-04 00:00:00-04:00,417.66098731056826,421.27754806630895,410.368962888124,410.6736145019531,19370900,0.0,0.0
2024-04-05 00:00:00-04:00,412.76686502075876,419.15477140454254,411.1060069616712,418.18182373046875,16554800,0.0,0.0
2024-04-08 00:00:00-04:00,417.8378979159273,419.91149627913853,416.00012113110665,417.26788330078125,14272400,0.0,0.0
2024-04-09 00:00:00-04:00,419.08592477391875,420.3634939121141,414.3490398303801,418.9286804199219,12496900,0.0,0.0
2024-04-10 00:00:00-04:00,414.90923013212864,416.7174952724338,412.4621804028437,415.9607849121094,16216600,0.0,0.0
2024-04-11 00:00:00-04:00,418.4766338120234,421.96540116941117,415.07628079166767,420.55023193359375,17966400,0.0,0.0
2024-04-12 00:00:00-04:00,416.7370925001137,417.84761004033385,412.5309038465745,414.6241760253906,19253800,0.0,0.0
2024-04-15 00:00:00-04:00,419.24317632918917,419.45938357073686,406.3002832613404,406.5066833496094,20273500,0.0,0.0
2024-04-16 00:00:00-04:00,407.42067380289205,411.1846115754289,406.59516335126955,407.43048095703125,16765600,0.0,0.0
2024-04-17 00:00:00-04:00,410.0544389834795,411.65633410094387,403.25376259314334,404.73773193359375,15855500,0.0,0.0
2024-04-18 00:00:00-04:00,403.5485840383649,404.786864609064,396.983789567324,397.2982482910156,21029900,0.0,0.0
2024-04-19 00:00:00-04:00,397.0623898394721,398.4873961854359,390.9103356715456,392.237060546875,30565800,0.0,0.0
2024-04-22 00:00:00-04:00,393.18052011404563,395.9027700554988,388.9252051027742,394.04534912109375,20286900,0.0,0.0
2024-04-23 00:00:00-04:00,397.26876128202184,401.1604915950337,396.10911790196513,400.5413513183594,15734500,0.0,0.0
2024-04-24 00:00:00-04:00,402.4969925599919,405.3568121940371,399.7649358292137,402.005615234375,15065300,0.0,0.0
2024-04-25 00:00:00-04:00,387.2348667133991,392.9938253486681,381.3383380037112,392.1584777832031,40586500,0.0,0.0
2024-04-26 00:00:00-04:00,405.0620796331898,405.8777529623426,398.76261744709456,399.3129577636719,29694700,0.0,0.0
2024-04-29 00:00:00-04:00,398.2613746922827,399.31292950505053,392.30588312333157,395.3131103515625,19582100,0.0,0.0
2024-04-30 00:00:00-04:00,394.5662074998568,395.2246663994194,382.4586913890698,382.61590576171875,28781400,0.0,0.0
2024-05-01 00:00:00-04:00,385.8393454420747,394.7922572147303,383.57902141142335,388.1291809082031,23562500,0.0,0.0
2024-05-02 00:00:00-04:00,390.80223732859616,393.03307969917586,387.8441360864439,390.9791259765625,17709400,0.0,0.0
2024-05-03 00:00:00-04:00,395.34262364373967,400.12863501045786,394.9298534066163,399.6470947265625,17446700,0.0,0.0
2024-05-06 00:00:00-04:00,401.71081997342634,406.79164496723695,399.3620218492585,406.40838623046875,16996600,0.0,0.0
2024-05-07 00:00:00-04:00,407.5090851826696,407.5189223273103,402.0351340682459,402.28082275390625,20018200,0.0,0.0
2024-05-08 00:00:00-04:00,401.13105042212936,405.1210326153664,399.6962067828019,403.4601745605469,11792300,0.0,0.0
2024-05-09 00:00:00-04:00,403.48962134136315,405.60253803694064,402.04497067197207,405.2094421386719,14689700,0.0,0.0
2024-05-10 00:00:00-04:00,405.8187609135271,408.2166849740278,404.698406069441,407.58770751953125,13402300,0.0,0.0
2024-05-13 00:00:00-04:00,410.8012920746048,411.13542506578466,403.73528354862395,406.58526611328125,15440200,0.0,0.0
2024-05-14 00:00:00-04:00,404.91462752191757,410.29029755221785,404.45273155985166,409.3763427734375,15109300,0.0,0.0
2024-05-15 00:00:00-04:00,411.43396907005973,417.25252925056685,410.81371203905996,416.5338134765625,22239500,0.75,0.0
2024-05-16 00:00:00-04:00,415.2736305334928,418.8376448328751,413.8460838814957,414.4761657714844,17530100,0.0,0.0
2024-05-17 00:00:00-04:00,416.00224831627656,416.3763735645946,411.56201978291415,413.7082824707031,15352200,0.0,0.0
2024-05-20 00:00:00-04:00,413.7082502471213,420.1667475860199,413.49165301735496,418.7588806152344,16272100,0.0,0.0
2024-05-21 00:00:00-04:00,420.22581467067795,426.27082729608003,418.2764696581723,422.4016418457031,21453300,0.0,0.0
2024-05-22 00:00:00-04:00,423.43539455106486,425.71950537683756,420.5212017999642,423.8587341308594,18073700,0.0,0.0
2024-05-23 00:00:00-04:00,426.27087998656725,426.89113712917566,418.8377092557477,420.39324951171875,17211700,0.0,0.0
2024-05-24 00:00:00-04:00,420.58028575397856,424.3904021961967,417.8433006318776,423.50433349609375,11855300,0.0,0.0
2024-05-28 00:00:00-04:00,422.9825388810405,424.15412896604386,419.999421868943,423.661865234375,15718000,0.0,0.0
2024-05-29 00:00:00-04:00,419.1035269800693,424.2722965166483,419.1035269800693,422.5296936035156,15517100,0.0,0.0
2024-05-30 00:00:00-04:00,417.7349716036768,417.7349716036768,407.8306281783295,408.2539978027344,28394500,0.0,0.0
2024-05-31 00:00:00-04:00,410.3018082986228,410.3018082986228,398.25120211572766,408.7068786621094,47995300,0.0,0.0
2024-06-03 00:00:00-04:00,409.10064418608687,409.98671278257075,402.59293289369214,407.1217346191406,17484700,0.0,0.0
2024-06-04 00:00:00-04:00,406.04859979558495,409.9965640062738,403.34114963612075,409.6322937011719,14348900,0.0,0.0
2024-06-05 00:00:00-04:00,411.3454112041521,417.5183874951578,409.8587651411263,417.4494934082031,16988000,0.0,0.0
2024-06-06 00:00:00-04:00,417.44948005128595,418.7293536763162,414.0725281736093,417.9515686035156,14861300,0.0,0.0
2024-06-07 00:00:00-04:00,419.60557647742206,419.6843254469309,416.45507688003147,417.29193115234375,13621700,0.0,0.0
2024-06-10 00:00:00-04:00,418.12879037210877,421.45646767892094,417.33132559781046,421.2497253417969,13982900,0.0,0.0
2024-06-11 00:00:00-04:00,418.89674157876317,426.1231693068597,418.670289453605,425.9853210449219,14551100,0.0,0.0
2024-06-12 00:00:00-04:00,428.58450914389596,436.5394779500611,426.5465300525426,434.2356872558594,22366200,0.0,0.0
2024-06-13 00:00:00-04:00,434.02890334988575,436.5296113185569,432.57179200487434,434.7475891113281,15960600,0.0,0.0
2024-06-14 00:00:00-04:00,431.4986289418585,436.2834473000101,429.962768739338,435.7222595214844,13582000,0.0,0.0
2024-06-17 00:00:00-04:00,435.741958721063,443.9627681496181,433.9008973733048,441.4325256347656,20790000,0.0,0.0
2024-06-18 00:00:00-04:00,442.75181252074634,443.1751821409538,438.00641324566425,439.4339599609375,17112500,0.0,0.0
2024-06-20 00:00:00-04:00,439.39452535605096,439.6209774531351,434.442354200725,438.8038330078125,19877400,0.0,0.0
2024-06-21 00:00:00-04:00,440.4578496032106,443.6083190884872,439.6013156180092,442.8207092285156,34187100,0.0,0.0
2024-06-24 00:00:00-04:00,442.8404263927747,445.74479433203504,439.5028940256874,440.743408203125,15913700,0.0,0.0
2024-06-25 00:00:00-04:00,441.3143898379412,444.4353547941903,439.83759879553867,443.9726257324219,16413400,0.0,0.0
2024-06-26 00:00:00-04:00,442.0527391341704,446.5815705330412,441.2552744582943,445.1638488769531,16507000,0.0,0.0
2024-06-27 00:00:00-04:00,445.18358463488477,449.1118693221635,444.7799248025884,445.8432312011719,14806300,0.0,0.0
2024-06-28 00:00:00-04:00,446.059848949654,448.3341049043701,439.50289267468526,440.0345458984375,28362300,0.0,0.0
2024-07-01 00:00:00-04:00,441.7180347396165,450.293259356771,438.76445275458883,449.6631774902344,17662800,0.0,0.0
2024-07-02 00:00:00-04:00,446.18782328625804,452.4789376582484,446.09918938158694,452.1737365722656,13979800,0.0,0.0
2024-07-03 00:00:00-04:00,451.10061852531385,453.88681788882053,450.7954174304016,453.64068603515625,9932800,0.0,0.0
2024-07-05 00:00:00-04:00,452.498587816865,461.1033770377166,451.8685059547019,460.3255920410156,16000300,0.0,0.0
2024-07-08 00:00:00-04:00,459.33123257528905,460.46346308739743,457.2735739768986,459.0260314941406,12962300,0.0,0.0
2024-07-09 00:00:00-04:00,459.77431483044427,460.09919566591896,450.9135678636905,452.42974853515625,17207200,0.0,0.0
2024-07-10 00:00:00-04:00,454.0837473649462,459.24266153927346,451.76024698147666,459.0359191894531,18196100,0.0,0.0
2024-07-11 00:00:00-04:00,455.8165594696292,457.5886969775325,444.56338714463874,447.6646728515625,23111200,0.0,0.0
2024-07-12 00:00:00-04:00,447.3003398715442,449.2989293786312,443.6772860929006,446.53240966796875,16324300,0.0,0.0
2024-07-15 00:00:00-04:00,446.28627396172595,450.185024234339,444.44521246679955,446.9360656738281,14429400,0.0,0.0
2024-07-16 00:00:00-04:00,447.19201839056086,447.27076735934133,439.7489939570935,442.5647277832031,17175700,0.0,0.0
2024-07-17 00:00:00-04:00,435.74195902538145,437.9670004651751,432.38471713490526,436.6575622558594,21778000,0.0,0.0
2024-07-18 00:00:00-04:00,437.46494130393756,437.7701424222079,427.67873564964367,433.5563659667969,20794800,0.0,0.0
2024-07-19 00:00:00-04:00,426.39880643244663,434.31441483454387,425.3158203253179,430.34674072265625,20940400,0.0,0.0
2024-07-22 00:00:00-04:00,434.95437784378936,437.7208974938516,432.1189340633458,436.0865783691406,15808800,0.0,0.0
2024-07-23 00:00:00-04:00,437.0317583747776,441.45230735280467,436.2441483800791,437.9670715332031,13107100,0.0,0.0
2024-07-24 00:00:00-04:00,433.6351347306288,434.6491968195245,420.9740958851319,422.2638244628906,26805800,0.0,0.0
2024-07-25 00:00:00-04:00,422.1653487650477,423.14987619224735,411.05005574464656,411.92626953125,29943800,0.0,0.0
2024-07-26 00:00:00-04:00,411.7293557750341,422.28349032231534,410.8137224917234,418.68994140625,23583800,0.0,0.0
2024-07-29 00:00:00-04:00,424.9023450000168,425.46353285919287,418.12882136064246,420.1274108886719,15125800,0.0,0.0
2024-07-30 00:00:00-04:00,421.1020622928212,422.4114705197089,410.90234276735913,416.3763427734375,32687600,0.0,0.0
2024-07-31 00:00:00-04:00,413.9937725831716,415.2539664560443,405.8320320070505,411.8770446777344,42891400,0.0,0.0
2024-08-01 00:00:00-04:00,414.2792724511176,420.84605305704525,406.69839983005807,410.65618896484375,30296400,0.0,0.0
2024-08-02 00:00:00-04:00,406.10766494731143,408.57883813707474,398.08377329176966,402.1695556640625,29437900,0.0,0.0
2024-08-05 00:00:00-04:00,383.1485258419234,394.8348607957488,379.61404618021845,389.0359802246094,40709200,0.0,0.0
2024-08-06 00:00:00-04:00,393.81095153508136,399.39323499306323,392.3341604668248,393.4269714355469,24946500,0.0,0.0
2024-08-07 00:00:00-04:00,402.3173368345742,403.73502880977026,391.32015130804484,392.2652893066406,20650900,0.0,0.0
2024-08-08 00:00:00-04:00,396.2132187300544,399.58028569311574,393.7519001712231,396.4593505859375,20203000,0.0,0.0
2024-08-09 00:00:00-04:00,397.7786234799922,401.736413003281,396.0360207139592,399.7378234863281,19276700,0.0,0.0
2024-08-12 00:00:00-04:00,400.76172633567404,402.43543495594565,397.98535182009545,400.5155944824219,16762900,0.0,0.0
2024-08-13 00:00:00-04:00,403.2525628062739,408.5296451452922,403.23288307516907,407.60418701171875,19414300,0.0,0.0
2024-08-14 00:00:00-04:00,408.3820014539116,411.25683501944593,406.06838582856113,410.4101257324219,18267000,0.0,0.0
2024-08-15 00:00:00-04:00,414.0495331175792,415.34158622213624,411.9388626649199,415.2626953125,20752100,0.75,0.0
2024-08-16 00:00:00-04:00,414.83859034033384,415.5684441235936,411.5837759699612,412.7377624511719,22775600,0.0,0.0
2024-08-19 00:00:00-04:00,413.22105614207504,415.9728470077707,410.75530126947416,415.755859375,15234000,0.0,0.0
2024-08-20 00:00:00-04:00,415.9235063802004,420.0264956299884,415.864330676567,418.98101806640625,16387600,0.0,0.0
2024-08-21 00:00:00-04:00,418.27087232284174,420.5590998224222,415.9432144212139,418.330078125,16067300,0.0,0.0
2024-08-22 00:00:00-04:00,418.54707521874735,420.94381179948715,408.9306313403218,409.8577575683594,19361900,0.0,0.0
2024-08-23 00:00:00-04:00,411.26824086247194,413.5170083391479,406.4452093759086,411.0808410644531,18493800,0.0,0.0
2024-08-26 00:00:00-04:00,410.6665125068156,411.5640508373135,405.7054152115458,407.8259582519531,13152800,0.0,0.0
2024-08-27 00:00:00-04:00,407.2046168469379,408.68406980179446,404.6303831532702,408.17120361328125,13492900,0.0,0.0
2024-08-28 00:00:00-04:00,409.1969570716752,409.3153084895278,401.7306441001557,404.9755859375,14882700,0.0,0.0
2024-08-29 00:00:00-04:00,409.25610570352524,416.268697643249,404.9755591436319,407.4610290527344,17045200,0.0,0.0
2024-08-30 00:00:00-04:00,409.90708149754283,411.7711764633265,406.4846126518204,411.4259948730469,24308300,0.0,0.0
2024-09-03 00:00:00-04:00,412.18542969380115,414.1284456363182,401.45446023053216,403.8314514160156,20313600,0.0,0.0
2024-09-04 00:00:00-04:00,400.34985575804666,405.6068322704441,398.8309422223781,403.29888916015625,15135800,0.0,0.0
2024-09-05 00:00:00-04:00,402.0363656944642,407.44131080829675,400.56678553175374,402.79583740234375,14195500,0.0,0.0
2024-09-06 00:00:00-04:00,403.4566466739337,405.02486305915306,395.3097834719027,396.1974792480469,19609500,0.0,0.0
2024-09-09 00:00:00-04:00,401.6615826272171,403.0522719406784,396.6413094868822,400.16241455078125,15295100,0.0,0.0
2024-09-10 00:00:00-04:00,402.6084339185776,410.62704280907684,402.1152829853601,408.5262451171875,19594300,0.0,0.0
2024-09-11 00:00:00-04:00,409.80848319257257,418.1821775855184,403.9695620775317,417.2452087402344,19266900,0.0,0.0
2024-09-12 00:00:00-04:00,417.51148327493246,421.51586685329676,414.00025068010603,421.15093994140625,17395700,0.0,0.0
2024-09-13 00:00:00-04:00,419.9969049719398,425.914716092092,419.63197810212404,424.69171142578125,15874600,0.0,0.0
2024-09-16 00:00:00-04:00,424.70160374609685,427.5914610863902,422.3542004104568,425.43145751953125,13834700,0.0,0.0
2024-09-17 00:00:00-04:00,434.1997005769437,435.79750485485505,426.3487157034463,429.18927001953125,18874200,0.0,0.0
2024-09-18 00:00:00-04:00,429.04136013434226,430.05724996700025,424.5142376703877,424.90875244140625,18898000,0.0,0.0
2024-09-19 00:00:00-04:00,435.1860014052933,435.452292084435,430.91529729082623,432.6807861328125,21706600,0.0,0.0
2024-09-20 00:00:00-04:00,431.23091793236443,433.22323693457605,428.27201223229315,429.3076171875,55167100,0.0,0.0
2024-09-23 00:00:00-04:00,428.33121902605126,430.48135010026584,424.4945200082598,427.57177734375,15128900,0.0,0.0
2024-09-24 00:00:00-04:00,427.06878333515726,427.4139950690794,420.2633052788256,423.291259765625,17015800,0.0,0.0
2024-09-25 00:00:00-04:00,423.94212038705155,427.18706197372046,422.6994004960537,426.1908874511719,13396400,0.0,0.0
2024-09-26 00:00:00-04:00,429.1301061037402,429.3372210826113,423.251754987828,425.4018859863281,14492000,0.0,0.0
2024-09-27 00:00:00-04:00,425.60900874647825,425.9345052473445,421.61449786891575,422.1569519042969,14896100,0.0,0.0
2024-09-30 00:00:00-04:00,422.3443029301565,424.5240516705587,419.54320931350645,424.4056701660156,16807300,0.0,0.0
2024-10-01 00:00:00-04:00,422.58108089859957,422.61066875300435,413.07311568923785,414.9273681640625,19092900,0.0,0.0
2024-10-02 00:00:00-04:00,416.79143435299875,417.02816727140424,411.00184714518315,411.4161071777344,16582300,0.0,0.0
2024-10-03 00:00:00-04:00,411.9092940444477,413.8029769595959,408.6150490966078,410.834228515625,13686400,0.0,0.0
2024-10-04 00:00:00-04:00,412.5109097932594,414.00023534021534,409.28571331626097,410.36077880859375,19169700,0.0,0.0
2024-10-07 00:00:00-04:00,410.3015550074602,411.3963355742429,403.3974423030078,403.9300537109375,20919800,0.0,0.0
2024-10-08 00:00:00-04:00,405.2714281620606,409.9662346464486,402.5788433485802,409.02923583984375,19229300,0.0,0.0
2024-10-09 00:00:00-04:00,410.1635185105957,414.62162263212304,408.6248898614367,411.7416076660156,14974300,0.0,0.0
2024-10-10 00:00:00-04:00,409.5421386142519,411.63309377445904,407.49061385739407,410.1437683105469,13848400,0.0,0.0
2024-10-11 00:00:00-04:00,410.4396908978323,411.41612015597997,407.589263932771,410.6172180175781,14144900,0.0,0.0
2024-10-14 00:00:00-04:00,412.0473616280092,418.2314942204609,411.8007861364326,413.39862060546875,16653100,0.0,0.0
2024-10-15 00:00:00-04:00,416.3969398711013,416.69284850861214,409.57174739931537,413.0040588378906,18900200,0.0,0.0
2024-10-16 00:00:00-04:00,409.4829531752425,410.65662468764714,404.85719508098555,410.419921875,15508900,0.0,0.0
2024-10-17 00:00:00-04:00,416.57447660649984,416.7125733271007,409.89722324961605,411.0117492675781,14820000,0.0,0.0
2024-10-18 00:00:00-04:00,411.4260201751563,413.90161766396704,410.5580696214905,412.4320373535156,17145300,0.0,0.0
2024-10-21 00:00:00-04:00,410.4199513395574,413.22104518863654,408.08242059822123,413.04351806640625,14206100,0.0,0.0
2024-10-22 00:00:00-04:00,412.75746835174544,424.68185459098345,412.31365056093216,421.6539306640625,25482200,0.0,0.0
2024-10-23 00:00:00-04:00,424.95801224079617,425.1749998576998,416.7421308498749,418.7837829589844,19654400,0.0,0.0
2024-10-24 00:00:00-04:00,419.5037748840412,420.144895200207,416.6139175340375,418.9120178222656,13581600,0.0,0.0
2024-10-25 00:00:00-04:00,420.914242666979,426.5953216047658,420.72684288279277,422.2851867675781,16899100,0.0,0.0
2024-10-28 00:00:00-04:00,425.74710969864265,426.02327304477956,420.46051551603273,420.7465515136719,14882400,0.0,0.0
2024-10-29 00:00:00-04:00,422.1372373224,427.2364316805858,419.9673609785876,426.03314208984375,17644100,0.0,0.0
2024-10-30 00:00:00-04:00,431.44794042425275,432.4934181148105,426.1810914644013,426.6051940917969,29749100,0.0,0.0
2024-10-31 00:00:00-04:00,409.6703426075015,410.4594021869807,400.7344498042727,400.7837829589844,53971000,0.0,0.0
2024-11-01 00:00:00-04:00,403.4073925009318,409.80848287841667,401.9180668422498,404.7487487792969,24230400,0.0,0.0
2024-11-04 00:00:00-05:00,404.18653972407174,404.7980722358363,400.01450160866744,402.8648986816406,19672300,0.0,0.0
2024-11-05 00:00:00-05:00,402.7760918050739,409.2166418436789,402.4900558335031,405.8237609863281,17626000,0.0,0.0
2024-11-06 00:00:00-05:00,406.77069419877853,414.69069825173966,404.89669627254005,414.42437744140625,26681800,0.0,0.0
2024-11-07 00:00:00-05:00,415.5092700597973,421.0029789570154,414.12845339700306,419.6024169921875,19901800,0.0,0.0
2024-11-08 00:00:00-05:00,419.4939629624982,420.65779206836214,416.00244554535874,416.7520446777344,16891400,0.0,0.0
2024-11-11 00:00:00-05:00,416.7322894657105,418.99092936118404,410.301611581567,412.2840881347656,24503300,0.0,0.0
2024-11-12 00:00:00-05:00,412.5207686609151,418.6259798148705,411.485163708279,417.23529052734375,19401200,0.0,0.0
2024-11-13 00:00:00-05:00,415.8643474786666,423.4489813965326,412.4813090867046,419.3755798339844,21502200,0.0,0.0
2024-11-14 00:00:00-05:00,419.17835521776294,422.30494584048273,414.2468451563775,421.04248046875,30246900,0.0,0.0
2024-11-15 00:00:00-05:00,414.06929022111444,417.0084507566798,407.9739514183208,409.3153076171875,28247600,0.0,0.0
2024-11-18 00:00:00-05:00,409.18708769998454,412.6687324009395,406.4550421174999,410.0649108886719,24727000,0.0,0.0
2024-11-19 00:00:00-05:00,407.4511317111748,412.2149863727036,405.9125032750338,412.0670471191406,18133500,0.0,0.0
2024-11-20 00:00:00-05:00,411.1596854793811,411.57394553855335,404.9558378403451,409.798583984375,19191700,0.0,0.0
2024-11-21 00:00:00-05:00,414.5818472703372,414.85856338751086,405.47983232208855,408.0295715332031,20780200,0.83,0.0
2024-11-22 00:00:00-05:00,406.5471154925831,412.5064188915794,406.2407523286384,412.1111145019531,24814600,0.0,0.0
2024-11-25 00:00:00-05:00,413.4749606494442,416.14328803070504,409.9863472135053,413.8801574707031,27691100,0.0,0.0
2024-11-26 00:00:00-05:00,414.67080652096905,424.0100286609721,413.93949178519347,422.9723205566406,23458900,0.0,0.0
2024-11-27 00:00:00-05:00,420.12602422483343,422.2211948203964,417.0722547980022,418.0308837890625,18332400,0.0,0.0
2024-11-29 00:00:00-05:00,415.16493646523105,419.8987878079345,412.90177557031507,418.49542236328125,16271900,0.0,0.0
2024-12-02 00:00:00-05:00,416.6275643373692,427.9235529659965,416.370602899235,425.92724609375,20207200,0.0,0.0
2024-12-03 00:00:00-05:00,424.8006430250728,427.3998142862311,422.72525694948587,426.14471435546875,18302000,0.0,0.0
2024-12-04 00:00:00-05:00,427.95323167121506,434.5153999624501,427.55792723241916,432.2917785644531,26009400,0.0,0.0
2024-12-05 00:00:00-05:00,432.7859365018672,439.4469085884485,431.0564531129943,437.4308166503906,21697800,0.0,0.0
2024-12-06 00:00:00-05:00,437.1145294101148,440.8699968788184,436.5907442566123,438.3696594238281,18821000,0.0,0.0
2024-12-09 00:00:00-05:00,437.41103647885797,443.0738395996816,435.33565050126293,440.7909240722656,19144400,0.0,0.0
2024-12-10 00:00:00-05:00,439.1800773312265,444.3487425824553,436.42277827381423,438.1324768066406,18469500,0.0,0.0
2024-12-11 00:00:00-05:00,438.8440482605507,445.07020661100427,438.8440482605507,443.72613525390625,19200200,0.0,0.0
2024-12-12 00:00:00-05:00,443.8446618873549,450.81202644259827,443.8446618873549,444.2893981933594,20834800,0.0,0.0
2024-12-13 00:00:00-05:00,443.1825720342727,446.13750815775296,440.3560864798084,442.0262756347656,20177800,0.0,0.0
2024-12-16 00:00:00-05:00,442.0262333394617,446.87867253224385,440.0595735829624,446.29559326171875,23598800,0.0,0.0
2024-12-17 00:00:00-05:00,445.7224537683285,449.9522746519603,444.2993336430134,449.1319885253906,22733500,0.0,0.0
2024-12-18 00:00:00-05:00,446.02882636391814,447.3432204529913,431.89645846414146,432.26214599609375,24444500,0.0,0.0
2024-12-19 00:00:00-05:00,436.44249480171817,437.9842031344139,431.2046434354816,431.90631103515625,22963700,0.0,0.0
2024-12-20 00:00:00-05:00,428.03227991601136,438.5376604876813,423.6048219518138,431.48138427734375,64263700,0.0,0.0
2024-12-23 00:00:00-05:00,431.619738686297,432.5190736490341,427.755575118412,430.147216796875,19152500,0.0,0.0
2024-12-24 00:00:00-05:00,429.55422661934296,434.44620567192754,429.0996280307953,434.1793518066406,7164500,0.0,0.0
2024-12-26 00:00:00-05:00,433.9322924323696,435.7705018127553,431.5110338839644,432.9736633300781,8194200,0.0,0.0
2024-12-27 00:00:00-05:00,429.5048044431988,430.1175308072659,421.35152651661633,425.4825134277344,18117700,0.0,0.0
2024-12-30 00:00:00-05:00,421.0648946073582,422.53741628176584,416.95366258935724,419.84930419921875,13158700,0.0,0.0
2024-12-31 00:00:00-05:00,421.1044871129431,421.72710593306806,415.72826227096317,416.55841064453125,13246500,0.0,0.0
2025-01-02 00:00:00-05:00,420.54116958363784,421.0748471756245,409.98638702094667,413.6726379394531,16896500,0.0,0.0
2025-01-03 00:00:00-05:00,416.1433125624827,419.0587393010629,414.62138898974536,418.38671875,16662900,0.0,0.0
2025-01-06 00:00:00-05:00,422.98218924692804,429.2281017096726,420.4917442238413,422.8339538574219,20573600,0.0,0.0
2025-01-07 00:00:00-05:00,423.9704889084133,425.6011386030249,415.8666120215368,417.418212890625,18139100,0.0,0.0
2025-01-08 00:00:00-05:00,418.4953792965591,421.96423797941225,416.59790611740993,419.5824890136719,15054600,0.0,0.0
2025-01-10 00:00:00-05:00,419.651700779007,419.73074959963856,410.15435142162687,414.0382995605469,20201100,0.0,0.0
2025-01-13 00:00:00-05:00,410.3717691669062,413.5935589908242,407.456372689251,412.2989196777344,17604800,0.0,0.0
2025-01-14 00:00:00-05:00,412.9116481684101,414.8190138642203,405.90477401390683,410.7967529296875,16935900,0.0,0.0
2025-01-15 00:00:00-05:00,414.2161660512409,423.1304056035061,413.3662329233126,421.3119812011719,19637800,0.0,0.0
2025-01-16 00:00:00-05:00,423.67398737859014,424.45470380326,419.4145196873236,419.6022644042969,15300000,0.0,0.0
2025-01-17 00:00:00-05:00,429.0007661773637,429.3862083308609,423.1501885882937,424.0000915527344,26197500,0.0,0.0
2025-01-21 00:00:00-05:00,425.1563998310193,425.8481750206776,420.61032363697626,423.476318359375,26085700,0.0,0.0
2025-01-22 00:00:00-05:00,432.430120920086,442.0262741390286,430.888412499157,440.9688415527344,27803800,0.0,0.0
2025-01-23 00:00:00-05:00,436.81803684476205,441.51234832669104,436.3238987940327,441.4728088378906,18389300,0.0,0.0
2025-01-24 00:00:00-05:00,439.94102216929423,441.4135440071518,436.225094129831,438.8539123535156,15549500,0.0,0.0
2025-01-27 00:00:00-05:00,419.03899970511213,430.09781275609777,418.53496919379126,429.4653015136719,35647800,0.0,0.0
2025-01-28 00:00:00-05:00,429.5048071593075,443.1232508667098,426.32255685114393,441.95709228515625,23491700,0.0,0.0
2025-01-29 00:00:00-05:00,441.4530338081576,441.64080867155576,435.23676897201045,437.1441345214844,23581400,0.0,0.0
2025-01-30 00:00:00-05:00,413.86037732807745,417.9024230144378,408.31616280623206,410.12469482421875,54586300,0.0,0.0
2025-01-31 00:00:00-05:00,414.06793377994285,415.7578774765854,410.04564278987584,410.1938781738281,34161900,0.0,0.0
2025-02-03 00:00:00-05:00,406.77449861931177,410.5398286087579,403.8689641166184,406.10247802734375,25679100,0.0,0.0
2025-02-04 00:00:00-05:00,407.8516865143663,409.0672770356713,404.9362598096777,407.5354309082031,20532100,0.0,0.0
2025-02-05 00:00:00-05:00,407.5156591589932,408.97828849654115,405.5885086845079,408.44464111328125,16316700,0.0,0.0
2025-02-06 00:00:00-05:00,409.14633744300244,413.2971094519946,409.14633744300244,410.94500732421875,16309800,0.0,0.0
2025-02-07 00:00:00-05:00,411.59727657785896,413.7418190108213,403.31551731813784,404.9461669921875,22886800,0.0,0.0
2025-02-10 00:00:00-05:00,408.85972888435845,410.5892121947109,406.10246006462063,407.38720703125,20817900,0.0,0.0
2025-02-11 00:00:00-05:00,404.83747842325164,407.65404147500567,404.50143797348676,406.6163635253906,18140600,0.0,0.0
2025-02-12 00:00:00-05:00,402.43594449354754,405.93445069964594,399.62924369400855,404.2445068359375,19121700,0.0,0.0
2025-02-13 00:00:00-05:00,402.2283921851393,406.1814967766394,401.5958809737979,405.7268981933594,23891700,0.0,0.0
2025-02-14 00:00:00-05:00,403.0091510093491,404.1160155029715,401.1215398904841,403.6416320800781,22758500,0.0,0.0
2025-02-18 00:00:00-05:00,403.2166759889158,405.78620005413757,401.7342617389566,404.83746337890625,21423100,0.0,0.0
2025-02-19 00:00:00-05:00,403.09808061190597,410.61884763156144,402.8707662400353,409.90728759765625,24114200,0.0,0.0
2025-02-20 00:00:00-05:00,411.24417583261857,415.2250013636158,408.52096684547683,412.07598876953125,23508700,0.83,0.0
2025-02-21 00:00:00-05:00,413.27415103230015,413.9772255480723,403.9162337604133,404.23309326171875,27524800,0.0,0.0
2025-02-24 00:00:00-05:00,404.5301894031576,405.38179653354615,395.4297185716828,400.0641174316406,26443700,0.0,0.0
2025-02-25 00:00:00-05:00,397.1923965138258,398.00441513588805,392.8352683816966,394.0235595703125,29387400,0.0,0.0
2025-02-26 00:00:00-05:00,394.13250979931917,399.66804717869115,390.40913086553707,395.83575439453125,19619000,0.0,0.0
2025-02-27 00:00:00-05:00,397.36074580317216,401.7871994813194,388.3494237890168,388.7059020996094,21127400,0.0,0.0
2025-02-28 00:00:00-05:00,388.83460333794534,393.7561854578909,382.80393739721217,393.1224060058594,32845700,0.0,0.0
2025-03-03 00:00:00-05:00,394.93457905310964,394.93457905310964,382.3979130752632,384.7052001953125,23007700,0.0,0.0
2025-03-04 00:00:00-05:00,379.66483152587324,388.755390806373,377.2882188683939,384.8240661621094,29342900,0.0,0.0
2025-03-05 00:00:00-05:00,385.5469260754551,397.7568203379533,385.02209070764377,397.1131286621094,23433100,0.0,0.0
2025-03-06 00:00:00-05:00,390.43881857931865,398.2321421191711,388.8544001591339,393.0234069824219,23304600,0.0,0.0
2025-03-07 00:00:00-05:00,388.497925986767,390.9537458547577,381.7839796807534,389.478271484375,22034100,0.0,0.0
2025-03-10 00:00:00-04:00,382.08104715568106,382.6355890788174,373.5450301742595,376.4563903808594,32840100,0.0,0.0
2025-03-11 00:00:00-04:00,375.30773581476114,382.23954096173566,373.23810047588285,376.7436218261719,30380200,0.0,0.0
2025-03-12 00:00:00-04:00,379.21921226907705,381.4670864515663,375.2581813231993,379.53607177734375,24253600,0.0,0.0
2025-03-13 00:00:00-04:00,379.4271716632625,381.5661320778761,373.7728082450696,375.0799255371094,20473000,0.0,0.0
2025-03-14 00:00:00-04:00,376.08007458561946,386.42827981726157,375.8127158813028,384.7745361328125,19952800,0.0,0.0
2025-03-17 00:00:00-04:00,382.9326924641042,388.88412112316473,381.813696346666,384.9132080078125,22474300,0.0,0.0
2025-03-18 00:00:00-04:00,383.29909421372145,383.59615946585757,377.38725393405446,379.7836608886719,19486900,0.0,0.0
2025-03-19 00:00:00-04:00,381.77411012943475,385.8836741890137,380.2590168181109,384.04180908203125,19185500,0.0,0.0
2025-03-20 00:00:00-04:00,381.9819995370129,387.9730768170586,379.5459740311176,383.0712890625,18470500,0.0,0.0
2025-03-21 00:00:00-04:00,379.4865617188815,387.92354654843615,379.0706401827953,387.4482421875,39675900,0.0,0.0
2025-03-24 00:00:00-04:00,391.54792412450786,391.54792412450786,386.012386704804,389.2505187988281,21004500,0.0,0.0
2025-03-25 00:00:00-04:00,390.08236222676067,392.4985634335279,388.81483346341923,391.3102722167969,15775000,0.0,0.0
2025-03-26 00:00:00-04:00,391.15183295239507,391.45881045430576,384.7844825194778,386.17083740234375,16108400,0.0,0.0
2025-03-27 00:00:00-04:00,386.3292434732889,388.4186727261189,383.62582905803845,386.77484130859375,13766800,0.0,0.0
2025-03-28 00:00:00-04:00,384.2992097422753,385.3389984995421,373.2578420054409,375.109619140625,21632000,0.0,0.0
2025-03-31 00:00:00-04:00,368.91063894364476,373.3965054432232,363.6622546184452,371.7328796386719,35184700,0.0,0.0
2025-04-01 00:00:00-04:00,371.0000917512926,379.12021808448793,369.59394254927554,378.4666442871094,19689500,0.0,0.0
2025-04-02 00:00:00-04:00,374.2877261088344,381.32844426453147,372.95087209109226,378.4171142578125,16092600,0.0,0.0
2025-04-03 00:00:00-04:00,371.1386925275575,373.80248816308017,365.75168821202425,369.47503662109375,30198000,0.0,0.0
2025-04-04 00:00:00-04:00,360.5825339787073,370.94062085342546,355.97784180916346,356.3343200683594,49209900,0.0,0.0
2025-04-07 00:00:00-04:00,347.4616469003483,367.3856281525139,341.43098078163547,354.3736267089844,50425000,0.0,0.0
2025-04-08 00:00:00-04:00,364.6723484414274,370.00982228854286,346.8377957272636,351.1058044433594,35868900,0.0,0.0
2025-04-09 00:00:00-04:00,350.0957251156184,389.39905670107095,349.66000929830324,386.68572998046875,50199700,0.0,0.0
2025-04-10 00:00:00-04:00,378.3379012524662,380.15997201946135,364.21681503291546,377.63482666015625,38024400,0.0,0.0
2025-04-11 00:00:00-04:00,376.93173851590154,386.25003769690613,375.1987873888056,384.6656494140625,23839200,0.0,0.0
2025-04-14 00:00:00-04:00,389.38915847164185,390.8052198187617,380.46692636349223,384.0318603515625,19251200,0.0,0.0
2025-04-15 00:00:00-04:00,384.7250528209778,388.07212889209285,380.41742551182244,381.9721374511719,17199900,0.0,0.0
2025-04-16 00:00:00-04:00,376.9614172312142,377.8922316795949,364.41483869971677,367.9896545410156,21967800,0.0,0.0
2025-04-17 00:00:00-04:00,370.10883089247193,370.6732850580017,363.31567729138493,364.1969909667969,21120200,0.0,0.0
2025-04-21 00:00:00-04:00,359.2853342749941,360.9291658129438,352.20499720618693,355.6213684082031,20807300,0.0,0.0
2025-04-22 00:00:00-04:00,359.83987920585236,364.18709517298703,356.3541524572501,363.2463684082031,19485000,0.0,0.0
2025-04-23 00:00:00-04:00,372.396358924379,376.6841922722663,369.38596664501534,370.7426452636719,20545500,0.0,0.0
2025-04-24 00:00:00-04:00,372.0398885175219,384.66567617915354,371.53484734056974,383.52685546875,22232300,0.0,0.0
2025-04-25 00:00:00-04:00,383.2297451406492,388.33947870228997,380.8531326101871,388.0325012207031,18973200,0.0,0.0
2025-04-28 00:00:00-04:00,388.1414067328739,388.9138065441973,382.87325863987553,387.3492126464844,16579400,0.0,0.0
2025-04-29 00:00:00-04:00,387.48784509297593,391.2508426713115,386.5768248872523,390.201171875,14974000,0.0,0.0
2025-04-30 00:00:00-04:00,386.4976013857663,392.7956566127169,380.6947052715702,391.4093017578125,36461100,0.0,0.0
2025-05-01 00:00:00-04:00,426.9100091091665,432.7327295827746,420.76051687113977,421.2556457519531,58938100,0.0,0.0
2025-05-02 00:00:00-04:00,427.5339075174203,435.15890492620053,425.8009563081767,431.0394287109375,30757400,0.0,0.0
2025-05-05 00:00:00-04:00,428.652877068793,435.2182909345157,427.9002714913439,431.9207458496094,20136100,0.0,0.0
2025-05-06 00:00:00-04:00,427.9894209087166,433.46554517602334,426.9694566129341,429.0885925292969,15104200,0.0,0.0
2025-05-07 00:00:00-04:00,429.6134515274466,433.8517538131467,426.9100367836598,429.12823486328125,23295300,0.0,0.0
2025-05-08 00:00:00-04:00,433.66356271096413,439.3476626606329,431.41568853142036,433.9012451171875,23491300,0.0,0.0
2025-05-09 00:00:00-04:00,435.7134270593174,436.4462081525218,431.63356980482325,434.455810546875,15324200,0.0,0.0
2025-05-12 00:00:00-04:00,441.59551593295606,444.99209255092137,435.49552494666744,444.8831787109375,22821900,0.0,0.0
2025-05-13 00:00:00-04:00,443.41763796979524,446.2794975271711,441.021200788799,444.764404296875,23618800,0.0,0.0
2025-05-14 00:00:00-04:00,443.7741186799948,449.4779827199474,443.7741186799948,448.52734375,19902800,0.0,0.0
2025-05-15 00:00:00-04:00,447.1979616790238,452.57502540604634,446.860659567107,449.5392761230469,21992300,0.83,0.0
2025-05-16 00:00:00-04:00,448.4678177382938,450.7595102326154,445.17414935289,450.67022705078125,23849800,0.0,0.0
2025-05-19 00:00:00-04:00,447.3071495873714,455.9481214834615,447.2277665675242,455.23382568359375,21336500,0.0,0.0
2025-05-20 00:00:00-04:00,451.9797648957129,454.70797307292094,450.71983965496236,454.5393371582031,15441800,0.0,0.0
2025-05-21 00:00:00-04:00,450.967885651573,454.1524403651085,448.22974686474834,448.9837341308594,19216900,0.0,0.0
2025-05-22 00:00:00-04:00,451.3448676580097,456.6028569421555,450.30316997101943,451.25555419921875,18025600,0.0,0.0
2025-05-23 00:00:00-04:00,446.414273906322,450.0948666019555,445.3527455471655,446.6126708984375,16883500,0.0,0.0
2025-05-27 00:00:00-04:00,452.86273735527834,457.29731705224054,452.5055743512772,457.03936767578125,20974300,0.0,0.0
2025-05-28 00:00:00-04:00,457.56520718600586,458.8548936312049,453.3091934756473,453.73577880859375,17086300,0.0,0.0
2025-05-29 00:00:00-04:00,457.8925405838875,458.0612067791374,451.7019977235154,455.0452880859375,13974800,0.0,0.0
2025-05-30 00:00:00-04:00,456.07706236471586,458.0215223462663,451.9301930198663,456.71197509765625,34770500,0.0,0.0
2025-06-02 00:00:00-04:00,453.51752207653715,458.44810948050275,453.2695031394806,458.3092346191406,16626500,0.0,0.0
2025-06-03 00:00:00-04:00,457.81315604121755,460.46201137480375,457.20797414521616,459.30126953125,15743800,0.0,0.0
2025-06-04 00:00:00-04:00,460.3231275179124,461.9997378828715,459.35088242690273,460.19415283203125,14162700,0.0,0.0
2025-06-05 00:00:00-04:00,461.2755516588244,465.9283895442318,460.35292843866904,463.9739990234375,20131700,0.0,0.0
2025-06-06 00:00:00-04:00,466.3648469522318,469.5890928719542,465.06523024972654,466.6525573730469,15285600,0.0,0.0
2025-06-09 00:00:00-04:00,465.9779957450024,469.67841894667356,464.90653697170796,469.0038146972656,16469900,0.0,0.0
2025-06-10 00:00:00-04:00,467.45617352695865,469.0534009468453,463.25968221899245,467.1883239746094,15375900,0.0,0.0
2025-06-11 00:00:00-04:00,466.29544434484353,471.7022694228479,465.9383115986028,468.8748474121094,16399200,0.0,0.0
2025-06-12 00:00:00-04:00,471.2557893550323,476.6130223697302,469.7676758011157,475.0752868652344,18950600,0.0,0.0
2025-06-13 00:00:00-04:00,472.6348110082228,475.3828499324856,469.0137405811006,471.1962890625,16814500,0.0,0.0
2025-06-16 00:00:00-04:00,471.4442593493389,476.88084478973553,471.2359319408476,475.3431396484375,15626100,0.0,0.0
2025-06-17 00:00:00-04:00,471.63276727216606,474.9462963755368,470.3232201221163,474.2518615722656,15414100,0.0,0.0
2025-06-18 00:00:00-04:00,474.21220825159133,477.1884355000323,470.70025162122124,476.4344482421875,17526500,0.0,0.0
2025-06-20 00:00:00-04:00,478.4086860483398,479.62891980922967,473.09114443804276,473.616943359375,37576200,0.0,0.0
2025-06-23 00:00:00-04:00,474.42052531416374,483.884936234588,468.76571183115124,482.1488037109375,24864000,0.0,0.0
2025-06-24 00:00:00-04:00,485.07541514458467,487.9524285572733,482.9424282150726,486.2261962890625,22305600,0.0,0.0
2025-06-25 00:00:00-04:00,488.1409520653471,490.64097201284227,485.5119574284625,488.3691101074219,17495100,0.0,0.0
2025-06-26 00:00:00-04:00,489.07347716233096,494.09337765578726,488.9048109762518,493.508056640625,21578900,0.0,0.0
2025-06-27 00:00:00-04:00,493.60723706055035,495.34336948151105,489.12306593539506,492.010009765625,34539200,0.0,0.0
2025-06-30 00:00:00-04:00,493.1013206195562,496.79184348109624,491.404849352638,493.4683837890625,28369000,0.0,0.0
2025-07-01 00:00:00-04:00,492.53583641461546,494.10330273882704,487.08935037246306,488.1508483886719,19945400,0.0,0.0
2025-07-02 00:00:00-04:00,486.107196925814,489.5893925672679,484.82744098086494,487.198486328125,16319600,0.0,0.0
2025-07-03 00:00:00-04:00,489.8969147231798,496.1668406146565,489.5298515465148,494.8870544433594,13984800,0.0,0.0
2025-07-07 00:00:00-04:00,493.4386378219278,494.7977767455099,491.3056810299541,493.77593994140625,13981600,0.0,0.0
2025-07-08 00:00:00-04:00,493.29974399578276,494.2521585292929,490.19454200535324,492.6846618652344,11846600,0.0,0.0
2025-07-09 00:00:00-04:00,496.33549554664154,502.76415743455226,495.77993553758444,499.52008056640625,18659500,0.0,0.0
2025-07-10 00:00:00-04:00,499.06366987607214,500.4426696344743,493.8056807647675,497.5061340332031,16492100,0.0,0.0
2025-07-11 00:00:00-04:00,494.5200000462786,501.0280145407016,493.85529597280816,499.3315734863281,16459500,0.0,0.0
2025-07-14 00:00:00-04:00,497.5458219138798,499.9764196247383,497.0597144820079,499.033935546875,12058800,0.0,0.0
2025-07-15 00:00:00-04:00,499.03393728805895,504.2720960834484,498.80577924001653,501.811767578125,14927200,0.0,0.0
2025-07-16 00:00:00-04:00,501.1768265275145,502.70463167926073,497.9129190668174,501.61334228515625,15154400,0.0,0.0
2025-07-17 00:00:00-04:00,501.6728265840105,509.30189104591364,501.6133044647972,507.6451416015625,17503100,0.0,0.0
2025-07-18 00:00:00-04:00,510.4030974050004,510.5618634291492,503.40897568442307,506.0082092285156,21209700,0.0,0.0
2025-07-21 00:00:00-04:00,502.69466780228106,508.0320701704435,501.54385636100875,506.01812744140625,14066800,0.0,0.0
2025-07-22 00:00:00-04:00,506.92095727911294,507.1491456054249,501.26611328125,501.26611328125,13868600,0.0,0.0
2025-07-23 00:00:00-04:00,502.7343595827018,502.77405108780124,496.7323137246232,501.861328125,16396600,0.0,0.0
2025-07-24 00:00:00-04:00,504.73833906736274,509.5995039044367,503.27998658866585,506.8316345214844,16107000,0.0,0.0
2025-07-25 00:00:00-04:00,508.409026924469,514.1829150146133,506.3157616392057,509.6392517089844,19125700,0.0,0.0
2025-07-28 00:00:00-04:00,510.0063088656235,510.91900158393673,506.07766717141,508.4388122558594,14308000,0.0,0.0
2025-07-29 00:00:00-04:00,511.4448362580723,513.5182406496896,507.50626407616875,508.5082702636719,16469200,0.0,0.0
2025-07-30 00:00:00-04:00,511.0876726596135,511.8615208479224,505.40309770511885,509.1729736328125,26380400,0.0,0.0
2025-07-31 00:00:00-04:00,550.8301860551579,551.0484742016899,527.6851029610986,529.2723999023438,51617300,0.0,0.0
2025-08-01 00:00:00-04:00,530.7605061500977,531.5541546097426,516.7325410439772,519.956787109375,28977600,0.0,0.0
2025-08-04 00:00:00-04:00,524.0838536533402,533.9847498429226,523.9449485218581,531.3954467773438,25349000,0.0,0.0
2025-08-05 00:00:00-04:00,532.9232605080902,533.0423047576313,523.0620248277625,523.5679931640625,19171600,0.0,0.0
2025-08-06 00:00:00-04:00,526.6930052823053,527.4866537198485,519.8774501718309,520.7802124023438,21355700,0.0,0.0
2025-08-07 00:00:00-04:00,522.6254396329194,523.9052559727172,513.4487398823029,516.7127075195312,16079100,0.0,0.0
2025-08-08 00:00:00-04:00,518.4587582353118,520.502431840537,515.2940341981842,517.9031982421875,15531000,0.0,0.0
2025-08-11 00:00:00-04:00,518.1612057268388,523.4093257403006,515.6016330725902,517.6354370117188,20194400,0.0,0.0
2025-08-12 00:00:00-04:00,519.5996565820958,526.7723446368122,518.5579891899393,525.046142578125,18667000,0.0,0.0
2025-08-13 00:00:00-04:00,527.8934364066101,528.4787877679453,515.2544004746543,516.454833984375,19619200,0.0,0.0
2025-08-14 00:00:00-04:00,518.4190436500928,521.7821945996749,516.0182375574066,518.3396606445312,20269100,0.0,0.0
2025-08-15 00:00:00-04:00,518.6274679925785,521.9310366989816,514.9667059909838,516.0480346679688,25213300,0.0,0.0
2025-08-18 00:00:00-04:00,517.4567900842618,518.6770238166106,509.9467697824549,513.0023193359375,23760600,0.0,0.0
2025-08-19 00:00:00-04:00,510.91900524319027,511.0777107186651,504.5201046206217,505.7304382324219,21481000,0.0,0.0
2025-08-20 00:00:00-04:00,505.8296325155463,506.9506829011106,500.44266872858867,501.7125244140625,27723000,0.0,0.0
2025-08-21 00:00:00-04:00,500.5200933584279,504.43529989468334,499.55619671725805,501.0666198730469,18443300,0.83,0.0
2025-08-22 00:00:00-04:00,501.0765850227361,507.5158151187978,499.2481684011306,504.037841796875,24324200,0.0,0.0
2025-08-25 00:00:00-04:00,503.44159720621536,504.9917771303553,500.9473838488724,501.0865173339844,21638600,0.0,0.0
2025-08-26 00:00:00-04:00,501.18583887731603,501.8019624337255,495.37267961289456,498.8804626464844,30835700,0.0,0.0
2025-08-27 00:00:00-04:00,498.8407434548062,504.09746017877256,496.75395340313815,503.5509033203125,17277900,0.0,0.0
2025-08-28 00:00:00-04:00,503.89867767213724,507.87350408410515,502.3186878124423,506.4326477050781,18015600,0.0,0.0
2025-08-29 00:00:00-04:00,505.4588240002719,506.39291066950057,501.3150539612025,503.501220703125,20961600,0.0,0.0
2025-09-02 00:00:00-04:00,497.32034095368414,502.81553721257154,493.68337117589067,501.9410705566406,18128000,0.0,0.0
2025-09-03 00:00:00-04:00,500.6194673133705,504.5942937991858,499.1587173668126,502.1696472167969,16345100,0.0,0.0
2025-09-04 00:00:00-04:00,501.1262461318779,504.95202275876863,499.983489561643,504.7731628417969,15509500,0.0,0.0
2025-09-05 00:00:00-04:00,505.86622472604114,508.74796779288187,489.27131242222254,491.884765625,31994800,0.0,0.0
2025-09-08 00:00:00-04:00,494.97517595073856,498.04575600626316,491.91457299081776,495.06463623046875,16771000,0.0,0.0
2025-09-09 00:00:00-04:00,498.27426777402997,499.08911442264,494.5677617531993,495.2732849121094,14410500,0.0,0.0
2025-09-10 00:00:00-04:00,499.81459851362206,500.06302518446205,493.59398497162135,497.22100830078125,21611800,0.0,0.0
2025-09-11 00:00:00-04:00,499.08915061774627,500.00337405269875,494.7466575341409,497.8569641113281,18881600,0.0,0.0
2025-09-12 00:00:00-04:00,503.4614629424367,509.32432605160386,500.67909648146514,506.6910095214844,23624900,0.0,0.0
2025-09-15 00:00:00-04:00,505.58800862213144,512.2259313574772,503.80926524972944,512.1166381835938,17143800,0.0,0.0
2025-09-16 00:00:00-04:00,513.6270820344445,513.9748550906477,505.3991924428879,505.83642578125,19711900,0.0,0.0
2025-09-17 00:00:00-04:00,507.4064717390096,508.07226852063866,502.74598524416496,506.81024169921875,15816600,0.0,0.0
2025-09-18 00:00:00-04:00,508.270968235188,509.84104161182444,504.4650853819943,505.2501220703125,18913700,0.0,0.0
2025-09-19 00:00:00-04:00,507.34691829589656,516.0319056285313,507.09849160720086,514.6705322265625,52474100,0.0,0.0
2025-09-22 00:00:00-04:00,512.3452424901319,514.48167541423,509.3143886623668,511.21240234375,20009300,0.0,0.0
2025-09-23 00:00:00-04:00,510.56645428814153,511.35152134239047,504.1173079645634,506.0252380371094,19799600,0.0,0.0
2025-09-24 00:00:00-04:00,507.16798604562155,509.2547456727144,503.72976965544393,506.9394226074219,13533700,0.0,0.0
2025-09-25 00:00:00-04:00,505.10107733704126,506.8003375404676,501.8616142840625,503.8390808105469,15786500,0.0,0.0
2025-09-26 00:00:00-04:00,506.849997214163,510.70558375978015,503.4316440082871,508.2411804199219,16213100,0.0,0.0
2025-09-29 00:00:00-04:00,508.28089264453985,513.5971983462931,505.6773863749633,511.3613586425781,17617800,0.0,0.0
2025-09-30 00:00:00-04:00,510.0099885223437,514.8990082310244,506.45253207823936,514.6903686523438,19728200,0.0,0.0
2025-10-01 00:00:00-04:00,511.56013673304216,517.2342231556227,508.4697238165545,516.4392700195312,22632300,0.0,0.0
2025-10-02 00:00:00-04:00,514.3823296081488,518.3173691617891,507.4661094259624,512.4942626953125,21222900,0.0,0.0
2025-10-03 00:00:00-04:00,513.8456285403139,517.2143082734997,511.75886906280147,514.0940551757812,15112300,0.0,0.0
2025-10-06 00:00:00-04:00,515.3461902238155,527.6880704621805,514.9387971845453,525.2435302734375,21388600,0.0,0.0
2025-10-07 00:00:00-04:00,524.9651845969764,526.4656911148447,518.1583193382712,520.6823120117188,14615200,0.0,0.0
2025-10-08 00:00:00-04:00,519.9868090400763,523.6336952116123,519.7980023635643,521.546875,13363400,0.0,0.0
2025-10-09 00:00:00-04:00,519.0527457511332,521.0302122328587,514.1438325922749,519.1123657226562,18343600,0.0,0.0
2025-10-10 00:00:00-04:00,516.3697201998212,520.2849266906686,506.42270727517143,507.74432373046875,24133800,0.0,0.0
2025-10-13 00:00:00-04:00,513.1600134586593,513.1600134586593,508.45980051307464,510.81488037109375,14284200,0.0,0.0
2025-10-14 00:00:00-04:00,507.01894463812107,512.0371813139038,502.8155546768959,510.3379211425781,14684300,0.0,0.0
2025-10-15 00:00:00-04:00,511.71919177145384,513.93513816427,506.7903850161382,510.19879150390625,14694700,0.0,0.0
2025-10-16 00:00:00-04:00,509.35418580491137,513.5972720757079,504.93217895922305,508.3902587890625,15559600,0.0,0.0
2025-10-17 00:00:00-04:00,505.8364635131052,512.2359067167633,504.1173400169688,510.347900390625,19867800,0.0,0.0
2025-10-20 00:00:00-04:00,511.3713853844849,515.4356724346321,510.1988187679518,513.5376586914062,14665600,0.0,0.0
2025-10-21 00:00:00-04:00,514.2431942660954,515.4257076122852,509.81124074780416,514.4021606445312,15586200,0.0,0.0
2025-10-22 00:00:00-04:00,517.870184130928,521.9244631183706,514.4518312300626,517.2639770507812,18962700,0.0,0.0
2025-10-23 00:00:00-04:00,519.1720024577996,520.6526156742948,515.3461954332505,517.283935546875,14023500,0.0,0.0
2025-10-24 00:00:00-04:00,519.499850577073,522.0437370421222,517.4329845218087,520.314697265625,15532400,0.0,0.0
2025-10-27 00:00:00-04:00,528.4333612309177,531.2157277722118,525.6807743511338,528.1749877929688,18734700,0.0,0.0
2025-10-28 00:00:00-04:00,546.5386557673307,550.2352153811122,537.366762825241,538.6585693359375,29986700,0.0,0.0
2025-10-29 00:00:00-04:00,541.5104645203966,542.8321112501552,533.3521116884923,538.1417846679688,36023000,0.0,0.0
2025-10-30 00:00:00-04:00,527.1414377363435,531.6031704966998,518.8340654321457,522.451171875,41023100,0.0,0.0
2025-10-31 00:00:00-04:00,525.5515477587454,525.9887810857076,511.85824179468614,514.5512084960938,34006400,0.0,0.0
2025-11-03 00:00:00-05:00,516.5385956979154,521.6562086548496,511.3514766558802,513.776123046875,22374700,0.0,0.0
2025-11-04 00:00:00-05:00,508.53933673798264,512.3054631947169,504.64399323613884,511.0931701660156,20958700,0.0,0.0
2025-11-05 00:00:00-05:00,510.06960470137113,511.5900049686576,503.39189488693165,503.96826171875,23024300,0.0,0.0
2025-11-06 00:00:00-05:00,502.47768369906356,502.51744045426454,492.6896676102462,493.9715576171875,27406500,0.0,0.0
2025-11-07 00:00:00-05:00,493.8225155697467,496.2372153715257,490.1457889557352,493.6933288574219,24019800,0.0,0.0
2025-11-10 00:00:00-05:00,496.8930687697553,503.66020845333964,495.66085193460816,502.8155517578125,26101500,0.0,0.0
2025-11-11 00:00:00-05:00,501.6230817360039,506.39289163210333,499.18851875070465,505.4786682128906,17980000,0.0,0.0
2025-11-12 00:00:00-05:00,506.1543908722183,508.4498810705414,495.9788447581273,507.9232177734375,26574900,0.0,0.0
2025-11-13 00:00:00-05:00,507.09842927280135,510.2683558569415,498.13520636364063,500.12261962890625,25273100,0.0,0.0
2025-11-14 00:00:00-05:00,495.0944623167857,508.38031503091224,494.30942559248354,506.96923828125,28505700,0.0,0.0
2025-11-17 00:00:00-05:00,505.2501227292945,508.8970088955905,501.7323929449627,504.296142578125,19092800,0.0,0.0
2025-11-18 00:00:00-05:00,492.2524466910109,499.8145698875434,483.71651040889276,490.6824035644531,33815100,0.0,0.0
2025-11-19 00:00:00-05:00,487.0156083775533,492.0735713081103,479.79134202204426,484.0543518066406,23245300,0.0,0.0
2025-11-20 00:00:00-05:00,490.525525238351,491.38172816347884,473.39183555424523,476.308837890625,26802500,0.91,0.0
2025-11-21 00:00:00-05:00,476.3785437287191,476.796695003642,466.19388806310616,470.0268249511719,31769200,0.0,0.0
2025-11-24 00:00:00-05:00,472.8940649877621,474.7856351712577,465.94500021095376,471.89849853515625,34421000,0.0,0.0
2025-11-25 00:00:00-05:00,471.9681767111092,477.0256407210385,462.82888433135173,474.8752136230469,28019800,0.0,0.0
2025-11-26 00:00:00-05:00,484.1539406114854,486.14507360501653,479.06661039650686,483.3475341796875,25709100,0.0,0.0
2025-11-28 00:00:00-05:00,485.4382224868377,490.44592067381114,484.49242217644115,489.82867431640625,14386700,0.0,0.0
2025-12-01 00:00:00-05:00,486.27447583839387,487.68816317334665,482.5012705124726,484.5820007324219,23964000,0.0,0.0
2025-12-02 00:00:00-05:00,484.56211884124775,491.312058367048,484.16389832530854,487.82757568359375,19562700,0.0,0.0
2025-12-03 00:00:00-05:00,474.2082166599713,482.09308589504883,473.0931871020635,475.6119689941406,34615100,0.0,0.0
2025-12-04 00:00:00-05:00,477.6329924690825,479.1860737742951,474.377470578239,478.70819091796875,22318200,0.0,0.0
2025-12-05 00:00:00-05:00,480.3807061976695,481.2568095233099,476.7568601661199,481.01788330078125,22608700,0.0,0.0
2025-12-08 00:00:00-05:00,482.74025101921535,490.11737199051475,482.2325023858298,488.8430480957031,21965900,0.0,0.0
2025-12-09 00:00:00-05:00,486.93155551686203,489.93815525049575,486.33420957194573,489.8385925292969,14696100,0.0,0.0
2025-12-10 00:00:00-05:00,481.88404333185355,482.10306917330496,472.9737111601482,476.43829345703125,35756200,0.0,0.0
2025-12-11 00:00:00-05:00,474.51683677020293,483.8751552220924,473.750231167373,481.3265075683594,24669200,0.0,0.0
2025-12-12 00:00:00-05:00,477.69270598810584,480.31105063829824,474.22812377070755,476.4084167480469,21248100,0.0,0.0
2025-12-15 00:00:00-05:00,477.97146396596463,478.588710310573,470.42505317808707,472.7148742675781,23727700,0.0,0.0
2025-12-16 00:00:00-05:00,469.8177748762136,475.7712732838117,468.79234263095657,474.2779235839844,20705600,0.0,0.0
2025-12-17 00:00:00-05:00,474.79560024235434,477.8718969329872,472.8940646732686,474.00909423828125,24527200,0.0,0.0
2025-12-18 00:00:00-05:00,476.06992080908344,487.4293375934554,475.7712630284666,481.8342590332031,28573500,0.0,0.0
2025-12-19 00:00:00-05:00,485.1992432324443,485.68709144559693,480.35083955461556,483.7656555175781,70836100,0.0,0.0
2025-12-22 00:00:00-05:00,483.9647726311972,486.5632169440421,480.5499868948874,482.7701110839844,16963000,0.0,0.0
2025-12-23 00:00:00-05:00,482.8298239351052,485.66716398872717,482.59086732909867,484.6915283203125,14683600,0.0,0.0
2025-12-24 00:00:00-05:00,483.5267014178325,486.99128356758627,482.680463867149,485.8563232421875,5855900,0.0,0.0
2025-12-26 00:00:00-05:00,484.5521325365998,485.9558848600665,483.8054577080926,485.5476989746094,8842200,0.0,0.0
2025-12-29 00:00:00-05:00,482.71034015280554,486.1848877649252,482.0333622504328,484.9404296875,10893400,0.0,0.0
2025-12-30 00:00:00-05:00,483.77557941756965,487.5089534635432,483.3474931520442,485.3187255859375,13944500,0.0,0.0
2025-12-31 00:00:00-05:00,485.6771523949816,485.97584057107747,481.15727202744546,481.4758605957031,15601600,0.0,0.0
2026-01-02 00:00:00-05:00,482.24244872265706,482.5112407273309,468.07552715971417,470.84320068359375,25571600,0.0,0.0
2026-01-05 00:00:00-05:00,471.95825856508776,473.9593569778809,467.4184776979013,470.7536315917969,25250300,0.0,0.0
2026-01-06 00:00:00-05:00,471.69937935780575,476.617480129593,467.6673473241013,476.3885192871094,23037700,0.0,0.0
2026-01-07 00:00:00-05:00,477.63296458601815,487.5288974221053,475.83099176167434,481.3265075683594,25564200,0.0,0.0
2026-01-08 00:00:00-05:00,479.10639276886474,480.5201105081445,473.7502403609407,475.9902648925781,18162600,0.0,0.0
2026-01-09 00:00:00-05:00,471.9582322108041,477.6927047258898,470.106493184136,477.15509033203125,18491000,0.0,0.0
2026-01-12 00:00:00-05:00,474.5566738594685,478.85749783991434,473.57104241242143,475.06439208984375,23519900,0.0,0.0
2026-01-13 00:00:00-05:00,472.57548334410274,473.6706125344443,463.88420753037366,468.5832824707031,28545800,0.0,0.0
2026-01-14 00:00:00-05:00,464.3919198839424,466.1242261748137,455.1431293963808,457.34332275390625,28184300,0.0,0.0
2026-01-15 00:00:00-05:00,462.062293141988,462.19172164087615,453.8787357567712,454.6353759765625,23225800,0.0,0.0
2026-01-16 00:00:00-05:00,455.8001683410004,461.1364202404358,454.45617795729186,457.8211669921875,34246700,0.0,0.0
2026-01-20 00:00:00-05:00,449.2195254560932,454.77477325819245,447.2881239806389,452.5048828125,26130000,0.0,0.0
2026-01-21 00:00:00-05:00,450.5934019351739,450.6829992738946,436.7351029497524,442.1410217285156,37980500,0.0,0.0
2026-01-22 00:00:00-05:00,445.6354487179439,450.8323067932568,442.7284117030413,449.1398620605469,25349400,0.0,0.0
2026-01-23 00:00:00-05:00,449.8665935761158,469.01134678020316,448.5325382185013,463.8841857910156,38000200,0.0,0.0
2026-01-26 00:00:00-05:00,463.2470406576191,472.1474075016215,459.9517180089597,468.19500732421875,29291200,0.0,0.0
2026-01-27 00:00:00-05:00,471.5998386603028,480.72916597612596,471.0622242712429,478.4493103027344,29213900,0.0,0.0
2026-01-28 00:00:00-05:00,481.06767161592717,481.59532063648624,475.8807787479093,479.49468994140625,36875400,0.0,0.0
2026-01-29 00:00:00-05:00,438.0392806211351,440.5381621786467,419.1533835040837,431.57806396484375,128855300,0.0,0.0
2026-01-30 00:00:00-05:00,437.2229597325442,437.65104604221966,424.5593524472701,428.38232421875,58566800,0.0,0.0
2026-02-02 00:00:00-05:00,428.33251789753194,428.8303011436502,420.37795134689077,421.49298095703125,42219900,0.0,0.0
2026-02-03 00:00:00-05:00,420.1390072256922,420.178808008447,406.7486263222299,409.3868713378906,61424100,0.0,0.0
2026-02-04 00:00:00-05:00,409.1778088233149,417.9387813848693,407.4256021580933,412.3536682128906,45012400,0.0,0.0
2026-02-05 00:00:00-05:00,405.6335909812077,406.4897635323938,390.5806313349955,391.9246520996094,66289200,0.0,0.0
2026-02-06 00:00:00-05:00,397.4002746193236,400.0086538663787,391.17798428483076,399.3615417480469,53515300,0.0,0.0
2026-02-09 00:00:00-05:00,403.0550898097971,413.05058563481117,399.0927243377603,411.76629638671875,45480500,0.0,0.0
2026-02-10 00:00:00-05:00,417.75959730190846,421.80159473973595,410.8702943432265,411.437744140625,44857900,0.0,0.0
2026-02-11 00:00:00-05:00,414.3348470778888,414.61360447479314,399.23212070980424,402.57720947265625,42491000,0.0,0.0
2026-02-12 00:00:00-05:00,403.20440420967,404.3990960787573,396.24540458526855,400.05841064453125,40802400,0.0,0.0
2026-02-13 00:00:00-05:00,402.65686886295305,403.7420326637702,396.2852191820681,399.5407409667969,34091600,0.0,0.0
2026-02-17 00:00:00-05:00,397.45004705087115,398.7442713079252,392.78083787972264,395.1004943847656,32078800,0.0,0.0
2026-02-18 00:00:00-05:00,396.3648852083561,400.77523739702553,394.5629123207548,397.828369140625,23223400,0.0,0.0
2026-02-19 00:00:00-05:00,399.82403795970674,403.55594539020564,395.8127368785549,397.5988464355469,28234000,0.91,0.0
2026-02-20 00:00:00-05:00,395.2539159508346,399.2552593187824,394.3059873534157,396.37152099609375,34015200,0.0,0.0
2026-02-23 00:00:00-05:00,394.14630950985264,394.50551684604494,382.27203437696886,383.6390686035156,43238300,0.0,0.0
2026-02-24 00:00:00-05:00,383.30981969967445,388.5185091169527,380.88504821898124,388.1593017578125,33884700,0.0,0.0
2026-02-25 00:00:00-05:00,389.68597856263057,400.60233728073825,389.31678308531696,399.7342224121094,43625500,0.0,0.0
2026-02-26 00:00:00-05:00,403.8353349281015,406.6093255926281,397.8782360341113,400.851806640625,34405900,0.0,0.0
2026-02-27 00:00:00-05:00,390.03523926255787,395.9624042352165,389.0374004516944,391.8912048339844,51367200,0.0,0.0
2026-03-02 00:00:00-05:00,392.01092411942045,400.32293811697235,389.78576315389057,397.6886291503906,35474900,0.0,0.0
2026-03-03 00:00:00-05:00,392.2903484387299,405.82103971635513,391.82136299902305,403.0570068359375,38199200,0.0,0.0
2026-03-04 00:00:00-05:00,400.4027502952161,410.14166638677375,399.44483360720756,404.32427978515625,35808000,0.0,0.0
2026-03-05 00:00:00-05:00,403.54596943015656,410.72040218284053,403.525993165685,409.79241943359375,39001300,0.0,0.0
2026-03-06 00:00:00-05:00,408.31564337314285,412.1572983375802,407.6271321747383,408.0761413574219,31123900,0.0,0.0
2026-03-09 00:00:00-04:00,404.044890641513,409.3234358422322,402.62794618065146,408.5251770019531,30131900,0.0,0.0
2026-03-10 00:00:00-04:00,409.1438479339772,409.31349393117443,402.05918625996463,404.8830871582031,31706400,0.0,0.0
2026-03-11 00:00:00-04:00,404.6934855668013,408.1260534422115,400.7220762180728,404.0049743652344,25512100,0.0,0.0
2026-03-12 00:00:00-04:00,403.7555185610488,405.2422886286942,400.84181586601125,400.9914855957031,27263900,0.0,0.0
2026-03-13 00:00:00-04:00,400.13336309353434,403.9251383935716,393.3979511212616,394.69512939453125,26848000,0.0,0.0
2026-03-16 00:00:00-04:00,397.209690545171,399.7641553863696,393.9367805641587,399.08563232421875,27733700,0.0,0.0
2026-03-17 00:00:00-04:00,399.4049101655112,403.5259891234105,396.8903674487218,398.5467834472656,26228300,0.0,0.0
2026-03-18 00:00:00-04:00,396.271723303423,397.13983817793417,390.1549666521916,390.9432678222656,25908500,0.0,0.0
2026-03-19 00:00:00-04:00,389.2569126674818,391.6417315076428,386.2234742615233,388.1792297363281,25138800,0.0,0.0
2026-03-20 00:00:00-04:00,385.95408868282834,386.16362631018524,379.29849030352204,381.0447082519531,50853200,0.0,0.0
2026-03-23 00:00:00-04:00,383.07032058481127,386.3731646745857,380.85511716508233,382.1722717285156,29680100,0.0,0.0
2026-03-24 00:00:00-04:00,381.53362193174286,381.6434000325674,371.04635704379217,371.9344177246094,42733600,0.0,0.0
2026-03-25 00:00:00-04:00,376.10542586510894,376.2451074667104,368.831172255135,370.2381286621094,31181200,0.0,0.0
2026-03-26 00:00:00-04:00,370.01860155518807,373.9101668945663,364.4007640805619,365.1790771484375,36836600,0.0,0.0
2026-03-27 00:00:00-04:00,361.11784971721505,361.6666793192034,355.73951450811694,355.9989318847656,37883400,0.0,0.0
2026-03-30 00:00:00-04:00,361.1178525849577,364.5703662773937,355.51000344849933,358.1842041015625,44797000,0.0,0.0
2026-03-31 00:00:00-04:00,363.7621155862403,372.09407550142714,362.28533367877645,369.3699951171875,45244400,0.0,0.0
2026-04-01 00:00:00-04:00,372.682807332766,373.1817267376728,367.4042619540212,368.57171630859375,29417200,0.0,0.0
2026-04-02 00:00:00-04:00,366.41637016886637,372.83249667260446,363.3629859357669,372.6528625488281,24099100,0.0,0.0
2026-04-06 00:00:00-04:00,372.682794233078,372.92229624611906,368.70142726638517,372.0741271972656,16146600,0.0,0.0
2026-04-07 00:00:00-04:00,369.5396147715723,371.64507045865594,365.7677853538718,371.48541259765625,21443300,0.0,0.0
2026-04-08 00:00:00-04:00,384.148004001906,384.167949815935,370.6073237610428,373.52099609375,33064800,0.0,0.0
2026-04-09 00:00:00-04:00,371.6949574789129,372.6927962909368,366.2567237727329,372.26373291015625,30435300,0.0,0.0
2026-04-10 00:00:00-04:00,372.17393720824543,374.8281921461914,369.23030048358606,370.0684814453125,28111100,0.0,0.0
2026-04-13 00:00:00-04:00,372.8025510733858,383.70895264062807,370.2181521550117,383.539306640625,35745800,0.0,0.0
2026-04-14 00:00:00-04:00,387.0816509997633,393.83700889302276,385.684652281273,392.2604064941406,37504500,0.0,0.0
2026-04-15 00:00:00-04:00,397.1398382929036,413.47445440771634,395.8725939925935,410.3312683105469,45063400,0.0,0.0
2026-04-16 00:00:00-04:00,418.95258572248235,419.9105328997013,411.2492993874727,419.35174560546875,41642400,0.0,0.0
2026-04-17 00:00:00-04:00,423.9018933176335,430.64726300981,419.78081413338697,421.87628173828125,48568200,0.0,0.0
2026-04-20 00:00:00-04:00,420.2398034863272,422.4150847565369,415.40027922801784,417.1664733886719,27582200,0.0,0.0
2026-04-21 00:00:00-04:00,419.33177508554746,426.25677891783357,416.2983670043314,423.2433166503906,32048500,0.0,0.0
2026-04-22 00:00:00-04:00,425.2689090952171,432.7626880248645,422.7543663498755,431.984375,29378200,0.0,0.0
2026-04-23 00:00:00-04:00,418.9825380949446,422.7443793162959,410.5208543154444,414.8514709472656,38308000,0.0,0.0
2026-04-24 00:00:00-04:00,416.0688403922519,424.0316048781353,414.9013556123021,423.7023010253906,27457400,0.0,0.0
2026-04-27 00:00:00-04:00,421.46715688013995,426.1869149113369,416.1686352924954,423.9018859863281,30867300,0.0,0.0
2026-04-28 00:00:00-04:00,423.6524179624475,428.99086152362304,420.9881750222059,428.3222961425781,30438100,0.0,0.0
2026-04-29 00:00:00-04:00,423.6623688360089,425.8975483734993,419.38166246548025,423.5426330566406,38288300,0.0,0.0
2026-04-30 00:00:00-04:00,409.92216255995794,413.5243765293071,397.1498378648014,406.8987121582031,70909400,0.0,0.0
2026-05-01 00:00:00-04:00,411.9078412872606,416.2085240460113,409.5529563541748,413.5443115234375,31372400,0.0,0.0
2026-05-04 00:00:00-04:00,410.6505829404435,419.87060358807366,409.91216153093814,412.72607421875,28066500,0.0,0.0
2026-05-05 00:00:00-04:00,414.42242364358015,415.8792597859335,407.916495085617,410.4909362792969,25700900,0.0,0.0
2026-05-06 00:00:00-04:00,407.11822745622237,417.51572107575487,404.23445872829495,413.0653381347656,30285900,0.0,0.0
2026-05-07 00:00:00-04:00,419.2020489501835,427.05506598481406,417.8549909144547,419.8606262207031,34942400,0.0,0.0
2026-05-08 00:00:00-04:00,416.48795292910256,417.7252633012779,413.105264767488,414.22283935546875,33383800,0.0,0.0
2026-05-11 00:00:00-04:00,406.9885016374445,411.79809190456297,404.6236285818644,411.7681579589844,35657900,0.0,0.0
2026-05-12 00:00:00-04:00,413.58422243338293,414.6020070114768,405.76117016707224,406.8887023925781,38594200,0.0,0.0
2026-05-13 00:00:00-04:00,402.3286237155428,405.4318878236479,400.1633000811369,404.3342590332031,29667100,0.0,0.0
2026-05-14 00:00:00-04:00,403.6058516736889,410.94993067744383,400.013625877668,408.5451354980469,27077500,0.0,0.0
2026-05-15 00:00:00-04:00,413.3746572242232,427.24464052002446,412.01761111071977,421.0081481933594,50771200,0.0,0.0
2026-05-18 00:00:00-04:00,415.71960624154525,424.2012362508279,414.7117792841577,422.6246643066406,32564100,0.0,0.0
2026-05-19 00:00:00-04:00,428.9708919761278,431.7648588737268,415.58987007798993,416.51788330078125,33018700,0.0,0.0
2026-05-20 00:00:00-04:00,413.2749005432513,421.18775475321456,410.4110776678385,420.1499938964844,27864000,0.0,0.0
2026-05-21 00:00:00-04:00,424.75,426.3399963378906,415.7099914550781,419.0899963378906,31393500,0.91,0.0
2026-05-22 00:00:00-04:00,419.5400085449219,424.3999938964844,416.3299865722656,418.57000732421875,22390300,0.0,0.0
2026-05-26 00:00:00-04:00,416.42999267578125,419.7699890136719,413.0199890136719,416.0299987792969,30398000,0.0,0.0
2026-05-27 00:00:00-04:00,411.010009765625,415.94000244140625,409.5799865722656,412.6700134277344,28901500,0.0,0.0
2026-05-28 00:00:00-04:00,412.9800109863281,429.489990234375,412.6700134277344,426.989990234375,47250500,0.0,0.0
2026-05-29 00:00:00-04:00,432.54998779296875,450.3299865722656,432.3599853515625,450.239990234375,79654400,0.0,0.0
2026-06-01 00:00:00-04:00,464.8399963378906,466.32000732421875,458.2699890136719,460.5199890136719,53628900,0.0,0.0
2026-06-02 00:00:00-04:00,446.8800048828125,453.5,440.42999267578125,441.30999755859375,37036800,0.0,0.0
2026-06-03 00:00:00-04:00,438.45001220703125,440.3900146484375,424.25,427.3399963378906,39037000,0.0,0.0
2026-06-04 00:00:00-04:00,435.80999755859375,436.1499938964844,426.4100036621094,428.04998779296875,26899500,0.0,0.0
2026-06-05 00:00:00-04:00,428.3399963378906,429.4700012207031,414.3999938964844,416.6700134277344,34782200,0.0,0.0
2026-06-08 00:00:00-04:00,414.1400146484375,417.1600036621094,408.55999755859375,411.739990234375,32086700,0.0,0.0
2026-06-09 00:00:00-04:00,409.0299987792969,411.9800109863281,398.4800109863281,403.4100036621094,35317300,0.0,0.0
2026-06-10 00:00:00-04:00,398.54998779296875,405.0400085449219,397.1600036621094,397.3599853515625,32576000,0.0,0.0
2026-06-11 00:00:00-04:00,395.2099914550781,396.8500061035156,384.0,390.3399963378906,47224100,0.0,0.0
2026-06-12 00:00:00-04:00,391.42999267578125,391.739990234375,382.2699890136719,390.739990234375,34865800,0.0,0.0
2026-06-15 00:00:00-04:00,396.79998779296875,401.75,392.8500061035156,399.760009765625,32266400,0.0,0.0
2026-06-16 00:00:00-04:00,395.7900085449219,396.8399963378906,390.69000244140625,393.8299865722656,31506800,0.0,0.0
2026-06-17 00:00:00-04:00,390.25,390.3699951171875,377.32000732421875,378.9100036621094,41987800,0.0,0.0
2026-06-18 00:00:00-04:00,377.82000732421875,381.3699951171875,373.2799987792969,379.3999938964844,59714200,0.0,0.0
2026-06-22 00:00:00-04:00,375.739990234375,381.6300048828125,367.07000732421875,367.3399963378906,45171100,0.0,0.0
2026-06-23 00:00:00-04:00,372.3800048828125,377.2200012207031,370.6700134277344,373.94000244140625,40647600,0.0,0.0
2026-06-24 00:00:00-04:00,371.57000732421875,378.8800048828125,364.7799987792969,365.4599914550781,44509900,0.0,0.0
2026-06-25 00:00:00-04:00,362.7699890136719,364.2300109863281,349.20001220703125,352.8299865722656,66179000,0.0,0.0
2026-06-26 00:00:00-04:00,357.1499938964844,376.6099853515625,355.42999267578125,372.9700012207031,186201600,0.0,0.0
2026-06-29 00:00:00-04:00,377.5,380.5,359.8999938964844,368.57000732421875,51229900,0.0,0.0
2026-06-30 00:00:00-04:00,371.0299987792969,374.1499938964844,367.45001220703125,373.0199890136719,44945700,0.0,0.0
2026-07-01 00:00:00-04:00,380.8299865722656,388.8299865722656,374.8900146484375,384.2799987792969,48065800,0.0,0.0
2026-07-02 00:00:00-04:00,384.4800109863281,392.20001220703125,383.70001220703125,390.489990234375,42128900,0.0,0.0
2026-07-06 00:00:00-04:00,387.0400085449219,389.1499938964844,381.2200012207031,386.739990234375,34224500,0.0,0.0
2026-07-07 00:00:00-04:00,392.489990234375,395.57000732421875,388.2200012207031,388.8399963378906,29297500,0.0,0.0
2026-07-08 00:00:00-04:00,384.0299987792969,385.30999755859375,381.3299865722656,383.3399963378906,25908300,0.0,0.0
2026-07-09 00:00:00-04:00,374.45001220703125,384.6499938964844,373.3500061035156,384.3599853515625,31083200,0.0,0.0
2026-07-10 00:00:00-04:00,387.79998779296875,391.9100036621094,381.5,385.1000061035156,24644600,0.0,0.0
2026-07-13 00:00:00-04:00,387.75,393.6499938964844,384.1499938964844,390.989990234375,28914900,0.0,0.0
2026-07-14 00:00:00-04:00,382.82000732421875,388.19000244140625,378.6499938964844,384.92999267578125,27863900,0.0,0.0
2026-07-15 00:00:00-04:00,387.79998779296875,398.9599914550781,386.3999938964844,395.6300048828125,36253700,0.0,0.0
2026-07-16 00:00:00-04:00,398.30999755859375,405.989990234375,392.04998779296875,401.1000061035156,37047400,0.0,0.0
2026-07-17 00:00:00-04:00,394.8599853515625,398.3900146484375,389.3900146484375,393.82000732421875,33049800,0.0,0.0
2026-07-20 00:00:00-04:00,391.4100036621094,403.17999267578125,389.6499938964844,402.2900085449219,27915800,0.0,0.0
2026-07-21 00:00:00-04:00,398.80999755859375,401.4700012207031,396.32000732421875,397.75,24126600,0.0,0.0
2026-07-22 00:00:00-04:00,399.5799865722656,401.0,386.9599914550781,390.3399963378906,28142500,0.0,0.0
2026-07-23 00:00:00-04:00,389.9700012207031,391.7799987792969,377.3900146484375,381.5799865722656,30351800,0.0,0.0
2026-07-24 00:00:00-04:00,387.04998779296875,389.0299987792969,380.6499938964844,381.70001220703125,27659400,0.0,0.0
2026-07-27 00:00:00-04:00,390.0799865722656,394.20001220703125,387.989990234375,389.1000061035156,27856200,0.0,0.0
2026-07-28 00:00:00-04:00,393.1600036621094,400.32000732421875,391.29998779296875,393.3500061035156,32367500,0.0,0.0
2026-07-29 00:00:00-04:00,393.3999938964844,401.25,388.739990234375,390.5400085449219,47209000,0.0,0.0
2026-07-30 00:00:00-04:00,437.8999938964844,458.69000244140625,432.44000244140625,451.1000061035156,110160700,0.0,0.0
2026-07-31 00:00:00-04:00,450.0,466.8399963378906,449.3299865722656,464.7200012207031,60846000,0.0,0.0
2026-08-03 00:00:00-04:00,476.1300048828125,491.6499938964844,475.0,487.6499938964844,66762100,0.0,0.0
2026-08-04 00:00:00-04:00,480.8999938964844,499.44000244140625,479.1700134277344,492.80999755859375,50455500,0.0,0.0
2026-08-05 00:00:00-04:00,496.3599853515625,498.239990234375,485.67999267578125,487.4599914550781,33388900,0.0,0.0
2026-08-06 00:00:00-04:00,488.54998779296875,501.55999755859375,488.5199890136719,499.8599853515625,36441500,0.0,0.0
2026-08-07 00:00:00-04:00,499.2099914550781,505.17999267578125,498.7300109863281,499.989990234375,28846200,0.0,0.0
2026-08-10 00:00:00-04:00,503.44000244140625,513.72998046875,502.2699890136719,506.05999755859375,31206100,0.0,0.0
2026-08-11 00:00:00-04:00,504.3299865722656,505.3299865722656,499.54998779296875,503.80999755859375,23049800,0.0,0.0
2026-08-12 00:00:00-04:00,499.989990234375,501.5,491.5199890136719,492.42999267578125,29001500,0.0,0.0
2026-08-13 00:00:00-04:00,493.2699890136719,501.3399963378906,493.010009765625,496.8800048828125,23017200,0.0,0.0
2026-08-14 00:00:00-04:00,496.3550109863281,500.010009765625,493.92498779296875,495.3999938964844,14356176,0.0,0.0
