Date,Open,High,Low,Close,Volume,Dividends,Stock Splits
2021-09-27 00:00:00-04:00,71.81887014859518,73.99342235864198,71.68235150938631,73.31082916259766,18435200,0.0,0.0
2021-09-28 00:00:00-04:00,72.6477176055223,73.12553272544764,71.2435177301593,71.28252410888672,27311500,0.0,0.0
2021-09-29 00:00:00-04:00,69.39076401211548,71.49705641317995,68.47413269922018,69.85882568359375,38169200,0.0,0.0
2021-09-30 00:00:00-04:00,70.50331283979362,70.89391441745923,69.1948061222351,69.3119888305664,16923300,0.1,0.0
2021-10-01 00:00:00-04:00,69.66352807175112,69.88812641959025,68.45266978150839,69.3217544555664,17813800,0.0,0.0
2021-10-04 00:00:00-04:00,68.94090741477422,69.8881137291373,68.70654947053228,68.96044158935547,19525700,0.0,0.0
2021-10-05 00:00:00-04:00,69.53658364898548,69.53658364898548,67.97418469989982,68.84326934814453,14512100,0.0,0.0
2021-10-06 00:00:00-04:00,68.15971543674627,68.72607987817482,67.40780612727104,68.29642486572266,17899300,0.0,0.0
2021-10-07 00:00:00-04:00,68.74563001681818,69.9857822533881,68.47221109537642,68.88233947753906,15236100,0.0,0.0
2021-10-08 00:00:00-04:00,69.2631690023858,69.2729360917575,68.06207031328037,68.47220611572266,13666200,0.0,0.0
2021-10-11 00:00:00-04:00,68.25735837770414,68.70654752901827,67.55427711474132,67.59333801269531,12700200,0.0,0.0
2021-10-12 00:00:00-04:00,67.75936149308248,67.79842240271084,64.12677884881842,65.15210723876953,36911700,0.0,0.0
2021-10-13 00:00:00-04:00,65.17163197334499,65.83565251648521,64.6736221535697,64.8200912475586,17532400,0.0,0.0
2021-10-14 00:00:00-04:00,65.69894172503571,66.4801449775759,65.23998537292633,66.20672607421875,15541600,0.0,0.0
2021-10-15 00:00:00-04:00,66.4899074864919,66.85121531015376,65.89424910710274,66.08954620361328,11786100,0.0,0.0
2021-10-18 00:00:00-04:00,65.43528016361267,66.0407055165437,64.73219883108158,65.67940521240234,11849300,0.0,0.0
2021-10-19 00:00:00-04:00,65.78682725056298,66.29460412355736,65.073978760478,65.98212432861328,16930300,0.0,0.0
2021-10-20 00:00:00-04:00,65.62080976787554,67.57381014727784,65.43527979790386,66.66566467285156,19457800,0.0,0.0
2021-10-21 00:00:00-04:00,66.35319752542696,67.0855728069443,66.07977861234423,67.02698516845703,11140700,0.0,0.0
2021-10-22 00:00:00-04:00,66.90003852087966,67.46640304026465,65.50364277546868,65.92353820800781,17892100,0.0,0.0
2021-10-25 00:00:00-04:00,67.9839327476983,69.448682749113,66.92931095865481,67.1441421508789,23341300,0.0,0.0
2021-10-26 00:00:00-04:00,67.73982644458,68.17924858624941,66.86097471113534,67.31993103027344,14267900,0.0,0.0
2021-10-27 00:00:00-04:00,66.90979430708904,67.0758050127986,65.86493933048594,66.6363754272461,13541900,0.0,0.0
2021-10-28 00:00:00-04:00,67.6617069013658,68.69679483870283,67.5542912720075,67.94489288330078,16966000,0.0,0.0
2021-10-29 00:00:00-04:00,66.78285148813572,67.9155953539599,66.4410778907252,67.47616577148438,11440900,0.0,0.0
2021-11-01 00:00:00-04:00,67.34921039714595,69.30221051908678,67.31991658733352,69.0385513305664,11988400,0.0,0.0
2021-11-02 00:00:00-04:00,68.83351629821172,69.18505706471721,68.39409406513353,69.09717559814453,9761100,0.0,0.0
2021-11-03 00:00:00-04:00,69.0580939140563,69.65375961979949,68.60890472531808,69.57563781738281,10266900,0.0,0.0
2021-11-04 00:00:00-04:00,70.66933873987408,70.77675438308951,69.37059138107429,70.54238891601562,15936600,0.0,0.0
2021-11-05 00:00:00-04:00,71.28450454447011,72.00711250450814,70.6595451006365,71.20638275146484,13019300,0.0,0.0
2021-11-08 00:00:00-05:00,71.59700301980016,73.2668176696151,71.40170593623705,72.807861328125,18742300,0.0,0.0
2021-11-09 00:00:00-05:00,73.33515383109602,74.47765712596988,72.80784289882249,73.81363677978516,20127300,0.0,0.0
2021-11-10 00:00:00-05:00,72.41725055890069,73.38398356608911,71.47980391241587,71.68487548828125,15228300,0.0,0.0
2021-11-11 00:00:00-05:00,72.2805443190372,73.19845692654111,71.889950184028,72.798095703125,12192600,0.0,0.0
2021-11-12 00:00:00-05:00,73.25704783178846,76.18654867595674,73.18869311009543,75.48347473144531,26553200,0.0,0.0
2021-11-15 00:00:00-05:00,75.93267405942184,76.44045099518866,74.79993000640121,74.97570037841797,12650700,0.0,0.0
2021-11-16 00:00:00-05:00,74.76086453611804,75.33700361763015,73.99919545387019,75.00498962402344,11807600,0.0,0.0
2021-11-17 00:00:00-05:00,74.68274095072518,74.77062239547135,73.42305475862472,73.68670654296875,11600500,0.0,0.0
2021-11-18 00:00:00-05:00,75.09286960064635,75.6787682519305,73.96989283979013,75.21004486083984,16848200,0.0,0.0
2021-11-19 00:00:00-05:00,77.07517676003079,81.88932402316607,77.07517676003079,81.07882690429688,47216100,0.0,0.0
2021-11-22 00:00:00-05:00,81.69401567136126,85.60977636635985,81.69401567136126,81.88931274414062,34775200,0.0,0.0
2021-11-23 00:00:00-05:00,83.04159287461819,85.64884709068733,82.34827850162452,83.40290069580078,31823300,0.0,0.0
2021-11-24 00:00:00-05:00,82.75839262169133,85.1117616988425,82.62168318859017,84.18408203125,21666100,0.0,0.0
2021-11-26 00:00:00-05:00,81.17644696331728,82.07483267680661,80.05347785913793,81.45963287353516,16487200,0.0,0.0
2021-11-29 00:00:00-05:00,82.39707282594074,84.2426573533038,82.18224906966762,84.11571502685547,18889800,0.0,0.0
2021-11-30 00:00:00-05:00,83.56888832875605,84.87739501169804,81.97718824564556,82.02601623535156,27301000,0.0,0.0
2021-12-01 00:00:00-05:00,84.51611174071097,86.95736271588913,83.00253315605781,83.14900970458984,31633400,0.0,0.0
2021-12-02 00:00:00-05:00,80.68821745324917,81.62565685125962,79.4382982559019,80.93234252929688,22994500,0.0,0.0
2021-12-03 00:00:00-05:00,81.7428241177629,82.44590539589215,78.7449690485929,79.70194244384766,19167200,0.0,0.0
2021-12-06 00:00:00-05:00,79.90700300465673,81.27410460103572,78.63754992585389,80.5124282836914,15094900,0.0,0.0
2021-12-07 00:00:00-05:00,82.43614986118781,84.9945832151157,82.34826841415838,83.81301879882812,21716900,0.0,0.0
2021-12-08 00:00:00-05:00,83.4321859173661,84.31103020517465,82.0553169529492,83.99855041503906,12908500,0.0,0.0
2021-12-09 00:00:00-05:00,83.29546606398642,84.5063241681574,82.64120529913713,82.93415832519531,11964300,0.0,0.0
2021-12-10 00:00:00-05:00,82.35801865907683,83.66653272752394,82.1529545226249,83.52982330322266,11955900,0.0,0.0
2021-12-13 00:00:00-05:00,84.57469058977924,85.32659253393794,82.22132131825455,82.3677978515625,13054400,0.0,0.0
2021-12-14 00:00:00-05:00,81.26434792065177,82.77791876216494,80.96163524237019,81.33270263671875,12082500,0.0,0.0
2021-12-15 00:00:00-05:00,81.51824750202698,83.77396078830205,80.13161142789502,83.64701843261719,13971500,0.0,0.0
2021-12-16 00:00:00-05:00,83.861833830994,84.291496299631,80.19995810994288,80.7468032836914,16503200,0.0,0.0
2021-12-17 00:00:00-05:00,79.70194720696371,81.33270071612823,79.03792678794812,81.04951477050781,23165900,0.0,0.0
2021-12-20 00:00:00-05:00,80.2097257986278,81.29364161618537,79.00863472518637,80.10231018066406,22346800,0.0,0.0
2021-12-21 00:00:00-05:00,86.89874647704383,88.9982232947489,85.29728682309785,88.54903411865234,58363600,0.0,0.0
2021-12-22 00:00:00-05:00,87.88501926012604,88.35374264089309,86.83039724097924,88.21702575683594,18593900,0.0,0.0
2021-12-23 00:00:00-05:00,88.56858163391982,92.76753625497724,88.22680799037019,92.20116424560547,36400100,0.0,0.0
2021-12-27 00:00:00-05:00,91.51760793264316,92.69917238387326,90.55087473620141,92.21092224121094,17110100,0.0,0.0
2021-12-28 00:00:00-05:00,91.5468907919597,91.68360021953396,89.89660312324969,90.75592803955078,13683800,0.0,0.0
2021-12-29 00:00:00-05:00,91.79103026895103,94.47640615447885,91.70314881602111,93.9100341796875,32234600,0.0,0.0
2021-12-30 00:00:00-05:00,92.18161855763246,93.26553435432994,91.2344121902387,91.68360137939453,19327800,0.0,0.0
2021-12-31 00:00:00-05:00,91.88889210136126,92.29945770166962,90.9406757448998,91.0579833984375,13660600,0.1,0.0
2022-01-03 00:00:00-05:00,91.80092142271874,93.6875692671092,91.38057829964512,93.59959411621094,18705500,0.0,0.0
2022-01-04 00:00:00-05:00,93.45294448112477,94.42070825597808,91.43921183941738,94.17632293701172,19725000,0.0,0.0
2022-01-05 00:00:00-05:00,93.23791672267282,96.23896918783626,92.2310500506873,92.2799301147461,28613100,0.0,0.0
2022-01-06 00:00:00-05:00,92.96419550326212,94.53803792074463,92.00620900621612,93.50184631347656,22320300,0.0,0.0
2022-01-07 00:00:00-05:00,93.93196393159617,95.00726560271531,91.83025556616369,92.32879638671875,14857900,0.0,0.0
2022-01-10 00:00:00-05:00,92.14305745560479,93.52138699634519,88.99537285171995,91.78136444091797,20290000,0.0,0.0
2022-01-11 00:00:00-05:00,90.3834689359613,92.15281632652166,89.59166285873566,92.08438873291016,14924900,0.0,0.0
2022-01-12 00:00:00-05:00,93.02284092848883,94.06880990258206,91.67382905633481,92.97396087646484,13339200,0.0,0.0
2022-01-13 00:00:00-05:00,94.3327527376496,95.90659511571964,93.15970594589349,93.47251892089844,23679800,0.0,0.0
2022-01-14 00:00:00-05:00,92.31900489496618,95.24185136135142,92.2799023470955,95.17342376708984,18385000,0.0,0.0
2022-01-18 00:00:00-05:00,93.38454314571702,93.79510880708176,90.46169599735822,90.78428649902344,19900500,0.0,0.0
2022-01-19 00:00:00-05:00,91.61517663884443,92.65136808466632,87.75388382630773,87.97872161865234,19043800,0.0,0.0
2022-01-20 00:00:00-05:00,88.25244461913226,88.30132467690488,83.02259913359944,83.15945434570312,24701300,0.0,0.0
2022-01-21 00:00:00-05:00,82.32852864006469,83.22786483696565,79.68916268214035,80.08995819091797,29716300,0.0,0.0
2022-01-24 00:00:00-05:00,78.4672329120136,81.17502635295477,75.89630210757423,81.08704376220703,29757100,0.0,0.0
2022-01-25 00:00:00-05:00,79.10264793504332,80.568960028314,77.86117364428237,78.90714263916016,22128400,0.0,0.0
2022-01-26 00:00:00-05:00,81.38033371177809,82.88574858771875,78.79962462675131,80.12908172607422,21018700,0.0,0.0
2022-01-27 00:00:00-05:00,81.63447279029339,81.82020055840152,76.62945884932566,76.9520492553711,22694000,0.0,0.0
2022-01-28 00:00:00-05:00,75.6323702534918,77.4994701888782,73.82391294930108,77.48969268798828,24434600,0.0,0.0
2022-01-31 00:00:00-05:00,77.18665094506129,80.46141241778933,76.26775984610487,80.42230987548828,21898200,0.0,0.0
2022-02-01 00:00:00-05:00,80.35391423564487,80.53964952090205,78.61389143076285,79.62075805664062,15237400,0.0,0.0
2022-02-02 00:00:00-05:00,81.0577427314343,82.79776547987365,80.68627963101976,82.6120376586914,19862800,0.0,0.0
2022-02-03 00:00:00-05:00,80.81335782511536,83.26698919404883,79.87491883583745,80.12908172607422,19598200,0.0,0.0
2022-02-04 00:00:00-05:00,79.3959259592037,80.34414245688642,78.0469138457787,79.3470458984375,15657500,0.0,0.0
2022-02-07 00:00:00-05:00,79.53276514780069,80.19749356675669,78.67253144128944,79.05377197265625,11799800,0.0,0.0
2022-02-08 00:00:00-05:00,79.32749725449366,82.50450725115876,79.18086453226834,82.23079681396484,18315700,0.0,0.0
2022-02-09 00:00:00-05:00,82.6999884218671,86.78611115326623,81.68334462489172,86.14093780517578,22386900,0.0,0.0
2022-02-10 00:00:00-05:00,87.18691225200659,92.51450943435064,86.49285881347699,88.9758071899414,33820700,0.0,0.0
2022-02-11 00:00:00-05:00,89.22997737623982,92.45586696418597,86.95230413509204,87.7441177368164,31000000,0.0,0.0
2022-02-14 00:00:00-05:00,89.92400248123293,91.07750126191151,86.71766891000344,87.84184265136719,23499100,0.0,0.0
2022-02-15 00:00:00-05:00,88.96604191830252,94.33274193604787,88.96604191830252,93.8439712524414,27069700,0.0,0.0
2022-02-16 00:00:00-05:00,92.31902121750421,94.32297680836055,91.46855743155899,93.90263366699219,15573600,0.0,0.0
2022-02-17 00:00:00-05:00,92.90553100844463,93.84396981159475,91.3903389293088,91.62495422363281,17943300,0.0,0.0
2022-02-18 00:00:00-05:00,92.40699838608704,92.5536311052111,86.9034423316231,88.76077270507812,19530500,0.0,0.0
2022-02-22 00:00:00-05:00,87.82231072710049,91.85956124922488,86.67858914504698,88.53591918945312,24825700,0.0,0.0
2022-02-23 00:00:00-05:00,89.41572010667198,89.80673818913523,85.11453611567549,85.3491439819336,19135400,0.0,0.0
2022-02-24 00:00:00-05:00,82.24054308262258,86.94252158975152,81.90818263584873,86.83499145507812,24472300,0.0,0.0
2022-02-25 00:00:00-05:00,85.98452419299883,88.44793222605017,85.31979586989503,88.07646179199219,15008700,0.0,0.0
2022-02-28 00:00:00-05:00,86.46355371925341,87.73436081455077,85.20253158650775,86.86434936523438,17269800,0.0,0.0
2022-03-01 00:00:00-05:00,86.57106413747985,87.82231593821629,82.75865863775131,84.32272338867188,20794800,0.0,0.0
2022-03-02 00:00:00-05:00,85.21227223730432,91.95730861233632,85.07541705370483,91.20460510253906,28398700,0.0,0.0
2022-03-03 00:00:00-05:00,89.56235043899585,90.11954876782772,86.40488827024895,87.1771469116211,22099800,0.0,0.0
2022-03-04 00:00:00-05:00,85.45665889008393,85.45665889008393,78.7116224100036,80.0704116821289,28211500,0.0,0.0
2022-03-07 00:00:00-05:00,79.92378363963111,81.10660778964039,73.9314503328456,73.9998779296875,26715500,0.0,0.0
2022-03-08 00:00:00-05:00,74.53751222621293,78.44767680201426,72.26961707057004,75.42707824707031,28343200,0.0,0.0
2022-03-09 00:00:00-05:00,78.17398716860949,78.68230541648103,75.7985612616839,77.65589141845703,19647900,0.0,0.0
2022-03-10 00:00:00-05:00,75.99407797524768,75.99407797524768,72.15233938711911,74.01944732666016,21692000,0.0,0.0
2022-03-11 00:00:00-05:00,74.9383254441346,74.97742053608125,71.00860493715022,71.18456268310547,22786500,0.0,0.0
2022-03-14 00:00:00-04:00,70.13859025721943,70.85219870792828,67.41124905817497,67.84136962890625,24893400,0.0,0.0
2022-03-15 00:00:00-04:00,68.47677397636811,71.87861366932782,66.80517171880594,71.46804809570312,22851000,0.0,0.0
2022-03-16 00:00:00-04:00,74.7525852061674,77.91981696388916,74.43977228513376,77.8807144165039,35742800,0.0,0.0
2022-03-17 00:00:00-04:00,76.44373598118568,78.7702893315147,75.46619456220353,78.71163177490234,21612200,0.0,0.0
2022-03-18 00:00:00-04:00,77.32352112871293,79.37635652082855,76.3068772056164,77.6265640258789,28601200,0.0,0.0
2022-03-21 00:00:00-04:00,77.2159961019194,78.09578488775834,73.83370362129348,76.59037017822266,30878200,0.0,0.0
2022-03-22 00:00:00-04:00,75.95497913562805,77.93939484313518,75.76925130359429,77.34309387207031,16768000,0.0,0.0
2022-03-23 00:00:00-04:00,76.11137735187108,76.46329286801004,73.39381333350305,73.95101165771484,28059800,0.0,0.0
2022-03-24 00:00:00-04:00,74.19539578966895,76.77610455991403,73.62841997216304,76.4535140991211,23348000,0.0,0.0
2022-03-25 00:00:00-04:00,76.51217331442524,76.54150582548704,73.44269346503198,76.34599304199219,22491000,0.0,0.0
2022-03-28 00:00:00-04:00,76.82497785584967,78.37927261688024,75.53462345897961,78.06645965576172,26605300,0.0,0.0
2022-03-29 00:00:00-04:00,80.25615562016638,80.69605376978674,77.47994134135251,80.20728302001953,41290700,0.0,0.0
2022-03-30 00:00:00-04:00,82.40674135938067,84.3031665660777,76.8347510157006,77.3821792602539,70087000,0.0,0.0
2022-03-31 00:00:00-04:00,75.92562577062718,78.16419608896975,75.10449471484094,76.14068603515625,34588600,0.0,0.0
2022-04-01 00:00:00-04:00,76.66857686242047,77.13780004388275,72.39671800532949,74.46910858154297,33536100,0.0,0.0
2022-04-04 00:00:00-04:00,75.17294782691718,76.42419983660955,74.79170721327812,75.92565155029297,24305700,0.0,0.0
2022-04-05 00:00:00-04:00,74.98719976352827,76.26777660863851,72.63132887197094,72.93436431884766,21171400,0.0,0.0
2022-04-06 00:00:00-04:00,71.53648533548453,73.20808036035388,69.86489031061517,72.12300872802734,28080100,0.0,0.0
2022-04-07 00:00:00-04:00,72.01547978124862,73.00279877444203,70.51006499162244,71.63423919677734,22658600,0.0,0.0
2022-04-08 00:00:00-04:00,70.96859204355883,71.31119754598322,69.33386902610545,70.61619567871094,20562600,0.1,0.0
2022-04-11 00:00:00-04:00,69.05979546310117,71.36994645379787,68.60950533982485,70.50852966308594,21127900,0.0,0.0
2022-04-12 00:00:00-04:00,71.25247231007916,72.0355695894195,70.05824093072677,70.44000244140625,18658500,0.0,0.0
2022-04-13 00:00:00-04:00,70.83154573964386,72.1921842763422,70.34210720217713,70.85111999511719,18892000,0.0,0.0
2022-04-14 00:00:00-04:00,71.02734655265957,71.27206591919241,68.60951801639612,68.64867401123047,18543500,0.0,0.0
2022-04-18 00:00:00-04:00,68.76611906594766,70.57704028079796,68.57034662529787,69.64710998535156,17476700,0.0,0.0
2022-04-19 00:00:00-04:00,69.46113149137088,71.85938532898857,69.27514241673053,71.1937484741211,15139000,0.0,0.0
2022-04-20 00:00:00-04:00,72.25093967366372,74.61982869587195,71.35037424346463,71.65382385253906,19042600,0.0,0.0
2022-04-21 00:00:00-04:00,72.40755284232776,72.9165657365999,69.15768060530779,69.4219741821289,17645300,0.0,0.0
2022-04-22 00:00:00-04:00,69.14787756262247,69.48069965922183,67.84596923070777,67.94386291503906,18682400,0.0,0.0
2022-04-25 00:00:00-04:00,66.97476711542559,68.68780198225774,66.4951194438196,68.63886260986328,20072100,0.0,0.0
2022-04-26 00:00:00-04:00,67.23907886462004,67.69915235453269,65.62392995237546,65.6630859375,18628700,0.0,0.0
2022-04-27 00:00:00-04:00,64.73314163886933,67.03350885903009,64.46884810093586,65.06596374511719,17123600,0.0,0.0
2022-04-28 00:00:00-04:00,66.2210505832249,69.31429895580845,65.64350909496717,68.6976089477539,21058400,0.0,0.0
2022-04-29 00:00:00-04:00,67.64040809260369,69.82330737540694,66.58321900133826,66.7496337890625,16843500,0.0,0.0
2022-05-02 00:00:00-04:00,66.72027129221831,69.24576870739537,66.15252074294034,69.10872650146484,15342800,0.0,0.0
2022-05-03 00:00:00-04:00,68.981462287095,70.43998690277607,68.71716131908755,69.75477600097656,13539100,0.0,0.0
2022-05-04 00:00:00-04:00,70.25400519273745,72.33901816608169,68.67801995468669,72.06493377685547,17201900,0.0,0.0
2022-05-05 00:00:00-04:00,70.7826082617994,71.02732756290449,68.87380070047585,69.7841567993164,16603600,0.0,0.0
2022-05-06 00:00:00-04:00,69.05978595352006,70.39105947562936,67.43484629897137,68.86400604248047,15159800,0.0,0.0
2022-05-09 00:00:00-04:00,67.7382955061092,69.89182970794177,66.05463308855421,66.49512481689453,21770900,0.0,0.0
2022-05-10 00:00:00-04:00,68.10049238010774,69.09894392421559,66.1818937987845,67.45443725585938,17662700,0.0,0.0
2022-05-11 00:00:00-04:00,67.20972751028026,69.38282911803272,65.40858916680365,65.5456314086914,17237300,0.0,0.0
2022-05-12 00:00:00-04:00,64.60590576666627,67.4446516046075,64.4786543984201,66.27978515625,27022900,0.0,0.0
2022-05-13 00:00:00-04:00,67.64042223690934,71.0958580285156,66.58323292457479,70.4008560180664,22872000,0.0,0.0
2022-05-16 00:00:00-04:00,69.99950898993328,70.51831269861404,68.83464275993975,68.98147583007812,13394700,0.0,0.0
2022-05-17 00:00:00-04:00,70.72386960660577,73.1514880708233,70.6259833914556,72.90676879882812,17671500,0.0,0.0
2022-05-18 00:00:00-04:00,71.63423050520323,72.65226364264282,68.60949621261754,69.54922485351562,20635100,0.0,0.0
2022-05-19 00:00:00-04:00,69.26534789780402,70.1854873227686,67.59146889956867,67.93407440185547,17558000,0.0,0.0
2022-05-20 00:00:00-04:00,69.1087059263869,69.19680872867801,64.71355084587942,67.44461822509766,20313300,0.0,0.0
2022-05-23 00:00:00-04:00,67.31739981989028,68.71719489019858,67.07268045422968,68.12007904052734,12356200,0.0,0.0
2022-05-24 00:00:00-04:00,66.91604323915355,66.96499008443794,64.61568340734836,65.21279907226562,18764500,0.0,0.0
2022-05-25 00:00:00-04:00,64.53736970900675,67.39568914638816,64.50800458992076,66.43639373779297,16241200,0.0,0.0
2022-05-26 00:00:00-04:00,64.98765452429069,69.53943484481229,64.9484985414191,69.10872650146484,14902500,0.0,0.0
2022-05-27 00:00:00-04:00,70.24421735449533,71.88873105404001,70.12674942301392,71.7712631225586,13078700,0.0,0.0
2022-05-31 00:00:00-04:00,71.91812409513027,72.90679236466748,70.41065199618738,72.28030395507812,15453000,0.0,0.0
2022-06-01 00:00:00-04:00,72.92634444863286,73.79754447613051,71.01753707787725,71.99641418457031,13595400,0.0,0.0
2022-06-02 00:00:00-04:00,71.5852940950721,73.81714060723911,71.5852940950721,73.77798461914062,11373200,0.0,0.0
2022-06-03 00:00:00-04:00,70.17571218312561,70.17571218312561,67.65020709507641,68.46267700195312,30306600,0.0,0.0
2022-06-06 00:00:00-04:00,69.24577410045897,70.61620373473748,68.53119789505935,68.96189880371094,13198700,0.0,0.0
2022-06-07 00:00:00-04:00,67.19993372832447,69.37304271000178,66.68112991108904,69.26536560058594,14328000,0.0,0.0
2022-06-08 00:00:00-04:00,68.36478379146557,68.91296013176338,66.32872478029333,67.1509780883789,16363000,0.0,0.0
2022-06-09 00:00:00-04:00,66.50492302598667,67.23908096647993,64.60589876340705,64.62547302246094,15073700,0.0,0.0
2022-06-10 00:00:00-04:00,63.47039965287577,64.17519249386304,60.96447619002418,61.29729461669922,26626900,0.0,0.0
2022-06-13 00:00:00-04:00,58.75221290313284,59.67235617244059,57.34263100957454,57.597137451171875,24278600,0.0,0.0
2022-06-14 00:00:00-04:00,58.106145562581986,58.60537124322514,56.500787707500706,57.460086822509766,17036000,0.0,0.0
2022-06-15 00:00:00-04:00,58.0767828588836,58.81094071831187,56.334378999972245,57.8712158203125,19726200,0.0,0.0
2022-06-16 00:00:00-04:00,55.79600120411571,55.79600120411571,53.104088865320655,53.8480339050293,22706200,0.0,0.0
2022-06-17 00:00:00-04:00,54.71924367512685,55.13037035709995,52.467822852098664,54.572410583496094,24139800,0.0,0.0
2022-06-21 00:00:00-04:00,55.619805349158085,56.69656883637365,55.149944714693824,55.60022735595703,15502800,0.0,0.0
2022-06-22 00:00:00-04:00,54.77796611663307,55.93304148818487,54.425569734245045,55.149940490722656,13513800,0.0,0.0
2022-06-23 00:00:00-04:00,55.414239849675454,55.629594032325556,53.79909094804013,55.03247833251953,13366600,0.0,0.0
2022-06-24 00:00:00-04:00,55.942832927302575,57.7537542359688,55.923254935399356,57.20558166503906,15647600,0.0,0.0
2022-06-27 00:00:00-04:00,58.32150733102236,58.78157709130298,57.13706304123192,57.53840255737305,16159900,0.0,0.0
2022-06-28 00:00:00-04:00,57.73417011831894,59.31016282516985,56.58888571939931,56.6378288269043,19393600,0.0,0.0
2022-06-29 00:00:00-04:00,56.021144836100156,56.30502013614046,54.15148942906428,54.83670425415039,17351400,0.0,0.0
2022-06-30 00:00:00-04:00,53.828456040541795,55.2184597990733,53.0747201880812,54.112327575683594,29572400,0.0,0.0
2022-07-01 00:00:00-04:00,52.164372978550006,52.82021898679477,50.314295451864766,52.51676940917969,43681700,0.0,0.0
2022-07-05 00:00:00-04:00,51.07781687708267,55.68832797943807,50.98971777233165,55.531707763671875,33745900,0.0,0.0
2022-07-06 00:00:00-04:00,55.64917123833406,56.8923458178202,55.26740970095651,56.15818786621094,23565000,0.0,0.0
2022-07-07 00:00:00-04:00,57.851641451456445,58.05720850289833,56.618257813406196,57.6069221496582,22945500,0.0,0.0
2022-07-08 00:00:00-04:00,57.1018180471515,59.26937151606235,56.984120093582085,58.004146575927734,19283000,0.115,0.0
2022-07-11 00:00:00-04:00,56.993929168572905,57.48432607590335,56.601610146135954,56.69969177246094,13941800,0.0,0.0
2022-07-12 00:00:00-04:00,57.297975311030434,58.926096704884294,56.98412157620916,58.04338073730469,21523100,0.0,0.0
2022-07-13 00:00:00-04:00,56.277944635448534,58.278760978423236,56.25832831209972,57.72951889038086,13987600,0.0,0.0
2022-07-14 00:00:00-04:00,56.82718689782652,58.51415329668883,56.21909583787218,58.210105895996094,14803800,0.0,0.0
2022-07-15 00:00:00-04:00,60.29920476971769,60.51498061154495,58.259155530244634,60.348243713378906,20317800,0.0,0.0
2022-07-18 00:00:00-04:00,60.89749136433701,61.13288353869584,58.98494257500339,59.28899002075195,13233000,0.0,0.0
2022-07-19 00:00:00-04:00,60.28938446954174,61.554605384330735,60.20111289488849,61.20152282714844,19103700,0.0,0.0
2022-07-20 00:00:00-04:00,61.02499221705081,62.300023425140765,60.66209581255921,62.08424758911133,15176200,0.0,0.0
2022-07-21 00:00:00-04:00,61.397683022925605,62.45694199582618,60.74055305159101,62.41770935058594,12924700,0.0,0.0
2022-07-22 00:00:00-04:00,60.11285400390625,61.711545233435324,59.83822919068944,60.11285400390625,22201700,0.0,0.0
2022-07-25 00:00:00-04:00,60.17170448229759,60.64248884843091,58.55339678640467,58.994754791259766,14479400,0.0,0.0
2022-07-26 00:00:00-04:00,59.15167379051022,59.52437273038164,58.40626842790473,58.514156341552734,11044800,0.0,0.0
2022-07-27 00:00:00-04:00,59.328222917411104,61.19172902790411,58.465123263120866,60.701332092285156,14589800,0.0,0.0
2022-07-28 00:00:00-04:00,61.05441182923677,61.10345076916677,59.033975327811824,60.87786865234375,10120300,0.0,0.0
2022-07-29 00:00:00-04:00,60.17169858065869,60.89748764428301,59.60284011797495,60.671905517578125,14199700,0.0,0.0
2022-08-01 00:00:00-04:00,61.299615462174295,62.76099994102243,60.8092185384769,61.33884811401367,13347200,0.0,0.0
2022-08-02 00:00:00-04:00,60.56402598573925,62.08425584924064,59.71073630285286,61.270198822021484,11535800,0.0,0.0
2022-08-03 00:00:00-04:00,61.29961347765496,63.29062372615112,61.240764501801074,63.0160026550293,12290100,0.0,0.0
2022-08-04 00:00:00-04:00,62.88850541129532,63.74179128608364,62.42753109680062,63.6044807434082,11338400,0.0,0.0
2022-08-05 00:00:00-04:00,61.65270264658285,62.00578903485976,60.61305980792659,61.26038360595703,15047100,0.0,0.0
2022-08-08 00:00:00-04:00,60.799412598626034,61.41731003223533,59.80880871181406,60.26978302001953,11454300,0.0,0.0
2022-08-09 00:00:00-04:00,57.86683359755674,59.377256931775484,56.63103506865229,58.013954162597656,33107200,0.0,0.0
2022-08-10 00:00:00-04:00,58.84762844501636,60.37766813150211,58.24934362386299,60.220741271972656,17418400,0.0,0.0
2022-08-11 00:00:00-04:00,60.80921604420544,62.86888154267852,60.80921604420544,61.123069763183594,18298500,0.0,0.0
2022-08-12 00:00:00-04:00,61.45654212292396,64.16353148646623,61.034800470637684,63.79083251953125,16194000,0.0,0.0
2022-08-15 00:00:00-04:00,63.45735168457031,63.86929074039641,62.66291115344563,63.45735168457031,9689100,0.0,0.0
2022-08-16 00:00:00-04:00,62.88849616440205,63.32004031384504,62.00578031780598,62.633487701416016,9275400,0.0,0.0
2022-08-17 00:00:00-04:00,61.603651215521026,61.603651215521026,59.59302121663451,60.43650436401367,14728400,0.0,0.0
2022-08-18 00:00:00-04:00,60.5640174407621,62.20194129873854,60.07362053840775,61.77039337158203,11303900,0.0,0.0
2022-08-19 00:00:00-04:00,60.652297084792856,61.05442244845068,59.122257199410164,59.34783935546875,14050300,0.0,0.0
2022-08-22 00:00:00-04:00,58.416074686970745,58.465113624161404,56.85661253914882,57.19008255004883,13096800,0.0,0.0
2022-08-23 00:00:00-04:00,57.229316571247026,58.15126513515046,56.65064808122964,56.74872970581055,12769100,0.0,0.0
2022-08-24 00:00:00-04:00,56.7683409556332,57.44508726829891,56.25832777770195,57.19008255004883,9961300,0.0,0.0
2022-08-25 00:00:00-04:00,57.47451941142748,60.09324099561293,57.45490682644438,60.02458572387695,12171600,0.0,0.0
2022-08-26 00:00:00-04:00,59.897084983427455,60.04420556944531,56.50353888483784,56.523155212402344,15754000,0.0,0.0
2022-08-29 00:00:00-04:00,56.20929546195675,56.88604185434306,55.434467442204024,55.91505432128906,11607600,0.0,0.0
2022-08-30 00:00:00-04:00,56.37602592244411,56.68987963215627,54.512519988707055,55.21868896484375,12743700,0.0,0.0
2022-08-31 00:00:00-04:00,54.914649069132935,56.062176072759904,54.73810587758546,55.44427490234375,14172200,0.0,0.0
2022-09-01 00:00:00-04:00,54.19867046240956,56.297572597475984,53.73769986342254,56.20930099487305,17594500,0.0,0.0
2022-09-02 00:00:00-04:00,57.180288590363055,57.670685582975835,54.92446317263072,55.24812698364258,12809700,0.0,0.0
2022-09-06 00:00:00-04:00,55.24811831827841,55.60120095477754,54.07116497231999,54.16924285888672,12133300,0.0,0.0
2022-09-07 00:00:00-04:00,54.24770817078454,54.64983349206899,52.97267319660459,53.943660736083984,17030600,0.0,0.0
2022-09-08 00:00:00-04:00,53.44346338934081,54.845995280177135,52.707867934994454,54.326175689697266,18415300,0.0,0.0
2022-09-09 00:00:00-04:00,55.09118347321818,56.57218413983412,55.09118347321818,56.3367919921875,13925600,0.0,0.0
2022-09-12 00:00:00-04:00,56.356417398830196,57.02335755964502,55.93467571650811,56.82719802856445,10711500,0.0,0.0
2022-09-13 00:00:00-04:00,54.63021714947864,55.15984671630271,52.11938359453721,52.59016418457031,22361800,0.0,0.0
2022-09-14 00:00:00-04:00,52.85498775329236,53.188457861005936,51.45245204215282,52.089969635009766,19984900,0.0,0.0
2022-09-15 00:00:00-04:00,51.687834325253945,52.42342967976487,50.98166158766539,51.67802429199219,15620800,0.0,0.0
2022-09-16 00:00:00-04:00,50.89339211309748,51.99188017394013,50.50107681922661,51.83495330810547,24901700,0.0,0.0
2022-09-19 00:00:00-04:00,50.97185709951751,51.75649142380782,50.88358550419537,51.09935760498047,19251400,0.0,0.0
2022-09-20 00:00:00-04:00,50.54030073528419,50.59914970719366,49.61835595728987,49.82432174682617,19373800,0.0,0.0
2022-09-21 00:00:00-04:00,48.784696529068746,51.50149269027666,48.76508019956497,49.137779235839844,31117300,0.0,0.0
2022-09-22 00:00:00-04:00,48.84353307481235,49.40258527106341,48.40217509318477,48.70622253417969,21317000,0.0,0.0
2022-09-23 00:00:00-04:00,48.33352843334647,49.18682193031543,47.51947133681736,49.137779235839844,24591700,0.0,0.0
2022-09-26 00:00:00-04:00,48.971036857427514,49.490856396716566,47.87254880138152,47.94120407104492,19266800,0.0,0.0
2022-09-27 00:00:00-04:00,48.86314941721531,49.677210110427254,48.45121779517912,49.60855484008789,17297500,0.0,0.0
2022-09-28 00:00:00-04:00,49.14758276945213,50.20683823249847,49.13777273528189,50.02048873901367,17784300,0.0,0.0
2022-09-29 00:00:00-04:00,49.07892587182387,49.33393063033432,48.274675202341804,49.04949951171875,25582100,0.0,0.0
2022-09-30 00:00:00-04:00,49.56933100205834,51.06013837145471,48.853351811615816,49.137779235839844,38917700,0.0,0.0
2022-10-03 00:00:00-04:00,50.030298932288034,52.070352192659215,49.6674062097645,50.72666549682617,24632400,0.0,0.0
2022-10-04 00:00:00-04:00,52.53131829269729,53.757310566450606,51.64860235902231,52.92363357543945,24275500,0.0,0.0
2022-10-05 00:00:00-04:00,51.86438478231158,54.13982643202367,51.168018238905645,53.67885208129883,20418300,0.0,0.0
2022-10-06 00:00:00-04:00,53.35518128915269,54.05154395100206,52.2763059234881,53.570953369140625,17149400,0.0,0.0
2022-10-07 00:00:00-04:00,52.64214308273978,53.713463891580425,51.6101339440038,52.00328063964844,21977700,0.115,0.0
2022-10-10 00:00:00-04:00,52.16055703934049,52.21953018936841,49.8999721121686,50.49951934814453,17227400,0.0,0.0
2022-10-11 00:00:00-04:00,49.7721915903976,53.84124461743678,49.46750639954356,52.789581298828125,32813700,0.0,0.0
2022-10-12 00:00:00-04:00,52.68147499565978,52.84856371777612,51.49221122088198,51.84604263305664,18131900,0.0,0.0
2022-10-13 00:00:00-04:00,50.47003128608328,54.961716474572796,49.87048779482887,53.919883728027344,27605000,0.0,0.0
2022-10-14 00:00:00-04:00,54.29336702301977,54.48993667154369,51.69860492019089,51.816551208496094,20403000,0.0,0.0
2022-10-17 00:00:00-04:00,53.664327458656395,54.04764724350681,51.944316915118364,52.58317947387695,18261700,0.0,0.0
2022-10-18 00:00:00-04:00,54.067306377559504,54.19507965139444,50.77471595052504,51.64946365356445,19774800,0.0,0.0
2022-10-19 00:00:00-04:00,51.19734107788466,52.51437783456532,51.16785638348874,52.12123107910156,14786100,0.0,0.0
2022-10-20 00:00:00-04:00,52.58318124862499,54.15576087034896,52.25883459264878,52.779754638671875,15711800,0.0,0.0
2022-10-21 00:00:00-04:00,52.5733576135045,55.31554326913944,52.42592662425146,55.08948516845703,20199200,0.0,0.0
2022-10-24 00:00:00-04:00,55.26639912644876,55.83646160110808,54.12627792645581,55.27622985839844,15293600,0.0,0.0
2022-10-25 00:00:00-04:00,55.70868382788901,56.05268443180706,54.39164705252003,54.91256332397461,17313000,0.0,0.0
2022-10-26 00:00:00-04:00,55.11897219329187,56.45566304769773,54.01816266708603,54.4997673034668,23511300,0.0,0.0
2022-10-27 00:00:00-04:00,54.42113216736916,55.26639508560645,51.22682689455291,51.315284729003906,27335800,0.0,0.0
2022-10-28 00:00:00-04:00,50.94180291418345,53.50707279019584,50.57814082025709,53.113929748535156,19171100,0.0,0.0
2022-10-31 00:00:00-04:00,52.986150880312586,53.988671717003854,52.258830518637446,53.17289352416992,15932500,0.0,0.0
2022-11-01 00:00:00-04:00,54.14594184754807,54.48994251870438,53.1827362189843,53.919883728027344,11729700,0.0,0.0
2022-11-02 00:00:00-04:00,53.801936872362134,55.30571647072672,52.504553910853964,52.53404235839844,17302700,0.0,0.0
2022-11-03 00:00:00-04:00,51.80672852078635,53.438281602424695,51.02043855662202,52.563533782958984,12769200,0.0,0.0
2022-11-04 00:00:00-04:00,54.31301161132857,55.93473717694173,53.88055321018342,55.19758987426758,18882700,0.0,0.0
2022-11-07 00:00:00-05:00,55.462974558496335,55.846290633437356,54.50959598797321,55.59074783325195,11411300,0.0,0.0
2022-11-08 00:00:00-05:00,56.39669858241421,56.87829951156429,55.51212009106054,56.50481414794922,14190100,0.0,0.0
2022-11-09 00:00:00-05:00,55.25657243790803,55.67920393017698,54.55873668946873,55.01085662841797,19952500,0.0,0.0
2022-11-10 00:00:00-05:00,57.59578752263811,59.34528673531653,57.06504419342139,59.2371711730957,24982500,0.0,0.0
2022-11-11 00:00:00-05:00,59.61065524377443,62.09729796769068,58.85385012142479,61.4486083984375,17579400,0.0,0.0
2022-11-14 00:00:00-05:00,60.87854473435534,61.67466526926157,59.94482770185085,60.72128677368164,13988200,0.0,0.0
2022-11-15 00:00:00-05:00,62.41181208643633,63.33570587752039,61.35031804969944,62.0186653137207,16325000,0.0,0.0
2022-11-16 00:00:00-05:00,59.49271709638403,60.32815318955715,57.12401658397865,57.86116409301758,25901900,0.0,0.0
2022-11-17 00:00:00-05:00,56.31805784074005,57.97909896662806,55.541595051083846,57.73338317871094,14212300,0.0,0.0
2022-11-18 00:00:00-05:00,58.53934318751675,58.63762802398131,57.104359829581426,57.57613754272461,9703700,0.0,0.0
2022-11-21 00:00:00-05:00,57.02572873042029,57.02572873042029,55.8462920285282,56.18046569824219,9968400,0.0,0.0
2022-11-22 00:00:00-05:00,56.56377703301743,57.67441351105896,56.00354530279418,57.615440368652344,8955700,0.0,0.0
2022-11-23 00:00:00-05:00,57.24196115992557,58.047908778907754,56.76035648549671,57.920135498046875,8996800,0.0,0.0
2022-11-25 00:00:00-05:00,57.66457749067785,58.11669737567831,57.389377016671254,57.409034729003906,4360500,0.0,0.0
2022-11-28 00:00:00-05:00,56.33771535669372,56.77017379215853,54.519420032195264,54.794620513916016,15512600,0.0,0.0
2022-11-29 00:00:00-05:00,54.75530829515345,55.55142884160682,53.831418231460795,54.175418853759766,12874200,0.0,0.0
2022-11-30 00:00:00-05:00,52.661821408239035,56.691559744176814,51.708442735138,56.66207504272461,31461400,0.0,0.0
2022-12-01 00:00:00-05:00,56.83898165176449,56.927435741962086,54.15576176933528,54.53908157348633,21764200,0.0,0.0
2022-12-02 00:00:00-05:00,53.40878444335477,54.47027471006279,52.465236706430886,53.742958068847656,15946500,0.0,0.0
2022-12-05 00:00:00-05:00,53.438272664172075,54.322851069228534,52.779756100994454,53.113929748535156,13806900,0.0,0.0
2022-12-06 00:00:00-05:00,52.93701318171302,53.69381830463622,52.327639040274114,52.76009750366211,17988000,0.0,0.0
2022-12-07 00:00:00-05:00,52.20969245464251,53.31050194491348,51.54134517459427,52.89769744873047,11367300,0.0,0.0
2022-12-08 00:00:00-05:00,53.62501933930263,54.7454828249692,53.12375699087767,54.254051208496094,13609100,0.0,0.0
2022-12-09 00:00:00-05:00,53.74295249748489,54.90273120988693,53.58569455763335,53.92969512939453,9932200,0.0,0.0
2022-12-12 00:00:00-05:00,52.60284006791177,54.430966259909,52.425924388084574,54.4014778137207,13250600,0.0,0.0
2022-12-13 00:00:00-05:00,56.20995364109774,56.89795873601628,53.713483581392175,54.293373107910156,14210500,0.0,0.0
2022-12-14 00:00:00-05:00,54.2933693160108,55.13862858860865,53.133590343974895,53.65450668334961,11235300,0.0,0.0
2022-12-15 00:00:00-05:00,52.64215740429895,52.79941537547466,50.96145838503416,51.1482048034668,17785000,0.0,0.0
2022-12-16 00:00:00-05:00,50.85334946965559,51.63963937027283,50.7354031725685,51.17769241333008,22951400,0.0,0.0
2022-12-19 00:00:00-05:00,51.27597227719943,51.39391856285966,50.22430893401232,50.83368682861328,16470000,0.0,0.0
2022-12-20 00:00:00-05:00,50.46020548124579,51.07941045311988,49.58545768330329,49.81151580810547,16942000,0.0,0.0
2022-12-21 00:00:00-05:00,50.05722424056644,50.86317178337139,49.88030856050431,50.312767028808594,20400800,0.0,0.0
2022-12-22 00:00:00-05:00,48.65173164720062,49.11367858181689,47.60006825295467,48.58293151855469,40959600,0.0,0.0
2022-12-23 00:00:00-05:00,48.16029654027481,49.6837337421939,48.15046955803105,49.3397331237793,17425700,0.0,0.0
2022-12-27 00:00:00-05:00,48.75984513687121,49.44785014345647,47.68852407286257,49.162818908691406,15159100,0.0,0.0
2022-12-28 00:00:00-05:00,48.98589517916297,50.21447400714226,47.99320513585872,48.27823257446289,12518700,0.0,0.0
2022-12-29 00:00:00-05:00,48.55344905958198,50.05722872551776,48.494475911168934,49.78202819824219,13204300,0.0,0.0
2022-12-30 00:00:00-05:00,48.71319257856356,49.2746992413603,48.39796089972532,49.235294342041016,11989800,0.115,0.0
2023-01-03 00:00:00-05:00,49.806640028891486,50.20067763712084,48.811687270559155,49.619468688964844,12422800,0.0,0.0
2023-01-04 00:00:00-05:00,52.25954026363772,53.70763807863757,51.944308648623185,53.39240646362305,25077300,0.0,0.0
2023-01-05 00:00:00-05:00,53.087028179033936,54.564677894573684,53.087028179033936,53.89480972290039,18030900,0.0,0.0
2023-01-06 00:00:00-05:00,54.60408038911183,56.436366557112265,53.224939212076094,55.92411422729492,21069800,0.0,0.0
2023-01-09 00:00:00-05:00,55.97337437844542,56.662945039826056,54.82080933296484,55.52022933959961,15715900,0.0,0.0
2023-01-10 00:00:00-05:00,55.32321264498466,56.426523528872984,55.0276834136754,56.357566833496094,10571300,0.0,0.0
2023-01-11 00:00:00-05:00,56.495476740369504,57.5987913140783,56.071883490399806,57.19490051269531,12143000,0.0,0.0
2023-01-12 00:00:00-05:00,57.24414420772266,57.37220822101095,55.58917640995312,56.41666030883789,14888100,0.0,0.0
2023-01-13 00:00:00-05:00,55.8847129857569,56.12113859875609,55.28380148733086,56.08173370361328,12520600,0.0,0.0
2023-01-17 00:00:00-05:00,56.308304348559275,57.726846705989104,55.707392870039776,56.00292205810547,10962700,0.0,0.0
2023-01-18 00:00:00-05:00,56.65309538397869,57.18505024865744,55.520232717930995,55.66799545288086,10035300,0.0,0.0
2023-01-19 00:00:00-05:00,54.87991292020521,56.23935179460043,54.45631967497958,55.52022933959961,12034200,0.0,0.0
2023-01-20 00:00:00-05:00,56.6136928631268,57.6973012577855,55.91426907311902,57.58893966674805,13826400,0.0,0.0
2023-01-23 00:00:00-05:00,58.042088581228654,60.987539152730236,57.98298498790249,60.89888000488281,20175400,0.0,0.0
2023-01-24 00:00:00-05:00,60.288110160529435,60.8003625214831,59.96302541386634,60.34721374511719,10183200,0.0,0.0
2023-01-25 00:00:00-05:00,59.766011043587824,60.75111097514147,59.519736060699415,60.623050689697266,10787200,0.0,0.0
2023-01-26 00:00:00-05:00,61.647557449605934,62.1105518765817,60.37677759624785,61.86427688598633,12219500,0.0,0.0
2023-01-27 00:00:00-05:00,61.21410872723953,63.38132555556358,61.03679044014276,62.918331146240234,15895800,0.0,0.0
2023-01-30 00:00:00-05:00,61.82486619704502,62.337118580465024,60.77080963661504,60.79051208496094,16169000,0.0,0.0
2023-01-31 00:00:00-05:00,58.21940668990294,59.440932305448136,57.776114709948004,59.401527404785156,23856300,0.0,0.0
2023-02-01 00:00:00-05:00,59.716754256414305,62.287865569573306,59.490181732745214,61.66725158691406,20902200,0.0,0.0
2023-02-02 00:00:00-05:00,62.61294421220073,62.96757698117271,60.93827381209348,62.22875213623047,15877600,0.0,0.0
2023-02-03 00:00:00-05:00,61.07618508512655,62.83951455640549,60.977676612325745,61.48007583618164,12187100,0.0,0.0
2023-02-06 00:00:00-05:00,60.031983404663514,60.26840902172113,58.849866592948516,59.08628845214844,11484300,0.0,0.0
2023-02-07 00:00:00-05:00,59.19464957362456,61.46037845549642,58.81046123703703,61.204254150390625,12713100,0.0,0.0
2023-02-08 00:00:00-05:00,60.53439272618302,61.40128173505795,59.332569583733104,59.352272033691406,9510500,0.0,0.0
2023-02-09 00:00:00-05:00,60.288108366348695,60.89886918867738,58.800605567531605,59.28330612182617,10094700,0.0,0.0
2023-02-10 00:00:00-05:00,59.59854098988525,59.8546652977067,58.36716617604464,58.928672790527344,11429700,0.0,0.0
2023-02-13 00:00:00-05:00,58.92867579825578,59.381820850991865,57.96327834587365,59.224205017089844,11466200,0.0,0.0
2023-02-14 00:00:00-05:00,58.633148947330284,61.38157868498437,58.15044832271632,61.1451530456543,12496200,0.0,0.0
2023-02-15 00:00:00-05:00,60.41617979665752,61.0170875902551,59.55914016202847,60.9185791015625,10457400,0.0,0.0
2023-02-16 00:00:00-05:00,59.87437305340505,60.4358797176641,58.9582298100649,59.155250549316406,12683400,0.0,0.0
2023-02-17 00:00:00-05:00,58.94837193908544,59.283306020017754,57.63818740671983,58.1307373046875,10874900,0.0,0.0
2023-02-21 00:00:00-05:00,57.470724338820226,58.82031005621647,56.63339098491443,56.74174880981445,12667500,0.0,0.0
2023-02-22 00:00:00-05:00,56.869817828071554,57.6973019096932,55.98323015638562,56.1309928894043,12260300,0.0,0.0
2023-02-23 00:00:00-05:00,58.25881072608853,58.85972229977871,56.58414005134329,57.8746223449707,16094600,0.0,0.0
2023-02-24 00:00:00-05:00,56.84025908486221,57.50027414561929,56.495471900916314,57.313106536865234,9867400,0.0,0.0
2023-02-27 00:00:00-05:00,58.28835449988036,58.6725465859792,56.96832434965968,57.03728103637695,8514000,0.0,0.0
2023-02-28 00:00:00-05:00,56.78115873420161,57.86477089989843,56.54473685802417,56.95847702026367,10493300,0.0,0.0
2023-03-01 00:00:00-05:00,56.99787859973468,57.67759615148504,56.367415289498226,56.485626220703125,9141400,0.0,0.0
2023-03-02 00:00:00-05:00,54.673044415027704,55.85516504584312,53.904667696033734,55.58918762207031,16625500,0.0,0.0
2023-03-03 00:00:00-05:00,55.6187359428502,56.0226267260524,54.61393365730525,55.93396759033203,13769200,0.0,0.0
2023-03-06 00:00:00-05:00,56.42652255117428,57.776112155270475,55.69755071043283,55.98323059082031,14472200,0.0,0.0
2023-03-07 00:00:00-05:00,55.658139692480205,55.884712199577486,54.48587226240537,54.732147216796875,13278300,0.0,0.0
2023-03-08 00:00:00-05:00,55.007973826556004,56.071879672798524,54.52527326369039,56.042327880859375,11515700,0.0,0.0
2023-03-09 00:00:00-05:00,55.796061725408954,56.70235565231534,54.71245326104987,54.77155685424805,10200000,0.0,0.0
2023-03-10 00:00:00-05:00,54.830656545684256,55.667989900457094,53.717492682372395,54.111534118652344,14180700,0.0,0.0
2023-03-13 00:00:00-04:00,53.1658347336599,53.7371906348282,51.9738611796582,53.09687805175781,17365200,0.0,0.0
2023-03-14 00:00:00-04:00,54.150939197693184,54.594231117691045,52.89986195479325,53.461368560791016,14657000,0.0,0.0
2023-03-15 00:00:00-04:00,52.53538044224276,53.46137301253714,52.09208472747387,53.32345962524414,14643600,0.0,0.0
2023-03-16 00:00:00-04:00,52.8900116422271,55.865013755398934,52.81120560526077,55.72710037231445,14791800,0.0,0.0
2023-03-17 00:00:00-04:00,55.95367495432077,56.85996883885447,55.382318952255204,55.81576156616211,26655200,0.0,0.0
2023-03-20 00:00:00-04:00,55.855162128356945,57.007727146645905,55.24440127484975,56.78115463256836,10610200,0.0,0.0
2023-03-21 00:00:00-04:00,57.510129915833545,58.633143136168336,56.74174948255894,57.756404876708984,14613700,0.0,0.0
2023-03-22 00:00:00-04:00,57.52983709276806,59.5098862875151,57.22445476335042,57.303260803222656,16949300,0.0,0.0
2023-03-23 00:00:00-04:00,58.298209849399186,60.859467974961795,58.24895560811101,60.426025390625,23903100,0.0,0.0
2023-03-24 00:00:00-04:00,59.60839041047534,60.48513243564134,59.59854106540952,60.24870681762695,18735600,0.0,0.0
2023-03-27 00:00:00-04:00,60.278257851986474,60.50483036422557,58.288355724401505,58.89912033081055,15901000,0.0,0.0
2023-03-28 00:00:00-04:00,58.90896943716075,58.977926125047375,56.95847221295835,58.3967170715332,20496300,0.0,0.0
2023-03-29 00:00:00-04:00,60.00242910038047,63.46012776985762,59.963024206210505,62.59324264526367,51939800,0.0,0.0
2023-03-30 00:00:00-04:00,63.07594834601307,63.144905041611146,61.54904418113586,62.14995574951172,23038300,0.0,0.0
2023-03-31 00:00:00-04:00,59.4507749432698,60.74125711042834,59.00748301333584,59.44092559814453,35416500,0.0,0.0
2023-04-03 00:00:00-04:00,58.91881864886171,58.91881864886171,57.0077226883355,58.721797943115234,23610800,0.0,0.0
2023-04-04 00:00:00-04:00,58.79075043716036,59.20449050767418,56.101428705249134,56.41666030883789,21303200,0.0,0.0
2023-04-05 00:00:00-04:00,55.973362768432516,56.259042573697776,55.17543068547482,56.17038345336914,19456200,0.0,0.0
2023-04-06 00:00:00-04:00,56.214811070595516,58.386411168699254,56.06674597270931,57.80402755737305,21496500,0.115,0.0
2023-04-10 00:00:00-04:00,60.39020462900926,62.94676949373215,60.21252801559594,62.453224182128906,43280100,0.0,0.0
2023-04-11 00:00:00-04:00,62.81845136372596,63.46006182304997,62.22619845162087,62.74935531616211,23090200,0.0,0.0
2023-04-12 00:00:00-04:00,63.529160259622444,63.529160259622444,61.04169115742606,61.16014099121094,16694100,0.0,0.0
2023-04-13 00:00:00-04:00,60.71594364637632,62.55193284036068,60.005240945653185,62.186710357666016,23286500,0.0,0.0
2023-04-14 00:00:00-04:00,62.36438652206016,62.40387105110628,60.972588879525944,61.82148742675781,14953000,0.0,0.0
2023-04-17 00:00:00-04:00,61.41678204699118,61.95968115669611,61.17987863188159,61.73265075683594,11546800,0.0,0.0
2023-04-18 00:00:00-04:00,62.512455985776356,62.630905815728966,60.68633592720037,61.13052749633789,12175200,0.0,0.0
2023-04-19 00:00:00-04:00,60.19278813140182,60.41981853186225,59.600535240240006,59.86705017089844,11652600,0.0,0.0
2023-04-20 00:00:00-04:00,59.106990344498676,61.15026772914521,59.09711732915043,60.66659164428711,14382200,0.0,0.0
2023-04-21 00:00:00-04:00,60.36059691033501,60.65672336282506,59.94601686448723,60.34085464477539,9606200,0.0,0.0
2023-04-24 00:00:00-04:00,59.324155419097245,60.09408880159696,58.58383732102805,58.74177169799805,13402600,0.0,0.0
2023-04-25 00:00:00-04:00,58.36666371908212,58.57395182534498,57.280861883771436,57.389442443847656,15987300,0.0,0.0
2023-04-26 00:00:00-04:00,58.81087134270871,60.390215107700335,58.573967895233686,60.23228073120117,25385000,0.0,0.0
2023-04-27 00:00:00-04:00,59.96575822437001,61.16013703179711,59.353763063073394,61.100914001464844,13524600,0.0,0.0
2023-04-28 00:00:00-04:00,61.62407784924176,63.608132430608464,61.49575499319728,63.5291633605957,18094700,0.0,0.0
2023-05-01 00:00:00-04:00,63.06522168639748,63.272509821359556,61.505620401101595,61.545101165771484,12823400,0.0,0.0
2023-05-02 00:00:00-04:00,61.42665196464856,61.77213595854581,60.459303559550015,61.100914001464844,12237600,0.0,0.0
2023-05-03 00:00:00-04:00,60.69620594533029,61.377297140736616,60.03485324939776,60.12369155883789,10818100,0.0,0.0
2023-05-04 00:00:00-04:00,59.76833584657627,60.17304284716981,59.12672920758507,59.728851318359375,13357900,0.0,0.0
2023-05-05 00:00:00-04:00,59.82756856504583,60.942982122221956,59.334023209802695,60.4395637512207,12312700,0.0,0.0
2023-05-08 00:00:00-04:00,60.4593049598899,60.5580125230313,59.53144106382335,60.08420944213867,11510400,0.0,0.0
2023-05-09 00:00:00-04:00,59.106976957936276,60.59748187452536,58.7812353033555,60.1434211730957,11895200,0.0,0.0
2023-05-10 00:00:00-04:00,61.120642119059546,61.5056105780873,59.01814205945794,59.21556091308594,14548700,0.0,0.0
2023-05-11 00:00:00-04:00,59.807826144699334,61.01207801333077,59.294538524716295,60.814659118652344,15536600,0.0,0.0
2023-05-12 00:00:00-04:00,61.18974675148115,61.387161855250376,59.37349993246148,60.1335563659668,12131400,0.0,0.0
2023-05-15 00:00:00-04:00,61.42667192761262,64.03259530723798,61.00222250018045,63.80556106567383,22227200,0.0,0.0
2023-05-16 00:00:00-04:00,63.716705406774054,64.3780543445818,62.482838310678844,62.90728759765625,15259000,0.0,0.0
2023-05-17 00:00:00-04:00,63.74631722577507,64.4767622123462,62.621030699882226,64.08192443847656,15947700,0.0,0.0
2023-05-18 00:00:00-04:00,65.12823032111183,67.70452943223323,64.23984742198253,66.69770050048828,30688000,0.0,0.0
2023-05-19 00:00:00-04:00,66.6977174912913,67.50713155426813,65.57243470936996,67.28997039794922,16812100,0.0,0.0
2023-05-22 00:00:00-04:00,64.90120844626806,65.888299069025,63.92399083839177,65.37501525878906,37491000,0.0,0.0
2023-05-23 00:00:00-04:00,64.99992928489154,66.6878536910194,64.86173717193874,65.15786743164062,15896200,0.0,0.0
2023-05-24 00:00:00-04:00,64.11153002808943,65.86855758287055,64.04243398886628,65.67113494873047,15806600,0.0,0.0
2023-05-25 00:00:00-04:00,68.84957209191398,68.97789116389895,66.63849116851135,68.71138000488281,29021500,0.0,0.0
2023-05-26 00:00:00-04:00,68.97789606921357,73.62709240728233,68.89893453594041,72.97561645507812,33410000,0.0,0.0
2023-05-30 00:00:00-04:00,73.42966793126222,73.80475964200575,70.65594580049004,70.7645263671875,24454700,0.0,0.0
2023-05-31 00:00:00-04:00,68.01054805947304,68.94828117520468,67.04319589794743,67.319580078125,30403600,0.0,0.0
2023-06-01 00:00:00-04:00,68.05001680072314,68.88904216185061,67.22085692166725,68.19807434082031,18153000,0.0,0.0
2023-06-02 00:00:00-04:00,69.08647552984121,69.63925143921959,67.4084243632425,68.27706146240234,13468200,0.0,0.0
2023-06-05 00:00:00-04:00,68.60279638656907,68.60279638656907,66.63848821019657,66.89512634277344,12441100,0.0,0.0
2023-06-06 00:00:00-04:00,66.16469529053792,67.95132723327877,65.9574071257093,66.6681137084961,12476600,0.0,0.0
2023-06-07 00:00:00-04:00,67.52686843415367,67.78350655602,66.07584411439551,66.19429016113281,14610800,0.0,0.0
2023-06-08 00:00:00-04:00,65.64151259638506,65.66125109108775,63.18365957172942,64.47674560546875,25856800,0.0,0.0
2023-06-09 00:00:00-04:00,65.07888773892448,65.54282155566518,63.63773627407504,64.58534240722656,14649300,0.0,0.0
2023-06-12 00:00:00-04:00,64.99005266736434,66.6681114945303,64.94070264741838,66.57926940917969,14731100,0.0,0.0
2023-06-13 00:00:00-04:00,67.67492277831947,67.99079143945538,66.72731679491172,66.99383544921875,11911900,0.0,0.0
2023-06-14 00:00:00-04:00,66.66810936473105,68.31654909018197,66.64836333265954,68.22771453857422,11085800,0.0,0.0
2023-06-15 00:00:00-04:00,67.70453781831083,68.62253233929945,67.47751120707574,67.93157196044922,11842600,0.0,0.0
2023-06-16 00:00:00-04:00,69.24442169139738,69.58990196803637,65.2072163703725,66.78656768798828,32259700,0.0,0.0
2023-06-20 00:00:00-04:00,66.45094561023525,66.74707583254117,64.92095201316195,66.03636932373047,13261600,0.0,0.0
2023-06-21 00:00:00-04:00,65.8883022777568,66.33249006726764,64.49650081705558,64.95056915283203,10427200,0.0,0.0
2023-06-22 00:00:00-04:00,64.68405360923201,65.79947094144826,64.66431510845058,65.39476013183594,8639500,0.0,0.0
2023-06-23 00:00:00-04:00,64.60508235668455,65.10850071496668,64.00295643602858,64.4372787475586,12663600,0.0,0.0
2023-06-26 00:00:00-04:00,64.78275626807202,65.8389429561356,64.56560265230618,64.6050796508789,13815900,0.0,0.0
2023-06-27 00:00:00-04:00,64.42739081013569,65.97712252627757,62.96650115118671,65.92777252197266,18305200,0.0,0.0
2023-06-28 00:00:00-04:00,64.80249583020456,66.85564597263992,64.54585017967435,66.20416259765625,27100100,0.0,0.0
2023-06-29 00:00:00-04:00,66.96421689067294,67.07279744974315,62.72960144509558,63.499534606933594,51141900,0.0,0.0
2023-06-30 00:00:00-04:00,63.667355107390584,64.25960806732485,62.08801137059755,62.2952995300293,31549600,0.0,0.0
2023-07-03 00:00:00-04:00,62.62102398011582,63.48966473014527,62.4433473774859,63.07508850097656,12921300,0.0,0.0
2023-07-05 00:00:00-04:00,62.6802593477753,62.927032022372835,61.21936556601212,61.25885009765625,16553000,0.0,0.0
2023-07-06 00:00:00-04:00,60.20266408935724,60.992335904655825,59.71898798441998,60.4395637512207,15607300,0.0,0.0
2023-07-07 00:00:00-04:00,60.7510802837692,60.81041852612359,59.959922581731476,59.97970199584961,15028100,0.115,0.0
2023-07-10 00:00:00-04:00,60.157712447833966,62.13560857267421,59.910475432228935,61.78947448730469,16953100,0.0,0.0
2023-07-11 00:00:00-04:00,61.908146672543985,62.9663207885408,61.62135460400707,62.8970947265625,13454500,0.0,0.0
2023-07-12 00:00:00-04:00,63.757472516251546,63.98492630870964,62.43228217527541,63.08498764038086,13953600,0.0,0.0
2023-07-13 00:00:00-04:00,63.47069171318311,63.93549854462935,62.84765333077142,63.81682205200195,11384700,0.0,0.0
2023-07-14 00:00:00-04:00,63.58936926991409,64.81566286728258,62.97621869869202,63.37179946899414,13860200,0.0,0.0
2023-07-17 00:00:00-04:00,63.094883781239915,64.94421554752896,62.639968591250074,64.43985748291016,11333600,0.0,0.0
2023-07-18 00:00:00-04:00,63.65858994132679,64.40030099335141,63.04543942209277,64.2222900390625,10393100,0.0,0.0
2023-07-19 00:00:00-04:00,64.90465111467255,65.03321917676719,64.08383005204256,64.24205780029297,9463900,0.0,0.0
2023-07-20 00:00:00-04:00,63.68825603947641,64.8255478079639,63.53991232270415,63.97505187988281,12745100,0.0,0.0
2023-07-21 00:00:00-04:00,64.5684165887476,65.42880407514605,63.62891145059593,64.9244384765625,24540200,0.0,0.0
2023-07-24 00:00:00-04:00,64.63765589550789,65.90350840270261,64.49920374910073,64.75633239746094,10272700,0.0,0.0
2023-07-25 00:00:00-04:00,64.67719734411814,65.27056460423272,64.36073430238542,64.9541015625,8610900,0.0,0.0
2023-07-26 00:00:00-04:00,64.2816213675594,67.12978895192593,64.2816213675594,66.63531494140625,14920600,0.0,0.0
2023-07-27 00:00:00-04:00,69.70106253572186,71.54049898445659,69.18680531967028,70.28453826904297,25068300,0.0,0.0
2023-07-28 00:00:00-04:00,70.78890630043831,71.33282322448697,69.87907586579044,70.41310119628906,11932900,0.0,0.0
2023-07-31 00:00:00-04:00,70.33398528158004,70.97679545288092,70.08674827874908,70.60099792480469,11193800,0.0,0.0
2023-08-01 00:00:00-04:00,70.2153193838477,70.29443704749274,69.1175863222688,69.97797393798828,13141100,0.0,0.0
2023-08-02 00:00:00-04:00,68.97913539047572,69.07802869922467,66.59576666072397,67.41659545898438,14004400,0.0,0.0
2023-08-03 00:00:00-04:00,66.82322115653623,68.62310635205716,66.41775636903965,68.4154281616211,11075200,0.0,0.0
2023-08-04 00:00:00-04:00,68.73188730977807,70.14608327853044,68.36597382657828,69.13735961914062,11255500,0.0,0.0
2023-08-07 00:00:00-04:00,69.07802705448023,69.45383218188452,68.0693032571372,68.61322021484375,10537500,0.0,0.0
2023-08-08 00:00:00-04:00,67.94072703099108,68.00006904378078,66.2199595615844,66.90233612060547,14767800,0.0,0.0
2023-08-09 00:00:00-04:00,67.03088750405188,67.21879001961355,65.88371186264709,65.96282196044922,10043200,0.0,0.0
2023-08-10 00:00:00-04:00,66.31886527574389,66.71444607309891,64.21240828156184,64.7167739868164,12775300,0.0,0.0
2023-08-11 00:00:00-04:00,64.18272966636277,64.58819444160665,63.36190097772357,63.65858840942383,11823100,0.0,0.0
2023-08-14 00:00:00-04:00,63.65859220116027,67.72316951415071,63.49046528914265,67.52537536621094,21954000,0.0,0.0
2023-08-15 00:00:00-04:00,66.8429802259573,66.88253904457667,64.59807197108859,64.60796356201172,13808500,0.0,0.0
2023-08-16 00:00:00-04:00,64.28161298132783,64.50907431632493,63.38166677795389,63.51023483276367,9895400,0.0,0.0
2023-08-17 00:00:00-04:00,63.77726222734835,63.994832021237315,62.69931239681262,62.8575439453125,9933300,0.0,0.0
2023-08-18 00:00:00-04:00,61.621350988884416,63.154219628177245,61.067538753010915,62.887203216552734,9576500,0.0,0.0
2023-08-21 00:00:00-04:00,62.9762123598489,63.48057797984429,62.165275257638115,63.253116607666016,11311900,0.0,0.0
2023-08-22 00:00:00-04:00,63.58936496373862,64.36074326379958,62.590525284007704,62.709197998046875,8876000,0.0,0.0
2023-08-23 00:00:00-04:00,62.867429581266784,64.89477617740432,62.47184883749908,64.46952819824219,10747400,0.0,0.0
2023-08-24 00:00:00-04:00,65.4090187316808,65.50791202057232,62.66963237696932,62.9860954284668,12661600,0.0,0.0
2023-08-25 00:00:00-04:00,62.75863755780213,63.67835947591122,61.93781270066759,63.01576614379883,9409000,0.0,0.0
2023-08-28 00:00:00-04:00,64.99368348421339,65.3793727176132,63.94540070062181,64.58821105957031,9904900,0.0,0.0
2023-08-29 00:00:00-04:00,64.1827279328644,66.28918449680394,64.1530606995106,65.94305419921875,9955000,0.0,0.0
2023-08-30 00:00:00-04:00,66.44741624562376,67.94072224173279,65.78481537419063,67.33746337890625,16892200,0.0,0.0
2023-08-31 00:00:00-04:00,67.21880143205769,69.76039766663624,67.21880143205769,69.16703033447266,18420900,0.0,0.0
2023-09-01 00:00:00-04:00,69.43403435607266,69.83950663540948,68.78133263540664,69.61204528808594,10772000,0.0,0.0
2023-09-05 00:00:00-04:00,69.1373783317084,70.37356368984872,68.7615731539847,69.51317596435547,11144300,0.0,0.0
2023-09-06 00:00:00-04:00,69.35492414517836,69.87907295040962,68.87034171249647,69.6318359375,9192800,0.0,0.0
2023-09-07 00:00:00-04:00,68.68242972029404,69.51314989283526,68.3362994588493,69.09779357910156,12043200,0.0,0.0
2023-09-08 00:00:00-04:00,68.99891602394281,69.8296364766755,68.84068822751718,69.40438842773438,9805000,0.0,0.0
2023-09-11 00:00:00-04:00,70.04719635613317,70.0768635921847,68.54399100553623,69.25603485107422,9310400,0.0,0.0
2023-09-12 00:00:00-04:00,69.1867981907395,70.89768147678619,69.01867884880792,69.53292846679688,11062100,0.0,0.0
2023-09-13 00:00:00-04:00,70.26477262161738,71.06581824911996,69.58239594925534,70.06697845458984,14525500,0.0,0.0
2023-09-14 00:00:00-04:00,70.8779055479928,71.43172159145152,70.49221640875051,70.99658203125,11170300,0.0,0.0
2023-09-15 00:00:00-04:00,70.50210153066337,70.83834021808352,68.87033587476017,69.10768127441406,16416100,0.0,0.0
2023-09-18 00:00:00-04:00,69.86917653122127,70.26475723356782,69.1373571361785,69.72083282470703,12735700,0.0,0.0
2023-09-19 00:00:00-04:00,69.83951087437055,70.27464286620052,69.19669316169104,69.92851257324219,10399000,0.0,0.0
2023-09-20 00:00:00-04:00,70.1658652575395,71.51083528827412,68.88023724394704,68.90990447998047,15522100,0.0,0.0
2023-09-21 00:00:00-04:00,68.23742338161051,68.52421925485535,67.08035583943615,67.14958190917969,14978600,0.0,0.0
2023-09-22 00:00:00-04:00,67.83194803582437,68.9791314784644,67.04079406562556,68.11874389648438,15487200,0.0,0.0
2023-09-25 00:00:00-04:00,67.53525619197397,68.42531085310341,66.86277128635106,67.82205200195312,14900000,0.0,0.0
2023-09-26 00:00:00-04:00,67.2187999246113,68.28686562559832,66.84299483811134,67.18913269042969,12752500,0.0,0.0
2023-09-27 00:00:00-04:00,67.3671369171776,68.08906469379599,66.01227551252899,67.45613861083984,20852300,0.0,0.0
2023-09-28 00:00:00-04:00,65.24089474977154,66.34851157876376,63.12454682857711,64.47940063476562,46749800,0.0,0.0
2023-09-29 00:00:00-04:00,65.62658826908519,67.97039768765048,65.62658826908519,67.27812957763672,24315500,0.0,0.0
2023-10-02 00:00:00-04:00,67.4858199866456,68.51432697328617,66.31886086190683,67.20891571044922,14880500,0.0,0.0
2023-10-03 00:00:00-04:00,66.42763584727862,68.88023022550175,66.36830138125754,67.0803451538086,12481500,0.0,0.0
2023-10-04 00:00:00-04:00,67.55504827719471,67.74295084725372,66.37820506466046,67.35726165771484,12912800,0.0,0.0
2023-10-05 00:00:00-04:00,67.8517181012265,68.7714399782049,67.58469793480513,68.28685760498047,14045000,0.0,0.0
2023-10-06 00:00:00-04:00,68.0639759193942,69.66874712303157,67.36065236776778,69.3022232055664,15113400,0.115,0.0
2023-10-09 00:00:00-04:00,68.95551908332845,69.29231873510425,67.93520447538621,68.82674407958984,8588700,0.0,0.0
2023-10-10 00:00:00-04:00,68.83664254527227,69.45081593360973,68.24228534624412,68.42059326171875,9007600,0.0,0.0
2023-10-11 00:00:00-04:00,69.06448252720625,69.60930680392431,68.28190932767059,69.54987335205078,11165300,0.0,0.0
2023-10-12 00:00:00-04:00,69.72818985395133,70.05508899484431,68.64844170439068,69.09420776367188,11408700,0.0,0.0
2023-10-13 00:00:00-04:00,69.21307864332155,69.40128710687759,68.44040592563378,68.55928039550781,10287900,0.0,0.0
2023-10-16 00:00:00-04:00,68.36116229543394,69.37156881476447,67.49933941301813,68.43050384521484,11294100,0.0,0.0
2023-10-17 00:00:00-04:00,67.42999341837013,68.97532360171444,66.98422742168592,68.35124969482422,11843000,0.0,0.0
2023-10-18 00:00:00-04:00,67.37056394480776,68.89608558715052,67.34084721762933,68.48993682861328,11201000,0.0,0.0
2023-10-19 00:00:00-04:00,69.02486774086803,69.12392602761123,66.5483727839736,66.89508056640625,18111000,0.0,0.0
2023-10-20 00:00:00-04:00,66.92479712210445,67.87577027615197,66.50874778427044,66.58799743652344,11506100,0.0,0.0
2023-10-23 00:00:00-04:00,66.1917491026452,67.51915417304599,65.60729998939325,66.25118255615234,9762000,0.0,0.0
2023-10-24 00:00:00-04:00,66.65733513458927,67.70736651434403,66.49883583925748,67.43000030517578,8450700,0.0,0.0
2023-10-25 00:00:00-04:00,67.8460512875511,68.54937492314328,65.28040623198233,65.87476348876953,11924300,0.0,0.0
2023-10-26 00:00:00-04:00,65.82522881748602,66.80592620064544,63.27939624203655,63.923282623291016,16697900,0.0,0.0
2023-10-27 00:00:00-04:00,64.30961320564364,65.64691884562541,64.26998838312377,65.03275299072266,9980300,0.0,0.0
2023-10-30 00:00:00-04:00,65.73607341446457,66.91488726516052,64.55725956376864,65.44879913330078,10667700,0.0,0.0
2023-10-31 00:00:00-04:00,65.45871394882008,66.43940379716656,64.6464239371029,66.24128723144531,8268400,0.0,0.0
2023-11-01 00:00:00-04:00,66.37005365970725,69.00504747745676,66.37005365970725,68.74748992919922,16777500,0.0,0.0
2023-11-02 00:00:00-04:00,69.65884312311391,70.36216671608139,69.09420262973653,69.77771759033203,11926000,0.0,0.0
2023-11-03 00:00:00-04:00,70.62963414847101,72.50186359753289,70.48104295013896,71.89759826660156,14457900,0.0,0.0
2023-11-06 00:00:00-05:00,71.89759822597274,72.30373943967773,71.34285825635739,72.2343978881836,10073900,0.0,0.0
2023-11-07 00:00:00-05:00,71.79853329201765,72.44241582864666,71.03576873861351,72.11552429199219,8248400,0.0,0.0
2023-11-08 00:00:00-05:00,71.93722532133077,72.095717062182,71.04568566134722,71.60041809082031,9917600,0.0,0.0
2023-11-09 00:00:00-05:00,72.85847963612396,75.38449978355649,72.80894671733296,72.87828826904297,22435900,0.0,0.0
2023-11-10 00:00:00-05:00,73.74011048129238,75.09722477450798,72.87828758301286,74.65145874023438,12306000,0.0,0.0
2023-11-13 00:00:00-05:00,73.45284551683628,74.49296891488258,72.6999888970624,74.07691955566406,9116000,0.0,0.0
2023-11-14 00:00:00-05:00,75.28543743609629,76.72180131148336,75.19628725628388,76.4444351196289,12972700,0.0,0.0
2023-11-15 00:00:00-05:00,76.77133446359936,76.77133446359936,75.59252058693228,76.41471862792969,9954000,0.0,0.0
2023-11-16 00:00:00-05:00,76.16705991011005,76.75151650888928,75.76091876516809,75.94912719726562,12989000,0.0,0.0
2023-11-17 00:00:00-05:00,75.87978423192658,77.2071891135582,75.75100924842013,76.83075714111328,9376900,0.0,0.0
2023-11-20 00:00:00-05:00,76.61284187340053,78.1680879112326,76.40481721068949,77.88081359863281,11424100,0.0,0.0
2023-11-21 00:00:00-05:00,77.11804287203071,77.1972925156793,75.59252124127458,75.98876190185547,12016700,0.0,0.0
2023-11-22 00:00:00-05:00,76.47414982468356,77.71239711820282,76.12744209403053,76.37509155273438,8579500,0.0,0.0
2023-11-24 00:00:00-05:00,75.9590465555712,76.28594567331697,75.65196362792878,76.14726257324219,4349600,0.0,0.0
2023-11-27 00:00:00-05:00,76.14726791017789,77.55391519961678,75.93924324548587,76.78125,11005600,0.0,0.0
2023-11-28 00:00:00-05:00,74.37408944823652,75.52317904057386,73.2943338464157,75.40431213378906,19225700,0.0,0.0
2023-11-29 00:00:00-05:00,76.72179725731986,78.27703551460286,75.66185790436472,75.96894836425781,14062900,0.0,0.0
2023-11-30 00:00:00-05:00,76.09772761557349,76.27603553341262,74.26512307857584,75.40431213378906,21701600,0.0,0.0
2023-12-01 00:00:00-05:00,75.29535988732158,75.82037564453043,74.38400393761029,75.21611022949219,14354700,0.0,0.0
2023-12-04 00:00:00-05:00,74.7108874280783,74.88919534194065,72.64054156602369,73.59151458740234,11659300,0.0,0.0
2023-12-05 00:00:00-05:00,72.7792215108069,73.27452041036851,72.35326415487748,72.99715423583984,8800500,0.0,0.0
2023-12-06 00:00:00-05:00,74.59203197992043,74.69109026779934,72.24431201310937,72.44242858886719,8883900,0.0,0.0
2023-12-07 00:00:00-05:00,73.32404349808178,73.51225949254601,72.30372900576533,72.95752716064453,10641300,0.0,0.0
2023-12-08 00:00:00-05:00,72.78913782978697,74.64155108655834,72.73960491116924,74.25521850585938,12007100,0.0,0.0
2023-12-11 00:00:00-05:00,76.46425179990595,77.77184068251357,76.24631905986102,77.05860900878906,18547600,0.0,0.0
2023-12-12 00:00:00-05:00,76.69209244705266,77.52419866558219,76.37510140134205,77.42514038085938,10262100,0.0,0.0
2023-12-13 00:00:00-05:00,77.56381388598756,79.51528528212332,77.29634823692828,79.03980255126953,11629900,0.0,0.0
2023-12-14 00:00:00-05:00,80.05020651500374,81.62526096106487,80.03039788419773,81.417236328125,17342800,0.0,0.0
2023-12-15 00:00:00-05:00,82.11065765625628,82.20971593270899,80.347394639347,80.64457702636719,19547800,0.0,0.0
2023-12-18 00:00:00-05:00,80.82288384380057,81.09034952501062,80.05021864503844,80.79316711425781,12416600,0.0,0.0
2023-12-19 00:00:00-05:00,80.90212386997017,81.49648106310643,80.406824949413,81.39742279052734,14316400,0.0,0.0
2023-12-20 00:00:00-05:00,80.69410233626637,80.85260162462312,77.890708524168,77.95014953613281,29085000,0.0,0.0
2023-12-21 00:00:00-05:00,84.2008097975417,85.21121618974128,82.32858063136219,84.67630004882812,53969700,0.0,0.0
2023-12-22 00:00:00-05:00,85.34001155615238,86.66740912940067,84.81499587247471,85.67681121826172,22531800,0.0,0.0
2023-12-26 00:00:00-05:00,85.8848392116378,87.0438445565525,85.61738109060367,86.241455078125,11203900,0.0,0.0
2023-12-27 00:00:00-05:00,86.65751249455465,86.66741303259508,85.40935695416162,85.84522247314453,9186300,0.0,0.0
2023-12-28 00:00:00-05:00,85.93436225624971,85.93436225624971,85.03291459798781,85.19141387939453,9606200,0.0,0.0
2023-12-29 00:00:00-05:00,85.14676468310877,85.44434495270346,84.34330855009597,84.65080261230469,8549200,0.115,0.0
2024-01-02 00:00:00-05:00,83.32163912832542,83.40099488662,81.0898095088167,81.67504119873047,13597100,0.0,0.0
2024-01-03 00:00:00-05:00,80.54425058560395,81.9230247649311,79.92926235952764,81.59569549560547,12915600,0.0,0.0
2024-01-04 00:00:00-05:00,82.79591776624392,83.57953882627376,81.94286231192189,82.04205322265625,19134200,0.0,0.0
2024-01-05 00:00:00-05:00,80.82199281634415,82.85543302834292,80.35578719878991,82.77607727050781,15483700,0.0,0.0
2024-01-08 00:00:00-05:00,83.21252451140737,84.81944451664387,83.15301147825167,84.26396179199219,16219800,0.0,0.0
2024-01-09 00:00:00-05:00,82.45866930319714,83.51011427064425,82.23053093840834,82.65705871582031,12138700,0.0,0.0
2024-01-10 00:00:00-05:00,82.29004727707868,82.3495603193602,81.00055009835604,81.71472930908203,10748600,0.0,0.0
2024-01-11 00:00:00-05:00,82.13132870464098,82.77607339546904,81.15923963612185,82.71656036376953,10579300,0.0,0.0
2024-01-12 00:00:00-05:00,82.08173323473181,82.37931354245374,81.05013108715245,81.72463989257812,10187500,0.0,0.0
2024-01-16 00:00:00-05:00,81.87343656847008,84.53179412305562,81.66513336358395,83.92671966552734,13713500,0.0,0.0
2024-01-17 00:00:00-05:00,83.01415264472739,83.29189025647094,81.9627076702638,82.60746002197266,10245400,0.0,0.0
2024-01-18 00:00:00-05:00,84.53179628721423,85.1269493975233,83.36132522423404,84.13502502441406,15077700,0.0,0.0
2024-01-19 00:00:00-05:00,85.36501165533114,87.0810442014377,84.9285700643342,86.80330657958984,18156800,0.0,0.0
2024-01-22 00:00:00-05:00,87.55716499006303,89.22359831393001,87.2992700903544,88.51933288574219,14371200,0.0,0.0
2024-01-23 00:00:00-05:00,88.28128086666716,88.45982758012006,86.17839819353104,86.82315063476562,16850900,0.0,0.0
2024-01-24 00:00:00-05:00,87.69603497022085,87.85473893016731,85.91056812218463,87.36869812011719,19752800,0.0,0.0
2024-01-25 00:00:00-05:00,88.43006072604216,89.31287282616204,87.78530836012317,88.47965240478516,15892400,0.0,0.0
2024-01-26 00:00:00-05:00,86.53546448021774,87.78529108240352,85.5931395239597,87.33892822265625,14934500,0.0,0.0
2024-01-29 00:00:00-05:00,87.78530380913818,88.84666254683117,87.30917679763738,88.35070037841797,12108100,0.0,0.0
2024-01-30 00:00:00-05:00,87.36869575536215,88.07296111308614,85.06743164005914,85.46420288085938,12980400,0.0,0.0
2024-01-31 00:00:00-05:00,84.27388925563257,86.21806001323533,84.10526393762716,85.05751037597656,11396700,0.0,0.0
2024-02-01 00:00:00-05:00,85.37492440770414,85.49395804839759,83.93663719628891,84.91864013671875,10459000,0.0,0.0
2024-02-02 00:00:00-05:00,84.38299181990392,85.91055600379676,84.25404439765013,85.78160858154297,10450000,0.0,0.0
2024-02-05 00:00:00-05:00,86.03951297679241,86.51563997788658,84.91864122507883,86.27758026123047,8409300,0.0,0.0
2024-02-06 00:00:00-05:00,86.12878833038368,86.48588168192026,83.04390316825376,83.91679382324219,12990300,0.0,0.0
2024-02-07 00:00:00-05:00,83.4605121486644,84.59130527440014,81.80400034121774,84.48219299316406,16374800,0.0,0.0
2024-02-08 00:00:00-05:00,84.81945147226462,85.33524879340192,83.84736230024406,84.19453430175781,12524500,0.0,0.0
2024-02-09 00:00:00-05:00,84.37308687325934,84.92856968223853,83.28197154900202,84.86904907226562,12161500,0.0,0.0
2024-02-12 00:00:00-05:00,84.8392787487735,86.20813903871353,84.70040996106674,85.00790405273438,10366000,0.0,0.0
2024-02-13 00:00:00-05:00,81.80399323802,82.87527323289004,80.11771749029168,80.87158203125,21207900,0.0,0.0
2024-02-14 00:00:00-05:00,81.51634621533063,82.50827059976261,80.83191596838219,81.16917419433594,12870900,0.0,0.0
2024-02-15 00:00:00-05:00,81.57584617242655,82.04205176917817,80.8517457258908,80.97077178955078,11527600,0.0,0.0
2024-02-16 00:00:00-05:00,80.30618733503643,80.68311583015588,78.60999775532657,78.85797882080078,15553100,0.0,0.0
2024-02-20 00:00:00-05:00,78.68935192153918,80.11771768369934,78.51080525529649,80.0582046508789,12627200,0.0,0.0
2024-02-21 00:00:00-05:00,80.13756519601282,80.84183054167767,79.29443105361304,80.8319091796875,9913300,0.0,0.0
2024-02-22 00:00:00-05:00,84.3135472322643,85.61296536203659,83.20258953256771,85.21620178222656,17510900,0.0,0.0
2024-02-23 00:00:00-05:00,85.85104997077724,86.11886619814322,84.36316354194423,85.30548858642578,10232800,0.0,0.0
2024-02-26 00:00:00-05:00,88.95577338953994,91.60420950973338,88.18207363018294,88.737548828125,28920100,0.0,0.0
2024-02-27 00:00:00-05:00,91.1479160972038,92.00097153301327,89.75922067371528,91.10823822021484,21422700,0.0,0.0
2024-02-28 00:00:00-05:00,89.72947025516135,90.0568070867273,88.57884201541977,88.98552703857422,14190700,0.0,0.0
2024-02-29 00:00:00-05:00,89.91793562997543,90.09648229938227,88.10271241896933,89.87825775146484,17027000,0.0,0.0
2024-03-01 00:00:00-05:00,91.17767321098061,95.28423890900467,91.17767321098061,94.381591796875,23446200,0.0,0.0
2024-03-04 00:00:00-05:00,96.14721779304108,96.59358067813987,93.85587519871275,94.99658203125,20913200,0.0,0.0
2024-03-05 00:00:00-05:00,93.48886772259789,94.59982569208493,92.52669991556265,93.70709228515625,12887500,0.0,0.0
2024-03-06 00:00:00-05:00,94.28240835427614,95.65126117276247,93.79635999531737,94.78828430175781,14232400,0.0,0.0
2024-03-07 00:00:00-05:00,98.13106482366153,98.88492936087462,96.68285634939775,98.1806640625,24843300,0.0,0.0
2024-03-08 00:00:00-05:00,99.07339317746815,101.02748519654992,96.53406947271867,96.83164978027344,22379000,0.0,0.0
2024-03-11 00:00:00-04:00,95.12554701202407,95.68102222828101,92.77468356988139,93.74677276611328,15673300,0.0,0.0
2024-03-12 00:00:00-04:00,94.56015196388269,96.71262602950232,92.88379735768096,96.63327026367188,14993700,0.0,0.0
2024-03-13 00:00:00-04:00,94.55021771516952,94.57005287003267,92.34814470407593,93.39958953857422,16732600,0.0,0.0
2024-03-14 00:00:00-04:00,92.54652843162755,92.69531100345513,89.57075591058204,90.6916275024414,16718900,0.0,0.0
2024-03-15 00:00:00-04:00,91.73316223460783,93.93522781504808,91.27687039874661,92.49694061279297,29579500,0.0,0.0
2024-03-18 00:00:00-04:00,96.0381021941135,96.29600460899364,92.93338212554777,93.02265167236328,23140300,0.0,0.0
2024-03-19 00:00:00-04:00,91.83233717555662,93.39957910705051,90.2650952440627,93.2408676147461,21054700,0.0,0.0
2024-03-20 00:00:00-04:00,94.22289050353521,95.89924505210251,92.83419492037652,95.47271728515625,39807400,0.0,0.0
2024-03-21 00:00:00-04:00,112.45446864837204,112.5834160921817,107.90153185089513,108.962890625,89554100,0.0,0.0
2024-03-22 00:00:00-04:00,108.42725098517941,110.44085625513146,106.18550734698681,109.31998443603516,37281400,0.0,0.0
2024-03-25 00:00:00-04:00,109.34973907108278,120.429539897824,109.27039087398333,116.18409729003906,55766100,0.0,0.0
2024-03-26 00:00:00-04:00,118.03898087475244,121.4710377298678,117.21568196498879,117.8405990600586,44295100,0.0,0.0
2024-03-27 00:00:00-04:00,118.33656365511182,119.14001985964711,116.13449065387152,118.2869644165039,29320700,0.0,0.0
2024-03-28 00:00:00-04:00,118.5897967442479,118.77843912266702,116.51466998094591,117.05082702636719,21047800,0.115,0.0
2024-04-01 00:00:00-04:00,118.35150382752028,126.47327700044656,118.15293050376712,123.41520690917969,44309400,0.0,0.0
2024-04-02 00:00:00-04:00,121.83651978252911,122.79961630112592,120.0592605242574,121.87623596191406,25026400,0.0,0.0
2024-04-03 00:00:00-04:00,121.33015951225273,127.36688300177215,120.46635714744622,127.09880065917969,40130100,0.0,0.0
2024-04-04 00:00:00-04:00,129.25333391341775,129.61077193551608,122.76982512530417,123.2066879272461,36009900,0.0,0.0
2024-04-05 00:00:00-04:00,123.51449540119184,124.79531381111195,120.33726914845678,122.70033264160156,23326500,0.0,0.0
2024-04-08 00:00:00-04:00,128.14132222505415,128.77676596877146,121.73723766802416,122.07481384277344,27955800,0.0,0.0
2024-04-09 00:00:00-04:00,124.00099483993567,125.2420969642645,120.40676036084832,121.757080078125,19212900,0.0,0.0
2024-04-10 00:00:00-04:00,119.14580247809234,123.59391577031234,119.07630106298356,121.33013916015625,22242300,0.0,0.0
2024-04-11 00:00:00-04:00,122.02517776862757,126.65200313260766,121.21101497539054,126.60236358642578,21745300,0.0,0.0
2024-04-12 00:00:00-04:00,124.35844352999366,125.09317392962559,120.96278964444103,121.64787292480469,24808200,0.0,0.0
2024-04-15 00:00:00-04:00,122.7499727560668,123.89178832758795,119.75147308854726,120.50606536865234,17732600,0.0,0.0
2024-04-16 00:00:00-04:00,118.67916787816705,121.67767534662235,117.51749791642136,120.9032211303711,17452400,0.0,0.0
2024-04-17 00:00:00-04:00,121.15142997393475,123.53434773167243,115.37285838834141,115.50193786621094,25546500,0.0,0.0
2024-04-18 00:00:00-04:00,115.17428343981064,116.782754607984,110.6864612457113,111.13325500488281,32146900,0.0,0.0
2024-04-19 00:00:00-04:00,108.87942226001107,110.09073169778827,104.96746552831918,106.0099868774414,33787500,0.0,0.0
2024-04-22 00:00:00-04:00,106.83407718282851,109.44536109199309,105.87098065169835,108.34326171875,19820900,0.0,0.0
2024-04-23 00:00:00-04:00,108.92905994887788,112.0864243347187,108.13475906428539,111.65948486328125,17887500,0.0,0.0
2024-04-24 00:00:00-04:00,111.91764056347309,113.13888096658303,108.4524851140877,110.98432922363281,20505900,0.0,0.0
2024-04-25 00:00:00-04:00,108.591483507836,112.25521214192067,107.30073415783191,110.78575134277344,18342800,0.0,0.0
2024-04-26 00:00:00-04:00,111.20274923951861,114.24096478578504,110.80559504864597,114.02252960205078,20630700,0.0,0.0
2024-04-29 00:00:00-04:00,112.99987147080749,113.93318275575383,111.31197549705323,113.54595947265625,14419100,0.0,0.0
2024-04-30 00:00:00-04:00,113.36725431058008,115.45230476101982,112.12615195018884,112.15593719482422,14845600,0.0,0.0
2024-05-01 00:00:00-04:00,109.73329886234946,112.92045627080053,107.97590131875167,108.91913604736328,16686200,0.0,0.0
2024-05-02 00:00:00-04:00,110.94460658470359,111.60984312602615,108.65105212569723,111.53041076660156,15439200,0.0,0.0
2024-05-03 00:00:00-04:00,114.21119774969657,114.65799912629527,112.6424426120242,113.883544921875,15564400,0.0,0.0
2024-05-06 00:00:00-04:00,118.92736475804064,120.50605054624535,117.17989090461303,119.27487182617188,22538700,0.0,0.0
2024-05-07 00:00:00-04:00,119.29475391425116,120.54578714657842,118.3316573229009,118.36144256591797,12508300,0.0,0.0
2024-05-08 00:00:00-04:00,117.45792123476642,119.61247294594473,117.37848887189024,118.47065734863281,10867900,0.0,0.0
2024-05-09 00:00:00-04:00,118.47065097440368,118.77844189512953,116.60403599776805,116.97139739990234,11524800,0.0,0.0
2024-05-10 00:00:00-04:00,119.18552854892161,120.98264212812809,118.33164962093596,120.37698364257812,13922400,0.0,0.0
2024-05-13 00:00:00-04:00,122.05495689174859,123.22655768913683,120.78406943188747,122.12445831298828,16643200,0.0,0.0
2024-05-14 00:00:00-04:00,122.11453284533316,124.14994360511054,120.80392914674634,123.92157745361328,13887700,0.0,0.0
2024-05-15 00:00:00-04:00,125.33146019224638,127.03921035137819,124.54708274106085,126.90020751953125,14265100,0.0,0.0
2024-05-16 00:00:00-04:00,127.0193609538924,129.20370532097164,126.14562775211262,126.97964477539062,15874700,0.0,0.0
2024-05-17 00:00:00-04:00,127.44629406178403,128.11152297464034,123.97120815421765,124.39814758300781,13774700,0.0,0.0
2024-05-20 00:00:00-04:00,126.225049797506,130.08736664089085,125.7385398778079,128.0817413330078,19123200,0.0,0.0
2024-05-21 00:00:00-04:00,123.31591712880021,127.90304136919406,122.40246768638528,126.5924301147461,15717800,0.0,0.0
2024-05-22 00:00:00-04:00,126.88036476793744,126.95979712910497,124.34851317510227,125.38111114501953,11190100,0.0,0.0
2024-05-23 00:00:00-04:00,130.83203497944012,131.01074642582637,123.77264499388659,125.37117767333984,20747400,0.0,0.0
2024-05-24 00:00:00-04:00,126.91014948388137,129.47177873268424,125.69883249389846,128.56826782226562,14048900,0.0,0.0
2024-05-28 00:00:00-04:00,130.82207529641278,132.3511214577682,128.34980978708293,131.72560119628906,14143000,0.0,0.0
2024-05-29 00:00:00-04:00,129.07461672990866,132.15255595815216,128.97532250312457,130.64337158203125,11242500,0.0,0.0
2024-05-30 00:00:00-04:00,129.37251066501756,130.73275397858802,124.80524800386605,125.39105224609375,12639700,0.0,0.0
2024-05-31 00:00:00-04:00,125.45061074389378,126.41370727756293,120.14862570195692,124.11022186279297,24153800,0.0,0.0
2024-06-03 00:00:00-04:00,127.21794367872764,127.92288123825647,124.25915272596421,127.25765228271484,16134300,0.0,0.0
2024-06-04 00:00:00-04:00,126.44349343508733,126.94986526498133,124.52723129263588,125.7385482788086,12995500,0.0,0.0
2024-06-05 00:00:00-04:00,127.88317149442946,132.91707405201092,126.74135597526578,132.7582244873047,22301800,0.0,0.0
2024-06-06 00:00:00-04:00,132.8872720526163,133.17521620579248,128.26044007893967,129.1441192626953,15505000,0.0,0.0
2024-06-07 00:00:00-04:00,129.2831503319897,131.59655167414365,128.69733853552174,130.00794982910156,12139500,0.0,0.0
2024-06-10 00:00:00-04:00,128.78673888034328,134.70430748356935,128.78673888034328,133.86036682128906,14652100,0.0,0.0
2024-06-11 00:00:00-04:00,134.35677147359027,134.88299761175963,130.84196144298588,134.10855102539062,14125000,0.0,0.0
2024-06-12 00:00:00-04:00,137.52403229471878,140.70126570426555,135.85599838986127,139.7480926513672,16973600,0.0,0.0
2024-06-13 00:00:00-04:00,141.77356385433617,143.19339248909037,139.26157449686576,142.12107849121094,16312900,0.0,0.0
2024-06-14 00:00:00-04:00,140.79061483774194,141.47570557028354,138.65591029357324,140.35374450683594,14028500,0.0,0.0
2024-06-17 00:00:00-04:00,144.54375609113748,147.69119005444466,141.12823975929555,146.77774047851562,23909000,0.0,0.0
2024-06-18 00:00:00-04:00,150.65987728023148,156.4185791220795,150.43150357706287,152.35769653320312,42192600,0.0,0.0
2024-06-20 00:00:00-04:00,155.89237259309155,156.2895344200848,141.89274770787705,143.16363525390625,41285000,0.0,0.0
2024-06-21 00:00:00-04:00,136.670161327346,141.58493791219678,134.73404502279672,138.5467071533203,49893500,0.0,0.0
2024-06-24 00:00:00-04:00,141.4261006161672,141.81332395213528,136.90848492975584,138.0205078125,32410100,0.0,0.0
2024-06-25 00:00:00-04:00,139.07294957262224,140.12540177013076,136.7694567137809,140.11546325683594,31160600,0.0,0.0
2024-06-26 00:00:00-04:00,142.02181683209358,143.04449910221157,138.54673026719146,141.34666442871094,55490300,0.0,0.0
2024-06-27 00:00:00-04:00,134.82341413921316,136.41203109322535,130.14694930426714,131.28875732421875,68172700,0.0,0.0
2024-06-28 00:00:00-04:00,131.8745606766852,134.45604412424106,129.81928819192686,130.59373474121094,38140600,0.0,0.0
2024-07-01 00:00:00-04:00,129.5710880066177,131.13984322732426,126.36407613517775,130.58383178710938,24749000,0.0,0.0
2024-07-02 00:00:00-04:00,128.98527850140098,131.76535057633615,128.4987609644808,131.6461944580078,20776000,0.0,0.0
2024-07-03 00:00:00-04:00,131.71570778640552,135.84609985351562,131.48733405636986,135.84609985351562,14507100,0.0,0.0
2024-07-05 00:00:00-04:00,135.84609810500712,136.15388904567888,129.97816290323968,130.6632537841797,30104600,0.0,0.0
2024-07-08 00:00:00-04:00,130.46947106630302,132.4371075908072,129.27697373120816,129.87322998046875,20500700,0.115,0.0
2024-07-09 00:00:00-04:00,130.92657696746633,134.36495901931517,130.0620192242271,130.3203887939453,21850900,0.0,0.0
2024-07-10 00:00:00-04:00,132.2681659654872,135.6469107916301,131.87065676254795,135.53759765625,22460200,0.0,0.0
2024-07-11 00:00:00-04:00,135.50778585585823,135.57734048897208,129.25710340178844,129.4160919189453,25401500,0.0,0.0
2024-07-12 00:00:00-04:00,130.926578776196,133.58982182883588,129.90301736202525,132.71533203125,20726900,0.0,0.0
2024-07-15 00:00:00-04:00,133.07307160385483,134.50407408876626,129.21731659322367,130.05206298828125,20416000,0.0,0.0
2024-07-16 00:00:00-04:00,129.6048950824264,130.15146070747528,126.44476924512571,126.69320678710938,21312600,0.0,0.0
2024-07-17 00:00:00-04:00,121.81391125416508,122.26109584789162,118.48484932944261,118.75315856933594,31414100,0.0,0.0
2024-07-18 00:00:00-04:00,119.74689094856924,120.87976549291503,113.37694896096309,116.71595001220703,30404900,0.0,0.0
2024-07-19 00:00:00-04:00,115.96071169407261,116.47745845512257,113.13845722179472,113.5458984375,18038900,0.0,0.0
2024-07-22 00:00:00-04:00,114.63901873892364,114.85764498657736,112.92976725549859,114.55951690673828,23837800,0.0,0.0
2024-07-23 00:00:00-04:00,114.41043938347954,115.61287602215508,113.11856888041932,113.53594207763672,14707700,0.0,0.0
2024-07-24 00:00:00-04:00,110.77333202841187,113.32726964741322,109.31251807380616,109.59076690673828,25261000,0.0,0.0
2024-07-25 00:00:00-04:00,106.13251090029819,110.00813012222959,104.38350864776544,106.7784423828125,29068400,0.0,0.0
2024-07-26 00:00:00-04:00,109.3125128481482,109.93857269231684,107.10638637577534,108.72620391845703,18547900,0.0,0.0
2024-07-29 00:00:00-04:00,109.84914716958052,110.33608264094109,106.47039499932785,107.17595672607422,13517700,0.0,0.0
2024-07-30 00:00:00-04:00,108.3187836501238,108.567221227303,101.53146722197737,101.91902923583984,23915100,0.0,0.0
2024-07-31 00:00:00-04:00,109.16344776475293,110.64413330167187,107.07657405587632,109.13363647460938,26503600,0.0,0.0
2024-08-01 00:00:00-04:00,106.51013330846743,107.1858836625246,99.32531693251079,100.87557220458984,31643700,0.0,0.0
2024-08-02 00:00:00-04:00,96.55275233979611,97.07943861963415,90.50081097875466,92.12062072753906,36039400,0.0,0.0
2024-08-05 00:00:00-04:00,87.08233241465341,91.6734613379032,84.3793380804293,89.85489654541016,36977600,0.0,0.0
2024-08-06 00:00:00-04:00,88.64251073108584,90.29213962644951,86.60532746379319,88.44376373291016,26460000,0.0,0.0
2024-08-07 00:00:00-04:00,92.79639330294688,92.99514789702123,86.03889632038229,86.25752258300781,29483800,0.0,0.0
2024-08-08 00:00:00-04:00,87.92703078478685,92.26971478817984,87.47983859615705,91.49459075927734,24760700,0.0,0.0
2024-08-09 00:00:00-04:00,91.2163370152833,93.93921059704485,90.87845798535544,92.49827575683594,21627200,0.0,0.0
2024-08-12 00:00:00-04:00,92.518139150862,95.92670253134328,92.05107535869476,94.04851531982422,18886600,0.0,0.0
2024-08-13 00:00:00-04:00,96.01613415982729,97.1688802945396,94.31682245582594,96.83100891113281,23565500,0.0,0.0
2024-08-14 00:00:00-04:00,100.36876438916977,101.31282399182868,97.45707616847291,99.78245544433594,22459000,0.0,0.0
2024-08-15 00:00:00-04:00,102.86309000537474,107.3747170284691,102.10783769612965,106.28158569335938,29128000,0.0,0.0
2024-08-16 00:00:00-04:00,106.1623324806426,108.78583232290394,104.69157889309022,107.31507873535156,18383300,0.0,0.0
2024-08-19 00:00:00-04:00,106.5797002581268,108.04051414606731,104.10526458480342,107.9510726928711,15744600,0.0,0.0
2024-08-20 00:00:00-04:00,107.65295773564164,108.50758348837806,105.49652168635393,107.31507873535156,16075500,0.0,0.0
2024-08-21 00:00:00-04:00,107.48401839797634,107.72251630784574,105.5462010828659,107.6529541015625,13658900,0.0,0.0
2024-08-22 00:00:00-04:00,108.26908174074596,110.30627269252714,103.3102703434839,103.6083984375,17967000,0.0,0.0
2024-08-23 00:00:00-04:00,102.39602169054069,103.7574621962538,99.68308030401072,102.20720672607422,25465100,0.0,0.0
2024-08-26 00:00:00-04:00,100.04082679307814,101.55133128211976,96.99995372945915,98.29183197021484,26752300,0.0,0.0
2024-08-27 00:00:00-04:00,96.48320590654912,97.87445774078307,96.0658326307927,97.24839782714844,17234600,0.0,0.0
2024-08-28 00:00:00-04:00,96.75151088402137,97.06951061453263,92.12063175288239,94.26713562011719,25564300,0.0,0.0
2024-08-29 00:00:00-04:00,95.95651255710654,97.36764353954963,94.39632511675747,94.97270202636719,18984300,0.0,0.0
2024-08-30 00:00:00-04:00,96.31426205835244,97.79495523053794,94.3963239787275,95.63851165771484,18819400,0.0,0.0
2024-09-03 00:00:00-04:00,93.04481571804266,93.29325323392288,87.7580656833801,88.02638244628906,28897200,0.0,0.0
2024-09-04 00:00:00-04:00,87.8077609405043,90.16295144709913,87.26119534349546,88.73194885253906,16356500,0.0,0.0
2024-09-05 00:00:00-04:00,87.54939068404185,90.13313967531572,87.21151925688316,88.83132934570312,13890700,0.0,0.0
2024-09-06 00:00:00-04:00,88.81145202030561,89.08970084417308,84.72713837152233,85.84013366699219,23587100,0.0,0.0
2024-09-09 00:00:00-04:00,87.30095448388427,87.41026761358603,84.47870752503401,85.73082733154297,20526400,0.0,0.0
2024-09-10 00:00:00-04:00,86.4264503162269,86.64507655865224,84.33957655239655,86.30719757080078,17019000,0.0,0.0
2024-09-11 00:00:00-04:00,87.64876538611652,90.26233328763523,85.54201979569297,90.08345794677734,20879600,0.0,0.0
2024-09-12 00:00:00-04:00,86.55564200922693,87.4798300103,83.59427062116043,86.66495513916016,30900000,0.0,0.0
2024-09-13 00:00:00-04:00,87.53944435962217,90.89832461475672,87.32082570203973,90.64988708496094,21267200,0.0,0.0
2024-09-16 00:00:00-04:00,86.69476204893094,87.68851221137719,85.38301213777038,86.63513946533203,26494300,0.0,0.0
2024-09-17 00:00:00-04:00,87.50964240246319,89.01020736535182,86.99289562132746,88.17546081542969,17744800,0.0,0.0
2024-09-18 00:00:00-04:00,87.44007666033738,88.64251347445159,86.16807763653763,86.8040771484375,20130600,0.0,0.0
2024-09-19 00:00:00-04:00,88.79157320436622,89.82507425641604,87.03263879823042,88.69219970703125,25208900,0.0,0.0
2024-09-20 00:00:00-04:00,87.84751102266007,90.40144849576306,87.77794881840092,90.3318862915039,28711000,0.0,0.0
2024-09-23 00:00:00-04:00,92.1007619691199,94.20751496538557,92.00138847287502,92.98519897460938,23394100,0.0,0.0
2024-09-24 00:00:00-04:00,94.13796236415696,94.40627158956325,92.18027320338359,93.41252136230469,23043200,0.0,0.0
2024-09-25 00:00:00-04:00,93.57150949948408,95.57888128925043,93.34294364921654,95.17144012451172,54762900,0.0,0.0
2024-09-26 00:00:00-04:00,112.39314463760037,114.0825245045915,106.85795639906992,109.19326782226562,107965900,0.0,0.0
2024-09-27 00:00:00-04:00,109.8093985269236,110.27646234006686,106.36108407504034,106.8281478881836,42960200,0.0,0.0
2024-09-30 00:00:00-04:00,105.41702703545536,106.0828378751073,101.62090143068724,103.06183624267578,39544700,0.0,0.0
2024-10-01 00:00:00-04:00,102.75376685195057,103.54876242157414,98.32164210027813,99.68307495117188,34309800,0.0,0.0
2024-10-02 00:00:00-04:00,99.9613251453572,101.48176926168799,98.70920540020767,99.2259521484375,26334900,0.0,0.0
2024-10-03 00:00:00-04:00,98.84832074713376,101.88919353737522,98.77875854545213,101.18363189697266,22176700,0.0,0.0
2024-10-04 00:00:00-04:00,103.00220603082491,103.58851498845351,100.76626816148013,101.61095428466797,21911200,0.0,0.0
2024-10-07 00:00:00-04:00,101.63582908432078,104.05335366751004,100.2927497511062,102.3819808959961,21749300,0.115,0.0
2024-10-08 00:00:00-04:00,101.65572438738508,102.41182702453251,100.74044664203488,102.01387786865234,18858300,0.0,0.0
2024-10-09 00:00:00-04:00,101.72536555078455,101.76516122564405,99.80526788274413,101.17818450927734,18442700,0.0,0.0
2024-10-10 00:00:00-04:00,100.84987869942803,106.03314555803443,100.33254254099887,105.14771270751953,27605600,0.0,0.0
2024-10-11 00:00:00-04:00,104.50104781048559,107.09765668510934,104.4513013209876,106.37139892578125,19133900,0.0,0.0
2024-10-14 00:00:00-04:00,107.25683922420745,108.15222296549982,106.25202686088132,107.78411865234375,15021900,0.0,0.0
2024-10-15 00:00:00-04:00,107.30658178936798,108.9282156907269,102.1830044036373,103.78474426269531,23419100,0.0,0.0
2024-10-16 00:00:00-04:00,105.4760170956703,109.0674951012275,105.06812471758073,108.67949676513672,20450900,0.0,0.0
2024-10-17 00:00:00-04:00,110.76872625896287,113.55436288340806,110.44042521178294,111.47509002685547,26584800,0.0,0.0
2024-10-18 00:00:00-04:00,111.17662423904255,112.32072524590578,109.29632220812564,110.57970428466797,16700400,0.0,0.0
2024-10-21 00:00:00-04:00,110.52994920563069,110.5697448781972,107.13744971450632,108.52031707763672,14829400,0.0,0.0
2024-10-22 00:00:00-04:00,107.68462786289282,107.9631899928422,105.8242275277671,107.26678466796875,13758100,0.0,0.0
2024-10-23 00:00:00-04:00,106.01324071806522,106.55047090159913,103.00873960672556,104.51099395751953,15174700,0.0,0.0
2024-10-24 00:00:00-04:00,106.2321249061297,106.97827675657386,105.0084401219408,106.30176544189453,13206300,0.0,0.0
2024-10-25 00:00:00-04:00,107.78412496828739,109.31622443977707,107.16731092500231,107.35633850097656,12265000,0.0,0.0
2024-10-28 00:00:00-04:00,106.23212218540598,107.62494045527994,105.77448330635077,105.84412384033203,12381000,0.0,0.0
2024-10-29 00:00:00-04:00,106.04309315739151,108.19201404519481,105.05817487893941,107.62493896484375,15164600,0.0,0.0
2024-10-30 00:00:00-04:00,105.71479739903295,106.2520276477871,103.10823750846625,103.54598236083984,14321800,0.0,0.0
2024-10-31 00:00:00-04:00,101.67559826775042,101.9641111587965,98.56166135169691,99.13868713378906,19830300,0.0,0.0
2024-11-01 00:00:00-04:00,99.48691118621589,100.09378195167173,98.86014637823236,99.21829986572266,13623400,0.0,0.0
2024-11-04 00:00:00-05:00,100.97920748195115,103.25745849262006,100.48177296233563,101.2080307006836,15765800,0.0,0.0
2024-11-05 00:00:00-05:00,101.47663972499753,105.0780682987074,101.26771814227585,104.94873046875,12071900,0.0,0.0
2024-11-06 00:00:00-05:00,107.82390746893114,111.74369404796384,106.45099087979341,111.25621032714844,20304500,0.0,0.0
2024-11-07 00:00:00-05:00,111.98246492301752,113.27579780593183,110.79857583999487,112.82810974121094,13569800,0.0,0.0
2024-11-08 00:00:00-05:00,111.56461024832434,113.71353095467161,110.00266620519622,111.32584381103516,13045700,0.0,0.0
2024-11-11 00:00:00-05:00,110.38072367407679,110.93785553177499,106.22217053001134,108.092529296875,14479700,0.0,0.0
2024-11-12 00:00:00-05:00,104.46125590389455,104.55079047992128,101.54628912601402,103.56587219238281,21859700,0.0,0.0
2024-11-13 00:00:00-05:00,102.27254596557023,102.80976859725938,99.30783272381967,99.40731811523438,18416200,0.0,0.0
2024-11-14 00:00:00-05:00,100.7702863500327,101.76515539376064,98.05429052094611,98.67111206054688,18459700,0.0,0.0
2024-11-15 00:00:00-05:00,97.04948618696841,97.69614504606659,95.14928251475948,95.84568786621094,18518300,0.0,0.0
2024-11-18 00:00:00-05:00,96.05461589343257,97.56681360543868,95.03984514766292,97.00968933105469,14236400,0.0,0.0
2024-11-19 00:00:00-05:00,96.50230361179568,97.67624946449759,96.01481987345942,97.22856140136719,14160300,0.0,0.0
2024-11-20 00:00:00-05:00,97.47726659522914,98.02443998342098,96.0347020112732,97.86526489257812,10490600,0.0,0.0
2024-11-21 00:00:00-05:00,99.58639451300208,102.76002934287126,97.55686065608485,102.23274993896484,18915200,0.0,0.0
2024-11-22 00:00:00-05:00,101.83480303607901,103.17787482087174,101.12844687652505,102.11336517333984,12063700,0.0,0.0
2024-11-25 00:00:00-05:00,103.31715157726957,105.85407074618621,103.27735590357202,103.94392395019531,22837900,0.0,0.0
2024-11-26 00:00:00-05:00,103.46638067679773,104.1826876036153,99.79531147198185,101.27767181396484,19275700,0.0,0.0
2024-11-27 00:00:00-05:00,100.42209094539747,100.52157633889564,96.1441507127353,97.6961441040039,17046400,0.0,0.0
2024-11-29 00:00:00-05:00,96.74106968824874,97.69614311864653,95.6069195152608,97.44742584228516,13729400,0.0,0.0
2024-12-02 00:00:00-05:00,97.09922705767424,99.5764491040597,97.02958652111718,98.04435729980469,16525600,0.0,0.0
2024-12-03 00:00:00-05:00,100.6011671077397,103.14802959975243,99.11880666927229,99.32772827148438,23479700,0.0,0.0
2024-12-04 00:00:00-05:00,100.2529617218023,102.87942328220977,99.28794501425688,102.67049407958984,16306200,0.0,0.0
2024-12-05 00:00:00-05:00,103.34699799580864,103.71510229038397,100.09377942194921,100.35244750976562,13448900,0.0,0.0
2024-12-06 00:00:00-05:00,100.36238885386503,101.66567249439869,99.51675166405987,100.6509017944336,12381000,0.0,0.0
2024-12-09 00:00:00-05:00,100.1335706908436,103.96381498814668,99.85500857325769,102.29243469238281,14141900,0.0,0.0
2024-12-10 00:00:00-05:00,104.42145940507996,104.46125507974972,96.77091362797866,97.5966567993164,23548500,0.0,0.0
2024-12-11 00:00:00-05:00,98.98947631673217,102.13326634357801,97.79563642237868,101.53633880615234,15248400,0.0,0.0
2024-12-12 00:00:00-05:00,100.8797290498746,101.45675495406351,97.25840610467003,97.7359390258789,19334900,0.0,0.0
2024-12-13 00:00:00-05:00,100.25295606074661,102.67048828202164,99.15860156668464,101.97408294677734,23926000,0.0,0.0
2024-12-16 00:00:00-05:00,105.06811678388269,110.55979038097094,104.00360724648296,107.70452117919922,42741200,0.0,0.0
2024-12-17 00:00:00-05:00,109.18688665831742,109.92308768682585,107.12750786960194,108.04278564453125,35811500,0.0,0.0
2024-12-18 00:00:00-05:00,109.68432273630765,111.46513940857056,102.20291013971766,103.36690521240234,63024300,0.0,0.0
2024-12-19 00:00:00-05:00,89.61780665141963,90.53308436398932,84.17587168455105,86.64314270019531,91396800,0.0,0.0
2024-12-20 00:00:00-05:00,84.97176814647015,89.78693064523324,83.11136031363075,89.65760040283203,49578400,0.0,0.0
2024-12-23 00:00:00-05:00,89.53822095311307,90.63257546893465,87.94643187644087,89.25965881347656,26041500,0.0,0.0
2024-12-24 00:00:00-05:00,89.12037844781979,89.2397578856078,87.77730664096097,88.82191467285156,13021300,0.0,0.0
2024-12-26 00:00:00-05:00,88.04591163577804,90.16497999689543,87.64796249451577,89.35913848876953,14468200,0.0,0.0
2024-12-27 00:00:00-05:00,88.54335149851798,89.03083524104909,87.1306391726733,88.17524719238281,19422600,0.0,0.0
2024-12-30 00:00:00-05:00,86.65610352249679,86.71587839213575,84.25535779507652,84.98255157470703,22022900,0.115,0.0
2024-12-31 00:00:00-05:00,85.11205315445258,86.06836741909574,83.76722885719141,83.83696746826172,18691500,0.0,0.0
2025-01-02 00:00:00-05:00,84.65381102425273,87.31356051237222,84.41472678254287,86.99478912353516,18860000,0.0,0.0
2025-01-03 00:00:00-05:00,87.61241122053084,89.85377485994294,87.17410527689839,89.5250473022461,17484600,0.0,0.0
2025-01-06 00:00:00-05:00,95.20316658872835,101.13032524180727,95.11351569016253,98.8790054321289,42903300,0.0,0.0
2025-01-07 00:00:00-05:00,103.01307944385016,106.33029194839695,100.77171574072142,101.51883697509766,53570000,0.0,0.0
2025-01-08 00:00:00-05:00,102.42534207858918,103.08281242546059,97.92269469739631,99.02843475341797,33516900,0.0,0.0
2025-01-10 00:00:00-05:00,97.74337609591927,100.39316192308443,96.49817413199908,98.95868682861328,20512600,0.0,0.0
2025-01-13 00:00:00-05:00,95.47212661764208,95.63151612590475,92.52348911577323,94.69512176513672,22699100,0.0,0.0
2025-01-14 00:00:00-05:00,96.67749753702223,97.03611636263967,95.01390169592052,96.9863052368164,18613400,0.0,0.0
2025-01-15 00:00:00-05:00,99.05831626120899,103.53107991247208,98.96865776123711,102.7939224243164,27568100,0.0,0.0
2025-01-16 00:00:00-05:00,103.91958365157198,104.39774459050814,101.4789906343772,102.20618438720703,16243800,0.0,0.0
2025-01-17 00:00:00-05:00,104.2383532954708,105.47359159978241,102.10656799604989,105.3440933227539,18908900,0.0,0.0
2025-01-21 00:00:00-05:00,105.02532379682752,109.8168589347484,104.82609450548054,108.96015930175781,23533600,0.0,0.0
2025-01-22 00:00:00-05:00,108.75095511910318,110.24519745138032,107.34637127881963,108.81072998046875,20004300,0.0,0.0
2025-01-23 00:00:00-05:00,104.38778040081759,105.77244448876675,102.9533051902359,104.43758392333984,22677600,0.0,0.0
2025-01-24 00:00:00-05:00,105.0950533887553,105.31421016634191,102.32572523585598,102.7939224243164,19743800,0.0,0.0
2025-01-27 00:00:00-05:00,94.49589838534374,95.73113675113416,88.0208474096672,90.76029205322266,50696200,0.0,0.0
2025-01-28 00:00:00-05:00,92.25453576737112,93.09130794842788,87.70207709633738,87.91127014160156,34793600,0.0,0.0
2025-01-29 00:00:00-05:00,89.53501369145782,90.10282557441015,87.42315568474223,88.6683578491211,25342800,0.0,0.0
2025-01-30 00:00:00-05:00,90.31200963609625,92.80241350737477,89.9533908706234,92.14494323730469,22497100,0.0,0.0
2025-01-31 00:00:00-05:00,91.29820802275135,93.90814643240904,90.79016350174314,90.88977813720703,20492100,0.0,0.0
2025-02-03 00:00:00-05:00,88.30973758471046,91.04918230188918,87.68215083997683,89.57485961914062,18607900,0.0,0.0
2025-02-04 00:00:00-05:00,88.70819098065274,91.09897267212551,88.45915058778185,90.31201171875,12827500,0.0,0.0
2025-02-05 00:00:00-05:00,90.04305225432242,93.2905414089182,89.87370659536852,93.24073028564453,15660000,0.0,0.0
2025-02-06 00:00:00-05:00,94.51580768214318,96.23917055426327,93.2208021922128,94.17711639404297,16141100,0.0,0.0
2025-02-07 00:00:00-05:00,95.2230896687795,95.56178858608139,91.23844301884404,91.94572448730469,15602800,0.0,0.0
2025-02-10 00:00:00-05:00,92.83230958542977,95.89052564542278,92.8123820957262,95.5617904663086,16217900,0.0,0.0
2025-02-11 00:00:00-05:00,93.88824062418956,95.47213408587079,93.2008866162317,93.7188949584961,12124000,0.0,0.0
2025-02-12 00:00:00-05:00,89.25607656010683,92.28440869269579,87.01471299224646,91.32809448242188,22874700,0.0,0.0
2025-02-13 00:00:00-05:00,91.70663589543825,95.70124610182195,91.66678851880309,95.2928237915039,16579900,0.0,0.0
2025-02-14 00:00:00-05:00,98.03226808876379,100.31347149688924,97.62383817894197,99.13800048828125,21284500,0.0,0.0
2025-02-18 00:00:00-05:00,102.24601701025564,107.46590120646225,101.65828536607523,106.38008880615234,29641900,0.0,0.0
2025-02-19 00:00:00-05:00,105.35405466265513,106.77856607789737,103.22226941188845,103.95942687988281,17875900,0.0,0.0
2025-02-20 00:00:00-05:00,103.58089078800093,104.44754655170729,101.94717870445812,102.7839584350586,14488000,0.0,0.0
2025-02-21 00:00:00-05:00,103.24218818230759,103.26211567047842,97.37479693413187,98.46060943603516,18650800,0.0,0.0
2025-02-24 00:00:00-05:00,99.83532012005885,100.31347344805167,94.91427921879628,95.04378509521484,14883700,0.0,0.0
2025-02-25 00:00:00-05:00,95.13344540899021,95.56179525776811,92.40396439125546,92.86219787597656,18608200,0.0,0.0
2025-02-26 00:00:00-05:00,95.63151780914333,99.33724034026527,95.1334369872207,97.33495330810547,21335200,0.0,0.0
2025-02-27 00:00:00-05:00,97.4644575635549,99.506592098732,91.13883225718996,91.46756744384766,22386300,0.0,0.0
2025-02-28 00:00:00-05:00,90.65071216240254,94.09743063590481,89.52505220895311,93.27061462402344,23359100,0.0,0.0
2025-03-03 00:00:00-05:00,95.44224278061246,95.8307452060337,89.04688697740582,90.19247436523438,20281800,0.0,0.0
2025-03-04 00:00:00-05:00,89.85378335664441,93.23077095134926,86.46683961690215,90.84994506835938,23611500,0.0,0.0
2025-03-05 00:00:00-05:00,91.79629363332715,94.68516381453833,90.08289445274217,93.9778823852539,14010300,0.0,0.0
2025-03-06 00:00:00-05:00,90.58097722805496,92.9319192804799,88.68826861295216,88.9273452758789,18708100,0.0,0.0
2025-03-07 00:00:00-05:00,89.94343773679316,92.98172625808233,89.14650536393448,92.60318756103516,19133900,0.0,0.0
2025-03-10 00:00:00-04:00,89.24611831887294,91.01929243486785,85.43082498642534,86.74575805664062,21897900,0.0,0.0
2025-03-11 00:00:00-04:00,87.56261865328564,90.75033318805859,85.73964084116037,88.70820617675781,21962100,0.0,0.0
2025-03-12 00:00:00-04:00,92.11506533196908,96.61771246703934,91.88594481752307,95.27289581298828,23584700,0.0,0.0
2025-03-13 00:00:00-04:00,93.88823662397353,97.74338499115146,93.63919620852532,94.51581573486328,18824700,0.0,0.0
2025-03-14 00:00:00-04:00,98.37095898135055,102.385489053382,98.37095898135055,100.40312957763672,24623600,0.0,0.0
2025-03-17 00:00:00-04:00,100.672083919895,104.04907097004023,100.5724692848091,102.71421813964844,17095100,0.0,0.0
2025-03-18 00:00:00-04:00,101.50886107556089,102.91344487594085,99.90504040980515,101.32955169677734,18434100,0.0,0.0
2025-03-19 00:00:00-04:00,100.43301277465895,103.20234082226648,100.1042776207778,101.66825103759766,16633100,0.0,0.0
2025-03-20 00:00:00-04:00,101.190104651969,104.28816806559803,100.96098412293884,102.60465240478516,29204400,0.0,0.0
2025-03-21 00:00:00-04:00,97.82306824227742,98.1219197689273,93.34034094318936,94.35643005371094,63239600,0.0,0.0
2025-03-24 00:00:00-04:00,95.73112953336016,98.04222417257996,94.96408843504534,96.56790924072266,35406600,0.0,0.0
2025-03-25 00:00:00-04:00,95.8108276299389,96.0100569195391,92.89207369664578,93.8185043334961,22191700,0.0,0.0
2025-03-26 00:00:00-04:00,95.63152333747638,96.26906621838404,90.62083119529089,91.77637481689453,27107200,0.0,0.0
2025-03-27 00:00:00-04:00,90.74035813136028,91.85606187950816,89.26604319285023,90.81009674072266,15658700,0.0,0.0
2025-03-28 00:00:00-04:00,90.12274712682104,90.54113320245783,87.26376040974885,88.10054016113281,17118000,0.0,0.0
2025-03-31 00:00:00-04:00,85.78145178185744,86.8686781574524,83.88627865072212,86.669189453125,21089500,0.115,0.0
2025-04-01 00:00:00-04:00,88.30502285356468,88.66410861616187,86.0308180971201,88.48456573486328,15337100,0.0,0.0
2025-04-02 00:00:00-04:00,86.90856676525983,89.70145394347078,86.4796592545347,88.37483215332031,14520400,0.0,0.0
2025-04-03 00:00:00-04:00,82.70926636745803,83.13817387546845,74.02140276101908,74.15106964111328,44839500,0.0,0.0
2025-04-04 00:00:00-04:00,70.4704569869439,71.1586982986341,63.6977116631705,64.55552673339844,50737700,0.0,0.0
2025-04-07 00:00:00-04:00,63.777504968778274,72.27585315770102,61.38360648211167,68.19625091552734,50181800,0.0,0.0
2025-04-08 00:00:00-04:00,71.41803250854382,72.78455349705409,63.358569194312686,65.3734359741211,40822100,0.0,0.0
2025-04-09 00:00:00-04:00,66.0317627282051,78.36035283767754,63.53811978954464,77.67211151123047,63132600,0.0,0.0
2025-04-10 00:00:00-04:00,72.31574141701321,72.86434663728198,67.32844890549507,69.8719711303711,44882300,0.0,0.0
2025-04-11 00:00:00-04:00,68.864546821092,69.99167236764173,66.66016409500473,69.37325286865234,30807800,0.0,0.0
2025-04-14 00:00:00-04:00,74.48023355257027,74.58995460990005,69.79218106850001,70.83950805664062,32634700,0.0,0.0
2025-04-15 00:00:00-04:00,70.93926507467582,72.61499598541637,70.37071392335343,70.85946655273438,19132700,0.0,0.0
2025-04-16 00:00:00-04:00,67.75736499076972,70.2709573881299,66.99929430172234,69.15380859375,28475000,0.0,0.0
2025-04-17 00:00:00-04:00,70.26099184342922,70.30089110382369,66.82973154956323,68.62516021728516,20694100,0.0,0.0
2025-04-21 00:00:00-04:00,67.58779314208482,67.82718106209086,65.48315500326956,66.57038116455078,19826100,0.0,0.0
2025-04-22 00:00:00-04:00,67.36836502255505,70.22109766204483,67.2686206693574,70.03157806396484,20351200,0.0,0.0
2025-04-23 00:00:00-04:00,73.50273783518452,75.20839138709395,72.31575948566604,72.74466705322266,26385500,0.0,0.0
2025-04-24 00:00:00-04:00,74.38048819858878,77.39280985057572,73.41295212986954,77.2232437133789,23875600,0.0,0.0
2025-04-25 00:00:00-04:00,77.35292657103581,80.09593804362565,76.70457688278609,79.57725524902344,19746200,0.0,0.0
2025-04-28 00:00:00-04:00,78.56981697235834,79.40768622179748,76.72451993407756,78.3603515625,16882400,0.0,0.0
2025-04-29 00:00:00-04:00,77.74193513715193,77.9912998173609,76.27566959992218,76.68462371826172,17098000,0.0,0.0
2025-04-30 00:00:00-04:00,73.43290877658995,76.95393660422904,73.31321099862284,76.75444030761719,19779300,0.0,0.0
2025-05-01 00:00:00-04:00,79.19821967521277,79.68697229120052,77.44269029063722,77.57235717773438,15349200,0.0,0.0
2025-05-02 00:00:00-04:00,79.37776734955375,81.46245243692907,78.89898381201918,80.5148696899414,18899700,0.0,0.0
2025-05-05 00:00:00-04:00,79.2081942017263,80.943770103353,78.84910848276829,80.21562194824219,12513600,0.0,0.0
2025-05-06 00:00:00-04:00,78.83913161900634,81.01359175309604,78.34040230027023,80.3053970336914,13173800,0.0,0.0
2025-05-07 00:00:00-04:00,80.78417175363967,82.65939883546118,79.9961785281942,82.4100341796875,14889700,0.0,0.0
2025-05-08 00:00:00-04:00,84.03589466543605,85.99091278540156,83.14815703978859,84.93360900878906,17580500,0.0,0.0
2025-05-09 00:00:00-04:00,85.35253600631037,86.05075401428313,84.46479842045694,85.64179992675781,13017600,0.0,0.0
2025-05-12 00:00:00-04:00,92.5741332091324,93.96060009893799,91.716318176734,92.05545806884766,27765300,0.0,0.0
2025-05-13 00:00:00-04:00,92.3148110548904,97.16246122536477,92.3148110548904,96.68367767333984,28009100,0.0,0.0
2025-05-14 00:00:00-04:00,96.05527162038139,97.40183928403044,94.08030013302533,95.0777587890625,28044400,0.0,0.0
2025-05-15 00:00:00-04:00,93.77109265387037,95.3670250201461,91.93576472514894,95.20742797851562,24196100,0.0,0.0
2025-05-16 00:00:00-04:00,95.65628443738892,97.94046562041478,95.45678814476337,97.75094604492188,22609300,0.0,0.0
2025-05-19 00:00:00-04:00,95.46676128549727,98.76834680220963,95.45678456873839,98.3992919921875,14380100,0.0,0.0
2025-05-20 00:00:00-04:00,97.67114988632775,98.37934461973694,96.72356720599286,97.85069274902344,12331300,0.0,0.0
2025-05-21 00:00:00-04:00,96.91308056608179,98.56885787355638,95.0179077170405,95.59642791748047,15764300,0.0,0.0
2025-05-22 00:00:00-04:00,95.16753235334049,96.9729300538475,94.13017445608618,94.58900451660156,13245200,0.0,0.0
2025-05-23 00:00:00-04:00,92.02554118873284,93.60152014078336,90.69891930003955,93.13272094726562,16545000,0.0,0.0
2025-05-27 00:00:00-04:00,94.93812335455279,96.45425729377592,93.950641330914,96.13507080078125,17612600,0.0,0.0
2025-05-28 00:00:00-04:00,96.45424489386805,96.96295091762003,95.35704194087783,95.9355697631836,10500300,0.0,0.0
2025-05-29 00:00:00-04:00,98.339452920732,99.37681091717117,95.8657595223054,96.55400848388672,14628700,0.0,0.0
2025-05-30 00:00:00-04:00,95.79592662909849,96.36447773721454,91.9856350110213,94.21994018554688,23758200,0.0,0.0
2025-06-02 00:00:00-04:00,94.33963904084393,98.98779229890124,94.16009618306457,97.93048858642578,16850300,0.0,0.0
2025-06-03 00:00:00-04:00,98.11003677921897,102.66842266126459,96.71359309944447,101.99015045166016,22757600,0.0,0.0
2025-06-04 00:00:00-04:00,102.11981806236142,103.64593625225615,101.44154584796573,102.98760986328125,14595900,0.0,0.0
2025-06-05 00:00:00-04:00,106.0298589195799,108.75291680793276,105.26181148747631,106.01988220214844,28833700,0.0,0.0
2025-06-06 00:00:00-04:00,107.80533512187823,110.76778859602584,107.76543586178802,108.28411102294922,20710100,0.0,0.0
2025-06-09 00:00:00-04:00,109.23169456091533,112.24401621606468,108.30405774879887,110.66802978515625,20159700,0.0,0.0
2025-06-10 00:00:00-04:00,111.24656957675042,114.6279540212347,110.94733652741913,113.84993743896484,22949400,0.0,0.0
2025-06-11 00:00:00-04:00,115.30622276997023,116.96200784426675,114.43843858212125,115.7351303100586,21614100,0.0,0.0
2025-06-12 00:00:00-04:00,113.82001119197501,116.18399101581271,113.23150661042641,115.88475036621094,17076500,0.0,0.0
2025-06-13 00:00:00-04:00,113.5107999639708,116.80240901691197,113.37115635863422,115.30622100830078,17453000,0.0,0.0
2025-06-16 00:00:00-04:00,117.51059873678636,120.65259494253044,117.02184613900565,119.53543853759766,21374100,0.0,0.0
2025-06-17 00:00:00-04:00,119.2960471945438,123.19611397846411,119.04668254421658,120.03416442871094,20837700,0.0,0.0
2025-06-18 00:00:00-04:00,120.15386218770422,122.66746212433851,119.87457499696824,121.51040649414062,20180000,0.0,0.0
2025-06-20 00:00:00-04:00,122.45799615889665,123.84447069545367,120.07407057381874,123.285888671875,29290400,0.0,0.0
2025-06-23 00:00:00-04:00,123.3557080859994,124.19357730014748,119.50551712980777,121.7697525024414,23399200,0.0,0.0
2025-06-24 00:00:00-04:00,124.79205828108068,127.77446526648045,124.64243795442086,127.58494567871094,26420600,0.0,0.0
2025-06-25 00:00:00-04:00,126.2882399286074,127.17597751579959,125.30075799869803,126.9266128540039,39407000,0.0,0.0
2025-06-26 00:00:00-04:00,129.20081440887657,129.52000847430935,123.47540403526999,125.6797866821289,62678100,0.0,0.0
2025-06-27 00:00:00-04:00,124.82197129489676,127.21587350867402,123.07641870714328,124.44293975830078,36888600,0.0,0.0
2025-06-30 00:00:00-04:00,124.5825834564367,124.76212631286411,121.54033161419572,122.93677520751953,22799700,0.0,0.0
2025-07-01 00:00:00-04:00,122.03905996527712,123.67489148429964,118.77737364417884,120.58277130126953,24825800,0.0,0.0
2025-07-02 00:00:00-04:00,120.19376409478022,122.68741065276322,117.7599626189871,121.43061065673828,29303800,0.0,0.0
2025-07-03 00:00:00-04:00,122.01911678794396,123.31580844894964,121.52038746986359,121.97921752929688,13247900,0.0,0.0
2025-07-07 00:00:00-04:00,120.98581969925434,121.31529273054547,118.71946053202949,119.72783660888672,19148400,0.115,0.0
2025-07-08 00:00:00-04:00,122.2537748433161,125.24896744168727,121.7545760769209,124.22061920166016,26238200,0.0,0.0
2025-07-09 00:00:00-04:00,124.61998843097138,125.94785907032757,121.08566000429907,122.04412078857422,20464000,0.0,0.0
2025-07-10 00:00:00-04:00,124.08084300092852,124.15073052288626,121.82446246502775,122.9127197265625,15378400,0.0,0.0
2025-07-11 00:00:00-04:00,121.9342962008174,124.61000207471105,121.04572294579015,124.33045196533203,15820600,0.0,0.0
2025-07-14 00:00:00-04:00,120.18709749227783,120.24700652653048,116.83248102655125,118.41993713378906,32117700,0.0,0.0
2025-07-15 00:00:00-04:00,120.74620569355781,121.19548155743294,118.92912240368499,119.91753387451172,24958900,0.0,0.0
2025-07-16 00:00:00-04:00,118.83925548832825,118.89915690198464,114.62601673867431,116.24342346191406,30614800,0.0,0.0
2025-07-17 00:00:00-04:00,113.74743098723327,114.01699496899151,110.77220299393423,113.07850646972656,34702400,0.0,0.0
2025-07-18 00:00:00-04:00,114.05693440015412,114.61604220989247,113.0984736626769,114.20669555664062,19349900,0.0,0.0
2025-07-21 00:00:00-04:00,113.40796956278606,115.73423759039883,112.48944568123572,113.04855346679688,22189800,0.0,0.0
2025-07-22 00:00:00-04:00,112.67914942545524,112.81892447472298,107.95672560695013,109.04498291015625,27917600,0.0,0.0
2025-07-23 00:00:00-04:00,109.26462491271869,110.11326126486925,108.70551713265922,109.65399932861328,17810000,0.0,0.0
2025-07-24 00:00:00-04:00,110.88202460783144,112.54935423233503,110.0733250652541,111.55095672607422,20293100,0.0,0.0
2025-07-25 00:00:00-04:00,110.81214682882081,111.32133173458458,108.65561198663933,111.08171844482422,16372300,0.0,0.0
2025-07-28 00:00:00-04:00,111.54097965207745,111.82052975772471,109.68395953065601,111.07173156738281,12932300,0.0,0.0
2025-07-29 00:00:00-04:00,111.87044598106066,113.35805616393347,110.49265251839591,111.78058624267578,16653300,0.0,0.0
2025-07-30 00:00:00-04:00,112.4195668565619,114.70589824655639,112.22987649456549,114.55613708496094,16378800,0.0,0.0
2025-07-31 00:00:00-04:00,112.01021858829448,112.09008459969269,106.76863168400975,108.96510314941406,29224300,0.0,0.0
2025-08-01 00:00:00-04:00,105.32095241882728,106.32933604843181,103.21433303891678,104.71192932128906,24003300,0.0,0.0
2025-08-04 00:00:00-04:00,105.85010950926048,107.70712964250797,105.29100929440547,107.59730529785156,14780600,0.0,0.0
2025-08-05 00:00:00-04:00,109.12485190706133,110.46270092669104,106.65880881562745,108.8852310180664,17836000,0.0,0.0
2025-08-06 00:00:00-04:00,107.72709528657548,108.78539423359429,106.57893660069861,108.60568237304688,13021900,0.0,0.0
2025-08-07 00:00:00-04:00,113.95709391375526,115.09526649306555,110.61246369851297,111.69073486328125,18986500,0.0,0.0
2025-08-08 00:00:00-04:00,111.9902457315835,119.13877548684796,111.49104698165168,118.69947814941406,28962200,0.0,0.0
2025-08-11 00:00:00-04:00,124.76974839484744,127.07604439679312,121.45506869133501,123.5217514038086,35065800,0.0,0.0
2025-08-12 00:00:00-04:00,124.50017248594189,128.34400917952718,122.84283649992132,127.5452880859375,25961200,0.0,0.0
2025-08-13 00:00:00-04:00,127.37555509737471,128.39392481474198,123.15233031355108,124.07085418701172,18438200,0.0,0.0
2025-08-14 00:00:00-04:00,123.00256349629244,125.53849394784956,121.20545264631986,125.08921813964844,12235900,0.0,0.0
2025-08-15 00:00:00-04:00,122.9726173410059,123.18227990040123,119.24859895905308,120.67630767822266,18986700,0.0,0.0
2025-08-18 00:00:00-04:00,121.15554108489653,123.48180920290093,120.4666519555499,123.35202026367188,12208800,0.0,0.0
2025-08-19 00:00:00-04:00,122.74298904439057,124.04090120248529,121.11559627149134,121.85441589355469,11491200,0.0,0.0
2025-08-20 00:00:00-04:00,118.50978890127986,118.71945909477704,113.2781877501083,117.02217864990234,25795000,0.0,0.0
2025-08-21 00:00:00-04:00,116.81250646133083,117.54133998140432,115.42473455804404,115.60444641113281,13174900,0.0,0.0
2025-08-22 00:00:00-04:00,117.46146622519845,120.50657399948207,116.32329369594028,117.49141693115234,17038300,0.0,0.0
2025-08-25 00:00:00-04:00,117.49142729507604,117.89078784974842,115.91395729356309,116.23344421386719,8674800,0.0,0.0
2025-08-26 00:00:00-04:00,115.90396968724383,118.17033642585102,115.62441958773626,116.31331634521484,12584300,0.0,0.0
2025-08-27 00:00:00-04:00,116.66275808007867,118.53975044376703,116.25341902485398,117.56131744384766,15349300,0.0,0.0
2025-08-28 00:00:00-04:00,118.68950121209681,122.37359070873697,118.53974766928138,121.80450439453125,17295500,0.0,0.0
2025-08-29 00:00:00-04:00,122.40354143628785,122.57326719628436,117.87081552192467,118.81929779052734,16774000,0.0,0.0
2025-09-02 00:00:00-04:00,115.67434153318575,118.37001188951425,114.06692085746202,118.29014587402344,13771900,0.0,0.0
2025-09-03 00:00:00-04:00,119.16872844126564,119.24860207088201,117.11203199024,118.52975463867188,14101300,0.0,0.0
2025-09-04 00:00:00-04:00,118.65955176110931,124.21064752775997,118.3300787290855,124.0109634399414,18589100,0.0,0.0
2025-09-05 00:00:00-04:00,127.56524026756098,131.199414034169,125.45862863219739,131.1594696044922,28416000,0.0,0.0
2025-09-08 00:00:00-04:00,130.3407984782381,132.04804969566996,128.19423468288713,131.2493438720703,19492600,0.0,0.0
2025-09-09 00:00:00-04:00,131.54885060407466,137.77885655892658,131.34917414868275,135.02328491210938,20705000,0.0,0.0
2025-09-10 00:00:00-04:00,139.79562224003186,142.01206590916595,138.11830651788372,139.77565002441406,25791300,0.0,0.0
2025-09-11 00:00:00-04:00,147.48329607119376,156.0096049518913,147.3734717247923,150.3287353515625,52446400,0.0,0.0
2025-09-12 00:00:00-04:00,153.3039618307647,158.0263784381412,152.96451028683336,156.97805786132812,32288300,0.0,0.0
2025-09-15 00:00:00-04:00,156.70849702117212,160.08307061489938,156.2991503410368,157.51719665527344,20101400,0.0,0.0
2025-09-16 00:00:00-04:00,157.72685564060723,159.30432574731907,156.91815598591234,158.56552124023438,16911600,0.0,0.0
2025-09-17 00:00:00-04:00,157.1577748602493,160.33267201653447,155.01121081151678,159.733642578125,18843600,0.0,0.0
2025-09-18 00:00:00-04:00,162.7288150539684,170.17685192055103,162.33944063584235,168.61935424804688,28212800,0.0,0.0
2025-09-19 00:00:00-04:00,162.4891799776702,163.43765447905983,159.12458554989416,162.46920776367188,37309900,0.0,0.0
2025-09-22 00:00:00-04:00,164.11658027131574,166.99195461291254,161.33104281104642,164.35618591308594,25851200,0.0,0.0
2025-09-23 00:00:00-04:00,165.4144846874973,168.7191930934654,164.96520887511787,166.14332580566406,43316500,0.0,0.0
2025-09-24 00:00:00-04:00,164.81546140488084,165.7339852783028,158.04632756226096,161.45086669921875,57096400,0.0,0.0
2025-09-25 00:00:00-04:00,157.137805078906,158.69530297099885,154.40219004129474,156.57870483398438,32209200,0.0,0.0
2025-09-26 00:00:00-04:00,158.2659716948387,158.6653245903275,154.9313125567278,157.01797485351562,24045000,0.0,0.0
2025-09-29 00:00:00-04:00,159.7436001992301,165.53430875331955,159.71364949293968,163.63734436035156,26506500,0.0,0.0
2025-09-30 00:00:00-04:00,163.84701714963748,168.67925747642548,163.6972636157991,167.0518798828125,20092500,0.0,0.0
2025-10-01 00:00:00-04:00,165.33462730297458,182.09771413913674,165.234781462133,181.85809326171875,41674800,0.0,0.0
2025-10-02 00:00:00-04:00,184.66360353559105,185.88163443855487,180.9196130072508,183.45553588867188,25122200,0.0,0.0
2025-10-03 00:00:00-04:00,185.0290190063793,191.66252977109554,184.7392938585731,187.64645385742188,29399300,0.115,0.0
2025-10-06 00:00:00-04:00,194.8194216803748,200.80357346188558,189.2448728863467,190.7733917236328,36392300,0.0,0.0
2025-10-07 00:00:00-04:00,194.659597366786,195.1091545749832,183.06094212713188,185.508544921875,27828200,0.0,0.0
2025-10-08 00:00:00-04:00,188.80532109762163,196.75753390743984,188.61550432998132,196.34793090820312,26833900,0.0,0.0
2025-10-09 00:00:00-04:00,192.78141800674848,196.42784488465193,189.31480790372422,192.1420440673828,19721500,0.0,0.0
2025-10-10 00:00:00-04:00,192.7714297792327,193.2509564141112,179.43447043743328,181.4225311279297,26990300,0.0,0.0
2025-10-13 00:00:00-04:00,190.60354324747644,193.21099322764917,187.80629175017626,192.5816192626953,20928400,0.0,0.0
2025-10-14 00:00:00-04:00,186.77728888413273,192.27191368073386,186.06797606672038,186.87718200683594,15912400,0.0,0.0
2025-10-15 00:00:00-04:00,192.29189171692144,192.69150995714887,187.23683911809295,191.75242614746094,17793100,0.0,0.0
2025-10-16 00:00:00-04:00,199.7646115421119,206.13836682363421,195.00925312122828,202.33209228515625,42041300,0.0,0.0
2025-10-17 00:00:00-04:00,199.08525899267423,203.19124324088818,195.3589082800716,202.18223571777344,23283100,0.0,0.0
2025-10-20 00:00:00-04:00,209.4551226526565,214.54014501568494,205.2991841710047,206.5679473876953,23268400,0.0,0.0
2025-10-21 00:00:00-04:00,204.10034584918608,205.66880360125717,200.64372051197603,202.09230041503906,13717300,0.0,0.0
2025-10-22 00:00:00-04:00,202.05235153491253,205.3790991273979,192.21197133294183,198.2760467529297,21949800,0.0,0.0
2025-10-23 00:00:00-04:00,196.50776830369242,208.79575095407105,195.0092342059359,206.50799560546875,19397900,0.0,0.0
2025-10-24 00:00:00-04:00,212.18245825606303,219.60520580985403,209.77480957720812,218.8059844970703,25821800,0.0,0.0
2025-10-27 00:00:00-04:00,224.59030693239927,224.7601389743725,215.52917831725236,219.88491821289062,23873100,0.0,0.0
2025-10-28 00:00:00-04:00,218.71604693246775,222.68216853461456,217.34739062053072,221.69314575195312,14957500,0.0,0.0
2025-10-29 00:00:00-04:00,228.83615687073262,232.17288931669233,225.87905796140856,226.40853881835938,23217300,0.0,0.0
2025-10-30 00:00:00-04:00,225.8790611560944,227.17777860086846,220.52429833884793,223.7910919189453,14795100,0.0,0.0
2025-10-31 00:00:00-04:00,227.52743694148873,231.0240166529935,218.60617088033933,223.55133056640625,16320000,0.0,0.0
2025-11-03 00:00:00-05:00,233.65146654717591,237.3878022102938,231.57349721204508,234.4706573486328,21199300,0.0,0.0
2025-11-04 00:00:00-05:00,221.92290908729885,228.4465263080595,217.18753584959745,217.81692504882812,23696200,0.0,0.0
2025-11-05 00:00:00-05:00,225.44947232395214,239.64559294855908,224.51038845760846,237.26791381835938,28617400,0.0,0.0
2025-11-06 00:00:00-05:00,237.60758027137086,246.1692130268753,234.65048130528328,238.09710693359375,32016800,0.0,0.0
2025-11-07 00:00:00-05:00,233.80128695335694,242.31296483285828,226.1787386887463,237.68748474121094,30613800,0.0,0.0
2025-11-10 00:00:00-05:00,247.71768201485662,256.8187796646657,247.5678194595284,253.05245971679688,27870600,0.0,0.0
2025-11-11 00:00:00-05:00,248.09730455970475,249.7457012334536,238.556634306757,240.87437438964844,22622500,0.0,0.0
2025-11-12 00:00:00-05:00,244.66067504882812,248.9464913523168,240.6046449625146,244.66067504882812,17263100,0.0,0.0
2025-11-13 00:00:00-05:00,243.3619554618112,249.25618377004466,229.93508685096947,236.71844482421875,32324600,0.0,0.0
2025-11-14 00:00:00-05:00,231.22381589110122,254.92063709442598,231.0040296633094,246.5887908935547,36171100,0.0,0.0
2025-11-17 00:00:00-05:00,246.67870651848116,260.3253463021206,239.22600501020358,241.71356201171875,30304400,0.0,0.0
2025-11-18 00:00:00-05:00,235.2498775452143,238.69650305197035,225.29961929538163,228.27670288085938,33843900,0.0,0.0
2025-11-19 00:00:00-05:00,226.68825676423654,234.12098849287156,216.14856366096723,225.69921875,35256600,0.0,0.0
2025-11-20 00:00:00-05:00,230.01501657820896,230.3746653984946,199.40495838058808,201.1732177734375,47420700,0.0,0.0
2025-11-21 00:00:00-05:00,204.3301372331983,211.79283895748407,192.40180226044018,207.1673583984375,36679700,0.0,0.0
2025-11-24 00:00:00-05:00,213.20145759092787,225.88904399410598,212.15248061108522,223.71116638183594,33052800,0.0,0.0
2025-11-25 00:00:00-05:00,219.00578391391085,225.96897419180982,215.78892921261985,224.3105926513672,17441600,0.0,0.0
2025-11-26 00:00:00-05:00,229.3955991936823,233.6014916824619,225.77914171330642,230.03497314453125,17817600,0.0,0.0
2025-11-28 00:00:00-05:00,235.38975637494494,237.86734399049777,233.24186336930518,236.24891662597656,12914700,0.0,0.0
2025-12-01 00:00:00-05:00,232.06299193783067,242.123158522861,231.27377065887114,240.2250213623047,18238200,0.0,0.0
2025-12-02 00:00:00-05:00,238.51668385661696,244.13118688757797,234.10100508841109,239.25596618652344,18166200,0.0,0.0
2025-12-03 00:00:00-05:00,236.1589994404211,237.56762524908828,227.86710713906936,233.93118286132812,19188200,0.0,0.0
2025-12-04 00:00:00-05:00,230.05497023211262,233.93118359214208,223.1117647886667,226.4285125732422,23513900,0.0,0.0
2025-12-05 00:00:00-05:00,228.72625215096468,240.33490669859188,226.46846625744834,236.98817443847656,21161000,0.0,0.0
2025-12-08 00:00:00-05:00,243.25207000901648,248.98645119445882,241.3739022442043,246.6787109375,20495400,0.0,0.0
2025-12-09 00:00:00-05:00,244.25108137328118,255.26030127117303,242.59269992437095,252.17332458496094,17067100,0.0,0.0
2025-12-10 00:00:00-05:00,254.88066906443308,264.491262663534,250.33511268187462,263.4522705078125,21960700,0.0,0.0
2025-12-11 00:00:00-05:00,261.2744353346599,262.59315276624574,251.304191918892,258.2074279785156,18867000,0.0,0.0
2025-12-12 00:00:00-05:00,255.42015800645552,255.57002057311084,239.08614433698853,240.90435791015625,25936900,0.0,0.0
2025-12-15 00:00:00-05:00,246.86852348830158,249.8655918733756,235.76937962582238,237.26791381835938,27483600,0.0,0.0
2025-12-16 00:00:00-05:00,235.56958476264143,239.16605777988477,230.35468440595395,232.2827911376953,22577300,0.0,0.0
2025-12-17 00:00:00-05:00,236.3288263643656,237.21795602868477,221.4733625059069,225.29962158203125,41957100,0.0,0.0
2025-12-18 00:00:00-05:00,256.2793111195796,263.3923483958844,244.76057974925737,248.30711364746094,65006100,0.0,0.0
2025-12-19 00:00:00-05:00,251.50396087548447,268.1177130002352,251.50396087548447,265.6601257324219,62312100,0.0,0.0
2025-12-22 00:00:00-05:00,276.8791524562695,279.71637344249024,268.0278254169774,276.3197021484375,30961900,0.0,0.0
2025-12-23 00:00:00-05:00,275.6503664329825,281.584533429657,272.05387848972947,276.0,20767600,0.0,0.0
2025-12-24 00:00:00-05:00,277.7283605477154,289.01730689286074,276.9790933879643,286.3998718261719,18592600,0.0,0.0
2025-12-26 00:00:00-05:00,290.55579464363353,290.5857641088608,283.14306235836034,284.51171875,17878500,0.0,0.0
2025-12-29 00:00:00-05:00,280.16918631071405,294.33107166805104,278.3402494382078,294.2011413574219,26642900,0.115,0.0
2025-12-30 00:00:00-05:00,294.53094747936166,298.6585525437395,291.8424882497347,292.4621276855469,23056400,0.0,0.0
2025-12-31 00:00:00-05:00,293.00183505456795,293.00183505456795,284.01697147079557,285.24627685546875,17573800,0.0,0.0
2026-01-02 00:00:00-05:00,294.96070539878707,315.4189641311382,294.6908407625547,315.23907470703125,42604300,0.0,0.0
2026-01-05 00:00:00-05:00,324.9435130260007,325.3432774893249,309.3724325039071,311.970947265625,34608600,0.0,0.0
2026-01-06 00:00:00-05:00,318.09740553134617,344.3523237814261,317.8775305225872,343.23297119140625,48732400,0.0,0.0
2026-01-07 00:00:00-05:00,340.5145629025716,346.1013528628384,336.9865889026152,339.355224609375,32781100,0.0,0.0
2026-01-08 00:00:00-05:00,342.7032929471581,343.4628667412315,321.1756405999752,326.8323974609375,33897700,0.0,0.0
2026-01-09 00:00:00-05:00,332.55914097380867,345.6016435437512,326.00290610415817,344.8920593261719,33387500,0.0,0.0
2026-01-12 00:00:00-05:00,340.3546446314014,348.27011505365033,339.1253696927705,345.6716003417969,23152600,0.0,0.0
2026-01-13 00:00:00-05:00,346.07134975032386,351.0285263851163,335.027700830214,337.93603515625,23881300,0.0,0.0
2026-01-14 00:00:00-05:00,334.64791847425715,338.9054845247233,328.0117433088152,333.1587829589844,20277200,0.0,0.0
2026-01-15 00:00:00-05:00,345.1318804013174,347.57048308145306,336.0770803103486,336.4368896484375,25370200,0.0,0.0
2026-01-16 00:00:00-05:00,352.89747237125545,365.60017353473944,351.83808281395886,362.54193115234375,47901900,0.0,0.0
2026-01-20 00:00:00-05:00,364.4708256342844,381.34114876665075,361.14274901993673,364.7906494140625,49744900,0.0,0.0
2026-01-21 00:00:00-05:00,372.6361277659507,393.9738868432153,366.5196432679402,388.88677978515625,56712800,0.0,0.0
2026-01-22 00:00:00-05:00,396.412465523718,397.5517956550272,376.70377750604916,397.3518981933594,39607600,0.0,0.0
2026-01-23 00:00:00-05:00,396.93218392852526,412.19341373986845,390.5158531620237,399.4207458496094,35404200,0.0,0.0
2026-01-26 00:00:00-05:00,395.2731172676128,397.77168311633346,384.07953006531557,388.8667907714844,29193900,0.0,0.0
2026-01-27 00:00:00-05:00,404.37789377881177,416.2111289816921,399.3707883450681,410.0046691894531,36212100,0.0,0.0
2026-01-28 00:00:00-05:00,422.1977027938172,438.6882388600938,416.7608205840813,435.03033447265625,42725700,0.0,0.0
2026-01-29 00:00:00-05:00,439.11797215172794,444.4549054636323,417.4604191603535,435.5400390625,42675700,0.0,0.0
2026-01-30 00:00:00-05:00,446.213872214534,455.2386907026428,406.896444277963,414.6419982910156,51022900,0.0,0.0
2026-02-02 00:00:00-05:00,411.9435595687579,442.17620767974205,409.7648173720168,437.5488586425781,37771200,0.0,0.0
2026-02-03 00:00:00-05:00,441.9063703526014,442.04627418529253,407.2962300497463,419.19940185546875,42763300,0.0,0.0
2026-02-04 00:00:00-05:00,410.3544851484294,412.7631064514113,363.6912637248487,379.182373046875,58074900,0.0,0.0
2026-02-05 00:00:00-05:00,369.4079721128486,390.70574573939183,365.7900535127613,382.6703796386719,38899500,0.0,0.0
2026-02-06 00:00:00-05:00,377.7531825675145,396.42245965517907,372.65610203071327,394.4635925292969,37196000,0.0,0.0
2026-02-09 00:00:00-05:00,380.47161322303185,391.5852291681203,370.46734586775284,383.2799987792969,31009600,0.0,0.0
2026-02-10 00:00:00-05:00,375.7743071367975,382.57042468123126,365.8500107072858,373.035888671875,35433800,0.0,0.0
2026-02-11 00:00:00-05:00,395.16320828074083,413.9224303228854,386.34826035041203,410.1046142578125,48475000,0.0,0.0
2026-02-12 00:00:00-05:00,422.00779323564984,438.51830622069866,410.9241582290314,413.7325439453125,45639100,0.0,0.0
2026-02-13 00:00:00-05:00,404.95756887926956,420.63857089338137,392.4847169378131,411.4238586425781,33807600,0.0,0.0
2026-02-17 00:00:00-05:00,400.72000141223486,413.42270159621324,395.07321821669467,399.5506591796875,28549500,0.0,0.0
2026-02-18 00:00:00-05:00,399.27084855466524,427.60459321919745,394.37366527315834,420.70855712890625,32306600,0.0,0.0
2026-02-19 00:00:00-05:00,415.57147057513606,420.0788931999249,407.5060925636198,417.110595703125,21651300,0.0,0.0
2026-02-20 00:00:00-05:00,414.94180890810406,430.3229944902613,414.91182733874604,427.92437744140625,29894900,0.0,0.0
2026-02-23 00:00:00-05:00,422.0677739009512,431.4524027339767,415.06178485521286,420.7285461425781,25426600,0.0,0.0
2026-02-24 00:00:00-05:00,428.9737943955014,436.0197382131025,411.0440825999938,417.7702331542969,33389200,0.0,0.0
2026-02-25 00:00:00-05:00,426.25534036276224,436.63939483015685,422.7573481206294,428.75390625,27296300,0.0,0.0
2026-02-26 00:00:00-05:00,424.5963003584035,433.7510496751504,401.7294198641812,415.3216247558594,35433500,0.0,0.0
2026-02-27 00:00:00-05:00,401.57951318695996,417.72024319947496,400.94986968460194,412.1334533691406,28653900,0.0,0.0
2026-03-02 00:00:00-05:00,401.2397011646354,417.37042672265255,396.77226412439063,412.43328857421875,30049200,0.0,0.0
2026-03-03 00:00:00-05:00,386.3282739254194,389.86625202405895,374.3351567775591,379.46221923828125,39010900,0.0,0.0
2026-03-04 00:00:00-05:00,393.41418564005653,407.6460064740802,387.3876157362462,400.5400695800781,32644900,0.0,0.0
2026-03-05 00:00:00-05:00,398.3713643086784,404.2979554687848,380.08184311044465,396.8222351074219,29960100,0.0,0.0
2026-03-06 00:00:00-05:00,379.9219681112347,390.9556136587371,367.23924459596833,370.08758544921875,34458800,0.0,0.0
2026-03-09 00:00:00-04:00,363.75121121460063,389.7762822955878,357.46484133968016,389.0966796875,35547200,0.0,0.0
2026-03-10 00:00:00-04:00,393.7839979982904,415.0717677060177,393.414215117463,402.8787536621094,33745400,0.0,0.0
2026-03-11 00:00:00-04:00,410.53435883479557,422.507497721878,405.55723503454624,418.4498291015625,30191400,0.0,0.0
2026-03-12 00:00:00-04:00,409.7647884145985,413.49265954288353,396.4424490795891,405.1174621582031,31720900,0.0,0.0
2026-03-13 00:00:00-04:00,413.51268551318486,429.1037439249959,412.76311569050233,425.8855895996094,39261000,0.0,0.0
2026-03-16 00:00:00-04:00,445.90408477349564,454.5990761239972,437.4989051179596,441.54656982421875,43067600,0.0,0.0
2026-03-17 00:00:00-04:00,452.2803956477197,462.464552294265,444.88464697556566,461.4251403808594,43017900,0.0,0.0
2026-03-18 00:00:00-04:00,464.4934096077029,471.0696217040618,458.03709329569284,461.46514892578125,58973700,0.0,0.0
2026-03-19 00:00:00-04:00,424.7262202254473,456.95772024409706,420.8684186267436,444.01513671875,74591900,0.0,0.0
2026-03-20 00:00:00-04:00,443.6653716790131,448.8423930033044,415.1217262287037,422.65740966796875,64224900,0.0,0.0
2026-03-23 00:00:00-04:00,425.90552375147496,444.0151239422344,401.2896484027503,404.1180419921875,54807300,0.0,0.0
2026-03-24 00:00:00-04:00,401.0498330246347,404.7477229826018,388.68693307608254,395.3031311035156,44975100,0.0,0.0
2026-03-25 00:00:00-04:00,382.78030075097894,388.6969182975011,371.1669711800078,381.8708190917969,55328700,0.0,0.0
2026-03-26 00:00:00-04:00,369.80774961984406,374.0353343184194,349.79924385156124,355.256103515625,54515900,0.0,0.0
2026-03-27 00:00:00-04:00,359.6535760842338,368.48853245801337,353.8569150607854,357.0151062011719,45806700,0.0,0.0
2026-03-30 00:00:00-04:00,362.6042190325812,362.75418985689373,318.3510173743371,321.75048828125,73833200,0.15,0.0
2026-03-31 00:00:00-04:00,321.6205585497994,337.7880554199219,311.442100475299,337.7880554199219,73551800,0.0,0.0
2026-04-01 00:00:00-04:00,348.85633726392524,377.831890789038,342.94724262880413,367.7934265136719,74429800,0.0,0.0
2026-04-02 00:00:00-04:00,341.28749103387474,366.88355931551865,340.1476822566628,366.18365478515625,51498700,0.0,0.0
2026-04-06 00:00:00-04:00,373.742491438278,385.0207551752209,370.55297966973916,377.701904296875,41414900,0.0,0.0
2026-04-07 00:00:00-04:00,374.07246056759936,379.1916681868341,364.04400448577076,377.52191162109375,40224100,0.0,0.0
2026-04-08 00:00:00-04:00,415.06615180551705,415.9360131047082,398.8186512936144,406.6674499511719,49216600,0.0,0.0
2026-04-09 00:00:00-04:00,407.5473035457694,423.87480942392403,398.378730785287,421.4451904296875,43101000,0.0,0.0
2026-04-10 00:00:00-04:00,420.2253879207372,423.7948158346493,409.98694159720065,420.52532958984375,36377600,0.0,0.0
2026-04-13 00:00:00-04:00,416.4059702509256,426.8143734072892,408.43719439316766,426.4944152832031,37015800,0.0,0.0
2026-04-14 00:00:00-04:00,434.2832257109763,465.7083860920208,424.79466402959326,465.5884094238281,52534900,0.0,0.0
2026-04-15 00:00:00-04:00,457.5596296769996,463.87866509856457,439.25244786438594,456.15985107421875,40370100,0.0,0.0
2026-04-16 00:00:00-04:00,452.89033559558965,462.2688980280435,444.31166844744615,457.1596984863281,33626400,0.0,0.0
2026-04-17 00:00:00-04:00,466.77821786855947,470.8975794478363,452.1304767239016,455.0000305175781,33405000,0.0,0.0
2026-04-20 00:00:00-04:00,458.17951836169027,464.4885454042651,435.83294982510625,448.3510437011719,32013600,0.0,0.0
2026-04-21 00:00:00-04:00,451.250617253604,457.7496178840842,441.232138291909,449.3109130859375,27734000,0.0,0.0
2026-04-22 00:00:00-04:00,462.85881612563526,491.90436792911254,458.4894929052389,487.4050598144531,45998100,0.0,0.0
2026-04-23 00:00:00-04:00,482.2058465155727,493.54409928872667,471.7274468681773,481.64593505859375,38178000,0.0,0.0
2026-04-24 00:00:00-04:00,495.8437509516432,506.9120254195625,489.28473167521884,496.64361572265625,35379600,0.0,0.0
2026-04-27 00:00:00-04:00,510.4814625795857,531.2782508923513,509.9415370994553,524.4793090820312,41298800,0.0,0.0
2026-04-28 00:00:00-04:00,503.4625787071371,518.7502360925458,488.15493538178663,504.21246337890625,44816600,0.0,0.0
2026-04-29 00:00:00-04:00,525.9191288334299,530.938376549403,508.72176108467283,518.3803100585938,36248500,0.0,0.0
2026-04-30 00:00:00-04:00,529.6585268720199,535.4176508639232,502.5026998725388,517.0804443359375,36554400,0.0,0.0
2026-05-01 00:00:00-04:00,511.701303890077,545.8260301905997,510.13153798121783,542.1266479492188,40215300,0.0,0.0
2026-05-04 00:00:00-04:00,560.5137893132991,592.7088511115685,557.6742601074695,576.3613891601562,46043700,0.0,0.0
2026-05-05 00:00:00-04:00,609.6862575628963,651.6397659140443,605.3768617682681,640.1015625,64268500,0.0,0.0
2026-05-06 00:00:00-04:00,660.2684733246462,667.567338856077,627.4835362552068,666.487548828125,55725800,0.0,0.0
2026-05-07 00:00:00-04:00,649.7300987842582,682.9849944681508,635.3222803012311,646.5305786132812,47527500,0.0,0.0
2026-05-08 00:00:00-04:00,676.3459662365216,747.0950922801325,676.1060129154682,746.6951293945312,65130900,0.0,0.0
2026-05-11 00:00:00-04:00,792.858027429677,818.5440789846186,767.8818886525323,795.2077026367188,70972900,0.0,0.0
2026-05-12 00:00:00-04:00,774.5809049006259,782.6396632639393,706.491338412229,766.462158203125,73743000,0.0,0.0
2026-05-13 00:00:00-04:00,813.0349112689491,814.8246750281264,779.3500902617413,803.5064086914062,54875100,0.0,0.0
2026-05-14 00:00:00-04:00,787.4988861690728,811.8751422431137,775.5107395840645,775.8906860351562,42142700,0.0,0.0
2026-05-15 00:00:00-04:00,732.4573405930316,749.474742504196,718.8894202889641,724.5485229492188,48519000,0.0,0.0
2026-05-18 00:00:00-04:00,750.3446270815475,756.8835994856332,663.1480150050809,681.4351806640625,60042500,0.0,0.0
2026-05-19 00:00:00-04:00,665.4776931146919,725.8384071571451,652.1097534544188,698.632568359375,61792100,0.0,0.0
2026-05-20 00:00:00-04:00,734.8470164803746,735.566876482725,700.5522415362531,731.87744140625,48827400,0.0,0.0
2026-05-21 00:00:00-04:00,736.2467558691484,764.7824063528074,732.0874224003402,761.9827880859375,42461500,0.0,0.0
2026-05-22 00:00:00-04:00,756.703633887413,780.0800437126234,747.0851180015923,750.884521484375,36002900,0.0,0.0
2026-05-26 00:00:00-04:00,820.373834573117,916.6590146524127,820.1738531212661,895.7422485351562,76560800,0.0,0.0
2026-05-27 00:00:00-04:00,955.5130216924548,956.0129448076547,888.0134539398174,928.2672119140625,72295700,0.0,0.0
2026-05-28 00:00:00-04:00,929.6870178621832,949.3439674852925,904.6408825248693,923.3779907226562,49694300,0.0,0.0
2026-05-29 00:00:00-04:00,956.8528605185135,980.849170500169,940.3654056327412,970.8507080078125,60498600,0.0,0.0
2026-06-01 00:00:00-04:00,1009.5647539871434,1046.8090278226243,1009.344817098473,1035.3408203125,46552100,0.0,0.0
2026-06-02 00:00:00-04:00,1049.8384727869006,1076.3944455023225,1017.0435307945203,1063.936279296875,47555400,0.0,0.0
2026-06-03 00:00:00-04:00,1078.844080247331,1089.1225286874078,1038.3403000869419,1079.4039306640625,40324200,0.0,0.0
2026-06-04 00:00:00-04:00,1006.9451317330635,1036.2106509339512,971.5305947237666,995.8468627929688,54917200,0.0,0.0
2026-06-05 00:00:00-04:00,944.2547879371384,961.7420884378228,863.8771362304688,863.8771362304688,77250500,0.0,0.0
2026-06-08 00:00:00-04:00,938.1257167401803,962.8019137156274,916.3590453651269,949.134033203125,54097800,0.0,0.0
2026-06-09 00:00:00-04:00,988.0280306394972,988.9979132065755,854.218593891356,935.74609375,73448600,0.0,0.0
2026-06-10 00:00:00-04:00,904.9908214103338,957.3327470461569,883.1141810553139,891.7428588867188,55712600,0.0,0.0
2026-06-11 00:00:00-04:00,904.2309280744469,996.616743925406,895.3622969166971,995.7168579101562,59418900,0.0,0.0
2026-06-12 00:00:00-04:00,971.6605645390866,1012.4642868369024,960.0423562021971,981.4590454101562,40785200,0.0,0.0
2026-06-15 00:00:00-04:00,1055.7275939797146,1097.3011540611717,1051.338254618575,1087.8226318359375,44994600,0.0,0.0
2026-06-16 00:00:00-04:00,1099.5308285965202,1110.2292562771695,1019.8431344598333,1020.60302734375,45499800,0.0,0.0
2026-06-17 00:00:00-04:00,1061.136863835972,1093.5018817580628,1013.9840809607729,1043.029541015625,46149200,0.0,0.0
2026-06-18 00:00:00-04:00,1107.8994950196334,1149.2532401330302,1092.6219382580323,1133.8155517578125,64642500,0.0,0.0
2026-06-22 00:00:00-04:00,1196.036022632204,1213.3734440603093,1168.390250085504,1211.1937255859375,53140800,0.0,0.0
2026-06-23 00:00:00-04:00,1079.833915576653,1124.8269953923468,1038.3402975244019,1051.6082763671875,60243300,0.0,0.0
2026-06-24 00:00:00-04:00,1082.05353141983,1083.1533378357715,990.9475500402298,1048.3487548828125,68935700,0.0,0.0
2026-06-25 00:00:00-04:00,1232.810364629667,1254.8069810301963,1136.1352941340788,1213.3734130859375,82143900,0.0,0.0
2026-06-26 00:00:00-04:00,1138.9048461164418,1198.525684121708,1121.187599491604,1132.1558837890625,86405300,0.0,0.0
2026-06-29 00:00:00-04:00,1128.526353776065,1148.6133517516635,1023.492584008156,1145.1038818359375,60694100,0.0,0.0
2026-06-30 00:00:00-04:00,1144.55396024363,1168.500350785656,1124.4871000242297,1154.112548828125,42152600,0.0,0.0
2026-07-01 00:00:00-04:00,1081.8436734177803,1096.8313592555164,1032.0412720759573,1032.121337890625,51328100,0.0,0.0
2026-07-02 00:00:00-04:00,1041.3398351432643,1064.47629125389,950.1338925088278,975.4099731445312,61316900,0.0,0.0
2026-07-06 00:00:00-04:00,1007.0,1019.0,980.8499755859375,984.75,37115800,0.15,0.0
2026-07-07 00:00:00-04:00,923.010009765625,942.02001953125,891.6599731445312,938.3800048828125,52367500,0.0,0.0
2026-07-08 00:00:00-04:00,902.6400146484375,959.0,900.4099731445312,948.7999877929688,42979000,0.0,0.0
2026-07-09 00:00:00-04:00,1016.510009765625,1035.5,987.1300048828125,991.6400146484375,41110700,0.0,0.0
2026-07-10 00:00:00-04:00,964.97998046875,998.0,954.1300048828125,979.2999877929688,31768100,0.0,0.0
2026-07-13 00:00:00-04:00,929.0,943.5,902.5999755859375,937.0,35536200,0.0,0.0
2026-07-14 00:00:00-04:00,988.3800048828125,994.7999877929688,950.0700073242188,983.1199951171875,30835200,0.0,0.0
2026-07-15 00:00:00-04:00,975.8099975585938,978.4000244140625,873.6300048828125,904.280029296875,54779200,0.0,0.0
2026-07-16 00:00:00-04:00,866.77001953125,887.7100219726562,840.510009765625,853.2000122070312,46718000,0.0,0.0
2026-07-17 00:00:00-04:00,822.530029296875,903.9600219726562,804.0,848.9500122070312,63346300,0.0,0.0
2026-07-20 00:00:00-04:00,885.5700073242188,901.0,858.9000244140625,865.4600219726562,37705200,0.0,0.0
2026-07-21 00:00:00-04:00,925.3499755859375,982.8800048828125,916.5700073242188,970.8200073242188,49369000,0.0,0.0
2026-07-22 00:00:00-04:00,938.25,982.6199951171875,936.0599975585938,959.47998046875,31588600,0.0,0.0
2026-07-23 00:00:00-04:00,975.1300048828125,1011.77001953125,964.4000244140625,990.2100219726562,40196300,0.0,0.0
2026-07-24 00:00:00-04:00,959.030029296875,967.1400146484375,904.0,920.9500122070312,40803100,0.0,0.0
2026-07-27 00:00:00-04:00,932.4500122070312,935.0,854.7899780273438,900.2000122070312,47591200,0.0,0.0
2026-07-28 00:00:00-04:00,839.6099853515625,848.3599853515625,789.0900268554688,820.530029296875,61039300,0.0,0.0
2026-07-29 00:00:00-04:00,833.0,841.7999877929688,737.8800048828125,739.0,69846000,0.0,0.0
2026-07-30 00:00:00-04:00,793.1400146484375,882.5,789.0,874.6599731445312,63075300,0.0,0.0
2026-07-31 00:00:00-04:00,919.6500244140625,930.8800048828125,818.0,823.030029296875,54538600,0.0,0.0
2026-08-03 00:00:00-04:00,786.3599853515625,836.6199951171875,770.0999755859375,829.5,42607100,0.0,0.0
2026-08-04 00:00:00-04:00,866.8200073242188,902.4299926757812,858.5,892.6699829101562,37478600,0.0,0.0
2026-08-05 00:00:00-04:00,885.2999877929688,928.97998046875,881.2000122070312,893.1900024414062,34720300,0.0,0.0
2026-08-06 00:00:00-04:00,843.1099853515625,913.3300170898438,827.0,881.469970703125,35784100,0.0,0.0
2026-08-07 00:00:00-04:00,903.5999755859375,904.7999877929688,847.02001953125,877.5700073242188,34568500,0.0,0.0
2026-08-10 00:00:00-04:00,863.6699829101562,894.989990234375,854.4000244140625,861.0,27818600,0.0,0.0
2026-08-11 00:00:00-04:00,871.7999877929688,879.0,844.6199951171875,868.52001953125,29438300,0.0,0.0
2026-08-12 00:00:00-04:00,912.9400024414062,935.7999877929688,899.5399780273438,911.2899780273438,36804900,0.0,0.0
2026-08-13 00:00:00-04:00,912.8900146484375,978.0,906.5,949.8300170898438,36704700,0.0,0.0
2026-08-14 00:00:00-04:00,979.3200073242188,984.0,956.2000122070312,971.6599731445312,27881100,0.0,0.0
2026-08-17 00:00:00-04:00,999.5499877929688,1036.1300048828125,995.260009765625,1011.75,33430500,0.0,0.0
2026-08-18 00:00:00-04:00,957.0999755859375,978.6699829101562,926.6400146484375,940.760009765625,37306000,0.0,0.0
2026-08-19 00:00:00-04:00,959.3599853515625,960.0,915.1799926757812,937.1099853515625,26901900,0.0,0.0
2026-08-20 00:00:00-04:00,935.010009765625,977.280029296875,929.0700073242188,974.3300170898438,25212200,0.0,0.0
2026-08-21 00:00:00-04:00,989.6799926757812,989.9600219726562,958.260009765625,966.780029296875,21823400,0.0,0.0
2026-08-24 00:00:00-04:00,934.780029296875,936.4500122070312,887.6099853515625,910.4299926757812,30012600,0.0,0.0
2026-08-25 00:00:00-04:00,928.97998046875,946.6699829101562,916.2999877929688,932.969970703125,19163200,0.0,0.0
2026-08-26 00:00:00-04:00,925.739990234375,945.75,924.5999755859375,938.4000244140625,18721700,0.0,0.0
2026-08-27 00:00:00-04:00,967.010009765625,968.7100219726562,906.8900146484375,935.3900146484375,28838500,0.0,0.0
2026-08-28 00:00:00-04:00,919.2899780273438,946.7999877929688,909.0900268554688,932.8599853515625,22890100,0.0,0.0
2026-08-31 00:00:00-04:00,931.3900146484375,959.969970703125,930.7899780273438,958.72998046875,22569500,0.0,0.0
2026-09-01 00:00:00-04:00,941.1300048828125,969.4400024414062,922.3900146484375,933.4400024414062,27762200,0.0,0.0
2026-09-02 00:00:00-04:00,930.8300170898438,958.0,927.1599731445312,956.0800170898438,21440500,0.0,0.0
2026-09-03 00:00:00-04:00,956.9099731445312,959.760009765625,918.8800048828125,958.1599731445312,24175900,0.0,0.0
2026-09-04 00:00:00-04:00,971.3400268554688,1017.77001953125,969.0,1016.5900268554688,35249500,0.0,0.0
2026-09-08 00:00:00-04:00,1036.4000244140625,1041.0699462890625,997.6199951171875,1000.260009765625,26604900,0.0,0.0
2026-09-09 00:00:00-04:00,998.8099975585938,1042.4000244140625,992.2899780273438,1027.77001953125,23812000,0.0,0.0
2026-09-10 00:00:00-04:00,997.0,999.0,973.5,977.4099731445312,26230400,0.0,0.0
2026-09-11 00:00:00-04:00,993.2000122070312,993.989990234375,967.3800048828125,975.260009765625,21740300,0.0,0.0
2026-09-14 00:00:00-04:00,906.030029296875,932.2100219726562,902.5999755859375,924.030029296875,27141900,0.0,0.0
2026-09-15 00:00:00-04:00,937.5,944.9400024414062,920.1300048828125,927.5999755859375,20434700,0.0,0.0
2026-09-16 00:00:00-04:00,934.22998046875,941.2000122070312,917.6400146484375,926.5499877929688,20213000,0.0,0.0
2026-09-17 00:00:00-04:00,954.5700073242188,986.2000122070312,953.5,977.5,22091600,0.0,0.0
2026-09-18 00:00:00-04:00,984.719970703125,1016.4400024414062,977.8300170898438,1015.7999877929688,35803500,0.0,0.0
2026-09-21 00:00:00-04:00,1044.989990234375,1064.489990234375,1030.6800537109375,1043.9599609375,28174400,0.0,0.0
2026-09-22 00:00:00-04:00,1032.8499755859375,1097.25,1030.02001953125,1096.1600341796875,29189700,0.0,0.0
2026-09-23 00:00:00-04:00,1100.0699462890625,1105.5,1064.25,1071.8800048828125,21572800,0.0,0.0
2026-09-24 00:00:00-04:00,1049.75,1081.0400390625,1044.0,1080.530029296875,22069900,0.0,0.0
2026-09-25 00:00:00-04:00,,,,,20493572,0.0,0.0
