Date,Open,High,Low,Close,Volume,Dividends,Stock Splits
2021-09-13 00:00:00-04:00,22.584525817265025,22.863298640935614,21.76214779147206,22.054859161376953,297500000,0.0,0.0
2021-09-14 00:00:00-04:00,22.177318823418137,22.311727046467276,21.989148450540036,22.14446449279785,199755000,0.0,0.0
2021-09-15 00:00:00-04:00,22.21116747444568,22.268913686849235,21.86967123574188,22.243026733398438,166538000,0.0,0.0
2021-09-16 00:00:00-04:00,22.085723205642353,22.179310858145648,21.830845305683194,22.14446449279785,156033000,0.0,0.0
2021-09-17 00:00:00-04:00,22.202204344488806,22.223112159489396,21.734266176153632,21.803958892822266,294503000,0.0,0.0
2021-09-20 00:00:00-04:00,21.053268680937446,21.33901075751113,20.57139190308022,21.020414352416992,349440000,0.0,0.0
2021-09-21 00:00:00-04:00,21.323081688701794,21.33104602969822,20.858130525552628,21.15283203125,204688000,0.0,0.0
2021-09-22 00:00:00-04:00,21.272302669855954,21.86369765838028,21.103048096770816,21.84478187561035,268726000,0.0,0.0
2021-09-23 00:00:00-04:00,22.042904567100518,22.43617275293961,21.794000940465747,22.383405685424805,248555000,0.0,0.0
2021-09-24 00:00:00-04:00,21.973217562960425,22.0518716003552,21.765134441649685,21.984169006347656,217655000,0.0,0.0
2021-09-27 00:00:00-04:00,21.61479768356571,21.703408104868426,21.23148763384745,21.565017700195312,245215000,0.0,0.0
2021-09-28 00:00:00-04:00,21.1209676506168,21.325068556326013,20.560435036406435,20.608224868774414,343069000,0.0,0.0
2021-09-29 00:00:00-04:00,20.848170149177676,20.92483213876471,20.3772429721725,20.427024841308594,218394000,0.0,0.0
2021-09-30 00:00:00-04:00,20.676924594998866,20.97361809338779,20.59727549936959,20.625152587890625,221009000,0.0,0.0
2021-10-01 00:00:00-04:00,20.659005371326064,20.767526631043445,20.11440324016766,20.65104103088379,240978000,0.0,0.0
2021-10-04 00:00:00-04:00,20.414085560020563,20.451919028744175,19.46924770779128,19.645471572875977,345635000,0.0,0.0
2021-10-05 00:00:00-04:00,19.86251239664923,20.557451354715955,19.766932724840515,20.36131477355957,279282000,0.0,0.0
2021-10-06 00:00:00-04:00,20.03176974378131,20.629137078715868,19.99194424199397,20.60922622680664,297202000,0.0,0.0
2021-10-07 00:00:00-04:00,20.999505841929384,21.228498682857182,20.880033132647856,20.982582092285156,256919000,0.0,0.0
2021-10-08 00:00:00-04:00,21.008463306809464,21.113002383054678,20.683892737623648,20.739646911621094,151258000,0.0,0.0
2021-10-11 00:00:00-04:00,20.48477154135317,20.970630442278978,20.42105112712711,20.604244232177734,163388000,0.0,0.0
2021-10-12 00:00:00-04:00,20.736663894521275,20.964659771807728,20.437980218130104,20.580352783203125,162134000,0.0,0.0
2021-10-13 00:00:00-04:00,20.826267780379947,20.897952540851815,20.622166840732383,20.84717559814453,180652000,0.0,0.0
2021-10-14 00:00:00-04:00,21.194643109467265,21.659594172572046,21.029370725954077,21.650634765625,243589000,0.0,0.0
2021-10-15 00:00:00-04:00,21.71435462616983,21.834824285475865,21.56700484536949,21.76612663269043,226994000,0.0,0.0
2021-10-18 00:00:00-04:00,21.653624540532604,22.19324752272249,21.5490835543678,22.124549865722656,189494000,0.0,0.0
2021-10-19 00:00:00-04:00,22.178312668438,22.280861623084096,21.940362329321403,22.19225311279297,161473000,0.0,0.0
2021-10-20 00:00:00-04:00,22.207188763908334,22.334627718556206,21.885605224072492,22.006074905395508,146276000,0.0,0.0
2021-10-21 00:00:00-04:00,22.00009915262171,22.611406925381793,21.986160606952357,22.59248924255371,187590000,0.0,0.0
2021-10-22 00:00:00-04:00,22.72291370384328,23.028566619385316,22.462063524678783,22.626338958740234,249384000,0.0,0.0
2021-10-25 00:00:00-04:00,22.87226051368251,23.25258537246077,22.670151571513273,23.064414978027344,230235000,0.0,0.0
2021-10-26 00:00:00-04:00,23.883798283752366,25.14822924579052,23.81908280486491,24.608604431152344,485898000,0.0,0.0
2021-10-27 00:00:00-04:00,24.36667464722999,24.97997251638669,24.175515291453934,24.343774795532227,245990000,0.0,0.0
2021-10-28 00:00:00-04:00,24.768903437739628,24.840588199418896,24.41546066539416,24.831626892089844,234204000,0.0,0.0
2021-10-29 00:00:00-04:00,24.89136187149755,25.596257241681755,24.890366803732874,25.454879760742188,292503000,0.0,0.0
2021-11-01 00:00:00-04:00,25.53652048764444,25.78044501501722,25.116370221539132,25.7137393951416,265740000,0.0,0.0
2021-11-02 00:00:00-04:00,25.70876724972974,26.56101256170564,25.68686246202582,26.285226821899414,294112000,0.0,0.0
2021-11-03 00:00:00-04:00,26.55304424185898,26.666544637188032,26.11995237716791,26.481359481811523,239910000,0.0,0.0
2021-11-04 00:00:00-04:00,27.109594976799624,31.22745739408231,26.999081675284867,29.670316696166992,1153631000,0.0,0.0
2021-11-05 00:00:00-04:00,30.054618542304095,31.26229841246148,29.28102556401493,29.62152671813965,851260000,0.0,0.0
2021-11-08 00:00:00-05:00,30.016784643098717,30.963614337249158,29.7758453334055,30.668912887573242,503101000,0.0,0.0
2021-11-09 00:00:00-05:00,32.14043393327905,32.16831102221569,29.832598362114123,30.522558212280273,646746000,0.0,0.0
2021-11-10 00:00:00-05:00,29.22727165268206,30.714719784134914,28.65180522750998,29.329818725585938,636206000,0.0,0.0
2021-11-11 00:00:00-05:00,30.334390000111334,30.455854738894605,29.646420236957336,30.256731033325195,332172000,0.0,0.0
2021-11-12 00:00:00-05:00,29.878398271524592,30.5454602165024,29.500063610739595,30.256731033325195,413054000,0.0,0.0
2021-11-15 00:00:00-05:00,30.4180228502872,30.50961846828987,29.11874525657836,29.893333435058594,384909000,0.0,0.0
2021-11-16 00:00:00-05:00,29.62850151207324,30.25673306637881,29.57573253019145,30.070552825927734,264484000,0.0,0.0
2021-11-17 00:00:00-05:00,30.28460468714921,30.37520712128107,28.673700206648128,29.132678985595703,428508000,0.0,0.0
2021-11-18 00:00:00-05:00,32.22506137050019,32.61633569675382,31.183646972782004,31.536094665527344,781711000,0.0,0.0
2021-11-19 00:00:00-05:00,32.10160442864808,32.94290005570085,31.765087317217567,32.84035110473633,533867000,0.0,0.0
2021-11-22 00:00:00-05:00,33.37001612006789,34.49506179185787,31.76010847564054,31.81586265563965,754335000,0.0,0.0
2021-11-23 00:00:00-05:00,31.39671157119762,32.218094514763855,30.744583214227514,31.606786727905273,532163000,0.0,0.0
2021-11-24 00:00:00-05:00,31.323032237725272,32.71091813220103,30.792368699348174,32.53071212768555,435162000,0.0,0.0
2021-11-26 00:00:00-05:00,32.45704054958605,32.56655878387352,31.212523964338434,31.364852905273438,283069000,0.0,0.0
2021-11-29 00:00:00-05:00,32.224075324268114,33.26548621557435,31.895520560316285,33.229644775390625,454964000,0.0,0.0
2021-11-30 00:00:00-05:00,33.02354533082021,33.20674036434526,31.72426963928221,32.53270721435547,622066000,0.0,0.0
2021-12-01 00:00:00-05:00,33.07737601000796,33.1470772684117,31.24621379716434,31.300979614257812,484368000,0.004,0.0
2021-12-02 00:00:00-05:00,31.080912966453827,32.339523564555485,30.892717730635972,31.989023208618164,472890000,0.0,0.0
2021-12-03 00:00:00-05:00,31.863572220980746,31.99202385703251,30.001543883661746,30.562145233154297,544325000,0.0,0.0
2021-12-06 00:00:00-05:00,29.75261482398306,30.11207587047185,27.91846857573194,29.908946990966797,658938000,0.0,0.0
2021-12-07 00:00:00-05:00,30.825026722109563,32.310666695449044,30.520329586656192,32.28875732421875,593053000,0.0,0.0
2021-12-08 00:00:00-05:00,31.86257802352817,32.15233775708551,31.287041214384153,31.69031524658203,475551000,0.0,0.0
2021-12-09 00:00:00-05:00,31.59870601970093,32.067700548302355,30.29827420147728,30.360010147094727,488507000,0.0,0.0
2021-12-10 00:00:00-05:00,31.017194834238797,31.171534691574287,29.733690792322534,30.06925392150879,488825000,0.0,0.0
2021-12-13 00:00:00-05:00,30.120038719143704,30.16484694472882,27.99613110546957,28.040939331054688,598344000,0.0,0.0
2021-12-14 00:00:00-05:00,27.580909846868153,28.555736152702433,27.13382466783278,28.216190338134766,667035000,0.0,0.0
2021-12-15 00:00:00-05:00,28.27891988260038,30.369967183258264,27.71931562363803,30.32914161682129,698297000,0.0,0.0
2021-12-16 00:00:00-05:00,31.01918703981043,31.027152355261656,27.97322876019045,28.265974044799805,707366000,0.0,0.0
2021-12-17 00:00:00-05:00,27.865689688111814,28.79869516682683,27.64164857062036,27.68247413635254,713758000,0.0,0.0
2021-12-20 00:00:00-05:00,27.188584182660335,28.024005867332622,27.029266501944093,27.600818634033203,461847000,0.0,0.0
2021-12-21 00:00:00-05:00,28.25303247287371,28.995852308207283,27.284179231128302,28.9510440826416,524385000,0.0,0.0
2021-12-22 00:00:00-05:00,28.767829354035246,29.42899807324993,28.327712401555452,29.274658203125,395184000,0.0,0.0
2021-12-23 00:00:00-05:00,29.628143214986842,29.93084800774143,29.30552513261703,29.513633728027344,343022000,0.0,0.0
2021-12-27 00:00:00-05:00,29.53354885530447,30.95446509890773,29.51363366651382,30.81307029724121,403686000,0.0,0.0
2021-12-28 00:00:00-05:00,31.17850318637374,31.19642609485194,29.884044529382255,30.192724227905273,420591000,0.0,0.0
2021-12-29 00:00:00-05:00,30.143940036691394,30.41776726936443,29.240805294787176,29.873098373413086,343139000,0.0,0.0
2021-12-30 00:00:00-05:00,29.699829641204623,30.327144644637247,29.414054536704782,29.459857940673828,308864000,0.0,0.0
2021-12-31 00:00:00-05:00,29.547485577861092,29.90196867896362,29.205947537847756,29.285606384277344,266530000,0.0,0.0
2022-01-03 00:00:00-05:00,29.687885277671324,30.580065120512547,29.65801249794872,29.99258041381836,391547000,0.0,0.0
2022-01-04 00:00:00-05:00,30.14791442477698,30.338100081012925,28.22813495488004,29.165122985839844,527154000,0.0,0.0
2022-01-05 00:00:00-05:00,28.825579893631648,29.290589869699456,27.415618321755158,27.48631477355957,498064000,0.0,0.0
2022-01-06 00:00:00-05:00,27.522158750832368,28.316756884231587,26.94961135088401,28.057865142822266,454186000,0.0,0.0
2022-01-07 00:00:00-05:00,28.0210201528697,28.30082223175301,26.94164030769967,27.130830764770508,409939000,0.0,0.0
2022-01-10 00:00:00-05:00,26.467679186121405,27.351893948324527,25.53467353356285,27.283187866210938,594681000,0.0,0.0
2022-01-11 00:00:00-05:00,27.206509077115893,27.945346157388915,26.724573342620975,27.698402404785156,404089000,0.0,0.0
2022-01-12 00:00:00-05:00,27.947340025615873,28.47308885587238,27.490297267388375,27.87963104248047,383413000,0.0,0.0
2022-01-13 00:00:00-05:00,28.25801429638113,28.35858354582887,26.38503286311263,26.461706161499023,540171000,0.0,0.0
2022-01-14 00:00:00-05:00,26.187871987265602,27.081048984239747,26.098255540756934,26.82713508605957,395832000,0.0,0.0
2022-01-18 00:00:00-05:00,26.14804463261415,26.524433344257982,25.660133902473458,25.792566299438477,424270000,0.0,0.0
2022-01-19 00:00:00-05:00,25.967813271965568,26.42983381864652,24.94519143672525,24.960126876831055,488315000,0.0,0.0
2022-01-20 00:00:00-05:00,25.196122322501015,25.469949535319014,23.975347395495497,24.047040939331055,435181000,0.0,0.0
2022-01-21 00:00:00-05:00,23.406779692719766,24.717169013281726,23.163820484440176,23.27434730529785,718958000,0.0,0.0
2022-01-24 00:00:00-05:00,22.234796834896894,23.280319440924885,20.798945308150216,23.272354125976562,913982000,0.0,0.0
2022-01-25 00:00:00-05:00,22.44987442301741,22.845183070459672,21.906202770713605,22.22882080078125,664616000,0.0,0.0
2022-01-26 00:00:00-05:00,23.140916602745857,23.954432781138927,22.20492373788374,22.674911499023438,755959000,0.0,0.0
2022-01-27 00:00:00-05:00,23.46752162349448,23.89270120895478,21.582590638157097,21.850444793701172,573353000,0.0,0.0
2022-01-28 00:00:00-05:00,21.91814783867221,22.760541465773002,21.20520100162781,22.742618560791016,543774000,0.0,0.0
2022-01-31 00:00:00-05:00,23.083165646073763,24.404509712140047,22.953720720505,24.381607055664062,564680000,0.0,0.0
2022-02-01 00:00:00-05:00,24.996971847725337,25.03779741322022,23.78814690915183,24.532958984375,518925000,0.0,0.0
2022-02-02 00:00:00-05:00,25.68402691294979,25.706927666454995,24.448316839792206,25.134380340576172,543419000,0.0,0.0
2022-02-03 00:00:00-05:00,24.35372741378853,24.970087889771477,23.678618459668993,23.845901489257812,410178000,0.0,0.0
2022-02-04 00:00:00-05:00,23.869801717451438,24.52997529527776,23.53125106732424,24.215322494506836,354829000,0.0,0.0
2022-02-07 00:00:00-05:00,24.26809450688,25.074640699200273,24.098819192519745,24.622577667236328,376868000,0.0,0.0
2022-02-08 00:00:00-05:00,24.255146434255927,25.12243327791411,23.877762561815906,25.000953674316406,410359000,0.0,0.0
2022-02-09 00:00:00-05:00,25.512765352949764,26.61106356618626,25.244913078299707,26.591148376464844,524282000,0.0,0.0
2022-02-10 00:00:00-05:00,25.884170067648316,26.81020337847118,25.49085371083087,25.713897705078125,513200000,0.0,0.0
2022-02-11 00:00:00-05:00,25.805512129420663,26.040506046365,23.671648776457072,23.84689712524414,605472000,0.0,0.0
2022-02-14 00:00:00-05:00,23.831959421608797,24.768947532154037,23.653721722186578,24.16353988647461,440424000,0.0,0.0
2022-02-15 00:00:00-05:00,24.84262993037753,26.43182609028829,24.67833439160507,26.38204002380371,699869000,0.0,0.0
2022-02-16 00:00:00-05:00,26.147049472381745,26.468672364813905,25.44306293139375,26.397974014282227,732676000,0.0,0.0
2022-02-17 00:00:00-05:00,25.5207287378447,25.675068597680315,24.06197633665846,24.402517318725586,810595000,0.0,0.0
2022-02-18 00:00:00-05:00,24.56283721859606,24.879482344142808,23.001522862265535,23.54121208190918,761255000,0.0,0.0
2022-02-22 00:00:00-05:00,22.93679145884349,23.961403708378384,22.90194083125501,23.2902774810791,633422000,0.0,0.0
2022-02-23 00:00:00-05:00,23.700523668904758,24.052019342712313,22.205923511795177,22.291555404663086,566511000,0.0,0.0
2022-02-24 00:00:00-05:00,20.925403538862675,23.698529751346676,20.800936466850946,23.646751403808594,735801000,0.0,0.0
2022-02-25 00:00:00-05:00,23.619866534863007,24.1137502356423,23.281315967911333,24.054006576538086,528866000,0.0,0.0
2022-02-28 00:00:00-05:00,23.88971413278726,24.559845228253224,23.605929341272788,24.281038284301758,477319000,0.0,0.0
2022-03-01 00:00:00-05:00,24.187438016478104,24.27307180434672,23.033378906753704,23.376907348632812,412056000,0.0,0.0
2022-03-02 00:00:00-05:00,23.658748421485516,24.309075054496567,23.31914479926627,24.120847702026367,389642000,0.004,0.0
2022-03-03 00:00:00-05:00,24.162677458354135,24.226416539633046,23.372924502534758,23.61692237854004,365095000,0.0,0.0
2022-03-04 00:00:00-05:00,23.288269861512525,23.583057606711368,22.389962101255723,22.842103958129883,431415000,0.0,0.0
2022-03-07 00:00:00-05:00,22.723592102393823,22.93870935454276,21.242680010670902,21.264589309692383,450821000,0.0,0.0
2022-03-08 00:00:00-05:00,21.22176551078603,22.281408900955046,20.56546292122889,21.425926208496094,557467000,0.0,0.0
2022-03-09 00:00:00-05:00,22.295352427006858,23.124942518382856,22.15592615939423,22.91978645324707,492742000,0.0,0.0
2022-03-10 00:00:00-05:00,22.43876567263354,22.694713569217846,21.792422296882368,22.56524658203125,428066000,0.0,0.0
2022-03-11 00:00:00-05:00,22.927755670439296,23.05025324732895,21.95575122647575,22.009531021118164,367209000,0.0,0.0
2022-03-14 00:00:00-04:00,21.77947065227046,22.17086141206027,21.072378211360963,21.242677688598633,385354000,0.0,0.0
2022-03-15 00:00:00-04:00,21.429910411009644,22.943688372057732,21.234713636338597,22.87895393371582,491996000,0.0,0.0
2022-03-16 00:00:00-04:00,23.403792965468472,24.49630206078878,23.07713665142216,24.395715713500977,671422000,0.0,0.0
2022-03-17 00:00:00-04:00,24.021260266549067,24.74030282145656,23.808135623978337,24.664615631103516,471941000,0.0,0.0
2022-03-18 00:00:00-04:00,24.69748098703601,26.460235655741535,24.523198138240513,26.344709396362305,730719000,0.0,0.0
2022-03-21 00:00:00-04:00,26.398487485905324,27.040847486368627,25.860697187971265,26.624557495117188,591727000,0.0,0.0
2022-03-22 00:00:00-04:00,26.617582876634945,27.126492498169284,25.965265566055862,26.415414810180664,547007000,0.0,0.0
2022-03-23 00:00:00-04:00,26.019048781115384,26.50305932852309,25.47030568855705,25.529064178466797,502120000,0.0,0.0
2022-03-24 00:00:00-04:00,26.058882339128612,28.204063653708854,25.800941854899072,28.034759521484375,877379000,0.0,0.0
2022-03-25 00:00:00-04:00,27.771838389654814,28.241906210807365,27.159356339542615,27.578632354736328,579016000,0.0,0.0
2022-03-28 00:00:00-04:00,27.642377303838558,28.134354526494057,27.094627668908103,28.10348129272461,425494000,0.0,0.0
2022-03-29 00:00:00-04:00,28.57753047133925,28.827502401169717,27.865457327415218,28.5386905670166,488984000,0.0,0.0
2022-03-30 00:00:00-04:00,28.188131660804462,28.379345100642087,27.390410153130244,27.576644897460938,463487000,0.0,0.0
2022-03-31 00:00:00-04:00,27.66826906522798,28.132361016808318,27.15836589385924,27.174299240112305,523440000,0.0,0.0
2022-04-01 00:00:00-04:00,27.26293373491524,27.38343868051935,26.1594698017538,26.60264778137207,517235000,0.0,0.0
2022-04-04 00:00:00-04:00,26.618582662321668,27.44518476682431,26.50405367248858,27.247995376586914,397120000,0.0,0.0
2022-04-05 00:00:00-04:00,27.14243427886192,27.207168730410956,25.714304404931934,25.82485008239746,436615000,0.0,0.0
2022-04-06 00:00:00-04:00,24.831926142575206,25.19642705051053,23.904737678545857,24.307083129882812,703833000,0.0,0.0
2022-04-07 00:00:00-04:00,24.340947967952697,24.620797799219233,23.381890771561523,24.108901977539062,557992000,0.0,0.0
2022-04-08 00:00:00-04:00,23.819090390264524,23.825066344638063,22.967590974113833,23.024356842041016,524781000,0.0,0.0
2022-04-11 00:00:00-04:00,22.12306125571871,22.228626311058377,21.57132836419141,21.8272762298584,575207000,0.0,0.0
2022-04-12 00:00:00-04:00,22.44473805178245,22.631968138584455,21.1948747421812,21.415966033935547,662258000,0.0,0.0
2022-04-13 00:00:00-04:00,21.639052358381548,22.40789137072251,21.367169228856223,22.112106323242188,516943000,0.0,0.0
2022-04-14 00:00:00-04:00,22.41286958131203,22.683757345759695,21.07636432042871,21.170974731445312,569097000,0.0,0.0
2022-04-18 00:00:00-04:00,21.113215008567124,21.997578418558497,20.99271005360588,21.693828582763672,525701000,0.0,0.0
2022-04-19 00:00:00-04:00,21.631086156894693,22.281412909495184,21.22674802485446,22.10713005065918,512781000,0.0,0.0
2022-04-20 00:00:00-04:00,22.42482103543778,22.57719456880331,21.11321307776146,21.394058227539062,468974000,0.0,0.0
2022-04-21 00:00:00-04:00,21.620132221860942,22.300336872596574,19.918128505755924,20.100379943847656,656209000,0.0,0.0
2022-04-22 00:00:00-04:00,20.219882348509838,20.402133738806455,19.42017020020564,19.435108184814453,624713000,0.0,0.0
2022-04-25 00:00:00-04:00,19.123396526251334,19.863355095723456,19.01783143884229,19.820531845092773,641566000,0.0,0.0
2022-04-26 00:00:00-04:00,19.637281368701824,19.706994507674615,18.593571203547693,18.711088180541992,653143000,0.0,0.0
2022-04-27 00:00:00-04:00,18.52186245193841,19.088533303599878,18.215124690050864,18.33961296081543,499460000,0.0,0.0
2022-04-28 00:00:00-04:00,18.88935141084662,19.95497260986267,18.41430488131408,19.70101547241211,570327000,0.0,0.0
2022-04-29 00:00:00-04:00,19.32257848055081,20.045606437706688,18.441200993626286,18.471078872680664,500435000,0.0,0.0
2022-05-02 00:00:00-04:00,18.46509589745595,19.493865971063627,18.3157103580548,19.453035354614258,572049000,0.0,0.0
2022-05-03 00:00:00-04:00,19.320582473628384,19.743843804731753,19.054675285256874,19.52175521850586,475751000,0.0,0.0
2022-05-04 00:00:00-04:00,19.841436712225097,20.31648318728987,18.67423393178185,20.25075340270996,648855000,0.0,0.0
2022-05-05 00:00:00-04:00,19.785669950252917,19.843431175196322,18.424265535645223,18.766857147216797,626331000,0.0,0.0
2022-05-06 00:00:00-04:00,18.65929999241693,19.432122333318322,17.916353624000763,18.598548889160156,633297000,0.0,0.0
2022-05-09 00:00:00-04:00,17.96016935355247,18.180263350543278,16.758110071792043,16.88060760498047,644455000,0.0,0.0
2022-05-10 00:00:00-04:00,17.616587170071877,18.12350429350738,16.955305773137006,17.522972106933594,761474000,0.0,0.0
2022-05-11 00:00:00-04:00,17.275985907406866,17.680323983243905,16.50017560428246,16.561920166015625,670167000,0.0,0.0
2022-05-12 00:00:00-04:00,16.152604222388675,16.719275153017346,15.503273835867764,16.108783721923828,708728000,0.0,0.0
2022-05-13 00:00:00-04:00,16.719276866807252,17.854609562915,16.52507542137206,17.63351821899414,670437000,0.0,0.0
2022-05-16 00:00:00-04:00,17.437326772978906,17.715184003331498,17.035976596007032,17.193328857421875,521446000,0.0,0.0
2022-05-17 00:00:00-04:00,18.00001156413309,18.295796644400493,17.561814118646062,18.102590560913086,585830000,0.0,0.0
2022-05-18 00:00:00-04:00,17.632518279068112,18.04382762467623,16.794961603480765,16.8686580657959,545161000,0.0,0.0
2022-05-19 00:00:00-04:00,16.867665016255632,17.614594729725628,16.665495022322716,17.05389976501465,621310000,0.0,0.0
2022-05-20 00:00:00-04:00,17.26104666528793,17.338726466049714,15.690502001783667,16.62565803527832,739105000,0.0,0.0
2022-05-23 00:00:00-04:00,16.207382606346638,16.845759419758544,16.112772172341696,16.828828811645508,639889000,0.0,0.0
2022-05-24 00:00:00-04:00,16.442417081048603,16.529060843009862,15.71540481837536,16.087873458862305,588550000,0.0,0.0
2022-05-25 00:00:00-04:00,15.954412300934388,17.040945196900292,15.934493727885009,16.905502319335938,781132000,0.0,0.0
2022-05-26 00:00:00-04:00,15.970353077975645,18.01793623253497,15.9564104502552,17.777923583984375,996575000,0.0,0.0
2022-05-27 00:00:00-04:00,18.11155027204223,18.80370475029721,18.025901901467446,18.733991622924805,738379000,0.0,0.0
2022-05-31 00:00:00-04:00,18.902301701134324,19.121402309598214,18.27488154857996,18.595563888549805,664100000,0.0,0.0
2022-06-01 00:00:00-04:00,18.647344266393155,18.974995901316028,18.047807688518343,18.244997024536133,544514000,0.0,0.0
2022-06-02 00:00:00-04:00,18.217115849128234,19.53868302922962,18.12350080401456,19.51179313659668,648656000,0.0,0.0
2022-06-03 00:00:00-04:00,19.003881477132655,19.252858009305765,18.446172677395946,18.643362045288086,598779000,0.0,0.0
2022-06-06 00:00:00-04:00,19.060648619208788,19.25783800037351,18.488001796850387,18.70909309387207,422406000,0.0,0.0
2022-06-07 00:00:00-04:00,18.396380279945216,18.92221865575563,18.113542511249516,18.848522186279297,388914000,0.0,0.0
2022-06-08 00:00:00-04:00,18.72599710190359,19.105518070674538,18.463022361325056,18.575584411621094,363252000,0.004,0.0
2022-06-09 00:00:00-04:00,18.409233910241724,18.859478331118886,17.97094202357339,17.977914810180664,395574000,0.0,0.0
2022-06-10 00:00:00-04:00,17.531651364648273,17.628274789966802,16.80348928209256,16.908082962036133,465248000,0.0,0.0
2022-06-13 00:00:00-04:00,15.9378697072585,16.248658440141707,15.54539961251888,15.586240768432617,604153000,0.0,0.0
2022-06-14 00:00:00-04:00,15.669912860368118,16.003612016416973,15.35215136745031,15.774505615234375,469680000,0.0,0.0
2022-06-15 00:00:00-04:00,16.032494699699694,16.802493483762905,15.864151334669703,16.462818145751953,563936000,0.0,0.0
2022-06-16 00:00:00-04:00,15.79841368067241,15.880095995991596,15.341196388689442,15.540419578552246,545749000,0.0,0.0
2022-06-17 00:00:00-04:00,15.587234197190497,15.932886820587377,15.268477150817528,15.818333625793457,630334000,0.0,0.0
2022-06-21 00:00:00-04:00,16.41102650097026,16.94195585735891,16.343289760595702,16.501672744750977,483089000,0.0,0.0
2022-06-22 00:00:00-04:00,16.16299022237989,16.59729794626429,16.117169323053933,16.296470642089844,437135000,0.0,0.0
2022-06-23 00:00:00-04:00,16.454851986991518,16.5205956784527,15.79143880496092,16.16199493408203,463680000,0.0,0.0
2022-06-24 00:00:00-04:00,16.435929188204064,17.07344340934076,16.24666644132576,17.059497833251953,472153000,0.0,0.0
2022-06-27 00:00:00-04:00,17.24477402510874,17.2627037776178,16.561437091028537,16.80349349975586,427968000,0.0,0.0
2022-06-28 00:00:00-04:00,16.834373533612357,17.135200852696613,15.883082065971653,15.919939041137695,461149000,0.0,0.0
2022-06-29 00:00:00-04:00,15.752592549454855,15.758568817578366,15.111093222281093,15.481648445129395,482352000,0.0,0.0
2022-06-30 00:00:00-04:00,15.301351073584014,15.506551472546047,14.804289165625038,15.100135803222656,686070000,0.0,0.0
2022-07-01 00:00:00-04:00,14.84114455708728,15.004507273555733,14.336113363533372,14.466604232788086,577610000,0.0,0.0
2022-07-05 00:00:00-04:00,14.119954807294123,14.912863251478607,14.000420913948414,14.905890464782715,651397000,0.0,0.0
2022-07-06 00:00:00-04:00,14.951711308169411,15.259511371588435,14.731568857330023,15.071245193481445,529066000,0.0,0.0
2022-07-07 00:00:00-04:00,15.39598259559198,15.883083111902556,15.329242378034209,15.79642105102539,492903000,0.0,0.0
2022-07-08 00:00:00-04:00,15.37008034446915,15.974723505760988,15.329239196682304,15.776495933532715,467972000,0.0,0.0
2022-07-11 00:00:00-04:00,15.465709825855997,15.466706345467303,14.97960489954158,15.093162536621094,437321000,0.0,0.0
2022-07-12 00:00:00-04:00,15.208713215824096,15.371080384780623,14.819231694264086,15.023435592651367,458483000,0.0,0.0
2022-07-13 00:00:00-04:00,14.53334264284129,15.315294091621414,14.408828056730547,15.10511302947998,521918000,0.0,0.0
2022-07-14 00:00:00-04:00,15.049333517821207,15.412915948428,14.670808992131683,15.312308311462402,456235000,0.0,0.0
2022-07-15 00:00:00-04:00,15.598192598861097,15.72071415365687,15.385022914971692,15.70079231262207,385935000,0.0,0.0
2022-07-18 00:00:00-04:00,16.23869663998441,16.83138547101321,15.939862350377403,16.038476943969727,670517000,0.0,0.0
2022-07-19 00:00:00-04:00,16.42198027766924,17.043557657032984,16.109200448917402,16.926015853881836,702366000,0.0,0.0
2022-07-20 00:00:00-04:00,16.881191075573774,17.863362252554914,16.73575812116985,17.737850189208984,760538000,0.0,0.0
2022-07-21 00:00:00-04:00,17.815549700814543,18.073542834559365,17.476869827222348,17.979907989501953,557049000,0.0,0.0
2022-07-22 00:00:00-04:00,17.823517582725398,17.897229633267205,17.07045276387724,17.251747131347656,536671000,0.0,0.0
2022-07-25 00:00:00-04:00,16.95291172337914,17.057505436276674,16.584349553933702,16.95789337158203,480748000,0.0,0.0
2022-07-26 00:00:00-04:00,16.823414211540268,16.85329839532214,16.414010963419933,16.46879768371582,397865000,0.0,0.0
2022-07-27 00:00:00-04:00,16.965862630194085,17.86635353894504,16.84732523587989,17.72092056274414,569776000,0.0,0.0
2022-07-28 00:00:00-04:00,17.90520156953599,18.069559869258693,17.372279182649145,17.914165496826172,474646000,0.0,0.0
2022-07-29 00:00:00-04:00,17.743827026455214,18.173153093615777,17.623296613411778,18.09246826171875,435460000,0.0,0.0
2022-08-01 00:00:00-04:00,18.111395452950937,18.77281848869698,17.920141583548578,18.3693904876709,476469000,0.0,0.0
2022-08-02 00:00:00-04:00,18.051629067336524,18.864460391381805,18.021744878238078,18.454059600830078,489527000,0.0,0.0
2022-08-03 00:00:00-04:00,18.11338707008379,18.8943430004141,18.06656870107235,18.81963348388672,418146000,0.0,0.0
2022-08-04 00:00:00-04:00,18.775804825428892,19.199153667911663,18.68714973891171,19.140382766723633,409652000,0.0,0.0
2022-08-05 00:00:00-04:00,18.736958353398986,19.154331957599457,18.593518416599398,18.915264129638672,386068000,0.0,0.0
2022-08-08 00:00:00-04:00,17.43403710855411,18.168174706690454,17.175046511530418,17.723905563354492,981859000,0.0,0.0
2022-08-09 00:00:00-04:00,17.18500523413819,17.379247676702683,16.659055765062003,17.019649505615234,668263000,0.0,0.0
2022-08-10 00:00:00-04:00,17.62927873105072,18.047647949674293,17.249757634884343,18.026729583740234,597422000,0.0,0.0
2022-08-11 00:00:00-04:00,18.06059689418251,18.634360468808346,17.806586008570317,17.872329711914062,509327000,0.0,0.0
2022-08-12 00:00:00-04:00,18.089480817540075,18.645314550682862,17.883283911712684,18.636348724365234,478094000,0.0,0.0
2022-08-15 00:00:00-04:00,18.628377746767622,19.089579103680688,18.540720134854304,18.958091735839844,457666000,0.0,0.0
2022-08-16 00:00:00-04:00,18.846530011794016,19.067668063926604,18.42915644764587,18.805688858032227,451240000,0.0,0.0
2022-08-17 00:00:00-04:00,18.451075096193428,18.61543340601533,18.074542628314358,18.263803482055664,446799000,0.0,0.0
2022-08-18 00:00:00-04:00,18.229932730472253,18.79174174116326,18.112390926823224,18.70009994506836,415447000,0.0,0.0
2022-08-19 00:00:00-04:00,18.33452802598433,18.448085673185464,17.700997988903634,17.779691696166992,441588000,0.0,0.0
2022-08-22 00:00:00-04:00,17.42208217251165,17.489818903609883,16.900116815044345,16.967853546142578,409593000,0.0,0.0
2022-08-23 00:00:00-04:00,16.92302685754724,17.397178237368543,16.904099637165128,17.114280700683594,369986000,0.0,0.0
2022-08-24 00:00:00-04:00,16.94593725189229,17.338408253803493,16.829392914726995,17.155122756958008,522661000,0.0,0.0
2022-08-25 00:00:00-04:00,16.778590073936765,17.877307466202186,16.76763310909007,17.84343910217285,770691000,0.0,0.0
2022-08-26 00:00:00-04:00,17.78766010205869,17.85439937298572,16.17394986366487,16.196861267089844,769127000,0.0,0.0
2022-08-29 00:00:00-04:00,15.957790614919103,16.27455462835807,15.705772821557588,15.739640235900879,496132000,0.0,0.0
2022-08-30 00:00:00-04:00,15.898025221954772,15.9767179755962,15.123046421676525,15.407936096191406,530181000,0.0,0.0
2022-08-31 00:00:00-04:00,15.324260876966457,15.479655236596056,14.900911041431531,15.03538703918457,573710000,0.0,0.0
2022-09-01 00:00:00-04:00,14.153823343963365,14.32415979672276,13.218470483091595,13.882880210876465,1178865000,0.0,0.0
2022-09-02 00:00:00-04:00,14.045248511057261,14.11597195898287,13.538224239518152,13.59400749206543,743157000,0.0,0.0
2022-09-06 00:00:00-04:00,13.677677973111567,13.72549190776808,13.29915352366988,13.412711143493652,535751000,0.0,0.0
2022-09-07 00:00:00-04:00,13.51434516456978,13.788359226981285,13.298123601257466,13.664803504943848,512657000,0.004,0.0
2022-09-08 00:00:00-04:00,13.410718326942437,13.957749643269011,13.321041981068236,13.939813613891602,624873000,0.0,0.0
2022-09-09 00:00:00-04:00,14.106215606366773,14.422078851833046,14.075327622967663,14.3353910446167,486612000,0.0,0.0
2022-09-12 00:00:00-04:00,14.31745676821465,14.49481775493603,14.147069690827237,14.45296859741211,484159000,0.0,0.0
2022-09-13 00:00:00-04:00,13.752489132610048,13.87205855128794,13.052010885075777,13.083895683288574,714956000,0.0,0.0
2022-09-14 00:00:00-04:00,13.206453364571683,13.242324471898772,12.866677036184084,13.08090591430664,588507000,0.0,0.0
2022-09-15 00:00:00-04:00,12.968313711994472,13.185531175680374,12.74412043844494,12.882621765136719,523625000,0.0,0.0
2022-09-16 00:00:00-04:00,12.696293036048875,13.164607373852498,12.571741421226356,13.150657653808594,670751000,0.0,0.0
2022-09-19 00:00:00-04:00,12.965320421842419,13.414702702985096,12.963327741144363,13.333992958068848,569685000,0.0,0.0
2022-09-20 00:00:00-04:00,13.167594240345288,13.43463249948038,13.010161038264972,13.12873363494873,524818000,0.0,0.0
2022-09-21 00:00:00-04:00,13.16560415413887,13.980669759694642,13.06297298523187,13.213431358337402,807679000,0.0,0.0
2022-09-22 00:00:00-04:00,13.023113598616863,13.101830672720805,12.383417402056564,12.515939712524414,759162000,0.0,0.0
2022-09-23 00:00:00-04:00,12.375447364597502,12.565762199000392,12.213031967666868,12.471102714538574,663309000,0.0,0.0
2022-09-26 00:00:00-04:00,12.446193464778984,12.61359104915648,12.170186671175692,12.184136390686035,547343000,0.0,0.0
2022-09-27 00:00:00-04:00,12.462135725855696,12.690314364148412,12.21402932430884,12.368473052978516,553854000,0.0,0.0
2022-09-28 00:00:00-04:00,12.365481627957845,12.777000185243523,12.309682759242014,12.690312385559082,542414000,0.0,0.0
2022-09-29 00:00:00-04:00,12.403346432766009,12.455159943744142,11.903147353863744,12.176164627075195,532763000,0.0,0.0
2022-09-30 00:00:00-04:00,12.043641657389104,12.587683536419725,12.031684619918396,12.095455169677734,565638000,0.0,0.0
2022-10-03 00:00:00-04:00,12.30271017308679,12.632523169207891,12.061577674019702,12.467118263244629,547478000,0.0,0.0
2022-10-04 00:00:00-04:00,12.832802061086015,13.172579431107973,12.832802061086015,13.119769096374512,584182000,0.0,0.0
2022-10-05 00:00:00-04:00,12.864686858561551,13.273215984590474,12.575727163303043,13.161617279052734,507131000,0.0,0.0
2022-10-06 00:00:00-04:00,13.172576390235374,13.607012205791838,13.05599552454441,13.08289909362793,644157000,0.0,0.0
2022-10-07 00:00:00-04:00,12.460141479897947,12.624549544676155,11.978874322115674,12.03268051147461,672478000,0.0,0.0
2022-10-10 00:00:00-04:00,11.993820717893747,12.080508526082841,11.367077348214593,11.628137588500977,698699000,0.0,0.0
2022-10-11 00:00:00-04:00,11.519527473651838,11.803504950434311,11.242524855590247,11.544438362121582,667482000,0.0,0.0
2022-10-12 00:00:00-04:00,11.537463030403634,11.69290259691748,11.304302255253075,11.458745956420898,492590000,0.0,0.0
2022-10-13 00:00:00-04:00,10.931646265654487,12.034675758311112,10.774213026112694,11.917098999023438,850103000,0.0,0.0
2022-10-14 00:00:00-04:00,12.013749105457423,12.067555297007958,11.163809311742797,11.186726570129395,713432000,0.0,0.0
2022-10-17 00:00:00-04:00,11.476680559836852,11.905138303672846,11.475684694532076,11.845353126525879,580774000,0.0,0.0
2022-10-18 00:00:00-04:00,12.299718771902551,12.447187622313416,11.57632328719115,11.924071311950684,659362000,0.0,0.0
2022-10-19 00:00:00-04:00,11.83638760168255,12.305698708951443,11.791548948755544,12.007770538330078,523131000,0.0,0.0
2022-10-20 00:00:00-04:00,12.069549247006899,12.723196239361652,12.061577571391497,12.150259017944336,652398000,0.0,0.0
2022-10-21 00:00:00-04:00,12.054600015489106,12.45316565230335,11.84435745216042,12.421279907226562,609494000,0.0,0.0
2022-10-24 00:00:00-04:00,12.46313123131559,12.664406275262714,12.02072372059677,12.553804397583008,517457000,0.0,0.0
2022-10-25 00:00:00-04:00,12.648465797577563,13.252291971392953,12.6185727259184,13.213431358337402,505482000,0.0,0.0
2022-10-26 00:00:00-04:00,12.82283740595862,13.339974778311161,12.662414686166759,12.849740028381348,532953000,0.0,0.0
2022-10-27 00:00:00-04:00,13.581105480931186,13.78835950903757,13.074927446921608,13.12873363494873,583113000,0.0,0.0
2022-10-28 00:00:00-04:00,13.056995159747698,13.800319496329138,13.014149183187982,13.78437614440918,521040000,0.0,0.0
2022-10-31 00:00:00-04:00,13.728575742782882,13.788360930226967,13.24930122851385,13.448583602905273,486341000,0.0,0.0
2022-11-01 00:00:00-04:00,13.7614593301717,13.875050727465137,13.470506926844779,13.494421005249023,432817000,0.0,0.0
2022-11-02 00:00:00-04:00,13.800317291584546,14.159025547914593,13.16360959020308,13.17158031463623,672628000,0.0,0.0
2022-11-03 00:00:00-04:00,12.99621185480263,13.731564388380816,12.909524051073214,13.372855186462402,500065000,0.0,0.0
2022-11-04 00:00:00-04:00,13.935830529915377,14.177958888937177,13.647866699718021,14.105220794677734,612576000,0.0,0.0
2022-11-07 00:00:00-05:00,14.176962450071352,14.360302439141222,13.903946098084313,14.249700546264648,410061000,0.0,0.0
2022-11-08 00:00:00-05:00,14.747905225291545,14.837582527688992,14.165003709961418,14.549619674682617,595292000,0.0,0.0
2022-11-09 00:00:00-05:00,14.111198522670565,14.160023489846735,13.709644264687311,13.726583480834961,454414000,0.0,0.0
2022-11-10 00:00:00-05:00,14.746911302518129,15.716420641158038,14.49481857705905,15.693503379821777,700819000,0.0,0.0
2022-11-11 00:00:00-05:00,15.75029472497801,16.33020665970529,15.426460807751228,16.268428802490234,655487000,0.0,0.0
2022-11-14 00:00:00-05:00,16.159822116780518,16.480667518589406,15.864883468839679,16.23654556274414,527852000,0.0,0.0
2022-11-15 00:00:00-05:00,16.662011477829804,16.937020425655504,16.323231044656243,16.606212615966797,545876000,0.0,0.0
2022-11-16 00:00:00-05:00,16.104024034799696,16.30330545087524,15.816060231495598,15.852927207946777,649547000,0.0,0.0
2022-11-17 00:00:00-05:00,15.65862661617727,16.20765063781741,15.479272015975031,15.620762825012207,710894000,0.0,0.0
2022-11-18 00:00:00-05:00,15.908725591523805,15.94459765168975,15.065760685221573,15.353724479675293,492072000,0.0,0.0
2022-11-21 00:00:00-05:00,15.092665143329405,15.421481294578124,15.025905097362354,15.262055397033691,404739000,0.0,0.0
2022-11-22 00:00:00-05:00,15.273016528487188,16.0003984171812,15.067755150531777,15.980469703674316,472866000,0.0,0.0
2022-11-23 00:00:00-05:00,16.040252289045704,16.467714217291594,15.990432410924427,16.459741592407227,427241000,0.0,0.0
2022-11-25 00:00:00-05:00,16.25946947410435,16.4278620079398,16.113993255254538,16.211641311645508,167934000,0.0,0.0
2022-11-28 00:00:00-05:00,15.968510119436205,16.298324023340506,15.668591183311177,15.770224571228027,303741000,0.0,0.0
2022-11-29 00:00:00-05:00,15.770225383983295,15.874849224323373,15.46432743853725,15.582900047302246,298384000,0.0,0.0
2022-11-30 00:00:00-05:00,15.644692293883454,16.873584309435355,15.54502609510109,16.866607666015625,565298000,0.004,0.0
2022-12-01 00:00:00-05:00,16.942353455622023,17.207465887298017,16.579566121809616,17.077899932861328,470977000,0.0,0.0
2022-12-02 00:00:00-05:00,16.603489123219873,16.876576265200864,16.390201516412013,16.819765090942383,371389000,0.0,0.0
2022-12-05 00:00:00-05:00,16.62342349091921,16.9383705081479,16.41711252133541,16.55465316772461,352255000,0.0,0.0
2022-12-06 00:00:00-05:00,16.474917069486207,16.517773048794822,15.766285923687203,15.93372631072998,352694000,0.0,0.0
2022-12-07 00:00:00-05:00,15.719439562652788,16.132060402442626,15.614788984616984,16.066280364990234,372388000,0.0,0.0
2022-12-08 00:00:00-05:00,16.218777273371813,17.121758517727503,15.905822476444317,17.111791610717773,515456000,0.0,0.0
2022-12-09 00:00:00-05:00,17.102819869864998,17.5244106979877,16.918436852955416,16.94434928894043,465338000,0.0,0.0
2022-12-12 00:00:00-05:00,16.98023035941477,17.479560391399467,16.74103030994318,17.47657012939453,457328000,0.0,0.0
2022-12-13 00:00:00-05:00,18.469247954138357,18.727385645434474,17.65198080321333,18.011777877807617,656589000,0.0,0.0
2022-12-14 00:00:00-05:00,17.927061390913362,18.191179623464766,17.36195136904166,17.61510467529297,496888000,0.0,0.0
2022-12-15 00:00:00-05:00,17.088865417042985,17.26228539533921,16.64435244524807,16.895511627197266,478542000,0.0,0.0
2022-12-16 00:00:00-05:00,16.80780430040909,16.98421452775994,16.355316696171542,16.515779495239258,478232000,0.0,0.0
2022-12-19 00:00:00-05:00,16.51677591008969,16.553651364106894,16.09119880078537,16.1998348236084,354039000,0.0,0.0
2022-12-20 00:00:00-05:00,16.010463128516555,16.25564358004437,15.799170712027781,16.03139305114746,403260000,0.0,0.0
2022-12-21 00:00:00-05:00,16.060304842306547,16.571595897427166,16.048343794868938,16.446014404296875,325025000,0.0,0.0
2022-12-22 00:00:00-05:00,16.040370897342594,16.084224902594713,14.832409670787916,15.287886619567871,565045000,0.0,0.0
2022-12-23 00:00:00-05:00,15.14536375199491,15.287886895394593,14.83340700919184,15.155330657958984,349326000,0.0,0.0
2022-12-27 00:00:00-05:00,15.023772497238419,15.049685885821608,14.009163959787871,14.07394790649414,464902000,0.0,0.0
2022-12-28 00:00:00-05:00,13.880592209011148,14.214475953122395,13.837735273982746,13.989229202270508,351066000,0.0,0.0
2022-12-29 00:00:00-05:00,14.354008980352377,14.634071797044276,14.179591938632296,14.554338455200195,354923000,0.0,0.0
2022-12-30 00:00:00-05:00,14.28623238765906,14.580249392820543,14.185569131755553,14.565299987792969,310490000,0.0,0.0
2023-01-03 00:00:00-05:00,14.801510894902007,14.946028158359788,14.04902671566482,14.26729679107666,401277000,0.0,0.0
2023-01-04 00:00:00-05:00,14.518458311262469,14.803504564817873,14.193544438500394,14.699851036071777,431324000,0.0,0.0
2023-01-05 00:00:00-05:00,14.442711169863427,14.515467863086679,14.100853753433299,14.217464447021484,389168000,0.0,0.0
2023-01-06 00:00:00-05:00,14.425769075047109,14.959983243102146,13.987235680701085,14.809486389160156,405044000,0.0,0.0
2023-01-09 00:00:00-05:00,15.233071281819589,16.00249819636459,15.09054718354253,15.57592487335205,504231000,0.0,0.0
2023-01-10 00:00:00-05:00,15.45532854871312,15.908812351147873,15.4204453255253,15.855989456176758,384101000,0.0,0.0
2023-01-11 00:00:00-05:00,15.787217661590548,15.974590928995806,15.511140262906103,15.947680473327637,353285000,0.0,0.0
2023-01-12 00:00:00-05:00,16.046352430023713,16.581561807242853,15.440377637088012,16.455982208251953,551409000,0.0,0.0
2023-01-13 00:00:00-05:00,16.22375300248187,16.865607858764474,16.111130612182066,16.842683792114258,447287000,0.0,0.0
2023-01-17 00:00:00-05:00,16.842692903351175,17.668931156808114,16.842692903351175,17.643016815185547,511102000,0.0,0.0
2023-01-18 00:00:00-05:00,17.608126319924487,17.813439222153065,17.224409065517293,17.319093704223633,439624000,0.0,0.0
2023-01-19 00:00:00-05:00,16.979229999863364,17.139694698743703,16.675247952454153,16.70913314819336,452932000,0.0,0.0
2023-01-20 00:00:00-05:00,16.954316196674295,17.796501732635843,16.76893705940326,17.779558181762695,564967000,0.0,0.0
2023-01-23 00:00:00-05:00,18.00380595113542,19.180872256618034,17.75862728937308,19.129045486450195,655163000,0.0,0.0
2023-01-24 00:00:00-05:00,18.764261688305943,19.430036855773828,18.75728504510627,19.200801849365234,496204000,0.0,0.0
2023-01-25 00:00:00-05:00,18.849981770619532,19.305459771289012,18.518091147994816,19.258615493774414,449537000,0.0,0.0
2023-01-26 00:00:00-05:00,19.63535204186898,20.09880270917431,19.213761238604867,19.73601531982422,489535000,0.0,0.0
2023-01-27 00:00:00-05:00,19.397149193004687,20.55926424729607,19.340339917531214,20.29714012145996,542142000,0.0,0.0
2023-01-30 00:00:00-05:00,19.883518678793106,20.07288414739655,19.08618348633209,19.09814453125,488611000,0.0,0.0
2023-01-31 00:00:00-05:00,19.10612325168674,19.621400741085875,18.886857003407727,19.471900939941406,498017000,0.0,0.0
2023-02-01 00:00:00-05:00,19.625385818373413,21.121383652696668,19.54565246966647,20.873214721679688,660477000,0.0,0.0
2023-02-02 00:00:00-05:00,20.930020713829347,21.875857723454107,20.631021178314572,21.63665771484375,564276000,0.0,0.0
2023-02-03 00:00:00-05:00,20.93002073586232,21.67253897459517,20.719723419819307,21.029687881469727,429366000,0.0,0.0
2023-02-06 00:00:00-05:00,20.736668439852636,21.49812252080445,20.716734629117404,21.018726348876953,452197000,0.0,0.0
2023-02-07 00:00:00-05:00,21.310752619510932,22.18483115792308,21.079525321136718,22.099117279052734,664150000,0.0,0.0
2023-02-08 00:00:00-05:00,22.312397048764478,22.801761973525313,21.93466031131526,22.131004333496094,559651000,0.0,0.0
2023-02-09 00:00:00-05:00,22.530670219439532,22.943290193315832,22.046289671543487,22.26256561279297,523876000,0.0,0.0
2023-02-10 00:00:00-05:00,21.6177224771655,22.00442812205311,20.74165187678693,21.194137573242188,550737000,0.0,0.0
2023-02-13 00:00:00-05:00,21.46622617453973,21.97452686206653,20.892145442768115,21.71539306640625,474919000,0.0,0.0
2023-02-14 00:00:00-05:00,21.50609168201181,22.972190328812037,21.294798266195475,22.894451141357422,675474000,0.0,0.0
2023-02-15 00:00:00-05:00,22.47385907538401,22.778839139042542,22.032336407803555,22.688142776489258,420575000,0.0,0.0
2023-02-16 00:00:00-05:00,22.059246323523663,22.474856585066412,21.853933394359046,21.92868423461914,412026000,0.0,0.0
2023-02-17 00:00:00-05:00,21.558922723947695,21.667558774123847,20.905108479188826,21.31673240661621,465888000,0.0,0.0
2023-02-21 00:00:00-05:00,20.930021777294268,21.422375105842487,20.549294744904135,20.586172103881836,410015000,0.0,0.0
2023-02-22 00:00:00-05:00,20.637996890010594,21.03367329167558,20.352948752679065,20.684839248657227,513184000,0.0,0.0
2023-02-23 00:00:00-05:00,23.361893340475753,23.808400461151948,22.94827529850247,23.585145950317383,1117995000,0.0,0.0
2023-02-24 00:00:00-05:00,23.147606985640458,23.39577778263142,22.870533495406775,23.208402633666992,589716000,0.0,0.0
2023-02-27 00:00:00-05:00,23.59112499865335,23.800424307289973,23.37584516662916,23.422687530517578,452994000,0.0,0.0
2023-02-28 00:00:00-05:00,23.294119765093207,23.74561130134119,23.128672543867644,23.138639450073242,455963000,0.0,0.0
2023-03-01 00:00:00-05:00,23.11471933360439,23.1785071533375,22.432998534976818,22.622365951538086,460026000,0.0,0.0
2023-03-02 00:00:00-05:00,22.413065090524846,23.302091014748385,22.35725003920354,23.236310958862305,389415000,0.0,0.0
2023-03-03 00:00:00-05:00,23.242293917748235,23.82036119371135,23.052926494296837,23.810394287109375,412393000,0.0,0.0
2023-03-06 00:00:00-05:00,23.81139038959998,24.167199231552658,23.408735379499408,23.475513458251953,437429000,0.0,0.0
2023-03-07 00:00:00-05:00,23.525355561288883,24.04869465009514,23.167489892153753,23.21434211730957,515154000,0.004,0.0
2023-03-08 00:00:00-05:00,23.412706254207755,24.12345216474366,23.349905807399413,24.104511260986328,513573000,0.0,0.0
2023-03-09 00:00:00-05:00,24.098534615353046,24.37665338080257,23.309039864365545,23.361873626708984,501257000,0.0,0.0
2023-03-10 00:00:00-05:00,23.334956536006658,23.55226740158579,22.65411633700963,22.89236068725586,474866000,0.0,0.0
2023-03-13 00:00:00-04:00,22.680032534287367,23.224304976068062,22.226471849250892,22.893354415893555,421890000,0.0,0.0
2023-03-14 00:00:00-04:00,23.42168099679016,24.14239367745541,23.3857936653715,23.986886978149414,474910000,0.0,0.0
2023-03-15 00:00:00-04:00,23.68584148519149,24.20918048237132,23.286110812358,24.151365280151367,524486000,0.0,0.0
2023-03-16 00:00:00-04:00,23.951007020626705,25.507068757276233,23.818426354192635,25.46021842956543,583253000,0.0,0.0
2023-03-17 00:00:00-04:00,25.89981997420156,26.31550083175522,25.586812067911023,25.643632888793945,848547000,0.0,0.0
2023-03-20 00:00:00-04:00,25.533978703666488,25.94168541899632,25.050512165831673,25.818077087402344,432747000,0.0,0.0
2023-03-21 00:00:00-04:00,26.097193730071265,26.30852307379936,25.300721156644958,26.116132736206055,547408000,0.0,0.0
2023-03-22 00:00:00-04:00,26.34141790205971,27.50173767157012,26.154012813178745,26.3842830657959,797295000,0.0,0.0
2023-03-23 00:00:00-04:00,27.02923590014394,27.412022096248382,26.605580921982124,27.104995727539062,564889000,0.0,0.0
2023-03-24 00:00:00-04:00,26.94549959949804,27.081069104608634,26.271637231409848,26.69429588317871,454920000,0.0,0.0
2023-03-27 00:00:00-04:00,26.752114397420495,26.91459893449874,26.28160721288135,26.44708251953125,361026000,0.0,0.0
2023-03-28 00:00:00-04:00,26.363349230566957,26.42914045882786,25.768237406573,26.326465606689453,356104000,0.0,0.0
2023-03-29 00:00:00-04:00,26.74015174035028,26.99234984404029,26.51287227864152,26.89864730834961,393694000,0.0,0.0
2023-03-30 00:00:00-04:00,27.14287259493359,27.412019019738466,27.01627349989387,27.296384811401367,364516000,0.0,0.0
2023-03-31 00:00:00-04:00,27.054156013485166,27.74596114615361,27.019266870020537,27.68914222717285,433933000,0.0,0.0
2023-04-03 00:00:00-04:00,27.421989811329777,27.911436002639256,27.249536675681906,27.87654685974121,398716000,0.0,0.0
2023-04-04 00:00:00-04:00,27.877541083680732,27.911433934646436,27.22062515381667,27.36616325378418,368592000,0.0,0.0
2023-04-05 00:00:00-04:00,26.744141067760594,26.91260524763218,26.31151378285065,26.795976638793945,515015000,0.0,0.0
2023-04-06 00:00:00-04:00,26.499912714821207,26.99434412357807,26.34340972671135,26.951480865478516,397654000,0.0,0.0
2023-04-10 00:00:00-04:00,26.738162310061163,27.533638674959434,26.584650061202737,27.491771697998047,395279000,0.0,0.0
2023-04-11 00:00:00-04:00,27.63630792496598,27.702099147015957,27.040197966487828,27.08306312561035,314378000,0.0,0.0
2023-04-12 00:00:00-04:00,27.283432024560906,27.381121633610334,26.364347344202034,26.41119956970215,446259000,0.0,0.0
2023-04-13 00:00:00-04:00,26.649436142330675,26.80195206178548,26.245718426745807,26.37929344177246,353615000,0.0,0.0
2023-04-14 00:00:00-04:00,26.420164544474495,26.797965435367647,26.137062473302613,26.67336082458496,395660000,0.0,0.0
2023-04-17 00:00:00-04:00,26.480975507689482,26.920580610646343,26.349393053761112,26.916593551635742,321471000,0.0,0.0
2023-04-18 00:00:00-04:00,27.445911825397904,28.021086392851622,27.270467934497674,27.579486846923828,604812000,0.0,0.0
2023-04-19 00:00:00-04:00,27.274462108899296,27.911441005284935,27.14587040183927,27.84265899658203,358660000,0.0,0.0
2023-04-20 00:00:00-04:00,27.583476516154896,27.94134215983428,26.914599351934957,27.01827049255371,427713000,0.0,0.0
2023-04-21 00:00:00-04:00,26.866752496922075,27.097022758549475,26.637480426106034,27.03322410583496,345103000,0.0,0.0
2023-04-24 00:00:00-04:00,26.92755907031357,27.27944127802104,26.586639849155418,26.956466674804688,339282000,0.0,0.0
2023-04-25 00:00:00-04:00,26.992351504330397,27.160817581589445,26.142050802636824,26.15799903869629,378527000,0.0,0.0
2023-04-26 00:00:00-04:00,26.916593006788613,27.243554654828017,26.620531540784825,26.870737075805664,406337000,0.0,0.0
2023-04-27 00:00:00-04:00,27.276446906007767,27.408029336469994,26.540780462251472,27.13987922668457,377161000,0.0,0.0
2023-04-28 00:00:00-04:00,27.138889210344786,27.670202402547503,26.98537507177856,27.661231994628906,292216000,0.0,0.0
2023-05-01 00:00:00-04:00,27.751942445275365,28.96609033128575,27.692132757184343,28.818557739257812,570329000,0.0,0.0
2023-05-02 00:00:00-04:00,28.58928408497182,28.744790786364405,27.994172302997715,28.120769500732422,402730000,0.0,0.0
2023-05-03 00:00:00-04:00,27.751937828826723,28.277271270369077,27.38510184060993,27.71405792236328,383387000,0.0,0.0
2023-05-04 00:00:00-04:00,27.563540293710812,27.770882582276077,27.15384096655844,27.474822998046875,321850000,0.0,0.0
2023-05-05 00:00:00-04:00,27.73798972558922,28.6640503542503,27.643290884306424,28.58928871154785,361494000,0.0,0.0
2023-05-08 00:00:00-04:00,28.4317819808544,29.127574105075855,28.26032704979517,29.058792114257812,344979000,0.0,0.0
2023-05-09 00:00:00-04:00,28.80759252115136,28.881357865661336,28.360013303057926,28.480628967285156,314869000,0.0,0.0
2023-05-10 00:00:00-04:00,28.913259525124563,29.02091963653205,28.37098141522854,28.79364013671875,369350000,0.0,0.0
2023-05-11 00:00:00-04:00,28.804606781732822,28.85843684071861,28.156663001300863,28.487611770629883,322149000,0.0,0.0
2023-05-12 00:00:00-04:00,28.438761858901234,28.688969297483915,27.957289789783168,28.2503604888916,274222000,0.0,0.0
2023-05-15 00:00:00-04:00,28.417829411901007,28.877371722844355,28.062956433881705,28.861421585083008,293926000,0.0,0.0
2023-05-16 00:00:00-04:00,28.749774743963638,29.775521221273998,28.740804336785136,29.12059783935547,449405000,0.0,0.0
2023-05-17 00:00:00-04:00,29.49042519794485,30.103479719693794,29.336912970483333,30.08254623413086,432535000,0.0,0.0
2023-05-18 00:00:00-04:00,30.31381366494329,31.727327831009532,30.224098180923058,31.577802658081055,748725000,0.0,0.0
2023-05-19 00:00:00-04:00,31.436252487669602,31.480113941471256,30.818214581828073,31.16511344909668,473908000,0.0,0.0
2023-05-22 00:00:00-04:00,30.803260867315778,31.420304387689416,30.582961110509476,31.077392578125,372000000,0.0,0.0
2023-05-23 00:00:00-04:00,30.901948183114918,31.18903735658012,30.534115833189922,30.59093475341797,356253000,0.0,0.0
2023-05-24 00:00:00-04:00,30.114444604983657,30.510190153140588,29.71172312962193,30.441408157348633,721419000,0.0,0.0
2023-05-25 00:00:00-04:00,38.401152701662475,39.35512649385782,36.519123854187846,37.85987091064453,1543911000,0.0,0.0
2023-05-26 00:00:00-04:00,37.770151547520655,39.04610163074743,37.43122683133464,38.822811126708984,714397000,0.0,0.0
2023-05-30 00:00:00-04:00,40.466605006926684,41.805355798351464,39.82264830428926,39.984134674072266,923401000,0.0,0.0
2023-05-31 00:00:00-04:00,39.363100391824844,40.16754710014043,37.702369501651916,37.714332580566406,1002580000,0.0,0.0
2023-06-01 00:00:00-04:00,38.367253104154614,39.92331629567859,38.218726142988906,39.644203186035156,635873000,0.0,0.0
2023-06-02 00:00:00-04:00,39.970171105133474,40.37189627228211,38.934456059073696,39.202606201171875,482731000,0.0,0.0
2023-06-05 00:00:00-04:00,38.785923972981884,39.439847158234734,38.584563271281,39.047096252441406,396094000,0.0,0.0
2023-06-06 00:00:00-04:00,38.70719175897852,39.03614606999824,38.02734575129082,38.53174591064453,388729000,0.0,0.0
2023-06-07 00:00:00-04:00,38.79592881153469,39.378141523481524,37.241697122376735,37.36033248901367,511998000,0.004,0.0
2023-06-08 00:00:00-04:00,37.60857929945707,38.74509076581271,37.39025138665972,38.392173767089844,417772000,0.0,0.0
2023-06-09 00:00:00-04:00,38.91754848393105,39.58948588191824,38.448989234454245,38.6513671875,427717000,0.0,0.0
2023-06-12 00:00:00-04:00,39.08005597622932,39.40904425940009,38.49983605891858,39.36119079589844,388701000,0.0,0.0
2023-06-13 00:00:00-04:00,40.06303253313572,40.97523356570902,39.61839813533891,40.8964729309082,613208000,0.0,0.0
2023-06-14 00:00:00-04:00,40.699085309650826,42.868425731448234,40.427914429279454,42.86543655395508,740465000,0.0,0.0
2023-06-15 00:00:00-04:00,42.47164881165265,43.15654702262012,42.018039182120376,42.522491455078125,568622000,0.0,0.0
2023-06-16 00:00:00-04:00,43.31705479881207,43.58722551638536,42.53046747800974,42.56137466430664,655709000,0.0,0.0
2023-06-20 00:00:00-04:00,42.86642741086615,43.85539247343839,42.54341754115194,43.673946380615234,451153000,0.0,0.0
2023-06-21 00:00:00-04:00,43.367894115226505,43.481547516431846,41.95124449603973,42.91328811645508,551603000,0.0,0.0
2023-06-22 00:00:00-04:00,42.12371153008249,43.29312268887753,42.10477246580242,42.89335250854492,417737000,0.0,0.0
2023-06-23 00:00:00-04:00,42.33407006327904,42.678011851996246,41.886442597723466,42.07984924316406,358140000,0.0,0.0
2023-06-26 00:00:00-04:00,42.33106545231296,42.63313965450452,39.977290186433514,40.50766372680664,594322000,0.0,0.0
2023-06-27 00:00:00-04:00,40.6741670319384,41.811674756586335,40.32424305595563,41.74787139892578,462175000,0.0,0.0
2023-06-28 00:00:00-04:00,40.53558567810239,41.716961105450416,40.39402188289312,40.991188049316406,582639000,0.0,0.0
2023-06-29 00:00:00-04:00,41.430842057083,41.4727133655292,40.475773103828736,40.69709396362305,380514000,0.0,0.0
2023-06-30 00:00:00-04:00,41.55247077216965,42.41980774252162,41.37401761190044,42.17256546020508,501148000,0.0,0.0
2023-07-03 00:00:00-04:00,42.38689642071777,42.76673107922371,42.072861688736154,42.2832145690918,198209000,0.0,0.0
2023-07-05 00:00:00-04:00,42.006065351557105,43.04487665210042,41.95621911201376,42.1875114440918,323618000,0.0,0.0
2023-07-06 00:00:00-04:00,41.71596810959315,42.04994216880029,41.21949078738844,41.97417449951172,303582000,0.0,0.0
2023-07-07 00:00:00-04:00,42.19249416309544,43.0817667609672,42.050930383889,42.37294006347656,355881000,0.0,0.0
2023-07-10 00:00:00-04:00,42.52647931127871,42.680007431696076,41.521560371587725,42.05093765258789,353908000,0.0,0.0
2023-07-11 00:00:00-04:00,42.351001865953144,42.62715463752813,41.938271099975246,42.27523422241211,298244000,0.0,0.0
2023-07-12 00:00:00-04:00,42.90132541025079,43.80056583036438,42.64610822063504,43.76766586303711,481277000,0.0,0.0
2023-07-13 00:00:00-04:00,44.38177994624532,46.01376808541058,44.35585853064173,45.8363151550293,478204000,0.0,0.0
2023-07-14 00:00:00-04:00,46.44046184420574,47.94085779132301,44.92212322629915,45.329872131347656,772075000,0.0,0.0
2023-07-17 00:00:00-04:00,46.14736542203415,46.35372896631426,45.12350743190866,46.3188362121582,510488000,0.0,0.0
2023-07-18 00:00:00-04:00,46.55810196861849,47.74944513877749,45.59406179064249,47.34867477416992,569164000,0.0,0.0
2023-07-19 00:00:00-04:00,47.31876592185892,47.67168281088611,46.59897504315981,46.93294906616211,427502000,0.0,0.0
2023-07-20 00:00:00-04:00,46.36469382160293,46.942920912803515,44.9241156620399,45.380714416503906,537865000,0.0,0.0
2023-07-21 00:00:00-04:00,45.647898491989125,45.72566275241697,43.96506361938245,44.173423767089844,963769000,0.0,0.0
2023-07-24 00:00:00-04:00,44.59413357267698,44.970979149441135,43.9052497727291,44.47549819946289,382516000,0.0,0.0
2023-07-25 00:00:00-04:00,44.803489544215395,46.04168599596265,44.78554306973034,45.53923034667969,348081000,0.0,0.0
2023-07-26 00:00:00-04:00,45.88018648344698,45.912090061766605,44.49344377208364,45.31292724609375,364237000,0.0,0.0
2023-07-27 00:00:00-04:00,46.37665740516835,47.24997638304764,45.61000946610031,45.759552001953125,455976000,0.0,0.0
2023-07-28 00:00:00-04:00,46.525202843607126,46.883105518604516,46.23908226392985,46.60695266723633,331194000,0.0,0.0
2023-07-31 00:00:00-04:00,46.610938817532,46.985787745643954,46.36369657868276,46.58601379394531,251055000,0.0,0.0
2023-08-01 00:00:00-04:00,46.3178432431884,46.7564993884591,45.88616945228999,46.36470031738281,237858000,0.0,0.0
2023-08-02 00:00:00-04:00,45.69076177542876,45.699733110392835,43.254239992985966,44.133541107177734,530142000,0.0,0.0
2023-08-03 00:00:00-04:00,43.665971916513115,44.97993964791756,43.665971916513115,44.3787841796875,324176000,0.0,0.0
2023-08-04 00:00:00-04:00,44.84735241415571,45.50233976816819,44.25716479958756,44.54328536987305,362666000,0.0,0.0
2023-08-07 00:00:00-04:00,44.972970743442104,45.400658953676526,44.426647163135996,45.27803421020508,322154000,0.0,0.0
2023-08-08 00:00:00-04:00,44.71576081749796,45.10357050648728,43.92119857113271,44.527339935302734,353843000,0.0,0.0
2023-08-09 00:00:00-04:00,44.138528337331145,44.17641407263371,42.005076934408166,42.42379379272461,586449000,0.0,0.0
2023-08-10 00:00:00-04:00,42.03100157577808,43.44067657606507,41.70699522784932,42.258304595947266,492705000,0.0,0.0
2023-08-11 00:00:00-04:00,41.623242454978985,41.88942754104393,40.51464563346433,40.729984283447266,533085000,0.0,0.0
2023-08-14 00:00:00-04:00,40.362116194769875,43.66597480294201,40.18765244113688,43.619117736816406,690286000,0.0,0.0
2023-08-15 00:00:00-04:00,44.42365913256692,45.1294930156629,43.57625763398883,43.8055534362793,676512000,0.0,0.0
2023-08-16 00:00:00-04:00,44.38376830984962,44.53829278958651,43.27317495256757,43.35293197631836,527451000,0.0,0.0
2023-08-17 00:00:00-04:00,43.83546018459533,43.927177736442225,42.86942340203336,43.21137619018555,452395000,0.0,0.0
2023-08-18 00:00:00-04:00,42.504538056513674,43.44465333013322,41.5325230130091,43.166507720947266,583768000,0.0,0.0
2023-08-21 00:00:00-04:00,44.35784812474036,46.92098002915495,44.08668108192482,46.823280334472656,692573000,0.0,0.0
2023-08-22 00:00:00-04:00,47.98770953500303,48.03955236680591,45.194285260085415,45.52825927734375,755293000,0.0,0.0
2023-08-23 00:00:00-04:00,45.725664540283454,47.055582524189234,45.06967688525946,46.971839904785156,779046000,0.0,0.0
2023-08-24 00:00:00-04:00,50.062352051208165,50.112198303952155,47.01470644607622,47.01869201660156,1156044000,0.0,0.0
2023-08-25 00:00:00-04:00,46.8681514444708,47.65872425455991,44.88623165435981,45.877193450927734,925341000,0.0,0.0
2023-08-28 00:00:00-04:00,46.33977183033874,46.836249134555814,44.750651224061855,46.69169235229492,685192000,0.0,0.0
2023-08-29 00:00:00-04:00,46.5232082617889,48.93081957760332,46.249048206065815,48.634727478027344,701397000,0.0,0.0
2023-08-30 00:00:00-04:00,48.893934114542816,49.77423173710802,48.27682864513261,49.11326217651367,735206000,0.0,0.0
2023-08-31 00:00:00-04:00,49.22890833319217,49.5917929853516,48.80819868484659,49.203983306884766,528570000,0.0,0.0
2023-09-01 00:00:00-04:00,49.60973326514342,49.64761519313272,47.994687598350154,48.360565185546875,463830000,0.0,0.0
2023-09-05 00:00:00-04:00,48.07544589025944,48.70152648362675,47.71355763922135,48.399452209472656,382653000,0.0,0.0
2023-09-06 00:00:00-04:00,48.29675585100986,48.404432152677344,46.441297415473116,46.92086410522461,468670000,0.004,0.0
2023-09-07 00:00:00-04:00,45.38944205496558,46.206003567946354,45.01755163903208,46.103309631347656,433330000,0.0,0.0
2023-09-08 00:00:00-04:00,45.80519166448395,46.46721201058955,45.13618839061398,45.4362907409668,473069000,0.0,0.0
2023-09-11 00:00:00-04:00,46.01058127939669,46.02553600450633,44.180049901886676,45.04347229003906,473966000,0.0,0.0
2023-09-12 00:00:00-04:00,44.60478224808882,45.536999459957386,44.39839790348207,44.73638916015625,349256000,0.0,0.0
2023-09-13 00:00:00-04:00,44.46718918081737,45.79323054977972,44.37047790444444,45.34955596923828,398355000,0.0,0.0
2023-09-14 00:00:00-04:00,45.813171215808374,45.85005979000756,44.99660978408658,45.44527053833008,370097000,0.0,0.0
2023-09-15 00:00:00-04:00,45.20598272428771,45.46321387121769,43.67754676368698,43.7692756652832,506831000,0.0,0.0
2023-09-18 00:00:00-04:00,42.62070760166484,44.110258303658966,41.874933874444345,43.835079193115234,500271000,0.0,0.0
2023-09-19 00:00:00-04:00,43.7024829281991,43.835086328947064,42.87395603803026,43.39041519165039,373064000,0.0,0.0
2023-09-20 00:00:00-04:00,43.470167525058194,43.772266659114486,42.097269015445136,42.11322021484375,367108000,0.0,0.0
2023-09-21 00:00:00-04:00,41.45917191816058,41.97463066173917,40.85796692750404,40.89485549926758,450736000,0.0,0.0
2023-09-22 00:00:00-04:00,41.448218009359955,41.989604300467136,41.108233732087406,41.486106872558594,479236000,0.0,0.0
2023-09-25 00:00:00-04:00,41.46715750384496,42.409343350786685,41.054388777119094,42.09627914428711,419091000,0.0,0.0
2023-09-26 00:00:00-04:00,41.87592599161224,42.6924873606105,41.53095566477393,41.78619384765625,402282000,0.0,0.0
2023-09-27 00:00:00-04:00,42.20395553022343,42.744341431006085,41.50504268914909,42.3415412902832,444935000,0.0,0.0
2023-09-28 00:00:00-04:00,42.33356849695518,43.31663260486512,41.98959836899157,42.960697174072266,424663000,0.0,0.0
2023-09-29 00:00:00-04:00,43.696498771068015,44.01255619893268,43.178046685877014,43.369476318359375,397830000,0.0,0.0
2023-10-02 00:00:00-04:00,43.898891446595,45.04048245716081,43.73039595276652,44.64865493774414,433298000,0.0,0.0
2023-10-03 00:00:00-04:00,44.67457689561349,44.99562050159697,43.117227684036216,43.387420654296875,470850000,0.0,0.0
2023-10-04 00:00:00-04:00,43.61174925416727,44.011556163058,43.16308846642664,43.90985870361328,361821000,0.0,0.0
2023-10-05 00:00:00-04:00,43.918830935362585,44.7663021604217,43.75731457253386,44.554931640625,393483000,0.0,0.0
2023-10-06 00:00:00-04:00,44.06141166404006,45.65266008201276,43.89490910599022,45.62574005126953,434436000,0.0,0.0
2023-10-09 00:00:00-04:00,44.708471059532506,45.46919952767431,44.235883483851424,45.138187408447266,409675000,0.0,0.0
2023-10-10 00:00:00-04:00,45.17507908955567,46.12125070086953,44.95374003044169,45.661624908447266,368582000,0.0,0.0
2023-10-11 00:00:00-04:00,46.05843799423147,46.71946573957931,45.91287284021887,46.666622161865234,378137000,0.0,0.0
2023-10-12 00:00:00-04:00,46.637718704667456,47.467242097923936,46.19205107741162,46.80521774291992,481325000,0.0,0.0
2023-10-13 00:00:00-04:00,46.82016719199545,46.97570471236393,45.145169391645375,45.32563018798828,474115000,0.0,0.0
2023-10-16 00:00:00-04:00,44.92881235422657,46.0873509348349,44.778261024252274,45.957740783691406,375099000,0.0,0.0
2023-10-17 00:00:00-04:00,43.86898271179327,44.620739164515385,42.35350830716708,43.807167053222656,812333000,0.0,0.0
2023-10-18 00:00:00-04:00,42.464174898094846,43.090307040885016,41.700456999229225,42.070350646972656,627294000,0.0,0.0
2023-10-19 00:00:00-04:00,42.68352429308483,43.168077212016314,41.757289685675055,41.97563934326172,501233000,0.0,0.0
2023-10-20 00:00:00-04:00,41.7652678682802,42.34354268783243,40.955685402910255,41.26376724243164,477266000,0.0,0.0
2023-10-23 00:00:00-04:00,41.10623136446677,43.11922033673946,40.82307664352765,42.84703063964844,478530000,0.0,0.0
2023-10-24 00:00:00-04:00,42.9487282788918,43.5668810255137,42.56387990123347,43.532981872558594,401463000,0.0,0.0
2023-10-25 00:00:00-04:00,43.26877302407248,43.52002535417708,41.43126239759443,41.65459442138672,398379000,0.0,0.0
2023-10-26 00:00:00-04:00,41.7283746394427,42.13017450154096,39.7612500826686,40.2059211730957,541001000,0.0,0.0
2023-10-27 00:00:00-04:00,41.00753113322634,41.08330504631517,39.895849517473295,40.3794059753418,416784000,0.0,0.0
2023-10-30 00:00:00-04:00,40.96465972958588,41.64163496442114,40.36046137678986,41.03843688964844,388028000,0.0,0.0
2023-10-31 00:00:00-04:00,40.329553945294535,40.75727737613491,39.11318548755272,40.6585693359375,517969000,0.0,0.0
2023-11-01 00:00:00-04:00,40.762256048704266,42.25479998188949,40.747301323669774,42.19896697998047,437593000,0.0,0.0
2023-11-02 00:00:00-04:00,43.19898202777144,43.75332619208585,42.76627622905822,43.3764533996582,409172000,0.0,0.0
2023-11-03 00:00:00-04:00,43.888919424366684,45.174078747791896,43.59280293696078,44.87098693847656,424610000,0.0,0.0
2023-11-06 00:00:00-05:00,45.15014941074925,45.79821535111658,44.765297265873905,45.61476135253906,400733000,0.0,0.0
2023-11-07 00:00:00-05:00,45.582867485335434,46.08037839216094,45.02353711440928,45.81816482543945,343165000,0.0,0.0
2023-11-08 00:00:00-05:00,45.96272281654572,46.727440958659734,45.831115913944224,46.4353141784668,346719000,0.0,0.0
2023-11-09 00:00:00-05:00,47.32565087128028,48.08637928139042,46.610786911501705,46.8101921081543,540496000,0.0,0.0
2023-11-10 00:00:00-05:00,47.35855787314543,48.32766364227746,47.14220498356334,48.191070556640625,421245000,0.0,0.0
2023-11-13 00:00:00-05:00,48.176113818422,48.96974494304787,47.9557712363459,48.4752197265625,384136000,0.0,0.0
2023-11-14 00:00:00-05:00,49.532067353089744,49.6856081153753,48.89397370012533,49.50813674926758,416954000,0.0,0.0
2023-11-15 00:00:00-05:00,49.786303287958084,49.81122656013526,48.0564692193451,48.7424201965332,475497000,0.0,0.0
2023-11-16 00:00:00-05:00,48.534047157885986,49.37752865421783,48.186087364869636,49.33266067504883,339756000,0.0,0.0
2023-11-17 00:00:00-05:00,49.37653194691317,49.56895804695832,48.861073108178935,49.151206970214844,325205000,0.0,0.0
2023-11-20 00:00:00-05:00,49.16516605663654,50.397485733557765,49.03455561243681,50.2588996887207,414120000,0.0,0.0
2023-11-21 00:00:00-05:00,49.97674537564033,50.36657998641292,49.07543777557332,49.7952880859375,565747000,0.0,0.0
2023-11-22 00:00:00-05:00,49.703557028583894,50.18511670142029,47.547992253967436,48.57093811035156,899420000,0.0,0.0
2023-11-24 00:00:00-05:00,48.32567707703601,48.7753343936509,47.6028335530589,47.63374328613281,294645000,0.0,0.0
2023-11-27 00:00:00-05:00,47.65766532815117,48.38549115302334,47.51010721393193,48.098350524902344,395662000,0.0,0.0
2023-11-28 00:00:00-05:00,48.09237700250333,48.179119754514964,47.33164835400253,47.678611755371094,401491000,0.0,0.0
2023-11-29 00:00:00-05:00,48.2349412356402,48.616800180789156,47.71748568176772,47.99665069580078,382005000,0.0,0.0
2023-11-30 00:00:00-05:00,47.88099334816859,47.96673960192544,46.283766368785,46.63072967529297,526247000,0.0,0.0
2023-12-01 00:00:00-05:00,46.38646066120802,47.05944990418179,46.049465900778685,46.6257438659668,369317000,0.0,0.0
2023-12-04 00:00:00-05:00,45.93979415914972,45.93979415914972,44.87597007312704,45.374481201171875,437543000,0.0,0.0
2023-12-05 00:00:00-05:00,45.33459997495961,46.46532151700449,45.140163841646064,46.43142318725586,371718000,0.004,0.0
2023-12-06 00:00:00-05:00,47.07854839373765,47.25005219470193,45.280757679582,45.37149429321289,380590000,0.0,0.0
2023-12-07 00:00:00-05:00,45.56792383673814,46.49423979899288,45.47220061553475,46.461334228515625,350823000,0.0,0.0
2023-12-08 00:00:00-05:00,46.46033928594401,47.60302719608969,46.41546736033398,47.36870574951172,359224000,0.0,0.0
2023-12-11 00:00:00-05:00,47.35374994188855,47.39363144924944,45.69755100849952,46.492244720458984,509728000,0.0,0.0
2023-12-12 00:00:00-05:00,45.912927610504205,47.52824471452688,45.912927610504205,47.51927185058594,372387000,0.0,0.0
2023-12-13 00:00:00-05:00,47.49134732333681,48.45355849420569,47.47040810748177,47.94902038574219,447792000,0.0,0.0
2023-12-14 00:00:00-05:00,48.2501437897404,48.52933332337193,47.28494297084845,48.21025848388672,391232000,0.0,0.0
2023-12-15 00:00:00-05:00,48.05471159561218,49.26121358218172,47.980924159413945,48.74869918823242,479948000,0.0,0.0
2023-12-18 00:00:00-05:00,49.25723229515319,50.28724399732617,49.0079548114807,49.932273864746094,412587000,0.0,0.0
2023-12-19 00:00:00-05:00,49.281163666785375,49.55636699628033,48.75369315436852,49.46064376831055,464444000,0.0,0.0
2023-12-20 00:00:00-05:00,49.51148287536856,49.85449039050558,47.95898380283095,47.971946716308594,397894000,0.0,0.0
2023-12-21 00:00:00-05:00,48.66993945324694,48.95311910291898,48.27907021417121,48.84842300415039,300425000,0.0,0.0
2023-12-22 00:00:00-05:00,49.05282008065704,49.24027646361489,48.32692345139222,48.68887710571289,252507000,0.0,0.0
2023-12-26 00:00:00-05:00,48.82647939940057,49.45665286845571,48.81850309781851,49.13658142089844,244200000,0.0,0.0
2023-12-27 00:00:00-05:00,49.36791910846013,49.53642943515857,48.94314771611391,49.27418899536133,233648000,0.0,0.0
2023-12-28 00:00:00-05:00,49.49953586903795,49.739836713811854,49.26920064749609,49.378883361816406,246587000,0.0,0.0
2023-12-29 00:00:00-05:00,49.669042752134445,49.85251291877477,48.61011160292398,49.378883361816406,389293000,0.0,0.0
2024-01-02 00:00:00-05:00,49.101683898702085,49.152535199799544,47.457451257375006,48.02879333496094,411254000,0.0,0.0
2024-01-03 00:00:00-05:00,47.34776550065434,48.04474284454288,47.183241449788504,47.431522369384766,320896000,0.0,0.0
2024-01-04 00:00:00-05:00,47.62895964327566,48.35984309973591,47.37070923590873,47.85929489135742,306535000,0.0,0.0
2024-01-05 00:00:00-05:00,48.321941715696894,49.40380504311915,48.166390532700504,48.95510482788086,415039000,0.0,0.0
2024-01-08 00:00:00-05:00,49.36890293585165,52.123917882916416,49.33599736815209,52.10197830200195,642510000,0.0,0.0
2024-01-09 00:00:00-05:00,52.24956080282397,54.16800018278708,51.54061326714163,52.98642349243164,773100000,0.0,0.0
2024-01-10 00:00:00-05:00,53.46104844034716,54.442201988108685,53.334412767924995,54.19292449951172,533796000,0.0,0.0
2024-01-11 00:00:00-05:00,54.840045537318446,55.18604277919064,53.40520527561887,54.66355514526367,596759000,0.0,0.0
2024-01-12 00:00:00-05:00,54.4621436511034,54.81113441098262,54.172984660391826,54.551883697509766,352994000,0.0,0.0
2024-01-16 00:00:00-05:00,54.858995015384636,56.67074127144449,54.74133601464206,56.219051361083984,449580000,0.0,0.0
2024-01-17 00:00:00-05:00,56.18415935716655,56.30780154944078,54.5818050801591,55.89101028442383,474394000,0.0,0.0
2024-01-18 00:00:00-05:00,57.094513264905174,57.43353079531085,55.94484563035105,56.94195556640625,491650000,0.0,0.0
2024-01-19 00:00:00-05:00,57.8214070619552,59.3280417723161,57.05961512425851,59.319068908691406,543501000,0.0,0.0
2024-01-22 00:00:00-05:00,59.87545295780241,60.15663944433183,58.8992822616046,59.48159408569336,452955000,0.0,0.0
2024-01-23 00:00:00-05:00,59.39784070948938,59.736858252012084,58.41568677878363,59.69996643066406,294654000,0.0,0.0
2024-01-24 00:00:00-05:00,60.12972459836109,62.66736781993211,59.764781198476165,61.18466567993164,560271000,0.0,0.0
2024-01-25 00:00:00-05:00,62.169802358134476,62.53773920716308,60.67413746929077,61.43892288208008,482777000,0.0,0.0
2024-01-26 00:00:00-05:00,60.7838279254581,61.60445135537022,60.39794910397368,60.85462188720703,390309000,0.0,0.0
2024-01-29 00:00:00-05:00,61.055035142050976,62.30840232360706,60.73097744998884,62.28447341918945,348733000,0.0,0.0
2024-01-30 00:00:00-05:00,62.71821799882993,63.309502714007664,62.08006442941247,62.59257888793945,410735000,0.0,0.0
2024-01-31 00:00:00-05:00,61.26243177102061,62.089038263544516,60.524572564425924,61.34918212890625,453795000,0.0,0.0
2024-02-01 00:00:00-05:00,61.92052952927185,63.00837994825412,61.471833071842404,62.844852447509766,369146000,0.0,0.0
2024-02-02 00:00:00-05:00,63.78912362662744,66.40753432722695,63.50594394904797,65.96881103515625,476578000,0.0,0.0
2024-02-05 00:00:00-05:00,68.02783445051155,69.2961616511714,67.010785504722,69.13163757324219,680078000,0.0,0.0
2024-02-06 00:00:00-05:00,69.42876454653677,69.55240673067756,66.10839412447636,68.02583312988281,683111000,0.0,0.0
2024-02-07 00:00:00-05:00,68.12156105667266,70.01706821618797,67.40463717310863,69.89641571044922,495575000,0.0,0.0
2024-02-08 00:00:00-05:00,69.87147502102263,70.58939534958982,69.2542683281726,69.43972778320312,414422000,0.0,0.0
2024-02-09 00:00:00-05:00,70.32914067903327,71.97636644817582,70.00906929428511,71.92452239990234,436637000,0.0,0.0
2024-02-12 00:00:00-05:00,72.39016457689355,74.39535381795112,71.04406796843402,72.0391845703125,613710000,0.0,0.0
2024-02-13 00:00:00-05:00,70.19653768234375,73.23771827831571,69.41879318637284,71.91954040527344,602580000,0.0,0.0
2024-02-14 00:00:00-05:00,72.99045103936953,74.02145939035373,71.7301040369102,73.68643188476562,504917000,0.0,0.0
2024-02-15 00:00:00-05:00,73.65551186894326,73.76120070674112,72.19075571305264,72.44800567626953,420122000,0.0,0.0
2024-02-16 00:00:00-05:00,73.88583908151942,74.18696820662582,72.29146138961607,72.40313720703125,495327000,0.0,0.0
2024-02-20 00:00:00-05:00,71.73906612377016,71.74804279084927,67.53824458047887,69.25128173828125,704833000,0.0,0.0
2024-02-21 00:00:00-05:00,67.80946909427277,68.6889240135881,66.05655384481933,67.27701568603516,673755000,0.0,0.0
2024-02-22 00:00:00-05:00,74.80818688297568,78.34792317872578,74.0055129470122,78.31103515625,865100000,0.0,0.0
2024-02-23 00:00:00-05:00,80.55651569183838,82.15587637734276,77.3458203592003,78.58921813964844,829388000,0.0,0.0
2024-02-26 00:00:00-05:00,79.46966317926245,80.41293598535317,78.27811704521838,78.8634262084961,503973000,0.0,0.0
2024-02-27 00:00:00-05:00,79.1515839793688,79.25030450092336,76.93900277777333,78.47354888916016,391705000,0.0,0.0
2024-02-28 00:00:00-05:00,77.39567785845682,78.7048791588161,76.90210568945557,77.43855285644531,393110000,0.0,0.0
2024-02-29 00:00:00-05:00,78.86541608909434,79.75882270864132,78.12356300049603,78.88336181640625,507289000,0.0,0.0
2024-03-01 00:00:00-05:00,79.76879352380037,82.06214938054762,79.20542398518815,82.04120635986328,479135000,0.0,0.0
2024-03-04 00:00:00-05:00,83.88685863778845,87.44155809825308,83.47705094561937,84.99066162109375,615616000,0.0,0.0
2024-03-05 00:00:00-05:00,85.02755456111447,85.85220668028344,83.17982622827054,85.7195816040039,520639000,0.004,0.0
2024-03-06 00:00:00-05:00,87.77173362164056,89.4688902523757,86.78254975478006,88.44779968261719,582520000,0.0,0.0
2024-03-07 00:00:00-05:00,89.90165539673119,92.5032385135836,89.34723648723485,92.405517578125,608119000,0.0,0.0
2024-03-08 00:00:00-05:00,94.86750020038097,97.12306982330983,86.26003928547323,87.27913665771484,1142269000,0.0,0.0
2024-03-11 00:00:00-04:00,86.18325727083518,88.54452056286361,83.92669117198699,85.53012084960938,678364000,0.0,0.0
2024-03-12 00:00:00-04:00,87.79866748859284,91.69854344348778,85.90506455225947,91.65167999267578,668075000,0.0,0.0
2024-03-13 00:00:00-04:00,90.79611026460987,91.24383116033475,88.18355678072699,90.62958526611328,635713000,0.0,0.0
2024-03-14 00:00:00-04:00,89.32230691373881,90.3882676423802,86.35376650266996,87.6939468383789,602318000,0.0,0.0
2024-03-15 00:00:00-04:00,86.68283850567245,89.29139794365639,86.01175546714047,87.5872573852539,642086000,0.0,0.0
2024-03-18 00:00:00-04:00,90.13098583462606,92.14224887190903,86.83737638281593,88.20348358154297,668976000,0.0,0.0
2024-03-19 00:00:00-04:00,86.4534797466604,90.28655172899164,84.7682901573293,89.14381408691406,672171000,0.0,0.0
2024-03-20 00:00:00-04:00,89.54167399398385,90.15293760178423,87.97215190090783,90.11504364013672,479063000,0.0,0.0
2024-03-21 00:00:00-04:00,92.0375720151123,92.38458214165158,90.1479556941056,91.1750259399414,480372000,0.0,0.0
2024-03-22 00:00:00-04:00,90.88186017417289,94.50852022791372,90.57573384993215,94.02091217041016,586719000,0.0,0.0
2024-03-25 00:00:00-04:00,93.67390745044557,96.4908723257128,93.2441331194467,94.73188781738281,552136000,0.0,0.0
2024-03-26 00:00:00-04:00,95.57845969689596,96.1009718491892,92.23898306006764,92.29781341552734,513648000,0.0,0.0
2024-03-27 00:00:00-04:00,92.84725495724012,92.97488937266765,88.8695984293379,89.99339294433594,586067000,0.0,0.0
2024-03-28 00:00:00-04:00,89.74410760252643,91.04041442208826,88.93940289555813,90.0990982055664,435212000,0.0,0.0
2024-04-01 00:00:00-04:00,90.04225044370871,91.96276900754945,88.95036271273993,90.10606384277344,452441000,0.0,0.0
2024-04-02 00:00:00-04:00,88.19650409145588,89.8378275505344,87.37086312159137,89.1976547241211,433064000,0.0,0.0
2024-04-03 00:00:00-04:00,88.23241336254476,90.11703889051455,88.14865256608842,88.71104431152344,370067000,0.0,0.0
2024-04-04 00:00:00-04:00,90.1489453998678,90.3763015666953,85.63581327474101,85.6607437133789,434965000,0.0,0.0
2024-04-05 00:00:00-04:00,86.61901544259366,88.22942906906539,85.68169327218381,87.75777435302734,399678000,0.0,0.0
2024-04-08 00:00:00-04:00,88.44779211337963,88.57742734725042,86.48539311445134,86.88525390625,283220000,0.0,0.0
2024-04-09 00:00:00-04:00,87.19336556349879,87.38581757145292,82.78593537872872,85.11129760742188,501700000,0.0,0.0
2024-04-10 00:00:00-04:00,83.68737890315158,87.15150043777531,83.47099303047223,86.7915267944336,431929000,0.0,0.0
2024-04-11 00:00:00-04:00,87.17143320524475,90.48099639616545,86.6788421374309,90.35834503173828,431637000,0.0,0.0
2024-04-12 00:00:00-04:00,89.44394775788123,89.91859983995623,87.28111636114915,87.93524932861328,426805000,0.0,0.0
2024-04-15 00:00:00-04:00,88.84467194132365,90.35536381330797,85.6846834695675,85.75647735595703,443077000,0.0,0.0
2024-04-16 00:00:00-04:00,86.18724795044986,87.86745463811035,85.81930143123056,87.16645812988281,370453000,0.0,0.0
2024-04-17 00:00:00-04:00,88.08882656112145,88.52259493497695,83.7113088922385,83.79607391357422,495400000,0.0,0.0
2024-04-18 00:00:00-04:00,84.72841317391251,85.94494566791495,82.16771376078896,84.43025970458984,447260000,0.0,0.0
2024-04-19 00:00:00-04:00,82.91358934859076,84.08424741361141,75.3910397359179,75.98334503173828,875198000,0.0,0.0
2024-04-22 00:00:00-04:00,77.88192715774476,79.8453305652036,76.18277728835372,79.29190826416016,596341000,0.0,0.0
2024-04-23 00:00:00-04:00,80.53934787289336,82.53366130187051,80.03578647084935,82.18864440917969,438559000,0.0,0.0
2024-04-24 00:00:00-04:00,83.71130021339918,83.84292866853282,78.95785602564062,79.45045471191406,512208000,0.0,0.0
2024-04-25 00:00:00-04:00,78.64375847887948,83.08609383460076,78.00059569231401,82.39706420898438,424641000,0.0,0.0
2024-04-26 00:00:00-04:00,83.5796943254643,88.0798637130723,83.14991996305922,87.48555755615234,551011000,0.0,0.0
2024-04-29 00:00:00-04:00,87.34593487887717,87.74180161200195,85.02355474971789,87.50747680664062,388971000,0.0,0.0
2024-04-30 00:00:00-04:00,86.99194098130891,88.56645365033815,86.05461893624248,86.15632629394531,363709000,0.0,0.0
2024-05-01 00:00:00-04:00,84.83510772715242,85.75547993219622,81.02396844600167,82.80489349365234,559863000,0.0,0.0
2024-05-02 00:00:00-04:00,84.20889135183461,85.99180970266082,82.96344197206183,85.57300567626953,377898000,0.0,0.0
2024-05-03 00:00:00-04:00,87.53938813243457,89.0271426544853,86.79251724081982,88.53654479980469,398341000,0.0,0.0
2024-05-06 00:00:00-04:00,89.13584021044993,91.95779560513117,88.80179361610953,91.87802124023438,376203000,0.0,0.0
2024-05-07 00:00:00-04:00,90.83899133728268,91.52004810469973,88.75792706753188,90.29653930664062,437342000,0.0,0.0
2024-05-08 00:00:00-04:00,89.22858583150523,90.93471969755814,89.16576142158716,90.15494537353516,325721000,0.0,0.0
2024-05-09 00:00:00-04:00,90.27159797496299,90.81305333122494,87.9801353538175,88.49466705322266,378013000,0.0,0.0
2024-05-10 00:00:00-04:00,90.04823965753017,91.14112411341107,88.973301771079,89.62245178222656,335325000,0.0,0.0
2024-05-13 00:00:00-04:00,90.22074555223655,90.73927132421963,88.27728953555432,90.14197540283203,289680000,0.0,0.0
2024-05-14 00:00:00-04:00,89.34424430460986,91.39041184902159,88.68113417048747,91.09625244140625,296507000,0.0,0.0
2024-05-15 00:00:00-04:00,92.20908510921412,94.5922892882104,91.33856611429667,94.36094665527344,417735000,0.0,0.0
2024-05-16 00:00:00-04:00,94.64013400931879,95.54654592606171,93.8354218382871,94.0906982421875,323952000,0.0,0.0
2024-05-17 00:00:00-04:00,94.10068232469492,94.47062203748345,91.5449662156453,92.21604919433594,359691000,0.0,0.0
2024-05-20 00:00:00-04:00,93.48344309476195,94.9293173048801,93.17432694405993,94.51051330566406,318764000,0.0,0.0
2024-05-21 00:00:00-04:00,93.33287026664621,95.1287520032466,92.915062881723,95.11479187011719,328946000,0.0,0.0
2024-05-22 00:00:00-04:00,95.18757861855156,95.74698053068366,92.98386328100148,94.68002319335938,548648000,0.0,0.0
2024-05-23 00:00:00-04:00,101.73791493789797,106.0177117858919,101.23135605250833,103.5038833618164,835065000,0.0,0.0
2024-05-24 00:00:00-04:00,104.15201429523188,106.1722546778935,102.70713677897801,106.16627502441406,429494000,0.0,0.0
2024-05-28 00:00:00-04:00,109.93054124400538,114.61219142145016,109.57056763172464,113.57714080810547,652728000,0.0,0.0
2024-05-29 00:00:00-04:00,112.7285727659483,115.16362326202471,110.58568085733936,114.49851989746094,557442000,0.0,0.0
2024-05-30 00:00:00-04:00,114.32403150789189,115.48970655822384,109.35121090850546,110.18582916259766,484553000,0.0,0.0
2024-05-31 00:00:00-04:00,112.20007402311614,112.39652011050696,106.63594514688756,109.3212890625,613263000,0.0,0.0
2024-06-03 00:00:00-04:00,113.29795006188645,114.67302703857422,111.68454659500959,114.67302703857422,438392000,0.0,0.0
2024-06-04 00:00:00-04:00,115.38699108204422,116.26847269779265,113.72073695926161,116.1059341430664,403324000,0.0,0.0
2024-06-05 00:00:00-04:00,118.03444216742467,122.10084264977675,117.13400975669744,122.09187316894531,528402000,0.0,0.0
2024-06-06 00:00:00-04:00,123.69528439320365,125.2299099350453,117.98357427866928,120.65396118164062,664696000,0.0,0.0
2024-06-07 00:00:00-04:00,119.42946352714927,121.34600353396539,117.68643999762348,120.5442886352539,412386000,0.0,0.0
2024-06-10 00:00:00-04:00,120.02775723865274,122.74999082651334,116.6773100476689,121.44371795654297,313434100,0.0,10.0
2024-06-11 00:00:00-04:00,121.43375200225071,122.53072064853247,118.41211998717576,120.57613372802734,222551200,0.01,0.0
2024-06-12 00:00:00-04:00,122.72018091821553,126.5296321042774,122.23153612962203,124.8542709350586,299595000,0.0,0.0
2024-06-13 00:00:00-04:00,129.03272721920433,129.44159877760444,126.80888896455666,129.2521209716797,260704500,0.0,0.0
2024-06-14 00:00:00-04:00,129.60112719578945,132.47316384016574,127.9656566008486,131.5158233642578,309320400,0.0,0.0
2024-06-17 00:00:00-04:00,132.6227916073861,133.36073857025062,129.22220369566065,130.6183319091797,288504400,0.0,0.0
2024-06-18 00:00:00-04:00,130.77788509132313,135.95355648117285,130.32913071079423,135.20562744140625,294335100,0.0,0.0
2024-06-20 00:00:00-04:00,139.41394956266274,140.37129003031137,129.16233868973217,130.41885375976562,517768400,0.0,0.0
2024-06-21 00:00:00-04:00,126.76898910126683,130.2692991464158,123.95677620908012,126.22050476074219,649445800,0.0,0.0
2024-06-24 00:00:00-04:00,122.89967494041525,124.11630717061917,117.71403760101381,117.78384399414062,476060900,0.0,0.0
2024-06-25 00:00:00-04:00,120.86531009404065,126.1506774907381,118.99050434542877,125.74180603027344,414192600,0.0,0.0
2024-06-26 00:00:00-04:00,125.78171327779911,127.76621614131051,122.2614619181134,126.05097198486328,362975900,0.0,0.0
2024-06-27 00:00:00-04:00,123.75731038151326,126.06093675176166,122.58056851355609,123.64761352539062,252571700,0.0,0.0
2024-06-28 00:00:00-04:00,124.23598924744037,127.35734339260638,122.41104074475835,123.19886016845703,315516700,0.0,0.0
2024-07-01 00:00:00-04:00,123.12905433583957,124.49526638375627,118.50186772113265,123.9567642211914,284885500,0.0,0.0
2024-07-02 00:00:00-04:00,120.79551228090267,123.06922274393042,120.69578993975959,122.33126068115234,218374000,0.0,0.0
2024-07-03 00:00:00-04:00,121.32408029184768,127.92579650878906,121.024905598081,127.92579650878906,215749000,0.0,0.0
2024-07-05 00:00:00-04:00,127.02824387543221,128.49419337092286,125.33294138222224,125.48252868652344,214176700,0.0,0.0
2024-07-08 00:00:00-04:00,127.1379469199517,130.40889591730686,126.6891925935073,127.84598541259766,237677300,0.0,0.0
2024-07-09 00:00:00-04:00,129.99005737514514,133.4504765285805,128.29473958471138,131.0172119140625,285366600,0.0,0.0
2024-07-10 00:00:00-04:00,133.65988550841513,134.72693809179796,132.0543307877707,134.53746032714844,248978600,0.0,0.0
2024-07-11 00:00:00-04:00,135.37515978161727,135.7740491933907,126.69918573397183,127.0482177734375,374782700,0.0,0.0
2024-07-12 00:00:00-04:00,127.90582806874107,131.5557253023775,126.86870653322082,128.8831329345703,252680500,0.0,0.0
2024-07-15 00:00:00-04:00,130.19946809344353,131.02717795052595,126.828804392605,128.0853271484375,208326200,0.0,0.0
2024-07-16 00:00:00-04:00,128.0853283678797,128.68366239858466,124.2359867587292,126.01107025146484,214769500,0.0,0.0
2024-07-17 00:00:00-04:00,121.01490699704938,121.51352631521466,116.39769484983655,117.6641845703125,390086200,0.0,0.0
2024-07-18 00:00:00-04:00,121.51351868069985,122.062002939552,116.23812571295703,120.755615234375,320979500,0.0,0.0
2024-07-19 00:00:00-04:00,120.01768614879163,121.2642346289584,117.04591883273778,117.6043701171875,217223800,0.0,0.0
2024-07-22 00:00:00-04:00,120.01766653236042,123.72739542032818,119.52902173833405,123.19886016845703,258068900,0.0,0.0
2024-07-23 00:00:00-04:00,122.44096551828241,124.34569507405075,121.76284290265906,122.2514877319336,173911000,0.0,0.0
2024-07-24 00:00:00-04:00,118.84093724595712,119.61878223552345,113.12676360209511,113.93452453613281,327776900,0.0,0.0
2024-07-25 00:00:00-04:00,112.72785895570485,116.30794209044977,106.00647252262672,111.96995544433594,460067000,0.0,0.0
2024-07-26 00:00:00-04:00,115.86915683172242,115.87912373985303,111.27188621900741,112.74779510498047,293399100,0.0,0.0
2024-07-29 00:00:00-04:00,113.3760676606231,115.95891218291776,110.99266783046404,111.2818603515625,248152100,0.0,0.0
2024-07-30 00:00:00-04:00,111.21204752075072,111.68075088933978,102.2568489765504,103.44356536865234,486833300,0.0,0.0
2024-07-31 00:00:00-04:00,112.58823561538453,118.01320824039244,110.57380945153913,116.69685363769531,473174200,0.0,0.0
2024-08-01 00:00:00-04:00,117.20544905631927,119.82819139029307,106.51505026446524,108.9084243774414,523462300,0.0,0.0
2024-08-02 00:00:00-04:00,103.47348325737674,108.41978599115991,101.09008352011347,106.97378540039062,482027500,0.0,0.0
2024-08-05 00:00:00-04:00,91.80578374541406,103.12444802394918,90.43957172286065,100.17261505126953,552842400,0.0,0.0
2024-08-06 00:00:00-04:00,103.55325619325184,107.41257244920943,100.27234777984627,103.96212768554688,409012100,0.0,0.0
2024-08-07 00:00:00-04:00,107.51228858966286,108.49956025923653,98.41747763354093,98.63687133789062,411440400,0.0,0.0
2024-08-08 00:00:00-04:00,101.71832293161789,105.20865754201655,97.25069128264433,104.68012237548828,391910000,0.0,0.0
2024-08-09 00:00:00-04:00,105.348288539487,106.30563671378638,103.14439207443418,104.46074676513672,290844200,0.0,0.0
2024-08-12 00:00:00-04:00,106.02641463942724,110.76329830179426,105.96658275414626,108.71895599365234,325559900,0.0,0.0
2024-08-13 00:00:00-04:00,112.1295103919247,115.90904559128121,111.27188458899278,115.81929016113281,312646700,0.0,0.0
2024-08-14 00:00:00-04:00,118.20269875673235,118.27250515954668,113.75501518576698,117.75394439697266,339246400,0.0,0.0
2024-08-15 00:00:00-04:00,118.43206727440648,122.89969228155606,117.1456284695593,122.52074432373047,318086700,0.0,0.0
2024-08-16 00:00:00-04:00,121.60328301302395,124.6548308372553,120.84537951120186,124.23599243164062,302589900,0.0,0.0
2024-08-19 00:00:00-04:00,123.93681555512863,129.64102172851562,123.07918972579691,129.64102172851562,318333600,0.0,0.0
2024-08-20 00:00:00-04:00,128.04543898793298,129.52136317375601,125.54237540722741,126.89862060546875,300087400,0.0,0.0
2024-08-21 00:00:00-04:00,126.96844527510662,128.99284645503002,126.31027161533281,128.1451873779297,257883600,0.0,0.0
2024-08-22 00:00:00-04:00,129.66097288180268,130.38895283197962,122.7600756761678,123.39830780029297,376189100,0.0,0.0
2024-08-23 00:00:00-04:00,125.51246908853835,129.24214747384983,124.87423690023081,129.0127716064453,323230300,0.0,0.0
2024-08-26 00:00:00-04:00,129.21222218734667,130.8975427630235,124.0265765218376,126.11080169677734,331964700,0.0,0.0
2024-08-27 00:00:00-04:00,124.70470624383526,128.84324088713785,123.53793114727517,127.94573211669922,303134600,0.0,0.0
2024-08-28 00:00:00-04:00,127.7662011587005,127.97562795444843,122.30133803695934,125.26313781738281,448101100,0.0,0.0
2024-08-29 00:00:00-04:00,121.02488328117458,124.0864056350864,116.38772203285157,117.26528930664062,453023300,0.0,0.0
2024-08-30 00:00:00-04:00,119.19992897597831,121.41379989153823,116.89631023816276,119.04037475585938,333751600,0.0,0.0
2024-09-03 00:00:00-04:00,115.68965014821475,115.8890948214911,106.99372848681783,107.70176696777344,477155100,0.0,0.0
2024-09-04 00:00:00-04:00,105.11893116355375,112.95722005840781,103.83249237473713,105.91671752929688,372470300,0.0,0.0
2024-09-05 00:00:00-04:00,104.70009212019605,109.34722825345308,104.47073147298623,106.9139633178711,306850700,0.0,0.0
2024-09-06 00:00:00-04:00,107.74166341909986,107.85136027800363,100.67123751563678,102.54605102539062,413638100,0.0,0.0
2024-09-09 00:00:00-04:00,104.59038154400555,106.25577578698045,103.4036727846321,106.17599487304688,273912000,0.0,0.0
2024-09-10 00:00:00-04:00,107.51228306871653,109.09789628161208,104.660180275284,107.80148315429688,268283700,0.0,0.0
2024-09-11 00:00:00-04:00,109.0879346022382,116.86639906475774,107.12337325723898,116.58717346191406,441422400,0.0,0.0
2024-09-12 00:00:00-04:00,116.52733397843357,120.46676839354188,115.07124183313299,118.82118225097656,366052700,0.01,0.0
2024-09-13 00:00:00-04:00,118.76132975848293,119.63897203588232,117.28528706438033,118.7812728881836,238358300,0.0,0.0
2024-09-16 00:00:00-04:00,116.47745888999548,117.86373849865818,114.05396151496328,116.46748352050781,248772300,0.0,0.0
2024-09-17 00:00:00-04:00,117.85377554798693,118.48209453930119,114.52271703198278,115.28067779541016,231925900,0.0,0.0
2024-09-18 00:00:00-04:00,115.57986510061662,117.38501890816246,112.917012138231,113.06661224365234,310318900,0.0,0.0
2024-09-19 00:00:00-04:00,117.0359679559666,119.33979153223306,116.93623707940027,117.55458068847656,293506400,0.0,0.0
2024-09-20 00:00:00-04:00,116.74675151820551,118.30258221910756,115.0812221714436,115.68959045410156,382462400,0.0,0.0
2024-09-23 00:00:00-04:00,116.23810026304875,116.67691759238959,114.55262048539709,115.9488754272461,206228500,0.0,0.0
2024-09-24 00:00:00-04:00,116.20818172536411,121.47405850127808,115.07123304654733,120.54654693603516,354966800,0.0,0.0
2024-09-25 00:00:00-04:00,121.69345582540069,124.60564732192762,121.28455699350084,123.17947387695312,284692900,0.0,0.0
2024-09-26 00:00:00-04:00,126.46066179788725,127.32832864041526,121.47404276183455,123.70804595947266,302582900,0.0,0.0
2024-09-27 00:00:00-04:00,123.63824884420143,123.6980858451405,118.94085404604166,121.07512664794922,271009200,0.0,0.0
2024-09-30 00:00:00-04:00,117.99339940741461,121.1748653861715,117.83383152489164,121.11502838134766,226553700,0.0,0.0
2024-10-01 00:00:00-04:00,121.4441210323085,122.11233379004094,115.4801287113044,116.6868896484375,302094500,0.0,0.0
2024-10-02 00:00:00-04:00,116.12840510154699,119.06053238913914,114.831880901423,118.53195190429688,221845900,0.0,0.0
2024-10-03 00:00:00-04:00,120.59641230247804,124.0272091849403,120.01796257527629,122.52124786376953,277118000,0.0,0.0
2024-10-04 00:00:00-04:00,124.6056517279934,124.70538259718006,121.50397375972977,124.58570098876953,243678100,0.0,0.0
2024-10-07 00:00:00-04:00,124.65551433206126,130.29039598837593,124.61562046227938,127.37821197509766,346250200,0.0,0.0
2024-10-08 00:00:00-04:00,129.9114112143918,133.1227955252644,129.07366275536995,132.5343780517578,285722500,0.0,0.0
2024-10-09 00:00:00-04:00,133.75112849037495,134.16003500176663,131.02843810434518,132.29502868652344,246191600,0.0,0.0
2024-10-10 00:00:00-04:00,131.55700075403345,134.63872798675436,130.64943234270237,134.44923400878906,242311300,0.0,0.0
2024-10-11 00:00:00-04:00,133.65139075503694,135.41665858843493,133.3023364675461,134.4392852783203,170209500,0.0,0.0
2024-10-14 00:00:00-04:00,136.1047763660898,139.22640464182354,135.93523315102433,137.70050048828125,232347700,0.0,0.0
2024-10-15 00:00:00-04:00,137.50104323972985,138.1991821543322,128.3954862474048,131.24783325195312,377831000,0.0,0.0
2024-10-16 00:00:00-04:00,133.6214472599385,136.25438165655956,131.22787606953918,135.35679626464844,264879700,0.0,0.0
2024-10-17 00:00:00-04:00,138.9671381366491,140.5129935540953,136.5037463621669,136.56358337402344,306435900,0.0,0.0
2024-10-18 00:00:00-04:00,138.2989120156457,138.52829226592988,136.9126323168706,137.63070678710938,176090200,0.0,0.0
2024-10-21 00:00:00-04:00,137.76036967912168,143.325439453125,137.63071268872676,143.325439453125,264554500,0.0,0.0
2024-10-22 00:00:00-04:00,142.52756130979012,144.03351491090646,141.40058044009385,143.2057342529297,226311600,0.0,0.0
2024-10-23 00:00:00-04:00,141.64993025905358,142.04885378245024,137.09216737152124,139.18653869628906,285930000,0.0,0.0
2024-10-24 00:00:00-04:00,140.4431777464081,140.97175826689335,138.08949241788707,140.03427124023438,172354900,0.0,0.0
2024-10-25 00:00:00-04:00,140.55285615055817,143.74430494634163,140.4232143860229,141.16122436523438,205122100,0.0,0.0
2024-10-28 00:00:00-04:00,142.61729477054212,142.7569194853756,139.67519278215292,140.14393615722656,173586700,0.0,0.0
2024-10-29 00:00:00-04:00,139.91458673541953,141.87931636585566,138.52830689029554,140.8720245361328,157593600,0.0,0.0
2024-10-30 00:00:00-04:00,139.1665637778278,139.95445814390004,136.44387391965424,138.96710205078125,179418100,0.0,0.0
2024-10-31 00:00:00-04:00,137.2317836775648,137.24175143875112,131.756469630996,132.40472412109375,270039600,0.0,0.0
2024-11-01 00:00:00-04:00,134.33951978002003,136.94253564166783,134.2098780275083,135.0376434326172,207127800,0.0,0.0
2024-11-04 00:00:00-05:00,136.84282779526694,138.58814473225323,135.207217103038,135.68592834472656,187528200,0.0,0.0
2024-11-05 00:00:00-05:00,137.08217511986183,139.99435925396384,136.9625011145287,139.5355987548828,160537400,0.0,0.0
2024-11-06 00:00:00-05:00,142.57743460752744,146.09798683530676,141.58011068537002,145.2203369140625,242043900,0.0,0.0
2024-11-07 00:00:00-05:00,145.9982707339075,148.5314671885647,145.77885821996583,148.4816131591797,207323300,0.0,0.0
2024-11-08 00:00:00-05:00,148.3718728926044,149.3691967390222,145.868580298605,147.23492431640625,175665800,0.0,0.0
2024-11-11 00:00:00-05:00,148.28212306443757,148.45168153400843,143.18581210072784,144.87127685546875,182325600,0.0,0.0
2024-11-12 00:00:00-05:00,146.38721941597868,149.24953450275174,145.61927565442116,147.89317321777344,198634700,0.0,0.0
2024-11-13 00:00:00-05:00,148.67108050956173,148.93037924410717,145.5095503668412,145.87857055664062,191903300,0.0,0.0
2024-11-14 00:00:00-05:00,147.24489842760545,148.60125952595652,145.16049515099348,146.36724853515625,194463300,0.0,0.0
2024-11-15 00:00:00-05:00,144.4823175216733,144.85133773586546,139.70514243904907,141.6000518798828,250132900,0.0,0.0
2024-11-18 00:00:00-05:00,139.12669362767247,141.17121080701085,136.78297621414575,139.7749481201172,221205300,0.0,0.0
2024-11-19 00:00:00-05:00,140.94180242373534,146.73625109020787,140.61268375361473,146.61656188964844,227834900,0.0,0.0
2024-11-20 00:00:00-05:00,147.0155246522584,147.16511715506326,142.34804073132528,145.4995880126953,309871700,0.0,0.0
2024-11-21 00:00:00-05:00,148.95033233522298,152.48085228758558,140.3234713661803,146.27749633789062,400946600,0.0,0.0
2024-11-22 00:00:00-05:00,145.539474391015,146.7661937868221,140.72241318136372,141.57012939453125,236406200,0.0,0.0
2024-11-25 00:00:00-05:00,141.61003096699034,141.66986796819967,135.45654411602544,135.656005859375,344941900,0.0,0.0
2024-11-26 00:00:00-05:00,137.33151565059862,138.9272401830298,135.30694909062626,136.55360412597656,190287700,0.0,0.0
2024-11-27 00:00:00-05:00,134.64872544889366,136.8528184743226,131.44732351041552,134.97784423828125,226370900,0.0,0.0
2024-11-29 00:00:00-05:00,136.41396798376013,138.97709782710584,135.68592576491588,137.88003540039062,141863200,0.0,0.0
2024-12-02 00:00:00-05:00,138.45849496272686,140.07415499884576,137.45120318506554,138.259033203125,171682800,0.0,0.0
2024-12-03 00:00:00-05:00,137.8899957715255,140.1638930268938,137.58082780000817,139.8846435546875,164414000,0.0,0.0
2024-12-04 00:00:00-05:00,141.61999054867616,145.39984134699782,139.91456002292938,144.7515869140625,231224300,0.0,0.0
2024-12-05 00:00:00-05:00,144.73165063129176,146.1579148411047,143.57467148409813,144.68177795410156,172621200,0.01,0.0
2024-12-06 00:00:00-05:00,144.2229906612707,145.3201135010368,140.94156015213164,142.06861877441406,188505600,0.0,0.0
2024-12-09 00:00:00-05:00,138.60766082087318,139.58510137793925,136.77246195727844,138.4480743408203,189308600,0.0,0.0
2024-12-10 00:00:00-05:00,138.6475644899376,141.45025097804097,133.4411729750498,134.7178497314453,210020900,0.0,0.0
2024-12-11 00:00:00-05:00,137.00187962937622,139.804551044422,134.85749113417228,138.94679260253906,184905200,0.0,0.0
2024-12-12 00:00:00-05:00,136.72260169557995,138.0790564611993,135.445940177233,136.98191833496094,159211400,0.0,0.0
2024-12-13 00:00:00-05:00,138.57775313836598,139.2360360155149,132.19443031399229,133.8999786376953,231514900,0.0,0.0
2024-12-16 00:00:00-05:00,133.8301313094174,134.04955889819416,130.07994062496547,131.65582275390625,237951100,0.0,0.0
2024-12-17 00:00:00-05:00,128.75340490862754,131.24688636654815,126.52922370948323,130.05001831054688,259410300,0.0,0.0
2024-12-18 00:00:00-05:00,133.51095751271384,136.34354849340636,127.94550566757769,128.57386779785156,277444500,0.0,0.0
2024-12-19 00:00:00-05:00,131.41644980197495,133.68053537391728,129.212220572867,130.33926391601562,209719200,0.0,0.0
2024-12-20 00:00:00-05:00,129.4715360054975,134.92727495716574,127.88568536239204,134.34878540039062,306528600,0.0,0.0
2024-12-23 00:00:00-05:00,135.9246564899382,139.42549888718457,134.76767747092137,139.30581665039062,176053500,0.0,0.0
2024-12-24 00:00:00-05:00,139.63497303105362,141.53001300601622,138.28848684636677,139.85440063476562,105157000,0.0,0.0
2024-12-26 00:00:00-05:00,139.3357437329122,140.482754358897,137.37087908554133,139.5651397705078,116205600,0.0,0.0
2024-12-27 00:00:00-05:00,138.1887488761999,138.65752461945982,134.35876491420703,136.6527557373047,170582600,0.0,0.0
2024-12-30 00:00:00-05:00,134.47844750631418,139.9042657427297,133.67056192681179,137.1315155029297,167734700,0.0,0.0
2024-12-31 00:00:00-05:00,137.67011945974758,137.71002369221526,133.48107297196478,133.9398651123047,155659200,0.0,0.0
2025-01-02 00:00:00-05:00,135.64541181631114,138.51790776015002,134.2789886408903,137.9493865966797,198247200,0.0,0.0
2025-01-03 00:00:00-05:00,139.64492988439244,144.52217900012494,139.36566117903786,144.0933074951172,229322500,0.0,0.0
2025-01-06 00:00:00-05:00,148.20259893760334,151.76329869340904,147.43461740592554,149.0404052734375,265377400,0.0,0.0
2025-01-07 00:00:00-05:00,152.6310037262881,152.73074908393107,139.64494650562293,139.7746124267578,351782200,0.0,0.0
2025-01-08 00:00:00-05:00,142.20825109505992,143.57467420574872,137.20133554653654,139.74468994140625,227349900,0.0,0.0
2025-01-10 00:00:00-05:00,137.09161147098868,139.55517244006612,133.870037595658,135.55563354492188,207602500,0.0,0.0
2025-01-13 00:00:00-05:00,129.65104202056588,133.14191537925532,129.17228271655128,132.88258361816406,204808900,0.0,0.0
2025-01-14 00:00:00-05:00,135.6952813829554,136.02442280388445,129.71092511662002,131.4164581298828,195590500,0.0,0.0
2025-01-15 00:00:00-05:00,133.30152233922777,136.094224818832,130.9476750631476,135.88478088378906,185217300,0.0,0.0
2025-01-16 00:00:00-05:00,138.27852927433761,138.38824308482273,133.14196273572836,133.2217559814453,209235600,0.0,0.0
2025-01-17 00:00:00-05:00,136.33360735729912,138.13888566634566,135.10681862678206,137.3509521484375,201188800,0.0,0.0
2025-01-21 00:00:00-05:00,138.79717036536638,141.4602070208564,136.7325601923546,140.4628143310547,197749000,0.0,0.0
2025-01-22 00:00:00-05:00,144.2828338584672,147.40466270866227,143.2954095914058,146.68655395507812,237651400,0.0,0.0
2025-01-23 00:00:00-05:00,144.67182587415004,146.84613483080005,143.34529164963172,146.83616638183594,155915500,0.0,0.0
2025-01-24 00:00:00-05:00,147.98316218253018,148.58160393928114,141.5100927680708,142.24815368652344,234657600,0.0,0.0
2025-01-27 00:00:00-05:00,124.47460659166907,128.06521102414737,116.39571998533557,118.11123657226562,818830900,0.0,0.0
2025-01-28 00:00:00-05:00,121.49241361825959,128.66367023130923,115.94691212705192,128.65370178222656,579666400,0.0,0.0
2025-01-29 00:00:00-05:00,126.17017448185184,126.55915701971556,119.7369947161038,123.37747192382812,467120600,0.0,0.0
2025-01-30 00:00:00-05:00,122.77903527699785,124.67408285834512,117.79207196266405,124.32499694824219,392925500,0.0,0.0
2025-01-31 00:00:00-05:00,123.45726880122108,127.5166568388694,118.87923990097873,119.75694274902344,388161100,0.0,0.0
2025-02-03 00:00:00-05:00,114.45081877343719,118.26085879772401,112.71535750831777,116.35584259033203,371235700,0.0,0.0
2025-02-04 00:00:00-05:00,116.65504122535879,120.88398385074507,116.39571701060105,118.34063720703125,256550000,0.0,0.0
2025-02-05 00:00:00-05:00,121.44253659311748,124.67408679210826,120.44514389878061,124.50453186035156,262230800,0.0,0.0
2025-02-06 00:00:00-05:00,127.08775801782105,128.43424405982125,124.8835213759819,128.34446716308594,251483600,0.0,0.0
2025-02-07 00:00:00-05:00,128.88308623826384,130.03008175856976,124.67408781607283,129.50146484375,228186300,0.0,0.0
2025-02-10 00:00:00-05:00,129.75081827828257,134.64802029874645,129.6211675706223,133.2217559814453,216989100,0.0,0.0
2025-02-11 00:00:00-05:00,132.23432300379022,134.12936300336048,130.67839286199495,132.45375061035156,178902400,0.0,0.0
2025-02-12 00:00:00-05:00,129.68099034166102,131.89520313508,128.74343886096966,130.79806518554688,160278600,0.0,0.0
2025-02-13 00:00:00-05:00,131.2169852346524,136.14410776005724,130.8280026783839,134.937255859375,197430000,0.0,0.0
2025-02-14 00:00:00-05:00,136.12414513567924,138.8869270481558,135.1467045962306,138.48797607421875,195479600,0.0,0.0
2025-02-18 00:00:00-05:00,140.90166414837108,143.06600437599374,137.57036112568994,139.03652954101562,219176600,0.0,0.0
2025-02-19 00:00:00-05:00,139.14625788985987,140.99144057578553,136.86223517532474,138.8669891357422,167536000,0.0,0.0
2025-02-20 00:00:00-05:00,139.6648967001902,140.29325896288867,136.43333891646114,139.74468994140625,143903600,0.0,0.0
2025-02-21 00:00:00-05:00,139.67487215272783,141.09118323158302,133.68054728393315,134.07949829101562,228217600,0.0,0.0
2025-02-24 00:00:00-05:00,136.20394796569565,138.22865397806314,129.74084737496105,129.94032287597656,251381100,0.0,0.0
2025-02-25 00:00:00-05:00,129.64109140603463,129.86051900489684,124.11554286315072,126.2998275756836,271428700,0.0,0.0
2025-02-26 00:00:00-05:00,129.6510837247691,133.38132271635274,128.1549946612343,130.93771362304688,322553800,0.0,0.0
2025-02-27 00:00:00-05:00,134.64801060127058,134.6579790491402,119.69709659183455,119.83673095703125,443175800,0.0,0.0
2025-02-28 00:00:00-05:00,117.71228067710521,124.76384661623277,116.09650940652436,124.59429168701172,389091100,0.0,0.0
2025-03-03 00:00:00-05:00,123.18796891235903,123.37746834229016,111.98724605192426,113.76260375976562,411381400,0.0,0.0
2025-03-04 00:00:00-05:00,110.36151024571446,118.99892757705338,109.82291724300465,115.68758392333984,398163300,0.0,0.0
2025-03-05 00:00:00-05:00,117.27343224392774,117.97160407078815,114.21143704412195,116.9941635131836,284337900,0.0,0.0
2025-03-06 00:00:00-05:00,113.23399700198848,115.0492514915792,109.93262945458795,110.2817153930664,321181900,0.0,0.0
2025-03-07 00:00:00-05:00,110.9599388924034,113.18412798197828,107.27955736061682,112.39618682861328,341755500,0.0,0.0
2025-03-10 00:00:00-04:00,109.61344966651625,111.5583622176382,105.18502403072868,106.70106506347656,366487400,0.0,0.0
2025-03-11 00:00:00-04:00,106.71103594468934,111.94734728122161,104.49682307629253,108.47642517089844,354865700,0.0,0.0
2025-03-12 00:00:00-04:00,113.83292501602207,116.46628328215824,112.59603885298675,115.44884490966797,323857500,0.01,0.0
2025-03-13 00:00:00-04:00,116.73559490158165,117.46376184203,113.50374766538481,115.28924560546875,299033100,0.0,0.0
2025-03-14 00:00:00-04:00,118.31162236591584,121.57339292473429,117.85278046649132,121.36392211914062,277593500,0.0,0.0
2025-03-17 00:00:00-04:00,122.43122525765534,122.58084943008083,117.73307494878493,119.22930145263672,255501500,0.0,0.0
2025-03-18 00:00:00-04:00,117.70316017412442,118.7205909220559,114.25186503478537,115.1396255493164,299686900,0.0,0.0
2025-03-19 00:00:00-04:00,116.97498651717953,120.14698705841565,115.3889900516623,117.22435760498047,273426200,0.0,0.0
2025-03-20 00:00:00-04:00,116.25681189739694,119.89762393291265,116.17701131755277,118.23182678222656,248829700,0.0,0.0
2025-03-21 00:00:00-04:00,116.64582513098318,117.6931791575635,115.1296446207881,117.4039077758789,266498500,0.0,0.0
2025-03-24 00:00:00-04:00,119.57842622721644,121.91254366285413,119.03978374206928,121.10458374023438,228452500,0.0,0.0
2025-03-25 00:00:00-04:00,120.24674348347415,120.98487978418257,118.62083909476823,120.38639068603516,167447200,0.0,0.0
2025-03-26 00:00:00-04:00,118.4313220614094,118.5410383402261,112.42646191953317,113.47382354736328,293463300,0.0,0.0
2025-03-27 00:00:00-04:00,111.06988814101668,114.1620883069464,110.3816290692769,111.14968872070312,236902100,0.0,0.0
2025-03-28 00:00:00-04:00,111.20954068147716,112.58607411134861,108.79563010676111,109.39411926269531,229872500,0.0,0.0
2025-03-31 00:00:00-04:00,104.86553641067388,110.68087252083329,103.38926370156523,108.10736083984375,299212700,0.0,0.0
2025-04-01 00:00:00-04:00,108.2470125996811,109.92278683325367,106.20217397842941,109.87291717529297,222614000,0.0,0.0
2025-04-02 00:00:00-04:00,107.0200962834212,111.69830029652357,106.5213541109438,110.14221954345703,220601200,0.0,0.0
2025-04-03 00:00:00-04:00,103.24961996040646,105.36428217323731,101.34442096353821,101.5439224243164,338769400,0.0,0.0
2025-04-04 00:00:00-04:00,98.66119636165205,99.87812106911886,91.87829866162578,94.07276153564453,532273800,0.0,0.0
2025-04-07 00:00:00-04:00,87.23998007579976,101.49403230771996,86.40209687721266,97.39437103271484,611041300,0.0,0.0
2025-04-08 00:00:00-04:00,103.54885717389794,105.58372634261488,94.2223791915971,96.05775451660156,476243400,0.0,0.0
2025-04-09 00:00:00-04:00,98.6412345329499,114.8104562069238,97.28465510127192,114.04239654541016,612918300,0.0,0.0
2025-04-10 00:00:00-04:00,109.09486759895934,110.58111717003517,98.9005761841806,107.29939270019531,437812400,0.0,0.0
2025-04-11 00:00:00-04:00,108.22705265135043,111.26938298194372,107.20962195648086,110.65093994140625,313417300,0.0,0.0
2025-04-14 00:00:00-04:00,113.82295197096049,114.00249947758738,108.7956293956101,110.43150329589844,264705000,0.0,0.0
2025-04-15 00:00:00-04:00,110.69084593782598,113.33418114021705,110.22202704858428,111.9177474975586,228966900,0.0,0.0
2025-04-16 00:00:00-04:00,104.2869965726397,106.52135948725393,100.1973044637503,104.22714233398438,397016900,0.0,0.0
2025-04-17 00:00:00-04:00,104.1872406628714,104.20719461222582,99.79831546993584,101.23468780517578,292517500,0.0,0.0
2025-04-21 00:00:00-04:00,98.52153569265882,99.18985605733366,94.80092295909544,96.66622161865234,288501100,0.0,0.0
2025-04-22 00:00:00-04:00,98.53150383378456,99.55891150664588,97.03527729423074,98.64122772216797,241004800,0.0,0.0
2025-04-23 00:00:00-04:00,104.25705857766793,104.53636058197965,101.76334775853866,102.45161437988281,247526000,0.0,0.0
2025-04-24 00:00:00-04:00,103.21968611105362,106.2719858525715,102.85061415392688,106.16226196289062,220815000,0.0,0.0
2025-04-25 00:00:00-04:00,106.58121206849437,111.63845793071249,105.46403435389149,110.73075103759766,251064700,0.0,0.0
2025-04-28 00:00:00-04:00,109.4140660423662,110.09235573735528,105.75329251827114,108.45648193359375,207708500,0.0,0.0
2025-04-29 00:00:00-04:00,107.39914041879526,109.92277466025524,107.16972327513623,108.74574279785156,170444300,0.0,0.0
2025-04-30 00:00:00-04:00,104.20719367744803,108.64599609375,103.81817538074749,108.64599609375,235044600,0.0,0.0
2025-05-01 00:00:00-04:00,112.79553450528941,114.6508560442669,111.02001354244473,111.32923126220703,236121500,0.0,0.0
2025-05-02 00:00:00-04:00,113.89276514634567,115.10969728977199,113.08480524563223,114.21195983886719,190194800,0.0,0.0
2025-05-05 00:00:00-04:00,112.62596928442517,114.38153638068397,112.3765981799359,113.53367614746094,133163200,0.0,0.0
2025-05-06 00:00:00-04:00,111.19956385128708,114.45135750397539,110.54122049681273,113.25437927246094,158525600,0.0,0.0
2025-05-07 00:00:00-04:00,112.7656187028628,117.38396890879066,111.99755142427854,116.7655258178711,206758800,0.0,0.0
2025-05-08 00:00:00-04:00,117.95253638522973,118.38145500376595,115.55857217968354,117.07475280761719,198428100,0.0,0.0
2025-05-09 00:00:00-04:00,117.05480348234514,117.93259470484641,114.92018728068513,116.3565673828125,132972200,0.0,0.0
2025-05-12 00:00:00-04:00,121.66318211752383,122.69058990478516,119.97743092665668,122.69058990478516,225023300,0.0,0.0
2025-05-13 00:00:00-04:00,124.66559728217729,130.88989748886456,124.1568781333485,129.60313415527344,330430100,0.0,0.0
2025-05-14 00:00:00-04:00,132.86494113292153,135.09931203986915,131.3487603310497,134.9995574951172,281180800,0.0,0.0
2025-05-15 00:00:00-04:00,133.9521641466833,135.9571173935552,132.32627503661865,134.49081420898438,226632600,0.0,0.0
2025-05-16 00:00:00-04:00,135.87733175434735,136.0070096021913,133.1242801768634,135.05938720703125,226542500,0.0,0.0
2025-05-19 00:00:00-04:00,132.05696494191162,135.5282065455698,132.05696494191162,135.22897338867188,193154600,0.0,0.0
2025-05-20 00:00:00-04:00,133.9521612557517,134.24144022899694,132.28636428496227,134.0419464111328,161514200,0.0,0.0
2025-05-21 00:00:00-04:00,132.72528507307794,137.05436414816955,130.26149714159004,131.4684600830078,270608700,0.0,0.0
2025-05-22 00:00:00-04:00,131.8973680939745,133.91229099864714,131.21908595560456,132.49586486816406,187344000,0.0,0.0
2025-05-23 00:00:00-04:00,129.67295354222074,132.3462040479136,128.83507041838283,130.95970153808594,198821300,0.0,0.0
2025-05-27 00:00:00-04:00,133.81252390577552,135.31873506532702,132.9746406768617,135.1591339111328,192953600,0.0,0.0
2025-05-28 00:00:00-04:00,135.68778777349254,136.9047198340945,134.4509017652276,134.47085571289062,304021100,0.0,0.0
2025-05-29 00:00:00-04:00,141.8921589021039,143.12904506361895,137.56308016740775,138.83985900878906,369241900,0.0,0.0
2025-05-30 00:00:00-04:00,138.37105052724368,139.26878048564038,132.5856374053386,134.7900848388672,333170900,0.0,0.0
2025-06-02 00:00:00-04:00,135.14916370580715,137.7725372671851,135.05937854437917,137.03440856933594,197663100,0.0,0.0
2025-06-03 00:00:00-04:00,138.43088175862894,141.64278269656361,137.60296789247522,140.86474609375,225578800,0.0,0.0
2025-06-04 00:00:00-04:00,141.83231333868676,142.03180718032695,139.18897047063936,141.56298828125,167120800,0.0,0.0
2025-06-05 00:00:00-04:00,141.8123566062966,143.63775490128222,138.48076233301106,139.63784790039062,231397900,0.0,0.0
2025-06-06 00:00:00-04:00,142.1515162209299,142.90961421188257,141.1540316815974,141.36351013183594,153986200,0.0,0.0
2025-06-09 00:00:00-04:00,142.8297985646697,144.63524295526028,141.58294302195193,142.27120971679688,185114500,0.0,0.0
2025-06-10 00:00:00-04:00,142.33106034435926,143.92702635161132,141.17397471532814,143.59786987304688,155881900,0.0,0.0
2025-06-11 00:00:00-04:00,144.25625056305435,144.6353258646159,141.52294776727436,142.48060607910156,167694000,0.01,0.0
2025-06-12 00:00:00-04:00,141.62270753548705,144.64529418945312,141.5030059559913,144.64529418945312,162365000,0.0,0.0
2025-06-13 00:00:00-04:00,142.13145812905782,143.2287733742275,140.50545582034982,141.62271118164062,180820600,0.0,0.0
2025-06-16 00:00:00-04:00,142.9993260342438,145.82238955213242,142.84968384945327,144.33604431152344,183133700,0.0,0.0
2025-06-17 00:00:00-04:00,144.13653073401778,144.8647406282524,143.42826095310537,143.76742553710938,139108000,0.0,0.0
2025-06-18 00:00:00-04:00,143.65770976302605,145.29369730081095,142.76988753620614,145.12411499023438,161494100,0.0,0.0
2025-06-20 00:00:00-04:00,145.09416929186932,145.84233449814036,142.30101614416546,143.4980926513672,242956200,0.0,0.0
2025-06-23 00:00:00-04:00,142.15140884759998,144.4258301714446,141.6825573691225,143.81732177734375,154308900,0.0,0.0
2025-06-24 00:00:00-04:00,145.20390562225958,147.59804349475166,145.1440548392029,147.53817749023438,187566100,0.0,0.0
2025-06-25 00:00:00-04:00,148.90483162044157,154.0721520137232,148.8948463426075,153.9324951171875,269146500,0.0,0.0
2025-06-26 00:00:00-04:00,155.59842060814296,156.33661581991106,153.6232685600938,154.64077758789062,198145700,0.0,0.0
2025-06-27 00:00:00-04:00,155.65826650868465,158.32174817747665,154.880175871103,157.3640899658203,263234500,0.0,0.0
2025-06-30 00:00:00-04:00,158.01248577811177,158.27185945851633,155.57846775508057,157.60350036621094,194580300,0.0,0.0
2025-07-01 00:00:00-04:00,155.90764810734902,156.81542555199195,151.1194029227986,152.9249725341797,213143600,0.0,0.0
2025-07-02 00:00:00-04:00,152.60576718743292,157.2144758260153,152.5957971297394,156.86532592773438,171224100,0.0,0.0
2025-07-03 00:00:00-04:00,157.98256705200242,160.58618269349765,157.3840439934681,158.9501953125,143716100,0.0,0.0
2025-07-07 00:00:00-04:00,157.81296409097388,158.92024910893554,156.95506745344088,157.85287475585938,140139000,0.0,0.0
2025-07-08 00:00:00-04:00,158.94022243433284,159.82804456030718,158.0025195823342,159.60858154296875,138133000,0.0,0.0
2025-07-09 00:00:00-04:00,160.82559421950873,164.01776272716893,160.76574343834326,162.48153686523438,183656400,0.0,0.0
2025-07-10 00:00:00-04:00,163.91802564623063,164.0975779997467,161.214648514871,163.6985626220703,167704100,0.0,0.0
2025-07-11 00:00:00-04:00,163.319494380175,167.4792915182188,163.07010595303956,164.5165557861328,193633300,0.0,0.0
2025-07-14 00:00:00-04:00,164.96544774793,165.08516454052796,161.62365204151925,163.66864013671875,136975800,0.0,0.0
2025-07-15 00:00:00-04:00,170.77121644956358,171.97824787505814,168.78607915204378,170.28240966796875,230627400,0.0,0.0
2025-07-16 00:00:00-04:00,170.64153593048928,171.32985042878116,168.4868162544787,170.95077514648438,158831500,0.0,0.0
2025-07-17 00:00:00-04:00,171.59918390717252,173.7339481189201,170.4120926228971,172.5767822265625,160841100,0.0,0.0
2025-07-18 00:00:00-04:00,173.21522225123383,173.8237306114437,170.841039596405,171.9882354736328,146456400,0.0,0.0
2025-07-21 00:00:00-04:00,172.32738268326037,172.95584631586675,170.58166390065136,170.9607391357422,123126100,0.0,0.0
2025-07-22 00:00:00-04:00,170.9208374301641,170.97071815657463,164.17738028748298,166.6213836669922,193114300,0.0,0.0
2025-07-23 00:00:00-04:00,169.1152862046913,170.84104993206878,167.55910478842375,170.3622283935547,154082200,0.0,0.0
2025-07-24 00:00:00-04:00,172.01816431437092,173.40476336343244,170.88095369299285,173.3149871826172,128984600,0.0,0.0
2025-07-25 00:00:00-04:00,173.18529303585547,174.29257821699642,172.53688923976992,173.0755615234375,122316800,0.0,0.0
2025-07-28 00:00:00-04:00,173.594294429185,176.56700011257405,173.54441370124516,176.31761169433594,140023500,0.0,0.0
2025-07-29 00:00:00-04:00,177.52464594674228,178.94117023690123,174.59183591750704,175.08062744140625,154077500,0.0,0.0
2025-07-30 00:00:00-04:00,176.07819353379378,179.4499298230835,175.60934208925488,178.83145141601562,174312200,0.0,0.0
2025-07-31 00:00:00-04:00,182.45256948733228,182.85160010862035,175.49961883405416,177.43487548828125,221685400,0.0,0.0
2025-08-01 00:00:00-04:00,173.6641186818972,176.1081221843386,170.47194991004753,173.29502868652344,204529000,0.0,0.0
2025-08-04 00:00:00-04:00,174.7315057215643,179.75916955634796,174.09307197712414,179.55966186523438,148174600,0.0,0.0
2025-08-05 00:00:00-04:00,179.18058718831315,179.81902093485988,175.46968627980374,177.82391357421875,156407600,0.0,0.0
2025-08-06 00:00:00-04:00,175.898641889325,179.4599006050506,175.81883576850015,178.9810791015625,137192300,0.0,0.0
2025-08-07 00:00:00-04:00,181.12583532286254,183.43018196887525,178.3626072705472,180.32778930664062,151878400,0.0,0.0
2025-08-08 00:00:00-04:00,181.10587113034643,182.85159004607542,179.95867528141937,182.2530517578125,123396700,0.0,0.0
2025-08-11 00:00:00-04:00,181.6046539661726,183.39026839012567,179.80905426349312,181.6146240234375,138323200,0.0,0.0
2025-08-12 00:00:00-04:00,182.51242163652668,184.02869221788941,179.0209838780724,182.71192932128906,145485700,0.0,0.0
2025-08-13 00:00:00-04:00,182.1732462738988,183.51994981646104,178.9112567337155,181.14576721191406,179871700,0.0,0.0
2025-08-14 00:00:00-04:00,179.3102712094187,182.57227595462552,179.02098734413144,181.57472229003906,129554000,0.0,0.0
2025-08-15 00:00:00-04:00,181.43506987144983,181.45500998578265,177.6044521364236,180.00856018066406,156602200,0.0,0.0
2025-08-18 00:00:00-04:00,180.15820389652,182.49247589603021,180.14821861780752,181.5647430419922,132008000,0.0,0.0
2025-08-19 00:00:00-04:00,181.98370991508045,182.0535459787435,175.06070018553257,175.2103271484375,185229200,0.0,0.0
2025-08-20 00:00:00-04:00,174.74148365399904,175.5694550698242,168.38707131580557,174.97091674804688,215142700,0.0,0.0
2025-08-21 00:00:00-04:00,174.42225404103465,176.46722675550242,173.38478976711397,174.5519256591797,140040900,0.0,0.0
2025-08-22 00:00:00-04:00,172.1877371490149,178.15310374912357,170.78118284108405,177.55458068847656,172789400,0.0,0.0
2025-08-25 00:00:00-04:00,177.91369740024777,181.46498591558236,176.13805314258047,179.3701171875,163012800,0.0,0.0
2025-08-26 00:00:00-04:00,179.61950918930867,181.94381103857447,178.37256711704984,181.32533264160156,168688200,0.0,0.0
2025-08-27 00:00:00-04:00,181.53480649120215,182.04356858750407,178.6618623689453,181.15574645996094,235518900,0.0,0.0
2025-08-28 00:00:00-04:00,180.3776517699909,184.01871637210735,175.9784366795831,179.72923278808594,281787800,0.0,0.0
2025-08-29 00:00:00-04:00,177.674269227683,177.71416467354967,172.72639675993378,173.75387573242188,243257900,0.0,0.0
2025-09-02 00:00:00-04:00,169.5841376854209,171.95832048388473,166.8109394751057,170.3622283935547,231164900,0.0,0.0
2025-09-03 00:00:00-04:00,170.64153226145447,171.9882358353705,168.46687251736884,170.20260620117188,164424900,0.0,0.0
2025-09-04 00:00:00-04:00,170.15273668191406,171.43957421789176,168.99557077235426,171.2400665283203,141670100,0.0,0.0
2025-09-05 00:00:00-04:00,167.61894341349083,168.61649709218636,163.66863936987482,166.61141967773438,224441400,0.0,0.0
2025-09-08 00:00:00-04:00,167.140134281122,170.54179623040895,166.94062657490792,167.8982696533203,163769100,0.0,0.0
2025-09-09 00:00:00-04:00,168.6763418810487,170.5617176578999,166.3320999523285,170.34225463867188,157548400,0.0,0.0
2025-09-10 00:00:00-04:00,176.20789518840485,178.851406558282,175.04075911822534,176.89620971679688,226852000,0.0,0.0
2025-09-11 00:00:00-04:00,179.25053151190707,179.84910351407555,176.05818301908454,176.7465362548828,151159300,0.01,0.0
2025-09-12 00:00:00-04:00,177.3451207317183,178.1731387966239,176.02826832324598,177.39500427246094,124911000,0.0,0.0
2025-09-15 00:00:00-04:00,175.25011923668302,178.4225264520066,174.0928881658194,177.3251495361328,147061600,0.0,0.0
2025-09-16 00:00:00-04:00,176.5769489507663,177.0757538913052,173.96321593348455,174.46202087402344,140737800,0.0,0.0
2025-09-17 00:00:00-04:00,172.22736966160153,172.78602876073558,168.00748411706098,169.8829803466797,211843800,0.0,0.0
2025-09-18 00:00:00-04:00,173.56417834624654,176.67673180432445,172.54662713675344,175.81878662109375,191763300,0.0,0.0
2025-09-19 00:00:00-04:00,175.34988368438943,177.65435995090164,174.76128231706025,176.2477264404297,237182100,0.0,0.0
2025-09-22 00:00:00-04:00,174.8810364137678,184.1089289332547,174.29245016588177,183.17117309570312,269637000,0.0,0.0
2025-09-23 00:00:00-04:00,181.53508786527138,181.98400930831284,175.78885990523673,178.0035400390625,192559600,0.0,0.0
2025-09-24 00:00:00-04:00,179.34032288959435,179.35029350783142,174.9807575937583,176.54701232910156,143564100,0.0,0.0
2025-09-25 00:00:00-04:00,174.06298508983102,179.82916955782613,172.71622074990066,177.26531982421875,191586700,0.0,0.0
2025-09-26 00:00:00-04:00,177.74415791919978,179.3403398828169,174.51189629291883,177.7641143798828,148573700,0.0,0.0
2025-09-29 00:00:00-04:00,179.99874009736317,183.56021461148362,179.8890176259668,181.4153594970703,193063500,0.0,0.0
2025-09-30 00:00:00-04:00,181.64480411708308,186.9022123120565,181.04623211551163,186.13404846191406,236981000,0.0,0.0
2025-10-01 00:00:00-04:00,184.7972757932568,187.69033860903804,183.46046686832446,186.79249572753906,173844900,0.0,0.0
2025-10-02 00:00:00-04:00,189.146847340247,190.59337868298996,187.6105195355423,188.43853759765625,136805800,0.0,0.0
2025-10-03 00:00:00-04:00,188.7378093314507,189.90501102540352,184.93691825112066,187.1715545654297,137596900,0.0,0.0
2025-10-06 00:00:00-04:00,185.05665991394912,186.78252099752746,182.8918479831437,185.0965576171875,157678100,0.0,0.0
2025-10-07 00:00:00-04:00,185.78489078203316,188.6081286768816,183.56022492696124,184.5977325439453,140088000,0.0,0.0
2025-10-08 00:00:00-04:00,186.12408236678675,189.14683908131633,186.09414006589398,188.6580047607422,130168900,0.0,0.0
2025-10-09 00:00:00-04:00,191.77054228398893,194.83321191134357,190.60334055524348,192.1097412109375,182997200,0.0,0.0
2025-10-10 00:00:00-04:00,193.04749823427522,195.15245586263575,181.61489659616785,182.7222442626953,268774400,0.0,0.0
2025-10-13 00:00:00-04:00,187.52074924115996,189.6556339904095,185.51555866051012,187.8699188232422,153482800,0.0,0.0
2025-10-14 00:00:00-04:00,184.32839277968645,184.35831986008523,179.2705030798172,179.59971618652344,205641400,0.0,0.0
2025-10-15 00:00:00-04:00,184.35831474003746,184.42813951825556,176.86625456034105,179.4001922607422,214450500,0.0,0.0
2025-10-16 00:00:00-04:00,181.79443681084305,182.84193018690272,179.34032512988762,181.3754425048828,179723300,0.0,0.0
2025-10-17 00:00:00-04:00,179.74934657743225,183.65999082680747,179.3203816221287,182.78208923339844,173135200,0.0,0.0
2025-10-20 00:00:00-04:00,182.69231029505525,184.75735492260156,181.2956472677441,182.20347595214844,128544700,0.0,0.0
2025-10-21 00:00:00-04:00,182.35311411361405,182.35311411361405,179.37027013728058,180.72702026367188,124240200,0.0,0.0
2025-10-22 00:00:00-04:00,180.7070509305708,183.00155667206866,176.33751483638122,179.84910583496094,162249600,0.0,0.0
2025-10-23 00:00:00-04:00,179.988777912505,182.59254038327154,179.3602787988416,181.72462463378906,111363700,0.0,0.0
2025-10-24 00:00:00-04:00,183.40060514170608,187.02193404421294,183.06142142022418,185.8148193359375,131296700,0.0,0.0
2025-10-27 00:00:00-04:00,189.5359184602369,191.54110896467577,187.9796341631504,191.03233337402344,153452700,0.0,0.0
2025-10-28 00:00:00-04:00,192.58859211843296,202.66444286407344,191.45131745385083,200.5495147705078,297986200,0.0,0.0
2025-10-29 00:00:00-04:00,207.482921843539,211.6828666070652,204.29057291407037,206.545166015625,308829600,0.0,0.0
2025-10-30 00:00:00-04:00,204.65966800141675,205.66726375798942,200.9286166610889,202.4050750732422,178864400,0.0,0.0
2025-10-31 00:00:00-04:00,205.95656932325562,207.4729406961805,201.5870481318289,202.00604248046875,179802200,0.0,0.0
2025-11-03 00:00:00-05:00,207.58267267525224,210.83487551397138,205.06869143040765,206.3855438232422,180267300,0.0,0.0
2025-11-04 00:00:00-05:00,202.51479915904252,203.48248192945988,197.4569099225941,198.21510314941406,188919300,0.0,0.0
2025-11-05 00:00:00-05:00,198.29492759193732,202.43500266122365,194.18476438007542,194.74343872070312,171350300,0.0,0.0
2025-11-06 00:00:00-05:00,195.9505570232203,197.14768599494536,185.93455918559198,187.6304931640625,223029800,0.0,0.0
2025-11-07 00:00:00-05:00,184.45805485831954,187.86989393508227,178.48238160939712,187.70028686523438,264942300,0.0,0.0
2025-11-10 00:00:00-05:00,194.6436788693004,199.46213677715232,193.32682642239038,198.5742645263672,198897100,0.0,0.0
2025-11-11 00:00:00-05:00,194.69355355890158,194.9529266552934,190.84277869998112,192.69833374023438,176483300,0.0,0.0
2025-11-12 00:00:00-05:00,195.2522010776849,195.42179292552225,190.67317551912151,193.3367919921875,154935300,0.0,0.0
2025-11-13 00:00:00-05:00,190.59337913278358,190.9824463944715,183.41059072037282,186.41339111328125,207423100,0.0,0.0
2025-11-14 00:00:00-05:00,182.42294356130517,190.55345800755302,180.14839424900484,189.71546936035156,186591900,0.0,0.0
2025-11-17 00:00:00-05:00,185.52552307898492,188.54828000089623,183.87947275520656,186.15402221679688,173628900,0.0,0.0
2025-11-18 00:00:00-05:00,182.94172058465782,184.3583249108488,179.22062444838815,180.92654418945312,213598900,0.0,0.0
2025-11-19 00:00:00-05:00,184.3483273978252,187.41099710874653,182.39302051116815,186.07420349121094,247246400,0.0,0.0
2025-11-20 00:00:00-05:00,195.4816571057099,195.53154064523628,179.42014682895694,180.208251953125,343504800,0.0,0.0
2025-11-21 00:00:00-05:00,180.80682891210233,184.11888595894638,172.51667761994415,178.4524688720703,346926200,0.0,0.0
2025-11-24 00:00:00-05:00,179.0610093294625,183.06141961318156,176.0581937395723,182.1136932373047,256618300,0.0,0.0
2025-11-25 00:00:00-05:00,174.49195573568102,177.73418799379976,169.1447659257062,177.39500427246094,320600300,0.0,0.0
2025-11-26 00:00:00-05:00,181.1958831941039,182.4728225932506,177.81398638784032,179.8291473388672,183852000,0.0,0.0
2025-11-28 00:00:00-05:00,178.5821404669205,178.86147001761242,176.07814512953246,176.5769500732422,121332800,0.0,0.0
2025-12-01 00:00:00-05:00,174.3423041351479,179.8690716163194,173.2648835948944,179.48997497558594,188131000,0.0,0.0
2025-12-02 00:00:00-05:00,181.32557695606172,185.2162648499111,179.56978894419797,181.02630615234375,182632200,0.0,0.0
2025-12-03 00:00:00-05:00,180.64722628696225,182.01394715864362,178.68193330759738,179.16078186035156,165138000,0.0,0.0
2025-12-04 00:00:00-05:00,181.19598816136636,184.08922700452197,179.53987513877786,182.95188903808594,167364900,0.01,0.0
2025-12-05 00:00:00-05:00,183.46070200471706,184.22890867632069,180.48766317737477,181.98416137695312,143971100,0.0,0.0
2025-12-08 00:00:00-05:00,182.213626289633,187.56111397793046,181.9741810893209,185.11683654785156,204378100,0.0,0.0
2025-12-09 00:00:00-05:00,185.12679644575,185.2864265695677,182.89203560496765,184.53817749023438,144719700,0.0,0.0
2025-12-10 00:00:00-05:00,184.53819180758595,185.0469957406681,181.61502392815055,183.35096740722656,162785400,0.0,0.0
2025-12-11 00:00:00-05:00,179.85912243695617,180.89670300875093,176.20766331092784,180.50759887695312,182136600,0.0,0.0
2025-12-12 00:00:00-05:00,180.68718311570447,182.39319766595756,174.21232912082112,174.6114044189453,204274900,0.0,0.0
2025-12-15 00:00:00-05:00,177.52457493122958,178.00345003705766,174.62136510726435,175.87841796875,164775600,0.0,0.0
2025-12-16 00:00:00-05:00,175.84850127733236,178.0733061224419,174.4916756985292,177.3050994873047,148588100,0.0,0.0
2025-12-17 00:00:00-05:00,175.68888113429998,175.71880987812392,169.91239000563186,170.54092407226562,222775500,0.0,0.0
2025-12-18 00:00:00-05:00,174.1225483861358,175.7387615308714,171.41888356310693,173.73345947265625,176096000,0.0,0.0
2025-12-19 00:00:00-05:00,176.25756723043006,181.02640724251643,175.9283357789888,180.56748962402344,324925900,0.0,0.0
2025-12-22 00:00:00-05:00,183.49062822521734,183.73007341419415,181.9243013805983,183.26116943359375,129064400,0.0,0.0
2025-12-23 00:00:00-05:00,182.54285710968043,188.88801027625055,182.47301321780614,188.76829528808594,174873600,0.0,0.0
2025-12-24 00:00:00-05:00,187.50124372172942,188.4689804086018,186.154389299292,188.169677734375,65528500,0.0,0.0
2025-12-26 00:00:00-05:00,189.47662851874142,192.240166195598,187.5611125998212,190.085205078125,139740300,0.0,0.0
2025-12-29 00:00:00-05:00,187.2717899684254,188.31932652162573,185.47598909796272,187.7805938720703,120006100,0.0,0.0
2025-12-30 00:00:00-05:00,187.8005508490403,188.5487999407664,186.49359631469858,187.1021728515625,97687300,0.0,0.0
2025-12-31 00:00:00-05:00,189.12744593978846,190.11512498868174,186.05463453876877,186.06460571289062,120100500,0.0,0.0
2026-01-02 00:00:00-05:00,189.39681300359115,192.47959571470966,187.8204997023152,188.4091339111328,148240500,0.0,0.0
2026-01-05 00:00:00-05:00,191.31233377676458,193.1779786425506,185.7154296257417,187.6808319091797,183529700,0.0,0.0
2026-01-06 00:00:00-05:00,190.07522846701318,191.72137039337454,186.3838692947835,186.80288696289062,176862600,0.0,0.0
2026-01-07 00:00:00-05:00,188.12978540958392,190.9232365533545,186.12446806753155,188.66851806640625,153543200,0.0,0.0
2026-01-08 00:00:00-05:00,188.66850725549676,189.10748247384038,183.2811201033086,184.60800170898438,172457000,0.0,0.0
2026-01-09 00:00:00-05:00,184.64792389684447,185.9049768874807,183.2412119543349,184.42843627929688,131327500,0.0,0.0
2026-01-12 00:00:00-05:00,182.79226917353867,186.6831584288149,182.59273912358015,184.5082550048828,137968500,0.0,0.0
2026-01-13 00:00:00-05:00,184.5681140987238,187.6708543554723,182.97184323887342,185.376220703125,160128900,0.0,0.0
2026-01-14 00:00:00-05:00,183.88970125566945,184.02937380837906,180.37791464347094,182.7124481201172,159586100,0.0,0.0
2026-01-15 00:00:00-05:00,186.06459276572707,189.25711892672572,185.89499147845774,186.61331176757812,206188600,0.0,0.0
2026-01-16 00:00:00-05:00,188.63857958929228,189.99540517049002,185.6455833269296,185.79522705078125,187967200,0.0,0.0
2026-01-20 00:00:00-05:00,181.4753422141945,181.95423259865512,177.1953640623503,177.654296875,223345300,0.0,0.0
2026-01-21 00:00:00-05:00,178.6320081827799,184.94723253133864,177.9835164834521,182.8920440673828,200381000,0.0,0.0
2026-01-22 00:00:00-05:00,184.31869154642928,185.7353746560278,183.5005985718231,184.40847778320312,139636600,0.0,0.0
2026-01-23 00:00:00-05:00,187.06227125943187,189.15737478680413,186.38386606278428,187.23187255859375,142748100,0.0,0.0
2026-01-26 00:00:00-05:00,186.7230748442759,188.6784906596197,185.55580805974404,186.03468322753906,124799600,0.0,0.0
2026-01-27 00:00:00-05:00,186.80288446054914,189.55643562401056,185.2664711415707,188.07989501953125,143711600,0.0,0.0
2026-01-28 00:00:00-05:00,190.82345963399504,191.9009400606663,189.39679023846315,191.0728759765625,148552700,0.0,0.0
2026-01-29 00:00:00-05:00,190.89331059974717,193.0283141326731,185.62563804704834,192.06057739257812,171764400,0.0,0.0
2026-01-30 00:00:00-05:00,190.76362243793778,194.0359639826301,189.0276790286862,190.68380737304688,179489500,0.0,0.0
2026-02-02 00:00:00-05:00,186.7629659025267,189.8557348322644,184.44839001538193,185.1766815185547,165794100,0.0,0.0
2026-02-03 00:00:00-05:00,185.8052108647954,185.8351396091497,175.81857039871747,179.91897583007812,204019600,0.0,0.0
2026-02-04 00:00:00-05:00,179.04105715530034,179.16077214377114,171.50867959294058,173.78335571289062,207014100,0.0,0.0
2026-02-05 00:00:00-05:00,174.52161198787914,176.40721432559468,170.63072277473634,171.47874450683594,206312900,0.0,0.0
2026-02-06 00:00:00-05:00,176.27751351666032,186.56344202919422,174.19239634754115,184.97715759277344,231346200,0.0,0.0
2026-02-09 00:00:00-05:00,183.82983865020864,193.20790343822367,183.52056478242866,189.59634399414062,196387400,0.0,0.0
2026-02-10 00:00:00-05:00,190.93321971968697,192.0306425866914,187.6808205923615,188.09983825683594,136764800,0.0,0.0
2026-02-11 00:00:00-05:00,192.0007297023972,192.80883635229745,188.32932783046314,189.60633850097656,144192700,0.0,0.0
2026-02-12 00:00:00-05:00,192.5793648877844,193.1580126884611,186.07458174632154,186.5035858154297,189932500,0.0,0.0
2026-02-13 00:00:00-05:00,187.04230481693136,187.0622623874058,181.16605622339495,182.38320922851562,161888000,0.0,0.0
2026-02-17 00:00:00-05:00,181.3256935584433,186.71308084037668,178.76168607280786,184.53817749023438,162276900,0.0,0.0
2026-02-18 00:00:00-05:00,188.3093443160685,189.92555739322245,186.3239846890322,187.5411376953125,164749100,0.0,0.0
2026-02-19 00:00:00-05:00,186.62329889395997,187.9900957055448,185.22657333636724,187.46133422851562,126554500,0.0,0.0
2026-02-20 00:00:00-05:00,186.13446388219373,189.88568076730476,185.50592973146237,189.3768768310547,178422300,0.0,0.0
2026-02-23 00:00:00-05:00,190.9531547742145,193.49720463285962,189.13741163084848,191.10281372070312,171584800,0.0,0.0
2026-02-24 00:00:00-05:00,191.04296985904048,193.31764595479845,186.96250644177093,192.39979553222656,175123600,0.0,0.0
2026-02-25 00:00:00-05:00,193.9960453222018,197.16862939564908,193.33758246616242,195.10345458984375,250637100,0.0,0.0
2026-02-26 00:00:00-05:00,193.81646526905493,193.8364076167612,183.88969739169633,184.45835876464844,360807900,0.0,0.0
2026-02-27 00:00:00-05:00,180.82687141264745,182.16373952566906,175.96824531148394,176.77635192871094,311636500,0.0,0.0
2026-03-02 00:00:00-05:00,174.60143816018197,183.0317240302905,174.23230678711255,182.0540008544922,209095300,0.0,0.0
2026-03-03 00:00:00-05:00,178.0732983803544,180.47766036606842,176.50695643346228,179.62965393066406,178099400,0.0,0.0
2026-03-04 00:00:00-05:00,180.01876499488523,184.26881453838726,179.63964723402094,182.61268615722656,177731200,0.0,0.0
2026-03-05 00:00:00-05:00,180.74703993972415,183.63029235671348,177.46472744924466,182.91197204589844,198779700,0.0,0.0
2026-03-06 00:00:00-05:00,179.4201653790109,182.33334690173646,176.40722643712078,177.40489196777344,189021900,0.0,0.0
2026-03-09 00:00:00-04:00,176.4171820751478,182.48298979408452,175.1501427003192,182.2235870361328,177213600,0.0,0.0
2026-03-10 00:00:00-04:00,181.97416098047233,186.00473767957752,181.58507208744064,184.33863830566406,179118500,0.0,0.0
2026-03-11 00:00:00-04:00,185.4860219488843,187.1921136401388,184.02934488988058,185.60574340820312,145280400,0.01,0.0
2026-03-12 00:00:00-04:00,183.63027948516628,184.51824924312825,181.33552155955923,182.72235107421875,155762700,0.0,0.0
2026-03-13 00:00:00-04:00,184.49827615888313,185.6656060713691,179.5296376335348,179.83892822265625,160988400,0.0,0.0
2026-03-16 00:00:00-04:00,182.55273992235968,188.44926587891726,180.9962999229416,182.8021697998047,217307400,0.0,0.0
2026-03-17 00:00:00-04:00,184.63795767039014,184.97717862722422,181.26566108165355,181.5150909423828,182497800,0.0,0.0
2026-03-18 00:00:00-04:00,182.06384475172882,182.96180140975886,179.91875397930713,179.98858642578125,156683100,0.0,0.0
2026-03-19 00:00:00-04:00,177.60403750119184,179.56954607641802,175.38909905828712,178.1527862548828,170968500,0.0,0.0
2026-03-20 00:00:00-04:00,177.59405294207926,177.85345450506617,171.32837633709812,172.30613708496094,241323500,0.0,0.0
2026-03-23 00:00:00-04:00,176.85574153065542,177.96321071223454,174.36144294367455,175.23944091796875,182836300,0.0,0.0
2026-03-24 00:00:00-04:00,174.4312942297872,175.81812366395545,173.58322660302642,174.80044555664062,147667800,0.0,0.0
2026-03-25 00:00:00-04:00,176.69612335614488,180.8067226806179,176.44669348987364,178.2725067138672,162602100,0.0,0.0
2026-03-26 00:00:00-04:00,175.66847416549638,176.10745794358192,170.74970926821888,170.8494873046875,186152200,0.0,0.0
2026-03-27 00:00:00-04:00,169.61229451028825,170.58008352629554,166.62910808502988,167.13795471191406,196212700,0.0,0.0
2026-03-30 00:00:00-04:00,168.3950875250076,169.0635577295173,163.89537828689438,164.79331970214844,185627000,0.0,0.0
2026-03-31 00:00:00-04:00,166.58922503111532,174.22177306603788,166.57925331681818,174.0022735595703,226181300,0.0,0.0
2026-04-01 00:00:00-04:00,175.59862725595661,176.96549806235143,174.3514779146501,175.3491973876953,168132000,0.0,0.0
2026-04-02 00:00:00-04:00,171.7873183615289,177.0852211444685,170.9791680862979,176.98544311523438,143143200,0.0,0.0
2026-04-06 00:00:00-04:00,176.75597747742694,177.3845303646084,175.35916114415525,177.23487854003906,107564300,0.0,0.0
2026-04-07 00:00:00-04:00,175.32922705160684,177.8235255680002,173.26395579650787,177.69383239746094,132534900,0.0,0.0
2026-04-08 00:00:00-04:00,184.079243714486,184.83750503722598,179.8888249511496,181.66476440429688,147732700,0.0,0.0
2026-04-09 00:00:00-04:00,181.42529878487736,183.6601958045732,180.20807985372045,183.49058532714844,116428500,0.0,0.0
2026-04-10 00:00:00-04:00,183.88967366981893,189.56669990817062,183.87970195572368,188.1998291015625,160459500,0.0,0.0
2026-04-13 00:00:00-04:00,185.605746824658,189.2274732756209,185.3164148846483,188.87826538085938,133648200,0.0,0.0
2026-04-14 00:00:00-04:00,190.40477641072036,196.0618438720703,190.33494396561244,196.0618438720703,161307000,0.0,0.0
2026-04-15 00:00:00-04:00,196.09178511161633,199.94298301571828,195.2936216855987,198.41647338867188,185338400,0.0,0.0
2026-04-16 00:00:00-04:00,196.97974400923295,199.39423847906178,195.36344336942167,197.8976593017578,134012900,0.0,0.0
2026-04-17 00:00:00-04:00,199.44410763257105,201.2400056483541,198.8155547450397,201.2200469970703,160324400,0.0,0.0
2026-04-20 00:00:00-04:00,199.52392392325544,201.70893187328167,197.38880498867078,201.59918212890625,119381400,0.0,0.0
2026-04-21 00:00:00-04:00,201.66904795828867,202.28762917830338,198.54618104306965,199.42417907714844,107945300,0.0,0.0
2026-04-22 00:00:00-04:00,200.53164182940822,202.03819274902344,198.54617460274403,202.03819274902344,107501000,0.0,0.0
2026-04-23 00:00:00-04:00,201.99828375930824,203.3651545152774,196.77022843278436,199.18470764160156,113561800,0.0,0.0
2026-04-24 00:00:00-04:00,199.50398270942756,210.46890943516505,199.35431566144254,207.79502868652344,214134400,0.0,0.0
2026-04-27 00:00:00-04:00,209.17187844164343,216.33551207209098,206.90706623150768,216.1160125732422,187172400,0.0,0.0
2026-04-28 00:00:00-04:00,209.01225288404052,214.2402930542568,207.72518626919629,212.68385314941406,180275400,0.0,0.0
2026-04-29 00:00:00-04:00,212.2149257168926,212.23488436877426,207.10660696252424,208.77279663085938,123711800,0.0,0.0
2026-04-30 00:00:00-04:00,209.45124259423534,209.82040915320695,198.24685712515335,199.11488342285156,225239200,0.0,0.0
2026-05-01 00:00:00-04:00,200.8209691272831,202.5370477944956,196.67045257290908,197.99742126464844,128647000,0.0,0.0
2026-05-04 00:00:00-04:00,199.04502180842945,201.2699318245734,194.29588290907526,198.02734375,125368100,0.0,0.0
2026-05-05 00:00:00-04:00,198.84548202478717,199.7833407086998,195.58293528206713,196.05186462402344,113406600,0.0,0.0
2026-05-06 00:00:00-04:00,199.43413852494058,207.7950323152332,198.15705885791613,207.3560333251953,188362800,0.0,0.0
2026-05-07 00:00:00-04:00,207.86487247229027,213.7115092245668,206.02907228582575,211.01766967773438,168307900,0.0,0.0
2026-05-08 00:00:00-04:00,212.5441790763045,217.30330524675068,212.40449895841255,214.709228515625,136421400,0.0,0.0
2026-05-11 00:00:00-04:00,213.55186573785767,221.79303819063418,213.40221390900197,218.93955993652344,160685800,0.0,0.0
2026-05-12 00:00:00-04:00,218.05159434962442,223.23973257586303,214.42986778297353,220.27650451660156,159176600,0.0,0.0
2026-05-13 00:00:00-04:00,224.41703053540263,227.32039781394542,221.0647077692387,225.3149871826172,150405400,0.0,0.0
2026-05-14 00:00:00-04:00,229.32582552778115,236.00055597235212,228.77707677625682,235.202392578125,180782900,0.0,0.0
2026-05-15 00:00:00-04:00,229.23602944473367,230.9720668751014,223.7286287034134,224.80616760253906,180977600,0.0,0.0
2026-05-18 00:00:00-04:00,229.34577348371204,229.4754818886306,217.8719993892805,221.81300354003906,146280900,0.0,0.0
2026-05-19 00:00:00-04:00,219.11914008419038,223.96805720569674,217.41304835521052,220.1068878173828,140948200,0.0,0.0
2026-05-20 00:00:00-04:00,222.6710257508039,225.61431038954527,219.9971448577806,222.9603729248047,184201600,0.0,0.0
2026-05-21 00:00:00-04:00,221.78305837384474,226.8814055684356,217.43300079554024,219.0093994140625,203381800,0.0,0.0
2026-05-22 00:00:00-04:00,220.39621757095847,220.50596731800164,214.3101381389001,214.83892822265625,169275700,0.0,0.0
2026-05-26 00:00:00-04:00,216.04617181279934,217.68243116855118,211.5165320236786,214.37001037597656,187202600,0.0,0.0
2026-05-27 00:00:00-04:00,213.63168066177133,213.66161102691768,208.30386252985457,212.1151580810547,167601200,0.0,0.0
2026-05-28 00:00:00-04:00,210.79815519844968,215.02849096688144,210.73829446983814,213.76138305664062,143996000,0.0,0.0
2026-05-29 00:00:00-04:00,214.09065053210412,217.36316924965476,210.64852132770383,210.6584930419922,289410600,0.0,0.0
2026-06-01 00:00:00-04:00,215.23801892090273,224.35717434911126,215.20808855445495,223.8483428955078,212850700,0.0,0.0
2026-06-02 00:00:00-04:00,226.66188583823322,231.75026086454594,220.84519513709748,222.3118438720703,193362900,0.0,0.0
2026-06-03 00:00:00-04:00,221.2143597561905,222.31185725112735,214.02079575535723,214.26025390625,160907000,0.0,0.0
2026-06-04 00:00:00-04:00,213.67091279390368,221.35231998810906,210.73419644348996,218.4156036376953,169022200,0.25,0.0
2026-06-05 00:00:00-04:00,214.2902104723603,214.62982678346356,204.10161444712602,204.87075805664062,219655500,0.0,0.0
2026-06-08 00:00:00-04:00,209.94507132882276,210.23475572682116,205.76975069388217,208.40679931640625,138372800,0.0,0.0
2026-06-09 00:00:00-04:00,210.3845825512031,211.16370951624515,199.11719156565087,207.95730590820312,180962500,0.0,0.0
2026-06-10 00:00:00-04:00,204.20149632565034,206.98838641050182,199.696542748819,200.19598388671875,161746600,0.0,0.0
2026-06-11 00:00:00-04:00,201.26479475008583,205.43013200106668,199.31696212361035,204.64100646972656,158643200,0.0,0.0
2026-06-12 00:00:00-04:00,204.6310298517525,206.83856645475237,203.21261880599855,204.96066284179688,112001800,0.0,0.0
2026-06-15 00:00:00-04:00,208.68648640498938,212.47225882321928,208.10713284720606,212.21253967285156,149936700,0.0,0.0
2026-06-16 00:00:00-04:00,210.94395209283806,211.25361840198772,207.05830064217733,207.1781768798828,125694100,0.0,0.0
2026-06-17 00:00:00-04:00,208.29691745433288,208.9761653200819,202.8530121596522,204.42124938964844,128363500,0.0,0.0
2026-06-18 00:00:00-04:00,207.09826842291386,211.1537281092123,206.26919428756833,210.4545135498047,241272000,0.0,0.0
2026-06-22 00:00:00-04:00,211.2036686200953,213.7508214450341,207.48782537372824,208.41677856445312,122041400,0.0,0.0
2026-06-23 00:00:00-04:00,201.94403040148535,203.54224815949766,199.77645766483005,199.81640625,153496200,0.0,0.0
2026-06-24 00:00:00-04:00,199.89631590195674,201.44458647582786,196.36027935647695,198.77757263183594,151810700,0.0,0.0
2026-06-25 00:00:00-04:00,199.85637045714446,200.5755669254449,191.9152592982058,195.52122497558594,149550000,0.0,0.0
2026-06-26 00:00:00-04:00,192.90414096411192,195.33143282930595,191.0062707295152,192.31480407714844,179304100,0.0,0.0
2026-06-29 00:00:00-04:00,193.63333194293918,195.96071419295149,189.58785574691487,194.7520751953125,148835700,0.0,0.0
2026-06-30 00:00:00-04:00,197.0195429632178,200.4057532237791,194.89191886651452,199.86634826660156,166476700,0.0,0.0
2026-07-01 00:00:00-04:00,195.98069896251877,199.62662840490702,193.23377271109229,197.35916137695312,146147600,0.0,0.0
2026-07-02 00:00:00-04:00,196.9196593659626,199.8363939026278,192.1350197738411,194.61224365234375,142068700,0.0,0.0
2026-07-06 00:00:00-04:00,194.20269428466304,197.32920075051607,193.77318221313826,195.33143615722656,108999000,0.0,0.0
2026-07-07 00:00:00-04:00,192.15498377986222,198.18824142626735,190.92636281467173,196.7098846435547,124154600,0.0,0.0
2026-07-08 00:00:00-04:00,194.9618356993413,204.93069180759116,194.84197470333905,203.891845703125,147419100,0.0,0.0
2026-07-09 00:00:00-04:00,204.23147485952867,204.36131918975943,198.73762239526957,202.5533447265625,132037400,0.0,0.0
2026-07-10 00:00:00-04:00,201.7742207048944,210.7641612313501,201.69430829342895,210.72421264648438,148421000,0.0,0.0
2026-07-13 00:00:00-04:00,208.3069001369788,210.33464515051216,202.77309911383117,203.30250549316406,121411000,0.0,0.0
2026-07-14 00:00:00-04:00,207.96729575339148,212.31243993744155,203.57221964678251,211.5632781982422,124379600,0.0,0.0
2026-07-15 00:00:00-04:00,211.7230919717581,213.57101502024952,205.80969553973085,212.26248168945312,124797200,0.0,0.0
2026-07-16 00:00:00-04:00,209.93509060438328,210.84407715298516,205.61992700554663,207.16818237304688,122986100,0.0,0.0
2026-07-17 00:00:00-04:00,202.41350482950477,206.41901728963356,197.74872640584337,202.58331298828125,144281900,0.0,0.0
2026-07-20 00:00:00-04:00,205.63989694335598,207.50781723343968,202.05391309694542,203.05279541015625,88701500,0.0,0.0
2026-07-21 00:00:00-04:00,207.30802440628602,208.4167843613107,203.78197113093626,207.0583038330078,108685600,0.0,0.0
2026-07-22 00:00:00-04:00,205.57996827489498,214.15038042761168,204.72092886821054,211.82298278808594,137645600,0.0,0.0
2026-07-23 00:00:00-04:00,209.22588688656515,210.63429930291466,205.72979894313582,208.5266571044922,110505300,0.0,0.0
2026-07-24 00:00:00-04:00,207.21812923496972,211.6731509810223,204.5810805834776,206.6088104248047,114836800,0.0,0.0
2026-07-27 00:00:00-04:00,207.96729627325774,208.51668459839084,195.22156333884286,196.2903594970703,154353700,0.0,0.0
2026-07-28 00:00:00-04:00,194.78204700134697,198.47790843456414,192.52457850774027,196.789794921875,134111500,0.0,0.0
2026-07-29 00:00:00-04:00,195.63110696844683,196.84974460884015,189.79762268066406,189.79762268066406,147680800,0.0,0.0
2026-07-30 00:00:00-04:00,193.23377181769484,197.02952748682713,191.3059363552755,194.82199096679688,129010200,0.0,0.0
2026-07-31 00:00:00-04:00,198.2182038580375,201.77422236802423,194.73209918257555,200.52561950683594,139961200,0.0,0.0
2026-08-03 00:00:00-04:00,197.46904862701152,208.50670133078404,196.62999113475112,206.40904235839844,128406900,0.0,0.0
2026-08-04 00:00:00-04:00,211.06382570110384,212.82185300096492,208.8163406042335,211.70310974121094,134922000,0.0,0.0
2026-08-05 00:00:00-04:00,216.6176127852948,221.9716224388697,216.15812022814887,218.9749755859375,158187400,0.0,0.0
2026-08-06 00:00:00-04:00,221.28239358061882,223.38005249670454,216.75745800384053,218.7452392578125,113940600,0.0,0.0
2026-08-07 00:00:00-04:00,221.29237770419127,224.50877992471257,220.41337164588714,223.70968627929688,105669400,0.0,0.0
2026-08-10 00:00:00-04:00,223.15029107269072,223.88946943306019,216.5277120448001,217.3068389892578,115846600,0.0,0.0
2026-08-11 00:00:00-04:00,221.92167541427946,221.9516406634887,215.95834695389817,217.25689697265625,101273100,0.0,0.0
2026-08-12 00:00:00-04:00,220.7929293559802,224.84840415873398,219.95387191061064,223.8395233154297,108783600,0.0,0.0
2026-08-13 00:00:00-04:00,224.80845001468583,226.97602279610956,223.45996804263754,225.04818725585938,98867200,0.0,0.0
2026-08-14 00:00:00-04:00,226.51654155338588,227.23573802273873,224.24907448357243,224.90834045410156,75680900,0.0,0.0
2026-08-17 00:00:00-04:00,225.72741618855906,227.66525027466162,224.60867289832842,224.7584991455078,93678700,0.0,0.0
2026-08-18 00:00:00-04:00,220.20359791537197,221.39227027986857,218.44557057093272,219.49440002441406,103128200,0.0,0.0
2026-08-19 00:00:00-04:00,221.4222404106533,222.62089613745684,216.51772459764655,217.31683349609375,96797300,0.0,0.0
2026-08-20 00:00:00-04:00,218.1159423024499,219.6142657707553,215.41896310784705,216.60763549804688,92457000,0.0,0.0
2026-08-21 00:00:00-04:00,218.17587248780362,218.49552214328025,214.26025565862156,214.48001098632812,98869300,0.0,0.0
2026-08-24 00:00:00-04:00,215.28910206110334,215.34903256074918,207.01835779182306,208.24697875976562,135187300,0.0,0.0
2026-08-25 00:00:00-04:00,210.79412790131315,214.48998931653267,209.87515802586688,212.81187438964844,122309000,0.0,0.0
2026-08-26 00:00:00-04:00,212.40232405945306,213.3612577394914,208.99613188036045,209.4256591796875,179900000,0.0,0.0
2026-08-27 00:00:00-04:00,222.61090164325523,230.21239627098788,220.6530857022795,227.7251739501953,298909800,0.0,0.0
2026-08-28 00:00:00-04:00,227.10587153371227,229.00374173344596,216.56766062888835,217.3068389892578,195116400,0.0,0.0
2026-08-31 00:00:00-04:00,218.62536478578363,221.05265670783686,215.96834944345454,220.53323364257812,124702700,0.0,0.0
2026-09-01 00:00:00-04:00,216.50774446342592,220.1636574397174,214.8595947199138,217.1969757080078,109756200,0.0,0.0
2026-09-02 00:00:00-04:00,218.5454508199983,227.6952163087265,218.23579974693772,224.1591796875,157104700,0.0,0.0
2026-09-03 00:00:00-04:00,225.76737972053164,230.14247379152744,224.49879494304554,228.1946563720703,134681600,0.0,0.0
2026-09-04 00:00:00-04:00,230.83170360414334,234.49759976142684,229.37334400327853,230.10252380371094,135352400,0.0,0.0
2026-09-08 00:00:00-04:00,232.84944771666764,233.44878317831424,224.59868561283858,225.47769165039062,122965600,0.0,0.0
2026-09-09 00:00:00-04:00,225.0281992525124,225.92718720955042,223.21024142511232,223.4199981689453,82955500,0.0,0.0
2026-09-10 00:00:00-04:00,220.52999877929688,220.99000549316406,217.1999969482422,218.36000061035156,105768000,0.25,0.0
2026-09-11 00:00:00-04:00,221.25,222.0,218.14999389648438,218.2899932861328,86818741,0.0,0.0
