Date,Open,High,Low,Close,Volume,Dividends,Stock Splits
2021-08-02 00:00:00-04:00,82.01158369612497,82.1985444374007,81.41329363343343,81.89005279541016,5579100,0.0,0.0
2021-08-03 00:00:00-04:00,82.15180194242629,84.29253598361973,82.08636496876952,83.89056396484375,9889800,0.0,0.0
2021-08-04 00:00:00-04:00,83.93728900904982,84.21773006274786,83.46052994604142,84.18034362792969,7509900,0.0,0.0
2021-08-05 00:00:00-04:00,84.30189019456287,84.61972490122082,82.97445030423458,83.60077667236328,8231300,0.0,0.0
2021-08-06 00:00:00-04:00,83.42314289035178,84.02142574344961,83.030521105274,83.68489074707031,6513900,0.0,0.0
2021-08-09 00:00:00-04:00,83.62880845706779,84.57297653281627,83.29227344258506,84.04013061523438,5798700,0.0,0.0
2021-08-10 00:00:00-04:00,83.29226327476246,84.24578141009525,83.1333459629049,83.79706573486328,5473300,0.0,0.0
2021-08-11 00:00:00-04:00,84.04014749234388,84.52624975971976,83.67556900878797,83.7877426147461,8009800,0.0,0.0
2021-08-12 00:00:00-04:00,83.30162397256574,84.11491811637093,82.89030181265122,83.95599365234375,5687200,0.0,0.0
2021-08-13 00:00:00-04:00,84.71318432484172,85.38624709205213,84.08685103226613,84.48882293701172,6640400,0.0,0.0
2021-08-16 00:00:00-04:00,84.00272231381271,84.91883970097089,83.7035809236253,84.900146484375,7122800,0.0,0.0
2021-08-17 00:00:00-04:00,85.059091575548,85.79759868398001,84.47950895451969,85.02169799804688,6738500,0.0,0.0
2021-08-18 00:00:00-04:00,84.59168684158837,85.11518982103685,83.06793592470402,83.1427230834961,7666300,0.0,0.0
2021-08-19 00:00:00-04:00,82.53508960271378,83.56338807007133,82.47900279986939,82.9277114868164,8099400,0.0,0.0
2021-08-20 00:00:00-04:00,83.01184912165797,83.57273854840648,82.54444007735155,83.1427230834961,8716400,0.0,0.0
2021-08-23 00:00:00-04:00,83.65685218082172,83.73163932479869,82.92769535728269,83.31097412109375,7147300,0.0,0.0
2021-08-24 00:00:00-04:00,83.3951056954677,83.80642786208483,82.70334243241638,82.77812957763672,6320100,0.0,0.0
2021-08-25 00:00:00-04:00,82.77813754858055,83.1053224253067,82.31072854408737,82.84357452392578,5748500,0.0,0.0
2021-08-26 00:00:00-04:00,83.02118005802055,83.36706526791129,82.69399520114823,82.93704986572266,9093200,0.0,0.0
2021-08-27 00:00:00-04:00,83.00247476413271,83.68488777605093,82.83420727191697,83.52597045898438,5426800,0.0,0.0
2021-08-30 00:00:00-04:00,83.62881123586513,84.11492055386788,83.47924407562222,83.61946105957031,5357000,0.0,0.0
2021-08-31 00:00:00-04:00,83.61946158385071,83.66620533352302,82.72203722048218,83.32032012939453,8113300,0.0,0.0
2021-09-01 00:00:00-04:00,83.44185634789609,84.29253701585148,83.0772778999016,84.08687591552734,8208000,0.0,0.0
2021-09-02 00:00:00-04:00,84.29252569167124,84.60101730071351,83.58206924502733,83.94664764404297,7717400,0.0,0.0
2021-09-03 00:00:00-04:00,83.51663790349848,84.58233700042668,83.4792514592021,84.13362121582031,8456900,0.0,0.0
2021-09-07 00:00:00-04:00,84.17100927742325,84.75994201979344,82.7687823490319,82.93704986572266,11046000,0.0,0.0
2021-09-08 00:00:00-04:00,82.39484364038749,83.75967682751322,82.23592631968863,83.63815307617188,8851200,0.0,0.0
2021-09-09 00:00:00-04:00,83.75967718129252,84.90950626458675,83.58206664121178,83.7035903930664,11034700,0.0,0.0
2021-09-10 00:00:00-04:00,83.80642925934849,84.64776682686771,83.67555531907827,83.83447265625,10547400,0.0,0.0
2021-09-13 00:00:00-04:00,84.24579941400253,84.61037785775044,82.478993992118,83.0959701538086,18883400,0.0,0.0
2021-09-14 00:00:00-04:00,80.57195042110934,81.28240683125654,79.20711725581309,80.7589111328125,22714200,0.0,0.0
2021-09-15 00:00:00-04:00,80.90848843416963,82.60050647428203,80.55325308371474,82.0115737915039,14951100,0.0,0.0
2021-09-16 00:00:00-04:00,81.95548037246782,82.23592858432517,80.57195392861044,81.56285858154297,12410500,0.0,0.0
2021-09-17 00:00:00-04:00,80.59064363944205,81.86199644888673,80.34758900855276,80.7589111328125,58069000,0.0,0.0
2021-09-20 00:00:00-04:00,79.48756891392004,81.71244019292666,79.39408854561358,80.55326080322266,13897700,0.0,0.0
2021-09-21 00:00:00-04:00,81.08612697348877,81.94616511987765,80.50654426616423,81.25439453125,11124400,0.0,0.0
2021-09-22 00:00:00-04:00,81.90875017538879,83.19879636038898,81.55351479492732,82.67530059814453,9908000,0.0,0.0
2021-09-23 00:00:00-04:00,83.14269162768622,84.18968292627744,82.88094380303842,83.59140014648438,9720200,0.0,0.0
2021-09-24 00:00:00-04:00,83.4511888788209,84.18969585871596,83.14270439929565,84.07752227783203,7617800,0.0,0.0
2021-09-27 00:00:00-04:00,83.9279622371009,85.35823269285467,83.33902944123041,85.1058349609375,11533000,0.0,0.0
2021-09-28 00:00:00-04:00,84.73187599832116,86.25562628609961,84.18033697715782,84.5916519165039,15041800,0.0,0.0
2021-09-29 00:00:00-04:00,85.20865129113822,86.07803220587004,85.0684271825503,85.30213165283203,12007300,0.0,0.0
2021-09-30 00:00:00-04:00,85.30214401929615,85.61063567649352,81.44134817808677,81.45069122314453,15649900,0.0,0.0
2021-10-01 00:00:00-04:00,82.03962834878338,84.38601635568723,81.89005404779918,83.89056396484375,13320900,0.0,0.0
2021-10-04 00:00:00-04:00,83.64749454009451,84.53556854054142,83.16138532116665,83.44183349609375,10853900,0.0,0.0
2021-10-05 00:00:00-04:00,83.52597203439521,85.97519732682129,83.35770453900572,85.52648162841797,9788600,0.0,0.0
2021-10-06 00:00:00-04:00,84.52622270343014,85.53582762646136,83.80641614458553,85.3862533569336,10268300,0.0,0.0
2021-10-07 00:00:00-04:00,85.7321405254039,86.82587565173506,85.67605373905684,86.29302978515625,9124400,0.0,0.0
2021-10-08 00:00:00-04:00,86.65888087588382,89.13538444182744,86.4056051925755,88.54440307617188,13202300,0.32,0.0
2021-10-11 00:00:00-04:00,88.45060207736991,90.80515927335472,88.36617207399281,89.388671875,12959300,0.0,0.0
2021-10-12 00:00:00-04:00,89.89523683864144,90.54250017849381,89.36053730211727,89.65133666992188,9964100,0.0,0.0
2021-10-13 00:00:00-04:00,90.14850783322854,90.98338939642541,90.0077959295303,90.429931640625,9453900,0.0,0.0
2021-10-14 00:00:00-04:00,90.80517329901824,91.32110747326264,88.52566305241037,89.37930297851562,7911200,0.0,0.0
2021-10-15 00:00:00-04:00,89.20105894885013,90.0922296039665,88.86336038588652,89.42620086669922,7422800,0.0,0.0
2021-10-18 00:00:00-04:00,89.58567424090846,90.66445604272977,89.21044485459166,90.53312683105469,7344100,0.0,0.0
2021-10-19 00:00:00-04:00,90.99277510625815,91.25543351816111,90.35488732439168,91.04905700683594,5616500,0.0,0.0
2021-10-20 00:00:00-04:00,91.24604885794896,91.90270203052191,90.28922078413187,90.65506744384766,6574100,0.0,0.0
2021-10-21 00:00:00-04:00,90.58941159279368,90.83331177513209,89.78267089167129,90.33613586425781,6224400,0.0,0.0
2021-10-22 00:00:00-04:00,90.32675099223627,92.18412537531485,90.2610863859033,92.16536712646484,6819600,0.0,0.0
2021-10-25 00:00:00-04:00,92.34361624611776,92.82202680949537,91.50873449013758,91.82767486572266,5083100,0.0,0.0
2021-10-26 00:00:00-04:00,92.21228162468587,92.45617466579395,90.93650588309762,90.97402954101562,7089700,0.0,0.0
2021-10-27 00:00:00-04:00,90.81453325023264,91.27419259610558,90.05469901748206,90.08283996582031,5941200,0.0,0.0
2021-10-28 00:00:00-04:00,90.66445730604241,91.64942640733007,89.98904583264209,90.27046966552734,5177200,0.0,0.0
2021-10-29 00:00:00-04:00,89.85771642858234,90.9646391949954,89.5481516444461,89.99842834472656,7578600,0.0,0.0
2021-11-01 00:00:00-04:00,90.05470222685688,90.08284317619801,88.09413974910728,88.53502655029297,7327600,0.0,0.0
2021-11-02 00:00:00-04:00,87.92530063055855,89.97966897931686,87.70954139039922,89.93276977539062,6229600,0.0,0.0
2021-11-03 00:00:00-04:00,90.5237499913708,90.8708384486528,88.88212758220088,90.19542694091797,5746400,0.0,0.0
2021-11-04 00:00:00-04:00,90.27045868126665,90.62692262356153,89.41681174045183,89.70761108398438,5857500,0.0,0.0
2021-11-05 00:00:00-04:00,90.24232775141559,90.57065796462179,88.27238225670763,89.06974029541016,6160200,0.0,0.0
2021-11-08 00:00:00-05:00,89.35116648182586,89.35116648182586,88.46937840166404,89.24797821044922,5056400,0.0,0.0
2021-11-09 00:00:00-05:00,89.2198101417605,89.68884499387494,88.23483408955863,88.73200988769531,6102600,0.0,0.0
2021-11-10 00:00:00-05:00,88.2723567840939,88.97590905467419,87.57818721438774,88.01908111572266,5828800,0.0,0.0
2021-11-11 00:00:00-05:00,88.28175957795978,88.89150644928895,87.99096019680965,88.21609497070312,3620600,0.0,0.0
2021-11-12 00:00:00-05:00,88.45059206349222,88.61944489422525,87.64385155631258,87.74703979492188,6435300,0.0,0.0
2021-11-15 00:00:00-05:00,88.00971554757437,88.41308588084009,87.16545122714552,88.19732666015625,5700900,0.0,0.0
2021-11-16 00:00:00-05:00,88.30990924562677,90.4018084950961,88.1973382691174,89.68887329101562,7392900,0.0,0.0
2021-11-17 00:00:00-05:00,89.82957119004757,90.18603515795111,88.94778323740118,89.42620086669922,6257600,0.0,0.0
2021-11-18 00:00:00-05:00,89.25734354660429,89.42619639810108,87.70952693403451,88.79769134521484,5725300,0.0,0.0
2021-11-19 00:00:00-05:00,88.93841174241992,90.95526361331333,88.12229544731615,88.15043640136719,8936600,0.0,0.0
2021-11-22 00:00:00-05:00,87.9252945248147,89.74514525684953,87.62511244429001,88.75079345703125,6488200,0.0,0.0
2021-11-23 00:00:00-05:00,88.32868124994933,88.45062778259528,86.54634668509513,87.18423461914062,8905500,0.0,0.0
2021-11-24 00:00:00-05:00,86.518191096128,87.89714785438295,86.4431437855425,87.78458404541016,10908500,0.0,0.0
2021-11-26 00:00:00-05:00,87.13728568665479,88.25359081515056,86.36806889108627,86.61196899414062,4519300,0.0,0.0
2021-11-29 00:00:00-05:00,87.39998672743013,88.30053313604026,87.11857000049947,87.18423461914062,9552500,0.0,0.0
2021-11-30 00:00:00-05:00,87.25925091073067,87.72828581752367,84.99850638157889,85.12045288085938,23271200,0.0,0.0
2021-12-01 00:00:00-05:00,86.0116147455295,86.66826068545876,84.10733436283066,84.19175720214844,12084900,0.0,0.0
2021-12-02 00:00:00-05:00,83.86344287931611,85.40187680312407,83.48821352199363,84.41690063476562,7089800,0.0,0.0
2021-12-03 00:00:00-05:00,84.75461963524175,85.16737270873125,82.2874982116701,82.7752914428711,10808600,0.0,0.0
2021-12-06 00:00:00-05:00,82.86909809070127,83.64769788699344,82.40944580724815,83.43194580078125,8398500,0.0,0.0
2021-12-07 00:00:00-05:00,84.4075180829099,85.11107038564833,83.68520037756547,84.47318267822266,6803700,0.0,0.0
2021-12-08 00:00:00-05:00,84.47320404476092,84.58576786125217,82.46573487239971,83.43194580078125,7695800,0.0,0.0
2021-12-09 00:00:00-05:00,83.60077580537991,84.41689187923805,82.77526987350909,83.27244567871094,8615800,0.0,0.0
2021-12-10 00:00:00-05:00,97.83130831763803,99.75434727107914,93.90079324334158,96.27410888671875,45824600,0.0,0.0
2021-12-13 00:00:00-05:00,96.09587975225664,97.89697218461043,94.2947801629977,94.6418685913086,16317600,0.0,0.0
2021-12-14 00:00:00-05:00,93.80698464237777,95.17656575932789,93.23476146350687,93.70379638671875,9511600,0.0,0.0
2021-12-15 00:00:00-05:00,94.3510528008874,97.33411475394297,94.03210537907569,97.23092651367188,14452200,0.0,0.0
2021-12-16 00:00:00-05:00,97.51235501555983,97.55926136936469,95.94578013238198,96.82756805419922,9053200,0.0,0.0
2021-12-17 00:00:00-05:00,91.64004116363962,93.76007376124618,89.87646535707626,90.63630676269531,28872300,0.0,0.0
2021-12-20 00:00:00-05:00,90.44869448008363,90.44869448008363,85.8521507196326,85.9647216796875,17205400,0.0,0.0
2021-12-21 00:00:00-05:00,86.12419775099278,86.15233870371205,84.15425233468274,85.84278106689453,15823000,0.0,0.0
2021-12-22 00:00:00-05:00,85.61764258080139,86.17110758189945,83.96664459490522,84.29496765136719,10539000,0.0,0.0
2021-12-23 00:00:00-05:00,84.45442698620379,84.7639917526595,83.54449809160029,84.16362762451172,9655400,0.0,0.0
2021-12-27 00:00:00-05:00,84.14485367369262,84.7358421963406,83.50696595770866,83.99476623535156,7666200,0.0,0.0
2021-12-28 00:00:00-05:00,84.14485821728329,84.23867092282931,83.03793556674341,83.1598892211914,5610500,0.0,0.0
2021-12-29 00:00:00-05:00,83.0191647780578,83.66643513263821,82.28747158952524,82.74712371826172,5628500,0.0,0.0
2021-12-30 00:00:00-05:00,83.15989631634068,83.40379648914148,82.33439024129343,82.55953216552734,7382400,0.0,0.0
2021-12-31 00:00:00-05:00,82.59705683252746,82.64395603297245,81.78093345020741,81.80907440185547,5908200,0.0,0.0
2022-01-03 00:00:00-05:00,81.92165263441292,82.49387589171543,80.44888305993906,82.45635223388672,10644400,0.0,0.0
2022-01-04 00:00:00-05:00,82.45634628998995,84.03230402066279,82.29687612339283,83.33812713623047,11959000,0.0,0.0
2022-01-05 00:00:00-05:00,83.00980289499203,83.11299115585818,80.88038738519252,81.10552215576172,11236700,0.0,0.0
2022-01-06 00:00:00-05:00,80.9736829176135,82.31068851616895,80.54998628737098,81.29380798339844,7918400,0.32,0.0
2022-01-07 00:00:00-05:00,81.39739399573564,82.8568065295968,81.23733143443238,82.39544677734375,9836800,0.0,0.0
2022-01-10 00:00:00-05:00,82.27303375406242,84.1561428485948,81.86816501139832,84.0619888305664,11025500,0.0,0.0
2022-01-11 00:00:00-05:00,83.45940661069585,83.79836687159742,82.3012983721923,83.30876159667969,7249800,0.0,0.0
2022-01-12 00:00:00-05:00,83.69479269386359,84.28796954035438,82.54609486560261,83.14868927001953,5840300,0.0,0.0
2022-01-13 00:00:00-05:00,83.54414414210814,83.7230346341676,82.43310940916925,82.6590805053711,6044300,0.0,0.0
2022-01-14 00:00:00-05:00,82.3672005411456,82.95095980260278,81.59512604737033,82.56492614746094,6054800,0.0,0.0
2022-01-18 00:00:00-05:00,81.79283940619997,81.88699341651481,80.3522550327699,80.54998779296875,6824700,0.0,0.0
2022-01-19 00:00:00-05:00,80.75713561857701,81.6233713179393,78.36559323421474,78.50682067871094,10501800,0.0,0.0
2022-01-20 00:00:00-05:00,79.01526926887882,80.03215007623861,77.69709124268937,77.88540649414062,10836900,0.0,0.0
2022-01-21 00:00:00-05:00,78.48799883760489,78.51624432869586,77.235729386963,77.41462707519531,11609000,0.0,0.0
2022-01-24 00:00:00-05:00,76.47308807354656,77.60295104980469,74.93834903032851,77.60295104980469,16770400,0.0,0.0
2022-01-25 00:00:00-05:00,76.57663909873575,77.30163299663113,75.5126777788935,76.33183288574219,13469900,0.0,0.0
2022-01-26 00:00:00-05:00,77.1227453015235,77.23572726278006,74.64645195943517,74.9383316040039,13971300,0.0,0.0
2022-01-27 00:00:00-05:00,75.42795571425968,76.4071735697274,74.57113739691553,75.11724090576172,10331900,0.0,0.0
2022-01-28 00:00:00-05:00,75.314969626292,75.79516460598131,73.97796347777768,75.77633666992188,7854700,0.0,0.0
2022-01-31 00:00:00-05:00,75.78571798120757,76.86850706843957,75.43734742151325,76.41656494140625,10594200,0.0,0.0
2022-02-01 00:00:00-05:00,76.64256443874862,76.64256443874862,74.99484348968736,76.30360412597656,8016900,0.0,0.0
2022-02-02 00:00:00-05:00,76.41658849039425,78.03605665873425,76.11528406819949,77.67826843261719,9287600,0.0,0.0
2022-02-03 00:00:00-05:00,76.85910650943966,77.92306790312495,76.85910650943966,77.15099334716797,8207200,0.0,0.0
2022-02-04 00:00:00-05:00,77.2357243214087,78.06429698435934,76.70845603297951,77.31105041503906,5570200,0.0,0.0
2022-02-07 00:00:00-05:00,77.33930383316232,77.44287542664938,75.94580687559659,76.02112579345703,6292200,0.0,0.0
2022-02-08 00:00:00-05:00,75.59742942651344,76.13411533025311,75.13606962450731,76.06820678710938,6585300,0.0,0.0
2022-02-09 00:00:00-05:00,76.97209849406991,78.76105390188441,76.8779444586044,78.57273864746094,8755900,0.0,0.0
2022-02-10 00:00:00-05:00,77.91363893416657,78.88343897033296,76.84968487979306,77.06623840332031,6336300,0.0,0.0
2022-02-11 00:00:00-05:00,77.056850842063,77.61237197766536,74.88186128581744,75.08900451660156,7670500,0.0,0.0
2022-02-14 00:00:00-05:00,74.92890780121071,75.07014241096206,73.85553626068543,74.33572387695312,5389800,0.0,0.0
2022-02-15 00:00:00-05:00,74.75002279458651,75.2584631656042,74.58054267091396,75.1078109741211,5712800,0.0,0.0
2022-02-16 00:00:00-05:00,74.82535597833476,75.11723564761742,73.64841255897876,74.56172180175781,6227000,0.0,0.0
2022-02-17 00:00:00-05:00,74.1568641473178,74.36400736968221,70.92733063084813,71.11563873291016,9247100,0.0,0.0
2022-02-18 00:00:00-05:00,71.08736935672141,71.30393006649126,69.93867164292308,70.21172332763672,7790100,0.0,0.0
2022-02-22 00:00:00-05:00,69.50557086473897,70.53186927037683,69.31726278947149,69.78804016113281,8039000,0.0,0.0
2022-02-23 00:00:00-05:00,69.74096035205976,70.03284002712655,68.12148502557433,68.2344741821289,6807100,0.0,0.0
2022-02-24 00:00:00-05:00,66.79389384076704,70.56011270414734,66.12539085453614,70.43770599365234,11240500,0.0,0.0
2022-02-25 00:00:00-05:00,70.28704783870666,72.33963702298372,69.97633311650856,71.88768768310547,8291800,0.0,0.0
2022-02-28 00:00:00-05:00,71.15327634423804,72.21723038903586,70.63541847352299,71.52989959716797,9234400,0.0,0.0
2022-03-01 00:00:00-05:00,71.53932805619999,72.02893333117865,71.20036779525626,71.56757354736328,8752100,0.0,0.0
2022-03-02 00:00:00-05:00,71.98184087780972,74.25099074106402,71.79353284538215,73.70488739013672,8527200,0.0,0.0
2022-03-03 00:00:00-05:00,74.34516163579688,74.42048773926551,72.90458402854908,73.6766586303711,8203000,0.0,0.0
2022-03-04 00:00:00-05:00,73.13055080911742,73.35652910609284,71.35101302551608,72.01951599121094,8841300,0.0,0.0
2022-03-07 00:00:00-05:00,71.83121288763672,71.92536692613234,69.14778328130195,69.97634887695312,11110100,0.0,0.0
2022-03-08 00:00:00-05:00,69.52438473234542,70.83315216958071,68.83705393153997,69.04419708251953,9134100,0.0,0.0
2022-03-09 00:00:00-05:00,70.54127085699022,72.45262559844157,70.32471731576219,71.65230560302734,8959500,0.0,0.0
2022-03-10 00:00:00-05:00,70.71076089656833,72.35848172324233,70.64485235084108,72.17017364501953,13812600,0.0,0.0
2022-03-11 00:00:00-05:00,72.21723813674609,75.23021729993711,69.67504347784313,73.27178192138672,22795800,0.0,0.0
2022-03-14 00:00:00-04:00,73.36593276691352,74.00619018276765,71.03088137979249,72.56561279296875,13306200,0.0,0.0
2022-03-15 00:00:00-04:00,73.48835978764991,76.77438424175209,72.565632862967,75.88932037353516,16847200,0.0,0.0
2022-03-16 00:00:00-04:00,76.26592266392964,76.48248338284745,73.20587021136457,75.28670501708984,14071300,0.0,0.0
2022-03-17 00:00:00-04:00,75.11724567471619,76.5389955264598,74.62764030764536,75.88932037353516,10462400,0.0,0.0
2022-03-18 00:00:00-04:00,74.97598406100839,77.19805330939197,74.2321551260122,76.90617370605469,24176000,0.0,0.0
2022-03-21 00:00:00-04:00,76.52956871619101,77.1886613494397,75.57859640997786,76.228271484375,8131300,0.0,0.0
2022-03-22 00:00:00-04:00,76.69904035443099,77.42404145227441,76.10586351541608,77.01917266845703,9292300,0.0,0.0
2022-03-23 00:00:00-04:00,76.50131934240864,76.65197154242075,75.53151915118056,75.69158172607422,7451100,0.0,0.0
2022-03-24 00:00:00-04:00,75.93636545215313,77.9795368206578,75.78571329679363,77.43343353271484,7025700,0.0,0.0
2022-03-25 00:00:00-04:00,77.2451419628716,77.99838134951821,76.48248501863806,76.95326232910156,5682300,0.0,0.0
2022-03-28 00:00:00-04:00,76.9626667070731,78.81753031514647,76.9626667070731,78.71395874023438,6626700,0.0,0.0
2022-03-29 00:00:00-04:00,79.55194788226427,79.57078299743141,78.2526050919072,79.36363983154297,5762000,0.0,0.0
2022-03-30 00:00:00-04:00,79.05293033559634,79.42955364555641,78.26202784982317,78.48799896240234,5533100,0.0,0.0
2022-03-31 00:00:00-04:00,78.2526093562569,79.00585596717342,77.76299690411354,77.89482116699219,9433300,0.0,0.0
2022-04-01 00:00:00-04:00,78.18670388730976,78.48800110681127,76.70846328170984,77.21690368652344,6147500,0.0,0.0
2022-04-04 00:00:00-04:00,77.44287253738308,79.37306250745635,77.2074838670567,79.15650177001953,7882400,0.0,0.0
2022-04-05 00:00:00-04:00,78.52567417376548,79.5802109847892,77.83833598787186,78.09255981445312,5143400,0.0,0.0
2022-04-06 00:00:00-04:00,77.1321422500275,77.65000009395278,76.61429158959291,77.3204574584961,5492400,0.0,0.0
2022-04-07 00:00:00-04:00,76.80058714711828,77.51897004306369,76.35632413530459,77.07470703125,7112200,0.32,0.0
2022-04-08 00:00:00-04:00,77.2353830645067,77.34881420151449,75.86479108072669,76.50755310058594,6182500,0.0,0.0
2022-04-11 00:00:00-04:00,76.21454922808428,76.68716830178055,75.33547746254546,75.39219665527344,5738400,0.0,0.0
2022-04-12 00:00:00-04:00,75.57178367177887,76.55483216717238,74.69271194494777,74.9857406616211,6174700,0.0,0.0
2022-04-13 00:00:00-04:00,74.91957915276012,75.58124298517312,74.32407449199351,75.38274383544922,4728600,0.0,0.0
2022-04-14 00:00:00-04:00,75.45836197649821,75.95933703371946,74.97628850885744,75.09916687011719,5590400,0.0,0.0
2022-04-18 00:00:00-04:00,74.81558741628862,75.60013666897119,73.64349434257556,73.93651580810547,4955900,0.0,0.0
2022-04-19 00:00:00-04:00,73.96488066652296,75.41109379279284,73.95542626636069,75.20314025878906,5412400,0.0,0.0
2022-04-20 00:00:00-04:00,75.42053897098093,77.37718129285145,75.42053897098093,75.89315795898438,9472600,0.0,0.0
2022-04-21 00:00:00-04:00,77.02744084452969,77.13141759908652,74.98573056110934,75.12751770019531,5616100,0.0,0.0
2022-04-22 00:00:00-04:00,74.92901668745121,75.33546933544616,71.98933300085719,72.03659057617188,9357100,0.0,0.0
2022-04-25 00:00:00-04:00,72.02712790714381,72.84003310980528,70.60927100179379,72.76441955566406,7305900,0.0,0.0
2022-04-26 00:00:00-04:00,72.16891419251283,72.45248845489007,70.40132388668636,70.42967987060547,7555200,0.0,0.0
2022-04-27 00:00:00-04:00,70.49584961355916,71.85698738802371,70.34460807662232,70.6659927368164,7279200,0.0,0.0
2022-04-28 00:00:00-04:00,71.38436311319163,72.4335777602698,70.51474597502013,71.97041320800781,6177900,0.0,0.0
2022-04-29 00:00:00-04:00,71.21422708231007,71.71520927740274,69.144160777127,69.3804702758789,7946900,0.0,0.0
2022-05-02 00:00:00-04:00,69.88143495692732,70.51474258943297,68.55810051669391,69.94760131835938,7379900,0.0,0.0
2022-05-03 00:00:00-04:00,69.80583557012304,70.14612187927105,68.82278703387264,69.27650451660156,5211500,0.0,0.0
2022-05-04 00:00:00-04:00,69.36155208394443,71.22367183578005,68.80386520398163,71.09133911132812,6759900,0.0,0.0
2022-05-05 00:00:00-04:00,69.94761435759767,70.62818689439148,68.04768389431393,68.8133316040039,7197200,0.0,0.0
2022-05-06 00:00:00-04:00,68.18001555587085,68.94566325336554,67.70739654746905,68.52030181884766,6222500,0.0,0.0
2022-05-09 00:00:00-04:00,67.71684443278846,68.6148175777329,67.27258145377212,67.62232208251953,7019700,0.0,0.0
2022-05-10 00:00:00-04:00,68.52976473736496,69.58843404396453,67.36711865906388,68.55812072753906,8129000,0.0,0.0
2022-05-11 00:00:00-04:00,68.35016236175868,69.43718758183839,66.98902444827254,67.1402587890625,6932100,0.0,0.0
2022-05-12 00:00:00-04:00,66.99845409808893,67.04571887373477,65.1930536115757,66.85667419433594,11698900,0.0,0.0
2022-05-13 00:00:00-04:00,67.07410672483252,68.03825379802211,66.66765398056548,67.2726058959961,6700100,0.0,0.0
2022-05-16 00:00:00-04:00,66.81886865255767,67.02682214190362,65.59005651274582,65.89253234863281,6942100,0.0,0.0
2022-05-17 00:00:00-04:00,67.15917574594233,67.96262675868468,66.82833661281754,67.94371795654297,5952500,0.0,0.0
2022-05-18 00:00:00-04:00,66.92286405714287,67.05519682151686,64.09659678985409,64.55976867675781,7977300,0.0,0.0
2022-05-19 00:00:00-04:00,63.78465852169452,64.18165672046774,63.06627567753839,63.368751525878906,9451600,0.0,0.0
2022-05-20 00:00:00-04:00,64.1627602608237,64.92840803321366,63.189166162134505,64.87168884277344,7531100,0.0,0.0
2022-05-23 00:00:00-04:00,65.51444088755981,66.61092038586554,64.90948916835437,66.2044677734375,7370200,0.0,0.0
2022-05-24 00:00:00-04:00,65.85473049769041,66.66763576410386,64.56920622576186,65.2497787475586,6644100,0.0,0.0
2022-05-25 00:00:00-04:00,65.10799335433641,66.37461607320502,65.00401659339967,66.00597381591797,7103300,0.0,0.0
2022-05-26 00:00:00-04:00,66.28954324513556,68.17057219656229,66.08159692749909,67.73576354980469,6758900,0.0,0.0
2022-05-27 00:00:00-04:00,68.39742011815744,68.86058470442819,67.6317796698088,68.79441833496094,6566700,0.0,0.0
2022-05-31 00:00:00-04:00,68.27453499325668,68.9834634006375,67.6034097547346,67.98150634765625,16890300,0.0,0.0
2022-06-01 00:00:00-04:00,69.0212674429142,69.25757691503148,67.25367720689633,67.67903137207031,5804700,0.0,0.0
2022-06-02 00:00:00-04:00,67.56562076497912,69.18197700761958,67.12135771593402,69.13471221923828,6200400,0.0,0.0
2022-06-03 00:00:00-04:00,68.58646501485727,68.96456164638525,67.32930399154735,67.85863494873047,8169500,0.0,0.0
2022-06-06 00:00:00-04:00,68.65261444189473,70.741588981352,68.65261444189473,68.9739990234375,5274700,0.0,0.0
2022-06-07 00:00:00-04:00,67.66957553210699,69.12524271472473,67.66957553210699,68.70934295654297,5675700,0.0,0.0
2022-06-08 00:00:00-04:00,68.06658913912185,68.19892187974446,67.05518478630982,67.47108459472656,5253500,0.0,0.0
2022-06-09 00:00:00-04:00,66.89450484999658,67.26315438602082,65.41048115094782,65.42938995361328,6824900,0.0,0.0
2022-06-10 00:00:00-04:00,64.25729499369537,64.48415013886391,63.29314800643772,63.46329116821289,10256100,0.0,0.0
2022-06-13 00:00:00-04:00,62.17775340049432,62.48022926674921,60.26837224113733,60.54249572753906,16547200,0.0,0.0
2022-06-14 00:00:00-04:00,68.05713242652284,68.46358503364497,65.24032016132406,66.84722900390625,29661300,0.0,0.0
2022-06-15 00:00:00-04:00,66.59200796223878,67.50888988999671,64.90948563408601,65.8830795288086,11765500,0.0,0.0
2022-06-16 00:00:00-04:00,64.74880465229847,65.18361327800294,63.87918740088953,64.94730377197266,10686000,0.0,0.0
2022-06-17 00:00:00-04:00,64.98512214579308,65.5711723889547,63.699597698054184,64.01152801513672,16445600,0.0,0.0
2022-06-21 00:00:00-04:00,64.85276914700098,65.72238623394898,63.69957782180834,63.973697662353516,10047700,0.0,0.0
2022-06-22 00:00:00-04:00,63.26478490628305,63.86973669982322,62.74490107827466,62.886688232421875,8219900,0.0,0.0
2022-06-23 00:00:00-04:00,62.81104885728047,64.15329201263556,62.67871614235127,63.926429748535156,8775800,0.0,0.0
2022-06-24 00:00:00-04:00,64.58812130509048,66.9039517726707,64.24783501110232,66.82833099365234,20132600,0.0,0.0
2022-06-27 00:00:00-04:00,65.57115100798933,66.97009896098511,65.16469845172858,66.55419921875,8840600,0.0,0.0
2022-06-28 00:00:00-04:00,66.70545422341407,67.17807328613107,64.77716758213734,64.82443237304688,7252100,0.0,0.0
2022-06-29 00:00:00-04:00,65.24979396366288,66.25174418129741,65.01348440579848,65.41993713378906,8077900,0.0,0.0
2022-06-30 00:00:00-04:00,64.47467902381172,66.40296528685681,64.47467902381172,66.04377746582031,9888600,0.0,0.0
2022-07-01 00:00:00-04:00,66.02487447909988,67.09299806075046,65.98706409278012,66.98902130126953,7805600,0.0,0.0
2022-07-05 00:00:00-04:00,66.52584245282196,68.05713048490584,66.33679775277889,68.04767608642578,9040400,0.0,0.0
2022-07-06 00:00:00-04:00,68.3596169259024,68.75661518447315,67.40492445606824,67.73576354980469,6043700,0.0,0.0
2022-07-07 00:00:00-04:00,67.8964614868164,68.03824865882227,67.28205521585444,67.8964614868164,7814500,0.0,0.0
2022-07-08 00:00:00-04:00,67.76412198951978,68.28399861980954,67.42383569512185,67.93426513671875,4927300,0.0,0.0
2022-07-11 00:00:00-04:00,67.41205958155271,68.33304239964029,67.31711446753137,67.95325469970703,4543300,0.32,0.0
2022-07-12 00:00:00-04:00,67.98171115029609,68.3045331054151,66.52903046187318,66.85185241699219,7140800,0.0,0.0
2022-07-13 00:00:00-04:00,65.5605863484956,66.96579103209278,65.20928155567337,66.49105834960938,6454800,0.0,0.0
2022-07-14 00:00:00-04:00,65.66503766047057,66.06381143318268,64.78203445298124,65.94037628173828,4915500,0.0,0.0
2022-07-15 00:00:00-04:00,66.7094522383876,67.28862680918726,66.46258916464167,67.16519165039062,5134100,0.0,0.0
2022-07-18 00:00:00-04:00,67.64940155271927,68.08615471453504,66.60499118804283,66.66195678710938,4642300,0.0,0.0
2022-07-19 00:00:00-04:00,67.07024262857249,68.64635884238872,66.70944834480768,68.58938598632812,7160300,0.0,0.0
2022-07-20 00:00:00-04:00,68.88373490240416,69.40593665675254,68.5134438832642,68.92170715332031,5655700,0.0,0.0
2022-07-21 00:00:00-04:00,68.50394076079542,70.8586112640999,68.48494739327434,70.77316284179688,7005100,0.0,0.0
2022-07-22 00:00:00-04:00,71.03899312523339,71.4852429731693,70.50729487774142,71.11495208740234,6659800,0.0,0.0
2022-07-25 00:00:00-04:00,71.30486556678787,71.6181909553131,70.58326967790033,71.07699584960938,5721600,0.0,0.0
2022-07-26 00:00:00-04:00,71.02002532299177,71.49475809321538,69.98510411710375,70.28893280029297,7284400,0.0,0.0
2022-07-27 00:00:00-04:00,70.62124838359868,72.27332373529438,70.56428276590145,72.03595733642578,6677200,0.0,0.0
2022-07-28 00:00:00-04:00,71.81755948191966,73.37468209782104,71.50423417358873,73.14681243896484,5688100,0.0,0.0
2022-07-29 00:00:00-04:00,73.118344057069,74.21023088868627,73.10884737328873,73.9063949584961,5926600,0.0,0.0
2022-08-01 00:00:00-04:00,73.2797406637518,73.87790126451367,72.82399407947166,73.52660369873047,5227500,0.0,0.0
2022-08-02 00:00:00-04:00,73.0993335608659,73.35569325593181,72.21633051623608,72.4916763305664,6403400,0.0,0.0
2022-08-03 00:00:00-04:00,72.84299005532301,73.83043498678688,72.44421630718756,73.46014404296875,6127800,0.0,0.0
2022-08-04 00:00:00-04:00,73.53610113152072,73.91588878573394,73.21328633394003,73.48863220214844,3656200,0.0,0.0
2022-08-05 00:00:00-04:00,72.41572248551725,73.48862301787186,72.15937001617313,73.44114685058594,4858100,0.0,0.0
2022-08-08 00:00:00-04:00,73.03287787647733,73.51710726569617,72.41572390886057,72.60562133789062,4733500,0.0,0.0
2022-08-09 00:00:00-04:00,72.35877398329079,73.02340426316182,72.0074690963369,72.89047241210938,4243700,0.0,0.0
2022-08-10 00:00:00-04:00,73.66901280532547,74.03931095503698,73.2987218994597,73.62154388427734,5258500,0.0,0.0
2022-08-11 00:00:00-04:00,74.01082877564015,74.05830494557976,73.18479847192428,73.26075744628906,5554600,0.0,0.0
2022-08-12 00:00:00-04:00,74.05832057510307,75.40656005730578,73.73550573169454,75.15020751953125,6692300,0.0,0.0
2022-08-15 00:00:00-04:00,74.8558534039615,75.40654510939216,74.53303862454487,75.11221313476562,3733500,0.0,0.0
2022-08-16 00:00:00-04:00,74.91282380197514,75.6344195563413,74.86534763298336,75.5014877319336,6185100,0.0,0.0
2022-08-17 00:00:00-04:00,75.0077737032051,75.73885894314627,74.96029753117067,75.2451400756836,5185100,0.0,0.0
2022-08-18 00:00:00-04:00,75.27362024391788,75.84329806913645,75.0172677579158,75.31159973144531,4120500,0.0,0.0
2022-08-19 00:00:00-04:00,75.03624167860725,75.1311867600642,74.47606062731953,74.68494415283203,4679000,0.0,0.0
2022-08-22 00:00:00-04:00,73.99184579800516,73.99184579800516,72.32078451020641,72.59613037109375,5757700,0.0,0.0
2022-08-23 00:00:00-04:00,72.39674993899281,73.11834580272759,72.39674993899281,72.54866790771484,4432300,0.0,0.0
2022-08-24 00:00:00-04:00,72.6056280704959,72.69107648859824,72.20685429832447,72.32078552246094,3876400,0.0,0.0
2022-08-25 00:00:00-04:00,72.48219323492155,73.0233955273146,72.14039231717652,73.00440216064453,3523400,0.0,0.0
2022-08-26 00:00:00-04:00,73.08984226072681,73.35569138672794,70.8016274019328,70.8775863647461,4904100,0.0,0.0
2022-08-29 00:00:00-04:00,70.36488270284659,71.07698176629962,70.32690321686755,70.44084167480469,4295500,0.0,0.0
2022-08-30 00:00:00-04:00,70.6592207629838,70.89658713795527,69.74773475235499,70.39337158203125,5099100,0.0,0.0
2022-08-31 00:00:00-04:00,70.69720983444417,71.35234343619234,70.29843600896609,70.40287780761719,8612900,0.0,0.0
2022-09-01 00:00:00-04:00,70.37438146060349,71.5612132680242,69.81419308070073,71.4947509765625,8139800,0.0,0.0
2022-09-02 00:00:00-04:00,71.91253645454954,72.89048505308996,70.71621478223649,70.9061050415039,11027700,0.0,0.0
2022-09-06 00:00:00-04:00,70.92505977137942,71.3903030151649,69.83318039819298,70.09902954101562,7090100,0.0,0.0
2022-09-07 00:00:00-04:00,69.95661281390362,70.89658155651303,69.70974977509083,70.72567749023438,5792600,0.0,0.0
2022-09-08 00:00:00-04:00,70.28891526871118,71.02000760905968,69.89014157970948,70.8775863647461,6897100,0.0,0.0
2022-09-09 00:00:00-04:00,70.87759278440667,72.16886629380676,70.67820592184658,72.07392120361328,7762400,0.0,0.0
2022-09-12 00:00:00-04:00,72.75753539220138,73.46963448524575,72.41572724803235,73.18479919433594,15628900,0.0,0.0
2022-09-13 00:00:00-04:00,72.21634330035981,75.39705850671274,71.95049412052244,72.19735717773438,29476500,0.0,0.0
2022-09-14 00:00:00-04:00,71.95999297434079,72.0359519548275,68.14313750912542,68.47545623779297,21601400,0.0,0.0
2022-09-15 00:00:00-04:00,67.8867810960021,68.44696224618144,66.22521652372232,66.6904525756836,12478100,0.0,0.0
2022-09-16 00:00:00-04:00,66.06380653288197,66.27269008705058,64.80101576911456,65.3517074584961,23412000,0.0,0.0
2022-09-19 00:00:00-04:00,64.7535370829965,65.63654019066672,64.47819849285445,65.57957458496094,8364000,0.0,0.0
2022-09-20 00:00:00-04:00,64.82001681648403,65.00041760823326,64.04145527229775,64.66810607910156,8624300,0.0,0.0
2022-09-21 00:00:00-04:00,65.23777104750292,65.399178437576,63.36732292769535,63.3768196105957,6768200,0.0,0.0
2022-09-22 00:00:00-04:00,63.471760495398804,63.55721614813709,62.512798413814345,62.693199157714844,7190700,0.0,0.0
2022-09-23 00:00:00-04:00,62.047562357432106,62.13301801011668,60.64235400196068,61.287994384765625,9282500,0.0,0.0
2022-09-26 00:00:00-04:00,61.079118159054296,61.63929933439564,60.18661825925272,60.243587493896484,6897800,0.0,0.0
2022-09-27 00:00:00-04:00,60.917703834217214,61.14557350303694,58.90483456874552,59.265628814697266,9284800,0.0,0.0
2022-09-28 00:00:00-04:00,59.455529406605535,60.14863879642606,59.104228180953704,59.882789611816406,8549900,0.0,0.0
2022-09-29 00:00:00-04:00,59.14220771817143,59.43653970939006,57.70851276419425,58.297183990478516,8882100,0.0,0.0
2022-09-30 00:00:00-04:00,58.1642456841892,58.99977620542024,57.974355511933716,57.983848571777344,9794400,0.0,0.0
2022-10-03 00:00:00-04:00,57.907890324469385,60.04418725256174,57.73698628046818,59.89227294921875,9661400,0.0,0.0
2022-10-04 00:00:00-04:00,60.575902689272674,62.503320260797175,60.575902689272674,62.37039566040039,9892600,0.0,0.0
2022-10-05 00:00:00-04:00,62.038069031510986,63.79458590924554,61.69626813381916,63.272377014160156,9201600,0.0,0.0
2022-10-06 00:00:00-04:00,62.97804359959524,63.433782948639276,61.92413639464218,62.00009536743164,6992000,0.0,0.0
2022-10-07 00:00:00-04:00,61.231022779369844,61.354457919773125,59.56946191977054,60.09166717529297,7137900,0.0,0.0
2022-10-10 00:00:00-04:00,60.39549931292093,60.67084516933377,58.88584906607691,59.40805435180664,6407200,0.0,0.0
2022-10-11 00:00:00-04:00,59.02631762618734,60.219250509825265,58.83545127723907,59.560752868652344,7376900,0.32,0.0
2022-10-12 00:00:00-04:00,59.76115322265401,61.345367641735784,59.331696739053804,60.868194580078125,9008600,0.0,0.0
2022-10-13 00:00:00-04:00,59.62755770977236,62.71009589028307,59.42714585605703,62.2233772277832,10147100,0.0,0.0
2022-10-14 00:00:00-04:00,62.71963215898943,63.56899967730424,61.27856738746553,61.374000549316406,8044500,0.0,0.0
2022-10-17 00:00:00-04:00,62.872342247494664,64.48519009699396,62.862804025263614,63.960296630859375,11368300,0.0,0.0
2022-10-18 00:00:00-04:00,64.89553886996178,65.44906139013618,63.30178253046832,63.96982192993164,6688600,0.0,0.0
2022-10-19 00:00:00-04:00,63.45449133960335,64.12253820133344,62.77690625606787,63.273170471191406,5506000,0.0,0.0
2022-10-20 00:00:00-04:00,64.44699392665433,66.72788062787846,64.1225197326782,66.08847045898438,17600500,0.0,0.0
2022-10-21 00:00:00-04:00,67.78722468001594,69.46687640881107,67.1000940963686,69.3809814453125,15652600,0.0,0.0
2022-10-24 00:00:00-04:00,69.60045736438902,70.32576239740983,68.5029579562444,69.59091186523438,11489400,0.0,0.0
2022-10-25 00:00:00-04:00,70.09672542395586,70.7265974103943,69.29507811148913,69.8008804321289,9137700,0.0,0.0
2022-10-26 00:00:00-04:00,69.29507080055048,72.2630877496282,69.23781236458207,71.4041748046875,10693600,0.0,0.0
2022-10-27 00:00:00-04:00,71.33737628629913,72.4157848384003,71.14650996452168,71.7191162109375,7053000,0.0,0.0
2022-10-28 00:00:00-04:00,71.86227329833139,74.1336146813701,71.86227329833139,73.8282241821289,8758100,0.0,0.0
2022-10-31 00:00:00-04:00,73.00748275812532,74.7539380147013,72.91204959635755,74.50580596923828,12349000,0.0,0.0
2022-11-01 00:00:00-04:00,75.01162714197099,75.61287004635491,72.85480219446423,73.58965301513672,7753000,0.0,0.0
2022-11-02 00:00:00-04:00,73.15064706018981,73.895036026607,71.58551967411147,71.69049835205078,7524300,0.0,0.0
2022-11-03 00:00:00-04:00,71.3087387914841,72.23445563495993,70.6693286785349,71.60458374023438,6761200,0.0,0.0
2022-11-04 00:00:00-04:00,72.47306076548749,73.16972949105548,70.85066767757924,72.53031921386719,7219000,0.0,0.0
2022-11-07 00:00:00-05:00,72.63529099508942,73.57054620824026,72.04359372068926,73.23652648925781,5394300,0.0,0.0
2022-11-08 00:00:00-05:00,73.43695914413736,73.61828730632328,71.59507013594546,72.186767578125,9104200,0.0,0.0
2022-11-09 00:00:00-05:00,71.93861039609321,73.04565542855697,71.57596147912233,72.2058334350586,6013700,0.0,0.0
2022-11-10 00:00:00-05:00,74.1526833324911,74.88753385016223,73.20788280513914,73.64688110351562,10437300,0.0,0.0
2022-11-11 00:00:00-05:00,73.60873556190832,74.33404086807174,73.07430390530645,74.19088745117188,7712900,0.0,0.0
2022-11-14 00:00:00-05:00,73.94275730536341,75.90870842726805,73.79960389876892,74.94481658935547,7153000,0.0,0.0
2022-11-15 00:00:00-05:00,75.32654559195355,76.99665143607167,74.44854883850581,75.56513214111328,7618500,0.0,0.0
2022-11-16 00:00:00-05:00,75.50786303487884,76.5671877460206,75.25973102009432,76.24270629882812,6011900,0.0,0.0
2022-11-17 00:00:00-05:00,75.55559928990614,75.94688479095697,74.62034393802708,75.584228515625,5717300,0.0,0.0
2022-11-18 00:00:00-05:00,76.3476971296043,76.78669551436947,75.25019752714948,76.09002685546875,6107000,0.0,0.0
2022-11-21 00:00:00-05:00,75.93732440735877,76.44312671216372,75.29791422132548,76.17591094970703,5235400,0.0,0.0
2022-11-22 00:00:00-05:00,76.24271546701073,78.45679830550621,76.18545702636075,78.37091064453125,8796200,0.0,0.0
2022-11-23 00:00:00-05:00,78.37092507563781,79.13439778886169,78.0464435296769,78.79083251953125,6347900,0.0,0.0
2022-11-25 00:00:00-05:00,79.06758961967898,79.67837067012613,78.77174459617365,78.94352722167969,2754900,0.0,0.0
2022-11-28 00:00:00-05:00,78.36136287514833,78.38999209464437,77.36884200648022,77.67423248291016,5112200,0.0,0.0
2022-11-29 00:00:00-05:00,77.61699450524458,77.77923164587983,76.84396896965066,77.15890502929688,4928200,0.0,0.0
2022-11-30 00:00:00-05:00,76.79624805137556,79.38252565486862,76.34770412466962,79.23937225341797,9610300,0.0,0.0
2022-12-01 00:00:00-05:00,79.25844552543587,80.67087365835152,78.59039889514739,80.27005004882812,6127200,0.0,0.0
2022-12-02 00:00:00-05:00,79.40160825828154,79.80243923291167,78.8099182195476,79.54476165771484,4798900,0.0,0.0
2022-12-05 00:00:00-05:00,78.6476813475557,78.65721956808633,75.78464247414344,75.80372619628906,9102900,0.0,0.0
2022-12-06 00:00:00-05:00,75.72737966213953,76.17592360122305,74.49627202542663,75.3074722290039,7656100,0.0,0.0
2022-12-07 00:00:00-05:00,75.07842433592727,75.8132750903934,74.9925366608021,75.18340301513672,5105500,0.0,0.0
2022-12-08 00:00:00-05:00,75.51742472733518,76.5481205419813,74.94481836844898,76.41451263427734,5918700,0.0,0.0
2022-12-09 00:00:00-05:00,76.01369182948034,76.69127689630274,75.90871314352762,76.21410369873047,6850800,0.0,0.0
2022-12-12 00:00:00-05:00,76.64354264462122,77.6933293121234,76.29043920290125,77.56925964355469,15807600,0.0,0.0
2022-12-13 00:00:00-05:00,81.06218286703538,81.67296396036369,76.06140265391788,76.88214111328125,22812200,0.0,0.0
2022-12-14 00:00:00-05:00,77.12071823289392,79.1057601829368,76.89167717129945,78.08460998535156,11183100,0.0,0.0
2022-12-15 00:00:00-05:00,77.10164317737475,77.33068426471226,75.83236077310231,76.41451263427734,8196800,0.0,0.0
2022-12-16 00:00:00-05:00,76.30952548065997,76.78669860693806,75.85144335684011,75.9468765258789,19200700,0.0,0.0
2022-12-19 00:00:00-05:00,76.27135229283967,77.39748118477816,76.04231122631712,76.82487487792969,7738800,0.0,0.0
2022-12-20 00:00:00-05:00,76.82486684850025,77.76966752010763,76.6817134664789,77.24478149414062,6390200,0.0,0.0
2022-12-21 00:00:00-05:00,77.63607480047068,78.39000929734509,77.24479657968655,77.77922821044922,5932400,0.0,0.0
2022-12-22 00:00:00-05:00,77.24478303058282,77.46427857710911,75.80371824344896,76.81532287597656,8181400,0.0,0.0
2022-12-23 00:00:00-05:00,76.83443074802638,77.20662526175911,76.33816654232594,77.15890502929688,4129100,0.0,0.0
2022-12-27 00:00:00-05:00,77.18751853888477,77.75058658672542,76.92984826687888,77.282958984375,4290700,0.0,0.0
2022-12-28 00:00:00-05:00,77.3879260073107,77.91281930359193,76.52902029497169,76.66262817382812,3794000,0.0,0.0
2022-12-29 00:00:00-05:00,77.27341531521307,78.06552443262132,77.01573775601574,77.68378448486328,3867800,0.0,0.0
2022-12-30 00:00:00-05:00,77.42611082288776,78.1895907568334,77.07300736033243,78.00826263427734,5375700,0.0,0.0
2023-01-03 00:00:00-05:00,78.70494005691424,80.01238982022815,78.50452820883876,79.89787292480469,8997500,0.0,0.0
2023-01-04 00:00:00-05:00,80.35593829318634,81.28165517038585,79.82150680988883,80.62316131591797,7836200,0.0,0.0
2023-01-05 00:00:00-05:00,81.11943880376592,81.50117879553001,79.42070348555474,80.4609375,7643800,0.0,0.0
2023-01-06 00:00:00-05:00,80.87131671001124,82.39826958466436,79.99331971722141,81.74932098388672,8641600,0.0,0.0
2023-01-09 00:00:00-05:00,83.18617824742786,83.90462177940148,82.53479646115522,82.78385162353516,7519700,0.32,0.0
2023-01-10 00:00:00-05:00,82.03669570227466,82.9658841135403,81.969641245193,82.86051177978516,5703300,0.0,0.0
2023-01-11 00:00:00-05:00,83.69388047493796,84.92960416776947,83.42565543013387,84.87212371826172,8359700,0.0,0.0
2023-01-12 00:00:00-05:00,84.96791993227711,85.44688229335733,84.46022099887378,85.0445556640625,6071100,0.0,0.0
2023-01-13 00:00:00-05:00,84.24949327144174,85.70554323356536,83.97170147773437,85.4468994140625,5090800,0.0,0.0
2023-01-17 00:00:00-05:00,85.43730307004599,85.6767842359036,84.70927827949099,84.87212371826172,6550400,0.0,0.0
2023-01-18 00:00:00-05:00,84.87212251127809,84.90085908143071,82.95627321166286,83.0616455078125,6397700,0.0,0.0
2023-01-19 00:00:00-05:00,82.76471072795583,83.32988289663277,81.67267695425227,82.32406616210938,5597000,0.0,0.0
2023-01-20 00:00:00-05:00,82.41026436156969,83.70346130122614,81.90256541779526,83.57893371582031,5567300,0.0,0.0
2023-01-23 00:00:00-05:00,83.52146516465861,85.37983429614182,83.31072054054317,85.22657012939453,7390200,0.0,0.0
2023-01-24 00:00:00-05:00,85.30321222784818,86.30902895196513,84.29738819534448,85.92585754394531,7004600,0.0,0.0
2023-01-25 00:00:00-05:00,84.9679184938816,86.07911466080172,84.04831165318159,85.86837005615234,5896800,0.0,0.0
2023-01-26 00:00:00-05:00,86.10787293843435,86.6826264452057,85.34153005714768,86.05039978027344,7302800,0.0,0.0
2023-01-27 00:00:00-05:00,85.73425589653448,85.94500048819158,85.21697571020839,85.24571228027344,5676800,0.0,0.0
2023-01-30 00:00:00-05:00,84.74760678230534,84.89129696153591,83.32987488675577,83.67472839355469,6255300,0.0,0.0
2023-01-31 00:00:00-05:00,84.00041545151333,84.75717680701351,83.67471726800376,84.7380142211914,6200400,0.0,0.0
2023-02-01 00:00:00-05:00,84.6518023538695,86.83586934530759,84.49853090473738,86.26111602783203,6141300,0.0,0.0
2023-02-02 00:00:00-05:00,86.84545824701195,87.38189374920472,85.20740055152864,85.61930847167969,8269200,0.0,0.0
2023-02-03 00:00:00-05:00,84.74760533181397,86.46229154227599,84.55601599332365,85.8492202758789,5671800,0.0,0.0
2023-02-06 00:00:00-05:00,85.743853779797,85.83964480134331,84.68055663134407,84.80508422851562,4097200,0.0,0.0
2023-02-07 00:00:00-05:00,84.17284421186338,84.31652706706849,82.66890275750565,84.04830932617188,9226000,0.0,0.0
2023-02-08 00:00:00-05:00,83.27238796184719,84.22073129445738,82.87006137327133,83.04248809814453,7624400,0.0,0.0
2023-02-09 00:00:00-05:00,83.47356198855789,84.20158684366945,82.69764528105918,83.00418090820312,4960300,0.0,0.0
2023-02-10 00:00:00-05:00,82.88922945165453,83.70346404715804,82.70722140607178,83.47356414794922,5318400,0.0,0.0
2023-02-13 00:00:00-05:00,83.60767250347888,85.68636749408151,83.53103676809793,85.65763092041016,5560900,0.0,0.0
2023-02-14 00:00:00-05:00,85.25528962241303,85.6480422174623,84.01956600818313,85.34149932861328,7484800,0.0,0.0
2023-02-15 00:00:00-05:00,85.11161343697466,85.45646693513474,84.3261154263625,84.6230697631836,4329900,0.0,0.0
2023-02-16 00:00:00-05:00,83.78010467338677,84.55602144624916,83.3490414236602,84.02916717529297,5942500,0.0,0.0
2023-02-17 00:00:00-05:00,83.53103790859224,83.75136382372418,82.87007477996859,83.60767364501953,6398400,0.0,0.0
2023-02-21 00:00:00-05:00,83.10954765127659,83.28197438677576,82.5252130092175,82.57310485839844,5260300,0.0,0.0
2023-02-22 00:00:00-05:00,83.03291807173262,83.5118804493249,82.36237366645778,82.68806457519531,5840100,0.0,0.0
2023-02-23 00:00:00-05:00,83.483141288201,85.71510765260714,83.39692426254628,84.85297393798828,8637100,0.0,0.0
2023-02-24 00:00:00-05:00,83.63640695654502,85.14992980420622,83.47356150427896,84.92961120605469,7659200,0.0,0.0
2023-02-27 00:00:00-05:00,85.12118978663148,85.22656208874791,83.68430273055516,84.2590560913086,6748800,0.0,0.0
2023-02-28 00:00:00-05:00,84.00999112065527,84.30695273977166,83.51187350506903,83.72261810302734,7468000,0.0,0.0
2023-03-01 00:00:00-05:00,83.24366483128595,83.54061917435821,82.3719497735904,82.70722198486328,5119800,0.0,0.0
2023-03-02 00:00:00-05:00,82.43900726117714,83.60767670511609,82.25700651598358,83.31072235107422,5293600,0.0,0.0
2023-03-03 00:00:00-05:00,83.64598648714198,85.53309936005184,83.41608660006034,85.49478149414062,5498500,0.0,0.0
2023-03-06 00:00:00-05:00,85.64804752046757,86.855027332311,85.39898506204909,85.96415710449219,7424800,0.0,0.0
2023-03-07 00:00:00-05:00,85.81091194699091,86.2898743838796,84.34528805945341,84.64224243164062,5382400,0.0,0.0
2023-03-08 00:00:00-05:00,84.68055205756579,85.34151518640583,84.44107086244168,84.76676177978516,5159200,0.0,0.0
2023-03-09 00:00:00-05:00,84.61348920749246,85.86836820656596,82.88922185057935,83.21492004394531,10572300,0.0,0.0
2023-03-10 00:00:00-05:00,80.8584206441513,81.66307381654768,79.39278983719812,80.53272247314453,16029300,0.0,0.0
2023-03-13 00:00:00-04:00,79.81429263850458,81.93130553222744,78.58815008543307,81.35655212402344,10299800,0.0,0.0
2023-03-14 00:00:00-04:00,82.31448836770697,82.31448836770697,79.91967607644166,81.00212860107422,8732200,0.0,0.0
2023-03-15 00:00:00-04:00,79.58440033975226,79.86219943040655,78.6647933370968,79.48860931396484,11463000,0.0,0.0
2023-03-16 00:00:00-04:00,79.431138862061,81.52899694060521,78.62648537397638,81.2511978149414,10148100,0.0,0.0
2023-03-17 00:00:00-04:00,81.42359836276741,82.36236777134535,81.05000831965613,81.67266082763672,13065800,0.0,0.0
2023-03-20 00:00:00-04:00,81.69184083726597,83.82801675083098,81.66310425730923,83.30115509033203,9177300,0.0,0.0
2023-03-21 00:00:00-04:00,83.80884064386791,84.1536941645141,83.0137685958541,83.89505767822266,6683700,0.0,0.0
2023-03-22 00:00:00-04:00,83.85675317487333,85.40859426514056,83.76096213906642,84.20160675048828,7233700,0.0,0.0
2023-03-23 00:00:00-04:00,84.92005203748911,85.86839573361155,83.95254574882166,84.08665466308594,10747100,0.0,0.0
2023-03-24 00:00:00-04:00,84.27823211260419,84.75719454097947,83.82800626058956,84.30696868896484,5852100,0.0,0.0
2023-03-27 00:00:00-04:00,84.89130842213103,86.692204627574,84.82425397055569,86.34735107421875,8170100,0.0,0.0
2023-03-28 00:00:00-04:00,86.42397673863603,87.05620330710397,85.7151144320549,86.06954193115234,6378900,0.0,0.0
2023-03-29 00:00:00-04:00,86.33775577177555,86.84546203234952,86.03122014167789,86.80714416503906,5233600,0.0,0.0
2023-03-30 00:00:00-04:00,87.0274578589671,87.34357476516247,85.9354242815517,86.70176696777344,5640700,0.0,0.0
2023-03-31 00:00:00-04:00,86.74967272891095,89.08701171915091,86.60598984704102,89.0103759765625,10476300,0.0,0.0
2023-04-03 00:00:00-04:00,88.49308722021273,90.04492797159317,88.21528816116638,89.96829223632812,8410900,0.0,0.0
2023-04-04 00:00:00-04:00,89.90123932542306,90.06408478434389,89.01995028003103,90.04492950439453,6651500,0.0,0.0
2023-04-05 00:00:00-04:00,89.68093759808903,91.10824374551252,89.54682868804319,90.89749908447266,7478800,0.0,0.0
2023-04-06 00:00:00-04:00,90.36105818019507,92.03742676649657,90.0353599116381,91.8841552734375,9146200,0.0,0.0
2023-04-10 00:00:00-04:00,91.0761187545539,91.48975160977626,89.98913350198849,90.1911392211914,8681500,0.4,0.0
2023-04-11 00:00:00-04:00,89.90256078856794,90.5470563128766,89.65245530936191,90.39315032958984,8196000,0.0,0.0
2023-04-12 00:00:00-04:00,90.78753857314621,91.6917609761081,90.03722948940805,90.32581329345703,8040300,0.0,0.0
2023-04-13 00:00:00-04:00,90.59513932739321,92.10537866308738,90.36427672560914,91.91299438476562,6240200,0.0,0.0
2023-04-14 00:00:00-04:00,91.86491930067842,92.33626604636106,91.07613180547834,92.06692504882812,6485100,0.0,0.0
2023-04-17 00:00:00-04:00,91.99957679596719,92.3362529952966,91.6821360913177,91.95147705078125,4772400,0.0,0.0
2023-04-18 00:00:00-04:00,92.34587769116666,93.05770844345193,92.12462913004221,92.79798889160156,7219400,0.0,0.0
2023-04-19 00:00:00-04:00,91.9514740667239,92.79798258498451,91.9514740667239,92.16310119628906,4766200,0.0,0.0
2023-04-20 00:00:00-04:00,92.3458768203986,92.49016872072866,90.99916464896961,91.22041320800781,5815500,0.0,0.0
2023-04-21 00:00:00-04:00,91.39356590019968,91.68214237411875,90.67211370691517,91.52823638916016,7335800,0.0,0.0
2023-04-24 00:00:00-04:00,91.71099807510838,92.4228361804783,91.35508636141455,91.80719757080078,4901700,0.0,0.0
2023-04-25 00:00:00-04:00,91.51860626074514,92.05728816531425,90.4412351126164,90.4797134399414,5768800,0.0,0.0
2023-04-26 00:00:00-04:00,90.18152184806716,91.20117190661885,89.78712446980259,90.1430435180664,6395500,0.0,0.0
2023-04-27 00:00:00-04:00,90.72020003678442,91.4705090932797,89.73902834882692,91.42241668701172,5615700,0.0,0.0
2023-04-28 00:00:00-04:00,90.68172542714585,91.76871806704719,90.65286851440351,91.1146011352539,8498500,0.0,0.0
2023-05-01 00:00:00-04:00,91.19154538167135,92.08614624986016,91.09534590030414,91.25888061523438,5459800,0.0,0.0
2023-05-02 00:00:00-04:00,91.31659262782107,91.6147904649929,90.2776998971071,91.19154357910156,5995100,0.0,0.0
2023-05-03 00:00:00-04:00,91.45127224808972,91.78794844295676,90.94144724743526,91.17230987548828,6744800,0.0,0.0
2023-05-04 00:00:00-04:00,91.36470106753963,91.49937154482735,90.81639774172803,91.3550796508789,5038200,0.0,0.0
2023-05-05 00:00:00-04:00,91.3839380830228,93.60600833424874,91.22041069202147,93.2789535522461,8068600,0.0,0.0
2023-05-08 00:00:00-04:00,93.3847591660834,93.57714345216995,92.76912064381834,93.10579681396484,5314800,0.0,0.0
2023-05-09 00:00:00-04:00,92.53826650122654,93.20200487788888,92.4420743417516,92.48055267333984,6333500,0.0,0.0
2023-05-10 00:00:00-04:00,93.10580460792615,93.96192722896113,92.59597960202785,93.80801391601562,5935300,0.0,0.0
2023-05-11 00:00:00-04:00,93.82724071864493,93.9138114381426,92.67291308574994,93.73104858398438,5144500,0.0,0.0
2023-05-12 00:00:00-04:00,93.8945951255331,94.19279300558696,93.24047820164746,94.12545776367188,4994700,0.0,0.0
2023-05-15 00:00:00-04:00,94.1447040668729,94.23127480724321,93.35591663009265,93.55792236328125,4443700,0.0,0.0
2023-05-16 00:00:00-04:00,93.47133816765508,95.08739126640911,93.23085411926304,94.5102310180664,6896500,0.0,0.0
2023-05-17 00:00:00-04:00,95.02005160064897,96.57839080368286,94.68337541637972,95.97236633300781,9436000,0.0,0.0
2023-05-18 00:00:00-04:00,95.9723811982604,98.55999218770943,95.93391020466258,98.4445571899414,10005700,0.0,0.0
2023-05-19 00:00:00-04:00,98.49265346745446,99.14677042042528,98.04054224921109,98.92552185058594,8560300,0.0,0.0
2023-05-22 00:00:00-04:00,98.57922905211979,99.17562482364946,97.85777687250207,97.89624786376953,5890500,0.0,0.0
2023-05-23 00:00:00-04:00,97.22288173923194,97.56917932379652,94.72184933659106,94.7891845703125,10047300,0.0,0.0
2023-05-24 00:00:00-04:00,94.22164901378302,95.11624998435055,93.58677493024622,94.57756805419922,6815900,0.0,0.0
2023-05-25 00:00:00-04:00,95.42406139916847,100.67623914042157,95.01042856867389,100.32032012939453,16729600,0.0,0.0
2023-05-26 00:00:00-04:00,100.37804383195095,102.18648863588676,100.07022453283287,100.11832427978516,13994100,0.0,0.0
2023-05-30 00:00:00-04:00,100.90710659258171,101.94599942672083,100.22413278652468,101.14759063720703,10296700,0.0,0.0
2023-05-31 00:00:00-04:00,100.49346166342411,102.4365692812884,100.18564241686177,101.90750885009766,13713500,0.0,0.0
2023-06-01 00:00:00-04:00,100.88787000069873,102.55202292161616,100.7916778446957,101.95561981201172,7835900,0.0,0.0
2023-06-02 00:00:00-04:00,102.46543024856149,102.70591427380961,101.72474267995291,101.85941314697266,8652400,0.0,0.0
2023-06-05 00:00:00-04:00,101.85941073228231,103.5043205453062,101.51311315701518,102.85982513427734,7442000,0.0,0.0
2023-06-06 00:00:00-04:00,102.74439883914411,103.39851572110915,102.10952479020214,103.02336120605469,7023000,0.0,0.0
2023-06-07 00:00:00-04:00,103.06183305395116,104.2450176848103,100.84937709077946,101.2437744140625,9842500,0.0,0.0
2023-06-08 00:00:00-04:00,101.64779883361851,103.687106266621,101.33997953608898,103.38890838623047,9526700,0.0,0.0
2023-06-09 00:00:00-04:00,103.60052917734863,105.95727734747227,103.32157412857853,105.66869354248047,12597100,0.0,0.0
2023-06-12 00:00:00-04:00,109.98776455863215,113.03710741821172,109.98776455863215,111.99821472167969,39081500,0.0,0.0
2023-06-13 00:00:00-04:00,118.6259799708419,119.27047550738496,111.60384229692126,112.23872375488281,39190900,0.0,0.0
2023-06-14 00:00:00-04:00,112.06557488802848,117.84681389639712,111.33450127160962,117.6159439086914,26264200,0.0,0.0
2023-06-15 00:00:00-04:00,117.30810501560143,122.68533165637149,117.02915000359002,121.73301696777344,27476700,0.0,0.0
2023-06-16 00:00:00-04:00,122.3005700448927,122.55067551623553,120.38631902793895,120.68451690673828,19514700,0.0,0.0
2023-06-20 00:00:00-04:00,119.71295382860528,120.48250570282234,117.31773481206534,117.39469146728516,16273000,0.0,0.0
2023-06-21 00:00:00-04:00,117.30811593999464,118.66444949645012,115.77864091402475,117.45240783691406,17583000,0.0,0.0
2023-06-22 00:00:00-04:00,116.9810579713265,117.92375130608126,115.49967539200708,115.99026489257812,12203400,0.0,0.0
2023-06-23 00:00:00-04:00,115.03794379266236,115.33614899780736,113.64313927272471,114.12410736083984,19734300,0.0,0.0
2023-06-26 00:00:00-04:00,113.49884944549537,114.88403991297056,112.2579508748806,112.33490753173828,8987000,0.0,0.0
2023-06-27 00:00:00-04:00,112.13289753237363,113.95095628205644,111.83469967216877,113.35455322265625,6970400,0.0,0.0
2023-06-28 00:00:00-04:00,112.33490543065798,114.10487181032588,111.95975090923203,112.09442138671875,9240500,0.0,0.0
2023-06-29 00:00:00-04:00,111.24793800092579,113.3161025776409,110.26675883476709,113.29685974121094,9234300,0.0,0.0
2023-06-30 00:00:00-04:00,115.27843613184034,117.09650238760996,114.49927012150415,114.5569839477539,13703100,0.0,0.0
2023-07-03 00:00:00-04:00,113.5180921286617,113.74895475993783,112.38300712798387,112.69082641601562,4284700,0.0,0.0
2023-07-05 00:00:00-04:00,112.0848246064751,112.55617872027366,111.01708196856463,111.546142578125,8466500,0.0,0.0
2023-07-06 00:00:00-04:00,110.30523285855546,111.40183964447792,110.27637594402982,111.0555419921875,7982800,0.0,0.0
2023-07-07 00:00:00-04:00,110.46873875286401,111.56535266421032,110.13206258398097,110.24749755859375,7001600,0.0,0.0
2023-07-10 00:00:00-04:00,109.9300682233708,110.65152037640026,109.33367247382057,110.02626037597656,6931000,0.0,0.0
2023-07-11 00:00:00-04:00,110.2386299499821,111.01088251336489,109.49534293364184,110.8950424194336,6117100,0.4,0.0
2023-07-12 00:00:00-04:00,111.6576485255204,113.99370203341303,111.62869034096131,111.9955062866211,11011600,0.0,0.0
2023-07-13 00:00:00-04:00,113.02837212033873,114.46669222120116,112.70982477565214,113.37588500976562,9359600,0.0,0.0
2023-07-14 00:00:00-04:00,114.0805725484507,115.8084819136419,113.5979165480536,115.13275909423828,7723800,0.0,0.0
2023-07-17 00:00:00-04:00,114.72732444318463,115.80847648469982,114.14813874280874,114.76593780517578,6735900,0.0,0.0
2023-07-18 00:00:00-04:00,114.65975030817872,117.08268532392938,113.72339655411693,116.58071899414062,8903600,0.0,0.0
2023-07-19 00:00:00-04:00,116.62898774778562,117.15025707670392,114.31223762973053,114.5728759765625,7609000,0.0,0.0
2023-07-20 00:00:00-04:00,113.41449673147484,114.92038835213287,111.23289706963898,111.86034393310547,12913000,0.0,0.0
2023-07-21 00:00:00-04:00,112.44919660438387,115.1327628763885,112.17891041364187,113.56896209716797,9159600,0.0,0.0
2023-07-24 00:00:00-04:00,113.84890021323173,114.42808594321542,112.68087357108656,113.9743881225586,6200400,0.0,0.0
2023-07-25 00:00:00-04:00,113.88751657268587,114.3991307703738,112.75809590005342,113.85855102539062,6266300,0.0,0.0
2023-07-26 00:00:00-04:00,113.34695071936585,113.54001756793127,111.01089708732836,111.4935531616211,8160000,0.0,0.0
2023-07-27 00:00:00-04:00,113.4724379405414,113.52069912568939,111.62868833281502,112.3623275756836,7843000,0.0,0.0
2023-07-28 00:00:00-04:00,112.63259744143697,113.23109349547975,111.63832732170532,111.9665298461914,6910400,0.0,0.0
2023-07-31 00:00:00-04:00,112.39127590029301,113.17317625971805,111.81209017609869,113.16352844238281,6703100,0.0,0.0
2023-08-01 00:00:00-04:00,112.86428963119381,113.94544184088947,112.43955731271262,113.81995391845703,5246000,0.0,0.0
2023-08-02 00:00:00-04:00,112.86426984550206,112.92219356971778,110.35446028360765,111.69624328613281,6387800,0.0,0.0
2023-08-03 00:00:00-04:00,111.24255258011945,112.14029303279061,110.2965509463991,110.57649230957031,5193800,0.0,0.0
2023-08-04 00:00:00-04:00,111.33907360553928,112.36230925141133,110.29654232645086,110.47029876708984,5579300,0.0,0.0
2023-08-07 00:00:00-04:00,111.46457188296905,112.34300192652546,111.07844563058073,112.07271575927734,7347000,0.0,0.0
2023-08-08 00:00:00-04:00,111.04949089421548,111.5997184273895,110.25793536640819,111.23290252685547,4694800,0.0,0.0
2023-08-09 00:00:00-04:00,111.33907741900515,111.69624549387015,108.4334937353919,109.1767807006836,6542400,0.0,0.0
2023-08-10 00:00:00-04:00,109.83319979194242,111.09775617376376,108.57829859239153,109.07060241699219,6004100,0.0,0.0
2023-08-11 00:00:00-04:00,108.49141867055442,109.5436126149401,107.27512344829319,109.13817596435547,5288900,0.0,0.0
2023-08-14 00:00:00-04:00,109.25400880700577,111.79277663093718,109.22505062633195,111.56110382080078,6494200,0.0,0.0
2023-08-15 00:00:00-04:00,111.445257791211,113.96472248193983,110.85641693308692,113.221435546875,10412200,0.0,0.0
2023-08-16 00:00:00-04:00,113.09595569333557,113.72340259176468,111.27150926618931,111.33908081054688,5722000,0.0,0.0
2023-08-17 00:00:00-04:00,111.72521134740889,112.72913673390799,110.39308340855716,110.8950424194336,6183900,0.0,0.0
2023-08-18 00:00:00-04:00,110.52822404320573,112.9318488620164,109.99729949709975,112.42023468017578,9412800,0.0,0.0
2023-08-21 00:00:00-04:00,112.84498234024117,113.27936982539711,111.19429958600334,112.54573059082031,5811200,0.0,0.0
2023-08-22 00:00:00-04:00,113.4338132137321,113.5979144833454,111.71555906190802,112.4974594116211,4960300,0.0,0.0
2023-08-23 00:00:00-04:00,113.03802869682688,116.27182227997295,108.2211240933094,113.75235748291016,16517300,0.0,0.0
2023-08-24 00:00:00-04:00,115.52855263273469,115.57682118372122,108.51073689345799,108.99339294433594,11995900,0.0,0.0
2023-08-25 00:00:00-04:00,108.99338404255982,112.12099293467975,108.82927540145688,112.03411102294922,8758100,0.0,0.0
2023-08-28 00:00:00-04:00,112.33335789510049,113.62687241473311,111.68659327053822,112.78704833984375,4514800,0.0,0.0
2023-08-29 00:00:00-04:00,116.75447104735221,117.00545420281075,114.41841802312867,116.46488189697266,11920500,0.0,0.0
2023-08-30 00:00:00-04:00,116.53246807990878,117.51708309852894,115.98224052382034,116.91859436035156,5601800,0.0,0.0
2023-08-31 00:00:00-04:00,116.80275388253736,117.7487628982727,115.95328196015483,116.21391296386719,9109800,0.0,0.0
2023-09-01 00:00:00-04:00,116.81242571440045,117.46883827313003,115.92433293629765,116.73519897460938,6189900,0.0,0.0
2023-09-05 00:00:00-04:00,118.1927934590651,119.96896385103986,116.97649838167212,119.67937469482422,11089600,0.0,0.0
2023-09-06 00:00:00-04:00,118.79127696748154,120.25855514157453,118.47272964597352,120.01722717285156,8728500,0.0,0.0
2023-09-07 00:00:00-04:00,119.53458198188174,121.5906938089432,118.33758984678649,120.75086975097656,11864400,0.0,0.0
2023-09-08 00:00:00-04:00,120.47093102079576,122.29536996736577,120.03653623629377,121.93820190429688,10595500,0.0,0.0
2023-09-11 00:00:00-04:00,122.61392636857737,123.00005263953969,120.39371319884957,122.31468200683594,22155600,0.0,0.0
2023-09-12 00:00:00-04:00,108.19216782370098,109.36984961045182,103.57797776590353,105.80784606933594,68605700,0.0,0.0
2023-09-13 00:00:00-04:00,104.56258507700073,109.0223287218167,104.4467449972896,107.96047973632812,27171000,0.0,0.0
2023-09-14 00:00:00-04:00,109.56291561940935,111.14602676252773,108.06667902408276,109.71736907958984,19849700,0.0,0.0
2023-09-15 00:00:00-04:00,110.22896534581747,111.20392503679928,108.59758592060285,109.95867919921875,23215000,0.0,0.0
2023-09-18 00:00:00-04:00,109.48569180603023,110.4992724124142,107.70952115511521,108.31766510009766,11744100,0.0,0.0
2023-09-19 00:00:00-04:00,108.57828898307265,109.79457671064483,107.83499467369965,108.85822296142578,9536100,0.0,0.0
2023-09-20 00:00:00-04:00,108.89684921860879,110.72128839077442,108.55899147649411,108.95477294921875,8777100,0.0,0.0
2023-09-21 00:00:00-04:00,107.64192945090197,108.59758614686574,105.53754926475511,105.63407897949219,12645800,0.0,0.0
2023-09-22 00:00:00-04:00,106.17466155945094,106.76350245055956,104.74600396755318,105.24796295166016,11150000,0.0,0.0
2023-09-25 00:00:00-04:00,104.68808772807918,104.88115455480894,103.77104423653856,104.54329681396484,8410000,0.0,0.0
2023-09-26 00:00:00-04:00,103.42351987164511,103.67450303625488,100.69168533479373,101.24191284179688,13209000,0.0,0.0
2023-09-27 00:00:00-04:00,101.35775981671951,101.6280459978714,99.76499354665042,100.9909439086914,8916400,0.0,0.0
2023-09-28 00:00:00-04:00,100.42140848145299,102.90226008367866,99.68776928252255,102.4678726196289,7373600,0.0,0.0
2023-09-29 00:00:00-04:00,103.39456557970848,103.64554875375532,101.72457263299665,102.24584197998047,7299100,0.0,0.0
2023-10-02 00:00:00-04:00,102.13964831052647,103.02774084293617,101.63768937024726,103.00843048095703,5963500,0.0,0.0
2023-10-03 00:00:00-04:00,102.72849572418436,102.80572244755247,99.9483999656435,100.89440155029297,8783300,0.0,0.0
2023-10-04 00:00:00-04:00,101.31914417376088,103.57797802852994,100.87510154832246,103.36560821533203,8842700,0.0,0.0
2023-10-05 00:00:00-04:00,103.2594248383268,104.67843464321838,102.50648266383232,104.591552734375,7651500,0.0,0.0
2023-10-06 00:00:00-04:00,104.18611651505324,106.69592605084317,103.84825881374901,106.14569854736328,8247000,0.0,0.0
2023-10-09 00:00:00-04:00,106.9082942556233,107.12066405462579,105.67269618660382,106.49320983886719,6012400,0.0,0.0
2023-10-10 00:00:00-04:00,106.38701381569778,107.20752738216949,105.8174833822362,105.90435791015625,6910400,0.0,0.0
2023-10-11 00:00:00-04:00,106.09815871637103,106.63101873350979,105.43934418894577,106.22410583496094,5641700,0.4,0.0
2023-10-12 00:00:00-04:00,106.52442746787307,107.46420761836438,105.48776436604867,105.71060180664062,6598500,0.0,0.0
2023-10-13 00:00:00-04:00,105.78811163857029,106.09814151936033,104.43172813822811,104.87739562988281,5879400,0.0,0.0
2023-10-16 00:00:00-04:00,105.55559492825766,106.17565475588809,104.93553510062723,105.32307434082031,5488000,0.0,0.0
2023-10-17 00:00:00-04:00,104.22827984472461,106.36942503074847,103.56946537274065,105.64279174804688,5261800,0.0,0.0
2023-10-18 00:00:00-04:00,105.02272375343652,106.31128844834636,104.49954694366045,104.87739562988281,5123900,0.0,0.0
2023-10-19 00:00:00-04:00,105.24556537468428,106.78603182700807,104.81927886153936,104.964599609375,7989200,0.0,0.0
2023-10-20 00:00:00-04:00,103.65664733241226,103.70509250303655,97.52386866451124,98.67678833007812,21831400,0.0,0.0
2023-10-23 00:00:00-04:00,98.86088173096792,101.4283208243258,98.8318175821485,100.43041229248047,10722600,0.0,0.0
2023-10-24 00:00:00-04:00,100.71136684126841,101.20547952755652,99.30654549581085,99.98473358154297,6174000,0.0,0.0
2023-10-25 00:00:00-04:00,99.50031899278784,100.44009926300534,97.86297694908683,98.26988983154297,7081700,0.0,0.0
2023-10-26 00:00:00-04:00,98.52178273468282,99.19997081211349,96.75848634166739,97.27197265625,7565600,0.0,0.0
2023-10-27 00:00:00-04:00,97.85328792613349,98.90932481217352,97.4560581598052,97.84359741210938,5207900,0.0,0.0
2023-10-30 00:00:00-04:00,97.9889119343737,99.21934833502084,97.6788820539665,98.48302459716797,5433700,0.0,0.0
2023-10-31 00:00:00-04:00,98.8318194467644,100.2947691707132,97.95016749356297,100.17851257324219,6258400,0.0,0.0
2023-11-01 00:00:00-04:00,100.56604070151137,102.891261094394,100.56604070151137,102.45528411865234,8602400,0.0,0.0
2023-11-02 00:00:00-04:00,103.1334850015215,103.87949934028725,102.28090457748553,103.5404052734375,5918300,0.0,0.0
2023-11-03 00:00:00-04:00,103.83105173060693,105.6718575539939,103.29819174995288,104.68363952636719,7280000,0.0,0.0
2023-11-06 00:00:00-05:00,104.69331233840468,105.80748475797371,104.09263360512227,105.71060180664062,6062800,0.0,0.0
2023-11-07 00:00:00-05:00,106.56319715552738,106.94104589320185,105.19713034817273,105.59435272216797,7412600,0.0,0.0
2023-11-08 00:00:00-05:00,105.8268607894852,109.05310652763946,105.78810613244164,108.83027648925781,10994900,0.0,0.0
2023-11-09 00:00:00-05:00,108.89810635116093,109.77975086543525,108.1327184281296,108.6849594116211,6853900,0.0,0.0
2023-11-10 00:00:00-05:00,108.59776283826486,109.65380705451386,107.67736363536645,109.54723358154297,5233900,0.0,0.0
2023-11-13 00:00:00-05:00,109.54723605628791,110.92299333083285,109.26627029317163,110.59358978271484,5740500,0.0,0.0
2023-11-14 00:00:00-05:00,111.2814613227232,112.83161078614117,110.88423159588402,112.48282623291016,6733700,0.0,0.0
2023-11-15 00:00:00-05:00,112.5312821370545,112.68629340232971,110.38044631760006,110.50639343261719,7386200,0.0,0.0
2023-11-16 00:00:00-05:00,110.21574463193004,112.2600069743765,109.93477885970272,111.0973892211914,7476100,0.0,0.0
2023-11-17 00:00:00-05:00,111.03924355977324,112.03715198584024,110.60326659030356,111.76587677001953,4791300,0.0,0.0
2023-11-20 00:00:00-05:00,112.04684606263693,113.50011252935934,111.9112084504118,113.27727508544922,5728300,0.0,0.0
2023-11-21 00:00:00-05:00,113.55824666712753,114.00391418618922,112.07591597745163,112.46345520019531,5995300,0.0,0.0
2023-11-22 00:00:00-05:00,113.06413676836013,113.63575879916952,111.91121697660894,112.61846923828125,4343700,0.0,0.0
2023-11-24 00:00:00-05:00,112.86068679475606,112.95756976045868,111.7465142099347,112.62816619873047,2168200,0.0,0.0
2023-11-27 00:00:00-05:00,112.39562585766409,113.13194218100924,111.85306803998928,112.84129333496094,5165300,0.0,0.0
2023-11-28 00:00:00-05:00,112.38594865556531,113.16102712021315,112.26000154653086,112.61846923828125,4892600,0.0,0.0
2023-11-29 00:00:00-05:00,113.68420040531339,113.91672838754266,112.34719777012845,112.58940887451172,6127200,0.0,0.0
2023-11-30 00:00:00-05:00,113.21915922424745,113.57763431974534,111.59150030712408,112.58940887451172,11075600,0.0,0.0
2023-12-01 00:00:00-05:00,112.4537596223494,113.69387916592143,111.66899809061613,113.50980377197266,5739800,0.0,0.0
2023-12-04 00:00:00-05:00,112.64753748234757,113.0447672426369,110.98113128865748,112.17280578613281,5587500,0.0,0.0
2023-12-05 00:00:00-05:00,111.0005085102776,111.67869666963425,110.26418465747854,110.96175384521484,5913600,0.0,0.0
2023-12-06 00:00:00-05:00,111.35895974315699,111.40739752032802,108.44273649976374,108.53961944580078,7815700,0.0,0.0
2023-12-07 00:00:00-05:00,108.90780231261601,109.50848110861007,108.3264897605369,109.35346984863281,6772800,0.0,0.0
2023-12-08 00:00:00-05:00,108.52026213727238,110.09947583114246,108.11334187599446,110.0704116821289,7766000,0.0,0.0
2023-12-11 00:00:00-05:00,110.22540862463302,111.75618433522793,110.07039738612835,111.54303741455078,19544200,0.0,0.0
2023-12-12 00:00:00-05:00,99.50032786737756,101.68022800714512,97.55295573120705,97.6692123413086,57666500,0.0,0.0
2023-12-13 00:00:00-05:00,97.93079159748052,99.88785399059743,96.16749512347363,99.78128051757812,29392200,0.0,0.0
2023-12-14 00:00:00-05:00,98.69618629645726,99.06434452463341,96.75849740599988,97.18478393554688,22865200,0.0,0.0
2023-12-15 00:00:00-05:00,96.5840955960715,100.7501218651581,96.26437518663327,100.10099792480469,30212300,0.0,0.0
2023-12-18 00:00:00-05:00,100.18820155696011,102.8525236198612,99.70377936370538,101.7286605834961,13473100,0.0,0.0
2023-12-19 00:00:00-05:00,101.70929852463524,103.02692023989908,101.53490621954641,102.93972778320312,10108500,0.0,0.0
2023-12-20 00:00:00-05:00,102.64906694945161,102.78470458168226,100.80826840012226,100.9051513671875,9242000,0.0,0.0
2023-12-21 00:00:00-05:00,101.43800373032082,102.62968557125359,101.26361144607934,102.5618667602539,8168000,0.0,0.0
2023-12-22 00:00:00-05:00,102.40684369952754,103.1722316145197,102.17432312778806,102.89126586914062,5680000,0.0,0.0
2023-12-26 00:00:00-05:00,103.20130483925175,103.32725934511491,102.05806812274193,102.881591796875,5767400,0.0,0.0
2023-12-27 00:00:00-05:00,103.00752431802299,103.01721483056954,102.2712005900864,102.63936614990234,5627400,0.0,0.0
2023-12-28 00:00:00-05:00,102.70720717365032,103.2885123933808,102.29060374436571,102.93972778320312,5689100,0.0,0.0
2023-12-29 00:00:00-05:00,103.27879439870524,103.58882425951639,101.51549817939912,102.14524841308594,6899700,0.0,0.0
2024-01-02 00:00:00-05:00,101.26361493127409,101.41863358557781,99.24842416719967,100.81794738769531,9597500,0.0,0.0
2024-01-03 00:00:00-05:00,100.08162485010702,100.15912678083518,98.5702226296227,99.26779174804688,9455600,0.0,0.0
2024-01-04 00:00:00-05:00,99.56812242793377,100.13974439121597,99.2096547785301,99.39373016357422,6822300,0.0,0.0
2024-01-05 00:00:00-05:00,99.33559226916526,100.48851920495208,99.1030717363971,99.52936553955078,6133800,0.0,0.0
2024-01-08 00:00:00-05:00,99.73283286624073,101.50581228660015,98.94806397058808,101.39924621582031,7038700,0.0,0.0
2024-01-09 00:00:00-05:00,100.61448360819297,101.22486027536853,100.0719331410998,100.40133666992188,6725200,0.0,0.0
2024-01-10 00:00:00-05:00,100.26516737426773,101.21831708908807,99.90531070853584,101.07242584228516,7270500,0.4,0.0
2024-01-11 00:00:00-05:00,101.4906498239,101.96722100102969,100.70284743022924,101.89913940429688,6119000,0.0,0.0
2024-01-12 00:00:00-05:00,102.22009555095369,103.77625158597313,102.0936604238493,103.67899322509766,9703800,0.0,0.0
2024-01-16 00:00:00-05:00,103.49420652413195,103.73735614109081,102.5313286983319,103.64981842041016,7547200,0.0,0.0
2024-01-17 00:00:00-05:00,103.54283338338314,104.55433669393238,102.78420775555558,103.51365661621094,7771500,0.0,0.0
2024-01-18 00:00:00-05:00,104.05830831107055,105.89651882721797,103.69845162589787,105.72145080566406,10362300,0.0,0.0
2024-01-19 00:00:00-05:00,106.32446323924361,107.19980333639609,106.03268073341367,106.66487121582031,11163800,0.0,0.0
2024-01-22 00:00:00-05:00,107.04418690599157,107.6569287006801,106.27583321224745,107.08309173583984,7485300,0.0,0.0
2024-01-23 00:00:00-05:00,107.26789858601282,109.59240860524656,106.55789835562949,108.76570129394531,9185900,0.0,0.0
2024-01-24 00:00:00-05:00,110.31212985637849,112.25732702861019,110.22459954539046,111.17774200439453,11702700,0.0,0.0
2024-01-25 00:00:00-05:00,111.74182187832346,112.99647461826174,111.21661788809327,111.84880828857422,8877200,0.0,0.0
2024-01-26 00:00:00-05:00,111.49868774414062,112.31567431558877,111.13882363976808,111.49868774414062,5541800,0.0,0.0
2024-01-29 00:00:00-05:00,111.0610175850054,111.45005102244788,109.91335113574085,110.63307189941406,7014400,0.0,0.0
2024-01-30 00:00:00-05:00,110.2537557713365,111.26525900285685,109.54375567082255,111.0318374633789,8231900,0.0,0.0
2024-01-31 00:00:00-05:00,110.69142740616849,111.1388218034805,108.61006731329473,108.63924407958984,7386700,0.0,0.0
2024-02-01 00:00:00-05:00,109.81609280989566,112.607445568117,109.46595677982083,112.36429595947266,7882200,0.0,0.0
2024-02-02 00:00:00-05:00,112.64634137526332,113.29798049336623,112.00443031842157,112.6171646118164,6499400,0.0,0.0
2024-02-05 00:00:00-05:00,112.36430170934636,113.52169628022722,111.62512478354819,113.20073699951172,8084500,0.0,0.0
2024-02-06 00:00:00-05:00,113.54113880724388,113.74538358740337,111.82937091057285,112.1406021118164,4637500,0.0,0.0
2024-02-07 00:00:00-05:00,112.62689670498523,114.36784129589158,112.14059750923026,114.05661010742188,7672900,0.0,0.0
2024-02-08 00:00:00-05:00,113.88156490652811,114.56238836913168,112.79225923890372,113.48280334472656,4472800,0.0,0.0
2024-02-09 00:00:00-05:00,113.85236772595762,114.12469409404396,112.55881747754754,113.44387817382812,5787100,0.0,0.0
2024-02-12 00:00:00-05:00,113.07429133739802,113.89127042640315,112.21840000186481,112.6657943725586,5439600,0.0,0.0
2024-02-13 00:00:00-05:00,110.6719736009929,111.08046315097091,109.90361996917505,110.56498718261719,8171700,0.0,0.0
2024-02-14 00:00:00-05:00,111.187458148661,111.57649902546984,110.41910445755634,111.12910461425781,5946100,0.0,0.0
2024-02-15 00:00:00-05:00,111.11937239130582,111.17772592352418,109.48540670615628,109.68965148925781,8455600,0.0,0.0
2024-02-16 00:00:00-05:00,109.92307596725107,110.01061368824821,108.20157993790656,108.25993347167969,8936000,0.0,0.0
2024-02-20 00:00:00-05:00,107.51103668014582,107.73473017476253,104.72940443862161,105.47830200195312,10975600,0.0,0.0
2024-02-21 00:00:00-05:00,103.83460408373966,105.4102086945012,103.59145449118148,105.19624328613281,7865300,0.0,0.0
2024-02-22 00:00:00-05:00,108.4349980030599,108.82403886314584,106.6551484972316,107.96815490722656,8957800,0.0,0.0
2024-02-23 00:00:00-05:00,108.93102577365606,110.26348831381594,108.64897133433738,108.88239288330078,7504500,0.0,0.0
2024-02-26 00:00:00-05:00,108.93102015392168,109.45622417724708,107.89034016890751,107.92924499511719,6342900,0.0,0.0
2024-02-27 00:00:00-05:00,107.58884867159871,108.45446074241073,106.78159013624081,108.32801818847656,6593100,0.0,0.0
2024-02-28 00:00:00-05:00,108.21132998105082,108.9504996267813,108.05571063226189,108.61981964111328,5278300,0.0,0.0
2024-02-29 00:00:00-05:00,108.61981964111328,109.35899670718273,107.6083161350022,108.61981964111328,12193900,0.0,0.0
2024-03-01 00:00:00-05:00,108.61979900095633,110.81787365271391,108.46417968173853,110.6622543334961,7605100,0.0,0.0
2024-03-04 00:00:00-05:00,110.46773483661475,111.45978200058732,110.28293875475876,110.93457794189453,6588100,0.0,0.0
2024-03-05 00:00:00-05:00,109.7285447747931,110.09812947386028,107.34568180226614,107.90006256103516,8242000,0.0,0.0
2024-03-06 00:00:00-05:00,108.44473642775387,109.95226712201476,107.63747786449576,109.19363403320312,6706400,0.0,0.0
2024-03-07 00:00:00-05:00,110.81787063217047,111.65430589932379,109.21308169308155,111.40142822265625,7670100,0.0,0.0
2024-03-08 00:00:00-05:00,110.94430460846243,111.19718228250449,108.48363172356467,109.33951568603516,8312900,0.0,0.0
2024-03-11 00:00:00-04:00,108.55171027527071,111.60566872115956,108.13349265775919,111.00265502929688,20438300,0.0,0.0
2024-03-12 00:00:00-04:00,122.8002793643697,125.82505364301011,121.18576241518605,124.04520416259766,48536100,0.0,0.0
2024-03-13 00:00:00-04:00,124.49260628864653,125.2706880460856,121.40947086691028,122.08055877685547,15870300,0.0,0.0
2024-03-14 00:00:00-04:00,123.74370812644034,124.29808896435175,121.51645671228046,122.09028625488281,10965900,0.0,0.0
2024-03-15 00:00:00-04:00,120.64112355516914,122.55714386246123,120.17427299193706,122.10002136230469,17844900,0.0,0.0
2024-03-18 00:00:00-04:00,123.7145306460331,125.41657808176261,123.40329941174178,124.298095703125,12231400,0.0,0.0
2024-03-19 00:00:00-04:00,124.24944223451786,125.66944238995151,123.02396620601738,125.64998626708984,10221000,0.0,0.0
2024-03-20 00:00:00-04:00,126.41833698148548,127.10888838141726,124.75520201372731,125.69862365722656,8373300,0.0,0.0
2024-03-21 00:00:00-04:00,126.94353991774067,129.13188619007664,125.41655339529876,125.47490692138672,17842400,0.0,0.0
2024-03-22 00:00:00-04:00,125.47492450770467,125.66945607616029,124.05493903829893,124.28836059570312,6660000,0.0,0.0
2024-03-25 00:00:00-04:00,124.1716493131395,124.1716493131395,122.59604448455468,122.6252212524414,7446100,0.0,0.0
2024-03-26 00:00:00-04:00,123.27686589579238,123.46166199432581,122.39179765580393,123.0045394897461,7063900,0.0,0.0
2024-03-27 00:00:00-04:00,123.84096016002646,124.31753131413744,121.05932805014757,121.83740234375,8115900,0.0,0.0
2024-03-28 00:00:00-04:00,121.95412559197821,122.7127512364075,121.7693295020601,122.16809844970703,6587400,0.0,0.0
2024-04-01 00:00:00-04:00,122.10001765954281,122.81001041542854,121.14686785617045,122.04166412353516,4133600,0.0,0.0
2024-04-02 00:00:00-04:00,121.09823158748644,121.50672114380025,120.04782351096202,120.9328842163086,4862400,0.0,0.0
2024-04-03 00:00:00-04:00,120.85508954286621,122.94617776482298,120.66056539411585,122.78083038330078,7430000,0.0,0.0
2024-04-04 00:00:00-04:00,124.10356722213363,124.48288004383122,120.63139087097584,120.7870101928711,7588300,0.0,0.0
2024-04-05 00:00:00-04:00,121.01070377562098,122.5474111888704,120.7383773824553,121.47755432128906,4899500,0.0,0.0
2024-04-08 00:00:00-04:00,121.57480214958116,121.69151663096609,120.36878218995169,120.94261169433594,6119200,0.0,0.0
2024-04-09 00:00:00-04:00,121.33291793296351,121.72321429732274,118.29837468038934,120.24009704589844,5564100,0.4,0.0
2024-04-10 00:00:00-04:00,118.40570127206293,120.09372981146525,118.37643034874512,118.7959976196289,4509900,0.0,0.0
2024-04-11 00:00:00-04:00,118.76672264568727,120.81576909516991,118.41545668928642,120.24983978271484,7315200,0.0,0.0
2024-04-12 00:00:00-04:00,118.78625109608961,118.88382333253294,117.49827821989807,118.17153930664062,6196900,0.0,0.0
2024-04-15 00:00:00-04:00,119.21557308119769,119.49853776651698,116.54205519975515,116.97137451171875,5101500,0.0,0.0
2024-04-16 00:00:00-04:00,117.17626585973551,118.49351691246038,116.8445188158942,117.69341278076172,7000000,0.0,0.0
2024-04-17 00:00:00-04:00,118.04469914056807,118.10324099506342,115.73219911230153,115.79074096679688,5366600,0.0,0.0
2024-04-18 00:00:00-04:00,115.87854533043846,115.87854533043846,112.89278460705175,113.18550872802734,6662400,0.0,0.0
2024-04-19 00:00:00-04:00,113.30260131899041,113.93682451543548,111.68287406556871,112.09268188476562,8251500,0.0,0.0
2024-04-22 00:00:00-04:00,113.21478065605812,113.51725679127608,111.56578248554233,111.75117492675781,7125500,0.0,0.0
2024-04-23 00:00:00-04:00,112.37564529198129,113.04890630473501,111.96583747738494,112.2975845336914,5494800,0.0,0.0
2024-04-24 00:00:00-04:00,112.58055717634409,112.92207115698983,111.11695135397947,112.5415267944336,5791800,0.0,0.0
2024-04-25 00:00:00-04:00,110.87301654023517,112.20001974195092,110.04364140023385,112.10244750976562,6796600,0.0,0.0
2024-04-26 00:00:00-04:00,114.20029922926521,116.3176474715928,113.33189359173389,114.36617279052734,8355100,0.0,0.0
2024-04-29 00:00:00-04:00,114.15148091431104,114.46371648763628,112.49273082682383,113.66361236572266,4994100,0.0,0.0
2024-04-30 00:00:00-04:00,112.29758892854123,112.71715621541479,110.93156282642632,110.99010467529297,6234700,0.0,0.0
2024-05-01 00:00:00-04:00,111.14621517444844,113.92706438406778,110.89252144738116,111.84873962402344,5583600,0.0,0.0
2024-05-02 00:00:00-04:00,112.43419141093992,113.00011328186703,111.48772521515622,112.17073822021484,5001000,0.0,0.0
2024-05-03 00:00:00-04:00,113.16599705812136,113.3904124320886,112.27807268522564,112.99036407470703,4485000,0.0,0.0
2024-05-06 00:00:00-04:00,113.5075008621264,115.48824602299895,113.36113880539106,115.4687271118164,6052400,0.0,0.0
2024-05-07 00:00:00-04:00,115.1369887446861,116.23956909255314,114.44421623114656,115.06868743896484,6437700,0.0,0.0
2024-05-08 00:00:00-04:00,114.85402179157511,115.11747499720119,114.26858097637161,114.54178619384766,4636000,0.0,0.0
2024-05-09 00:00:00-04:00,114.54178517336017,114.87353968039955,113.6733796922837,113.80998229980469,3236200,0.0,0.0
2024-05-10 00:00:00-04:00,114.30761341378307,114.77596309666107,113.09770138135025,113.8392562866211,4122500,0.0,0.0
2024-05-13 00:00:00-04:00,114.28807885158054,114.34662813713607,113.38064309044103,113.54652404785156,4140000,0.0,0.0
2024-05-14 00:00:00-04:00,113.67337355255644,119.57658605810641,113.31234814115994,117.93734741210938,17811200,0.0,0.0
2024-05-15 00:00:00-04:00,117.25432638912244,119.12773984837479,116.76645783550777,118.67890167236328,6604600,0.0,0.0
2024-05-16 00:00:00-04:00,118.98139680511865,119.4790174183004,118.2691053721074,119.19606018066406,5159300,0.0,0.0
2024-05-17 00:00:00-04:00,120.19130444361524,120.58160079899527,119.11799504953298,120.5035400390625,6179400,0.0,0.0
2024-05-20 00:00:00-04:00,120.79626242982711,121.65490844389032,120.24984456243808,121.49878692626953,5989000,0.0,0.0
2024-05-21 00:00:00-04:00,121.44025895910669,122.31842398538267,120.91335994334109,121.60613250732422,5549500,0.0,0.0
2024-05-22 00:00:00-04:00,121.60612944659954,122.12327643659584,120.3084045760658,121.57685852050781,5705000,0.0,0.0
2024-05-23 00:00:00-04:00,123.47954365728489,123.62589827951034,120.171795197879,121.0792236328125,6108600,0.0,0.0
2024-05-24 00:00:00-04:00,120.4254846920069,120.51330491194955,118.47401027167575,119.92786407470703,7173400,0.0,0.0
2024-05-28 00:00:00-04:00,120.24984908265151,121.7915156278316,120.02543369799044,121.46952056884766,6911400,0.0,0.0
2024-05-29 00:00:00-04:00,120.0059137891622,120.91334966513026,119.7912504182883,120.73771667480469,4735100,0.0,0.0
2024-05-30 00:00:00-04:00,117.2543338526603,118.49352422651788,114.19051973648322,114.24906158447266,10839600,0.0,0.0
2024-05-31 00:00:00-04:00,113.76120087237774,114.5710645656007,111.77070346015134,114.34664916992188,12755600,0.0,0.0
2024-06-03 00:00:00-04:00,114.67838529173557,116.4347151278603,114.49299285228805,116.38592529296875,7256300,0.0,0.0
2024-06-04 00:00:00-04:00,116.13224173057198,117.44949294526823,115.83952502841613,117.15676879882812,7368000,0.0,0.0
2024-06-05 00:00:00-04:00,118.69842955855896,119.8107693493661,117.5860897677518,119.65464782714844,5973700,0.0,0.0
2024-06-06 00:00:00-04:00,119.89858031600924,121.25485438163494,119.28386858117726,120.5035400390625,7347200,0.0,0.0
2024-06-07 00:00:00-04:00,121.1963202497912,123.15755416333211,120.27912487289744,122.86483001708984,11545000,0.0,0.0
2024-06-10 00:00:00-04:00,122.67943086315472,123.86982389140863,121.04019221059706,121.4792709350586,10164700,0.0,0.0
2024-06-11 00:00:00-04:00,121.04020196462015,121.80127578530244,119.32290241777036,120.87432098388672,18373900,0.0,0.0
2024-06-12 00:00:00-04:00,131.42203708477328,137.53991308953107,130.70975314507922,136.97398376464844,40871300,0.0,0.0
2024-06-13 00:00:00-04:00,137.02279324103847,138.94499707232552,135.40308050420296,136.45687866210938,13733200,0.0,0.0
2024-06-14 00:00:00-04:00,135.88116797058507,136.57394798891616,134.04679201222365,134.77859497070312,11330800,0.0,0.0
2024-06-17 00:00:00-04:00,135.4322989163764,138.0082440072752,134.8956405873214,137.8813934326172,11232800,0.0,0.0
2024-06-18 00:00:00-04:00,137.79361099713617,141.54043833773923,137.79361099713617,141.13063049316406,11629400,0.0,0.0
2024-06-20 00:00:00-04:00,141.79412648559338,141.79412648559338,138.5058822423704,139.44259643554688,8940000,0.0,0.0
2024-06-21 00:00:00-04:00,140.23295608200726,140.23295608200726,137.03253915423508,138.0668182373047,14844100,0.0,0.0
2024-06-24 00:00:00-04:00,136.60321181749532,138.0960885841296,135.74455829315772,136.49588012695312,7793300,0.0,0.0
2024-06-25 00:00:00-04:00,135.62746143501914,136.16411983567687,134.22239758186691,135.7933349609375,8205500,0.0,0.0
2024-06-26 00:00:00-04:00,136.10556737025547,137.3349907015544,134.72977454734286,134.87612915039062,8036300,0.0,0.0
2024-06-27 00:00:00-04:00,135.87141062494203,137.98875864841165,135.44208385731343,136.77883911132812,7518200,0.0,0.0
2024-06-28 00:00:00-04:00,136.05677132919402,139.35476719394325,135.8908978237895,137.77406311035156,25814800,0.0,0.0
2024-07-01 00:00:00-04:00,138.2521990442826,140.5646913234106,137.6472467761553,139.61822509765625,6552400,0.0,0.0
2024-07-02 00:00:00-04:00,139.16939618487226,140.7208146992459,139.09133542528164,139.80361938476562,5920500,0.0,0.0
2024-07-03 00:00:00-04:00,140.26221868259944,141.1403761832721,140.0182843892384,140.87693786621094,3560800,0.0,0.0
2024-07-05 00:00:00-04:00,141.43307794064626,142.2526934634335,140.5256496593958,141.3159942626953,5365500,0.0,0.0
2024-07-08 00:00:00-04:00,141.24770098201924,141.70629862226662,139.94996881797525,141.5111541748047,8622600,0.0,0.0
2024-07-09 00:00:00-04:00,141.60875102177346,142.16491350893796,134.651739705957,137.26670837402344,14334200,0.0,0.0
2024-07-10 00:00:00-04:00,137.69603878125594,138.92547727016876,136.3495314728517,138.6230010986328,6350300,0.0,0.0
2024-07-11 00:00:00-04:00,139.29810811183594,140.3940142670047,138.63272585291094,139.6894989013672,5245100,0.4,0.0
2024-07-12 00:00:00-04:00,139.64061961925617,142.0085688021508,138.2217940743082,141.65631103515625,7361800,0.0,0.0
2024-07-15 00:00:00-04:00,142.59565182574278,143.43715564238252,138.86759925420554,139.9928741455078,8687800,0.0,0.0
2024-07-16 00:00:00-04:00,139.99286804999636,140.41361247469396,138.99480195497293,139.54275512695312,7181500,0.0,0.0
2024-07-17 00:00:00-04:00,137.45856255165353,138.74038478134466,135.69727383006858,136.26480102539062,9157000,0.0,0.0
2024-07-18 00:00:00-04:00,136.3626757350265,137.0476172996835,134.2491289664223,135.061279296875,5998700,0.0,0.0
2024-07-19 00:00:00-04:00,135.37437428413193,137.41941898247748,135.11017726334472,135.57984924316406,6111900,0.0,0.0
2024-07-22 00:00:00-04:00,136.7344832499906,137.65425322726503,136.12780803146893,137.1552276611328,5387200,0.0,0.0
2024-07-23 00:00:00-04:00,138.26092946148978,140.1396324032406,138.17286876045546,140.03199768066406,6697400,0.0,0.0
2024-07-24 00:00:00-04:00,138.65231375585037,139.59167264763252,135.42328716176573,135.78533935546875,8018800,0.0,0.0
2024-07-25 00:00:00-04:00,137.13566265209346,138.03588852833835,134.7383599790662,134.8557891845703,7654600,0.0,0.0
2024-07-26 00:00:00-04:00,135.8831990751797,136.94976685795302,135.40374748085736,136.0201873779297,5139400,0.0,0.0
2024-07-29 00:00:00-04:00,136.274625280262,136.77365097267239,134.85581444722249,135.33526611328125,4054600,0.0,0.0
2024-07-30 00:00:00-04:00,136.07889607669804,136.56814209995974,132.05729316826273,132.75201416015625,6505700,0.0,0.0
2024-07-31 00:00:00-04:00,136.6855575795932,138.5055533994868,135.67771195718692,136.45071411132812,7188000,0.0,0.0
2024-08-01 00:00:00-04:00,136.2941592166013,137.3705065081387,132.849877744891,134.5524444580078,5906800,0.0,0.0
2024-08-02 00:00:00-04:00,129.91439605118816,131.41148772080587,128.96525755076334,130.41342163085938,8251600,0.0,0.0
2024-08-05 00:00:00-04:00,125.13935417892834,127.17461954034361,123.93581307546707,125.11000061035156,10355000,0.0,0.0
2024-08-06 00:00:00-04:00,127.7323499153882,128.22159595677343,125.3252677529113,125.45247650146484,8373900,0.0,0.0
2024-08-07 00:00:00-04:00,126.14719671711114,127.49752056054304,123.04537862612119,123.19215393066406,8617700,0.0,0.0
2024-08-08 00:00:00-04:00,125.24698140205025,127.02784408555041,124.90451068033938,126.18634033203125,6243200,0.0,0.0
2024-08-09 00:00:00-04:00,125.63836598911524,129.52298039763346,125.5796588584036,129.2196502685547,5597300,0.0,0.0
2024-08-12 00:00:00-04:00,129.4055809210126,129.85569385889954,128.38795570100524,129.72848510742188,5600800,0.0,0.0
2024-08-13 00:00:00-04:00,130.11008160938366,131.64630627572845,129.95351930703174,131.37232971191406,4324000,0.0,0.0
2024-08-14 00:00:00-04:00,131.15708760358916,133.04558530896952,131.12773403210812,132.6835479736328,4044600,0.0,0.0
2024-08-15 00:00:00-04:00,133.9849090576172,134.2980336798812,132.80094203986528,133.9849090576172,4698100,0.0,0.0
2024-08-16 00:00:00-04:00,133.84789292787366,134.85575326452528,133.45650216205607,134.51327514648438,4893800,0.0,0.0
2024-08-19 00:00:00-04:00,134.57200200290538,134.9829668464609,133.52502333897644,134.95361328125,3641600,0.0,0.0
2024-08-20 00:00:00-04:00,134.85578718882672,136.7834028725198,134.85578718882672,136.17674255371094,3738300,0.0,0.0
2024-08-21 00:00:00-04:00,135.81471774852102,137.28245602044896,135.5700947031997,137.18460083007812,3776800,0.0,0.0
2024-08-22 00:00:00-04:00,137.67381255426204,138.0456442681268,134.68940916019446,135.11016845703125,5162200,0.0,0.0
2024-08-23 00:00:00-04:00,135.74622184704972,136.78342121400416,134.30783708552414,136.1963348388672,4544600,0.0,0.0
2024-08-26 00:00:00-04:00,136.39201840211118,136.40179794846497,135.217830823635,135.9125518798828,2729600,0.0,0.0
2024-08-27 00:00:00-04:00,134.88513183136092,136.49963770291748,134.77749711121692,135.50157165527344,3872200,0.0,0.0
2024-08-28 00:00:00-04:00,135.84405421515055,135.9614684843271,133.96535125530622,134.91448974609375,3022600,0.0,0.0
2024-08-29 00:00:00-04:00,136.14737962888657,138.12393769803353,135.863623511378,136.42135620117188,4588400,0.0,0.0
2024-08-30 00:00:00-04:00,137.31180033957662,138.67190378269723,137.0867513336141,138.2511444091797,7980700,0.0,0.0
2024-09-03 00:00:00-04:00,137.42921356420703,139.14157475297938,135.84406112725128,136.49964904785156,6831200,0.0,0.0
2024-09-04 00:00:00-04:00,135.46246370800225,138.06525656546518,134.98299715090974,137.7227783203125,6243300,0.0,0.0
2024-09-05 00:00:00-04:00,138.3587731491641,140.19834302418687,137.29222037294522,139.54275512695312,8733200,0.0,0.0
2024-09-06 00:00:00-04:00,140.69738966194257,140.84417245322044,136.40180941588227,138.75997924804688,11154800,0.0,0.0
2024-09-09 00:00:00-04:00,139.425357019262,140.21793330137243,136.50943955366787,136.8812713623047,20233400,0.0,0.0
2024-09-10 00:00:00-04:00,150.91280915586168,157.0675318779284,149.82668249494418,152.537109375,37374200,0.0,0.0
2024-09-11 00:00:00-04:00,153.4079865829873,156.01077909022553,151.50970956538654,153.79937744140625,12630100,0.0,0.0
2024-09-12 00:00:00-04:00,155.61937478867785,158.8484016586133,154.503894407857,157.9090576171875,16161300,0.0,0.0
2024-09-13 00:00:00-04:00,169.96409188601027,170.19893538865833,157.53724395171656,158.5450897216797,25727800,0.0,0.0
2024-09-16 00:00:00-04:00,161.4414058125619,170.24783410480933,160.97171888694083,166.6665496826172,27384400,0.0,0.0
2024-09-17 00:00:00-04:00,166.61764842541663,166.96990620999787,163.18314622370391,163.8680877685547,12580100,0.0,0.0
2024-09-18 00:00:00-04:00,164.01483946718633,164.01483946718633,160.20850583154467,160.99130249023438,12274400,0.0,0.0
2024-09-19 00:00:00-04:00,163.65282038586645,164.54325187086297,160.97174638389896,163.98550415039062,10075900,0.0,0.0
2024-09-20 00:00:00-04:00,163.53538962352712,165.1988232091632,163.01679000442772,164.3866729736328,12187700,0.0,0.0
2024-09-23 00:00:00-04:00,163.63323656837,163.73109175471774,160.7271137149827,162.38076782226562,7916100,0.0,0.0
2024-09-24 00:00:00-04:00,162.1752863930384,162.52754414705325,160.39442360035085,162.23399353027344,6155100,0.0,0.0
2024-09-25 00:00:00-04:00,164.08333644993144,165.1205356479195,162.09699875628922,162.7036590576172,7142400,0.0,0.0
2024-09-26 00:00:00-04:00,164.04417898152218,164.73891487587375,162.89934512514264,164.48451232910156,7096800,0.0,0.0
2024-09-27 00:00:00-04:00,164.4747347217393,165.47280085168805,162.9287154006359,165.1107635498047,8974400,0.0,0.0
2024-09-30 00:00:00-04:00,165.8544094767829,166.85247559048676,162.87000561217124,166.73504638671875,10210300,0.0,0.0
2024-10-01 00:00:00-04:00,166.55892647951003,166.84268261908332,162.4003350539342,163.5647430419922,7595100,0.0,0.0
2024-10-02 00:00:00-04:00,163.99530105024377,165.5413056095396,163.67239682792817,164.10293579101562,7073000,0.0,0.0
2024-10-03 00:00:00-04:00,163.30054802692888,164.24968657032224,162.6645341261664,163.2711944580078,4735700,0.0,0.0
2024-10-04 00:00:00-04:00,165.081413304606,167.22429852088464,164.5530191949225,167.18516540527344,6386900,0.0,0.0
2024-10-07 00:00:00-04:00,166.75460368913883,168.62352697949183,165.90332043284948,166.3142852783203,6791000,0.0,0.0
2024-10-08 00:00:00-04:00,166.9307699565636,170.88387174874225,166.7742076262224,170.6196746826172,7845400,0.0,0.0
2024-10-09 00:00:00-04:00,170.80558137128014,174.76847742699732,170.0717122843179,174.45535278320312,8120900,0.0,0.0
2024-10-10 00:00:00-04:00,174.21998030047004,174.85743927101666,170.81697683813516,172.0232391357422,7115900,0.4,0.0
2024-10-11 00:00:00-04:00,172.11149063963555,173.5825290211709,171.03272317417245,172.37628173828125,5869400,0.0,0.0
2024-10-14 00:00:00-04:00,173.14123368109247,173.79829574583374,172.11150374278733,172.7195281982422,4688700,0.0,0.0
2024-10-15 00:00:00-04:00,173.52370845786893,174.77899348070423,170.39529743727016,170.72872924804688,5848600,0.0,0.0
2024-10-16 00:00:00-04:00,170.15011594042707,171.5328956901927,168.32602764359373,171.39559936523438,6383000,0.0,0.0
2024-10-17 00:00:00-04:00,174.07289216253392,174.31806525008676,171.75845761746774,172.28802490234375,5474000,0.0,0.0
2024-10-18 00:00:00-04:00,173.38640000400295,173.55311589773555,171.20926192132134,171.317138671875,5001300,0.0,0.0
2024-10-21 00:00:00-04:00,171.0817857393175,171.76826742468478,169.81669913086768,170.4051055908203,4198400,0.0,0.0
2024-10-22 00:00:00-04:00,172.0624672268054,172.45475313941196,170.91505899026404,171.9251708984375,5510100,0.0,0.0
2024-10-23 00:00:00-04:00,171.1308216333127,172.6705158646243,169.66958458870917,169.7578582763672,4830400,0.0,0.0
2024-10-24 00:00:00-04:00,169.97357598228268,171.572094061566,169.57148859669772,171.0131072998047,3488000,0.0,0.0
2024-10-25 00:00:00-04:00,171.4054057289594,172.88624577301698,169.75784978305518,170.16973876953125,3674700,0.0,0.0
2024-10-28 00:00:00-04:00,170.68952161971822,170.8071999235982,168.81639547400704,169.0909881591797,4330000,0.0,0.0
2024-10-29 00:00:00-04:00,168.9634779970201,170.6600865327091,168.9634779970201,170.0814666748047,4122900,0.0,0.0
2024-10-30 00:00:00-04:00,170.62084813963554,172.75876520988322,169.4538218674948,171.1896514892578,5822500,0.0,0.0
2024-10-31 00:00:00-04:00,167.22762795171502,167.58067772078533,164.1678582983808,164.599365234375,9477500,0.0,0.0
2024-11-01 00:00:00-04:00,166.86478450753503,168.9438623049535,165.8350695907313,166.7373046875,5680600,0.0,0.0
2024-11-04 00:00:00-05:00,167.0216971617072,167.18841305096004,165.47220158819826,166.3155975341797,4804400,0.0,0.0
2024-11-05 00:00:00-05:00,167.1786133845879,168.5711946199548,167.0315155289485,168.46331787109375,5456800,0.0,0.0
2024-11-06 00:00:00-05:00,175.07317761135513,178.58405752070487,173.99441019411685,177.74066162109375,11085000,0.0,0.0
2024-11-07 00:00:00-05:00,177.58376594919665,183.06583239102827,177.05418371989313,182.77162170410156,7759400,0.0,0.0
2024-11-08 00:00:00-05:00,182.66371806865112,186.4884265074666,182.66371806865112,185.5959930419922,8520400,0.0,0.0
2024-11-11 00:00:00-05:00,187.36127528278493,187.8025838446758,184.21324627483187,185.4783477783203,5973600,0.0,0.0
2024-11-12 00:00:00-05:00,184.89971884931725,186.92975908424617,183.58559476446553,185.91964721679688,6629900,0.0,0.0
2024-11-13 00:00:00-05:00,185.35084801625288,188.06736992582577,185.14489604533017,185.96868896484375,5695400,0.0,0.0
2024-11-14 00:00:00-05:00,185.01742236231516,185.92945906510803,183.10507527244488,183.43850708007812,7804300,0.0,0.0
2024-11-15 00:00:00-05:00,180.95736747063447,182.21265255682584,178.80964870098842,180.1924285888672,8986300,0.0,0.0
2024-11-18 00:00:00-05:00,180.74158394571225,182.5852751927063,179.34900275197722,182.1439666748047,6289400,0.0,0.0
2024-11-19 00:00:00-05:00,181.32020620205486,185.66468105101742,180.76121934944834,185.25277709960938,8117000,0.0,0.0
2024-11-20 00:00:00-05:00,187.21414497130957,187.28280061177256,184.19362600281502,187.06704711914062,4860200,0.0,0.0
2024-11-21 00:00:00-05:00,188.23408521120442,192.25491472154587,187.93987452406307,188.71461486816406,11394300,0.0,0.0
2024-11-22 00:00:00-05:00,189.27361440326897,190.4504421735627,187.37106894194187,188.5773162841797,6879400,0.0,0.0
2024-11-25 00:00:00-05:00,190.7446530725814,190.98982614851016,184.3603515625,184.3603515625,15138500,0.0,0.0
2024-11-26 00:00:00-05:00,184.68398963627945,188.68520123633635,184.68398963627945,186.69439697265625,6427200,0.0,0.0
2024-11-27 00:00:00-05:00,185.3116289025601,185.3116289025601,178.70175722404278,179.1724853515625,8368800,0.0,0.0
2024-11-29 00:00:00-05:00,180.45717233288485,182.34009962376803,180.44737079766222,181.27114868164062,4628000,0.0,0.0
2024-12-02 00:00:00-05:00,181.71247037197148,181.71247037197148,177.50530697325217,177.9073944091797,8859700,0.0,0.0
2024-12-03 00:00:00-05:00,177.68182004238247,179.50590828108005,175.65179480489937,179.3588104248047,8917100,0.0,0.0
2024-12-04 00:00:00-05:00,184.3701388607355,186.12557136458705,182.3106791963016,184.5564727783203,8906300,0.0,0.0
2024-12-05 00:00:00-05:00,185.37045784643777,185.37045784643777,182.26166513313987,182.64413452148438,6398100,0.0,0.0
2024-12-06 00:00:00-05:00,183.38945764076152,188.9107600042579,182.78143321145168,187.98890686035156,10503400,0.0,0.0
2024-12-09 00:00:00-05:00,192.5098982516022,194.48108435441262,185.28218594627734,186.77284240722656,20158000,0.0,0.0
2024-12-10 00:00:00-05:00,170.1108812397364,174.36708193753552,167.75721090314715,174.30824279785156,26502000,0.0,0.0
2024-12-11 00:00:00-05:00,174.56323096695078,177.8779757592419,171.45443814374622,175.1320343017578,13188700,0.0,0.0
2024-12-12 00:00:00-05:00,174.56323049752422,174.7299463938712,171.4348196465868,171.9349822998047,8154200,0.0,0.0
2024-12-13 00:00:00-05:00,171.6211361202089,172.7391246369392,168.32600970813385,170.04222106933594,8351100,0.0,0.0
2024-12-16 00:00:00-05:00,170.48352689485367,170.90523231836175,167.62970902759446,167.92391967773438,9572000,0.0,0.0
2024-12-17 00:00:00-05:00,167.45320193146716,169.6499579617711,166.0017815893219,166.43328857421875,8940200,0.0,0.0
2024-12-18 00:00:00-05:00,166.13907759205355,167.92392970491005,162.16727098843597,162.21630859375,8817900,0.0,0.0
2024-12-19 00:00:00-05:00,164.31498757810374,167.69837280859994,164.16787476380114,165.53103637695312,8386400,0.0,0.0
2024-12-20 00:00:00-05:00,164.49150304666827,167.95334541088476,162.43205834844963,166.38424682617188,13810500,0.0,0.0
2024-12-23 00:00:00-05:00,166.31559134665645,166.34501091636088,163.9423179507183,165.87428283691406,6518200,0.0,0.0
2024-12-24 00:00:00-05:00,166.42348862502337,168.4535289701679,165.76642654692407,168.10047912597656,2451500,0.0,0.0
2024-12-26 00:00:00-05:00,167.20802472976263,169.21844678826358,167.20802472976263,168.365234375,4100100,0.0,0.0
2024-12-27 00:00:00-05:00,167.09036575154192,167.84548807946763,163.9717563275921,165.69778442382812,4344300,0.0,0.0
2024-12-30 00:00:00-05:00,163.29506153270927,164.66803966434534,161.37291309826543,163.68734741210938,5254800,0.0,0.0
2024-12-31 00:00:00-05:00,163.9717469304083,164.06982214450196,162.63800482528853,163.4225616455078,4307500,0.0,0.0
2025-01-02 00:00:00-05:00,165.26625453851435,165.4329704176249,161.71613858159247,162.82432556152344,5360800,0.0,0.0
2025-01-03 00:00:00-05:00,163.48140228542835,163.97174843203382,162.07901948894158,163.10874938964844,5876000,0.0,0.0
2025-01-06 00:00:00-05:00,164.07962246183737,164.80534013388217,162.00055962324492,162.49090576171875,6845400,0.0,0.0
2025-01-07 00:00:00-05:00,162.3830416576518,162.95184501827603,158.20529761963255,158.90158081054688,7712200,0.0,0.0
2025-01-08 00:00:00-05:00,159.04867162061936,160.81392077109544,158.31315238826906,159.99014282226562,7596200,0.0,0.0
2025-01-10 00:00:00-05:00,156.50995367077334,156.50995367077334,151.31917238829533,151.88937377929688,13593900,0.4,0.0
2025-01-13 00:00:00-05:00,151.1422320435274,151.54529279658917,149.84452912842573,151.31918334960938,8828500,0.0,0.0
2025-01-14 00:00:00-05:00,153.7769498996814,154.59292708600566,151.74193474903223,153.66880798339844,7410200,0.0,0.0
2025-01-15 00:00:00-05:00,155.98891209813516,156.46079721954825,154.60273361546675,155.63499450683594,10701200,0.0,0.0
2025-01-16 00:00:00-05:00,157.443901047439,158.77109577410718,155.73331184528442,156.84420776367188,9210600,0.0,0.0
2025-01-17 00:00:00-05:00,159.03653769768346,160.4030499341501,157.82731050210106,158.3090362548828,11618300,0.0,0.0
2025-01-21 00:00:00-05:00,161.1010466086446,170.44052295199623,159.99997630320857,169.654052734375,30232000,0.0,0.0
2025-01-22 00:00:00-05:00,188.2739897037893,188.7458897930268,177.51885893641762,181.107177734375,48028500,0.0,0.0
2025-01-23 00:00:00-05:00,178.57076521981622,183.4174690976745,178.43313144848923,183.31915283203125,17314600,0.0,0.0
2025-01-24 00:00:00-05:00,185.4524965140062,185.9047303656596,178.7968868988629,180.49766540527344,12147200,0.0,0.0
2025-01-27 00:00:00-05:00,166.04604548424487,169.60488757580373,150.08046671238645,155.60549926757812,42201600,0.0,0.0
2025-01-28 00:00:00-05:00,160.23592293924344,163.0279311545267,154.10135636678555,161.22885131835938,20319300,0.0,0.0
2025-01-29 00:00:00-05:00,161.2583493212904,161.2583493212904,157.30627190822025,159.28231811523438,9866600,0.0,0.0
2025-01-30 00:00:00-05:00,161.99565664912748,168.59228216063065,161.32715403445445,167.50103759765625,14981700,0.0,0.0
2025-01-31 00:00:00-05:00,167.5305390979555,170.07677155745887,166.27216880905203,167.1864471435547,8704600,0.0,0.0
2025-02-03 00:00:00-05:00,160.44235054575756,167.02913534432773,160.44235054575756,165.75111389160156,8250600,0.0,0.0
2025-02-04 00:00:00-05:00,167.5206982833025,167.5206982833025,163.53914424915664,165.05311584472656,6777000,0.0,0.0
2025-02-05 00:00:00-05:00,166.13454726067985,168.98553937494813,165.67248774547,168.75942993164062,7866700,0.0,0.0
2025-02-06 00:00:00-05:00,170.07677016554922,172.68198636712427,168.67094047966907,169.43775939941406,7036900,0.0,0.0
2025-02-07 00:00:00-05:00,172.04298437273007,174.39259938783934,170.25373013479395,171.51211547851562,9991300,0.0,0.0
2025-02-10 00:00:00-05:00,173.02610052908562,176.94868627665272,171.96434765754208,175.89675903320312,7625900,0.0,0.0
2025-02-11 00:00:00-05:00,174.6187108814123,176.0933650505519,173.46848242959837,174.19598388671875,6528800,0.0,0.0
2025-02-12 00:00:00-05:00,171.93484974209275,171.93484974209275,167.8254871991134,169.30996704101562,7454800,0.0,0.0
2025-02-13 00:00:00-05:00,170.07677226323227,171.43345883072504,169.1919858067544,170.9222412109375,6421700,0.0,0.0
2025-02-14 00:00:00-05:00,171.30565399189572,172.07247293594355,169.889983633359,171.21717834472656,7260900,0.0,0.0
2025-02-18 00:00:00-05:00,173.7634200538335,179.16065983095666,173.1145686050291,176.7618865966797,11430500,0.0,0.0
2025-02-19 00:00:00-05:00,175.56249526708876,178.61010486740787,172.73115447627444,178.45281982421875,8688500,0.0,0.0
2025-02-20 00:00:00-05:00,176.77168061306955,177.22391442102062,171.48258368990554,173.02606201171875,8737000,0.0,0.0
2025-02-21 00:00:00-05:00,173.14403758131994,173.89120521174138,164.71885549304514,164.97445678710938,9713900,0.0,0.0
2025-02-24 00:00:00-05:00,170.63715155267437,171.2270042022199,161.87770244816252,167.08815002441406,10639100,0.0,0.0
2025-02-25 00:00:00-05:00,166.42945044233792,167.71732758756846,161.66141132041582,165.69212341308594,8316100,0.0,0.0
2025-02-26 00:00:00-05:00,168.09091179066294,170.93207826989584,166.27218061938606,169.5557403564453,6915100,0.0,0.0
2025-02-27 00:00:00-05:00,170.07680174066522,171.9053737351408,161.7990771208012,161.9760284423828,7436800,0.0,0.0
2025-02-28 00:00:00-05:00,160.3538934079165,163.34251922816793,158.09275403682113,163.25404357910156,12843300,0.0,0.0
2025-03-03 00:00:00-05:00,164.12900766579773,164.29613333985597,158.40735723283646,159.28231811523438,8081800,0.0,0.0
2025-03-04 00:00:00-05:00,156.52961862860386,157.06048750495322,150.9259360406619,154.80918884277344,13171900,0.0,0.0
2025-03-05 00:00:00-05:00,155.38923342313174,159.74438683097668,154.39630494911583,158.83009338378906,7141000,0.0,0.0
2025-03-06 00:00:00-05:00,154.50442646136077,154.50442646136077,147.19996548029425,148.3895263671875,12321200,0.0,0.0
2025-03-07 00:00:00-05:00,148.07494328185152,153.83592645898088,145.99077008498543,152.53823852539062,12646500,0.0,0.0
2025-03-10 00:00:00-04:00,147.98646797401963,149.94284800836766,144.31949861407165,146.27586364746094,21486100,0.0,0.0
2025-03-11 00:00:00-04:00,140.99659122474074,143.31671425915818,135.373242429474,141.74374389648438,27200200,0.0,0.0
2025-03-12 00:00:00-04:00,143.7591152546424,149.65773193199632,142.55972866350382,148.3403778076172,15373900,0.0,0.0
2025-03-13 00:00:00-04:00,147.25896152786876,147.63254539145566,143.02179086818543,145.1649627685547,14187700,0.0,0.0
2025-03-14 00:00:00-04:00,146.40368020578944,148.33056846570383,145.3812598032158,146.74777221679688,9330000,0.0,0.0
2025-03-17 00:00:00-04:00,147.85865217132235,153.11825804682934,147.85865217132235,151.40765380859375,9885000,0.0,0.0
2025-03-18 00:00:00-04:00,149.79537156291474,149.8445297040014,146.11857662458715,146.92471313476562,9402500,0.0,0.0
2025-03-19 00:00:00-04:00,147.52437823462674,151.4666293809232,147.46539447698885,149.87399291992188,6909500,0.0,0.0
2025-03-20 00:00:00-04:00,149.01871356147188,151.87954610500248,148.2715608872774,150.1394500732422,7051600,0.0,0.0
2025-03-21 00:00:00-04:00,149.08754389790272,151.24054157848644,147.57357208194918,149.65774536132812,17620200,0.0,0.0
2025-03-24 00:00:00-04:00,153.69827498524594,153.95389129196192,151.4273101119409,152.25311279296875,7848300,0.0,0.0
2025-03-25 00:00:00-04:00,151.89921144596156,152.9708049213938,150.46388972808785,151.32901000976562,8521200,0.0,0.0
2025-03-26 00:00:00-04:00,150.30658670475268,150.4442204969092,144.08354417182764,145.30259704589844,13210000,0.0,0.0
2025-03-27 00:00:00-04:00,143.38555108184696,144.55543082692424,142.47125766649935,143.3167266845703,9148300,0.0,0.0
2025-03-28 00:00:00-04:00,141.35050220024948,143.18889941245288,136.75941448249304,138.4896697998047,13144500,0.0,0.0
2025-03-31 00:00:00-04:00,136.2973425698173,138.2143896214239,134.44910489906067,137.44757080078125,15509900,0.0,0.0
2025-04-01 00:00:00-04:00,137.39842383667332,140.82945755726078,136.4153211661165,139.54159545898438,9518500,0.0,0.0
2025-04-02 00:00:00-04:00,137.496753869521,145.39106790435034,137.496753869521,143.39537048339844,11594400,0.0,0.0
2025-04-03 00:00:00-04:00,136.8970811991543,139.01074647042685,134.33118198561647,134.9112091064453,14433800,0.0,0.0
2025-04-04 00:00:00-04:00,130.6641885748851,131.55881566715408,124.80488965297604,126.10259246826172,14986900,0.0,0.0
2025-04-07 00:00:00-04:00,116.8515965018128,131.84391382893767,116.8515965018128,125.0113525390625,19482700,0.0,0.0
2025-04-08 00:00:00-04:00,130.30043323141575,130.74284147425465,119.64360291149231,122.39629364013672,11950300,0.0,0.0
2025-04-09 00:00:00-04:00,121.31487626857587,138.2144068025307,121.31487626857587,137.32962036132812,17762000,0.0,0.0
2025-04-10 00:00:00-04:00,134.82356908642996,134.82356908642996,127.53234231906033,131.56768798828125,12401600,0.5,0.0
2025-04-11 00:00:00-04:00,130.34424180634096,131.22234562222076,127.11794383019804,130.58103942871094,10190200,0.0,0.0
2025-04-14 00:00:00-04:00,134.97157250050776,134.97157250050776,131.09409195200413,132.84043884277344,8217700,0.0,0.0
2025-04-15 00:00:00-04:00,132.95884315118803,134.65585548307646,131.9327500238081,132.14981079101562,8630000,0.0,0.0
2025-04-16 00:00:00-04:00,130.51198801097829,130.76850751711848,126.14119762654246,128.02566528320312,8295200,0.0,0.0
2025-04-17 00:00:00-04:00,129.15042684626837,129.5450896083372,126.72331484263637,126.9009017944336,8925500,0.0,0.0
2025-04-21 00:00:00-04:00,125.19403008981315,125.4998843247019,119.61954459496904,121.17842864990234,12201200,0.0,0.0
2025-04-22 00:00:00-04:00,122.83596894421446,126.27932050412906,121.74080428155419,125.53934478759766,11233700,0.0,0.0
2025-04-23 00:00:00-04:00,133.1068494018416,134.05400998719134,129.23924439283036,129.6437530517578,9528900,0.0,0.0
2025-04-24 00:00:00-04:00,130.73890200275676,136.01740138150058,130.2357239436276,135.6720733642578,7305900,0.0,0.0
2025-04-25 00:00:00-04:00,135.6523579901983,137.14217039270582,134.9321040975684,136.6389923095703,5476400,0.0,0.0
2025-04-28 00:00:00-04:00,137.7834505935714,138.78982162416398,136.2344428339307,138.26690673828125,6985100,0.0,0.0
2025-04-29 00:00:00-04:00,137.9413362636354,139.2732985634342,137.68481677060615,138.90823364257812,4851500,0.0,0.0
2025-04-30 00:00:00-04:00,136.62910623151413,139.4114220327971,133.75801201605802,138.83917236328125,9443500,0.0,0.0
2025-05-01 00:00:00-04:00,144.60113162681816,146.6533329339048,143.39743648463423,143.54544067382812,11525800,0.0,0.0
2025-05-02 00:00:00-04:00,146.3474766211765,151.01425293486332,146.3474766211765,148.71539306640625,11346000,0.0,0.0
2025-05-05 00:00:00-04:00,147.442605591626,148.8041654974539,146.53490400602138,147.2946014404297,5187400,0.0,0.0
2025-05-06 00:00:00-04:00,145.01551317382618,146.94932313230842,143.77235930720252,145.72589111328125,5108600,0.0,0.0
2025-05-07 00:00:00-04:00,145.52854921876468,147.89646535360714,145.27202973819058,147.37355041503906,6049600,0.0,0.0
2025-05-08 00:00:00-04:00,147.05784482534955,149.78095006248367,146.62372332634746,148.2911376953125,6113600,0.0,0.0
2025-05-09 00:00:00-04:00,148.03461885144884,149.77110503171852,147.78796025128293,148.3306121826172,4707100,0.0,0.0
2025-05-12 00:00:00-04:00,154.2207963095333,155.32582184554036,152.3560581900995,155.11863708496094,7875500,0.0,0.0
2025-05-13 00:00:00-04:00,156.1052786257529,161.03845007757207,155.4639723589542,160.1011505126953,11955200,0.0,0.0
2025-05-14 00:00:00-04:00,160.18995355605477,161.22592263379866,158.90732589098357,160.77206420898438,7499400,0.0,0.0
2025-05-15 00:00:00-04:00,159.20331057636872,159.57823642633215,156.78605956256862,157.26950073242188,10169200,0.0,0.0
2025-05-16 00:00:00-04:00,157.8614839711413,158.69025314882717,156.40126945976465,158.34494018554688,8515500,0.0,0.0
2025-05-19 00:00:00-04:00,156.18421550729025,159.80516164677013,155.72049617357055,157.5063018798828,10268900,0.0,0.0
2025-05-20 00:00:00-04:00,156.50978963349826,158.2166626023544,155.4244859799809,158.16732788085938,7576400,0.0,0.0
2025-05-21 00:00:00-04:00,156.2335379065757,158.74944317438892,154.36879979540055,155.07916259765625,6011000,0.0,0.0
2025-05-22 00:00:00-04:00,154.881867330294,157.0623360267662,154.72401726447765,155.20745849609375,7603300,0.0,0.0
2025-05-23 00:00:00-04:00,152.9184481075682,155.27650336719714,152.19819426426025,153.88534545898438,6527500,0.0,0.0
2025-05-27 00:00:00-04:00,157.19057730432203,160.22939757250563,156.79591456798101,159.74595642089844,6976800,0.0,0.0
2025-05-28 00:00:00-04:00,159.70648744912626,162.12375349963284,159.12437683212067,161.6600341796875,8090700,0.0,0.0
2025-05-29 00:00:00-04:00,162.7946552834285,163.11038547757616,159.33157439987042,160.72271728515625,6994700,0.0,0.0
2025-05-30 00:00:00-04:00,161.24562797458526,163.53462665698393,159.3907658250608,163.31756591796875,17547900,0.0,0.0
2025-06-02 00:00:00-04:00,161.97574248096882,164.7679192058285,160.42673454210347,164.3436737060547,7166000,0.0,0.0
2025-06-03 00:00:00-04:00,164.57061272832965,167.0667964315255,164.36341289052473,166.87933349609375,7155300,0.0,0.0
2025-06-04 00:00:00-04:00,167.44170747435726,168.2014050177266,165.33031075276645,165.8532257080078,6375800,0.0,0.0
2025-06-05 00:00:00-04:00,166.741203215348,169.9576257392844,166.50440555435117,168.85260009765625,7707800,0.0,0.0
2025-06-06 00:00:00-04:00,171.6743854111179,172.45381996212802,170.35229892973558,171.69412231445312,6833700,0.0,0.0
2025-06-09 00:00:00-04:00,172.52288625937953,176.33129552357002,171.46718025887316,174.7822723388672,9668900,0.0,0.0
2025-06-10 00:00:00-04:00,175.33478584669504,175.47291404474413,171.9506224122258,175.10784912109375,11056700,0.0,0.0
2025-06-11 00:00:00-04:00,175.17694346726228,177.15021229808505,173.84498098451832,174.0225830078125,18002900,0.0,0.0
2025-06-12 00:00:00-04:00,187.42104770475223,199.78357358364636,186.3554809141371,197.188720703125,54610000,0.0,0.0
2025-06-13 00:00:00-04:00,198.88575296765177,213.70500503715706,198.51082709919737,212.34344482421875,53707400,0.0,0.0
2025-06-16 00:00:00-04:00,210.35042638189614,212.29409712617087,207.17346278236306,208.27850341796875,22665300,0.0,0.0
2025-06-17 00:00:00-04:00,207.84437044302544,212.99460232647817,204.70686576404174,205.3975067138672,17819200,0.0,0.0
2025-06-18 00:00:00-04:00,208.2686354623052,211.85012286948066,206.76896213203327,208.05157470703125,15055400,0.0,0.0
2025-06-20 00:00:00-04:00,210.49842572171352,210.94240812843816,201.90483467955985,202.42774963378906,20879100,0.0,0.0
2025-06-23 00:00:00-04:00,202.76320163894977,204.4996875741001,199.83289667822766,204.2727508544922,13418400,0.0,0.0
2025-06-24 00:00:00-04:00,207.1833484299013,213.47806521963076,205.7625925855595,212.3927764892578,19030600,0.0,0.0
2025-06-25 00:00:00-04:00,212.06716207413012,214.03055454070545,207.42010826462715,207.903564453125,11804600,0.0,0.0
2025-06-26 00:00:00-04:00,209.16647752709255,211.55413079416948,207.54839783143527,209.97552490234375,10531100,0.0,0.0
2025-06-27 00:00:00-04:00,210.83387786892834,211.78103832979573,207.15373628679126,207.42999267578125,14127500,0.0,0.0
2025-06-30 00:00:00-04:00,223.47267791846755,225.16969018696008,215.46121189849947,215.70787048339844,31844200,0.0,0.0
2025-07-01 00:00:00-04:00,216.3688993056324,220.1871691285763,213.41885740654035,216.033447265625,16962200,0.0,0.0
2025-07-02 00:00:00-04:00,214.77053876404943,228.8004791635083,213.82337830395562,226.90614318847656,22326900,0.0,0.0
2025-07-03 00:00:00-04:00,230.10286443003844,234.8091144973219,228.10985882665406,234.1480712890625,18441400,0.0,0.0
2025-07-07 00:00:00-04:00,231.96759930391562,232.1057275087408,226.43258007760264,229.1556854248047,16584300,0.0,0.0
2025-07-08 00:00:00-04:00,233.9606063105563,238.2129979153384,230.07326459472398,231.36575317382812,20401800,0.0,0.0
2025-07-09 00:00:00-04:00,232.36222509998296,233.34885934277403,228.89914432753005,232.65821838378906,10871600,0.0,0.0
2025-07-10 00:00:00-04:00,237.2360627516906,237.35470561599556,230.86863419553066,232.3517303466797,11486300,0.5,0.0
2025-07-11 00:00:00-04:00,228.76263097583427,231.3629977008573,227.2795348367262,227.96176147460938,10208200,0.0,0.0
2025-07-14 00:00:00-04:00,226.86426466590476,228.0408566572359,222.583058762791,226.69618225097656,11337000,0.0,0.0
2025-07-15 00:00:00-04:00,229.79092827316808,232.9449819311601,226.6170957749119,232.31219482421875,10728800,0.0,0.0
2025-07-16 00:00:00-04:00,232.8460928552634,238.6103949686397,230.5621272245893,238.5807342529297,12597500,0.0,0.0
2025-07-17 00:00:00-04:00,240.59774029404673,248.76466605357788,239.28272656858266,245.94677734375,17631300,0.0,0.0
2025-07-18 00:00:00-04:00,245.69960721905784,246.86630233761244,242.23904937090208,242.68397521972656,9678100,0.0,0.0
2025-07-21 00:00:00-04:00,242.54555951699922,244.01877389725112,240.49889452697786,240.79550170898438,7348400,0.0,0.0
2025-07-22 00:00:00-04:00,239.2530647263033,239.5595688475561,232.75711148787346,235.4266815185547,11380900,0.0,0.0
2025-07-23 00:00:00-04:00,237.24594348427027,240.676840437667,235.97048743863851,239.17396545410156,7255800,0.0,0.0
2025-07-24 00:00:00-04:00,239.67825595947326,241.32943471670905,237.8490977988923,240.09352111816406,8237900,0.0,0.0
2025-07-25 00:00:00-04:00,239.60901094348498,242.7037430783048,238.7092623228365,242.35768127441406,7149600,0.0,0.0
2025-07-28 00:00:00-04:00,243.22776657250375,244.9877061155532,240.67683940534766,244.9185028076172,6756800,0.0,0.0
2025-07-29 00:00:00-04:00,245.8973590701388,250.21812313828383,243.8111363757742,247.16293334960938,8415300,0.0,0.0
2025-07-30 00:00:00-04:00,245.83802097096813,248.22086577582706,242.8322860326538,247.77593994140625,8441400,0.0,0.0
2025-07-31 00:00:00-04:00,252.88766348991334,257.9301811698558,250.46527621443605,250.9102020263672,15548700,0.0,0.0
2025-08-01 00:00:00-04:00,245.03714866843114,245.61061432575295,239.2728464658785,241.6655731201172,12718200,0.0,0.0
2025-08-04 00:00:00-04:00,243.12891363961114,250.05992665800485,243.12891363961114,249.6842041015625,8614800,0.0,0.0
2025-08-05 00:00:00-04:00,252.5317385225499,255.57701612549496,248.53725762177524,252.78880310058594,11197300,0.0,0.0
2025-08-06 00:00:00-04:00,253.9456054014048,253.9456054014048,248.88330872555565,253.54022216796875,9930200,0.0,0.0
2025-08-07 00:00:00-04:00,254.80579126053888,254.85524590187606,243.7419069223212,246.57955932617188,11954200,0.0,0.0
2025-08-08 00:00:00-04:00,247.2123683758704,248.06267749368698,245.06682428382007,247.23214721679688,8313300,0.0,0.0
2025-08-11 00:00:00-04:00,245.60073743571405,251.81986293920957,242.7927454387765,249.83250427246094,9012100,0.0,0.0
2025-08-12 00:00:00-04:00,249.73361711859312,254.96399619968392,248.25052097890566,250.9991912841797,9998400,0.0,0.0
2025-08-13 00:00:00-04:00,254.27190145382033,254.76626683115325,239.90562970863883,241.4282684326172,14182100,0.0,0.0
2025-08-14 00:00:00-04:00,242.18961170320298,246.1148742714099,239.8364426071377,242.1995086669922,10285600,0.0,0.0
2025-08-15 00:00:00-04:00,244.1374116662594,247.80560963768596,240.1923702728574,245.48208618164062,11554000,0.0,0.0
2025-08-18 00:00:00-04:00,243.4255159848393,246.35216574346293,240.87458875189404,246.26318359375,6759900,0.0,0.0
2025-08-19 00:00:00-04:00,246.44114947292076,246.44114947292076,229.61294719833984,231.97601318359375,16819300,0.0,0.0
2025-08-20 00:00:00-04:00,229.56350702248955,233.22182300606445,225.67780226891563,232.4110565185547,11256400,0.0,0.0
2025-08-21 00:00:00-04:00,230.42370971459823,233.26136220593185,229.810686376159,230.532470703125,7403100,0.0,0.0
2025-08-22 00:00:00-04:00,231.4223330504327,235.81230030010178,228.851641973476,233.706298828125,9343600,0.0,0.0
2025-08-25 00:00:00-04:00,234.6752660583407,236.33632659352804,232.61870414322655,232.7571258544922,6308600,0.0,0.0
2025-08-26 00:00:00-04:00,232.35173889014447,234.24021834621962,230.0875519876776,231.57064819335938,11805200,0.0,0.0
2025-08-27 00:00:00-04:00,232.35173363036887,233.864490518973,230.05787097582683,233.15260314941406,5637600,0.0,0.0
2025-08-28 00:00:00-04:00,232.88565388346123,239.2234221470116,232.4703887438131,237.61180114746094,8691500,0.0,0.0
2025-08-29 00:00:00-04:00,234.9323046252401,235.53543096186135,220.59570932910097,223.58168029785156,16618600,0.0,0.0
2025-09-02 00:00:00-04:00,219.4982327775987,222.9093509452891,216.3244003411209,222.76104736328125,10461900,0.0,0.0
2025-09-03 00:00:00-04:00,223.35427210434827,223.35427210434827,219.25104549509257,220.931884765625,8900800,0.0,0.0
2025-09-04 00:00:00-04:00,219.4982230011123,221.0505374955481,217.08571759567516,220.48695373535156,10303100,0.0,0.0
2025-09-05 00:00:00-04:00,229.92934623531045,231.97601110768457,223.34439561024956,230.17652893066406,15386100,0.0,0.0
2025-09-08 00:00:00-04:00,237.18664034885725,239.68812816441823,232.65825129611065,235.7925262451172,18803000,0.0,0.0
2025-09-09 00:00:00-04:00,237.2360763060866,240.7460737483819,231.91669964559122,238.7883758544922,41178700,0.0,0.0
2025-09-10 00:00:00-04:00,315.5929607619938,341.8239855426254,308.5729666190129,324.62994384765625,131618100,0.0,0.0
2025-09-11 00:00:00-04:00,326.6173351958634,327.26990115738016,301.16741356506026,304.3906555175781,69986000,0.0,0.0
2025-09-12 00:00:00-04:00,302.3440015774199,304.49942749254865,288.4622126142947,288.8873596191406,51781900,0.0,0.0
2025-09-15 00:00:00-04:00,302.9965652670561,303.5700158537664,293.9397875320376,298.7351379394531,40004000,0.0,0.0
2025-09-16 00:00:00-04:00,310.52077329489015,316.3641755798037,298.863629440269,303.19427490234375,51923300,0.0,0.0
2025-09-17 00:00:00-04:00,304.2225951798477,305.18166530350607,291.7052590996586,298.01336669921875,27707900,0.0,0.0
2025-09-18 00:00:00-04:00,299.6250091667613,300.39621803294057,288.70941199080954,293.27734375,24673100,0.0,0.0
2025-09-19 00:00:00-04:00,295.630527405558,307.60404364755135,293.96946680094703,305.1816711425781,40776200,0.0,0.0
2025-09-22 00:00:00-04:00,306.1407128681622,325.78678842264526,303.4612609324939,324.4519958496094,44437500,0.0,0.0
2025-09-23 00:00:00-04:00,320.34877072490605,321.33750149874834,306.55596436033846,310.2933654785156,35280200,0.0,0.0
2025-09-24 00:00:00-04:00,308.3455344684854,308.9486758718058,296.64886383513004,304.9838562011719,33765300,0.0,0.0
2025-09-25 00:00:00-04:00,291.9425069430677,295.3833006889265,285.2982353407082,288.0469055175781,39274900,0.0,0.0
2025-09-26 00:00:00-04:00,289.6981253102654,290.6868561133722,279.8108172791984,280.265625,25990700,0.0,0.0
2025-09-29 00:00:00-04:00,281.3927778069461,282.7572310712954,276.4589908407025,279.5735168457031,25778500,0.0,0.0
2025-09-30 00:00:00-04:00,280.4930507895303,280.7995549320766,272.79082919681497,278.0706481933594,23880800,0.0,0.0
2025-10-01 00:00:00-04:00,275.65811964363957,286.72201909436825,274.7485042554701,285.7530822753906,23378300,0.0,0.0
2025-10-02 00:00:00-04:00,288.5116212909654,291.64591105042444,282.8264194684072,285.5256652832031,16215500,0.0,0.0
2025-10-03 00:00:00-04:00,286.3364357918345,291.31964729977034,280.7995374689801,282.9154357910156,13688400,0.0,0.0
2025-10-06 00:00:00-04:00,289.08512190952007,293.3366523650246,287.52291031704243,288.30401611328125,14076800,0.0,0.0
2025-10-07 00:00:00-04:00,289.91561673784344,289.91561673784344,267.9460194013813,281.03680419921875,31723400,0.0,0.0
2025-10-08 00:00:00-04:00,282.2035327208355,288.244662879776,280.40403558570426,285.3773498535156,18982100,0.0,0.0
2025-10-09 00:00:00-04:00,288.7646666174215,298.094685999631,284.51567287113585,294.12298583984375,26479800,0.5,0.0
2025-10-10 00:00:00-04:00,297.41126937373565,304.78019364187736,289.22028782231115,290.16119384765625,28895300,0.0,0.0
2025-10-13 00:00:00-04:00,295.846389117684,307.73174741807657,294.89553869091156,305.06744384765625,21703700,0.0,0.0
2025-10-14 00:00:00-04:00,300.6698722450941,301.51175787406083,289.19060013599903,296.1435241699219,17346200,0.0,0.0
2025-10-15 00:00:00-04:00,301.9871613039397,308.03880572761994,296.0643100000334,300.7193908691406,13698900,0.0,0.0
2025-10-16 00:00:00-04:00,302.6804971032636,319.45866548510105,300.1746683307051,310.0097961425781,32500900,0.0,0.0
2025-10-17 00:00:00-04:00,300.8481348459811,301.37307030021026,284.75337866080514,288.5269775390625,37653000,0.0,0.0
2025-10-20 00:00:00-04:00,286.1895264812807,286.47673420174976,272.6798217970078,274.5319519042969,32810700,0.0,0.0
2025-10-21 00:00:00-04:00,275.453075630662,277.6221559941788,269.65898749149005,272.5213623046875,18370800,0.0,0.0
2025-10-22 00:00:00-04:00,272.1945440817873,274.5518118451394,266.6777492206355,270.05517578125,16474000,0.0,0.0
2025-10-23 00:00:00-04:00,270.35231756080424,280.3954614138357,269.78778592446525,277.3944091796875,16872200,0.0,0.0
2025-10-24 00:00:00-04:00,283.1885133474392,284.4463696843837,279.55356092104,280.62322998046875,13194900,0.0,0.0
2025-10-27 00:00:00-04:00,283.83229219343207,284.2581769813516,277.13686343958994,278.711669921875,13855800,0.0,0.0
2025-10-28 00:00:00-04:00,280.29637706570696,282.73286714510976,277.85988698630416,278.1470947265625,12448500,0.0,0.0
2025-10-29 00:00:00-04:00,278.7710762221633,278.92955129656065,268.75767615604695,272.669921875,18007100,0.0,0.0
2025-10-30 00:00:00-04:00,266.1726046001878,267.1828794578266,253.83164865983144,254.4358367919922,27954200,0.0,0.0
2025-10-31 00:00:00-04:00,257.0308055081987,263.2706069654952,254.2575369069314,260.1011657714844,16898700,0.0,0.0
2025-11-03 00:00:00-05:00,262.7060422526445,263.0824167907077,252.7916773880632,255.38665771484375,15709200,0.0,0.0
2025-11-04 00:00:00-05:00,247.59183924614698,252.84120929984184,242.84760663569867,245.79913330078125,19772600,0.0,0.0
2025-11-05 00:00:00-05:00,245.54162011939326,249.98871567900335,244.67002227563194,247.91868591308594,11991500,0.0,0.0
2025-11-06 00:00:00-05:00,245.5713345860817,246.6905440901093,237.0039623527757,241.47088623046875,18678300,0.0,0.0
2025-11-07 00:00:00-05:00,236.71673249408505,238.1033516601413,230.1302687857947,236.9742431640625,20969300,0.0,0.0
2025-11-10 00:00:00-05:00,243.60033273981523,244.87801728821677,234.8051774075164,238.5292510986328,16698700,0.0,0.0
2025-11-11 00:00:00-05:00,233.97320421912082,235.18155032216345,226.70332954954822,233.8939666748047,20686600,0.0,0.0
2025-11-12 00:00:00-05:00,234.47832621700618,234.5476496180775,224.00929872703313,224.82147216796875,24195000,0.0,0.0
2025-11-13 00:00:00-05:00,222.84058216987233,223.00895627543562,213.1639148214488,215.49147033691406,30009000,0.0,0.0
2025-11-14 00:00:00-05:00,208.8158515894353,224.88089611946816,208.75642721348203,220.7210235595703,36053800,0.0,0.0
2025-11-17 00:00:00-05:00,216.12535173148086,220.67149784050704,213.50065926480528,217.75958251953125,16143800,0.0,0.0
2025-11-18 00:00:00-05:00,214.1444502541113,221.56288506907134,212.4507800432013,218.38356018066406,21098300,0.0,0.0
2025-11-19 00:00:00-05:00,216.96723634120391,225.97039258042673,215.2339547387719,223.37542724609375,21679500,0.0,0.0
2025-11-20 00:00:00-05:00,228.9516437923061,231.7645085596671,208.2909267409707,208.6772003173828,27459600,0.0,0.0
2025-11-21 00:00:00-05:00,205.10166732624853,206.31991231510187,191.70092710981814,196.86114501953125,44834100,0.0,0.0
2025-11-24 00:00:00-05:00,194.97931272172713,201.87282751092232,192.44377191609706,198.36663818359375,31144700,0.0,0.0
2025-11-25 00:00:00-05:00,192.2258754104123,197.50495753246148,183.8566047732185,195.14768981933594,29595000,0.0,0.0
2025-11-26 00:00:00-05:00,207.49855869366425,207.99378198410258,200.30792195718513,203.00193786621094,26544100,0.0,0.0
2025-11-28 00:00:00-05:00,197.60399875878693,200.4069644933779,195.72215623510456,200.02069091796875,13848500,0.0,0.0
2025-12-01 00:00:00-05:00,198.58452582330182,201.55586536180508,194.82082605192812,199.02032470703125,13461200,0.0,0.0
2025-12-02 00:00:00-05:00,203.1802153722126,207.69664946019373,198.0893204413895,199.17881774902344,19664500,0.0,0.0
2025-12-03 00:00:00-05:00,198.41616933939397,205.93365541187117,197.4950461419395,205.74546813964844,19060500,0.0,0.0
2025-12-04 00:00:00-05:00,205.87423411503664,213.35210908512565,204.3489529767997,212.2824249267578,23316900,0.0,0.0
2025-12-05 00:00:00-05:00,216.90780565108173,217.403028951655,211.57919810074856,215.50137329101562,24208700,0.0,0.0
2025-12-08 00:00:00-05:00,219.2353646644679,222.60287711623684,214.83777926798228,218.43309020996094,24711200,0.0,0.0
2025-12-09 00:00:00-05:00,217.92796534601828,220.49321842651437,216.19468378681566,219.41363525390625,17643600,0.0,0.0
2025-12-10 00:00:00-05:00,219.68105418699835,223.1674303758053,215.50136841567692,220.87948608398438,47928000,0.0,0.0
2025-12-11 00:00:00-05:00,188.79891615223946,200.06030368036522,184.45085641084097,196.95030212402344,100612700,0.0,0.0
2025-12-12 00:00:00-05:00,194.49398811107298,195.95985991601637,184.20324885348734,188.15513610839844,55201600,0.0,0.0
2025-12-15 00:00:00-05:00,186.49118151502418,187.16469305403038,179.66700512419118,183.15338134765625,43897500,0.0,0.0
2025-12-16 00:00:00-05:00,182.9354717582941,187.98675512554968,182.72748644949797,186.8477325439453,32433500,0.0,0.0
2025-12-17 00:00:00-05:00,181.55875309373388,184.71827997901767,175.37837634746248,176.75509643554688,50222000,0.0,0.0
2025-12-18 00:00:00-05:00,180.97440820467443,182.99491266632592,176.87395978904445,178.3101043701172,36297300,0.0,0.0
2025-12-19 00:00:00-05:00,186.59023151713384,193.25593280159296,186.32280670757746,190.1360321044922,77008600,0.0,0.0
2025-12-22 00:00:00-05:00,194.93970796108377,196.90078800644136,190.98782056825766,196.48480224609375,27148000,0.0,0.0
2025-12-23 00:00:00-05:00,194.5534143210902,195.316062418809,190.35393049711385,193.4738311767578,18301600,0.0,0.0
2025-12-24 00:00:00-05:00,193.13706949204206,196.38573283650808,192.56260870255528,195.60328674316406,9282700,0.0,0.0
2025-12-26 00:00:00-05:00,196.16784940358133,198.45577861080451,194.2364815736537,196.09852600097656,11262000,0.0,0.0
2025-12-29 00:00:00-05:00,192.30511221146926,196.61354578036116,190.79962917343738,193.51345825195312,14748100,0.0,0.0
2025-12-30 00:00:00-05:00,194.18696606429037,196.4848095262252,193.8403188076647,195.32598876953125,14197400,0.0,0.0
2025-12-31 00:00:00-05:00,194.543511983856,195.31605909352973,192.86965487522457,193.04794311523438,10341500,0.0,0.0
2026-01-02 00:00:00-05:00,195.58349740206282,196.69279279244438,192.35464682619298,193.84031677246094,14540700,0.0,0.0
2026-01-05 00:00:00-05:00,196.44517475389958,199.76317690466414,190.49259613655383,190.75010681152344,22635500,0.0,0.0
2026-01-06 00:00:00-05:00,190.7203986970888,193.0182421093506,188.87816737967754,191.89903259277344,16474500,0.0,0.0
2026-01-07 00:00:00-05:00,193.43421637124263,193.80067676262001,190.16573969758733,190.99771118164062,11171200,0.0,0.0
2026-01-08 00:00:00-05:00,189.05645602710703,189.12577943187264,184.37163262408228,187.83819580078125,19468500,0.0,0.0
2026-01-09 00:00:00-05:00,190.33079418293443,198.79169496774762,187.47076284555214,197.14321899414062,26152700,0.5,0.0
2026-01-12 00:00:00-05:00,196.22959779537723,205.1671804148495,195.6436780851804,203.26048278808594,25428500,0.0,0.0
2026-01-13 00:00:00-05:00,203.5782664871527,206.35885071854582,199.26836926262408,200.88705444335938,15857400,0.0,0.0
2026-01-14 00:00:00-05:00,200.2812819614504,200.2812819614504,189.48667349235532,192.2672576904297,22473200,0.0,0.0
2026-01-15 00:00:00-05:00,193.657558493201,193.657558493201,188.07653924395382,188.53335571289062,16418600,0.0,0.0
2026-01-16 00:00:00-05:00,188.59293085526497,190.5393292852399,185.23636714159738,189.76473999023438,19224700,0.0,0.0
2026-01-20 00:00:00-05:00,185.89179577745352,185.89179577745352,178.11609684945594,178.67221069335938,29129500,0.0,0.0
2026-01-21 00:00:00-05:00,178.43386618428758,179.34749908468692,169.416851630451,172.67410278320312,38190000,0.0,0.0
2026-01-22 00:00:00-05:00,178.12600905215297,178.91053864492068,175.27591823350863,176.9442596435547,21141900,0.0,0.0
2026-01-23 00:00:00-05:00,171.42282836084536,178.40407218084573,170.8071330789283,175.9313507080078,23011300,0.0,0.0
2026-01-26 00:00:00-05:00,177.857895893801,184.0248192666584,177.29184173481335,181.1747283935547,21100400,0.0,0.0
2026-01-27 00:00:00-05:00,177.94726781033333,178.47359089439897,172.47547156030626,173.68701171875,27093700,0.0,0.0
2026-01-28 00:00:00-05:00,173.70688545319166,180.41999775455932,170.66810972164663,171.60159301757812,35882700,0.0,0.0
2026-01-29 00:00:00-05:00,168.9699686251669,169.04941562703684,160.39982975761043,167.83787536621094,37254500,0.0,0.0
2026-01-30 00:00:00-05:00,167.0036818626301,167.7286148207701,162.10788036785846,163.43858337402344,27362400,0.0,0.0
2026-02-02 00:00:00-05:00,169.73461932781322,170.01267623587165,158.89035445463986,158.94993591308594,47421000,0.0,0.0
2026-02-03 00:00:00-05:00,157.16241931422803,158.27466212008704,150.84652700121748,153.59732055664062,43260100,0.0,0.0
2026-02-04 00:00:00-05:00,152.822730046133,152.87238631301568,143.42833107282857,145.65280151367188,42323400,0.0,0.0
2026-02-05 00:00:00-05:00,144.59023893772877,145.53364745406353,134.31201233895845,135.53347778320312,42789000,0.0,0.0
2026-02-06 00:00:00-05:00,138.78079752222578,142.20686784727977,137.94662677669297,141.8295135498047,29962400,0.0,0.0
2026-02-09 00:00:00-05:00,147.460197290568,158.64210145949994,145.980525286676,155.50401306152344,49936500,0.0,0.0
2026-02-10 00:00:00-05:00,158.89036566219892,164.2429842493256,155.8714553819222,158.7811279296875,40092200,0.0,0.0
2026-02-11 00:00:00-05:00,162.52497370070802,162.52497370070802,152.93196498750734,156.07005310058594,24538900,0.0,0.0
2026-02-12 00:00:00-05:00,156.83471631752477,157.9370188497243,151.44238173633673,155.394775390625,23285400,0.0,0.0
2026-02-13 00:00:00-05:00,158.1455614065261,161.17441192402597,154.21301832999148,159.02938842773438,18597000,0.0,0.0
2026-02-17 00:00:00-05:00,156.88435996901177,158.17534713351662,151.81973899698275,152.9021759033203,19610800,0.0,0.0
2026-02-18 00:00:00-05:00,153.33912562661325,156.20908203461818,150.32020042021392,155.0869140625,14801100,0.0,0.0
2026-02-19 00:00:00-05:00,156.0998468674784,158.9698033224978,154.68969677344117,155.454345703125,14976300,0.0,0.0
2026-02-20 00:00:00-05:00,152.23682329807312,152.9220403734579,146.36780721660742,147.0530242919922,29621900,0.0,0.0
2026-02-23 00:00:00-05:00,144.67959957883056,144.78883730271278,137.62883409835757,140.32997131347656,31749800,0.0,0.0
2026-02-24 00:00:00-05:00,139.8632339642692,145.7421753907146,137.76786676245285,145.12648010253906,21336600,0.0,0.0
2026-02-25 00:00:00-05:00,148.12553048589686,152.2169520959094,146.31814550487462,146.8643341064453,27303900,0.0,0.0
2026-02-26 00:00:00-05:00,147.75810017589302,151.44237713278912,144.1433450261864,149.26756286621094,20652200,0.0,0.0
2026-02-27 00:00:00-05:00,142.8821541260872,145.06689343918134,141.11450016934114,144.3916015625,36425200,0.0,0.0
2026-03-02 00:00:00-05:00,140.63781636159624,149.12852248038405,140.2008654741037,148.21490478515625,22418800,0.0,0.0
2026-03-03 00:00:00-05:00,143.74612724116352,149.8832603224921,142.0579201418087,147.97657775878906,20120800,0.0,0.0
2026-03-04 00:00:00-05:00,148.96962964986253,152.5446686180396,148.06595229240406,151.31326293945312,17585400,0.0,0.0
2026-03-05 00:00:00-05:00,151.53175219859966,156.84465486977967,149.07888096268312,153.71649169921875,24094800,0.0,0.0
2026-03-06 00:00:00-05:00,151.85945410648029,158.08597410034844,150.56846694887784,151.89918518066406,38000600,0.0,0.0
2026-03-09 00:00:00-04:00,149.6548595557333,150.94584680239967,145.41446869549333,150.50889587402344,31173500,0.0,0.0
2026-03-10 00:00:00-04:00,152.55459535748406,153.0709932476736,147.42045264344006,148.36386108398438,51544600,0.0,0.0
2026-03-11 00:00:00-04:00,165.22610910561966,170.56878687048746,159.4663308334791,161.98870849609375,83247500,0.0,0.0
2026-03-12 00:00:00-04:00,163.51803876567212,166.66605207763823,157.50999424030073,158.05618286132812,37133700,0.0,0.0
2026-03-13 00:00:00-04:00,157.94694871015022,159.65502126202176,153.08092242987794,154.03427124023438,26350400,0.0,0.0
2026-03-16 00:00:00-04:00,154.97769311978678,157.63911471237967,153.43843962082485,154.88832092285156,21607700,0.0,0.0
2026-03-17 00:00:00-04:00,154.3619860571572,157.81784711953617,152.4354380315028,153.6171875,23929500,0.0,0.0
2026-03-18 00:00:00-04:00,152.3361166933321,153.89523552297797,150.98554811494398,151.83958435058594,18051100,0.0,0.0
2026-03-19 00:00:00-04:00,149.41653147230454,155.83172137983988,147.8574125150856,154.44143676757812,22046100,0.0,0.0
2026-03-20 00:00:00-04:00,151.98856045208595,152.1871703681397,146.92392425140545,148.6419219970703,37551400,0.0,0.0
2026-03-23 00:00:00-04:00,150.36986033646522,154.69962318664022,149.66479286036432,153.2696075439453,19927900,0.0,0.0
2026-03-24 00:00:00-04:00,151.93890135471162,152.83265353678863,145.83155942026704,146.06988525390625,26122100,0.0,0.0
2026-03-25 00:00:00-04:00,148.19503810025608,148.80080816177428,143.59715893132088,145.00730895996094,20683800,0.0,0.0
2026-03-26 00:00:00-04:00,142.89209186849135,145.4542008422055,141.55144834229188,141.819580078125,16961900,0.0,0.0
2026-03-27 00:00:00-04:00,139.95260278465986,140.707341664734,137.34085289245976,138.69142150878906,17929600,0.0,0.0
2026-03-30 00:00:00-04:00,139.06877764806765,140.2207363676544,136.00021127953437,137.83738708496094,20125700,0.0,0.0
2026-03-31 00:00:00-04:00,139.32698384928602,146.37773430000672,138.88010775394596,146.08975219726562,24492000,0.0,0.0
2026-04-01 00:00:00-04:00,148.05602423130335,148.6121380829445,143.66667972746043,144.22279357910156,20495900,0.0,0.0
2026-04-02 00:00:00-04:00,141.78976835691424,145.42438858294545,139.32697228785526,145.36480712890625,14381900,0.0,0.0
2026-04-06 00:00:00-04:00,146.4174563411783,147.51975872325687,142.85235783762272,144.53062438964844,12556700,0.0,0.0
2026-04-07 00:00:00-04:00,142.78284834987056,143.56737798697142,138.96948335173397,142.1770782470703,17250400,0.0,0.0
2026-04-08 00:00:00-04:00,149.25763015193746,150.40958886157495,141.90894214666574,142.66368103027344,23527000,0.0,0.0
2026-04-09 00:00:00-04:00,141.70699943248175,142.30492535649793,135.52849744316222,137.38204956054688,30407800,0.5,0.0
2026-04-10 00:00:00-04:00,136.84393229395891,139.6840424992646,134.10346627490406,137.6112518310547,26171800,0.0,0.0
2026-04-13 00:00:00-04:00,139.28543447471924,155.3694779653856,139.23560477896012,155.08047485351562,49997700,0.0,0.0
2026-04-14 00:00:00-04:00,167.34779149353895,168.81269632594982,160.99988069035047,162.4348907470703,59779800,0.0,0.0
2026-04-15 00:00:00-04:00,166.31140813717766,171.9617489788171,165.63377292928178,169.22128295898438,43010800,0.0,0.0
2026-04-16 00:00:00-04:00,175.80836846916668,179.64502700380305,173.19745660129092,177.72171020507812,46997300,0.0,0.0
2026-04-17 00:00:00-04:00,182.29578972754894,183.86035396799997,172.75897602228687,174.4530792236328,45282600,0.0,0.0
2026-04-20 00:00:00-04:00,176.19702069918586,177.1437241337477,172.90845832122835,176.96435546875,22330900,0.0,0.0
2026-04-21 00:00:00-04:00,177.73168518842633,184.69744185391838,175.39978616849046,180.54190063476562,39638000,0.0,0.0
2026-04-22 00:00:00-04:00,185.53452930761875,188.52412867285312,182.16625769612565,186.84996032714844,32448800,0.0,0.0
2026-04-23 00:00:00-04:00,179.77456526841104,181.25940506244572,173.47648397959247,175.66885375976562,37084200,0.0,0.0
2026-04-24 00:00:00-04:00,179.88419055553038,180.08350934705402,168.21479607095443,172.67926025390625,33215000,0.0,0.0
2026-04-27 00:00:00-04:00,171.98167938805025,172.9483176843477,167.31789670409404,172.36036682128906,21616600,0.0,0.0
2026-04-28 00:00:00-04:00,161.59781465135282,168.1151345761582,161.48819539973903,165.3846435546875,33716500,0.0,0.0
2026-04-29 00:00:00-04:00,163.47128736703132,164.18879243452346,160.0930406767096,163.26202392578125,20587500,0.0,0.0
2026-04-30 00:00:00-04:00,161.45829556636002,164.60732857559,159.77415221061997,160.83047485351562,21016400,0.0,0.0
2026-05-01 00:00:00-04:00,165.8430357567767,173.69572140707442,165.5739675636214,171.23428344726562,26318000,0.0,0.0
2026-05-04 00:00:00-04:00,175.40976208307873,182.86382547986815,173.65585407967757,179.66494750976562,33504500,0.0,0.0
2026-05-05 00:00:00-04:00,181.49857498114957,185.87335460025724,178.3794215704854,184.70741271972656,23497200,0.0,0.0
2026-05-06 00:00:00-04:00,185.55445911068674,193.61640819386528,182.0366985044076,193.35731506347656,27685500,0.0,0.0
2026-05-07 00:00:00-04:00,197.92144212666506,199.4560964296715,190.13852094922035,193.91537475585938,31803200,0.0,0.0
2026-05-08 00:00:00-04:00,191.91234867633833,197.31355632268708,189.55057006502687,195.27066040039062,21158300,0.0,0.0
2026-05-11 00:00:00-04:00,191.48382541035645,195.00158596942157,189.93921129968984,193.16796875,16890600,0.0,0.0
2026-05-12 00:00:00-04:00,192.25116444316905,192.25116444316905,180.24293750852308,186.18228149414062,22123400,0.0,0.0
2026-05-13 00:00:00-04:00,188.37464692554053,190.90584946443576,184.4184093808476,189.10211181640625,15789300,0.0,0.0
2026-05-14 00:00:00-04:00,187.5275901989538,200.014163847459,184.807059111885,194.9318389892578,22545000,0.0,0.0
2026-05-15 00:00:00-04:00,189.82958881387833,195.74898244041898,188.2450896858239,192.2810516357422,15747100,0.0,0.0
2026-05-18 00:00:00-04:00,189.34128982843612,190.09864951363005,182.6346262937408,185.96304321289062,19114300,0.0,0.0
2026-05-19 00:00:00-04:00,185.3551556600763,188.06572689480225,180.30272556987043,180.83090209960938,16717700,0.0,0.0
2026-05-20 00:00:00-04:00,179.31617172278084,187.56746472504855,178.18012457626247,187.50767517089844,16517200,0.0,0.0
2026-05-21 00:00:00-04:00,188.3547161750033,192.15152006737793,186.5509936929414,189.11209106445312,12119700,0.0,0.0
2026-05-22 00:00:00-04:00,191.0054955424612,196.3170187370588,190.43747958820265,191.41407775878906,10875800,0.0,0.0
2026-05-26 00:00:00-04:00,192.6298441856895,194.52325092368912,189.89933811800566,192.3906707763672,12856100,0.0,0.0
2026-05-27 00:00:00-04:00,190.81615991336366,191.4738754300888,187.2685043953512,190.2979736328125,12126000,0.0,0.0
2026-05-28 00:00:00-04:00,193.36727626586583,204.28928574558662,192.70957597555034,202.99378967285156,25339900,0.0,0.0
2026-05-29 00:00:00-04:00,208.27541425064666,225.50546455715485,207.28884102481334,224.9972381591797,41082200,0.0,0.0
2026-06-01 00:00:00-04:00,229.70088459165413,249.3824137486397,223.82134525496076,247.28968811035156,48390000,0.0,0.0
2026-06-02 00:00:00-04:00,241.95824319584935,248.13674546339882,238.01196537258744,243.73207092285156,30294800,0.0,0.0
2026-06-03 00:00:00-04:00,239.64626819172787,239.67616296732885,226.82089245871197,229.53146362304688,23644700,0.0,0.0
2026-06-04 00:00:00-04:00,226.2130143514227,238.12158188953796,223.22341504281357,235.5206298828125,19993800,0.0,0.0
2026-06-05 00:00:00-04:00,228.69437902968323,230.63761546923837,208.72384785085606,212.93917846679688,29019900,0.0,0.0
2026-06-08 00:00:00-04:00,216.99508154036687,218.3005374625011,208.60427470114743,211.0856475830078,17227200,0.0,0.0
2026-06-09 00:00:00-04:00,213.16840576925884,219.73555545521918,197.1042813524375,205.0964813232422,26040700,0.0,0.0
2026-06-10 00:00:00-04:00,197.81181479593093,211.74334288511918,197.49291691405838,200.56224060058594,46108300,0.0,0.0
2026-06-11 00:00:00-04:00,179.0470967618207,184.12942155509757,174.67231714634136,183.4617462158203,63678500,0.0,0.0
2026-06-12 00:00:00-04:00,184.36857694107326,184.93660808713287,178.37941869260862,183.49163818359375,29562300,0.0,0.0
2026-06-15 00:00:00-04:00,186.74033863051216,194.6428540895421,185.56443686107608,191.97213745117188,20279900,0.0,0.0
2026-06-16 00:00:00-04:00,189.35124653572112,194.64285000480032,187.0094029029616,187.6770782470703,16985500,0.0,0.0
2026-06-17 00:00:00-04:00,185.51460950906105,189.53063677139517,181.94701911013038,182.8937225341797,16616600,0.0,0.0
2026-06-18 00:00:00-04:00,182.3755161261877,187.33826188438044,177.08392782803517,183.6510772705078,31386100,0.0,0.0
2026-06-22 00:00:00-04:00,181.6779484399822,183.9400828522113,173.79536790830892,174.4630584716797,22935400,0.0,0.0
2026-06-23 00:00:00-04:00,169.6398170049876,173.72560859622362,164.03930612455187,164.58740234375,33327900,0.0,0.0
2026-06-24 00:00:00-04:00,161.9166919476368,165.1753594043948,154.81142136725865,156.98385620117188,38305000,0.0,0.0
2026-06-25 00:00:00-04:00,156.80448848405618,157.07354147130096,149.83871668017542,151.9314422607422,36844400,0.0,0.0
2026-06-26 00:00:00-04:00,149.73905843363008,153.00768579174587,147.48689909721142,148.0150604248047,36532100,0.0,0.0
2026-06-29 00:00:00-04:00,153.40630894976508,153.96436505683477,144.69660411903206,147.2477264404297,34310300,0.0,0.0
2026-06-30 00:00:00-04:00,146.73950129218147,149.41020274352846,143.97910030394291,146.04193115234375,35926900,0.0,0.0
2026-07-01 00:00:00-04:00,143.98907252177435,147.03846136273228,142.00596618652344,142.00596618652344,45964000,0.0,0.0
2026-07-02 00:00:00-04:00,142.80320083813373,146.55015993984455,138.3486965222042,139.78370666503906,44166700,0.0,0.0
2026-07-06 00:00:00-04:00,143.79973308287512,145.11514890176613,140.6706196763433,143.2615966796875,36683000,0.0,0.0
2026-07-07 00:00:00-04:00,143.22173026995844,145.05534742111888,137.07312321448111,141.1090850830078,47200000,0.0,0.0
2026-07-08 00:00:00-04:00,138.5778946629353,141.34825554862542,137.0731351103418,140.00294494628906,34607300,0.0,0.0
2026-07-09 00:00:00-04:00,140.9297055709286,148.553192714378,140.45137395281776,143.72000122070312,35221900,0.0,0.0
2026-07-10 00:00:00-04:00,145.64999389648438,145.67999267578125,139.25999450683594,140.63999938964844,29843300,0.5,0.0
2026-07-13 00:00:00-04:00,139.02999877929688,139.64999389648438,131.35000610351562,131.5399932861328,56690300,0.0,0.0
2026-07-14 00:00:00-04:00,132.0,132.75999450683594,127.5999984741211,127.94000244140625,52670400,0.0,0.0
2026-07-15 00:00:00-04:00,130.55999755859375,133.89999389648438,128.83999633789062,132.49000549316406,48520400,0.0,0.0
2026-07-16 00:00:00-04:00,131.47999572753906,131.77999877929688,123.66000366210938,124.20999908447266,54780900,0.0,0.0
2026-07-17 00:00:00-04:00,121.69999694824219,128.44000244140625,121.5,126.41000366210938,39917100,0.0,0.0
2026-07-20 00:00:00-04:00,124.2699966430664,125.48999786376953,120.02999877929688,121.37999725341797,36793200,0.0,0.0
2026-07-21 00:00:00-04:00,122.80999755859375,127.41999816894531,122.20999908447266,127.05000305175781,27748100,0.0,0.0
2026-07-22 00:00:00-04:00,126.18000030517578,128.83999633789062,124.69999694824219,125.83999633789062,21096700,0.0,0.0
2026-07-23 00:00:00-04:00,123.95999908447266,124.69999694824219,119.44000244140625,120.04000091552734,30900600,0.0,0.0
2026-07-24 00:00:00-04:00,122.47000122070312,123.08000183105469,114.75,114.98999786376953,46405700,0.0,0.0
2026-07-27 00:00:00-04:00,118.0,121.98999786376953,116.80000305175781,119.9000015258789,36916600,0.0,0.0
2026-07-28 00:00:00-04:00,118.18000030517578,122.33000183105469,114.5,119.95999908447266,32665400,0.0,0.0
2026-07-29 00:00:00-04:00,119.41999816894531,121.91999816894531,116.19999694824219,117.73999786376953,28081800,0.0,0.0
2026-07-30 00:00:00-04:00,122.87000274658203,128.33999633789062,121.58000183105469,127.55999755859375,41338400,0.0,0.0
2026-07-31 00:00:00-04:00,130.07000732421875,132.39999389648438,125.69999694824219,129.8699951171875,28967333,0.0,0.0
