Date,Open,High,Low,Close,Volume,Dividends,Stock Splits
2021-09-27 00:00:00-04:00,78.79717997305943,79.46182995162938,78.34809085327181,78.44688415527344,4162100,0.0,0.0
2021-09-28 00:00:00-04:00,78.2313157139566,78.79717233567953,77.66546594478915,77.99778747558594,5781200,0.0,0.0
2021-09-29 00:00:00-04:00,78.29421022943973,78.8780275655143,77.86308843076375,78.13253784179688,3612600,0.0,0.0
2021-09-30 00:00:00-04:00,78.58161677947832,78.59060048110628,77.11758863172207,77.20740509033203,5642900,0.0,0.0
2021-10-01 00:00:00-04:00,77.96188552690995,78.97682462160289,77.36908451143037,78.57264709472656,5499500,0.0,0.0
2021-10-04 00:00:00-04:00,78.1415157376595,79.03969407947169,77.62955435692885,78.76126098632812,5490600,0.0,0.0
2021-10-05 00:00:00-04:00,79.03968145042424,80.37796504717602,78.79717635200774,79.68637084960938,4820500,0.0,0.0
2021-10-06 00:00:00-04:00,79.21933117272671,80.29714935111483,78.54569738094314,80.18038177490234,4354100,0.0,0.0
2021-10-07 00:00:00-04:00,80.73723591503679,81.40188584839372,80.61149151825457,80.97076416015625,3750900,0.0,0.0
2021-10-08 00:00:00-04:00,81.1054818534292,81.5815151305484,80.60249747826614,81.39289855957031,3342700,0.0,0.0
2021-10-11 00:00:00-04:00,81.4827409563759,82.07553510366773,80.69233962324417,80.73725128173828,3048000,0.0,0.0
2021-10-12 00:00:00-04:00,80.48576404037874,81.33903074827415,80.08158651612452,80.58456420898438,3404100,0.0,0.0
2021-10-13 00:00:00-04:00,80.66537519125113,80.83603122777188,79.3270917040846,80.54861450195312,3285500,0.0,0.0
2021-10-14 00:00:00-04:00,81.12346737433809,81.25819549581567,80.03667240551768,80.09056091308594,4225300,0.0,0.0
2021-10-15 00:00:00-04:00,80.70131827477722,81.99469720982366,80.53964590789641,81.66236877441406,4581600,0.0,0.0
2021-10-18 00:00:00-04:00,80.92585942766118,81.84200508544937,80.22528148497392,81.5545883178711,3898700,0.0,0.0
2021-10-19 00:00:00-04:00,81.71627418569076,82.1743402377473,81.24023387557025,81.9408187866211,4195100,0.0,0.0
2021-10-20 00:00:00-04:00,81.45579137287538,82.551569983891,80.90790206736757,82.34498596191406,3916600,0.0,0.0
2021-10-21 00:00:00-04:00,82.03063090767631,82.3360082595246,81.35699714059761,82.28211975097656,4274900,0.0,0.0
2021-10-22 00:00:00-04:00,82.33601200258397,82.91982933110437,81.89590650680098,82.50666809082031,4160800,0.0,0.0
2021-10-25 00:00:00-04:00,82.33600659697058,82.61444654147954,81.4647725127319,82.0036849975586,5953900,0.0,0.0
2021-10-26 00:00:00-04:00,79.30017107691096,81.90488978504109,78.14152012855992,80.08158874511719,9122500,0.0,0.0
2021-10-27 00:00:00-04:00,80.07260504247832,81.33903301226655,79.65944380433534,80.08158874511719,4273200,0.0,0.0
2021-10-28 00:00:00-04:00,80.26120916607543,80.66538663854938,79.70433618278231,80.1085205078125,4179900,0.0,0.0
2021-10-29 00:00:00-04:00,79.99176672942791,80.6204957258217,79.49777271714431,79.8121337890625,5202300,0.0,0.0
2021-11-01 00:00:00-04:00,79.85704380368044,80.10853265602897,79.00377022314674,79.53369903564453,4588800,0.0,0.0
2021-11-02 00:00:00-04:00,79.51571261604566,79.76720140825628,78.32113400048952,78.86004638671875,4554100,0.0,0.0
2021-11-03 00:00:00-04:00,78.15947622942807,79.74925573064826,78.09660401965172,79.64147186279297,4148500,0.0,0.0
2021-11-04 00:00:00-04:00,79.34508629854562,80.01872018116765,78.82414797059549,79.09359741210938,3711700,0.0,0.0
2021-11-05 00:00:00-04:00,80.6294622310921,81.94080856722888,79.99175646628946,81.8958969116211,4330400,0.0,0.0
2021-11-08 00:00:00-05:00,82.01266050627173,82.33600525085862,81.11448218298743,81.4737548828125,4469100,0.0,0.0
2021-11-09 00:00:00-05:00,81.47376138994423,81.79710616035597,80.80911129634559,81.72525024414062,3372900,0.0,0.0
2021-11-10 00:00:00-05:00,81.75218528861909,82.12942537996763,80.96179085697547,80.99771881103516,3503200,0.0,0.0
2021-11-11 00:00:00-05:00,80.90789529265649,81.2132725966838,79.65942812138074,79.98277282714844,4993600,0.0,0.0
2021-11-12 00:00:00-05:00,80.0995506051816,80.16242281956525,79.59657289011253,79.8121337890625,3273100,0.0,0.0
2021-11-15 00:00:00-05:00,80.50373191128526,80.50373191128526,79.79417011431825,80.25224304199219,3423100,0.0,0.0
2021-11-16 00:00:00-05:00,80.18037456695092,80.67437537753942,79.76721336743901,79.84805297851562,4746200,0.0,0.0
2021-11-17 00:00:00-05:00,79.72231071927735,79.98278325803486,78.31217101121557,78.54569244384766,3910600,0.0,0.0
2021-11-18 00:00:00-05:00,78.77154927231041,79.31361611534442,78.00361377752886,78.51858520507812,4376300,0.51,0.0
2021-11-19 00:00:00-05:00,77.92231440267682,77.92231440267682,76.8472101200193,77.18148803710938,5478200,0.0,0.0
2021-11-22 00:00:00-05:00,77.52480227702696,79.17811231263485,77.407356622039,78.41921997070312,6819800,0.0,0.0
2021-11-23 00:00:00-05:00,78.8890107673821,79.26845694452372,78.36500972689782,78.87997436523438,5950700,0.0,0.0
2021-11-24 00:00:00-05:00,78.53666247563585,79.03356117441454,78.3108006839646,78.77156066894531,3464500,0.0,0.0
2021-11-26 00:00:00-05:00,75.49205038823884,75.51915270303579,73.55867381482695,74.98612213134766,7113600,0.0,0.0
2021-11-29 00:00:00-05:00,75.97087408102139,76.29611563446628,74.55246220901388,74.93191528320312,5835000,0.0,0.0
2021-11-30 00:00:00-05:00,74.19106644630425,74.53437380790707,72.52872046441742,73.10692596435547,7966000,0.0,0.0
2021-12-01 00:00:00-05:00,74.20914394689366,74.20914394689366,71.37232061561733,71.41749572753906,8499000,0.0,0.0
2021-12-02 00:00:00-05:00,72.32093949740884,74.29045435268014,71.8330772606623,73.7754898071289,6409100,0.0,0.0
2021-12-03 00:00:00-05:00,73.73031852155557,74.19107847339629,72.38418426998652,73.27859497070312,6038900,0.0,0.0
2021-12-06 00:00:00-05:00,74.3085224688669,76.24189867225964,73.78452150722664,75.6727294921875,4964200,0.0,0.0
2021-12-07 00:00:00-05:00,76.27805428116021,77.5157795386682,75.93474679545443,76.80205535888672,5102900,0.0,0.0
2021-12-08 00:00:00-05:00,77.5518845335575,79.18712823500728,77.5157527204097,78.14816284179688,6749500,0.0,0.0
2021-12-09 00:00:00-05:00,77.69644857721008,78.21141313509304,77.26279094768822,77.84100341796875,4241900,0.0,0.0
2021-12-10 00:00:00-05:00,78.51858872532814,78.58182974497151,77.42541169716465,77.84100341796875,3294400,0.0,0.0
2021-12-13 00:00:00-05:00,77.19957020308632,77.64226434960959,75.9257130749278,76.18771362304688,4173900,0.0,0.0
2021-12-14 00:00:00-05:00,75.55527369812211,76.55810046691968,75.19390039525237,75.43782806396484,6144700,0.0,0.0
2021-12-15 00:00:00-05:00,75.40168268934468,75.6365808296473,74.14589196245318,75.37458038330078,5388300,0.0,0.0
2021-12-16 00:00:00-05:00,76.12443925241674,76.3593304883509,74.4982320426642,74.71505737304688,4546300,0.0,0.0
2021-12-17 00:00:00-05:00,74.71507848278408,75.00418130256074,73.3328054103283,74.33563232421875,8892600,0.0,0.0
2021-12-20 00:00:00-05:00,73.2063217163086,73.49542452960405,71.99570583961972,73.2063217163086,5828400,0.0,0.0
2021-12-21 00:00:00-05:00,73.78451812741511,75.81727396810044,73.78451812741511,75.60044860839844,7301900,0.0,0.0
2021-12-22 00:00:00-05:00,75.41978161066687,76.56715661803015,75.37460648977815,75.95281219482422,3852800,0.0,0.0
2021-12-23 00:00:00-05:00,76.39549160979112,76.9736972556496,76.35935289533059,76.70266723632812,2650000,0.0,0.0
2021-12-27 00:00:00-05:00,76.54005238017825,77.15439678795397,76.10639466590781,77.00984191894531,2743700,0.0,0.0
2021-12-28 00:00:00-05:00,76.85623616209153,78.01264722147484,76.59423570445725,77.71450805664062,3220100,0.0,0.0
2021-12-29 00:00:00-05:00,77.3170176025296,77.7597048267372,76.9917760398755,77.59708404541016,2085300,0.0,0.0
2021-12-30 00:00:00-05:00,77.73259534936778,78.14818022051972,77.42541972727423,77.5157699584961,2459400,0.0,0.0
2021-12-31 00:00:00-05:00,77.45250861966306,77.99457540105774,77.244712792206,77.75064086914062,2667700,0.0,0.0
2022-01-03 00:00:00-05:00,77.76871716846814,78.72636875513207,77.75968076875809,78.57278442382812,5169200,0.0,0.0
2022-01-04 00:00:00-05:00,79.38590227833383,81.37348321934593,79.23231102680423,81.32830810546875,6044200,0.0,0.0
2022-01-05 00:00:00-05:00,81.4909374624987,82.69252393374524,80.76818381349914,80.92176818847656,6833600,0.0,0.0
2022-01-06 00:00:00-05:00,81.67160884780101,82.15043464715849,80.95788490229992,81.36443328857422,5559000,0.0,0.0
2022-01-07 00:00:00-05:00,81.54512767831638,82.54795439393635,81.39153645071201,81.70774841308594,4835300,0.0,0.0
2022-01-10 00:00:00-05:00,81.92458672096429,82.02396645752998,80.62362063701674,81.06631469726562,4884200,0.0,0.0
2022-01-11 00:00:00-05:00,81.07534266602572,82.06913312005334,80.65072141653782,81.96072387695312,4529800,0.0,0.0
2022-01-12 00:00:00-05:00,82.21368311430763,82.71058175836389,82.06912827503523,82.27692413330078,4613100,0.0,0.0
2022-01-13 00:00:00-05:00,82.55698375770042,83.53270816462289,82.17753767481508,82.7196044921875,5026300,0.0,0.0
2022-01-14 00:00:00-05:00,82.25885682090889,83.55078638065248,81.96071763956328,83.41526794433594,4987400,0.0,0.0
2022-01-18 00:00:00-05:00,82.51182445322905,83.02678901925118,81.56320225083097,81.98782348632812,6010200,0.0,0.0
2022-01-19 00:00:00-05:00,81.96977153979343,82.52086801769413,80.93080582989627,81.03921508789062,4887800,0.0,0.0
2022-01-20 00:00:00-05:00,81.27408114586079,82.0600824191204,79.72918779587,79.82856750488281,5354700,0.0,0.0
2022-01-21 00:00:00-05:00,79.97312517732335,80.23512563370072,78.43726803883928,78.78961181640625,5846500,0.0,0.0
2022-01-24 00:00:00-05:00,77.48865674615894,79.77438375842085,76.61231882631874,79.61176300048828,8849700,0.0,0.0
2022-01-25 00:00:00-05:00,76.79300702738979,82.4756903745472,76.79300702738979,81.5903091430664,10377400,0.0,0.0
2022-01-26 00:00:00-05:00,81.29218008791916,82.68348267604969,79.02452574176287,80.38873291015625,9829100,0.0,0.0
2022-01-27 00:00:00-05:00,81.23797282349949,82.64735518167303,79.86473607421445,80.6597671508789,6998700,0.0,0.0
2022-01-28 00:00:00-05:00,80.37968698176329,81.64451425927435,79.03355277641248,81.6083755493164,5877600,0.0,0.0
2022-01-31 00:00:00-05:00,80.957886898738,81.68064726188626,80.41582007275363,81.48188781738281,6419700,0.0,0.0
2022-02-01 00:00:00-05:00,81.40057342857226,82.15947249380284,80.65071076332457,81.9697494506836,6558400,0.0,0.0
2022-02-02 00:00:00-05:00,81.58128359178117,83.74052181328307,81.53610847541302,83.6050033569336,5978600,0.0,0.0
2022-02-03 00:00:00-05:00,83.25265880582143,84.01155112658724,82.77383290446848,83.84893035888672,7171700,0.0,0.0
2022-02-04 00:00:00-05:00,83.44238288784265,84.83369238537267,83.21652109069989,84.02962493896484,6321400,0.0,0.0
2022-02-07 00:00:00-05:00,84.43614638294375,85.58352780501666,84.02959803535268,84.95111083984375,4932700,0.0,0.0
2022-02-08 00:00:00-05:00,84.77042900548376,86.1165630315325,83.90312076027935,85.89070129394531,8173200,0.0,0.0
2022-02-09 00:00:00-05:00,86.75802119358801,87.02002167151477,86.26112943979933,86.73091888427734,5394900,0.0,0.0
2022-02-10 00:00:00-05:00,86.11659683767223,87.59824986646522,85.42094544562852,85.88169860839844,6534300,0.0,0.0
2022-02-11 00:00:00-05:00,86.05333759395299,86.7760980421326,84.99630612501275,86.07140350341797,6532900,0.0,0.0
2022-02-14 00:00:00-05:00,86.28824272628549,86.36954966456098,83.92120861588789,84.53555297851562,6419200,0.0,0.0
2022-02-15 00:00:00-05:00,84.55360400368973,85.7371242969061,84.53553809594959,84.96015930175781,4616000,0.0,0.0
2022-02-16 00:00:00-05:00,84.93305938708225,86.07139771114076,84.85174556807577,85.60160827636719,4560900,0.0,0.0
2022-02-17 00:00:00-05:00,84.89691616817798,85.9810498171466,84.41809035833762,85.24925994873047,5753300,0.0,0.0
2022-02-18 00:00:00-05:00,85.05050963419284,85.83651109435522,84.01154408830124,84.3548583984375,6544800,0.0,0.0
2022-02-22 00:00:00-05:00,84.58073080064543,85.59258727069164,83.83086795748243,84.50845336914062,5862200,0.0,0.0
2022-02-23 00:00:00-05:00,85.1950594651584,85.40284842645532,83.16230360521006,83.33395385742188,6903300,0.0,0.0
2022-02-24 00:00:00-05:00,84.48772618625145,85.98670335964235,81.135469026078,85.6233139038086,9698500,0.51,0.0
2022-02-25 00:00:00-05:00,85.75050220253834,89.2753641071518,85.57789064542797,89.13909912109375,8692300,0.0,0.0
2022-02-28 00:00:00-05:00,89.95670321951958,93.53607751078889,89.39345621239809,93.29987335205078,16726100,0.0,0.0
2022-03-01 00:00:00-05:00,93.36346588210044,94.78976361228062,92.82747186864796,93.32713317871094,12340900,0.0,0.0
2022-03-02 00:00:00-05:00,92.8456450456524,93.12727550069877,90.64714898191167,91.51927947998047,12834600,0.0,0.0
2022-03-03 00:00:00-05:00,91.80998791114904,92.0734450771098,89.60240524706946,90.69257354736328,8613500,0.0,0.0
2022-03-04 00:00:00-05:00,90.80158286846452,90.80158286846452,89.23902013326693,90.47453308105469,8627200,0.0,0.0
2022-03-07 00:00:00-05:00,92.018938455467,93.66326713987173,89.1390898645346,89.20268249511719,12759000,0.0,0.0
2022-03-08 00:00:00-05:00,89.03914935162587,89.39345210792703,86.0230291370388,86.16838073730469,9410600,0.0,0.0
2022-03-09 00:00:00-05:00,86.53177772255441,90.0112198970615,86.53177772255441,89.50247192382812,7100500,0.0,0.0
2022-03-10 00:00:00-05:00,89.18450189810035,90.66531249478517,88.72118716945326,89.4933853149414,5118400,0.0,0.0
2022-03-11 00:00:00-05:00,89.7386746038117,90.61989170226973,87.9399077025531,88.04891967773438,4354300,0.0,0.0
2022-03-14 00:00:00-04:00,88.27602707004893,88.72118235454133,86.67712488155182,88.15792846679688,5581700,0.0,0.0
2022-03-15 00:00:00-04:00,88.92104218319282,89.12090669458883,87.73094868670444,88.68484497070312,5417600,0.0,0.0
2022-03-16 00:00:00-04:00,88.15794174899905,88.70302243770494,85.45978436916636,87.03144073486328,8813000,0.0,0.0
2022-03-17 00:00:00-04:00,87.75820604714868,88.8392876320259,87.0586871535129,88.80294799804688,6537200,0.0,0.0
2022-03-18 00:00:00-04:00,89.0300628040326,89.28443330307192,87.51291951970789,88.593994140625,10438500,0.0,0.0
2022-03-21 00:00:00-04:00,88.88470314675507,91.5919468474051,88.84837044541787,90.79249572753906,6673700,0.0,0.0
2022-03-22 00:00:00-04:00,90.66532282358347,92.32781791361624,89.85678495276376,92.10070037841797,6048300,0.0,0.0
2022-03-23 00:00:00-04:00,91.90083150848066,93.10001167014296,91.85540523457647,91.96442413330078,4471800,0.0,0.0
2022-03-24 00:00:00-04:00,92.35505521107513,92.84562286755647,91.87356033232604,92.40047454833984,3894600,0.0,0.0
2022-03-25 00:00:00-04:00,92.66394591568934,93.54516298091863,92.59126664759123,93.0545883178711,3521400,0.0,0.0
2022-03-28 00:00:00-04:00,92.36414502414222,92.80930032313245,91.68279251095544,92.29146575927734,4053300,0.0,0.0
2022-03-29 00:00:00-04:00,91.61921957774199,92.11888096722984,90.27468754415632,91.82817077636719,5038200,0.0,0.0
2022-03-30 00:00:00-04:00,92.32780794731435,93.00916047936076,90.62897340330086,91.60103607177734,5168100,0.0,0.0
2022-03-31 00:00:00-04:00,90.19291412758395,91.67372488736115,89.93854359809701,90.00213623046875,5505600,0.0,0.0
2022-04-01 00:00:00-04:00,90.62898044267138,91.25582010771028,89.92037486327624,91.00144958496094,3608600,0.0,0.0
2022-04-04 00:00:00-04:00,90.9560199605843,91.21039045459166,89.53880203085225,90.21107482910156,3812300,0.0,0.0
2022-04-05 00:00:00-04:00,90.37461042269126,91.31033353561489,89.58423892454292,89.76593017578125,4217100,0.0,0.0
2022-04-06 00:00:00-04:00,89.32078988503767,90.19292044626798,89.14817832890292,89.4479751586914,5260800,0.0,0.0
2022-04-07 00:00:00-04:00,89.25718593290198,92.00076254243804,88.93922278907644,91.73731231689453,6151500,0.0,0.0
2022-04-08 00:00:00-04:00,92.64578017758511,93.33621243585888,90.91059902840605,91.21039581298828,4811400,0.0,0.0
2022-04-11 00:00:00-04:00,91.42842577885723,93.52698938792014,91.42842577885723,92.76387786865234,5707600,0.0,0.0
2022-04-12 00:00:00-04:00,92.82748957210933,94.46273877956456,92.7275572910383,93.20904541015625,4839200,0.0,0.0
2022-04-13 00:00:00-04:00,93.86312780100204,94.88969648979061,93.24536787322464,93.90855407714844,5351900,0.0,0.0
2022-04-14 00:00:00-04:00,94.38096486285093,95.37120094660395,94.18110031763047,94.72618103027344,4027400,0.0,0.0
2022-04-18 00:00:00-04:00,94.71709359218373,95.80725492853664,94.39913044667053,94.75343322753906,3873300,0.0,0.0
2022-04-19 00:00:00-04:00,94.88062802822586,95.98896275926397,94.62625748623235,94.98056030273438,4572800,0.0,0.0
2022-04-20 00:00:00-04:00,96.00712693551164,96.31600346347541,94.7352673233161,95.36211395263672,4232200,0.0,0.0
2022-04-21 00:00:00-04:00,96.16156320583546,96.31600146661549,92.1188738437871,92.41867065429688,5795300,0.0,0.0
2022-04-22 00:00:00-04:00,92.16427510942378,93.17267732432244,91.18313281555884,91.29214477539062,4683300,0.0,0.0
2022-04-25 00:00:00-04:00,90.71072953214144,90.77432215589273,88.63941900872652,90.4926986694336,5612500,0.0,0.0
2022-04-26 00:00:00-04:00,88.03076271347012,91.71006282082344,87.92174379558594,90.11116027832031,7199200,0.0,0.0
2022-04-27 00:00:00-04:00,90.13839013338834,90.76523662090369,88.66666630964278,89.79316711425781,6632100,0.0,0.0
2022-04-28 00:00:00-04:00,89.93854354798889,90.17474772427104,88.03075764682272,89.10275268554688,6544200,0.0,0.0
2022-04-29 00:00:00-04:00,89.45704380833885,89.83859955255532,85.95034898331802,86.22289276123047,5883000,0.0,0.0
2022-05-02 00:00:00-04:00,85.85951123832757,86.60445644435667,83.9426387695679,85.59605407714844,7870600,0.0,0.0
2022-05-03 00:00:00-04:00,86.46817291012545,87.33121661806112,85.6868881734133,86.66803741455078,5612200,0.0,0.0
2022-05-04 00:00:00-04:00,86.29556867064673,89.04823183109639,86.25922903668096,88.8120346069336,6160800,0.0,0.0
2022-05-05 00:00:00-04:00,88.84836860316669,89.21175105761358,86.67712586178918,87.50382995605469,5906500,0.0,0.0
2022-05-06 00:00:00-04:00,86.94967863604163,87.25856209621521,85.14182494890015,86.57720947265625,5295000,0.0,0.0
2022-05-09 00:00:00-04:00,85.87766484428724,86.11386897633352,82.89788446244492,83.35211944580078,6071900,0.0,0.0
2022-05-10 00:00:00-04:00,83.97896753927252,85.26899325309995,82.99781829308999,83.29761505126953,7526300,0.0,0.0
2022-05-11 00:00:00-04:00,82.91607554046729,85.51430097462706,82.4981800628785,82.67079162597656,6493900,0.0,0.0
2022-05-12 00:00:00-04:00,82.53450905862383,84.00623314897543,81.70780485315476,83.10684967041016,6356200,0.0,0.0
2022-05-13 00:00:00-04:00,83.62468209632316,84.13342317464542,82.75254463194588,83.50657653808594,5465600,0.0,0.0
2022-05-16 00:00:00-04:00,83.44297163478478,84.97828821751409,83.40663200152225,84.01531219482422,5158500,0.0,0.0
2022-05-17 00:00:00-04:00,85.69598455207985,86.43184310101523,84.94195272009017,86.25923156738281,4447200,0.0,0.0
2022-05-18 00:00:00-04:00,85.69598487912009,86.48634941808126,83.83361843031808,84.13341522216797,5843100,0.0,0.0
2022-05-19 00:00:00-04:00,83.5119651449919,84.49897628509339,81.83039680776932,82.47926330566406,5234700,0.55,0.0
2022-05-20 00:00:00-04:00,83.01844778451402,83.32003564101618,80.81595837600918,82.32389068603516,6585500,0.0,0.0
2022-05-23 00:00:00-04:00,82.79911313714399,84.09684592991688,82.25077602480887,83.92321014404297,4701300,0.0,0.0
2022-05-24 00:00:00-04:00,83.34746616486999,85.37632014316048,82.68032475875687,85.18440246582031,5932000,0.0,0.0
2022-05-25 00:00:00-04:00,85.28492373050246,85.99776274271592,84.61777541478567,85.50425720214844,3742000,0.0,0.0
2022-05-26 00:00:00-04:00,86.38159283439899,87.60621916966659,86.00689846686284,86.82026672363281,5545800,0.0,0.0
2022-05-27 00:00:00-04:00,87.3960453293881,88.39219757104951,87.00306899097824,88.383056640625,3394200,0.0,0.0
2022-05-31 00:00:00-04:00,87.14929568020814,87.70677390185641,86.4821472113139,86.92996215820312,6478700,0.0,0.0
2022-06-01 00:00:00-04:00,87.74331063836301,87.99005992277898,85.99776287338038,86.6466293334961,4245900,0.0,0.0
2022-06-02 00:00:00-04:00,87.52395828126352,88.01746375541121,85.9611944327047,87.9534912109375,3460300,0.0,0.0
2022-06-03 00:00:00-04:00,87.1492771695589,88.30079011735417,87.08530461537501,88.03575897216797,2837000,0.0,0.0
2022-06-06 00:00:00-04:00,88.63893011218713,89.09587893198547,88.09059292292623,88.8399887084961,3080300,0.0,0.0
2022-06-07 00:00:00-04:00,88.81257689867316,92.01121878145982,88.33735317255297,91.8558578491211,5634600,0.0,0.0
2022-06-08 00:00:00-04:00,91.1430144927636,91.69135168098904,90.43930940701101,90.68606567382812,6666600,0.0,0.0
2022-06-09 00:00:00-04:00,89.86355297567023,90.63122361539114,88.94051444435169,88.99534606933594,4566900,0.0,0.0
2022-06-10 00:00:00-04:00,87.56967720839388,88.36477071633844,86.3176348511105,87.2680892944336,5615900,0.0,0.0
2022-06-13 00:00:00-04:00,85.44027809337275,85.47683483125637,83.51195374804203,84.03287506103516,5419200,0.0,0.0
2022-06-14 00:00:00-04:00,84.47155734876745,84.72744756693113,82.91793418278192,83.4571304321289,3977900,0.0,0.0
2022-06-15 00:00:00-04:00,84.16997080302318,85.16612285103163,82.98190806081665,84.33447265625,4139200,0.0,0.0
2022-06-16 00:00:00-04:00,83.21038785951647,83.32919204968692,81.34603572634516,81.81211853027344,4517700,0.0,0.0
2022-06-17 00:00:00-04:00,81.75727324613277,82.25991968307616,80.06656418843617,81.22721099853516,7577200,0.0,0.0
2022-06-21 00:00:00-04:00,83.02759714021903,85.31234118355188,82.35131485568843,84.91936492919922,5834200,0.0,0.0
2022-06-22 00:00:00-04:00,83.3474612120661,85.7418755169282,83.23779795866601,84.59036254882812,4481500,0.0,0.0
2022-06-23 00:00:00-04:00,84.53553525946718,85.28493107692194,82.9544892078017,83.8592529296875,3310500,0.0,0.0
2022-06-24 00:00:00-04:00,84.53553386568476,86.2445250063616,83.96891480427391,86.08915710449219,4782200,0.0,0.0
2022-06-27 00:00:00-04:00,86.30849168346255,86.8659697779607,85.76014754478642,86.6466293334961,2942600,0.0,0.0
2022-06-28 00:00:00-04:00,87.21323928640446,88.45614045250468,85.61391865072245,85.70530700683594,3358800,0.0,0.0
2022-06-29 00:00:00-04:00,86.10744685163323,86.1805603448016,84.3527648505109,85.26666259765625,2504100,0.0,0.0
2022-06-30 00:00:00-04:00,84.96504878522272,87.98090624860491,84.72743349105228,87.83468627929688,6319100,0.0,0.0
2022-07-01 00:00:00-04:00,87.77984619845692,88.94049280396356,87.13097292242435,88.66632080078125,4221000,0.0,0.0
2022-07-05 00:00:00-04:00,86.7471601638655,87.2315247854544,83.53938454721572,84.91936492919922,4938700,0.0,0.0
2022-07-06 00:00:00-04:00,84.9924754770037,86.56438044013302,84.29791135951942,85.83325958251953,4294700,0.0,0.0
2022-07-07 00:00:00-04:00,86.40901768507379,86.82026880092624,85.73272846580362,85.8515396118164,3212600,0.0,0.0
2022-07-08 00:00:00-04:00,86.17142530284737,87.47829944945916,85.8515624639886,86.92996215820312,2763200,0.0,0.0
2022-07-11 00:00:00-04:00,86.17141670685412,86.94822837301687,85.95208320672862,86.55525207519531,2501400,0.0,0.0
2022-07-12 00:00:00-04:00,86.05261277733862,87.04875794668045,85.73274299692086,86.36333465576172,4667400,0.0,0.0
2022-07-13 00:00:00-04:00,84.81883535851091,86.2079636369456,83.81354937720069,83.90493774414062,5653700,0.0,0.0
2022-07-14 00:00:00-04:00,82.28733394835446,82.89050268887398,81.38257735133278,82.32389068603516,5029700,0.0,0.0
2022-07-15 00:00:00-04:00,83.16468603198659,83.58507811369175,82.52496046688867,83.37488555908203,3965200,0.0,0.0
2022-07-18 00:00:00-04:00,84.29790602021737,84.37101949584486,81.77555386343184,82.06800079345703,5364300,0.0,0.0
2022-07-19 00:00:00-04:00,81.57450376592388,85.9155174743569,81.52880609578827,85.74187469482422,5027600,0.0,0.0
2022-07-20 00:00:00-04:00,85.54082733006396,86.94823069064934,85.11129427535775,86.66492462158203,3849200,0.0,0.0
2022-07-21 00:00:00-04:00,86.43644340384526,86.8568354958423,85.5225457327684,86.7197494506836,3124500,0.0,0.0
2022-07-22 00:00:00-04:00,86.95735543930306,87.46913584883394,85.86981509656479,86.0982894897461,3254200,0.0,0.0
2022-07-25 00:00:00-04:00,86.46384860917303,87.19496944531956,85.93378635159104,86.42729187011719,4769200,0.0,0.0
2022-07-26 00:00:00-04:00,84.54466707267991,85.33061954922837,82.42442496611514,82.4701156616211,8253200,0.0,0.0
2022-07-27 00:00:00-04:00,83.00931544115362,83.00931544115362,81.39171288667843,82.49752807617188,5558900,0.0,0.0
2022-07-28 00:00:00-04:00,82.47924982629688,84.69088011500182,82.47924982629688,84.43498992919922,4490900,0.0,0.0
2022-07-29 00:00:00-04:00,84.06031221675838,85.34890432818132,83.97805779933486,85.18440246582031,4848400,0.0,0.0
2022-08-01 00:00:00-04:00,85.53167000514048,86.78371218285076,85.07472122133915,85.21180725097656,5623100,0.0,0.0
2022-08-02 00:00:00-04:00,85.66875366456621,86.61920794527481,84.7182993838576,85.67789459228516,4066800,0.0,0.0
2022-08-03 00:00:00-04:00,85.67790799142163,86.75630753890644,84.45328843999087,86.3907470703125,4491100,0.0,0.0
2022-08-04 00:00:00-04:00,86.49127011220313,86.69232870399902,84.73658835696054,84.79141998291016,4443700,0.0,0.0
2022-08-05 00:00:00-04:00,84.22481096598574,85.08387001768632,83.93235702372166,85.0198974609375,3320200,0.0,0.0
2022-08-08 00:00:00-04:00,85.63220187353649,85.63220187353649,83.12812441520983,83.34745788574219,4607400,0.0,0.0
2022-08-09 00:00:00-04:00,83.63077404550833,84.35275400966412,83.21951592865511,84.02375030517578,3137500,0.0,0.0
2022-08-10 00:00:00-04:00,84.9650687168367,85.65049197918938,84.48983801701334,85.3763198852539,3351300,0.0,0.0
2022-08-11 00:00:00-04:00,85.66876628996273,86.31763280393653,85.04731559070127,85.12957000732422,3487900,0.0,0.0
2022-08-12 00:00:00-04:00,85.24837591604667,86.88425362760181,85.24837591604667,86.82942199707031,3652200,0.0,0.0
2022-08-15 00:00:00-04:00,86.21711136897002,87.87127105657774,85.86069180021448,87.85298919677734,3376600,0.0,0.0
2022-08-16 00:00:00-04:00,87.46913556723956,87.96264109162064,86.71059891092318,86.865966796875,5851000,0.0,0.0
2022-08-17 00:00:00-04:00,86.00690693021082,87.40516919522932,85.73273485089967,86.8111343383789,3311100,0.0,0.0
2022-08-18 00:00:00-04:00,87.18800877135783,87.34427447598156,86.6272840542101,87.05931854248047,2694500,0.55,0.0
2022-08-19 00:00:00-04:00,86.63648390291718,87.33509305773642,85.61614915479038,85.85514831542969,5024700,0.0,0.0
2022-08-22 00:00:00-04:00,84.85318271634387,85.44148286350524,84.24650125781098,84.36599731445312,5769600,0.0,0.0
2022-08-23 00:00:00-04:00,84.50388340955764,85.16572284181109,84.347617713912,84.96349334716797,2633900,0.0,0.0
2022-08-24 00:00:00-04:00,85.4598761287175,86.02060083469371,85.3036104272071,85.77240753173828,3065800,0.0,0.0
2022-08-25 00:00:00-04:00,86.25039970056267,88.44733456807381,86.18605459196534,88.3646011352539,4257700,0.0,0.0
2022-08-26 00:00:00-04:00,88.81503392213634,89.00806926969243,85.9378709958159,85.96544647216797,2805700,0.0,0.0
2022-08-29 00:00:00-04:00,85.17493037231098,85.47826764879292,83.90640225703454,84.67855072021484,3799000,0.0,0.0
2022-08-30 00:00:00-04:00,84.92673299308457,85.0370419148806,83.0331420873496,83.49275207519531,3463000,0.0,0.0
2022-08-31 00:00:00-04:00,83.63982317061163,83.86962816328742,82.46322273020633,82.49999237060547,4665700,0.0,0.0
2022-09-01 00:00:00-04:00,82.18745030806033,82.31614052625306,80.41335571372808,80.9189224243164,6151900,0.0,0.0
2022-09-02 00:00:00-04:00,81.78300099509778,82.50918560535119,80.23871118117358,80.51447296142578,4171600,0.0,0.0
2022-09-06 00:00:00-04:00,80.6247683456203,81.22226262216013,79.59523963815026,80.11920166015625,4557400,0.0,0.0
2022-09-07 00:00:00-04:00,79.34706433491034,80.62477948071489,78.45541987781836,80.38578033447266,5333100,0.0,0.0
2022-09-08 00:00:00-04:00,79.8342473435027,80.05485815702848,78.54733807393487,79.56767272949219,5758400,0.0,0.0
2022-09-09 00:00:00-04:00,80.06403939991037,81.22225825693023,79.50331478731847,80.92810821533203,4126800,0.0,0.0
2022-09-12 00:00:00-04:00,81.20388448787685,81.52561707083083,80.4409372830861,80.70751190185547,5437000,0.0,0.0
2022-09-13 00:00:00-04:00,79.19079695562543,79.91698152890709,76.60778422962579,76.95709228515625,5867700,0.0,0.0
2022-09-14 00:00:00-04:00,77.4902256126924,80.4776897185552,76.56181172689755,79.42058563232422,7737900,0.0,0.0
2022-09-15 00:00:00-04:00,79.09887887984412,79.92617121785598,78.25319120255413,78.69441986083984,5054600,0.0,0.0
2022-09-16 00:00:00-04:00,77.96824954168093,79.23677077026439,77.67409938665755,78.31755065917969,8211100,0.0,0.0
2022-09-19 00:00:00-04:00,77.62812044177635,78.44622562009955,77.25124391651437,78.08773040771484,5587000,0.0,0.0
2022-09-20 00:00:00-04:00,77.73843427974589,78.57492783699426,76.95709869080429,78.2715835571289,3861500,0.0,0.0
2022-09-21 00:00:00-04:00,80.11922513546614,80.8821724680722,77.47186683002349,77.50863647460938,7047100,0.0,0.0
2022-09-22 00:00:00-04:00,77.21448957840211,77.70167511674241,76.47911068194207,76.70891571044922,4950300,0.0,0.0
2022-09-23 00:00:00-04:00,76.17576633007631,76.32283788791246,74.23621150778462,75.40361785888672,6725900,0.0,0.0
2022-09-26 00:00:00-04:00,74.99915313161955,75.73453190447879,74.20863041846972,74.53954315185547,4843500,0.0,0.0
2022-09-27 00:00:00-04:00,74.98076504664739,75.42199367313376,73.78577640194396,74.4568099975586,6119300,0.0,0.0
2022-09-28 00:00:00-04:00,74.65904291963487,77.10416425659311,74.26377807406637,76.5710220336914,6066600,0.0,0.0
2022-09-29 00:00:00-04:00,75.99191238507667,76.25848701496005,74.8428874354544,75.68856811523438,6989900,0.0,0.0
2022-09-30 00:00:00-04:00,75.78050190335524,76.1757667987921,75.16461915016829,75.24735260009766,6403900,0.0,0.0
2022-10-03 00:00:00-04:00,76.21252875093451,77.27882023675497,75.3852294005875,76.39636993408203,4303400,0.0,0.0
2022-10-04 00:00:00-04:00,77.44429475956123,79.31950463744698,77.24206521198145,78.62089538574219,4432100,0.0,0.0
2022-10-05 00:00:00-04:00,77.72922689685716,79.03452439071681,77.32477493891334,78.32672119140625,3800400,0.0,0.0
2022-10-06 00:00:00-04:00,77.9314728067031,78.56573686984603,77.23286362216105,77.47186279296875,3192700,0.0,0.0
2022-10-07 00:00:00-04:00,76.9938583623171,77.29719558981245,76.0286746924844,77.22366333007812,4417500,0.0,0.0
2022-10-10 00:00:00-04:00,77.9774250211469,79.02533513563097,76.86516979482928,77.3615493774414,3645400,0.0,0.0
2022-10-11 00:00:00-04:00,76.97547748594279,78.63007621916248,76.58021262262318,77.7568130493164,4547700,0.0,0.0
2022-10-12 00:00:00-04:00,77.69246959472753,77.79358435353699,76.23091319335929,76.28606414794922,5489100,0.0,0.0
2022-10-13 00:00:00-04:00,74.87046812175474,78.26239225324443,74.44762775244286,78.01420593261719,5049000,0.0,0.0
2022-10-14 00:00:00-04:00,78.51976727709128,78.51976727709128,75.51392109453083,75.91837310791016,4614600,0.0,0.0
2022-10-17 00:00:00-04:00,77.40749291003917,78.53813626790992,77.05819193605056,77.64649200439453,4442000,0.0,0.0
2022-10-18 00:00:00-04:00,78.97938335063381,80.9373265043055,78.51977333530691,80.30306243896484,5779100,0.0,0.0
2022-10-19 00:00:00-04:00,80.11001737968361,81.76460902677674,79.83424859862237,80.55123901367188,4573700,0.0,0.0
2022-10-20 00:00:00-04:00,80.71668877258354,81.29580173767903,79.78828181965206,80.19273376464844,3663100,0.0,0.0
2022-10-21 00:00:00-04:00,80.21112555184186,81.71864553496843,79.48494103350428,81.38772583007812,5422900,0.0,0.0
2022-10-24 00:00:00-04:00,81.90249249867031,83.14343797334429,81.81057191037804,82.48160552978516,7727800,0.0,0.0
2022-10-25 00:00:00-04:00,81.34175556699434,81.81055961384004,78.91501593275461,81.22225952148438,7561000,0.0,0.0
2022-10-26 00:00:00-04:00,81.44289341160975,84.75208412333916,81.44289341160975,83.20779418945312,6668600,0.0,0.0
2022-10-27 00:00:00-04:00,83.59385453146983,85.83674617317908,83.56627905835194,84.38438415527344,6420800,0.0,0.0
2022-10-28 00:00:00-04:00,85.02784030846247,87.47296859604909,84.63257547299138,87.39942932128906,6360800,0.0,0.0
2022-10-31 00:00:00-04:00,87.07770448322998,87.42700552160207,86.268786480339,87.16043090820312,4933000,0.0,0.0
2022-11-01 00:00:00-04:00,87.62925239278371,88.31866745658557,87.37187189105919,87.83148193359375,5217500,0.0,0.0
2022-11-02 00:00:00-04:00,87.46378328167624,88.84261326400507,86.43425437015763,86.54456329345703,5326000,0.0,0.0
2022-11-03 00:00:00-04:00,85.83675407330475,88.08884709744945,85.51502850216735,87.14205169677734,4141600,0.0,0.0
2022-11-04 00:00:00-04:00,87.66601398034263,88.15319945855705,85.83676112975559,87.52812957763672,4247800,0.0,0.0
2022-11-07 00:00:00-05:00,87.96015319862907,88.56683467701687,87.64761479035745,88.40137481689453,3295600,0.0,0.0
2022-11-08 00:00:00-05:00,88.45654639139262,88.83342295611233,87.38105362854643,88.4933090209961,3927500,0.0,0.0
2022-11-09 00:00:00-05:00,88.09803409803025,88.64037749967864,87.3442740413175,87.44538879394531,3478700,0.0,0.0
2022-11-10 00:00:00-05:00,89.07243077847109,90.1019528215772,87.96936242973788,89.93649291992188,4764100,0.0,0.0
2022-11-11 00:00:00-05:00,89.29303701736569,89.34818797736287,85.28523695207821,86.0849609375,6937600,0.0,0.0
2022-11-14 00:00:00-05:00,86.08494833584786,86.90305351714515,85.41391469737793,85.44149017333984,4942400,0.0,0.0
2022-11-15 00:00:00-05:00,86.05738013163202,88.1991574317196,85.79999263702496,88.05208587646484,7506500,0.0,0.0
2022-11-16 00:00:00-05:00,87.8498506491102,88.48411466102421,86.63648059137796,86.72840118408203,4813000,0.0,0.0
2022-11-17 00:00:00-05:00,85.9979622513197,87.50507373448986,85.87775845874027,87.40336608886719,3256300,0.55,0.0
2022-11-18 00:00:00-05:00,88.4851708870497,89.38204368236424,88.03211397908152,88.17080688476562,4073300,0.0,0.0
2022-11-21 00:00:00-05:00,88.0783204248483,89.21558638518755,87.78244560829859,88.94744873046875,3271700,0.0,0.0
2022-11-22 00:00:00-05:00,89.74262148871544,90.23266353524659,89.23409035074712,89.54845428466797,3031500,0.0,0.0
2022-11-23 00:00:00-05:00,89.53921246175362,89.89056871149914,89.32655615142538,89.8073501586914,2172300,0.0,0.0
2022-11-25 00:00:00-05:00,90.01077126357352,90.42684994606047,89.85358927548924,90.1217269897461,1313200,0.0,0.0
2022-11-28 00:00:00-05:00,89.7518856694866,90.61177318700119,89.18787304755692,89.5947036743164,4662300,0.0,0.0
2022-11-29 00:00:00-05:00,89.50224558803218,90.5285631923553,89.32656744095635,90.08474731445312,2916100,0.0,0.0
2022-11-30 00:00:00-05:00,90.16795261721808,91.38843737967439,88.7995339417862,91.2774887084961,6191200,0.0,0.0
2022-12-01 00:00:00-05:00,91.64731571059639,92.42398447009217,91.04631799667483,91.99866485595703,4084200,0.0,0.0
2022-12-02 00:00:00-05:00,91.2405088389713,93.5242965113758,91.2405088389713,93.39485168457031,4339700,0.0,0.0
2022-12-05 00:00:00-05:00,92.22059370563403,93.65374193844119,91.99868929457578,93.08972930908203,4532000,0.0,0.0
2022-12-06 00:00:00-05:00,93.68147171104607,93.8386536958758,90.76894921079727,91.28673553466797,3809700,0.0,0.0
2022-12-07 00:00:00-05:00,91.4346637457732,92.11887303148424,91.04632931773826,91.57335662841797,3220500,0.0,0.0
2022-12-08 00:00:00-05:00,92.12813381975509,92.71988361677705,91.71206216861009,91.98944091796875,2780100,0.0,0.0
2022-12-09 00:00:00-05:00,91.75830019217506,92.77536984525882,90.82444911251342,90.8614273071289,3328400,0.0,0.0
2022-12-12 00:00:00-05:00,91.16652884220558,92.10038675608284,91.07406926901876,92.05415344238281,4578700,0.0,0.0
2022-12-13 00:00:00-05:00,93.91262062223514,94.27321789340776,92.14661950626325,92.3592758178711,7098700,0.0,0.0
2022-12-14 00:00:00-05:00,92.72912015405728,93.29313271139071,91.92470706715228,92.41474914550781,4939100,0.0,0.0
2022-12-15 00:00:00-05:00,92.22983741309838,92.26682265555915,89.96454598253233,91.06482696533203,4843000,0.0,0.0
2022-12-16 00:00:00-05:00,90.11248560848678,91.19427756571487,89.00295648120886,90.92613983154297,7610800,0.0,0.0
2022-12-19 00:00:00-05:00,91.074087177056,91.7213113708416,89.7981278860724,90.18646240234375,4732700,0.0,0.0
2022-12-20 00:00:00-05:00,90.05700366492547,91.49939281944951,89.9552960138538,90.7781982421875,3907000,0.0,0.0
2022-12-21 00:00:00-05:00,91.55485838279378,92.32228620218255,91.25898353190102,92.23907470703125,3610000,0.0,0.0
2022-12-22 00:00:00-05:00,91.96169717585406,92.10039006772787,89.66866863983265,91.08332061767578,3165000,0.0,0.0
2022-12-23 00:00:00-05:00,91.0833086699154,91.9154588577883,90.63949288497899,91.81375122070312,2119300,0.0,0.0
2022-12-27 00:00:00-05:00,92.09114031583485,92.68289005978166,91.84149875838148,92.14662170410156,2600200,0.0,0.0
2022-12-28 00:00:00-05:00,92.22983749327983,92.77535394806964,91.63808772182045,91.66582489013672,2418700,0.0,0.0
2022-12-29 00:00:00-05:00,91.7490362528234,93.01574720133456,91.61034336790695,92.76610565185547,2940600,0.0,0.0
2022-12-30 00:00:00-05:00,92.71988047207138,93.3948488089584,92.25757551793923,93.31163024902344,2984100,0.0,0.0
2023-01-03 00:00:00-05:00,93.37634521351588,93.59825665283542,92.55344302512553,93.20991516113281,3532300,0.0,0.0
2023-01-04 00:00:00-05:00,92.93252453576292,94.40265059826682,92.84006497499999,93.23764038085938,5635100,0.0,0.0
2023-01-05 00:00:00-05:00,92.7106303484252,93.81091837228608,92.14662480672807,93.27464294433594,4967200,0.0,0.0
2023-01-06 00:00:00-05:00,94.21774017772066,96.11318603814773,93.66297570769841,94.73551940917969,6411700,0.0,0.0
2023-01-09 00:00:00-05:00,94.98516625761559,95.03139251430903,91.33295337661754,92.09113311767578,6377300,0.0,0.0
2023-01-10 00:00:00-05:00,91.92471895370963,93.45957484701016,91.55487356520952,92.38702392578125,4701900,0.0,0.0
2023-01-11 00:00:00-05:00,92.57193540942241,92.76610262027484,91.47164749371242,92.0818862915039,4518700,0.0,0.0
2023-01-12 00:00:00-05:00,92.32230136366366,93.14520364829309,92.02642646418131,93.08972930908203,4221400,0.0,0.0
2023-01-13 00:00:00-05:00,90.37135076331937,91.58259427603629,90.15869448112394,91.24048614501953,4968000,0.0,0.0
2023-01-17 00:00:00-05:00,91.76752578805878,92.1373711315485,90.94462360225606,91.00934600830078,3959000,0.0,0.0
2023-01-18 00:00:00-05:00,91.22200648702771,91.22200648702771,88.45741809893289,88.52214050292969,5321800,0.0,0.0
2023-01-19 00:00:00-05:00,88.05059985626085,88.32797858105427,87.06126759064952,87.1352310180664,4641500,0.0,0.0
2023-01-20 00:00:00-05:00,87.05201808231475,87.32015578314564,86.30307931302389,87.24618530273438,8216200,0.0,0.0
2023-01-23 00:00:00-05:00,87.65302417289297,89.62244078398852,87.38488644672643,88.99370574951172,5686600,0.0,0.0
2023-01-24 00:00:00-05:00,91.41616757343498,92.29454400513545,86.93180468909699,91.97093200683594,8308000,0.0,0.0
2023-01-25 00:00:00-05:00,91.81375797663763,92.47023010253906,90.22342795706204,92.47023010253906,5967300,0.0,0.0
2023-01-26 00:00:00-05:00,93.08971353261174,93.32086597910173,91.65656554268875,92.69213104248047,4302900,0.0,0.0
2023-01-27 00:00:00-05:00,92.3222855637815,92.9602685723814,91.84149157973525,92.09113311767578,3365800,0.0,0.0
2023-01-30 00:00:00-05:00,91.99868454582688,92.27607033599223,90.48232488247396,91.26824188232422,4607300,0.0,0.0
2023-01-31 00:00:00-05:00,91.35145244105217,92.4424923036949,90.8244251292628,92.3222885131836,4099500,0.0,0.0
2023-02-01 00:00:00-05:00,92.39625427574035,92.45172860439862,90.24191182614946,91.00009155273438,5155100,0.0,0.0
2023-02-02 00:00:00-05:00,90.87988668649542,91.00008340589858,89.29880497336731,89.65015411376953,6035700,0.0,0.0
2023-02-03 00:00:00-05:00,89.46524183651876,90.41758875514921,89.12313368777636,89.20635223388672,3844300,0.0,0.0
2023-02-06 00:00:00-05:00,89.45600555014234,90.60251982180674,89.40977223463256,90.2789077758789,5243000,0.0,0.0
2023-02-07 00:00:00-05:00,89.83509736508404,90.79668541157781,88.57762739140647,90.49156951904297,3814500,0.0,0.0
2023-02-08 00:00:00-05:00,90.00152074743578,90.84291910943364,89.91830924572439,90.28815460205078,3789500,0.0,0.0
2023-02-09 00:00:00-05:00,90.65799443130034,91.08331409617085,89.95528900254286,90.47306823730469,3670900,0.0,0.0
2023-02-10 00:00:00-05:00,90.82443997779991,93.1082206661116,90.79669575330631,93.02500915527344,5291000,0.0,0.0
2023-02-13 00:00:00-05:00,93.49653070970578,93.77390937325322,92.56267298440886,92.97874450683594,5238600,0.0,0.0
2023-02-14 00:00:00-05:00,92.70137427720415,94.36566757254067,92.69212620464765,93.72769165039062,3699700,0.0,0.0
2023-02-15 00:00:00-05:00,93.38558581320616,93.87562785761133,93.10820006336306,93.81090545654297,2551000,0.0,0.0
2023-02-16 00:00:00-05:00,92.84007749700939,93.81091359728231,92.39626166958944,93.35785675048828,3524300,0.0,0.0
2023-02-17 00:00:00-05:00,93.24690891367219,93.94036635287284,92.74761871094205,93.8571548461914,6507500,0.0,0.0
2023-02-21 00:00:00-05:00,94.49511446443057,94.91119308813968,92.81232498670936,93.06197357177734,3853000,0.0,0.0
2023-02-22 00:00:00-05:00,93.13595619556526,93.49655348396091,92.30380589380088,92.93254089355469,4489800,0.0,0.0
2023-02-23 00:00:00-05:00,93.45317137030499,93.57403656129374,91.85409794001876,92.63504028320312,3227800,0.55,0.0
2023-02-24 00:00:00-05:00,92.31893699198423,92.6257316845776,91.47290911521809,92.61643981933594,3915000,0.0,0.0
2023-02-27 00:00:00-05:00,92.9511408839716,92.99762149400972,92.05862521769723,92.18878936767578,2986700,0.0,0.0
2023-02-28 00:00:00-05:00,92.29104328762904,92.47698699425334,90.94298510648174,91.19400024414062,4470000,0.0,0.0
2023-03-01 00:00:00-05:00,91.14749145507812,91.64022971248376,90.64545424195965,91.14749145507812,3739900,0.0,0.0
2023-03-02 00:00:00-05:00,90.64547047470555,92.3468179305571,90.64547047470555,92.0400161743164,4134400,0.0,0.0
2023-03-03 00:00:00-05:00,92.20737924143113,92.33753629703872,91.35205942085904,92.05862426757812,5072800,0.0,0.0
2023-03-06 00:00:00-05:00,92.05859587968028,93.05337140822601,91.89125013221346,92.51415252685547,5064700,0.0,0.0
2023-03-07 00:00:00-05:00,92.70010740184765,92.90464192170498,91.26837285587312,91.27767181396484,5139300,0.0,0.0
2023-03-08 00:00:00-05:00,91.11033772759818,91.6774536625285,89.86454671842513,90.55252075195312,4299000,0.0,0.0
2023-03-09 00:00:00-05:00,91.09173413455164,91.09173413455164,88.8046727968165,89.18585205078125,4912700,0.0,0.0
2023-03-10 00:00:00-05:00,88.92553818624704,90.22711567881682,88.51646915037539,89.25093078613281,6340100,0.0,0.0
2023-03-13 00:00:00-04:00,88.2189625887506,91.33344664356977,88.07021473212495,90.60828399658203,7757700,0.0,0.0
2023-03-14 00:00:00-04:00,91.36133396150325,92.17017301913147,90.57109281859358,91.40782165527344,6407400,0.0,0.0
2023-03-15 00:00:00-04:00,90.14343548284236,90.42234746712597,88.07950665961766,89.09288024902344,5755300,0.0,0.0
2023-03-16 00:00:00-04:00,88.64663103765352,91.70533582988749,88.32123841997482,91.18470764160156,4635500,0.0,0.0
2023-03-17 00:00:00-04:00,90.88720231139837,90.89649417662905,88.77678564762424,89.01850891113281,8157800,0.0,0.0
2023-03-20 00:00:00-04:00,89.63211399575152,90.93368445272228,89.53913859765903,90.67337036132812,3972700,0.0,0.0
2023-03-21 00:00:00-04:00,92.01213740967704,92.31893920264395,91.08244016531216,91.11962890625,5135500,0.0,0.0
2023-03-22 00:00:00-04:00,91.36133473486294,91.63094775635459,89.89241864584218,89.9017105102539,4042000,0.0,0.0
2023-03-23 00:00:00-04:00,90.45953997773904,90.59898888267101,88.92553818624704,89.25093078613281,4352100,0.0,0.0
2023-03-24 00:00:00-04:00,88.702416644421,89.88312901258361,88.26545780884817,89.66000366210938,4711900,0.0,0.0
2023-03-27 00:00:00-04:00,90.56180292139733,90.56180292139733,89.6135078548864,90.09695434570312,3591700,0.0,0.0
2023-03-28 00:00:00-04:00,89.98539098355052,90.29219275555029,89.81804520728033,89.99468994140625,2324600,0.0,0.0
2023-03-29 00:00:00-04:00,90.3665722611005,90.90579838273797,90.3665722611005,90.8314208984375,3187400,0.0,0.0
2023-03-30 00:00:00-04:00,90.83142240056216,90.97087841267498,90.35728188961698,90.52462768554688,5296700,0.0,0.0
2023-03-31 00:00:00-04:00,91.09174527092557,91.15682379870171,90.63618848346505,91.04525756835938,4652700,0.0,0.0
2023-04-03 00:00:00-04:00,91.361351305171,93.75067310219768,91.20330446519134,93.50895690917969,4312500,0.0,0.0
2023-04-04 00:00:00-04:00,93.50892805540121,94.32705888022493,92.12367438741596,92.51415252685547,3239800,0.0,0.0
2023-04-05 00:00:00-04:00,92.26313753445504,92.58853009843929,91.76110025301108,91.81688690185547,3841700,0.0,0.0
2023-04-06 00:00:00-04:00,91.82618539091382,92.52345826105541,91.16610125834296,91.30555725097656,3430400,0.0,0.0
2023-04-10 00:00:00-04:00,91.07313902599296,92.75588872822979,90.78493515690981,92.61643981933594,3947600,0.0,0.0
2023-04-11 00:00:00-04:00,92.70941162109375,93.47176308826207,92.42120774113596,92.70941162109375,3408600,0.0,0.0
2023-04-12 00:00:00-04:00,93.89941125451463,95.15450097644002,93.7413644428482,94.38285064697266,4710100,0.0,0.0
2023-04-13 00:00:00-04:00,94.03886262642807,94.6989467130559,93.43455809576075,94.53160095214844,3932500,0.0,0.0
2023-04-14 00:00:00-04:00,94.07605136141039,94.55949073012869,93.8715168655206,94.53160095214844,3017700,0.0,0.0
2023-04-17 00:00:00-04:00,94.74543504073472,96.02841448761622,94.64316779210367,95.86106872558594,4007400,0.0,0.0
2023-04-18 00:00:00-04:00,96.1120904344367,97.34858936711652,95.95404361859757,97.30210876464844,4949200,0.0,0.0
2023-04-19 00:00:00-04:00,97.27422366066799,97.53454485669648,96.55835987741477,96.77218627929688,5004500,0.0,0.0
2023-04-20 00:00:00-04:00,95.86107622531051,96.0563117807825,95.11731564853734,95.61005401611328,3937600,0.0,0.0
2023-04-21 00:00:00-04:00,95.7681028682068,95.98192923494233,94.70824871275148,95.06153106689453,3315300,0.0,0.0
2023-04-24 00:00:00-04:00,95.17311318112633,95.41482936713467,94.4758402205839,95.25678253173828,3962100,0.0,0.0
2023-04-25 00:00:00-04:00,94.54090194666058,95.40552054781215,92.98830237304787,93.98307800292969,4638900,0.0,0.0
2023-04-26 00:00:00-04:00,93.40666855943941,93.70417134704174,90.34796425623304,90.81281280517578,5219300,0.0,0.0
2023-04-27 00:00:00-04:00,90.81282180562984,92.69080700855413,90.59898833099173,92.40260314941406,4010600,0.0,0.0
2023-04-28 00:00:00-04:00,92.10508922496048,92.88603845877945,91.84477517802941,92.87673950195312,2875900,0.0,0.0
2023-05-01 00:00:00-04:00,92.9046394847707,94.25269755861302,92.82096305019358,93.27651977539062,3481400,0.0,0.0
2023-05-02 00:00:00-04:00,93.1184690992705,93.1184690992705,91.361334976214,91.91915893554688,3377500,0.0,0.0
2023-05-03 00:00:00-04:00,91.86338632301477,92.1887860466976,90.21782525197001,90.32939147949219,3610800,0.0,0.0
2023-05-04 00:00:00-04:00,90.18063419104635,90.4316493302338,88.1910826227273,89.17655944824219,4414800,0.0,0.0
2023-05-05 00:00:00-04:00,89.55772921318942,89.98538905604677,88.98131441993311,89.79015350341797,3260400,0.0,0.0
2023-05-08 00:00:00-04:00,89.89243364135328,90.58970661196749,88.73031202366292,88.82328033447266,4243600,0.0,0.0
2023-05-09 00:00:00-04:00,88.90694743922315,89.97610071908156,88.6187435550889,89.501953125,2928400,0.0,0.0
2023-05-10 00:00:00-04:00,90.01327796005101,90.18062373110814,88.70240866429212,89.52983856201172,3329300,0.0,0.0
2023-05-11 00:00:00-04:00,88.9348465632608,89.41828603528792,88.24686545860835,88.82328033447266,3327100,0.0,0.0
2023-05-12 00:00:00-04:00,89.22303973148257,89.77155766445608,88.94412773954672,89.24163055419922,2756000,0.0,0.0
2023-05-15 00:00:00-04:00,89.22303557083208,89.92960738256788,89.11146936065498,89.9017105102539,2556100,0.0,0.0
2023-05-16 00:00:00-04:00,89.7622673727619,89.7622673727619,88.71170499868131,88.74889373779297,2534100,0.0,0.0
2023-05-17 00:00:00-04:00,89.02780841700223,90.51532256115298,89.02780841700223,89.7808609008789,4626800,0.0,0.0
2023-05-18 00:00:00-04:00,89.60312876776584,90.17373073786027,88.93898701201931,89.9211654663086,4277600,0.59,0.0
2023-05-19 00:00:00-04:00,90.35145418961079,90.54789701709683,89.33185839373503,89.9211654663086,3528700,0.0,0.0
2023-05-22 00:00:00-04:00,89.70601850389735,90.06147251958205,88.90156355668088,89.48152160644531,3976100,0.0,0.0
2023-05-23 00:00:00-04:00,88.70513730970579,89.11671380935188,87.99422206613025,88.00357818603516,4388700,0.0,0.0
2023-05-24 00:00:00-04:00,87.72294740151659,88.48062893438907,87.13364033557446,87.61070251464844,3670500,0.0,0.0
2023-05-25 00:00:00-04:00,87.47039336357098,87.66682906141273,86.11404144519453,87.10558319091797,5340500,0.0,0.0
2023-05-26 00:00:00-04:00,87.66681515962493,88.52739250035917,87.10556937812987,87.23652648925781,4056700,0.0,0.0
2023-05-30 00:00:00-04:00,87.00268175528238,87.51715413029264,86.34788900077663,86.824951171875,4559300,0.0,0.0
2023-05-31 00:00:00-04:00,86.40402122154063,86.87172728764625,86.01114270217445,86.18887329101562,9972500,0.0,0.0
2023-06-01 00:00:00-04:00,86.31984548208546,88.05971292254918,86.29178425508272,88.012939453125,5636400,0.0,0.0
2023-06-02 00:00:00-04:00,88.8267406854823,90.19244162617133,88.4899917262298,89.87440490722656,5559200,0.0,0.0
2023-06-05 00:00:00-04:00,90.37015928464696,90.65078575604696,89.47216456744567,89.56570434570312,3811400,0.0,0.0
2023-06-06 00:00:00-04:00,89.9305295670565,91.38042135153826,89.20090918293802,91.14656829833984,4947600,0.0,0.0
2023-06-07 00:00:00-04:00,91.24009636505829,92.40936148076291,90.38886793524394,92.22227478027344,4275400,0.0,0.0
2023-06-08 00:00:00-04:00,92.07262940495698,93.10158146774026,91.84813245991663,92.68064880371094,3269300,0.0,0.0
2023-06-09 00:00:00-04:00,93.00802655549747,93.07350511785394,92.46548581789914,92.92383575439453,2518100,0.0,0.0
2023-06-12 00:00:00-04:00,92.97062651742651,93.34479285908323,92.65258976582739,92.99868774414062,3527500,0.0,0.0
2023-06-13 00:00:00-04:00,93.54120378051834,94.17728425169096,93.09220286225576,93.25122833251953,4053500,0.0,0.0
2023-06-14 00:00:00-04:00,93.26994229886571,93.37283820373517,90.31404368947685,90.60401916503906,6363800,0.0,0.0
2023-06-15 00:00:00-04:00,90.9033496192477,92.0164923197952,90.77239249408072,91.6703872680664,4530100,0.0,0.0
2023-06-16 00:00:00-04:00,91.85746614244403,92.61515480276093,90.55724388337464,91.42717742919922,9037900,0.0,0.0
2023-06-20 00:00:00-04:00,92.04454797186565,92.56837644083731,91.2400930307291,91.38975524902344,6935100,0.0,0.0
2023-06-21 00:00:00-04:00,91.38975518950086,93.49443231948388,91.09977973531292,92.67127227783203,4776500,0.0,0.0
2023-06-22 00:00:00-04:00,92.23161811557533,92.25967933260232,90.36079418975584,90.66012573242188,4531500,0.0,0.0
2023-06-23 00:00:00-04:00,90.45435215095873,91.00624903111932,90.1176032056539,90.65079498291016,6213400,0.0,0.0
2023-06-26 00:00:00-04:00,89.78085652599486,90.37016357999178,88.63029650252129,90.31404113769531,3993600,0.0,0.0
2023-06-27 00:00:00-04:00,90.1269593895325,90.5011256775405,89.65925331367957,90.29533386230469,4048200,0.0,0.0
2023-06-28 00:00:00-04:00,90.16435908159856,90.17371519954001,88.9763890216033,89.67794799804688,4014900,0.0,0.0
2023-06-29 00:00:00-04:00,89.79956223814912,91.56749054878244,89.65924899482641,91.48330688476562,4071400,0.0,0.0
2023-06-30 00:00:00-04:00,91.76392984643978,92.03520022443958,90.99689217426487,91.63297271728516,4402000,0.0,0.0
2023-07-03 00:00:00-04:00,91.19332209383539,92.45612698022737,91.03430375230609,92.03519439697266,2149900,0.0,0.0
2023-07-05 00:00:00-04:00,91.68908278710667,92.10066635840116,91.14654924095987,91.8948745727539,3247400,0.0,0.0
2023-07-06 00:00:00-04:00,91.57684983775827,92.36259260895673,91.06237030664387,91.7171630859375,3679600,0.0,0.0
2023-07-07 00:00:00-04:00,91.74522886153211,92.11003904292654,91.08108706625946,91.12785339355469,4569600,0.0,0.0
2023-07-10 00:00:00-04:00,91.1184890338653,91.97906638646452,90.98752478430441,91.18396759033203,3300300,0.0,0.0
2023-07-11 00:00:00-04:00,90.82852218869758,91.75457825820534,90.30469364620893,91.69845581054688,6209900,0.0,0.0
2023-07-12 00:00:00-04:00,92.26904667907176,92.41871603693211,90.47305720451446,90.56659698486328,4943300,0.0,0.0
2023-07-13 00:00:00-04:00,90.3514412631527,91.16525226881429,90.07082194634422,90.89398193359375,3357600,0.0,0.0
2023-07-14 00:00:00-04:00,90.81915743699633,90.87528701594881,89.54700354566342,89.95858001708984,3454600,0.0,0.0
2023-07-17 00:00:00-04:00,89.88374429112507,90.62272069852673,89.42539436533897,90.09889221191406,3268800,0.0,0.0
2023-07-18 00:00:00-04:00,90.19242621209939,91.37104736805432,89.32249273880866,89.57505798339844,5464600,0.0,0.0
2023-07-19 00:00:00-04:00,89.64989700750648,90.23921122929801,89.11671236760789,89.3973388671875,4133300,0.0,0.0
2023-07-20 00:00:00-04:00,89.98664165358268,90.99688843985462,89.77150086592707,90.8846435546875,4314600,0.0,0.0
2023-07-21 00:00:00-04:00,90.9220414653326,91.14654547856821,90.1456549469306,90.16436004638672,3274900,0.0,0.0
2023-07-24 00:00:00-04:00,90.64143545618614,90.9033497067723,90.27662530192283,90.74433135986328,4741800,0.0,0.0
2023-07-25 00:00:00-04:00,80.3144866996659,81.61470899990898,76.09577596112817,81.47439575195312,49625600,0.0,0.0
2023-07-26 00:00:00-04:00,81.2124700628897,81.56792405592888,79.37906338780863,80.72605895996094,20124000,0.0,0.0
2023-07-27 00:00:00-04:00,80.25836635352026,81.58664991075734,78.9768491224057,79.66905212402344,14092700,0.0,0.0
2023-07-28 00:00:00-04:00,79.97775075761096,81.89534880586626,79.88421095598058,81.69890594482422,11617700,0.0,0.0
2023-07-31 00:00:00-04:00,81.80177729401687,82.96169332300425,81.58663652855908,82.25077819824219,10177400,0.0,0.0
2023-08-01 00:00:00-04:00,81.52117032999378,82.51270492563964,81.44633564517528,82.2882080078125,6780400,0.0,0.0
2023-08-02 00:00:00-04:00,81.84855674011841,82.2414280996803,79.76258466822546,79.94031524658203,8610900,0.0,0.0
2023-08-03 00:00:00-04:00,80.00579468771615,80.22094260791896,78.91136425832742,79.20133972167969,7947300,0.0,0.0
2023-08-04 00:00:00-04:00,79.55680979479244,79.6971159143081,78.89266085815122,79.08910369873047,5573300,0.0,0.0
2023-08-07 00:00:00-04:00,79.27618619810681,80.23030352904695,79.2387688526503,79.9496841430664,6740900,0.0,0.0
2023-08-08 00:00:00-04:00,79.51936950984889,80.84765272667222,79.19197676438209,80.64186096191406,7220000,0.0,0.0
2023-08-09 00:00:00-04:00,80.52027085649124,82.23207661822437,80.41737496021476,82.10111236572266,8802600,0.0,0.0
2023-08-10 00:00:00-04:00,81.68019716205907,82.3817563476482,80.53899307830676,80.6512451171875,5359700,0.0,0.0
2023-08-11 00:00:00-04:00,80.37060846660016,81.25925427174306,80.3519033641236,81.23118591308594,3778800,0.0,0.0
2023-08-14 00:00:00-04:00,81.23119194622497,81.48375723650015,80.6605970704586,80.8570327758789,3521800,0.0,0.0
2023-08-15 00:00:00-04:00,80.55770730610871,80.66060322679591,80.06193280796613,80.1274185180664,4174900,0.0,0.0
2023-08-16 00:00:00-04:00,80.01514983927714,80.24900285828252,79.59421012309079,79.64098358154297,4207700,0.0,0.0
2023-08-17 00:00:00-04:00,80.02718305603,80.7430591239972,79.62214876333613,80.2061538696289,5090700,0.59,0.0
2023-08-18 00:00:00-04:00,79.72576702662289,81.22345472488965,79.70693139668523,80.81842041015625,8150400,0.0,0.0
2023-08-21 00:00:00-04:00,80.6488490363539,81.01620480476144,80.27207186232832,80.55464935302734,4494800,0.0,0.0
2023-08-22 00:00:00-04:00,80.83725793548854,80.83725793548854,80.12138181178248,80.3757095336914,3924500,0.0,0.0
2023-08-23 00:00:00-04:00,80.58293100494853,81.14809329505299,80.34744611853597,81.04447937011719,4462000,0.0,0.0
2023-08-24 00:00:00-04:00,80.53583127381498,81.15751482436164,80.2061538696289,80.2061538696289,3905800,0.0,0.0
2023-08-25 00:00:00-04:00,80.54524775995435,80.7524755974744,79.73517922406398,79.77285766601562,4737600,0.0,0.0
2023-08-28 00:00:00-04:00,79.91413210334316,81.05388505657058,79.88587507228293,80.76187896728516,4834600,0.0,0.0
2023-08-29 00:00:00-04:00,80.78073754305521,81.13867198371295,80.31918199091024,80.39453887939453,5130900,0.0,0.0
2023-08-30 00:00:00-04:00,80.66769405828386,81.69441179744703,80.58292295712708,81.41182708740234,4469800,0.0,0.0
2023-08-31 00:00:00-04:00,81.66615573330355,81.9675761004545,81.03505796246073,81.04447937011719,4914500,0.0,0.0
2023-09-01 00:00:00-04:00,81.5813877461774,81.6567446374565,80.90319009752292,81.27054595947266,2583000,0.0,0.0
2023-09-05 00:00:00-04:00,81.24228594682621,81.28938579875806,80.08369714172993,80.1119613647461,4973800,0.0,0.0
2023-09-06 00:00:00-04:00,79.9424153668569,80.03660788830774,78.41647064820982,78.661376953125,7528800,0.0,0.0
2023-09-07 00:00:00-04:00,78.94396418565162,79.50913375642979,78.8403502434376,79.43377685546875,6376700,0.0,0.0
2023-09-08 00:00:00-04:00,79.43378027910823,79.4997157736836,78.12448461080471,78.63313293457031,5984000,0.0,0.0
2023-09-11 00:00:00-04:00,75.54353827757869,75.82612297690834,71.57797419917006,72.43514251708984,24520700,0.0,0.0
2023-09-12 00:00:00-04:00,70.36286706424058,71.31422782661683,69.3832564574213,71.17293548583984,17931800,0.0,0.0
2023-09-13 00:00:00-04:00,71.17293548583984,72.20907452725308,71.07874298746418,71.17293548583984,11613000,0.0,0.0
2023-09-14 00:00:00-04:00,69.40209514336561,71.2482955013741,69.34558107913317,71.11642456054688,15600400,0.0,0.0
2023-09-15 00:00:00-04:00,70.73964780987048,71.96417190975835,70.7208121838167,71.39900970458984,16049800,0.0,0.0
2023-09-18 00:00:00-04:00,71.50264445704519,72.0678068269591,70.75851124852728,70.81502532958984,9847200,0.0,0.0
2023-09-19 00:00:00-04:00,70.62662505562606,71.05049494515359,70.09913406242119,70.72081756591797,11389300,0.0,0.0
2023-09-20 00:00:00-04:00,71.54029577578575,71.73810937721615,70.06145118001625,70.10855102539062,10817900,0.0,0.0
2023-09-21 00:00:00-04:00,69.96726557124381,70.12739356301401,68.2341003243538,68.4224853515625,12456600,0.0,0.0
2023-09-22 00:00:00-04:00,68.39423843593828,68.46959533254304,67.28274936352025,67.42404174804688,9673000,0.0,0.0
2023-09-25 00:00:00-04:00,67.16029790816953,67.9138452937438,66.89654877746808,67.86675262451172,10430100,0.0,0.0
2023-09-26 00:00:00-04:00,67.28273323236634,68.21525124838253,67.17911932098372,68.06454467773438,10323600,0.0,0.0
2023-09-27 00:00:00-04:00,68.52609477052512,69.07242137453792,68.2435100618488,68.64854431152344,9391800,0.0,0.0
2023-09-28 00:00:00-04:00,68.02687659699586,68.83694519855878,67.77254888981084,67.81964874267578,8490600,0.0,0.0
2023-09-29 00:00:00-04:00,68.10223123654025,68.30945189758405,67.40519080660151,67.79138946533203,6366300,0.0,0.0
2023-10-02 00:00:00-04:00,67.57472946176013,67.76312165059989,66.78350382791473,67.19795227050781,6791300,0.0,0.0
2023-10-03 00:00:00-04:00,67.26389762725634,68.05512329287167,66.3502152373714,66.48208618164062,8175800,0.0,0.0
2023-10-04 00:00:00-04:00,66.05822708876998,66.13358398781891,65.201065717984,66.04881286621094,10264000,0.0,0.0
2023-10-05 00:00:00-04:00,65.9922877251124,66.28429389517957,65.23874033814288,65.35176849365234,7402600,0.0,0.0
2023-10-06 00:00:00-04:00,65.08800335402282,66.3031058977368,64.57935527620582,65.71910095214844,8540300,0.0,0.0
2023-10-09 00:00:00-04:00,68.52609566063147,68.9970653902578,67.65009167606938,68.75215911865234,13726200,0.0,0.0
2023-10-10 00:00:00-04:00,69.19488438102701,69.38327661894868,68.4319155801241,69.09127044677734,10633900,0.0,0.0
2023-10-11 00:00:00-04:00,69.07242405186318,69.07242405186318,68.40364788092954,69.05358123779297,7349800,0.0,0.0
2023-10-12 00:00:00-04:00,69.14778812320895,69.27965908969666,68.09281320487857,69.04417419433594,6921300,0.0,0.0
2023-10-13 00:00:00-04:00,69.63758177772314,70.08029445603016,68.85577033247573,68.99706268310547,8661900,0.0,0.0
2023-10-16 00:00:00-04:00,69.36444438150224,69.79773581516471,68.37540474424362,69.68470764160156,6299700,0.0,0.0
2023-10-17 00:00:00-04:00,69.46803597039106,70.57010342646677,69.0912587447915,69.59990692138672,8035100,0.0,0.0
2023-10-18 00:00:00-04:00,69.71295385729793,70.55127955102483,69.62817555386302,69.92959594726562,7791000,0.0,0.0
2023-10-19 00:00:00-04:00,69.68468521069985,70.50416795096895,69.56222848018398,69.59990692138672,7421400,0.0,0.0
2023-10-20 00:00:00-04:00,69.78830347909768,69.84482474346039,68.27178729192134,68.33772277832031,7995600,0.0,0.0
2023-10-23 00:00:00-04:00,68.36597078881432,69.71294456430702,68.30944953191586,68.884033203125,8357200,0.0,0.0
2023-10-24 00:00:00-04:00,74.17773620827255,74.22483605821414,72.49166362764329,73.82921600341797,25548200,0.0,0.0
2023-10-25 00:00:00-04:00,74.74290119253467,74.74290119253467,73.25463499198699,73.85748291015625,22157600,0.0,0.0
2023-10-26 00:00:00-04:00,73.47128017382103,75.19503116418032,73.38650906925974,74.55451202392578,33222400,0.0,0.0
2023-10-27 00:00:00-04:00,73.97050027273173,75.13850312190957,73.86688636334051,74.56392669677734,21946800,0.0,0.0
2023-10-30 00:00:00-04:00,74.4791637689959,75.16678283795781,73.2546394163241,74.00819396972656,23380600,0.0,0.0
2023-10-31 00:00:00-04:00,74.27193191448293,76.81517300566497,74.15890376804934,76.66445922851562,18663800,0.0,0.0
2023-11-01 00:00:00-04:00,77.2390481970622,77.99260276136121,76.60795038165841,77.38034057617188,20200200,0.0,0.0
2023-11-02 00:00:00-04:00,77.5687129986572,78.3693601013905,77.4556848629095,77.97374725341797,15755700,0.0,0.0
2023-11-03 00:00:00-04:00,78.34111389802855,78.99105451414256,77.87014410349464,77.91724395751953,21269500,0.0,0.0
2023-11-06 00:00:00-05:00,77.89838408257202,78.13386892827076,77.29554345249743,77.61580657958984,5950700,0.0,0.0
2023-11-07 00:00:00-05:00,77.61582716629584,77.88899052213108,77.36149944108448,77.87014770507812,6352900,0.0,0.0
2023-11-08 00:00:00-05:00,78.03970728855921,78.44474167079147,77.71945122124674,78.369384765625,9844700,0.0,0.0
2023-11-09 00:00:00-05:00,78.80266997978659,78.98163361609362,77.37091777075752,77.64408111572266,9638100,0.0,0.0
2023-11-10 00:00:00-05:00,77.95492204181939,78.04911456300346,77.03181808678656,77.44627380371094,10351200,0.0,0.0
2023-11-13 00:00:00-05:00,77.4839680362358,78.00203060151382,76.86228433418593,77.26731872558594,7740300,0.0,0.0
2023-11-14 00:00:00-05:00,77.40859197256142,77.47452745314952,75.92974717671832,76.0051040649414,13128900,0.0,0.0
2023-11-15 00:00:00-05:00,75.83554974228218,76.53258294707729,75.14793075808323,75.94857788085938,10757800,0.0,0.0
2023-11-16 00:00:00-05:00,76.3566132460682,76.69821169214714,75.8442155769498,76.1288833618164,7578700,0.59,0.0
2023-11-17 00:00:00-05:00,76.51792140282049,76.55587758999222,75.3602830319912,75.60699462890625,7343900,0.0,0.0
2023-11-20 00:00:00-05:00,75.4931182417047,75.7398298130454,74.95225529952816,75.12305450439453,8359300,0.0,0.0
2023-11-21 00:00:00-05:00,74.89530920682974,75.05661752278725,74.11722570935204,74.15518188476562,7125000,0.0,0.0
2023-11-22 00:00:00-05:00,74.02234689115078,75.78726942194061,74.01285603642152,75.73982238769531,7024900,0.0,0.0
2023-11-24 00:00:00-05:00,75.7398302344683,75.99602542349248,75.36976649509906,75.89165496826172,2346300,0.0,0.0
2023-11-27 00:00:00-05:00,75.6828917156086,75.90113069850959,75.08509093766023,75.40771484375,9378400,0.0,0.0
2023-11-28 00:00:00-05:00,75.90113857740505,76.66024776749693,75.50260951033762,76.0909194946289,7094800,0.0,0.0
2023-11-29 00:00:00-05:00,76.11937712564452,77.17263758168201,76.02449029632784,76.81205749511719,6852100,0.0,0.0
2023-11-30 00:00:00-05:00,76.9923556124318,77.732483093879,76.90695962891179,77.31497955322266,8366100,0.0,0.0
2023-12-01 00:00:00-05:00,77.31497197034335,78.19743324384251,77.21059428556595,78.11203002929688,5487400,0.0,0.0
2023-12-04 00:00:00-05:00,77.87480190186737,78.93755311843796,77.75144975863165,78.880615234375,5525300,0.0,0.0
2023-12-05 00:00:00-05:00,78.69084934732878,79.08937837804153,78.43465418169947,78.46311950683594,5945700,0.0,0.0
2023-12-06 00:00:00-05:00,78.39669783580648,79.16529057046893,78.12152096106782,78.48209381103516,6125800,0.0,0.0
2023-12-07 00:00:00-05:00,78.75727816154621,78.899612039839,77.26753234613881,77.33395385742188,5443900,0.0,0.0
2023-12-08 00:00:00-05:00,77.51424386969511,77.90328208141827,77.0113371075301,77.16315460205078,5535000,0.0,0.0
2023-12-11 00:00:00-05:00,77.17263797138808,78.08356456835004,77.17263797138808,77.70401000976562,5897300,0.0,0.0
2023-12-12 00:00:00-05:00,77.05876162635884,77.40985082438118,76.77410116580589,76.89745330810547,6811200,0.0,0.0
2023-12-13 00:00:00-05:00,77.0398028595589,79.13683314244936,76.40404583200967,78.96603393554688,8057900,0.0,0.0
2023-12-14 00:00:00-05:00,79.58280114841644,79.79154927835197,77.24855038469087,77.67554473876953,11124700,0.0,0.0
2023-12-15 00:00:00-05:00,77.56167565480257,77.7988963474923,75.59748860890763,76.17630767822266,19196600,0.0,0.0
2023-12-18 00:00:00-05:00,76.25222034050304,77.32445526953926,76.25222034050304,76.56535339355469,7701100,0.0,0.0
2023-12-19 00:00:00-05:00,76.78360039858927,78.43466181111576,76.78360039858927,78.3967056274414,9912600,0.0,0.0
2023-12-20 00:00:00-05:00,77.9981689652303,78.66239131741995,77.39088450799517,77.466796875,6961800,0.0,0.0
2023-12-21 00:00:00-05:00,77.84634404820682,78.74777979238428,77.21059432381215,77.81787872314453,7732800,0.0,0.0
2023-12-22 00:00:00-05:00,77.8937842392786,79.5733108204978,77.84634444373411,78.97551727294922,9769500,0.0,0.0
2023-12-26 00:00:00-05:00,78.89960511877621,79.99082177076383,78.83318361331963,79.75360107421875,4442600,0.0,0.0
2023-12-27 00:00:00-05:00,79.61126699196747,80.15212988904375,79.42148609160668,79.86746215820312,5440600,0.0,0.0
2023-12-28 00:00:00-05:00,79.86746215820312,80.28497289959573,79.79154979805881,79.86746215820312,4622700,0.0,0.0
2023-12-29 00:00:00-05:00,79.90542602826987,80.09520694689493,79.49740610247828,79.83900451660156,4624800,0.0,0.0
2024-01-02 00:00:00-05:00,79.75361634329832,81.62290970885871,79.66821311170278,80.86380767822266,10455600,0.0,0.0
2024-01-03 00:00:00-05:00,81.11049642689224,82.4579081241929,80.98713704260665,81.23384857177734,9957500,0.0,0.0
2024-01-04 00:00:00-05:00,81.59443683955448,82.16376511978146,80.97766151955778,81.0440902709961,6656500,0.0,0.0
2024-01-05 00:00:00-05:00,81.3762051601601,81.3762051601601,80.52220904320527,81.015625,6796100,0.0,0.0
2024-01-08 00:00:00-05:00,80.5696485356263,81.77472660370023,80.38935847244444,81.45210266113281,7625700,0.0,0.0
2024-01-09 00:00:00-05:00,81.37619786878146,81.58495326082159,80.62657952436548,81.41415405273438,5400500,0.0,0.0
2024-01-10 00:00:00-05:00,81.41414643508686,82.04040531320845,81.28130342338224,81.6798324584961,5706500,0.0,0.0
2024-01-11 00:00:00-05:00,81.51853149089563,81.61341833077684,80.39884940573278,80.95868682861328,5860100,0.0,0.0
2024-01-12 00:00:00-05:00,82.1353075103304,82.29662311706583,81.59444450737698,81.91706848144531,5277300,0.0,0.0
2024-01-16 00:00:00-05:00,81.7082975349969,81.86960587166087,80.6929932404044,81.12947845458984,9568200,0.0,0.0
2024-01-17 00:00:00-05:00,81.06306464811401,82.37252041503929,80.57913235275825,80.7024917602539,7669600,0.0,0.0
2024-01-18 00:00:00-05:00,80.7024917413308,81.4521028449429,80.46527102162013,81.10102081298828,6594800,0.0,0.0
2024-01-19 00:00:00-05:00,81.21487437627599,81.41414613249346,80.11417410632856,81.15794372558594,7509600,0.0,0.0
2024-01-22 00:00:00-05:00,81.42362949967308,81.77471873646027,80.66452761498344,80.67401123046875,14052800,0.0,0.0
2024-01-23 00:00:00-05:00,83.71994039256789,87.6577985861989,83.4637379587459,84.97246551513672,19434800,0.0,0.0
2024-01-24 00:00:00-05:00,85.04836272715548,85.44689900495675,84.16590143389756,84.91551971435547,12872300,0.0,0.0
2024-01-25 00:00:00-05:00,85.63666569963912,86.45270542008413,85.00091601306471,86.29139709472656,10584600,0.0,0.0
2024-01-26 00:00:00-05:00,86.05418395205484,86.55709068069282,85.53229551324112,85.78849792480469,5987400,0.0,0.0
2024-01-29 00:00:00-05:00,85.81697073338901,86.04470059954564,85.1147921836864,85.47537231445312,8488700,0.0,0.0
2024-01-30 00:00:00-05:00,85.55126941464194,86.43372339343256,85.45637535122732,85.9687728881836,9073500,0.0,0.0
2024-01-31 00:00:00-05:00,86.21549242264135,87.16437522963551,86.05418408290865,86.46220397949219,5560700,0.0,0.0
2024-02-01 00:00:00-05:00,87.01255053359321,87.46801746643348,86.12060561752467,87.45852661132812,13827100,0.0,0.0
2024-02-02 00:00:00-05:00,87.5249483366993,87.96143356041819,86.7753300483338,87.27824401855469,6067800,0.0,0.0
2024-02-05 00:00:00-05:00,86.59505457134551,87.91400120933773,86.24396529584901,87.52495574951172,6764600,0.0,0.0
2024-02-06 00:00:00-05:00,86.77533745064086,87.93297573549093,86.52863311145131,87.56291198730469,4718000,0.0,0.0
2024-02-07 00:00:00-05:00,87.84755672026061,88.06579567382292,87.12640388541989,87.23078155517578,4625200,0.0,0.0
2024-02-08 00:00:00-05:00,87.15487656267817,87.66727410125601,86.28190619594582,86.38628387451172,6197500,0.0,0.0
2024-02-09 00:00:00-05:00,86.4716797287965,86.92714662005609,85.71257789589805,85.88337707519531,5948100,0.0,0.0
2024-02-12 00:00:00-05:00,85.88339987593521,87.21183748543834,85.6177138019151,86.48119354248047,5483500,0.0,0.0
2024-02-13 00:00:00-05:00,86.53811631987108,87.03153947472704,85.26661672736134,85.95929718017578,6039600,0.0,0.0
2024-02-14 00:00:00-05:00,86.31038674525563,86.91767121527838,86.21549990420243,86.7184066772461,6677900,0.0,0.0
2024-02-15 00:00:00-05:00,86.7373885334184,87.53444668687375,86.63301083626563,87.09796142578125,5267200,0.0,0.0
2024-02-16 00:00:00-05:00,86.6804429121564,87.38261416182274,86.3008883417363,86.35782623291016,4949800,0.0,0.0
2024-02-20 00:00:00-05:00,86.82277683619301,87.572395122414,85.94980639125264,86.32936096191406,6023700,0.0,0.0
2024-02-21 00:00:00-05:00,86.319861999026,86.77532164951862,85.40893545864016,85.59870910644531,13186100,0.0,0.0
2024-02-22 00:00:00-05:00,85.69424095849348,85.79930581226962,84.91103486756509,85.51276397705078,7600000,0.59,0.0
2024-02-23 00:00:00-05:00,85.48409617529248,86.42967240545794,85.28351984083679,85.9712142944336,5810000,0.0,0.0
2024-02-26 00:00:00-05:00,86.01897235612738,86.77352564011841,85.89480812726586,85.98076629638672,5293500,0.0,0.0
2024-02-27 00:00:00-05:00,85.99032349594933,86.4201362220441,85.43634653541531,86.36282348632812,4853900,0.0,0.0
2024-02-28 00:00:00-05:00,86.35327266795842,87.15557805306875,85.52230727304209,85.88525390625,5626100,0.0,0.0
2024-02-29 00:00:00-05:00,86.35327795622315,86.49654157872294,85.24532402848375,85.64647674560547,5874800,0.0,0.0
2024-03-01 00:00:00-05:00,85.6942482662079,85.99988951587665,84.95879422705791,85.77066040039062,13566500,0.0,0.0
2024-03-04 00:00:00-05:00,86.04761822885222,86.09537762149107,85.14024806519579,85.87570190429688,6926100,0.0,0.0
2024-03-05 00:00:00-05:00,85.68468038272378,86.78308094219534,85.57961553782279,86.01897430419922,6747600,0.0,0.0
2024-03-06 00:00:00-05:00,85.82795338553322,86.67801821536919,85.71333520091468,86.21000671386719,5563800,0.0,0.0
2024-03-07 00:00:00-05:00,86.46789283646471,87.14603406675279,85.99032797397497,86.48699951171875,6778500,0.0,0.0
2024-03-08 00:00:00-05:00,86.22911627142622,86.83085270281907,86.09539868379714,86.80219268798828,5727600,0.0,0.0
2024-03-11 00:00:00-04:00,86.14315254553699,87.70956471731684,86.14315254553699,87.29885864257812,7273200,0.0,0.0
2024-03-12 00:00:00-04:00,86.79263473655453,86.97410441656281,85.42679903270395,85.91390991210938,9439800,0.0,0.0
2024-03-13 00:00:00-04:00,86.02852478038014,86.6493604922245,85.78974237482927,86.49653625488281,8664500,0.0,0.0
2024-03-14 00:00:00-04:00,87.92923472288494,88.82705894081292,87.3752650547538,87.6427001953125,12161400,0.0,0.0
2024-03-15 00:00:00-04:00,86.96455186966774,88.89391043039886,86.96455186966774,88.76019287109375,35743600,0.0,0.0
2024-03-18 00:00:00-04:00,88.67423543581297,89.70577723262114,88.20622393593302,89.26641845703125,7075400,0.0,0.0
2024-03-19 00:00:00-04:00,90.21200048888583,91.10982477097834,89.81084774937872,90.60360717773438,7998800,0.0,0.0
2024-03-20 00:00:00-04:00,90.73731845398945,91.23398267500967,90.10692937536189,90.59404754638672,7854200,0.0,0.0
2024-03-21 00:00:00-04:00,90.73732681594518,91.20533835598698,89.85860918935927,90.03053283691406,6477500,0.0,0.0
2024-03-22 00:00:00-04:00,89.96366630263117,91.5300783846208,89.96366630263117,91.25308990478516,6802000,0.0,0.0
2024-03-25 00:00:00-04:00,91.41546241761694,91.9216799910539,90.9952030191132,91.33905029296875,5229300,0.0,0.0
2024-03-26 00:00:00-04:00,91.3390498004323,92.21777465502542,91.29129768808066,91.749755859375,5474300,0.0,0.0
2024-03-27 00:00:00-04:00,92.1031558757062,93.12514434783589,92.00764436455654,93.07738494873047,7267800,0.0,0.0
2024-03-28 00:00:00-04:00,93.30662521822872,93.67912522821787,93.09649551268375,93.15380096435547,10701000,0.0,0.0
2024-04-01 00:00:00-04:00,93.08693231895138,93.76507347782353,92.78129113062786,93.37347412109375,9504500,0.0,0.0
2024-04-02 00:00:00-04:00,93.37349071659114,94.27130776789102,93.20156706216146,94.12804412841797,6759600,0.0,0.0
2024-04-03 00:00:00-04:00,92.90544731666097,93.66000052906587,92.67621826702533,93.17288970947266,15885400,0.0,0.0
2024-04-04 00:00:00-04:00,93.87014519307198,94.88258033720487,93.50719853256767,94.85392761230469,13373200,0.0,0.0
2024-04-05 00:00:00-04:00,94.98764057240831,97.18444167748542,94.98764057240831,97.12713623046875,10216500,0.0,0.0
2024-04-08 00:00:00-04:00,97.12714694026728,97.67157060813963,96.72598690573366,97.3086166381836,9901300,0.0,0.0
2024-04-09 00:00:00-04:00,96.53495826836418,97.07938190464577,95.78995826998529,97.04117584228516,9652900,0.0,0.0
2024-04-10 00:00:00-04:00,96.39168367135959,97.19399637613878,95.73264916025137,96.81194305419922,5532900,0.0,0.0
2024-04-11 00:00:00-04:00,96.80238869762547,97.01251838683207,95.31238877352189,96.25796508789062,6786100,0.0,0.0
2024-04-12 00:00:00-04:00,97.1557951119099,97.75752420490645,95.00675326784328,95.60848236083984,7327300,0.0,0.0
2024-04-15 00:00:00-04:00,97.00297465768116,97.25131043198203,95.41746306882564,95.53207397460938,9636600,0.0,0.0
2024-04-16 00:00:00-04:00,95.75175406474848,96.77374256976758,95.73265467672837,96.31527709960938,7088600,0.0,0.0
2024-04-17 00:00:00-04:00,96.7164348959501,97.22265246805559,95.6562403521943,96.22931671142578,5377600,0.0,0.0
2024-04-18 00:00:00-04:00,96.0096393484878,97.3277230683714,96.00009329766378,96.19111633300781,4238600,0.0,0.0
2024-04-19 00:00:00-04:00,96.9743074829012,97.67155529980222,96.49674268112423,97.00296020507812,10328800,0.0,0.0
2024-04-22 00:00:00-04:00,97.42321956250125,97.66200196338973,96.82149053560407,97.00296020507812,7594100,0.0,0.0
2024-04-23 00:00:00-04:00,96.46810799363851,99.22843248098658,95.39836001432715,96.8310546875,8568200,0.0,0.0
2024-04-24 00:00:00-04:00,97.15579302981692,97.31816332788311,95.52252213777541,96.48719787597656,7722100,0.0,0.0
2024-04-25 00:00:00-04:00,96.37258751463548,97.30861053334678,96.07649235450084,97.146240234375,6186100,0.0,0.0
2024-04-26 00:00:00-04:00,96.98387493655328,97.23221071000269,95.78996275832172,96.85971069335938,4428300,0.0,0.0
2024-04-29 00:00:00-04:00,97.27996027794276,98.0058609036795,97.08893724925167,97.84349060058594,4469700,0.0,0.0
2024-04-30 00:00:00-04:00,97.74796585597197,98.2064312988413,96.9170077159215,96.96475982666016,5421800,0.0,0.0
2024-05-01 00:00:00-04:00,96.77372652524359,97.45186763697752,96.60180291332088,96.67821502685547,9982500,0.0,0.0
2024-05-02 00:00:00-04:00,96.65911163212276,97.33726005390922,96.48718801437106,97.31815338134766,6084400,0.0,0.0
2024-05-03 00:00:00-04:00,97.42322741291072,97.58559770970423,96.15290318892613,96.85015106201172,13324700,0.0,0.0
2024-05-06 00:00:00-04:00,97.22264683461903,97.47098258115231,97.060276544873,97.33726501464844,3408700,0.0,0.0
2024-05-07 00:00:00-04:00,97.68111439463829,98.62669807512465,97.53785076462054,98.5980453491211,6933000,0.0,0.0
2024-05-08 00:00:00-04:00,98.60759649287637,99.41945534884316,98.19689039580209,99.27619171142578,5177600,0.0,0.0
2024-05-09 00:00:00-04:00,99.43854839904523,101.01451377823759,99.40989567548807,100.99540710449219,7211300,0.0,0.0
2024-05-10 00:00:00-04:00,101.24374387135084,101.74996142477784,100.80438510258287,101.54938507080078,5626100,0.0,0.0
2024-05-13 00:00:00-04:00,101.66400150459661,102.9820777882293,100.93810093574079,101.05271911621094,6045500,0.0,0.0
2024-05-14 00:00:00-04:00,101.05271788944232,101.52072936832393,100.90944698735916,100.95719909667969,3726200,0.0,0.0
2024-05-15 00:00:00-04:00,100.75661183802434,101.2246305532867,100.42231796073693,100.62289428710938,5688300,0.0,0.0
2024-05-16 00:00:00-04:00,100.4115195150094,101.2378732764375,100.07521445649807,100.16168975830078,8723800,0.63,0.0
2024-05-17 00:00:00-04:00,100.59409076835894,100.68056607231793,99.65242925014616,100.10404205322266,8500900,0.0,0.0
2024-05-20 00:00:00-04:00,100.32503589435973,101.29551507832123,100.26737836703836,100.91116333007812,4412800,0.0,0.0
2024-05-21 00:00:00-04:00,101.08414058362023,101.78558320813946,100.98805446090697,101.30514526367188,4754800,0.0,0.0
2024-05-22 00:00:00-04:00,101.49730001568433,102.28521781557474,101.28591351450883,102.15069580078125,3626300,0.0,0.0
2024-05-23 00:00:00-04:00,102.27562777092974,103.12119587940063,101.21865847171493,101.28592681884766,5787100,0.0,0.0
2024-05-24 00:00:00-04:00,101.68948617974975,102.40053220865339,101.68948617974975,102.11226654052734,3431300,0.0,0.0
2024-05-28 00:00:00-04:00,101.88164256034918,102.18912247077871,101.16098583300816,101.39159393310547,5137200,0.0,0.0
2024-05-29 00:00:00-04:00,100.91117383377664,101.10335339335181,100.41152164068244,100.4787826538086,4796800,0.0,0.0
2024-05-30 00:00:00-04:00,100.79586061451089,101.70868958101579,100.48838068918191,101.58377838134766,4391300,0.0,0.0
2024-05-31 00:00:00-04:00,101.67988481788802,103.65928677486221,101.33396891635257,103.59202575683594,10411800,0.0,0.0
2024-06-03 00:00:00-04:00,103.04431668620481,104.39915505604212,102.64075061766194,103.16923522949219,5908800,0.0,0.0
2024-06-04 00:00:00-04:00,103.20767783334831,104.149332054347,102.73684339194807,103.67850494384766,7998000,0.0,0.0
2024-06-05 00:00:00-04:00,103.7841879567338,104.27422929279085,103.27492500108633,104.1973648071289,3141000,0.0,0.0
2024-06-06 00:00:00-04:00,104.13972779034667,104.22621043373714,103.53437861021884,103.94755554199219,3875000,0.0,0.0
2024-06-07 00:00:00-04:00,103.8706687307135,104.31267070290714,103.65927488946865,103.88027954101562,3526500,0.0,0.0
2024-06-10 00:00:00-04:00,103.77458511737257,103.87067123000485,102.49661855975177,102.90018463134766,5917400,0.0,0.0
2024-06-11 00:00:00-04:00,102.22757629081072,102.95784395514383,101.98735733959988,102.7368392944336,5769500,0.0,0.0
2024-06-12 00:00:00-04:00,102.82333553366225,103.50555656565872,102.41015858967546,102.59272003173828,3429800,0.0,0.0
2024-06-13 00:00:00-04:00,102.40054134801868,102.67919623050399,99.77734699283013,100.92079162597656,7112900,0.0,0.0
2024-06-14 00:00:00-04:00,100.49800053778306,100.8823523397759,99.39299918704236,100.15209197998047,4917200,0.0,0.0
2024-06-17 00:00:00-04:00,99.93108525086956,100.4019123498801,99.42182223936213,100.38269805908203,3943500,0.0,0.0
2024-06-18 00:00:00-04:00,100.47879485005012,101.18984097953438,100.29622607901844,100.67096710205078,3991300,0.0,0.0
2024-06-20 00:00:00-04:00,100.5364255872396,101.59339476123043,100.45956109986761,100.95921325683594,6996400,0.0,0.0
2024-06-21 00:00:00-04:00,101.07452232397874,102.03539807241577,100.58447363962381,101.47808837890625,13310900,0.0,0.0
2024-06-24 00:00:00-04:00,101.60300314313321,103.27493228217844,96.99080378775093,97.97089385986328,13704800,0.0,0.0
2024-06-25 00:00:00-04:00,97.42320294049104,98.68194797225652,96.1164111833249,97.59616088867188,9330900,0.0,0.0
2024-06-26 00:00:00-04:00,96.98119566171295,97.4231976539904,96.23171370389898,97.29828643798828,6953800,0.0,0.0
2024-06-27 00:00:00-04:00,97.50006200034129,97.79793113229394,96.50075035626456,96.68331909179688,6955400,0.0,0.0
2024-06-28 00:00:00-04:00,96.9523517817749,96.9523517817749,96.1452124467628,96.4623031616211,13853200,0.0,0.0
2024-07-01 00:00:00-04:00,96.93315649724192,97.70186013647287,95.42458165324467,95.65519714355469,4475200,0.0,0.0
2024-07-02 00:00:00-04:00,95.4053533940421,96.69292337072022,95.1939595576561,96.48153686523438,8299900,0.0,0.0
2024-07-03 00:00:00-04:00,96.95235813046075,97.08688013995507,96.45269866871067,96.79861450195312,2149200,0.0,0.0
2024-07-05 00:00:00-04:00,96.55840037178814,96.63527218985631,95.66478564672082,96.44309997558594,6153300,0.0,0.0
2024-07-08 00:00:00-04:00,96.71213934527073,97.25022738400568,96.06835439451288,96.18365478515625,8738100,0.0,0.0
2024-07-09 00:00:00-04:00,96.31818733833187,97.70185082471302,96.10679349114581,97.1541519165039,5648900,0.0,0.0
2024-07-10 00:00:00-04:00,96.95238356426229,97.22142765383006,95.53028395110204,96.7409896850586,6483600,0.0,0.0
2024-07-11 00:00:00-04:00,96.58722488009707,98.63389487096903,96.29896656045455,97.74028015136719,7592400,0.0,0.0
2024-07-12 00:00:00-04:00,98.0093289838954,98.82607192591446,97.06766749943436,97.31749725341797,6003000,0.0,0.0
2024-07-15 00:00:00-04:00,98.2879728647702,98.63388869138902,97.54809449581899,97.6441879272461,3776300,0.0,0.0
2024-07-16 00:00:00-04:00,97.88441346229727,99.6332070013787,97.76910573532815,99.62359619140625,4341200,0.0,0.0
2024-07-17 00:00:00-04:00,99.75811664803874,101.16099431518357,99.75811664803874,100.88233947753906,5433000,0.0,0.0
2024-07-18 00:00:00-04:00,100.89195552909236,101.33395750217844,99.71968592047695,99.77733612060547,4450100,0.0,0.0
2024-07-19 00:00:00-04:00,100.41152595908787,100.41152595908787,98.62429629812868,98.78764343261719,7229600,0.0,0.0
2024-07-22 00:00:00-04:00,98.66273185771928,99.75812973232541,98.6050816530245,99.7100830078125,6207900,0.0,0.0
2024-07-23 00:00:00-04:00,99.7100884477883,101.44927880360996,99.56596292818817,100.86314392089844,7602000,0.0,0.0
2024-07-24 00:00:00-04:00,100.94000101682389,101.71830803265324,99.9502928310048,100.72860717773438,7180200,0.0,0.0
2024-07-25 00:00:00-04:00,105.91734306210252,111.28863528568219,105.16785377729784,109.03057861328125,14997000,0.0,0.0
2024-07-26 00:00:00-04:00,109.50140158181122,110.72171791180942,109.05939960848049,109.49179077148438,7526300,0.0,0.0
2024-07-29 00:00:00-04:00,109.53985111880895,110.14520028849897,108.86724093026447,109.96263885498047,4138900,0.0,0.0
2024-07-30 00:00:00-04:00,110.69288780730533,112.45129225815883,110.0779278896681,112.30715942382812,6074400,0.0,0.0
2024-07-31 00:00:00-04:00,112.90290609870394,113.59473784518902,111.90359439054777,112.89329528808594,6780400,0.0,0.0
2024-08-01 00:00:00-04:00,113.11429944149498,113.37373267981745,111.51924210745891,112.17263793945312,5135100,0.0,0.0
2024-08-02 00:00:00-04:00,111.7018077844721,113.67160603690247,110.56797408748832,111.8843765258789,4578400,0.0,0.0
2024-08-05 00:00:00-04:00,110.60640467331554,111.88437113984213,109.89535869343982,110.66405487060547,5888600,0.0,0.0
2024-08-06 00:00:00-04:00,111.06763156696536,112.2495120410739,109.655150281578,109.9241943359375,4642400,0.0,0.0
2024-08-07 00:00:00-04:00,109.82811569688207,111.44238746382237,109.1651089957223,109.6839828491211,5553200,0.0,0.0
2024-08-08 00:00:00-04:00,109.44376129416287,111.30785546688756,109.2515817247215,110.59680938720703,8889100,0.0,0.0
2024-08-09 00:00:00-04:00,110.53915540092402,111.7402501779713,110.37580827066176,111.60572814941406,5534300,0.0,0.0
2024-08-12 00:00:00-04:00,112.28794621493034,112.845255936562,111.23098430449481,112.03811645507812,8602000,0.0,0.0
2024-08-13 00:00:00-04:00,112.22068759441613,112.6723004015405,111.52885583294055,112.28794860839844,5911900,0.0,0.0
2024-08-14 00:00:00-04:00,112.26872843949796,113.22000078928666,112.08616701684119,113.04704284667969,5826700,0.0,0.0
2024-08-15 00:00:00-04:00,113.8733961456857,114.33461243667405,112.93173461099163,113.72926330566406,5629900,0.0,0.0
2024-08-16 00:00:00-04:00,113.8645119030229,114.58902519679852,113.57470363746052,113.94178771972656,5251500,0.63,0.0
2024-08-19 00:00:00-04:00,113.99008894256075,114.49241490521307,113.97077183135997,114.32819366455078,5389900,0.0,0.0
2024-08-20 00:00:00-04:00,114.30887917212297,114.64698390185886,113.25591601936796,113.94178771972656,6129200,0.0,0.0
2024-08-21 00:00:00-04:00,114.47308250631136,114.60832437704603,112.97575231872565,113.27522277832031,3050900,0.0,0.0
2024-08-22 00:00:00-04:00,113.37182401301583,114.04803337236343,113.19794055345082,114.00939178466797,3743600,0.0,0.0
2024-08-23 00:00:00-04:00,114.27022120539726,114.84983028334189,113.90313717572916,114.49240112304688,3427500,0.0,0.0
2024-08-26 00:00:00-04:00,114.65664304210226,115.66130233338457,114.36683478437712,114.66629791259766,6260400,0.0,0.0
2024-08-27 00:00:00-04:00,114.64698660090696,115.5260589189156,114.36684056963614,115.42945861816406,4101200,0.0,0.0
2024-08-28 00:00:00-04:00,115.69993528192441,117.22624499823125,115.61299722764203,116.73357391357422,4287200,0.0,0.0
2024-08-29 00:00:00-04:00,116.97508217526847,118.56901288726905,116.44377685135514,118.13430786132812,3547800,0.0,0.0
2024-08-30 00:00:00-04:00,117.9024642474616,119.49638757007128,117.81551882124586,119.14862060546875,6372000,0.0,0.0
2024-09-03 00:00:00-04:00,118.93609365006282,119.45774405639423,116.57900826666818,116.87847137451172,5543900,0.0,0.0
2024-09-04 00:00:00-04:00,116.98473778412549,118.16328051491476,116.66595018577169,116.99440002441406,4484200,0.0,0.0
2024-09-05 00:00:00-04:00,117.07167099325031,117.47739660148524,114.61798549515039,115.5743408203125,5764500,0.0,0.0
2024-09-06 00:00:00-04:00,115.5840187720867,116.66595387445814,114.05770904394969,114.4151382446289,3983700,0.0,0.0
2024-09-09 00:00:00-04:00,115.57435076956281,117.2069229524527,115.12032129596884,117.0427017211914,4492000,0.0,0.0
2024-09-10 00:00:00-04:00,117.38079441207024,117.57399497376835,115.83516780809839,116.2119140625,3806700,0.0,0.0
2024-09-11 00:00:00-04:00,115.79653912122096,115.79653912122096,113.36217049991893,115.20726776123047,4857200,0.0,0.0
2024-09-12 00:00:00-04:00,114.95610455434203,116.06702636649824,114.76290396532792,116.01872253417969,4229700,0.0,0.0
2024-09-13 00:00:00-04:00,115.82551404833997,116.1153149121029,114.84983418904017,115.072021484375,4708000,0.0,0.0
2024-09-16 00:00:00-04:00,115.89313733089004,116.45342933034523,114.04804010272443,115.14929962158203,6025400,0.0,0.0
2024-09-17 00:00:00-04:00,114.4730870593379,114.99473745440359,113.74857385010158,114.69527435302734,5101500,0.0,0.0
2024-09-18 00:00:00-04:00,114.92712907221336,115.54537982202896,113.76790338871137,114.02873229980469,4434800,0.0,0.0
2024-09-19 00:00:00-04:00,114.66629415978339,115.15896523373986,113.27523373056792,114.78221893310547,5270600,0.0,0.0
2024-09-20 00:00:00-04:00,114.1832833378872,114.84983787515527,113.85484087438859,114.1349868774414,16958300,0.0,0.0
2024-09-23 00:00:00-04:00,114.63731088138033,116.38580781096589,114.19294365406506,116.18293762207031,6755400,0.0,0.0
2024-09-24 00:00:00-04:00,116.04770007658794,116.16362485026741,115.03338594487978,115.96076202392578,5844600,0.0,0.0
2024-09-25 00:00:00-04:00,116.4147957377389,117.32284736909787,116.2698916079074,116.79154205322266,5713600,0.0,0.0
2024-09-26 00:00:00-04:00,116.15395614069898,117.73822444209918,116.04769361327695,116.23123931884766,6202600,0.0,0.0
2024-09-27 00:00:00-04:00,115.864168871008,117.11998749767362,115.55504349227628,116.29887390136719,7941800,0.0,0.0
2024-09-30 00:00:00-04:00,116.57901000748507,117.16828136213303,115.69993041050444,117.0427017211914,5475700,0.0,0.0
2024-10-01 00:00:00-04:00,117.06201761737653,120.35613392907455,116.05735838987239,120.16293334960938,7206900,0.0,0.0
2024-10-02 00:00:00-04:00,120.96473021300936,121.2641933233466,119.43842057104786,119.8248291015625,3802900,0.0,0.0
2024-10-03 00:00:00-04:00,120.26919600603935,120.65560453550638,119.01337012780394,119.46739959716797,4765700,0.0,0.0
2024-10-04 00:00:00-04:00,119.49638766007863,120.732896518558,118.96508234218528,120.66527557373047,3055900,0.0,0.0
2024-10-07 00:00:00-04:00,120.60730626249102,121.40910270830507,120.0276971266499,120.8005142211914,4606100,0.0,0.0
2024-10-08 00:00:00-04:00,121.16759894256761,121.66027002725448,119.08099719810325,119.30318450927734,3194500,0.0,0.0
2024-10-09 00:00:00-04:00,118.84915005415598,120.50103934781953,118.43376217071102,119.73788452148438,3210400,0.0,0.0
2024-10-10 00:00:00-04:00,119.42876184098904,119.85381197406028,118.25022647497052,118.76221466064453,2785300,0.0,0.0
2024-10-11 00:00:00-04:00,118.8201701909651,119.71856689453125,118.72356990060815,119.71856689453125,2556200,0.0,0.0
2024-10-14 00:00:00-04:00,119.53503203052652,120.58799519031483,119.08100251750692,120.40444946289062,1929700,0.0,0.0
2024-10-15 00:00:00-04:00,121.68925562633476,122.51036922954965,120.46240897188989,120.78119659423828,7521300,0.0,0.0
2024-10-16 00:00:00-04:00,120.53003306597596,121.95008035703452,119.9794032357829,121.9307632446289,3127400,0.0,0.0
2024-10-17 00:00:00-04:00,122.17225662299856,122.68424481189038,120.87778910511418,121.47672271728516,2463700,0.0,0.0
2024-10-18 00:00:00-04:00,121.86314038887075,121.97905780175162,120.79086009893943,121.64095306396484,4356300,0.0,0.0
2024-10-21 00:00:00-04:00,121.62162780761719,122.13361600057115,120.46240216552083,121.62162780761719,4768600,0.0,0.0
2024-10-22 00:00:00-04:00,123.64059313489574,124.32646476076192,119.33215543359793,121.26419067382812,5746100,0.0,0.0
2024-10-23 00:00:00-04:00,122.59731457940153,123.16726150675055,121.36080568473791,122.88711547851562,5451400,0.0,0.0
2024-10-24 00:00:00-04:00,122.08530808565196,122.37511632901696,120.86813115183038,120.91642761230469,4171800,0.0,0.0
2024-10-25 00:00:00-04:00,121.77617876030718,121.95972446646053,120.55900186618469,120.90676879882812,4716200,0.0,0.0
2024-10-28 00:00:00-04:00,120.9744019437131,121.63129428608346,120.39478541740435,121.1676025390625,4453200,0.0,0.0
2024-10-29 00:00:00-04:00,121.14827849733602,121.2352165492309,118.51104703790995,118.6173095703125,5102700,0.0,0.0
2024-10-30 00:00:00-04:00,118.18260221672661,118.63663171623976,117.61265530976681,117.71891784667969,4852100,0.0,0.0
2024-10-31 00:00:00-04:00,117.1779418524849,117.94108929698106,116.48240797737635,116.87847137451172,4112700,0.0,0.0
2024-11-01 00:00:00-04:00,117.37114042583265,117.4870651930801,114.70492974017746,114.71459197998047,5234900,0.0,0.0
2024-11-04 00:00:00-05:00,115.02372036952627,115.56468789075241,113.82586055675569,113.99008178710938,6856100,0.0,0.0
2024-11-05 00:00:00-05:00,114.46343648155384,115.05270787471365,113.70028160565623,114.9367904663086,8093600,0.0,0.0
2024-11-06 00:00:00-05:00,118.38546754863911,118.68493066572739,116.1732862159547,117.45808410644531,9631900,0.0,0.0
2024-11-07 00:00:00-05:00,117.85416483736135,118.09566927350349,115.8834877540259,115.9994125366211,4415200,0.0,0.0
2024-11-08 00:00:00-05:00,116.83983436522547,119.99871627682579,116.79153790375102,119.35148620605469,6381600,0.0,0.0
2024-11-11 00:00:00-05:00,119.86347172239327,121.27385660629008,119.80550565173328,120.32715606689453,4012300,0.0,0.0
2024-11-12 00:00:00-05:00,120.6459483163906,121.02269462463704,118.1439660452089,119.17760467529297,3896200,0.0,0.0
2024-11-13 00:00:00-05:00,119.18726378308911,119.73789358934332,118.78153810903449,119.54469299316406,2802500,0.0,0.0
2024-11-14 00:00:00-05:00,119.01336897107966,119.30317720789562,113.56503013192459,114.87881469726562,6113200,0.0,0.0
2024-11-15 00:00:00-05:00,114.74286121365756,115.42267206126508,113.75227122499228,115.11190032958984,6970500,0.63,0.0
2024-11-18 00:00:00-05:00,114.95650766019284,116.26757555180892,114.95650766019284,115.94709014892578,4462300,0.0,0.0
2024-11-19 00:00:00-05:00,117.74374465204781,117.8505731245405,115.082761358553,115.52949523925781,4654100,0.0,0.0
2024-11-20 00:00:00-05:00,115.42266804547695,115.840268240016,114.27669593553601,115.71401977539062,3990700,0.0,0.0
2024-11-21 00:00:00-05:00,116.15104063025494,117.39412752087023,115.43238241087717,117.0542221069336,4847900,0.0,0.0
2024-11-22 00:00:00-05:00,117.2387464270792,118.36529115339378,117.02508947655858,117.28730010986328,3585200,0.0,0.0
2024-11-25 00:00:00-05:00,116.88912642104465,117.5106698672614,114.61660217569153,115.22843933105469,8322400,0.0,0.0
2024-11-26 00:00:00-05:00,115.44209151980805,117.54951241178244,115.17015979009152,117.13191223144531,3175800,0.0,0.0
2024-11-27 00:00:00-05:00,117.5495234743914,118.23904803995434,116.85999890882849,116.86970520019531,3604000,0.0,0.0
2024-11-29 00:00:00-05:00,117.19989590837446,118.35558170478511,117.18047591765543,118.31673431396484,2728600,0.0,0.0
2024-12-02 00:00:00-05:00,118.31673178427846,118.47211393485514,115.12160619910215,115.257568359375,4468700,0.0,0.0
2024-12-03 00:00:00-05:00,115.58775788594271,116.00535805874891,114.4903469245598,114.69429016113281,3620300,0.0,0.0
2024-12-04 00:00:00-05:00,114.36410735297393,115.92767969757692,114.11160300786136,115.79171752929688,3774300,0.0,0.0
2024-12-05 00:00:00-05:00,115.37410456743831,115.57804779730893,114.29611363142102,115.1021728515625,3328800,0.0,0.0
2024-12-06 00:00:00-05:00,114.61659706893361,114.93708247799863,114.01448105001606,114.58746337890625,4792100,0.0,0.0
2024-12-09 00:00:00-05:00,113.96591624369765,114.45149748666984,110.92618033006914,113.21812438964844,7255400,0.0,0.0
2024-12-10 00:00:00-05:00,113.23755330270292,114.81083932128999,112.65485724709443,114.21842956542969,3725400,0.0,0.0
2024-12-11 00:00:00-05:00,114.44178937596594,114.57775894726947,112.94620559483046,113.5677490234375,4298000,0.0,0.0
2024-12-12 00:00:00-05:00,113.5677489786008,113.86880699282476,112.28581473143213,112.70341491699219,3848600,0.0,0.0
2024-12-13 00:00:00-05:00,112.90735531293721,114.52919492388199,112.62571729634614,114.35438537597656,5061600,0.0,0.0
2024-12-16 00:00:00-05:00,114.04361917572571,114.937086948432,113.43178943320815,114.70401000976562,3986400,0.0,0.0
2024-12-17 00:00:00-05:00,114.29613071441803,114.7234372273259,113.6260261379864,114.0339126586914,3012400,0.0,0.0
2024-12-18 00:00:00-05:00,113.49004891425038,114.06303122553494,111.0718563943151,111.14954376220703,4113600,0.0,0.0
2024-12-19 00:00:00-05:00,112.36350907666201,113.86881405997116,111.92648887344713,112.13043212890625,5446900,0.0,0.0
2024-12-20 00:00:00-05:00,111.62543376353659,113.41236942542736,111.29523462030205,113.12102508544922,13389200,0.0,0.0
2024-12-23 00:00:00-05:00,112.83938660303289,113.51919746975075,112.45092007517293,113.26669311523438,3588700,0.0,0.0
2024-12-24 00:00:00-05:00,112.60630202904329,113.587178342935,112.53832094249928,113.46092987060547,1663000,0.0,0.0
2024-12-26 00:00:00-05:00,113.40266077723044,114.22815496740503,113.03362163306261,113.66487884521484,2147000,0.0,0.0
2024-12-27 00:00:00-05:00,112.91706173511002,114.14072857187682,112.49946155959178,113.34437561035156,3847500,0.0,0.0
2024-12-30 00:00:00-05:00,112.11101107998066,112.57716497109642,111.22724957194232,111.89735412597656,2822000,0.0,0.0
2024-12-31 00:00:00-05:00,112.2372434629093,112.75195837321533,111.59628010214114,112.38291931152344,2445000,0.0,0.0
2025-01-02 00:00:00-05:00,113.59689655533818,114.06305047890167,112.20813366702589,112.66458129882812,3207500,0.0,0.0
2025-01-03 00:00:00-05:00,112.9462180908135,113.30554352591085,112.48977046412807,112.52861785888672,2902600,0.0,0.0
2025-01-06 00:00:00-05:00,112.92677350831177,112.92677350831177,110.4503135966204,110.80963897705078,3832300,0.0,0.0
2025-01-07 00:00:00-05:00,110.80964557489861,111.95561768132643,110.64454971949871,111.48946380615234,3588400,0.0,0.0
2025-01-08 00:00:00-05:00,111.6157148235404,112.84908803125778,111.11071354565314,112.57716369628906,4294200,0.0,0.0
2025-01-10 00:00:00-05:00,112.49946421386154,113.16956873232198,111.4991679908382,111.79051971435547,4287300,0.0,0.0
2025-01-13 00:00:00-05:00,111.27581086765109,114.5292040484512,111.27581086765109,114.34468078613281,5414900,0.0,0.0
2025-01-14 00:00:00-05:00,115.33526340006615,116.07334158339236,114.77198735801558,116.02478790283203,3804900,0.0,0.0
2025-01-15 00:00:00-05:00,116.68518381858154,116.89884076866096,114.76227867724917,115.65574645996094,4279600,0.0,0.0
2025-01-16 00:00:00-05:00,115.90825313862256,117.03480529470538,115.66546249216151,116.98624420166016,3896900,0.0,0.0
2025-01-17 00:00:00-05:00,117.12220531622835,117.85057724905239,116.4035470838024,117.61750030517578,4368600,0.0,0.0
2025-01-21 00:00:00-05:00,119.1907876195237,122.18196275778055,118.96741696427878,122.12369537353516,6071100,0.0,0.0
2025-01-22 00:00:00-05:00,122.05571193494391,122.24994148493789,120.0842531059138,120.79319763183594,5103800,0.0,0.0
2025-01-23 00:00:00-05:00,122.13340970630516,123.33764924636696,121.10397231988446,122.64812469482422,5501300,0.0,0.0
2025-01-24 00:00:00-05:00,121.90030858369303,122.63839412710017,121.47300214014705,121.69636535644531,3483000,0.0,0.0
2025-01-27 00:00:00-05:00,122.96861078519974,124.29909880201194,120.7932012316485,121.44388580322266,6207800,0.0,0.0
2025-01-28 00:00:00-05:00,127.39709677609973,128.6110499691275,122.49273032189689,124.64871978759766,8451600,0.0,0.0
2025-01-29 00:00:00-05:00,123.72610368796222,126.01804036588636,121.40502591122655,121.52156066894531,5179000,0.0,0.0
2025-01-30 00:00:00-05:00,122.03629923749024,125.49363581781921,121.92947075579399,125.26055145263672,4343600,0.0,0.0
2025-01-31 00:00:00-05:00,125.41593806064436,126.18314999738145,123.832945683845,125.23141479492188,5569300,0.0,0.0
2025-02-03 00:00:00-05:00,124.79438995790326,126.77555507588896,123.87178848227872,126.1734390258789,6067300,0.0,0.0
2025-02-04 00:00:00-05:00,125.80439504563253,126.69787766651184,124.32823858236469,124.66813659667969,4036800,0.0,0.0
2025-02-05 00:00:00-05:00,125.92094506487433,126.14430831147793,124.59044223887399,125.43536376953125,4881500,0.0,0.0
2025-02-06 00:00:00-05:00,125.33824667760405,126.0083512634178,123.85236903895864,125.06632232666016,3363300,0.0,0.0
2025-02-07 00:00:00-05:00,125.08574805837132,125.27997761805706,123.65813782559454,124.26025390625,3827300,0.0,0.0
2025-02-10 00:00:00-05:00,124.37681068581317,124.7944035223353,123.24054472689103,124.5516128540039,5344900,0.0,0.0
2025-02-11 00:00:00-05:00,125.37708112458077,125.68784541001722,124.11456694660504,125.38678741455078,3320600,0.0,0.0
2025-02-12 00:00:00-05:00,124.12428151842192,124.89150822137907,122.79379358435646,123.12398529052734,5154900,0.0,0.0
2025-02-13 00:00:00-05:00,123.86207084626204,123.95918561807633,121.65752773822885,122.21109008789062,6580400,0.0,0.0
2025-02-14 00:00:00-05:00,121.83234799287233,121.83234799287233,117.87971641684058,118.88002014160156,7715900,0.0,0.0
2025-02-18 00:00:00-05:00,120.6572320566056,121.7158030795024,119.85117277845626,120.19107818603516,5386200,0.0,0.0
2025-02-19 00:00:00-05:00,120.82234022687312,122.95889494075708,120.52127478846238,121.79350280761719,5124600,0.0,0.0
2025-02-20 00:00:00-05:00,121.16223845864889,121.69637340073378,119.63751359373117,121.50214385986328,3132000,0.0,0.0
2025-02-21 00:00:00-05:00,121.58022965727399,122.47822675458097,119.74520635681125,120.34061431884766,4846100,0.63,0.0
2025-02-24 00:00:00-05:00,122.00971438522548,123.21029325140417,121.6485629497677,122.42942810058594,4461000,0.0,0.0
2025-02-25 00:00:00-05:00,122.89794017311834,124.86961374447081,122.65392076123959,124.2937240600586,6007900,0.0,0.0
2025-02-26 00:00:00-05:00,124.4694178554111,125.26004581073458,123.8056847597803,124.26444244384766,3904500,0.0,0.0
2025-02-27 00:00:00-05:00,125.3478752618916,127.8564016759359,124.77199309072388,127.39764404296875,5758900,0.0,0.0
2025-02-28 00:00:00-05:00,128.14921942493817,129.90616205454555,127.49524923103804,129.80856323242188,7461000,0.0,0.0
2025-03-03 00:00:00-05:00,131.126273263914,132.12187667769308,129.74024473174808,130.62847900390625,6215800,0.0,0.0
2025-03-04 00:00:00-05:00,130.32589444236643,131.50694008050831,125.41622496229223,125.6211929321289,7911200,0.0,0.0
2025-03-05 00:00:00-05:00,126.38252792246158,127.41716783184661,125.1624308795523,126.53870391845703,5774900,0.0,0.0
2025-03-06 00:00:00-05:00,125.53335009505813,125.7773695132591,122.9467427727515,125.21124267578125,6258300,0.0,0.0
2025-03-07 00:00:00-05:00,123.96186633537822,125.81640798446507,123.23957093162181,125.328369140625,6418500,0.0,0.0
2025-03-10 00:00:00-04:00,123.9618610426815,126.73391798283365,123.38597880604144,125.44550323486328,4916800,0.0,0.0
2025-03-11 00:00:00-04:00,125.6114301463751,125.96281868209618,124.05946287246014,125.04530334472656,4404800,0.0,0.0
2025-03-12 00:00:00-04:00,125.27956474584774,125.4747772852696,123.77639691539903,124.89888763427734,4701800,0.0,0.0
2025-03-13 00:00:00-04:00,125.24052152434399,126.53870659268644,124.93793983430986,126.1092300415039,3434100,0.0,0.0
2025-03-14 00:00:00-04:00,125.8554560528763,127.56359196044788,124.93794066809289,126.88034057617188,5380700,0.0,0.0
2025-03-17 00:00:00-04:00,126.89010517528888,129.53528238258386,126.89010517528888,128.8910675048828,4934600,0.0,0.0
2025-03-18 00:00:00-04:00,128.91058368720124,130.08187390028502,128.55919513389978,129.5157470703125,4128400,0.0,0.0
2025-03-19 00:00:00-04:00,130.80415057196586,132.4927755016182,130.316111784063,132.08282470703125,7080700,0.0,0.0
2025-03-20 00:00:00-04:00,130.9115254453087,132.0828305026806,130.6870317632762,131.25315856933594,4311300,0.0,0.0
2025-03-21 00:00:00-04:00,130.62846421837534,131.2824344092219,128.5494142085675,129.20338439941406,9545900,0.0,0.0
2025-03-24 00:00:00-04:00,129.48647418233088,131.66312333225977,128.7836970309501,131.46791076660156,5525300,0.0,0.0
2025-03-25 00:00:00-04:00,131.5557350737334,132.68798864131884,130.7748700307861,132.41468811035156,3990600,0.0,0.0
2025-03-26 00:00:00-04:00,132.71729835258043,132.91251093190797,130.8529861984073,131.1165313720703,4464500,0.0,0.0
2025-03-27 00:00:00-04:00,131.68264279280672,131.73144965534053,129.9745068604664,130.238037109375,3914000,0.0,0.0
2025-03-28 00:00:00-04:00,129.78905157979395,130.4430218445853,128.4908664653525,128.56895446777344,3935200,0.0,0.0
2025-03-31 00:00:00-04:00,127.92472694053932,129.9549701209921,127.45621386620779,129.29124450683594,5521100,0.0,0.0
2025-04-01 00:00:00-04:00,129.11556456440096,129.85737829831007,128.2175748147958,129.67193603515625,4799300,0.0,0.0
2025-04-02 00:00:00-04:00,128.21756444716763,130.48205691659524,128.0711587528938,129.96473693847656,3352900,0.0,0.0
2025-04-03 00:00:00-04:00,127.86616214903935,130.51133892690444,126.83152230396504,127.11457824707031,4605200,0.0,0.0
2025-04-04 00:00:00-04:00,122.98578691506512,123.35669375028078,114.54271354620218,114.64031982421875,8526700,0.0,0.0
2025-04-07 00:00:00-04:00,111.19475488077896,117.05122029517662,109.58422540244342,114.51342010498047,8774800,0.0,0.0
2025-04-08 00:00:00-04:00,120.0673167827065,121.00435045626773,115.86041694322687,117.57831573486328,8108600,0.0,0.0
2025-04-09 00:00:00-04:00,116.1727635531888,125.84568960253337,115.34309900487952,125.35765075683594,6747400,0.0,0.0
2025-04-10 00:00:00-04:00,123.87402857876782,126.19708345384598,120.809137648262,124.03019714355469,6457800,0.0,0.0
2025-04-11 00:00:00-04:00,123.1419573396326,126.22636622404218,122.00970371465753,125.19171142578125,3654100,0.0,0.0
2025-04-14 00:00:00-04:00,126.15804358195643,126.84129499784483,125.21124701502401,126.05067443847656,4099900,0.0,0.0
2025-04-15 00:00:00-04:00,125.42597942293452,126.84128905245625,125.17220459286074,125.56262969970703,6315600,0.0,0.0
2025-04-16 00:00:00-04:00,126.80225776515115,127.08531374530506,125.36742235257198,126.15804290771484,5382800,0.0,0.0
2025-04-17 00:00:00-04:00,126.26541360058604,127.3781415981063,124.64512102184625,125.80665588378906,5228300,0.0,0.0
2025-04-21 00:00:00-04:00,125.42598274578467,125.65047644348053,121.7461731434118,123.10292053222656,6397400,0.0,0.0
2025-04-22 00:00:00-04:00,111.79017853087612,114.38654880459819,109.93562939920064,111.02883911132812,17094400,0.0,0.0
2025-04-23 00:00:00-04:00,114.57199173725765,119.68664397881318,114.47438546175225,117.40261840820312,10456300,0.0,0.0
2025-04-24 00:00:00-04:00,117.15859214757542,119.14002846734934,116.65103507648733,119.05218505859375,4512800,0.0,0.0
2025-04-25 00:00:00-04:00,119.79400284684199,122.49773442566537,119.48165832387092,122.22443389892578,6205900,0.0,0.0
2025-04-28 00:00:00-04:00,122.9174486151475,123.28835541065064,120.72127408394873,121.81448364257812,5460100,0.0,0.0
2025-04-29 00:00:00-04:00,121.8144993376936,123.02483359459464,121.41430390816497,122.72225189208984,4313600,0.0,0.0
2025-04-30 00:00:00-04:00,122.78080807305979,123.5421474459912,120.64319564376659,123.1126708984375,5674100,0.0,0.0
2025-05-01 00:00:00-04:00,123.3762124379074,125.0257785488938,122.4294159566906,124.36205291748047,4820900,0.0,0.0
2025-05-02 00:00:00-04:00,126.28493127690955,127.86617230583248,124.79152621520906,127.09507751464844,5002200,0.0,0.0
2025-05-05 00:00:00-04:00,126.89008984399938,126.94865211784847,125.21123515610086,125.5138168334961,3293300,0.0,0.0
2025-05-06 00:00:00-04:00,124.52799697697095,125.5919181144663,123.87402669354454,125.09412384033203,2596100,0.0,0.0
2025-05-07 00:00:00-04:00,124.75247944826808,125.72855707780622,124.33276576969142,124.44989776611328,4029200,0.0,0.0
2025-05-08 00:00:00-04:00,124.92818579519393,127.40742410749323,124.44990979561618,125.5919189453125,4748300,0.0,0.0
2025-05-09 00:00:00-04:00,125.76762068036952,125.76762068036952,123.01507435000089,125.5919189453125,4857600,0.0,0.0
2025-05-12 00:00:00-04:00,126.78274383881167,127.67097820425727,124.34254935820188,127.43671417236328,4686400,0.0,0.0
2025-05-13 00:00:00-04:00,127.86615788083996,128.88127197030312,127.33908256191438,127.59285736083984,4334700,0.0,0.0
2025-05-14 00:00:00-04:00,128.3444448016018,128.69583332189669,126.0213754233322,127.66117858886719,4843600,0.0,0.0
2025-05-15 00:00:00-04:00,128.78370077917438,132.40494089288634,128.59824362358395,132.27806091308594,6772200,0.0,0.0
2025-05-16 00:00:00-04:00,132.4635070004438,133.13698808122757,131.26292074418026,132.23899841308594,4776000,0.0,0.0
2025-05-19 00:00:00-04:00,132.6294319641733,134.42541121307795,131.95593602239344,133.9178466796875,5180800,0.0,0.0
2025-05-20 00:00:00-04:00,133.12722069385418,134.45468679993434,132.6391819032918,133.8983154296875,4998600,0.0,0.0
2025-05-21 00:00:00-04:00,135.18675842368282,135.49911042969703,131.6240808559431,131.7216796875,5514900,0.0,0.0
2025-05-22 00:00:00-04:00,131.38006719296783,131.75096659915684,130.31613115790734,130.8627471923828,3790900,0.0,0.0
2025-05-23 00:00:00-04:00,129.35192619138812,130.86274218427243,128.83196896872929,129.8424530029297,5510000,0.68,0.0
2025-05-27 00:00:00-04:00,131.94191737024576,132.34413800987832,129.6462403375742,131.64759826660156,5160800,0.0,0.0
2025-05-28 00:00:00-04:00,132.0890721240119,132.44225206163057,128.4199258259562,130.33299255371094,5426300,0.0,0.0
2025-05-29 00:00:00-04:00,129.6167862388902,132.53051639011875,129.4009532669704,132.2460174560547,3634700,0.0,0.0
2025-05-30 00:00:00-04:00,132.44222527889943,134.6986513701814,131.82415677063085,133.89418029785156,8195100,0.0,0.0
2025-06-02 00:00:00-04:00,133.83533245335624,134.91449741846947,132.86408398475436,134.8556365966797,3946200,0.0,0.0
2025-06-03 00:00:00-04:00,134.8065757140856,136.1604194720191,133.8451324296946,134.89486694335938,3493900,0.0,0.0
2025-06-04 00:00:00-04:00,135.54236224793877,136.22909673994948,135.0420153561466,135.9249725341797,3200400,0.0,0.0
2025-06-05 00:00:00-04:00,136.56264640657304,136.68038300785832,135.62084341442275,136.43511962890625,3510800,0.0,0.0
2025-06-06 00:00:00-04:00,137.03356703709068,137.98519027787805,135.69934844019127,136.46456909179688,4511000,0.0,0.0
2025-06-09 00:00:00-04:00,136.56264020332972,138.41683066519474,135.6600728061471,138.3089141845703,7104300,0.0,0.0
2025-06-10 00:00:00-04:00,137.83803559289788,138.4462840557471,135.3265406847187,135.8955535888672,6303500,0.0,0.0
2025-06-11 00:00:00-04:00,136.36644142350806,139.17225513359946,132.8640731166047,139.12319946289062,6370300,0.0,0.0
2025-06-12 00:00:00-04:00,137.6123746030118,139.3684537298772,137.47502771582506,138.3089141845703,4664400,0.0,0.0
2025-06-13 00:00:00-04:00,141.29134502733748,143.25345224627688,139.62355688517704,142.92970275878906,11765200,0.0,0.0
2025-06-16 00:00:00-04:00,143.7243551870035,144.28356293529845,142.16448352548113,143.68511962890625,7986100,0.0,0.0
2025-06-17 00:00:00-04:00,144.63671513756847,146.35355881975855,143.04741320492724,145.6668243408203,7251800,0.0,0.0
2025-06-18 00:00:00-04:00,145.74531392739252,146.43204842285814,142.90026460202526,143.1062774658203,7116900,0.0,0.0
2025-06-20 00:00:00-04:00,143.09647375194496,145.34307983167906,141.1736021757013,143.8616943359375,9220600,0.0,0.0
2025-06-23 00:00:00-04:00,144.03831340646698,144.2835768348504,142.35089982161372,143.0474395751953,6548500,0.0,0.0
2025-06-24 00:00:00-04:00,140.781177356711,141.31093966044963,137.8478220003997,139.16244506835938,8242100,0.0,0.0
2025-06-25 00:00:00-04:00,139.58429718308082,139.72164408059132,137.8085926618058,138.70135498046875,10395000,0.0,0.0
2025-06-26 00:00:00-04:00,139.22132357906582,140.68308390037117,138.58362974071494,139.9669189453125,5407500,0.0,0.0
2025-06-27 00:00:00-04:00,139.37829469284284,141.9682756455405,139.24093281542207,141.91921997070312,9173900,0.0,0.0
2025-06-30 00:00:00-04:00,142.7236863704523,143.6360740847346,142.2527847916212,143.2534637451172,5939500,0.0,0.0
2025-07-01 00:00:00-04:00,142.8904598459399,143.03762687701686,139.95711897791102,141.4581298828125,4819500,0.0,0.0
2025-07-02 00:00:00-04:00,140.9381688849365,141.97808334353613,140.25143433394524,141.78187561035156,3253300,0.0,0.0
2025-07-03 00:00:00-04:00,141.75244894256178,143.61644491157932,141.63471232378922,142.9885711669922,1888700,0.0,0.0
2025-07-07 00:00:00-04:00,143.4888737978381,143.99902578900335,142.38029356644208,143.1553192138672,4532500,0.0,0.0
2025-07-08 00:00:00-04:00,142.8904292019179,143.23380389776705,140.2710182831637,142.16445922851562,4331300,0.0,0.0
2025-07-09 00:00:00-04:00,142.9689444999968,143.7243600034739,141.987890848096,143.41041564941406,2666200,0.0,0.0
2025-07-10 00:00:00-04:00,143.34173701466045,143.7635828622588,142.28219736784845,143.62623596191406,4130900,0.0,0.0
2025-07-11 00:00:00-04:00,143.41039672417398,144.28354873004278,142.74328751436843,144.0873260498047,3468800,0.0,0.0
2025-07-14 00:00:00-04:00,145.0879964377692,146.7361740443168,144.2933455257341,146.45166015625,4461000,0.0,0.0
2025-07-15 00:00:00-04:00,146.96181190971782,147.89380970663467,145.58832807822492,145.86302185058594,4530500,0.0,0.0
2025-07-16 00:00:00-04:00,146.02983090553863,147.5112164175298,145.450997918219,147.32481384277344,3361700,0.0,0.0
2025-07-17 00:00:00-04:00,147.70743061524044,149.11034507591972,147.34444556618263,148.62962341308594,4326500,0.0,0.0
2025-07-18 00:00:00-04:00,148.9337476401009,149.95405178781132,148.21758268909565,148.62962341308594,5928600,0.0,0.0
2025-07-21 00:00:00-04:00,149.10051726522812,150.48380639061583,148.197949777868,148.6884765625,7116000,0.0,0.0
2025-07-22 00:00:00-04:00,142.72366016013186,147.42291484673441,140.8400392210315,146.34375,10722700,0.0,0.0
2025-07-23 00:00:00-04:00,147.15804210505172,153.62318182880804,146.28490498734936,153.52508544921875,8667100,0.0,0.0
2025-07-24 00:00:00-04:00,153.28962831941575,154.26087679353606,152.21046334817095,152.27914428710938,4865300,0.0,0.0
2025-07-25 00:00:00-04:00,152.2693267088113,154.34915542575231,151.337313868966,153.90768432617188,4728200,0.0,0.0
2025-07-28 00:00:00-04:00,154.17257715086433,154.34917459444162,152.6813863612983,153.11305236816406,4022900,0.0,0.0
2025-07-29 00:00:00-04:00,154.74158601772785,155.78150047810135,153.3681169134026,154.1431427001953,4341800,0.0,0.0
2025-07-30 00:00:00-04:00,154.4668972715686,155.7226447709755,153.456413189541,155.39889526367188,3998700,0.0,0.0
2025-07-31 00:00:00-04:00,155.11437229830108,155.2320939301368,153.78013891530418,154.58460998535156,4796000,0.0,0.0
2025-08-01 00:00:00-04:00,153.32886768815197,154.49632392159685,150.836998014927,153.83901977539062,4420700,0.0,0.0
2025-08-04 00:00:00-04:00,154.1529452368134,155.40869255175366,153.77033496069393,154.39820861816406,3961900,0.0,0.0
2025-08-05 00:00:00-04:00,154.2902957580478,155.04569621218693,152.8088953192699,153.36810302734375,4993900,0.0,0.0
2025-08-06 00:00:00-04:00,153.68204506181095,154.7415847779546,152.69118628517856,152.79910278320312,4112100,0.0,0.0
2025-08-07 00:00:00-04:00,151.71992886250018,152.80889892578125,150.336654703486,152.80889892578125,5105800,0.0,0.0
2025-08-08 00:00:00-04:00,153.63298761495744,153.9469169579266,151.78860220231402,151.9259490966797,3667300,0.0,0.0
2025-08-11 00:00:00-04:00,151.79841501177117,152.7206077646484,151.2195969969872,151.86709594726562,3572900,0.0,0.0
2025-08-12 00:00:00-04:00,152.03386956984247,152.97567259313632,151.63163402233465,152.5440216064453,2962300,0.0,0.0
2025-08-13 00:00:00-04:00,153.044340837686,153.37789542370973,149.76762585093758,152.7598419189453,5012300,0.0,0.0
2025-08-14 00:00:00-04:00,152.65193669990748,153.36810159206925,151.71992386183987,152.14178466796875,2766600,0.0,0.0
2025-08-15 00:00:00-04:00,152.00384606842516,152.60492504015699,151.08745511439884,151.83633422851562,4593800,0.68,0.0
2025-08-18 00:00:00-04:00,152.17133510593698,153.89574000825718,152.14177508188945,153.22569274902344,3679300,0.0,0.0
2025-08-19 00:00:00-04:00,152.30930710323668,152.86111428501425,150.96919750365478,151.41261291503906,3008600,0.0,0.0
2025-08-20 00:00:00-04:00,151.52099620376134,154.81214245057674,150.85093392366937,154.29974365234375,3766500,0.0,0.0
2025-08-21 00:00:00-04:00,154.49683402447832,155.44279999351852,153.93517847693803,154.03372192382812,3179800,0.0,0.0
2025-08-22 00:00:00-04:00,154.75303050546455,155.63001299524342,153.92531973579824,153.9548797607422,4252700,0.0,0.0
2025-08-25 00:00:00-04:00,154.33917136146138,155.33439392677585,153.718380781523,153.98443603515625,2431100,0.0,0.0
2025-08-26 00:00:00-04:00,154.46726127794165,157.36426396477626,154.09282928895368,157.23617553710938,5096100,0.0,0.0
2025-08-27 00:00:00-04:00,157.63031598506893,157.86681121190466,156.67450178391513,157.50221252441406,2992300,0.0,0.0
2025-08-28 00:00:00-04:00,157.8076759633817,158.90144195347432,156.92084517600603,158.3102264404297,3117700,0.0,0.0
2025-08-29 00:00:00-04:00,158.7043772706724,158.7438006613565,156.11283813325414,156.28036499023438,3774900,0.0,0.0
2025-09-02 00:00:00-04:00,155.88619811629658,156.30991684811133,154.08296149498167,155.698974609375,3260100,0.0,0.0
2025-09-03 00:00:00-04:00,155.63986763142827,156.02416300688884,154.1618061818694,155.7975311279297,2738900,0.0,0.0
2025-09-04 00:00:00-04:00,155.91576123642648,156.84201542446502,155.24571397268144,156.3591766357422,3218800,0.0,0.0
2025-09-05 00:00:00-04:00,156.28036199969395,156.674505685284,153.2848158609853,155.21615600585938,4046300,0.0,0.0
2025-09-08 00:00:00-04:00,154.62492394492727,154.70375568840566,151.4126093351751,151.96441650390625,5522800,0.0,0.0
2025-09-09 00:00:00-04:00,151.39288944841704,151.4520094939224,148.40720686546177,149.53053283691406,5461300,0.0,0.0
2025-09-10 00:00:00-04:00,149.7768790952621,152.7724100614958,149.43199210941432,152.73300170898438,4520400,0.0,0.0
2025-09-11 00:00:00-04:00,152.76256266096846,155.69897359847792,152.1023637441643,155.34423828125,4289900,0.0,0.0
2025-09-12 00:00:00-04:00,155.44279227115194,155.82708763794116,153.54102713272843,153.57058715820312,3194400,0.0,0.0
2025-09-15 00:00:00-04:00,153.64939542687407,156.1621027034911,153.43262693050934,156.0537109375,3891400,0.0,0.0
2025-09-16 00:00:00-04:00,157.51209552535548,157.61062393877344,155.33441160083376,156.2606658935547,6525200,0.0,0.0
2025-09-17 00:00:00-04:00,156.250790037999,156.98982066873418,155.3146725439078,155.9945831298828,3999200,0.0,0.0
2025-09-18 00:00:00-04:00,155.00922386403414,155.97488643776418,154.2110731117743,155.87635803222656,3696100,0.0,0.0
2025-09-19 00:00:00-04:00,156.3788770996265,156.3788770996265,154.39828043926278,155.9256134033203,7083700,0.0,0.0
2025-09-22 00:00:00-04:00,155.75811105381632,157.46280425408906,155.36395234221564,157.09820556640625,3296700,0.0,0.0
2025-09-23 00:00:00-04:00,157.41353180626945,159.0393932566882,156.62522942233838,158.1919708251953,3287100,0.0,0.0
2025-09-24 00:00:00-04:00,158.79305219664155,160.6455605726465,158.3496367973431,159.0196990966797,4269800,0.0,0.0
2025-09-25 00:00:00-04:00,159.76859479424428,159.92625829710215,157.35443066975722,158.1624298095703,3917700,0.0,0.0
2025-09-26 00:00:00-04:00,159.63063045558903,162.93164024777587,159.32516684004574,160.9608917236328,3961700,0.0,0.0
2025-09-29 00:00:00-04:00,164.98121145030532,165.81878561761548,160.40907531030533,161.23680114746094,6216100,0.0,0.0
2025-09-30 00:00:00-04:00,161.8871290288791,165.05018698924025,161.47327364786676,164.88267517089844,4893700,0.0,0.0
2025-10-01 00:00:00-04:00,163.44402803186853,165.26697647548855,162.6655889614842,164.75457763671875,4034500,0.0,0.0
2025-10-02 00:00:00-04:00,164.6954523271858,165.7892183513146,163.46373450882535,164.1929168701172,3498100,0.0,0.0
2025-10-03 00:00:00-04:00,164.3702781103446,164.81369352077525,163.0794402338301,164.14364624023438,2678300,0.0,0.0
2025-10-06 00:00:00-04:00,164.55750009694935,167.26727929016258,164.55750009694935,166.3311767578125,3816900,0.0,0.0
2025-10-07 00:00:00-04:00,166.88297633474934,167.86835054196075,166.35088087852674,166.79429626464844,5186500,0.0,0.0
2025-10-08 00:00:00-04:00,167.58258388578628,168.35117449690526,165.96655589402081,166.10452270507812,4683700,0.0,0.0
2025-10-09 00:00:00-04:00,166.51839445042899,166.6760428981809,159.53207982034996,159.8079833984375,5962400,0.0,0.0
2025-10-10 00:00:00-04:00,159.6404536474208,160.08388402402213,155.1373017973692,155.39349365234375,7776400,0.0,0.0
2025-10-13 00:00:00-04:00,156.1325593867683,157.2164771626649,155.06835330742047,156.52671813964844,5322300,0.0,0.0
2025-10-14 00:00:00-04:00,155.88621834411566,158.2314140961962,154.98952408177672,157.06866455078125,3590500,0.0,0.0
2025-10-15 00:00:00-04:00,157.15735330116183,158.3102394336194,153.36365621305328,154.70376586914062,5954700,0.0,0.0
2025-10-16 00:00:00-04:00,155.46250719639167,156.0143143975406,153.8169339231016,154.75303649902344,3926600,0.0,0.0
2025-10-17 00:00:00-04:00,154.04354546126916,156.22121395223002,153.8169136126407,155.6398468017578,5435200,0.0,0.0
2025-10-20 00:00:00-04:00,157.33469946442426,159.69960660720054,157.11791593377933,158.3594970703125,6517800,0.0,0.0
2025-10-21 00:00:00-04:00,169.29714914404622,176.14549724146093,167.7698160344716,170.5091552734375,12296700,0.0,0.0
2025-10-22 00:00:00-04:00,171.93796078905095,176.10608971703104,171.3762902413081,175.3769073486328,10219100,0.0,0.0
2025-10-23 00:00:00-04:00,175.00248191090537,177.34766252358813,173.918564165316,176.81556701660156,5249400,0.0,0.0
2025-10-24 00:00:00-04:00,177.82063404104179,177.86004239321366,175.6823588041959,176.03709411621094,3471600,0.0,0.0
2025-10-27 00:00:00-04:00,176.8056929730765,177.00277984991283,174.9039279036711,176.6184844970703,4039700,0.0,0.0
2025-10-28 00:00:00-04:00,176.67761434858795,178.65821127149502,175.94843195644188,176.05682373046875,3344100,0.0,0.0
2025-10-29 00:00:00-04:00,175.1896871382868,176.36228494061777,173.42587378759637,173.78060913085938,4285200,0.0,0.0
2025-10-30 00:00:00-04:00,174.5294732342907,176.38198153894635,174.23387300322185,174.82508850097656,3637300,0.0,0.0
2025-10-31 00:00:00-04:00,174.90392326974737,176.49037635829484,174.1648926080442,175.88929748535156,4347100,0.0,0.0
2025-11-03 00:00:00-05:00,175.87947317117457,175.9385932264845,172.8839267267704,174.45066833496094,3843800,0.0,0.0
2025-11-04 00:00:00-05:00,173.97768277144888,175.2882323854513,172.87406837465466,173.0415802001953,3837800,0.0,0.0
2025-11-05 00:00:00-05:00,172.3518181004342,174.17475148835942,171.3762921550694,171.4551239013672,4493800,0.0,0.0
2025-11-06 00:00:00-05:00,171.46497781906712,172.82479917468675,171.06098578010045,172.53904724121094,3631300,0.0,0.0
2025-11-07 00:00:00-05:00,172.6967018669222,175.0911693379022,171.20879202245646,174.38169860839844,3774300,0.0,0.0
2025-11-10 00:00:00-05:00,174.25358793182812,176.92395890553254,173.72149242449757,176.41156005859375,2739000,0.0,0.0
2025-11-11 00:00:00-05:00,176.19477832392005,177.36737616090505,174.81526030136052,176.59878540039062,3387700,0.0,0.0
2025-11-12 00:00:00-05:00,175.98785019787414,177.2688247171888,174.77582902314813,175.09115600585938,4470500,0.0,0.0
2025-11-13 00:00:00-05:00,176.01742204216308,176.17507050848627,170.59786320675352,171.4157257080078,3617800,0.0,0.0
2025-11-14 00:00:00-05:00,171.41571358157785,173.58353395526012,169.977060540462,173.00216674804688,3224700,0.0,0.0
2025-11-17 00:00:00-05:00,173.52442168335443,173.72149353786511,172.07592024749195,173.06129455566406,3913600,0.0,0.0
2025-11-18 00:00:00-05:00,174.11561800340456,175.32762405853052,171.76057426858043,172.16458129882812,3742500,0.0,0.0
2025-11-19 00:00:00-05:00,170.9722934193622,172.21387468949018,169.97707076567298,171.22850036621094,3902400,0.0,0.0
2025-11-20 00:00:00-05:00,173.95796305279114,174.95320066564628,169.977057708224,170.2036895751953,4221000,0.0,0.0
2025-11-21 00:00:00-05:00,170.4114153166598,170.45099451660357,166.81047796891622,167.85910034179688,6108400,0.68,0.0
2025-11-24 00:00:00-05:00,167.46342304917474,171.78652292104158,167.0874960707362,171.35125732421875,8116600,0.0,0.0
2025-11-25 00:00:00-05:00,170.90606685672654,171.76674094916993,167.70084571052348,170.3026123046875,5511700,0.0,0.0
2025-11-26 00:00:00-05:00,170.7082224975256,172.1624488478141,170.1740239848893,171.3314666748047,3564400,0.0,0.0
2025-11-28 00:00:00-05:00,171.18306189004127,173.0626816163377,171.1434977809284,173.0330047607422,1680400,0.0,0.0
2025-12-01 00:00:00-05:00,171.8359890506349,172.13277271225107,166.09822694121772,166.21694946289062,4885600,0.0,0.0
2025-12-02 00:00:00-05:00,167.56234886421393,167.56234886421393,166.236717241991,166.9885711669922,4053600,0.0,0.0
2025-12-03 00:00:00-05:00,167.23588601647802,167.37438303834708,164.95067760811705,166.64231872558594,5452200,0.0,0.0
2025-12-04 00:00:00-05:00,167.0874925056682,170.24326235932608,166.84017530829743,169.4716339111328,7486500,0.0,0.0
2025-12-05 00:00:00-05:00,170.15422131575167,170.15422131575167,167.1270614215039,169.26388549804688,3032700,0.0,0.0
2025-12-08 00:00:00-05:00,169.55077255471502,170.14433985007008,167.72061930657307,169.67938232421875,3498200,0.0,0.0
2025-12-09 00:00:00-05:00,170.66865625591683,173.82442611822262,169.40239340951203,170.08497619628906,4816400,0.0,0.0
2025-12-10 00:00:00-05:00,169.33312476789962,175.2291729731504,168.52193226799056,172.84503173828125,5611300,0.0,0.0
2025-12-11 00:00:00-05:00,172.8252401545066,177.21759563033393,172.42953870958482,175.51605224609375,4865500,0.0,0.0
2025-12-12 00:00:00-05:00,177.4748012627659,177.524267717477,174.73453779327482,176.7427520751953,6440100,0.0,0.0
2025-12-15 00:00:00-05:00,177.8111841733629,180.32392034893203,177.2472936970678,180.15574645996094,3691700,0.0,0.0
2025-12-16 00:00:00-05:00,178.57290797187704,179.92821651010047,176.97029732548728,177.99913024902344,4321900,0.0,0.0
2025-12-17 00:00:00-05:00,176.9999749697462,178.3948476248697,174.64551035429326,175.29843139648438,6632700,0.0,0.0
2025-12-18 00:00:00-05:00,176.57457479940285,178.56299944207723,176.17885826438948,176.376708984375,4090600,0.0,0.0
2025-12-19 00:00:00-05:00,177.03955071411787,181.27361996152908,176.74276705573888,180.0568084716797,11455900,0.0,0.0
2025-12-22 00:00:00-05:00,180.897693536931,183.8753871934333,179.80949181792008,183.6874237060547,3208300,0.0,0.0
2025-12-23 00:00:00-05:00,183.7566837909122,185.98253864167697,183.27193663364082,183.76657104492188,3354700,0.0,0.0
2025-12-24 00:00:00-05:00,183.69733068383644,185.09220335106932,183.50936719172137,184.3799285888672,1421700,0.0,0.0
2025-12-26 00:00:00-05:00,184.22162704778657,184.2809807573268,182.52997085067432,183.18289184570312,1389000,0.0,0.0
2025-12-29 00:00:00-05:00,183.18290007901493,183.6082935082448,182.2035185424526,182.44094848632812,2027200,0.0,0.0
2025-12-30 00:00:00-05:00,182.9454648045739,183.0147208634944,181.72866845463415,182.03533935546875,1812000,0.0,0.0
2025-12-31 00:00:00-05:00,182.124384974498,182.42115352682262,180.68004594133043,181.431884765625,2644600,0.0,0.0
2026-01-02 00:00:00-05:00,181.530827276538,185.26037493003074,180.21509794318285,185.24058532714844,3326300,0.0,0.0
2026-01-05 00:00:00-05:00,185.29004128107582,188.45569828576507,184.42936719750352,186.23973083496094,6048800,0.0,0.0
2026-01-06 00:00:00-05:00,186.6750118751407,188.6634517423131,185.69564546418673,188.3567657470703,3915000,0.0,0.0
2026-01-07 00:00:00-05:00,189.860453310148,191.71038100931588,183.61817002393238,183.73687744140625,7666700,0.0,0.0
2026-01-08 00:00:00-05:00,188.9800161292246,194.58916836849104,182.9157936038163,185.16143798828125,9773400,0.0,0.0
2026-01-09 00:00:00-05:00,184.0336625960233,187.06082252688478,182.39147286390792,186.47715759277344,7593600,0.0,0.0
2026-01-12 00:00:00-05:00,187.67418796314138,191.94782126762783,187.3774043084445,191.76976013183594,5392000,0.0,0.0
2026-01-13 00:00:00-05:00,193.5207511935174,195.43004776150758,190.9288718567567,191.99728393554688,5852300,0.0,0.0
2026-01-14 00:00:00-05:00,192.74913202095084,196.7358841321954,191.30480800630505,196.70620727539062,5249700,0.0,0.0
2026-01-15 00:00:00-05:00,196.81501605657738,198.1604221690134,194.54959724635773,197.68557739257812,3657400,0.0,0.0
2026-01-16 00:00:00-05:00,197.94279481509804,200.00047577464093,197.43827315049177,199.75315856933594,4825900,0.0,0.0
2026-01-20 00:00:00-05:00,198.49676380938487,200.851228207388,193.99560318267464,194.2528076171875,6048000,0.0,0.0
2026-01-21 00:00:00-05:00,195.47951763315197,196.17200276250657,193.48119046411983,195.38058471679688,5463400,0.0,0.0
2026-01-22 00:00:00-05:00,196.85460359896442,196.85460359896442,193.70872097109088,194.2330322265625,4075000,0.0,0.0
2026-01-23 00:00:00-05:00,194.73754831840733,195.45971023792038,192.90739519774513,193.82740783691406,5113100,0.0,0.0
2026-01-26 00:00:00-05:00,193.15474447875985,193.78787594392813,191.42352397766982,192.04676818847656,6680600,0.0,0.0
2026-01-27 00:00:00-05:00,197.36901560772105,200.03015113205956,193.34269938496377,199.12002563476562,10134500,0.0,0.0
2026-01-28 00:00:00-05:00,199.12002621629358,203.1562447998049,196.419326573335,197.31956481933594,6826500,0.0,0.0
2026-01-29 00:00:00-05:00,198.77376651817906,201.0589900545048,195.88510352397887,197.73504638671875,8870800,0.0,0.0
2026-01-30 00:00:00-05:00,196.2412474747696,199.26840759449155,195.4795213654577,198.77377319335938,7228400,0.0,0.0
2026-02-02 00:00:00-05:00,197.84386602629218,199.4959430547728,194.88594698054442,198.9320526123047,6239900,0.0,0.0
2026-02-03 00:00:00-05:00,199.62453640581177,202.67148599751678,198.49677062339862,201.31619262695312,8457300,0.0,0.0
2026-02-04 00:00:00-05:00,203.29474311696706,204.2642223368492,192.24461217598054,194.62875366210938,11411500,0.0,0.0
2026-02-05 00:00:00-05:00,194.12422412263984,197.53719866977733,192.4424700800694,193.8670196533203,5538300,0.0,0.0
2026-02-06 00:00:00-05:00,194.8463833192989,198.69463822562815,194.8463833192989,196.52813720703125,4350900,0.0,0.0
2026-02-09 00:00:00-05:00,196.36984892406832,197.85375206455248,193.8867897698738,194.0846405029297,4615200,0.0,0.0
2026-02-10 00:00:00-05:00,192.93708081071242,194.3022764998929,191.00800979015935,193.09536743164062,5501500,0.0,0.0
2026-02-11 00:00:00-05:00,193.48120182267996,196.6963255574005,192.95689054431372,194.40121459960938,6784100,0.0,0.0
2026-02-12 00:00:00-05:00,194.8859345204197,199.71357062220207,194.8859345204197,198.98150634765625,6738600,0.0,0.0
2026-02-13 00:00:00-05:00,198.98151324412538,201.5140387967553,196.39952123561505,197.91310119628906,4939000,0.0,0.0
2026-02-17 00:00:00-05:00,197.8537519675215,203.4332271692039,196.71609893172558,201.31619262695312,6057800,0.0,0.0
2026-02-18 00:00:00-05:00,203.3046219692615,203.79925636029716,200.63359927667767,202.6121368408203,6395700,0.0,0.0
2026-02-19 00:00:00-05:00,201.97900501385894,204.51153067561074,199.37722329188182,203.20570373535156,6128400,0.0,0.0
2026-02-20 00:00:00-05:00,203.96005050188202,204.82356815867558,201.50843942471417,203.394287109375,10300800,0.68,0.0
2026-02-23 00:00:00-05:00,202.45136596567045,203.3744344876256,200.2379734156092,200.4166259765625,4557300,0.0,0.0
2026-02-24 00:00:00-05:00,198.5109187680562,199.2156391935625,195.53325498653535,196.98239135742188,10157300,0.0,0.0
2026-02-25 00:00:00-05:00,196.9823897834449,197.28014404307282,191.1858594913968,194.52084350585938,6891800,0.0,0.0
2026-02-26 00:00:00-05:00,195.03697779781777,197.200739543903,192.55559131184043,196.1585693359375,5762000,0.0,0.0
2026-02-27 00:00:00-05:00,196.83349659672027,201.1114044189453,196.1585667511151,201.1114044189453,8982500,0.0,0.0
2026-03-02 00:00:00-05:00,209.0816161922566,211.23547295834112,206.4513526136645,210.58038330078125,12485300,0.0,0.0
2026-03-03 00:00:00-05:00,211.4240456298033,212.90295740624234,204.03945227668564,204.9823760986328,9661300,0.0,0.0
2026-03-04 00:00:00-05:00,205.45880214783415,208.38683518805448,202.70942166588148,207.2652587890625,6140300,0.0,0.0
2026-03-05 00:00:00-05:00,206.93771092066157,208.58534002175637,198.61017855663886,202.34217834472656,6935600,0.0,0.0
2026-03-06 00:00:00-05:00,202.49105338158537,208.38682997996784,202.12381303531484,208.1982421875,8790400,0.0,0.0
2026-03-09 00:00:00-04:00,210.18335827724866,211.41413144307933,205.27021599810072,206.6796417236328,8626400,0.0,0.0
2026-03-10 00:00:00-04:00,204.82355172260316,206.9178423693894,203.75159102164722,205.4587860107422,4140600,0.0,0.0
2026-03-11 00:00:00-04:00,204.1287796606834,207.83100402343825,203.17592059485486,205.71685791015625,4416200,0.0,0.0
2026-03-12 00:00:00-04:00,204.64489530034155,205.23051401077757,200.33721207344317,201.5282745361328,6400900,0.0,0.0
2026-03-13 00:00:00-04:00,202.93771782467792,204.75407939383854,200.3967653562148,202.9972686767578,4806800,0.0,0.0
2026-03-16 00:00:00-04:00,203.18584780334055,207.344638629698,203.0865862906548,204.52578735351562,4795600,0.0,0.0
2026-03-17 00:00:00-04:00,204.27766279520472,205.1312603695162,199.2156433481607,201.81613159179688,3990800,0.0,0.0
2026-03-18 00:00:00-04:00,202.78881814904432,205.7565617125672,202.51090408602593,203.03695678710938,3512900,0.0,0.0
2026-03-19 00:00:00-04:00,201.816121560416,201.86575231771238,195.55310467720568,199.2354736328125,5329600,0.0,0.0
2026-03-20 00:00:00-04:00,199.76152615096885,200.52579740610068,195.02705178397247,196.6846160888672,8463900,0.0,0.0
2026-03-23 00:00:00-04:00,195.70197032264034,198.2627627680548,193.01215609004154,193.36947631835938,4927300,0.0,0.0
2026-03-24 00:00:00-04:00,190.78884183466388,193.68709937953176,189.75657659419093,192.5555877685547,5136000,0.0,0.0
2026-03-25 00:00:00-04:00,194.59032680880253,195.2057057967923,192.60521766542314,193.5481414794922,4057300,0.0,0.0
2026-03-26 00:00:00-04:00,192.86327523735073,192.86327523735073,189.95509762954535,191.41415405273438,4871900,0.0,0.0
2026-03-27 00:00:00-04:00,190.97742539504523,191.6722105539003,188.04939248939712,188.2975311279297,3864500,0.0,0.0
2026-03-30 00:00:00-04:00,191.05684499861258,191.56304240451453,184.18836881893984,185.756591796875,5043800,0.0,0.0
2026-03-31 00:00:00-04:00,187.73177580364532,191.99976359825544,186.18339305610797,191.46377563476562,5318500,0.0,0.0
2026-04-01 00:00:00-04:00,193.0220945040007,195.17593617114971,192.10894608833254,193.27023315429688,4127200,0.0,0.0
2026-04-02 00:00:00-04:00,193.62755395887424,195.9699834300384,192.18835281216155,194.7491455078125,4113900,0.0,0.0
2026-04-06 00:00:00-04:00,194.76897769336185,197.15111773211694,193.54813982129352,196.93275451660156,2314900,0.0,0.0
2026-04-07 00:00:00-04:00,195.94021372228175,196.67469445773634,194.0543508325987,196.4464111328125,3037500,0.0,0.0
2026-04-08 00:00:00-04:00,197.1213404147573,202.28262106474818,196.9426727196048,201.96499633789062,4455800,0.0,0.0
2026-04-09 00:00:00-04:00,201.7069452259248,203.83101144518707,201.10148631951367,201.6771697998047,2789700,0.0,0.0
2026-04-10 00:00:00-04:00,201.30992409883828,201.30992409883828,196.3173607044169,200.05929565429688,3151900,0.0,0.0
2026-04-13 00:00:00-04:00,200.247880561738,201.47865365661292,198.6399470363989,199.91041564941406,3429200,0.0,0.0
2026-04-14 00:00:00-04:00,199.85088176631498,202.79877024315664,199.414155303793,201.3000030517578,3303100,0.0,0.0
2026-04-15 00:00:00-04:00,201.47865996532948,201.48858005888005,196.21811765396785,196.91290283203125,4424800,0.0,0.0
2026-04-16 00:00:00-04:00,196.93275241698396,198.4513596708535,192.4662569302664,194.39181518554688,3999300,0.0,0.0
2026-04-17 00:00:00-04:00,194.12382311013678,198.45136160752924,193.7466475300087,194.9575653076172,4777200,0.0,0.0
2026-04-20 00:00:00-04:00,196.32730458781137,196.91290817197532,193.34964076234968,194.33226013183594,4988200,0.0,0.0
2026-04-21 00:00:00-04:00,193.16103629581923,195.15606543446404,185.15111402680904,185.77642822265625,7489900,0.0,0.0
2026-04-22 00:00:00-04:00,186.35211888073314,187.33475334866756,178.50100866614756,179.56304931640625,8513900,0.0,0.0
2026-04-23 00:00:00-04:00,180.0097021590464,181.280170830472,176.17844081219647,177.9650421142578,6289400,0.0,0.0
2026-04-24 00:00:00-04:00,176.45635127920823,176.45635127920823,170.3521466959342,172.96255493164062,10505100,0.0,0.0
2026-04-27 00:00:00-04:00,171.01716576914797,175.6722494068351,171.01716576914797,172.08912658691406,6511700,0.0,0.0
2026-04-28 00:00:00-04:00,173.9452027878212,174.48117563609756,171.05686511524533,174.3719940185547,6115800,0.0,0.0
2026-04-29 00:00:00-04:00,174.25289011396967,174.95761057200218,170.50103478770194,171.50350952148438,5037900,0.0,0.0
2026-04-30 00:00:00-04:00,172.347178704846,175.3347625737341,172.18836633532325,174.75909423828125,6224400,0.0,0.0
2026-05-01 00:00:00-04:00,174.91787723103738,175.6722283523046,171.96998912178404,172.69456481933594,4494800,0.0,0.0
2026-05-04 00:00:00-04:00,172.7045022872299,174.56057456305413,171.6027660633834,171.61268615722656,5081300,0.0,0.0
2026-05-05 00:00:00-04:00,172.6250863123046,172.8533696192037,169.9253367122768,171.58290100097656,4721200,0.0,0.0
2026-05-06 00:00:00-04:00,173.48859413611518,176.7640270103367,172.27769158146043,175.42408752441406,6099000,0.0,0.0
2026-05-07 00:00:00-04:00,175.22558758905134,176.06926508201127,172.38688074350588,175.46380615234375,5658900,0.0,0.0
2026-05-08 00:00:00-04:00,174.9079676046703,175.77148523444643,173.30003404710618,174.7789306640625,6277400,0.0,0.0
2026-05-11 00:00:00-04:00,173.85587146319781,178.59034611211104,173.3000432973433,177.28018188476562,6524100,0.0,0.0
2026-05-12 00:00:00-04:00,177.27025604239913,178.58042022725942,175.30498704733697,177.55809020996094,5604900,0.0,0.0
2026-05-13 00:00:00-04:00,176.4464248616646,178.10398912646772,173.99481393562198,176.7838897705078,6144100,0.0,0.0
2026-05-14 00:00:00-04:00,176.78390969875352,177.5680212100653,173.9948335494647,174.3719940185547,6421600,0.0,0.0
2026-05-15 00:00:00-04:00,174.21318548169893,174.66975211076033,169.5084712835212,169.90548706054688,7694000,0.0,0.0
2026-05-18 00:00:00-04:00,170.4017567313475,174.77892590233105,169.7268269115612,174.6399688720703,5627400,0.0,0.0
2026-05-19 00:00:00-04:00,174.97744309050964,175.68216351765227,173.08167532221054,173.19085693359375,5578600,0.0,0.0
2026-05-20 00:00:00-04:00,174.16355098179451,174.84841605585504,171.71193999111614,173.5481719970703,6634800,0.0,0.0
2026-05-21 00:00:00-04:00,173.2900886037499,175.8608011548163,171.99976470919944,174.66973876953125,3596300,0.0,0.0
2026-05-22 00:00:00-04:00,176.15482458965968,177.01197776355917,174.67971387570486,176.42391967773438,4315400,0.73,0.0
2026-05-26 00:00:00-04:00,177.41065180615053,178.61665225444827,175.48704922979408,178.37744140625,5529700,0.0,0.0
2026-05-27 00:00:00-04:00,177.89902831796897,178.2079994802612,175.1282340642762,176.00531005859375,5147100,0.0,0.0
2026-05-28 00:00:00-04:00,176.2146254390756,180.94889838244526,176.1548265299559,178.3674774169922,5834800,0.0,0.0
2026-05-29 00:00:00-04:00,178.31763825575527,179.50370063643078,175.45713039404737,179.06515502929688,8754400,0.0,0.0
2026-06-01 00:00:00-04:00,176.8525012894167,178.0983625584097,173.55346308244603,173.83253479003906,5482000,0.0,0.0
2026-06-02 00:00:00-04:00,173.3142590912587,175.168101341094,172.41724502545077,173.6830291748047,4385900,0.0,0.0
2026-06-03 00:00:00-04:00,172.43716717713542,175.8358804898196,171.97869873046875,171.97869873046875,4322000,0.0,0.0
2026-06-04 00:00:00-04:00,175.95547120246752,179.82262942942307,175.60663917379173,178.81597900390625,4697200,0.0,0.0
2026-06-05 00:00:00-04:00,178.5767657955196,181.92564143429578,177.42060290883407,180.3907470703125,6272200,0.0,0.0
2026-06-08 00:00:00-04:00,179.89240894088906,181.69641365629082,177.31097278857428,178.06846618652344,5908700,0.0,0.0
2026-06-09 00:00:00-04:00,178.3674798879055,182.17482416785904,177.9488571017327,180.9588623046875,6227900,0.0,0.0
2026-06-10 00:00:00-04:00,182.39408924701348,182.39408924701348,176.34417964251304,176.82260131835938,6037300,0.0,0.0
2026-06-11 00:00:00-04:00,177.43058996766982,183.7894558019024,177.43058996766982,183.60009765625,6492700,0.0,0.0
2026-06-12 00:00:00-04:00,184.07849566509825,184.2578923869054,181.2678253573135,182.92233276367188,3348400,0.0,0.0
2026-06-15 00:00:00-04:00,183.2512399595214,185.84263744015828,182.2744889988426,183.03196716308594,6073900,0.0,0.0
2026-06-16 00:00:00-04:00,183.63995075554166,186.23134827420498,181.64657272834447,186.151611328125,5103600,0.0,0.0
2026-06-17 00:00:00-04:00,188.12504689633238,192.81945873171412,185.76289885625303,191.94236755371094,7530100,0.0,0.0
2026-06-18 00:00:00-04:00,193.35767060780788,193.52710591685354,183.80938793527557,184.98548889160156,8866400,0.0,0.0
2026-06-22 00:00:00-04:00,183.97882252846836,185.0951245723486,180.37081314317183,181.22796630859375,6351800,0.0,0.0
2026-06-23 00:00:00-04:00,182.3940976262878,186.101782138959,181.2279732533414,185.7728729248047,3908600,0.0,0.0
2026-06-24 00:00:00-04:00,186.80941371036042,186.81939033374437,184.03861948120888,184.447265625,4463700,0.0,0.0
2026-06-25 00:00:00-04:00,184.3874666124539,189.03204104305448,183.73962484009544,185.97219848632812,3591100,0.0,0.0
2026-06-26 00:00:00-04:00,186.65991309418953,189.85929144824604,186.26124358093324,187.36756896972656,8036400,0.0,0.0
2026-06-29 00:00:00-04:00,186.988834292093,189.25132270616808,186.5403272588162,186.7097625732422,3594300,0.0,0.0
2026-06-30 00:00:00-04:00,188.37422790228038,189.4705919257595,186.2114145180241,189.101806640625,4054500,0.0,0.0
2026-07-01 00:00:00-04:00,189.8493207602593,191.1848956087825,188.34432581115937,191.14501953125,3780500,0.0,0.0
2026-07-02 00:00:00-04:00,194.12512372563498,199.03879327001576,193.40750641811528,198.5902862548828,5192500,0.0,0.0
2026-07-06 00:00:00-04:00,199.33780324352895,201.87936327653745,197.30456434208264,200.70326232910156,6571300,0.0,0.0
2026-07-07 00:00:00-04:00,202.86607827166745,203.26476300822932,198.97899714186215,200.18499755859375,4400400,0.0,0.0
2026-07-08 00:00:00-04:00,198.34111820437462,199.74645339540496,194.045390891663,194.26466369628906,4163900,0.0,0.0
2026-07-09 00:00:00-04:00,193.34771046864185,195.18161463446432,192.36098285363906,194.55369567871094,3940700,0.0,0.0
2026-07-10 00:00:00-04:00,194.36431321885968,196.0387586196237,191.9523277035149,195.28126525878906,2823100,0.0,0.0
2026-07-13 00:00:00-04:00,195.78959884654788,197.0354601554286,194.58359840791346,195.73976135253906,3608100,0.0,0.0
2026-07-14 00:00:00-04:00,195.7298005595154,197.8427764794512,192.74969482421875,192.74969482421875,4249800,0.0,0.0
2026-07-15 00:00:00-04:00,194.37429473085282,195.63011740681185,192.50051452789114,195.2414093017578,3543600,0.0,0.0
2026-07-16 00:00:00-04:00,195.0121751940698,196.0686631105208,192.21148151148296,193.7164764404297,3727900,0.0,0.0
2026-07-17 00:00:00-04:00,194.73311208402717,197.78297815354586,192.3310878157918,192.86929321289062,4200600,0.0,0.0
2026-07-20 00:00:00-04:00,193.9855922225057,196.88594576315634,193.45734824932688,193.7962188720703,4593500,0.0,0.0
2026-07-21 00:00:00-04:00,193.3576720226196,196.48727497176841,189.39085393737773,193.0287628173828,3527400,0.0,0.0
2026-07-22 00:00:00-04:00,195.25136829602187,196.69657950730138,193.13839249046634,194.23475646972656,5150500,0.0,0.0
2026-07-23 00:00:00-04:00,204.32125345887036,212.7831488941678,201.8394922711496,208.4674835205078,9998800,0.0,0.0
2026-07-24 00:00:00-04:00,210.13194726221676,214.1785022375888,208.5671382056841,212.08544921875,5877300,0.0,0.0
2026-07-27 00:00:00-04:00,213.71005189234506,219.66028639271363,213.09210958379813,217.69680786132812,8191700,0.0,0.0
2026-07-28 00:00:00-04:00,220.25831696690804,220.60714900680628,215.18515818253312,217.85629272460938,7776800,0.0,0.0
2026-07-29 00:00:00-04:00,219.27158050005445,219.83970053131833,214.29809690373608,214.5373077392578,8232500,0.0,0.0
2026-07-30 00:00:00-04:00,213.78979434871067,213.92933020289195,208.69671285869273,213.67019653320312,5239000,0.0,0.0
2026-07-31 00:00:00-04:00,212.64361213883856,215.10543527702407,211.3379367253525,214.50741577148438,3421300,0.0,0.0
2026-08-03 00:00:00-04:00,215.85294122817712,217.4077736146725,213.71005078103173,215.9326629638672,3814300,0.0,0.0
2026-08-04 00:00:00-04:00,216.66026825353265,217.87623009827396,213.8196984079078,217.20843505859375,6386900,0.0,0.0
2026-08-05 00:00:00-04:00,219.2715796796938,222.0822499555563,218.17521569798845,221.5739288330078,4276700,0.0,0.0
2026-08-06 00:00:00-04:00,223.467646609778,224.90286598987626,219.74998570266644,222.5108184814453,5973500,0.0,0.0
2026-08-07 00:00:00-04:00,221.79320517537764,223.5673104044891,219.7699276926464,222.2915496826172,4975600,0.0,0.0
2026-08-10 00:00:00-04:00,223.6370938324958,226.12881645668077,222.56066783385572,223.37794494628906,3280600,0.0,0.0
2026-08-11 00:00:00-04:00,223.25834078630135,224.59390042494948,221.60383336084723,223.11880493164062,2930400,0.0,0.0
2026-08-12 00:00:00-04:00,221.8829098210625,222.80983853908046,218.74334541983868,222.02244567871094,3928000,0.0,0.0
2026-08-13 00:00:00-04:00,222.7300903028552,223.25833425205806,218.1453148554436,219.74998474121094,3234600,0.0,0.0
2026-08-14 00:00:00-04:00,222.0,223.07000732421875,219.97999572753906,222.97000122070312,2871100,0.73,0.0
2026-08-17 00:00:00-04:00,222.9199981689453,224.61000061035156,221.60000610351562,221.63999938964844,5187600,0.0,0.0
2026-08-18 00:00:00-04:00,222.75999450683594,226.08999633789062,222.3000030517578,225.49000549316406,5972500,0.0,0.0
2026-08-19 00:00:00-04:00,225.92999267578125,226.41000366210938,220.22000122070312,220.35000610351562,6227100,0.0,0.0
2026-08-20 00:00:00-04:00,218.97000122070312,220.49000549316406,212.16000366210938,212.2899932861328,4931800,0.0,0.0
2026-08-21 00:00:00-04:00,213.36000061035156,213.52000427246094,209.85000610351562,209.91000366210938,4795800,0.0,0.0
2026-08-24 00:00:00-04:00,210.0,210.88999938964844,207.75,209.22000122070312,3838800,0.0,0.0
2026-08-25 00:00:00-04:00,210.36000061035156,210.64999389648438,207.44000244140625,210.27999877929688,4893700,0.0,0.0
2026-08-26 00:00:00-04:00,210.39999389648438,213.10000610351562,209.2899932861328,211.99000549316406,3788100,0.0,0.0
2026-08-27 00:00:00-04:00,211.33999633789062,212.52000427246094,209.8300018310547,212.0800018310547,3847200,0.0,0.0
2026-08-28 00:00:00-04:00,212.72999572753906,213.5,210.6999969482422,211.7100067138672,2313200,0.0,0.0
2026-08-31 00:00:00-04:00,210.22999572753906,211.24000549316406,207.69000244140625,207.72999572753906,3961400,0.0,0.0
2026-09-01 00:00:00-04:00,208.50999450683594,211.30999755859375,204.1699981689453,205.16000366210938,3086600,0.0,0.0
2026-09-02 00:00:00-04:00,206.8800048828125,206.8800048828125,200.30999755859375,200.77999877929688,4691800,0.0,0.0
2026-09-03 00:00:00-04:00,202.0,202.6699981689453,200.10000610351562,202.1300048828125,3706300,0.0,0.0
2026-09-04 00:00:00-04:00,200.77000427246094,201.63999938964844,199.0399932861328,200.7899932861328,2801900,0.0,0.0
2026-09-08 00:00:00-04:00,199.72999572753906,201.75,198.1300048828125,198.80999755859375,3626500,0.0,0.0
2026-09-09 00:00:00-04:00,198.9199981689453,199.55999755859375,196.8000030517578,197.5500030517578,3319100,0.0,0.0
2026-09-10 00:00:00-04:00,198.02999877929688,198.86000061035156,196.67999267578125,198.1199951171875,2651000,0.0,0.0
2026-09-11 00:00:00-04:00,199.57000732421875,200.3800048828125,196.30999755859375,197.67999267578125,3677200,0.0,0.0
2026-09-14 00:00:00-04:00,196.39999389648438,196.5,194.00999450683594,195.33999633789062,3581400,0.0,0.0
2026-09-15 00:00:00-04:00,196.72999572753906,197.2100067138672,193.0500030517578,195.5,4728200,0.0,0.0
2026-09-16 00:00:00-04:00,195.38999938964844,197.6699981689453,194.77999877929688,196.8300018310547,3484200,0.0,0.0
2026-09-17 00:00:00-04:00,197.5,197.5,191.83999633789062,193.5399932861328,3546300,0.0,0.0
2026-09-18 00:00:00-04:00,193.0,194.0,191.17999267578125,194.0,9843400,0.0,0.0
2026-09-21 00:00:00-04:00,193.75,195.19000244140625,192.86000061035156,194.33999633789062,2921200,0.0,0.0
2026-09-22 00:00:00-04:00,194.74000549316406,194.8699951171875,187.0399932861328,190.99000549316406,4683500,0.0,0.0
2026-09-23 00:00:00-04:00,191.8800048828125,195.07000732421875,190.6999969482422,192.19000244140625,4220300,0.0,0.0
2026-09-24 00:00:00-04:00,191.9199981689453,193.27000427246094,188.5,188.61000061035156,3408700,0.0,0.0
2026-09-25 00:00:00-04:00,,,,,3628241,0.0,0.0
