Date,Open,High,Low,Close,Volume,Dividends,Stock Splits
2021-08-30 00:00:00-04:00,383.58684938009475,385.24481872935337,382.78992828401203,383.16546630859375,1284200,0.0,0.0
2021-08-31 00:00:00-04:00,381.97469453646113,385.4005497579114,379.4281976910567,381.3059997558594,4249100,0.0,0.0
2021-09-01 00:00:00-04:00,381.5533251160491,384.6036142195572,376.69847427800045,382.2952880859375,2034400,0.0,0.0
2021-09-02 00:00:00-04:00,383.95327549135646,388.7531404509265,383.11053723868815,388.12109375,3137400,0.0,0.0
2021-09-03 00:00:00-04:00,386.4905585344731,388.3866984173814,385.28142342470875,387.3424377441406,1604800,0.0,0.0
2021-09-07 00:00:00-04:00,384.99753316889075,386.79292609381554,382.5059942904673,385.85858154296875,1920300,0.0,0.0
2021-09-08 00:00:00-04:00,385.81273433714085,387.3516183660886,379.4098586048535,380.4999084472656,2262500,0.0,0.0
2021-09-09 00:00:00-04:00,380.45415226003377,384.92426863959105,379.16257968652474,379.7304992675781,3508500,0.0,0.0
2021-09-10 00:00:00-04:00,381.9917326156207,382.39619237097577,370.06942713041934,371.2828063964844,4215800,1.45,0.0
2021-09-13 00:00:00-04:00,375.0240468828158,383.1407614499002,373.6176389253512,381.0357360839844,3068200,0.0,0.0
2021-09-14 00:00:00-04:00,383.8577871334325,383.8577871334325,378.1402270254685,379.2157287597656,2879800,0.0,0.0
2021-09-15 00:00:00-04:00,379.19731810434365,387.3784135148835,376.42127872398044,383.7934265136719,3180600,0.0,0.0
2021-09-16 00:00:00-04:00,385.76977856775454,389.1984575141942,381.44022421479923,383.1683654785156,2262700,0.0,0.0
2021-09-17 00:00:00-04:00,381.4493914235122,387.07502317062364,381.4493914235122,386.22015380859375,4534200,0.0,0.0
2021-09-20 00:00:00-04:00,383.2419403529363,385.42966453106754,375.70431086064247,379.3628234863281,2799800,0.0,0.0
2021-09-21 00:00:00-04:00,381.4861638403469,384.95161916119116,378.9123265380213,379.0318298339844,2382200,0.0,0.0
2021-09-22 00:00:00-04:00,372.22957010723553,378.7192718910788,372.22957010723553,375.68585205078125,3629400,0.0,0.0
2021-09-23 00:00:00-04:00,376.6969888898012,381.33907465868225,374.5919916881908,375.0699768066406,2681600,0.0,0.0
2021-09-24 00:00:00-04:00,374.06803987194564,374.9413116122675,372.49617879178317,374.19671630859375,1950400,0.0,0.0
2021-09-27 00:00:00-04:00,374.8861642335886,378.8572086112938,372.2480025086638,372.532958984375,2608600,0.0,0.0
2021-09-28 00:00:00-04:00,370.07861700018077,371.3655216131092,364.9493448289434,366.42010498046875,3115400,0.0,0.0
2021-09-29 00:00:00-04:00,364.93097224334036,369.3892025777033,363.8278951113106,368.0655212402344,2056300,0.0,0.0
2021-09-30 00:00:00-04:00,369.0582678523601,370.89671103564797,358.91925481862387,359.1766357421875,3779900,0.0,0.0
2021-10-01 00:00:00-04:00,359.9672828153631,361.8884531195476,352.17227141236003,360.730224609375,3146600,0.0,0.0
2021-10-04 00:00:00-04:00,359.98558425380395,363.2304356118153,353.6797370918995,355.74798583984375,3074800,0.0,0.0
2021-10-05 00:00:00-04:00,357.88977019099525,364.02099121959725,357.7978424113128,361.6493835449219,3269400,0.0,0.0
2021-10-06 00:00:00-04:00,359.1859521569522,362.8904152375232,354.6725693278572,362.4032287597656,2809200,0.0,0.0
2021-10-07 00:00:00-04:00,364.7103508234068,375.19867206566727,364.6643729144993,372.00897216796875,2813700,0.0,0.0
2021-10-08 00:00:00-04:00,373.58090818044866,376.07199122423873,370.1154523430751,375.4653015136719,2012200,0.0,0.0
2021-10-11 00:00:00-04:00,375.042439923344,378.0023348115024,371.5585819527121,372.27557373046875,2164200,0.0,0.0
2021-10-12 00:00:00-04:00,372.38587115865334,375.391743923783,369.81206174585054,370.66693115234375,2415700,0.0,0.0
2021-10-13 00:00:00-04:00,370.7589060970401,372.5697741097076,365.9513661313232,370.9519348144531,3021800,0.0,0.0
2021-10-14 00:00:00-04:00,391.2759449841783,398.48264034993724,384.0508472293281,386.404052734375,6038800,0.0,0.0
2021-10-15 00:00:00-04:00,387.95750884497903,395.71574226878784,387.45194812888684,393.4912414550781,3312000,0.0,0.0
2021-10-18 00:00:00-04:00,393.42682810083807,393.42682810083807,389.6028630408578,390.3198547363281,2232800,0.0,0.0
2021-10-19 00:00:00-04:00,392.351319114449,393.2613675182617,389.1983959524587,390.0992431640625,1616800,0.0,0.0
2021-10-20 00:00:00-04:00,392.5076828419161,400.3486431592608,392.3606039972773,399.9441833496094,2764000,0.0,0.0
2021-10-21 00:00:00-04:00,400.3209930964226,406.75554407615846,399.93490769457543,406.5533142089844,2465100,0.0,0.0
2021-10-22 00:00:00-04:00,405.2297231434601,412.99715834820404,404.88041438124594,412.8776550292969,2736200,0.0,0.0
2021-10-25 00:00:00-04:00,413.64975074832535,416.07650941787665,410.3773238532654,413.1809387207031,3553500,0.0,0.0
2021-10-26 00:00:00-04:00,414.1002156701554,420.73699812358234,411.4344780866155,417.9150085449219,3103900,0.0,0.0
2021-10-27 00:00:00-04:00,417.9149332643238,423.24640747102507,416.8486328125,416.8486328125,3520400,0.0,0.0
2021-10-28 00:00:00-04:00,416.4073657093226,420.9115457323399,415.96612926268153,418.6502685546875,1672600,0.0,0.0
2021-10-29 00:00:00-04:00,417.70347584410297,424.1196524839712,416.46252111752403,423.2739562988281,2497800,0.0,0.0
2021-11-01 00:00:00-04:00,424.51489149681373,428.13662655026394,414.73436100361033,417.42767333984375,2203100,0.0,0.0
2021-11-02 00:00:00-04:00,419.4041106744887,419.5695638514014,413.9990824759744,415.5249938964844,2600000,0.0,0.0
2021-11-03 00:00:00-04:00,414.0358672760288,420.5623191692103,410.9288933154301,420.3876647949219,2438200,0.0,0.0
2021-11-04 00:00:00-04:00,420.6358819238306,421.472377089608,415.6353133178698,419.8637390136719,2517300,0.0,0.0
2021-11-05 00:00:00-04:00,420.8472351121082,424.2391652402533,417.8597647536142,418.99041748046875,2905000,0.0,0.0
2021-11-08 00:00:00-05:00,419.94643661656005,426.69352048587126,417.61160565855437,425.2503356933594,2279900,0.0,0.0
2021-11-09 00:00:00-05:00,425.250343032131,426.95090880627635,423.1085687906929,426.8406066894531,2657800,0.0,0.0
2021-11-10 00:00:00-05:00,427.7965764432837,428.35728818368517,419.74418582597525,422.7500305175781,2818200,0.0,0.0
2021-11-11 00:00:00-05:00,422.84193444302133,423.62327841062773,418.6502862066491,420.4427795410156,2246800,0.0,0.0
2021-11-12 00:00:00-05:00,423.457888049905,423.7612188787052,420.15785734257156,421.91357421875,2609500,0.0,0.0
2021-11-15 00:00:00-05:00,421.00350830304257,421.19653699147386,414.1093460491718,414.3851013183594,2849600,0.0,0.0
2021-11-16 00:00:00-05:00,416.39821811698744,421.3252608885819,413.0706401375951,413.3004455566406,3383800,0.0,0.0
2021-11-17 00:00:00-05:00,414.00825173052533,417.2898516958121,412.4823404277345,412.6845703125,2281500,0.0,0.0
2021-11-18 00:00:00-05:00,412.48244347835595,416.2328563981156,410.99328047172554,413.16265869140625,2073800,0.0,0.0
2021-11-19 00:00:00-05:00,411.93085807753215,413.14423755181275,403.997969679399,404.45758056640625,3536100,0.0,0.0
2021-11-22 00:00:00-05:00,407.04971696903937,407.90458632724085,402.05835039737855,402.19622802734375,2598700,0.0,0.0
2021-11-23 00:00:00-05:00,400.78985602646645,411.3700785497339,400.7806548328382,411.0115966796875,2857000,0.0,0.0
2021-11-24 00:00:00-05:00,410.56122447120475,414.55064358334465,409.64200270198114,413.796875,2248800,0.0,0.0
2021-11-26 00:00:00-05:00,408.9800956717086,411.97673907842415,402.81209840138143,404.3747863769531,2480600,0.0,0.0
2021-11-29 00:00:00-05:00,407.7300165497731,416.4809979265041,404.96314997409377,415.4882507324219,4079700,0.0,0.0
2021-11-30 00:00:00-05:00,410.94728692967783,414.8907562225432,405.60661062938055,408.3367004394531,7435400,0.0,0.0
2021-12-01 00:00:00-05:00,416.3063537980426,419.09159459166176,408.26316344737756,408.4469909667969,4325500,0.0,0.0
2021-12-02 00:00:00-05:00,407.35311005696923,411.7102401971847,403.7405753372812,409.99127197265625,4738700,0.0,0.0
2021-12-03 00:00:00-05:00,412.9423685303912,419.0935872600012,410.5446194562668,414.371826171875,3038300,1.45,0.0
2021-12-06 00:00:00-05:00,416.98173850680814,425.862720995074,416.40073544399917,424.3226013183594,4721500,0.0,0.0
2021-12-07 00:00:00-05:00,426.7572768592998,429.52393667686414,424.4332927443566,428.5832824707031,3105200,0.0,0.0
2021-12-08 00:00:00-05:00,429.8374290246588,433.60010162019705,426.51743207092363,432.3919677734375,3228300,0.0,0.0
2021-12-09 00:00:00-05:00,432.08762536338736,437.57484422262274,431.00861585503105,436.50506591796875,2977400,0.0,0.0
2021-12-10 00:00:00-05:00,435.2877031641527,441.2636970173672,434.3747146572119,441.03314208984375,2572300,0.0,0.0
2021-12-13 00:00:00-05:00,439.9172854800777,442.9052968148763,437.14142297819376,440.9501953125,2724800,0.0,0.0
2021-12-14 00:00:00-05:00,442.43490154475114,445.4690122412679,440.06479015869587,442.1674499511719,3018000,0.0,0.0
2021-12-15 00:00:00-05:00,443.2187853281423,456.86762538050397,442.79457215421,455.9269714355469,4188600,0.0,0.0
2021-12-16 00:00:00-05:00,455.58575214680985,458.30628331063474,451.98907288738644,454.5251770019531,4080800,0.0,0.0
2021-12-17 00:00:00-05:00,453.19715898597735,454.7741465895676,448.5491644163391,449.2315979003906,5707200,0.0,0.0
2021-12-20 00:00:00-05:00,444.5099268714988,447.2858173710848,438.29417465947256,446.1053771972656,3145600,0.0,0.0
2021-12-21 00:00:00-05:00,449.1394427478436,450.9654479449507,444.6943650388641,449.3146667480469,2536000,0.0,0.0
2021-12-22 00:00:00-05:00,449.25933777546055,456.9137784537721,448.1065631079961,455.6964416503906,1687500,0.0,0.0
2021-12-23 00:00:00-05:00,456.4987951415336,459.4037818454696,454.47913155393974,456.8492431640625,1706500,0.0,0.0
2021-12-27 00:00:00-05:00,459.8925462305747,461.38653774871614,458.01123817124073,460.6487731933594,1349400,0.0,0.0
2021-12-28 00:00:00-05:00,462.9543391646458,466.0161156523061,461.4787818572504,463.82122802734375,1495500,0.0,0.0
2021-12-29 00:00:00-05:00,465.51812528515626,467.7683439248835,462.95435528007897,466.2558898925781,1573900,0.0,0.0
2021-12-30 00:00:00-05:00,468.4230816996727,469.6219842887566,464.4759822041152,465.1953125,1309800,0.0,0.0
2021-12-31 00:00:00-05:00,464.9279051829233,467.4455472340336,462.9912379670513,463.0834655761719,1695400,0.0,0.0
2022-01-03 00:00:00-05:00,461.10986455743705,463.78429614308766,454.70042618252364,463.2125244140625,3033600,0.0,0.0
2022-01-04 00:00:00-05:00,464.0610020027633,464.56821162140966,452.69924762107604,452.7176818847656,3908100,0.0,0.0
2022-01-05 00:00:00-05:00,456.28667074303183,458.34323098570235,451.601806640625,451.601806640625,3921100,0.0,0.0
2022-01-06 00:00:00-05:00,442.6655254550004,446.48352912112955,427.09844997347295,433.12054443359375,6555200,0.0,0.0
2022-01-07 00:00:00-05:00,431.31290477327224,431.57112514617114,420.11714485821255,422.929931640625,5494200,0.0,0.0
2022-01-10 00:00:00-05:00,420.5322360131048,429.62530988799307,419.09357535194164,428.83221435546875,5831800,0.0,0.0
2022-01-11 00:00:00-05:00,430.861042457591,433.8582563946631,424.8389491190149,432.5210266113281,3332800,0.0,0.0
2022-01-12 00:00:00-05:00,432.49338816462443,438.3494890824378,430.067945770236,436.8739318847656,3502300,0.0,0.0
2022-01-13 00:00:00-05:00,438.8752117548428,439.4838520806387,429.73600979257316,431.0732116699219,3005300,0.0,0.0
2022-01-14 00:00:00-05:00,433.34184339303334,436.36672298833787,428.90594058956543,432.23516845703125,3665400,0.0,0.0
2022-01-18 00:00:00-05:00,428.98899437027836,429.4869727958981,422.69944861461875,425.13409423828125,3938800,0.0,0.0
2022-01-19 00:00:00-05:00,431.59881801455606,438.5062345361305,425.61362118959397,426.5450439453125,4030900,0.0,0.0
2022-01-20 00:00:00-05:00,428.2604302634479,434.94652373595545,426.0655426618605,426.9877624511719,3228600,0.0,0.0
2022-01-21 00:00:00-05:00,427.4488389033631,434.17182852175023,425.2078517452048,425.3000793457031,4273200,0.0,0.0
2022-01-24 00:00:00-05:00,422.44117785202087,428.0390580943709,413.27431193183514,426.3144836425781,4780700,0.0,0.0
2022-01-25 00:00:00-05:00,418.75225508588767,423.7506694923568,412.48114500102,421.3067932128906,3428900,0.0,0.0
2022-01-26 00:00:00-05:00,422.79162524757396,427.7992713754996,418.1805268290986,422.7731628417969,4435900,0.0,0.0
2022-01-27 00:00:00-05:00,422.45048421157946,432.22602089150257,421.46373029673845,425.69671630859375,3508100,0.0,0.0
2022-01-28 00:00:00-05:00,425.51223602832,430.0126734296706,419.68379978250806,429.8097839355469,3364400,0.0,0.0
2022-01-31 00:00:00-05:00,428.832234949378,436.37598665050666,428.278897404531,435.8134460449219,3500500,0.0,0.0
2022-02-01 00:00:00-05:00,438.05441498941383,438.05441498941383,426.75722218179214,431.97698974609375,3148600,0.0,0.0
2022-02-02 00:00:00-05:00,432.5763887169681,444.4914801334898,432.5763887169681,442.46258544921875,3026800,0.0,0.0
2022-02-03 00:00:00-05:00,459.86492410248877,461.2759193519228,445.95786110157945,450.7533874511719,4370900,0.0,0.0
2022-02-04 00:00:00-05:00,444.27933336870353,451.54642899149144,442.840672911228,445.5888977050781,3066400,0.0,0.0
2022-02-07 00:00:00-05:00,447.1935757546538,449.3607977639747,443.86434787141764,446.07769775390625,2937200,0.0,0.0
2022-02-08 00:00:00-05:00,443.9104427257769,457.11663512325504,443.9104427257769,455.03240966796875,3534700,0.0,0.0
2022-02-09 00:00:00-05:00,458.34327955577777,461.9675969232783,457.68851132242344,459.35772705078125,2818100,0.0,0.0
2022-02-10 00:00:00-05:00,453.9534666653142,455.7794720064306,447.34116644068854,448.8628234863281,2626100,0.0,0.0
2022-02-11 00:00:00-05:00,446.98150773124087,452.2842718401235,439.38242521430396,440.94097900390625,2493800,0.0,0.0
2022-02-14 00:00:00-05:00,438.15583629387214,440.58127887435796,432.82540696802585,437.5010681152344,2549500,0.0,0.0
2022-02-15 00:00:00-05:00,438.9212510734342,443.74447028903177,438.2388174940168,441.03314208984375,3001000,0.0,0.0
2022-02-16 00:00:00-05:00,438.5154897771037,444.2609289337523,434.73438318494334,442.7115783691406,2651800,0.0,0.0
2022-02-17 00:00:00-05:00,440.9778634011691,442.01074509581287,432.4196646033721,433.7568664550781,2403100,0.0,0.0
2022-02-18 00:00:00-05:00,433.67383292002626,437.98061149098544,430.5198290245589,431.4236145019531,2992300,0.0,0.0
2022-02-22 00:00:00-05:00,427.7532280230815,430.8519014073857,422.210705766808,426.5359191894531,3029800,0.0,0.0
2022-02-23 00:00:00-05:00,430.8518772520112,431.3406526277856,423.1513361745795,423.87066650390625,2840300,0.0,0.0
2022-02-24 00:00:00-05:00,414.5562827159014,421.076384216912,411.07029259107003,420.43084716796875,3933000,0.0,0.0
2022-02-25 00:00:00-05:00,421.1316303969314,438.77369818074555,420.74431387430593,438.74603271484375,3314400,0.0,0.0
2022-02-28 00:00:00-05:00,429.61614770396096,440.1847799185046,429.3947957892414,438.8567810058594,3918300,0.0,0.0
2022-03-01 00:00:00-05:00,434.26403882473005,439.86189089554153,431.34982125731557,439.2071228027344,2917600,0.0,0.0
2022-03-02 00:00:00-05:00,440.99625209275723,449.27779534649295,440.7195974331086,447.62701416015625,3675900,0.0,0.0
2022-03-03 00:00:00-05:00,448.1988136282791,453.1603605537748,444.7128239813713,448.742919921875,3139400,0.0,0.0
2022-03-04 00:00:00-05:00,443.30178007962456,460.79628852901845,440.35066584706595,459.8648376464844,4170100,0.0,0.0
2022-03-07 00:00:00-05:00,461.10987907800524,461.10987907800524,445.4505774527073,449.0011291503906,4123300,0.0,0.0
2022-03-08 00:00:00-05:00,441.55883622653846,446.8062692261397,434.8450770981508,436.6341857910156,3849500,0.0,0.0
2022-03-09 00:00:00-05:00,445.04475960247674,449.78498225409413,436.7540137074708,447.8022155761719,3115500,0.0,0.0
2022-03-10 00:00:00-05:00,442.0476018914821,455.30912704473207,440.6642721991778,453.2156982421875,2834800,0.0,0.0
2022-03-11 00:00:00-05:00,451.21780450793125,456.7397505093304,446.2970978666844,446.63006591796875,2615000,1.45,0.0
2022-03-14 00:00:00-04:00,453.5948803211348,458.3953667925375,448.85914703946656,451.301025390625,2704100,0.0,0.0
2022-03-15 00:00:00-04:00,453.22485131483745,462.41884341397105,450.7367371178111,460.54119873046875,3043000,0.0,0.0
2022-03-16 00:00:00-04:00,462.31719960032893,467.5616723211096,453.2342227895131,460.86505126953125,3497100,0.0,0.0
2022-03-17 00:00:00-04:00,458.77466341551906,469.06009086928907,458.0161985280862,468.96759033203125,2357200,0.0,0.0
2022-03-18 00:00:00-04:00,470.5584320817326,472.3528349684455,463.917306633117,468.13507080078125,5065600,0.0,0.0
2022-03-21 00:00:00-04:00,467.1084613293464,474.49879413908127,466.507221951893,469.5595703125,2617700,0.0,0.0
2022-03-22 00:00:00-04:00,471.0486724816113,473.4350562296592,466.9511560089216,467.3951416015625,2752500,0.0,0.0
2022-03-23 00:00:00-04:00,464.5740344229928,469.0045471816884,463.7045802725883,465.4620056152344,2753200,0.0,0.0
2022-03-24 00:00:00-04:00,467.09916780078856,477.07014347096367,466.04471256600465,474.92425537109375,2789200,0.0,0.0
2022-03-25 00:00:00-04:00,475.59943556564514,477.76384064233895,471.020927620082,474.5265197753906,2551100,0.0,0.0
2022-03-28 00:00:00-04:00,475.7196845012986,478.3280469516495,470.6232074637063,474.6837463378906,2643000,0.0,0.0
2022-03-29 00:00:00-04:00,478.29099997548417,480.59416989991666,469.22651306280284,472.39910888671875,3478400,0.0,0.0
2022-03-30 00:00:00-04:00,476.45030368972795,482.0832660225904,474.0176841312733,481.7317810058594,3041200,0.0,0.0
2022-03-31 00:00:00-04:00,478.2909667049265,482.7215072617337,471.41863262832703,471.69610595703125,3979700,0.0,0.0
2022-04-01 00:00:00-04:00,472.3528231006557,476.14514686615564,468.57904460284414,474.1195068359375,2344100,0.0,0.0
2022-04-04 00:00:00-04:00,473.7680389361814,474.0177367199068,466.66441079300444,471.74237060546875,2657500,0.0,0.0
2022-04-05 00:00:00-04:00,471.7239077541147,485.34838608325305,469.8740100766476,478.9015197753906,3268600,0.0,0.0
2022-04-06 00:00:00-04:00,479.32699739239445,493.478760889258,479.1235357301584,491.8415832519531,3955600,0.0,0.0
2022-04-07 00:00:00-04:00,490.22271949097626,497.88132039546497,488.7335659110072,496.651123046875,2867000,0.0,0.0
2022-04-08 00:00:00-04:00,498.54738268010686,507.7690947384377,497.71490621261324,504.98504638671875,3986700,0.0,0.0
2022-04-11 00:00:00-04:00,502.80218290152425,506.5112369010933,496.3645749003239,497.1045227050781,3574000,0.0,0.0
2022-04-12 00:00:00-04:00,495.226909119936,500.1476444738086,490.9444472755902,493.654541015625,3575700,0.0,0.0
2022-04-13 00:00:00-04:00,493.29364431071576,497.8814101570201,488.94637415757893,496.69744873046875,3012000,0.0,0.0
2022-04-14 00:00:00-04:00,498.08504953100663,511.76502527531864,493.9875321283353,494.6812438964844,4211300,0.0,0.0
2022-04-18 00:00:00-04:00,497.5299540577735,500.3972725943952,490.5743214084314,493.99664306640625,2087100,0.0,0.0
2022-04-19 00:00:00-04:00,495.6709373275345,501.76631967432746,495.06969789071553,497.3450927734375,2207600,0.0,0.0
2022-04-20 00:00:00-04:00,501.4517030382766,507.2048568687549,498.5473505638606,505.03125,2986300,0.0,0.0
2022-04-21 00:00:00-04:00,504.55960833541445,506.8719805092706,495.8003696389587,497.1045227050781,2539900,0.0,0.0
2022-04-22 00:00:00-04:00,492.1282607049993,493.3214243441704,481.13986434561775,481.84283447265625,3453300,0.0,0.0
2022-04-25 00:00:00-04:00,481.3434259374304,486.7636128950312,473.3241066245076,484.9229736328125,3030400,0.0,0.0
2022-04-26 00:00:00-04:00,484.89517416303994,486.76358889801713,474.9704911074141,475.2202453613281,2895300,0.0,0.0
2022-04-27 00:00:00-04:00,476.2654070347869,481.80589829507517,471.5574488097792,475.24798583984375,3353700,0.0,0.0
2022-04-28 00:00:00-04:00,477.97656237003184,486.7820932223635,474.65597125855766,485.0616455078125,2582700,0.0,0.0
2022-04-29 00:00:00-04:00,479.9096515657518,480.880892947547,468.9120252578405,470.3826904296875,2873200,0.0,0.0
2022-05-02 00:00:00-04:00,472.4731258475121,474.97049906530265,456.3142681024488,463.5381164550781,3184300,0.0,0.0
2022-05-03 00:00:00-04:00,463.5196065552059,467.5801171957439,460.1435490085759,462.1229248046875,2763400,0.0,0.0
2022-05-04 00:00:00-04:00,462.01194196694274,471.5111563176649,456.08301656164474,469.52252197265625,4002600,0.0,0.0
2022-05-05 00:00:00-04:00,469.1433003975147,472.34364375637307,452.5127380657407,457.5906982421875,3359700,0.0,0.0
2022-05-06 00:00:00-04:00,448.6094360972668,463.9265862940696,448.60017757636604,462.1229248046875,3260300,0.0,0.0
2022-05-09 00:00:00-04:00,453.5949136378206,457.50745746308735,448.07296783475005,449.91363525390625,3862700,0.0,0.0
2022-05-10 00:00:00-04:00,456.7489691454389,459.09834702407534,445.0113665002481,451.38427734375,4275500,0.0,0.0
2022-05-11 00:00:00-04:00,448.03598860718887,462.9553899003421,448.03598860718887,449.66387939453125,3936300,0.0,0.0
2022-05-12 00:00:00-04:00,449.6176217585172,450.3483392213371,436.0393800151677,442.865478515625,3997600,0.0,0.0
2022-05-13 00:00:00-04:00,444.8818958111546,450.45007757337095,440.099897968078,448.97015380859375,2453400,0.0,0.0
2022-05-16 00:00:00-04:00,448.9794564119833,458.3676822578616,447.8140117458739,452.5035095214844,2338800,0.0,0.0
2022-05-17 00:00:00-04:00,456.9247700462407,457.59073440292656,451.80054508583055,455.5650939941406,2289000,0.0,0.0
2022-05-18 00:00:00-04:00,451.61555261823776,452.49423712460464,433.209047184407,436.0024108886719,3240500,0.0,0.0
2022-05-19 00:00:00-04:00,429.4722135637589,445.4368099128178,428.55649509996573,442.63421630859375,3813800,0.0,0.0
2022-05-20 00:00:00-04:00,445.25188794527526,450.88482313061957,436.86259498789747,449.2754211425781,3068200,0.0,0.0
2022-05-23 00:00:00-04:00,449.7934005159779,458.53415052980466,449.7934005159779,455.1488342285156,2279800,0.0,0.0
2022-05-24 00:00:00-04:00,453.95563599249584,460.6984925180098,451.98549050377454,460.217529296875,2658100,0.0,0.0
2022-05-25 00:00:00-04:00,461.10548489798066,464.6110489002012,454.39037552364397,460.707763671875,3161600,0.0,0.0
2022-05-26 00:00:00-04:00,464.0838347188552,469.1895705215542,461.92871628232126,464.5370788574219,2705800,0.0,0.0
2022-05-27 00:00:00-04:00,454.14992844668524,469.05084228515625,452.66077420592694,469.05084228515625,3349100,0.0,0.0
2022-05-31 00:00:00-04:00,465.82270963023956,466.2759255090408,458.4601250939063,459.4960632324219,4003100,0.0,0.0
2022-06-01 00:00:00-04:00,460.9205302035154,463.7508715030788,451.1715611565749,455.58355712890625,1765900,0.0,0.0
2022-06-02 00:00:00-04:00,456.9247095046017,458.9133437891924,446.7225253182326,455.3153076171875,2093500,0.0,0.0
2022-06-03 00:00:00-04:00,451.6802295098207,454.7695833036284,448.5076619395009,449.16436767578125,1756900,0.0,0.0
2022-06-06 00:00:00-04:00,452.69773729357007,456.5825339982705,449.79341240042976,453.3914489746094,1781500,0.0,0.0
2022-06-07 00:00:00-04:00,452.76237660901023,460.26369681746314,450.56099424520386,459.7919921875,2341900,0.0,0.0
2022-06-08 00:00:00-04:00,456.9246562157993,460.53195048785363,451.88367452739914,456.48992919921875,3268100,0.0,0.0
2022-06-09 00:00:00-04:00,455.8887468489212,459.2000509716238,451.01424884500614,452.6976623535156,3148800,0.0,0.0
2022-06-10 00:00:00-04:00,448.41522111322956,453.372961958218,444.83567334120727,448.25799560546875,2599900,0.0,0.0
2022-06-13 00:00:00-04:00,439.4709209409415,445.21484499488895,432.19157851590535,434.4484558105469,3764600,0.0,0.0
2022-06-14 00:00:00-04:00,432.41354817884576,433.967455331464,423.0900770359399,427.0950927734375,3814200,0.0,0.0
2022-06-15 00:00:00-04:00,429.3612561935799,433.81948808091585,422.239138944599,429.4814758300781,2550700,0.0,0.0
2022-06-16 00:00:00-04:00,420.8673009408427,424.96087474630457,418.34246726699297,423.3642883300781,3135600,1.65,0.0
2022-06-17 00:00:00-04:00,418.40747241867365,428.34899311605545,417.43282408028983,419.62347412109375,5277400,0.0,0.0
2022-06-21 00:00:00-04:00,424.9609461009166,450.31138069693776,424.30189836914457,445.8558044433594,5726800,0.0,0.0
2022-06-22 00:00:00-04:00,441.5858634123828,460.33647261210876,440.49053825637066,454.544189453125,5061000,0.0,0.0
2022-06-23 00:00:00-04:00,459.4360881539178,467.4468398772118,456.66060900673926,463.9473571777344,4687700,0.0,0.0
2022-06-24 00:00:00-04:00,463.6038359940748,463.90088193018084,451.6480061804731,460.0765075683594,15861100,0.0,0.0
2022-06-27 00:00:00-04:00,457.46807449713975,475.16049294049117,457.2360126873061,469.37750244140625,3907100,0.0,0.0
2022-06-28 00:00:00-04:00,475.3369334201653,481.39835934046596,468.83917344315495,471.9580993652344,4978200,0.0,0.0
2022-06-29 00:00:00-04:00,472.33862988390314,481.4818711759868,469.70241103154126,478.7064208984375,3823400,0.0,0.0
2022-06-30 00:00:00-04:00,476.70142014841764,479.27268346410887,473.14624522572944,476.77569580078125,3568900,0.0,0.0
2022-07-01 00:00:00-04:00,475.55966484139486,480.39585368374225,466.26790027794857,480.2751770019531,2426600,0.0,0.0
2022-07-05 00:00:00-04:00,471.2155178103025,474.33441543772466,456.92977690649695,468.9877014160156,3029600,0.0,0.0
2022-07-06 00:00:00-04:00,469.3589759155738,480.28440805356695,468.1150996115604,478.3165283203125,2506700,0.0,0.0
2022-07-07 00:00:00-04:00,478.27943343195375,480.182329113979,475.4761083851615,477.47186279296875,2385400,0.0,0.0
2022-07-08 00:00:00-04:00,475.55034076775166,490.45798916054923,474.34363068813917,481.4168701171875,3092100,0.0,0.0
2022-07-11 00:00:00-04:00,477.9174210039807,484.0531224412088,475.0862778940458,479.85748291015625,1743600,0.0,0.0
2022-07-12 00:00:00-04:00,476.4229691115257,481.8903597923225,473.9816739628704,477.5090026855469,2706500,0.0,0.0
2022-07-13 00:00:00-04:00,471.6146648646942,475.1327021261806,465.22831819927393,465.27471923828125,3467700,0.0,0.0
2022-07-14 00:00:00-04:00,459.4824320596204,469.59105916230516,456.9575981685218,466.3793029785156,3765500,0.0,0.0
2022-07-15 00:00:00-04:00,488.313900043417,493.8184011729048,478.46520721280893,491.7391357421875,5742500,0.0,0.0
2022-07-18 00:00:00-04:00,492.899341995013,493.97608399062756,481.5283119772373,482.10382080078125,3212000,0.0,0.0
2022-07-19 00:00:00-04:00,483.7004895948923,495.5356446055358,483.2363658689847,495.1736145019531,2953500,0.0,0.0
2022-07-20 00:00:00-04:00,495.17352992403227,495.73045563770455,478.7249584263804,482.19659423828125,4327500,0.0,0.0
2022-07-21 00:00:00-04:00,482.1223809111004,484.9813418158313,474.46434065168404,484.97210693359375,2667600,0.0,0.0
2022-07-22 00:00:00-04:00,488.25817845500194,489.743351772801,481.2035202118606,483.99749755859375,1850300,0.0,0.0
2022-07-25 00:00:00-04:00,488.3417928414849,494.6538650356055,486.6059177487592,491.4792175292969,2337200,0.0,0.0
2022-07-26 00:00:00-04:00,495.4984731062625,499.06296821132753,492.9272662183476,493.44708251953125,2637800,0.0,0.0
2022-07-27 00:00:00-04:00,495.2569518806188,499.2669862690538,490.15159268070556,496.25018310546875,2268100,0.0,0.0
2022-07-28 00:00:00-04:00,498.9235773702423,505.2821046697423,493.5861559819334,502.6365661621094,2344500,0.0,0.0
2022-07-29 00:00:00-04:00,501.26285752118207,504.82729559652245,498.18106953904555,503.4256896972656,2945700,0.0,0.0
2022-08-01 00:00:00-04:00,503.3607259497601,504.6417118693342,492.8993598251461,496.965087890625,2335000,0.0,0.0
2022-08-02 00:00:00-04:00,498.9794036297052,501.7456195466956,493.5677051519785,497.0393981933594,2114200,0.0,0.0
2022-08-03 00:00:00-04:00,498.7101312718211,504.61377023975444,497.25277627698273,501.8569030761719,1802900,0.0,0.0
2022-08-04 00:00:00-04:00,500.5944963244281,501.6527119078597,494.53307054947356,495.4520263671875,2368000,0.0,0.0
2022-08-05 00:00:00-04:00,491.9710097265441,497.0763692614422,489.7060843211972,496.6679382324219,2373400,0.0,0.0
2022-08-08 00:00:00-04:00,501.1700308198076,502.4603083083676,495.1457142345104,498.0975341796875,1656400,0.0,0.0
2022-08-09 00:00:00-04:00,501.2535938784441,506.58172486697674,497.89334283712435,498.710205078125,2147200,0.0,0.0
2022-08-10 00:00:00-04:00,501.49477725457547,503.0913350398209,495.5075722484939,499.1369934082031,2291400,0.0,0.0
2022-08-11 00:00:00-04:00,499.61982961790005,499.9818596709178,491.664743268248,494.6258544921875,3006200,0.0,0.0
2022-08-12 00:00:00-04:00,497.1785340774594,505.3378642899252,496.10179211345604,504.6880798339844,1981000,0.0,0.0
2022-08-15 00:00:00-04:00,502.8038054554872,507.9463328446393,499.91696933937953,505.56072998046875,1447300,0.0,0.0
2022-08-16 00:00:00-04:00,506.0897375988268,508.1597109756859,503.472073379125,506.9344177246094,1773000,0.0,0.0
2022-08-17 00:00:00-04:00,506.11754567634074,508.4845649456486,502.7108939698803,505.894775390625,1471700,0.0,0.0
2022-08-18 00:00:00-04:00,505.9041643489213,508.8002919323619,502.94305264368006,506.09906005859375,1486400,0.0,0.0
2022-08-19 00:00:00-04:00,506.3588376137828,513.4413681425608,505.7276363289167,508.97650146484375,2258000,0.0,0.0
2022-08-22 00:00:00-04:00,502.54390740649336,510.0905638103718,502.5067412483205,505.4957275390625,1672900,0.0,0.0
2022-08-23 00:00:00-04:00,504.30745208486553,504.30745208486553,494.95076015116854,497.3548889160156,2039600,0.0,0.0
2022-08-24 00:00:00-04:00,498.1717775528721,501.12359730676417,496.6309118910497,497.96759033203125,1761200,0.0,0.0
2022-08-25 00:00:00-04:00,496.6215465446154,503.1285685209381,493.1313279865634,502.7108459472656,1965800,0.0,0.0
2022-08-26 00:00:00-04:00,503.3513779765066,504.21464114626326,490.31874993519506,491.2748718261719,1906700,0.0,0.0
2022-08-29 00:00:00-04:00,488.25814896554647,494.66307890514196,485.3527299725139,491.7576599121094,1594000,0.0,0.0
2022-08-30 00:00:00-04:00,492.3516420599565,492.9829001022667,484.3501545967115,485.3248596191406,2013400,0.0,0.0
2022-08-31 00:00:00-04:00,483.4498215154541,489.27918577288494,481.9088990919807,482.0667419433594,2891300,0.0,0.0
2022-09-01 00:00:00-04:00,482.06677255906766,486.6430257694469,478.13101236669365,486.40167236328125,2085300,0.0,0.0
2022-09-02 00:00:00-04:00,491.6183673152213,491.77615350443796,476.9427786692645,479.3005065917969,1944200,0.0,0.0
2022-09-06 00:00:00-04:00,482.6235905121735,489.6040280288003,479.82955719802203,480.5350341796875,2711900,0.0,0.0
2022-09-07 00:00:00-04:00,479.9038260460583,485.9374331433492,477.7502856372625,484.2480163574219,2504400,0.0,0.0
2022-09-08 00:00:00-04:00,483.5704894234686,490.56945435194206,481.5840264103781,489.6597900390625,1557500,0.0,0.0
2022-09-09 00:00:00-04:00,491.4941850168611,491.4941850168611,486.60559515309194,488.24444580078125,2495500,1.65,0.0
2022-09-12 00:00:00-04:00,488.8589915556066,498.1892327811578,486.531091595818,494.6787414550781,2792000,0.0,0.0
2022-09-13 00:00:00-04:00,487.92780475686106,489.10107536547486,476.72595190264343,478.5789794921875,3172500,0.0,0.0
2022-09-14 00:00:00-04:00,478.61621551012826,479.9012207910567,471.2600575698783,474.6773986816406,2648100,0.0,0.0
2022-09-15 00:00:00-04:00,480.7579180799196,491.633860545076,478.7466373969346,486.9128723144531,3058100,0.0,0.0
2022-09-16 00:00:00-04:00,482.8251150707424,486.82909181752217,481.4842423594001,485.15301513671875,3981700,0.0,0.0
2022-09-19 00:00:00-04:00,482.89027200239815,487.9278224140964,477.6571007041958,487.5087890625,2130800,0.0,0.0
2022-09-20 00:00:00-04:00,488.1512974454466,488.5516894156982,479.3704656788244,486.8104248046875,2421700,0.0,0.0
2022-09-21 00:00:00-04:00,488.88693229012483,491.6617707343234,476.7725323349472,476.8283996582031,2427700,0.0,0.0
2022-09-22 00:00:00-04:00,475.8506631994729,485.10636686351654,471.2693437893988,481.8380432128906,2285600,0.0,0.0
2022-09-23 00:00:00-04:00,478.2064746120646,479.2307277657587,471.52075336907774,478.2530212402344,2536900,0.0,0.0
2022-09-26 00:00:00-04:00,472.4612735395221,477.2846753918836,464.648827706187,473.3644714355469,2867400,0.0,0.0
2022-09-27 00:00:00-04:00,475.23606855948054,481.2140991404929,468.91348494906856,473.3737487792969,2583400,0.0,0.0
2022-09-28 00:00:00-04:00,471.61385810624927,480.7299211306761,466.3248484824805,478.560302734375,3027300,0.0,0.0
2022-09-29 00:00:00-04:00,479.3332450402927,479.3332450402927,467.87996014188667,473.8021240234375,2392000,0.0,0.0
2022-09-30 00:00:00-04:00,475.91583705137515,480.9906415254049,470.08676690467314,470.27301025390625,3116000,0.0,0.0
2022-10-03 00:00:00-04:00,472.1726078276799,482.16396501706913,470.6082658227485,480.0223083496094,2562400,0.0,0.0
2022-10-04 00:00:00-04:00,482.66673994101984,488.4772258003563,481.2514154561948,487.1549377441406,3189800,0.0,0.0
2022-10-05 00:00:00-04:00,485.1343812731493,492.9095448806919,484.3242765843059,490.7865295410156,2281800,0.0,0.0
2022-10-06 00:00:00-04:00,491.9598113768876,492.19260139234365,481.1676412536068,483.39312744140625,2187300,0.0,0.0
2022-10-07 00:00:00-04:00,478.77451995013985,478.77451995013985,466.56702602425565,470.09613037109375,3273700,0.0,0.0
2022-10-10 00:00:00-04:00,470.79446991710876,471.4555855158114,460.94278186845963,464.5184326171875,2459100,0.0,0.0
2022-10-11 00:00:00-04:00,462.7585548442738,471.93977817941925,461.09177060101507,465.4030456542969,2844500,0.0,0.0
2022-10-12 00:00:00-04:00,467.56332357141315,473.262017593693,463.9131642722416,465.5426940917969,2254300,0.0,0.0
2022-10-13 00:00:00-04:00,459.4808850757791,478.1226684811995,454.16394134309263,474.8077697753906,3999700,0.0,0.0
2022-10-14 00:00:00-04:00,484.2031553723141,493.4309251150774,476.68868804488255,477.80609130859375,5628900,0.0,0.0
2022-10-17 00:00:00-04:00,482.09874998361465,488.2164777584292,479.8081328488625,485.9537658691406,3282300,0.0,0.0
2022-10-18 00:00:00-04:00,495.3771137049581,495.3771137049581,482.648172580091,486.2610778808594,2345500,0.0,0.0
2022-10-19 00:00:00-04:00,485.8234215053684,487.7602502673799,479.17492529838967,484.5011901855469,2500500,0.0,0.0
2022-10-20 00:00:00-04:00,487.04318411805014,492.97466825359595,483.9983298306206,485.0225830078125,2390800,0.0,0.0
2022-10-21 00:00:00-04:00,482.39671574292447,499.5952693703095,482.3501691126712,496.98797607421875,2896000,0.0,0.0
2022-10-24 00:00:00-04:00,501.0292882825962,508.8603191925597,500.77785688570907,504.3162536621094,2627100,0.0,0.0
2022-10-25 00:00:00-04:00,500.7684771600892,506.47649206473636,497.14630823404946,503.03118896484375,2411900,0.0,0.0
2022-10-26 00:00:00-04:00,504.1113813464424,509.9404517622856,503.0219401116885,505.77813720703125,2863500,0.0,0.0
2022-10-27 00:00:00-04:00,508.8975150693384,508.8975150693384,502.60286519627124,504.5024108886719,2212100,0.0,0.0
2022-10-28 00:00:00-04:00,507.45427179772713,514.9315143769883,506.2624164715765,513.2926635742188,2761900,0.0,0.0
2022-10-31 00:00:00-04:00,516.7936529157355,519.6802253607918,512.2589095530452,516.933349609375,2770400,0.0,0.0
2022-11-01 00:00:00-04:00,516.7937704573606,517.4362730939715,506.75583895110316,509.6331481933594,3338900,0.0,0.0
2022-11-02 00:00:00-04:00,506.93281284278527,516.4027513785426,505.68509021477996,506.0202941894531,2696200,0.0,0.0
2022-11-03 00:00:00-04:00,504.4466015842735,510.1546168435715,501.08512767577196,506.1878662109375,2245300,0.0,0.0
2022-11-04 00:00:00-04:00,509.3911120904232,510.052256209481,490.85173984274206,501.1224060058594,3513100,0.0,0.0
2022-11-07 00:00:00-05:00,501.1223440933543,509.2979558929311,498.60820081291416,507.5008239746094,2540300,0.0,0.0
2022-11-08 00:00:00-05:00,509.39112770903256,516.607618574286,504.68878051192274,514.9780883789062,2797000,0.0,0.0
2022-11-09 00:00:00-05:00,515.6578514228239,516.4306733616701,502.3049909973128,503.44097900390625,2672600,0.0,0.0
2022-11-10 00:00:00-05:00,511.14165075106223,513.7209821315796,497.19289217131745,506.7093200683594,3426400,0.0,0.0
2022-11-11 00:00:00-05:00,508.6741292953451,508.6741292953451,474.565704377572,486.1400451660156,7034300,0.0,0.0
2022-11-14 00:00:00-05:00,486.0655544308851,492.5650335045627,478.06686445755247,478.38348388671875,5238400,0.0,0.0
2022-11-15 00:00:00-05:00,477.50816936332586,481.0745281666029,466.2969947240336,468.3828125,5103800,0.0,0.0
2022-11-16 00:00:00-05:00,471.0645087680657,478.7372574676165,470.6734090956415,476.3069152832031,3430800,0.0,0.0
2022-11-17 00:00:00-05:00,476.9028828231989,490.70268090774454,476.9028828231989,479.8360595703125,4246300,0.0,0.0
2022-11-18 00:00:00-05:00,486.1772556634655,496.3082810311947,483.70039506505753,493.5148010253906,3566000,0.0,0.0
2022-11-21 00:00:00-05:00,492.5929573496048,495.3305700043615,479.9012420890773,481.5866394042969,3349600,0.0,0.0
2022-11-22 00:00:00-05:00,484.1473286619978,488.542376545505,484.1193665821513,487.08050537109375,2567400,0.0,0.0
2022-11-23 00:00:00-05:00,488.85893696444737,493.9244489846185,486.9966172045828,493.2447204589844,2238300,0.0,0.0
2022-11-25 00:00:00-05:00,497.23940456152707,503.61782737353565,495.86130604646354,500.6101989746094,1419200,0.0,0.0
2022-11-28 00:00:00-05:00,498.94349801151554,502.4353481465733,495.08848182237216,495.6285705566406,2699900,0.0,0.0
2022-11-29 00:00:00-05:00,495.0698070083745,496.2803036067635,487.60194267053157,491.6524658203125,3751000,0.0,0.0
2022-11-30 00:00:00-05:00,493.2539936169108,510.35013252823035,491.16820453989754,510.0521545410156,9688900,0.0,0.0
2022-12-01 00:00:00-05:00,514.3354988257827,514.931454836699,498.9154922526564,499.9490661621094,2997800,0.0,0.0
2022-12-02 00:00:00-05:00,497.679392922502,503.07805854444746,497.3151074144794,500.7896728515625,2346200,1.65,0.0
2022-12-05 00:00:00-05:00,496.42788582441904,504.7314310613215,495.85814087338713,499.7436828613281,2424800,0.0,0.0
2022-12-06 00:00:00-05:00,499.1645607824372,504.92756997831157,498.99644213451325,503.7413330078125,3097700,0.0,0.0
2022-12-07 00:00:00-05:00,505.1610894211651,509.89657397022944,504.03089197353074,507.094482421875,2849100,0.0,0.0
2022-12-08 00:00:00-05:00,508.9157343155197,514.9215422886033,507.90702264027135,511.77386474609375,2272300,0.0,0.0
2022-12-09 00:00:00-05:00,511.78321668674215,512.306271375671,503.320904428441,503.629150390625,2852400,0.0,0.0
2022-12-12 00:00:00-05:00,506.1043519540252,510.0553393315887,503.7039439817334,509.8498229980469,2714100,0.0,0.0
2022-12-13 00:00:00-05:00,514.2397349629617,514.6413611628496,499.79960557289604,502.7137756347656,3369700,0.0,0.0
2022-12-14 00:00:00-05:00,506.1791306609547,507.62686650171554,496.50258858026666,502.8446350097656,2654600,0.0,0.0
2022-12-15 00:00:00-05:00,498.7627773536471,498.8375157320738,490.8048218072361,492.8690490722656,2963800,0.0,0.0
2022-12-16 00:00:00-05:00,490.50599707815104,491.12243194486234,481.698041859745,489.1516418457031,7109100,0.0,0.0
2022-12-19 00:00:00-05:00,489.99231896264064,492.43018160302665,486.56444339956573,489.05828857421875,1808100,0.0,0.0
2022-12-20 00:00:00-05:00,492.2247568938973,492.2247568938973,485.4156946180175,485.8920593261719,2086100,0.0,0.0
2022-12-21 00:00:00-05:00,489.0863390513911,493.05596822005117,483.9211236159983,492.7383728027344,2182000,0.0,0.0
2022-12-22 00:00:00-05:00,491.7483133561139,494.11143766403563,487.21828865872726,492.318115234375,1851600,0.0,0.0
2022-12-23 00:00:00-05:00,489.5253547819801,496.2597351074219,488.4045638060286,496.2597351074219,1292300,0.0,0.0
2022-12-27 00:00:00-05:00,498.70679647198995,500.49082628857747,494.8959368455623,496.894775390625,1596700,0.0,0.0
2022-12-28 00:00:00-05:00,499.7715011270439,502.6483298474312,492.9156949901702,493.5882263183594,1694200,0.0,0.0
2022-12-29 00:00:00-05:00,497.40850690180076,498.4733151932383,493.97128202142585,494.92401123046875,1379700,0.0,0.0
2022-12-30 00:00:00-05:00,495.0360439897961,495.5030591256355,490.2164728717539,495.20416259765625,1849600,0.0,0.0
2023-01-03 00:00:00-05:00,490.4873543441228,490.9543695115894,478.3729512555228,484.4255065917969,3525600,0.0,0.0
2023-01-04 00:00:00-05:00,484.4255572712295,484.4255572712295,467.57564028502213,471.2183532714844,5070400,0.0,0.0
2023-01-05 00:00:00-05:00,467.95859610630015,468.9673364314835,456.27386627438204,457.6375427246094,5497100,0.0,0.0
2023-01-06 00:00:00-05:00,459.1600011564924,460.35555892894615,455.3771894362451,457.6748962402344,4841300,0.0,0.0
2023-01-09 00:00:00-05:00,459.92587294731874,467.0058102257061,456.3111801723204,457.73089599609375,3702800,0.0,0.0
2023-01-10 00:00:00-05:00,456.600743425644,458.1138680356846,450.8377636100047,453.9387512207031,3164000,0.0,0.0
2023-01-11 00:00:00-05:00,453.2756432184685,462.90549483846087,453.0047664078528,460.8506164550781,4274200,0.0,0.0
2023-01-12 00:00:00-05:00,457.67492103091257,465.8290171304365,453.21025661490734,462.97088623046875,3726800,0.0,0.0
2023-01-13 00:00:00-05:00,454.0414584941653,475.8884410396809,453.9387288425612,457.2732238769531,5390100,0.0,0.0
2023-01-17 00:00:00-05:00,458.79572703764353,460.42093075258566,451.86520918217644,453.0794372558594,4495600,0.0,0.0
2023-01-18 00:00:00-05:00,455.85352866046566,457.2078841521337,443.43093565112457,444.8226318359375,4398200,0.0,0.0
2023-01-19 00:00:00-05:00,446.34510371572054,454.30306098483754,445.8967873654688,452.4069519042969,4549600,0.0,0.0
2023-01-20 00:00:00-05:00,453.4997686587727,454.86344503054454,447.40055142564904,454.61126708984375,3525900,0.0,0.0
2023-01-23 00:00:00-05:00,454.5738933646357,457.76828977007875,449.6328932333544,453.76129150390625,3418700,0.0,0.0
2023-01-24 00:00:00-05:00,467.2580796345017,467.2580796345017,448.3346136934656,459.16937255859375,3036300,0.0,0.0
2023-01-25 00:00:00-05:00,457.00243049053677,462.68132324684694,453.68663370005675,460.010009765625,3037300,0.0,0.0
2023-01-26 00:00:00-05:00,460.00994231788707,463.69937356156504,458.21659152369085,459.99127197265625,3005000,0.0,0.0
2023-01-27 00:00:00-05:00,460.8225521619436,460.8225521619436,452.5096876947206,453.9854431152344,3177100,0.0,0.0
2023-01-30 00:00:00-05:00,455.62937644863877,462.5785650469046,452.81793576583215,453.7426452636719,3606900,0.0,0.0
2023-01-31 00:00:00-05:00,465.1471684659071,472.15239690665874,460.598444692408,466.2586669921875,5567000,0.0,0.0
2023-02-01 00:00:00-05:00,466.9685360014858,471.10628406388656,462.9708868060523,464.213134765625,3451200,0.0,0.0
2023-02-02 00:00:00-05:00,461.65385367456656,462.34502701780906,433.28735627459326,439.7695007324219,11169900,0.0,0.0
2023-02-03 00:00:00-05:00,443.8792700211671,447.1950664854025,438.7607732510014,440.8810119628906,5440100,0.0,0.0
2023-02-06 00:00:00-05:00,440.8623310693662,447.3725238357126,439.9376501319457,443.8885803222656,4174200,0.0,0.0
2023-02-07 00:00:00-05:00,439.9656761822947,446.54122950456286,438.08826600561355,445.42041015625,3394600,0.0,0.0
2023-02-08 00:00:00-05:00,444.103427613317,453.04210522506673,443.7671618529745,451.3421630859375,3466400,0.0,0.0
2023-02-09 00:00:00-05:00,453.5931757342538,457.3946862029069,450.5762473603601,453.68658447265625,3664600,0.0,0.0
2023-02-10 00:00:00-05:00,456.86226989857977,462.9614869471419,456.5073338046964,461.6445007324219,3418100,0.0,0.0
2023-02-13 00:00:00-05:00,461.4110198058371,466.89377371935285,459.3188008212256,462.6719665527344,2589000,0.0,0.0
2023-02-14 00:00:00-05:00,461.6818811374939,465.1004357238329,456.8249117952501,460.31817626953125,2072600,0.0,0.0
2023-02-15 00:00:00-05:00,457.3480138092589,459.3841933922572,456.171154800338,458.84246826171875,2242500,0.0,0.0
2023-02-16 00:00:00-05:00,458.74904179502676,461.41103423184904,455.12499915170054,455.1997375488281,2611500,0.0,0.0
2023-02-17 00:00:00-05:00,455.2277153087371,466.5107893642166,455.1996955384869,466.1558532714844,3891500,0.0,0.0
2023-02-21 00:00:00-05:00,463.93287464266183,468.3228000752527,458.14187521577094,458.8984375,2877300,0.0,0.0
2023-02-22 00:00:00-05:00,460.2995364191537,461.30830525144734,456.43266524028587,456.6381530761719,2982800,0.0,0.0
2023-02-23 00:00:00-05:00,454.55524611188775,460.7852130302154,453.81735410131523,459.25341796875,2511800,0.0,0.0
2023-02-24 00:00:00-05:00,457.28259642912053,460.01932719877004,451.14603828740763,452.3789367675781,2940400,0.0,0.0
2023-02-27 00:00:00-05:00,456.52602594317335,458.55288444241563,450.1652812330055,451.4355773925781,3006200,0.0,0.0
2023-02-28 00:00:00-05:00,450.8284541256352,451.47290886107754,442.6556883356388,444.54241943359375,3902100,0.0,0.0
2023-03-01 00:00:00-05:00,442.3660998803973,446.84946265792604,440.8623247006857,443.8699035644531,2996900,0.0,0.0
2023-03-02 00:00:00-05:00,443.86058521736885,448.73622512039833,442.0298935864791,446.18634033203125,2188800,0.0,0.0
2023-03-03 00:00:00-05:00,446.41043825267496,447.4939168075809,442.9358444401636,446.9895324707031,2863300,0.0,0.0
2023-03-06 00:00:00-05:00,449.614215392347,452.397636284944,447.4005678739998,449.0631408691406,3812700,0.0,0.0
2023-03-07 00:00:00-05:00,451.1180298286722,451.90261197367374,441.38542015253205,442.61834716796875,2589200,0.0,0.0
2023-03-08 00:00:00-05:00,440.62878610725215,444.0286700202434,435.96798411539265,439.5546569824219,3036600,0.0,0.0
2023-03-09 00:00:00-05:00,442.68372468354414,442.68372468354414,433.15660308985633,434.2400817871094,2780400,0.0,0.0
2023-03-10 00:00:00-05:00,433.7807756536834,439.4892774967021,428.92527228456925,431.4936218261719,3787500,1.65,0.0
2023-03-13 00:00:00-04:00,429.918853201894,440.90468019716633,429.918853201894,434.6337585449219,2971600,0.0,0.0
2023-03-14 00:00:00-04:00,435.5430083426752,440.40789439955415,430.29380240895915,435.4773864746094,3258200,0.0,0.0
2023-03-15 00:00:00-04:00,432.11230152048694,439.5080638168294,430.47192636336825,436.274169921875,3770200,0.0,0.0
2023-03-16 00:00:00-04:00,435.599185696425,443.7354666122162,434.09005458020374,442.4512634277344,2940500,0.0,0.0
2023-03-17 00:00:00-04:00,441.8607604286779,442.4419172318122,437.08958779652704,440.0891418457031,5290000,0.0,0.0
2023-03-20 00:00:00-04:00,440.5578505377015,449.76270440796173,440.5578505377015,447.08184814453125,3119400,0.0,0.0
2023-03-21 00:00:00-04:00,448.4223042723964,451.29061488565384,445.9195480754829,450.0251770019531,3163300,0.0,0.0
2023-03-22 00:00:00-04:00,451.7592837978125,455.31184675221857,445.0759228314253,445.7320556640625,2632200,0.0,0.0
2023-03-23 00:00:00-04:00,447.5036585054276,450.55945181870123,437.4364523611739,440.4734802246094,3284900,0.0,0.0
2023-03-24 00:00:00-04:00,439.6017534475419,447.0068689914124,438.29881331692576,446.172607421875,2533200,0.0,0.0
2023-03-27 00:00:00-04:00,455.1337502009885,455.8274139401102,448.60975248302907,451.71240234375,2271800,0.0,0.0
2023-03-28 00:00:00-04:00,451.8061748212086,453.4840522352717,441.20466707393587,442.97625732421875,2369500,0.0,0.0
2023-03-29 00:00:00-04:00,445.34775354326354,446.0695368755437,435.8242298214273,437.3614807128906,3733200,0.0,0.0
2023-03-30 00:00:00-04:00,437.34276817452684,440.9422164927427,432.19665754738935,440.6141357421875,3324600,0.0,0.0
2023-03-31 00:00:00-04:00,441.982647172791,446.1820176368989,440.6516159966073,442.9856262207031,3996700,0.0,0.0
2023-04-03 00:00:00-04:00,454.8056521830386,465.0509578759482,453.20275103102995,463.23248291015625,4729100,0.0,0.0
2023-04-04 00:00:00-04:00,462.1452207007703,465.02291417970036,461.02976334061015,462.3514404296875,2624700,0.0,0.0
2023-04-05 00:00:00-04:00,466.2320782749274,479.68313025343366,465.02287956329576,477.33038330078125,4964800,0.0,0.0
2023-04-06 00:00:00-04:00,478.9894821146555,482.0265099902325,475.38065152823435,480.68609619140625,3472600,0.0,0.0
2023-04-10 00:00:00-04:00,478.8113773462271,483.1044888779876,476.2617648932741,482.9076232910156,2714500,0.0,0.0
2023-04-11 00:00:00-04:00,483.807506311279,489.50659627488915,482.94509658863495,488.33489990234375,3065300,0.0,0.0
2023-04-12 00:00:00-04:00,492.0937619031455,493.7060460285856,487.46321507156586,488.54119873046875,3422400,0.0,0.0
2023-04-13 00:00:00-04:00,491.0907360265314,497.2210881127272,487.89437346956856,493.2654113769531,4224400,0.0,0.0
2023-04-14 00:00:00-04:00,489.3004503487855,494.2121928420861,476.64612835700655,479.73004150390625,4872000,0.0,0.0
2023-04-17 00:00:00-04:00,476.8523092882521,477.6678053955506,471.25628620735324,473.69342041015625,3660900,0.0,0.0
2023-04-18 00:00:00-04:00,472.11867270958555,475.2306766041804,466.9350889857912,472.8779296875,3232000,0.0,0.0
2023-04-19 00:00:00-04:00,469.2878351771753,470.52515343774184,453.33402733469114,455.7430419921875,5809100,0.0,0.0
2023-04-20 00:00:00-04:00,455.0587408382288,458.97688655057175,452.9871897098741,456.924072265625,3283000,0.0,0.0
2023-04-21 00:00:00-04:00,459.34250864955277,459.9892873755408,451.93739283971854,453.51214599609375,3165300,0.0,0.0
2023-04-24 00:00:00-04:00,453.12781753799953,459.51121735965813,452.4154169592024,458.3114013671875,2322400,0.0,0.0
2023-04-25 00:00:00-04:00,461.8171694311082,467.2725955667251,459.8487134577968,461.10479736328125,2937300,0.0,0.0
2023-04-26 00:00:00-04:00,455.433630075687,457.1490093637763,448.3940700208672,452.6965637207031,2930000,0.0,0.0
2023-04-27 00:00:00-04:00,451.9936414089213,460.2236362644926,451.9936414089213,459.7455749511719,2473200,0.0,0.0
2023-04-28 00:00:00-04:00,458.0771206827698,463.0169831341243,457.54282018032086,461.2641296386719,2398900,0.0,0.0
2023-05-01 00:00:00-04:00,463.6074679105086,468.1067993797129,461.00161618603573,464.64794921875,2105600,0.0,0.0
2023-05-02 00:00:00-04:00,464.22616724676396,465.5947007902348,458.62076072424674,462.4826965332031,2152300,0.0,0.0
2023-05-03 00:00:00-04:00,463.42934300562905,464.4135851209364,457.4583828750645,458.7800598144531,1749700,0.0,0.0
2023-05-04 00:00:00-04:00,456.53982966683543,459.0144664969834,451.75933065510225,456.75543212890625,2555700,0.0,0.0
2023-05-05 00:00:00-04:00,463.1106748124247,469.4753379196579,461.20784092748323,463.31689453125,2329400,0.0,0.0
2023-05-08 00:00:00-04:00,461.2172401912859,463.38253301366007,457.73027029712074,461.7608947753906,1738500,0.0,0.0
2023-05-09 00:00:00-04:00,461.9671150477867,468.116175938507,459.58621977059045,459.6612243652344,2038600,0.0,0.0
2023-05-10 00:00:00-04:00,458.7425940947253,462.5576446488362,457.092864924576,459.3706359863281,2018700,0.0,0.0
2023-05-11 00:00:00-04:00,457.43026912112674,459.4174616149598,455.23685691911083,458.1426696777344,2384200,0.0,0.0
2023-05-12 00:00:00-04:00,458.1426735546453,462.02331714309116,457.19593371281246,460.45794677734375,1536500,0.0,0.0
2023-05-15 00:00:00-04:00,460.6173346648541,460.9829177134396,453.39970119554806,456.3617248535156,2169700,0.0,0.0
2023-05-16 00:00:00-04:00,457.0740916381673,458.56448608287155,449.0034602592437,449.6689758300781,2178900,0.0,0.0
2023-05-17 00:00:00-04:00,449.93143884014444,454.99316180592194,447.6255482257324,454.44012451171875,2682000,0.0,0.0
2023-05-18 00:00:00-04:00,451.8529810575613,452.32165961009724,444.20417225333904,449.20965576171875,3040100,0.0,0.0
2023-05-19 00:00:00-04:00,449.5377198672762,454.4307252306384,447.87860804511035,448.8253479003906,2317900,0.0,0.0
2023-05-22 00:00:00-04:00,450.3438558264437,451.9936135071448,447.97234346337046,450.5125732421875,2242800,0.0,0.0
2023-05-23 00:00:00-04:00,446.3507311247873,453.1090969285183,442.9387658950807,449.4065246582031,2874200,0.0,0.0
2023-05-24 00:00:00-04:00,450.50319191036834,453.0059480084507,448.8909651248942,450.70941162109375,1904700,0.0,0.0
2023-05-25 00:00:00-04:00,447.7099213438726,451.5905652536846,444.5885058671932,447.7755432128906,2684100,0.0,0.0
2023-05-26 00:00:00-04:00,448.11295346693527,457.79586877282514,448.0567143268282,451.356201171875,3135200,0.0,0.0
2023-05-30 00:00:00-04:00,446.819397778211,455.4337122439795,446.21012135409177,449.79083251953125,3180800,0.0,0.0
2023-05-31 00:00:00-04:00,448.1692326940408,456.8679066143811,447.22249274110766,456.7179260253906,4944100,0.0,0.0
2023-06-01 00:00:00-04:00,457.23344880147465,467.5349946493434,455.6586670607465,462.7076110839844,3376600,0.0,0.0
2023-06-02 00:00:00-04:00,461.1797268420732,469.63467820273115,459.64244735511505,468.2848815917969,3064500,0.0,0.0
2023-06-05 00:00:00-04:00,469.3347090568197,471.3968775029488,466.26017892848506,466.98193359375,2688800,0.0,0.0
2023-06-06 00:00:00-04:00,468.58482247920347,468.58482247920347,453.3715346023387,457.0272216796875,3816600,0.0,0.0
2023-06-07 00:00:00-04:00,459.25814883961954,459.71744469099605,451.4312108860397,451.9280090332031,4381700,0.0,0.0
2023-06-08 00:00:00-04:00,454.0464371202936,461.0109937796971,452.20919653636463,459.5205993652344,2725900,0.0,0.0
2023-06-09 00:00:00-04:00,459.2956310797173,467.0100908954178,456.7085447396631,462.6982421875,3174100,0.0,0.0
2023-06-12 00:00:00-04:00,461.46091598375415,463.4762567517859,458.10518995529446,461.7327575683594,2207700,0.0,0.0
2023-06-13 00:00:00-04:00,460.12048904183035,463.673080568118,458.04893779770504,460.5329284667969,3016600,0.0,0.0
2023-06-14 00:00:00-04:00,426.16009292548245,431.77485342314327,417.76135178204345,431.0530700683594,14672400,0.0,0.0
2023-06-15 00:00:00-04:00,434.8272635738104,444.2487342695839,433.8107748709351,438.49798583984375,6798100,1.88,0.0
2023-06-16 00:00:00-04:00,438.73332244677636,440.9733662700575,431.00600854058627,431.5330810546875,7699100,0.0,0.0
2023-06-20 00:00:00-04:00,429.8954208323115,442.82756945636953,429.8954208323115,441.7922668457031,4597700,0.0,0.0
2023-06-21 00:00:00-04:00,441.37806491463533,451.18540423356023,439.7215350407445,448.7194519042969,4886500,0.0,0.0
2023-06-22 00:00:00-04:00,450.0654639906435,454.77148965968274,449.89605396015037,450.8843078613281,3179000,0.0,0.0
2023-06-23 00:00:00-04:00,450.2065323246995,453.9243032115119,448.5311887324817,448.9547424316406,4862600,0.0,0.0
2023-06-26 00:00:00-04:00,450.02778422028337,453.0113880630254,445.1899766069697,450.8936767578125,2968300,0.0,0.0
2023-06-27 00:00:00-04:00,450.01833510408517,454.771408694279,449.67948638012473,454.1878662109375,3693200,0.0,0.0
2023-06-28 00:00:00-04:00,453.6230859438976,453.77368216818013,446.1122895496209,446.5546569824219,3670100,0.0,0.0
2023-06-29 00:00:00-04:00,447.14765014597185,451.5054338077323,445.26524018224274,448.4277038574219,2979300,0.0,0.0
2023-06-30 00:00:00-04:00,449.89600327931885,453.75494963788054,447.1853282035819,452.38079833984375,3970400,0.0,0.0
2023-07-03 00:00:00-04:00,449.99008625466297,451.97601488512635,448.2959001335953,449.78302001953125,1915700,0.0,0.0
2023-07-05 00:00:00-04:00,448.0418116380771,449.22773912063064,442.92165417864516,443.5146179199219,5053100,0.0,0.0
2023-07-06 00:00:00-04:00,441.75458453236735,444.6252483712734,439.21331947379963,441.76397705078125,3913600,0.0,0.0
2023-07-07 00:00:00-04:00,437.6603400993041,441.0580764793436,433.7261099571643,434.44140625,4131600,0.0,0.0
2023-07-10 00:00:00-04:00,432.954287494113,435.8720286544934,432.1636787637454,435.824951171875,4339200,0.0,0.0
2023-07-11 00:00:00-04:00,435.18496296290573,439.06272307150914,434.027299164669,435.6744079589844,3086800,0.0,0.0
2023-07-12 00:00:00-04:00,435.7779395953303,437.4909396856034,424.7187802211507,425.142333984375,7287600,0.0,0.0
2023-07-13 00:00:00-04:00,425.4246203892727,428.1541088904742,420.88800581807965,421.42449951171875,7276800,0.0,0.0
2023-07-14 00:00:00-04:00,435.3543887694541,456.4844538439201,433.0578461264785,451.9384460449219,11379300,0.0,0.0
2023-07-17 00:00:00-04:00,452.82315011184704,456.10797528482766,450.1783662058152,455.6185302734375,4582000,0.0,0.0
2023-07-18 00:00:00-04:00,460.5598383743223,474.76264735870996,458.8374458312988,470.6025085449219,8816400,0.0,0.0
2023-07-19 00:00:00-04:00,477.69924612215965,484.4005931379365,472.9367505978166,474.08502197265625,4956500,0.0,0.0
2023-07-20 00:00:00-04:00,476.87089876104227,478.77212240110595,471.10130787810795,474.5931701660156,2963100,0.0,0.0
2023-07-21 00:00:00-04:00,475.3554806535502,480.40035340153344,474.8566432501886,476.74847412109375,2887300,0.0,0.0
2023-07-24 00:00:00-04:00,475.61911324562084,479.80748701341764,474.9038169725994,478.77215576171875,2279000,0.0,0.0
2023-07-25 00:00:00-04:00,480.014548307225,482.3675607989271,477.45446956732127,480.8898620605469,2730600,0.0,0.0
2023-07-26 00:00:00-04:00,481.46404559380284,485.53002963308245,476.8427252912835,478.1321716308594,3697200,0.0,0.0
2023-07-27 00:00:00-04:00,478.6686457460924,480.48516454804985,473.54848811984186,475.5250244140625,3028300,0.0,0.0
2023-07-28 00:00:00-04:00,475.5061601121165,477.64271380056465,468.0424115110296,473.3414001464844,2930000,0.0,0.0
2023-07-31 00:00:00-04:00,473.4261052369194,478.01919013792747,469.7177553155299,476.59796142578125,2441600,0.0,0.0
2023-08-01 00:00:00-04:00,477.66154730061453,480.05221609218927,472.94610096240837,475.0638122558594,2161200,0.0,0.0
2023-08-02 00:00:00-04:00,479.7228376124823,480.4569764536333,473.4167518493722,475.1203308105469,3220500,0.0,0.0
2023-08-03 00:00:00-04:00,473.32258107866755,476.2497147477413,471.5813461397725,475.1767272949219,2442900,0.0,0.0
2023-08-04 00:00:00-04:00,480.01454703769826,480.8616257878113,472.24960583561784,473.1719970703125,2411200,0.0,0.0
2023-08-07 00:00:00-04:00,476.0050040865658,483.4028615462003,474.9790940907367,480.7110290527344,2430900,0.0,0.0
2023-08-08 00:00:00-04:00,473.4261179100894,478.29216042825107,470.62131665246164,476.1179504394531,2422600,0.0,0.0
2023-08-09 00:00:00-04:00,474.3673312206667,475.9956262495693,471.43077614693306,472.58843994140625,1916900,0.0,0.0
2023-08-10 00:00:00-04:00,474.8097134970646,481.9346139074816,473.21907466210564,473.8779296875,2179700,0.0,0.0
2023-08-11 00:00:00-04:00,475.9014681286609,480.6451491656777,474.6026006892031,478.14154052734375,2029600,0.0,0.0
2023-08-14 00:00:00-04:00,479.2145183153869,483.30876579560794,478.36743956303354,480.8898620605469,2127200,0.0,0.0
2023-08-15 00:00:00-04:00,481.5016783074433,483.45000842423195,476.5038816707874,476.8992004394531,1817500,0.0,0.0
2023-08-16 00:00:00-04:00,478.13210773342684,480.4851200746346,473.26606557355916,473.9531555175781,1454100,0.0,0.0
2023-08-17 00:00:00-04:00,466.3482524874512,471.7601811068619,462.9034388237786,464.9176025390625,3009500,0.0,0.0
2023-08-18 00:00:00-04:00,465.68940260724537,471.4872287775505,464.4846613720714,469.13421630859375,2364400,0.0,0.0
2023-08-21 00:00:00-04:00,468.2588955169085,470.8377879526205,467.04473305867566,468.41888427734375,1533500,0.0,0.0
2023-08-22 00:00:00-04:00,466.29174947549063,467.58119560736236,462.44219611440815,463.392822265625,2079400,0.0,0.0
2023-08-23 00:00:00-04:00,464.01407871445076,464.95528374226916,459.2421623298202,460.66339111328125,2011400,0.0,0.0
2023-08-24 00:00:00-04:00,462.53642206963366,466.2918500046347,458.56453534142315,459.4022216796875,2311100,0.0,0.0
2023-08-25 00:00:00-04:00,461.1151638472614,462.2728276083485,456.15499514007087,460.3621826171875,1923500,0.0,0.0
2023-08-28 00:00:00-04:00,461.6516426258867,464.0705464290392,460.37161758155105,462.39520263671875,1344500,0.0,0.0
2023-08-29 00:00:00-04:00,462.57403988049094,463.9576124314116,459.2798222567083,463.85406494140625,2113700,0.0,0.0
2023-08-30 00:00:00-04:00,464.9459107654802,467.5059898558339,461.46346903502695,462.63055419921875,2283400,0.0,0.0
2023-08-31 00:00:00-04:00,463.41166139661146,464.78584132218174,448.28651948392553,448.5594482421875,4927700,0.0,0.0
2023-09-01 00:00:00-04:00,450.83723718766646,452.39021983832936,445.5288267037426,448.239501953125,3165900,0.0,0.0
2023-09-05 00:00:00-04:00,449.8959877454922,456.10794645902246,449.463041490185,452.540771484375,3443300,0.0,0.0
2023-09-06 00:00:00-04:00,453.74554628679755,454.75264259982333,448.3712734087903,448.8983459472656,2596100,0.0,0.0
2023-09-07 00:00:00-04:00,451.6843131451174,458.47039374438407,450.46075802773436,456.3056335449219,2928000,0.0,0.0
2023-09-08 00:00:00-04:00,453.71666759815247,456.34340238158524,452.35605387082325,454.2646789550781,1858400,1.88,0.0
2023-09-11 00:00:00-04:00,455.40795904785676,457.1654015008759,451.64737014591753,452.9512939453125,2059200,0.0,0.0
2023-09-12 00:00:00-04:00,451.0615674557605,456.9764566180419,446.0915472926876,453.442626953125,2195200,0.0,0.0
2023-09-13 00:00:00-04:00,454.88826350230664,457.3543865201686,453.0268704690177,453.38592529296875,2197800,0.0,0.0
2023-09-14 00:00:00-04:00,456.022226942629,458.5166666381884,452.3844747529486,456.9387512207031,2334300,0.0,0.0
2023-09-15 00:00:00-04:00,458.96067230607383,462.8157540869077,457.44890492978504,459.8677673339844,5334300,0.0,0.0
2023-09-18 00:00:00-04:00,461.4834789575605,461.79527304498015,456.93866130338967,459.2630310058594,1997500,0.0,0.0
2023-09-19 00:00:00-04:00,457.0898357450979,458.9512288247472,450.26788042545604,454.1607360839844,3230700,0.0,0.0
2023-09-20 00:00:00-04:00,456.1355067922121,467.8140737156285,452.72454356518483,464.9983825683594,3724800,0.0,0.0
2023-09-21 00:00:00-04:00,466.9448368192575,477.29116442184255,465.8960171824335,473.5116882324219,4703900,0.0,0.0
2023-09-22 00:00:00-04:00,471.48966602216547,481.34464350376413,470.5731418706817,478.1982421875,4558500,0.0,0.0
2023-09-25 00:00:00-04:00,480.23917145548444,482.7714136885837,478.6990302298326,482.1477966308594,2758500,0.0,0.0
2023-09-26 00:00:00-04:00,480.88165970620327,481.3352072337613,476.57305911730526,477.5840759277344,2420200,0.0,0.0
2023-09-27 00:00:00-04:00,478.32103475780747,478.4438435038748,473.42659152025703,475.9588623046875,2593700,0.0,0.0
2023-09-28 00:00:00-04:00,478.07537799403894,485.80442847278357,477.1683118109643,481.9776916503906,2922000,0.0,0.0
2023-09-29 00:00:00-04:00,481.74145554294216,481.76980045895664,476.02498090904254,476.39349365234375,3006200,0.0,0.0
2023-10-02 00:00:00-04:00,477.65966930870917,486.45642705376343,475.40144718073265,486.2012939453125,3550400,0.0,0.0
2023-10-03 00:00:00-04:00,485.001282140033,485.6437861872624,480.3336266270092,481.3824462890625,3143200,0.0,0.0
2023-10-04 00:00:00-04:00,481.40131802923645,483.60287904040655,478.6800905800401,482.4690246582031,2801700,0.0,0.0
2023-10-05 00:00:00-04:00,483.41385178143554,489.64056359088227,483.04536788199533,487.7696838378906,2790700,0.0,0.0
2023-10-06 00:00:00-04:00,487.9776178036138,496.9538735099956,487.53349937488457,495.876708984375,3647200,0.0,0.0
2023-10-09 00:00:00-04:00,492.41854776106817,497.8231712570287,491.56814251467017,497.4830322265625,2341600,0.0,0.0
2023-10-10 00:00:00-04:00,497.47351736749675,499.0231163336742,494.24208160747366,495.3381042480469,2455700,0.0,0.0
2023-10-11 00:00:00-04:00,492.2011416535943,496.61372139110784,491.5491797390089,495.23419189453125,2819300,0.0,0.0
2023-10-12 00:00:00-04:00,495.5553895550516,499.43884476132234,493.4578081718638,496.56640625,2377300,0.0,0.0
2023-10-13 00:00:00-04:00,503.8513861904853,514.4433882723393,502.67029995937776,509.662353515625,5245400,0.0,0.0
2023-10-16 00:00:00-04:00,513.2339609010929,516.6355240649552,506.56318775074254,508.367919921875,3827600,0.0,0.0
2023-10-17 00:00:00-04:00,510.1725937537671,512.5253084453045,505.0986516028002,507.0639953613281,2586000,0.0,0.0
2023-10-18 00:00:00-04:00,513.1016677535622,513.9898469666839,505.88291204652455,506.5065002441406,2551400,0.0,0.0
2023-10-19 00:00:00-04:00,507.2246124427183,508.6608318591418,500.0719467841592,502.32073974609375,2351200,0.0,0.0
2023-10-20 00:00:00-04:00,501.72543694975946,504.9663306860887,497.7286595505645,497.9743347167969,2811100,0.0,0.0
2023-10-23 00:00:00-04:00,497.97443621926385,498.68308811081306,491.6059694442082,492.8154296875,2357700,0.0,0.0
2023-10-24 00:00:00-04:00,494.03421031860364,501.41363518290217,493.28778454145146,496.0562438964844,1978200,0.0,0.0
2023-10-25 00:00:00-04:00,498.20111713961774,503.010468257545,491.4075064356948,500.9790344238281,2380100,0.0,0.0
2023-10-26 00:00:00-04:00,496.7177220282915,501.22470864296196,493.71304506176585,499.2310485839844,2675800,0.0,0.0
2023-10-27 00:00:00-04:00,496.99167737363405,498.6451982610112,492.52246508679735,495.7349853515625,2585600,0.0,0.0
2023-10-30 00:00:00-04:00,496.05623102404184,502.50024460272436,494.1098031672138,500.7711181640625,2555400,0.0,0.0
2023-10-31 00:00:00-04:00,505.5049332648783,507.0923063218059,502.31127131586686,506.0340576171875,2464200,0.0,0.0
2023-11-01 00:00:00-04:00,500.7615838941206,506.28910137058546,497.75690781619124,502.2922668457031,2747400,0.0,0.0
2023-11-02 00:00:00-04:00,502.6702576083618,507.24344848480894,497.89868117074775,506.57257080078125,2350900,0.0,0.0
2023-11-03 00:00:00-04:00,505.09857311396433,506.43081288363743,499.64666112462135,501.63092041015625,2739500,0.0,0.0
2023-11-06 00:00:00-05:00,502.3207087952916,506.46869752724984,500.82779963442897,504.0498352050781,2684900,0.0,0.0
2023-11-07 00:00:00-05:00,505.8450376996529,509.8985624879843,502.2167731518911,508.17889404296875,2604800,0.0,0.0
2023-11-08 00:00:00-05:00,510.2292357874608,511.5520753927773,504.6923175510655,507.1394958496094,1769200,0.0,0.0
2023-11-09 00:00:00-05:00,507.96167538969576,511.08919023670916,505.01368800333677,509.2845153808594,1819600,0.0,0.0
2023-11-10 00:00:00-05:00,512.7614577044797,512.7614577044797,506.4686560829856,511.3725280761719,2480800,0.0,0.0
2023-11-13 00:00:00-05:00,511.3159557837451,514.1505631904658,508.254531341489,512.6576538085938,1507900,0.0,0.0
2023-11-14 00:00:00-05:00,509.3127541905543,512.7520334498645,506.9316659054561,510.6639099121094,2454000,0.0,0.0
2023-11-15 00:00:00-05:00,510.276558431363,510.6639870671921,502.38692432102675,508.7269592285156,2473700,0.0,0.0
2023-11-16 00:00:00-05:00,508.72687604284374,514.8212924247639,507.8386969054917,510.0591735839844,2360300,0.0,0.0
2023-11-17 00:00:00-05:00,510.484403311485,510.72062056621735,499.21212283608406,506.7237854003906,2676900,0.0,0.0
2023-11-20 00:00:00-05:00,504.1915805546771,506.7711123824548,502.48136981102647,505.59942626953125,2518400,0.0,0.0
2023-11-21 00:00:00-05:00,508.12228075881177,511.80723569306605,504.73963319055844,509.8419494628906,2115700,0.0,0.0
2023-11-22 00:00:00-05:00,513.0354989945687,514.3867124295028,510.4749408848343,513.781982421875,2234500,0.0,0.0
2023-11-24 00:00:00-05:00,514.8874556000136,517.4008394272885,512.8843379400491,516.9378051757812,1135000,0.0,0.0
2023-11-27 00:00:00-05:00,516.9377180327825,520.5188078365713,511.67484935663356,513.6212768554688,2675800,0.0,0.0
2023-11-28 00:00:00-05:00,515.5488500834463,515.7283774908532,510.29538102538845,510.73004150390625,2859300,0.0,0.0
2023-11-29 00:00:00-05:00,500.78065402929246,511.98678840878927,499.50510373335027,505.486083984375,4550000,0.0,0.0
2023-11-30 00:00:00-05:00,506.2513491263321,523.4007448282167,504.5695122670186,522.4841918945312,7121200,0.0,0.0
2023-12-01 00:00:00-05:00,521.8490917921985,525.9069557338547,516.8621156571812,518.75830078125,3462200,1.88,0.0
2023-12-04 00:00:00-05:00,519.8011490290816,523.2237487086069,514.8520766050564,519.8201293945312,2709200,0.0,0.0
2023-12-05 00:00:00-05:00,520.5975070846157,523.8495148982655,517.0421606297482,521.6973266601562,2645600,0.0,0.0
2023-12-06 00:00:00-05:00,519.1374768878536,523.2332430366436,518.7013335478315,521.0052490234375,2239700,0.0,0.0
2023-12-07 00:00:00-05:00,522.7308134212224,522.8825406373782,516.2553828559016,519.8107299804688,2511700,0.0,0.0
2023-12-08 00:00:00-05:00,521.6593222961096,523.0909509409039,516.2741649269424,521.2327270507812,2039900,0.0,0.0
2023-12-11 00:00:00-05:00,521.2232802235806,521.4508131378715,511.07868010368674,515.4588623046875,3655300,0.0,0.0
2023-12-12 00:00:00-05:00,517.4687468847624,519.0710251279755,514.4822909689117,517.3928833007812,2706100,0.0,0.0
2023-12-13 00:00:00-05:00,515.7621339902923,520.9007772842871,510.63298087659086,520.5120849609375,2876600,0.0,0.0
2023-12-14 00:00:00-05:00,516.0467190516218,516.6345317527574,501.9201759905948,506.5089111328125,5386800,0.0,0.0
2023-12-15 00:00:00-05:00,502.48892249596923,505.80724556905585,495.81437348963857,503.55078125,9030100,0.0,0.0
2023-12-18 00:00:00-05:00,501.6451930223283,503.8826773639398,497.9665896085734,499.21807861328125,3260300,0.0,0.0
2023-12-19 00:00:00-05:00,497.35984553155686,500.23253557419304,494.6957080524978,496.8383483886719,3645600,0.0,0.0
2023-12-20 00:00:00-05:00,496.65816739793985,497.58733727479165,489.09240876437747,489.1492919921875,3847800,0.0,0.0
2023-12-21 00:00:00-05:00,491.94622515754173,493.7855268628787,489.68976045098486,492.8943176269531,2491600,0.0,0.0
2023-12-22 00:00:00-05:00,492.8942681410882,495.8618019017676,491.1308302131029,493.30194091796875,1759500,0.0,0.0
2023-12-26 00:00:00-05:00,492.8942925310572,494.4112172580918,491.08340360117916,493.0365295410156,1390800,0.0,0.0
2023-12-27 00:00:00-05:00,492.77098787726095,496.0039572568965,492.40121798097016,495.6531677246094,1851800,0.0,0.0
2023-12-28 00:00:00-05:00,496.2979548736595,500.46958503452663,495.7954959377903,497.6537780761719,2001000,0.0,0.0
2023-12-29 00:00:00-05:00,498.6776253760864,500.8203234731589,496.72455733367804,499.1421813964844,2080100,0.0,0.0
2024-01-02 00:00:00-05:00,499.492962700409,511.6474548178818,499.33174534845426,511.3441162109375,3415700,0.0,0.0
2024-01-03 00:00:00-05:00,514.8520559282988,518.4074022892511,511.47684943098005,513.89453125,2891400,0.0,0.0
2024-01-04 00:00:00-05:00,516.7103989061969,520.5027688064259,514.8142139560825,517.1085815429688,2994400,0.0,0.0
2024-01-05 00:00:00-05:00,518.6066383710753,518.6066383710753,506.02543138712633,509.4859924316406,2815400,0.0,0.0
2024-01-08 00:00:00-05:00,511.4010735379896,512.2069289466942,500.59279682342355,508.6705627441406,2648900,0.0,0.0
2024-01-09 00:00:00-05:00,510.07370995393313,511.60012482613195,504.6980422618164,510.42449951171875,2677000,0.0,0.0
2024-01-10 00:00:00-05:00,510.1683851779935,513.1075056922695,508.31965169784763,509.7322998046875,2180000,0.0,0.0
2024-01-11 00:00:00-05:00,508.3008480642503,512.1216308341895,506.7839231769893,511.66656494140625,2814100,0.0,0.0
2024-01-12 00:00:00-05:00,491.92713806724095,501.04778101489933,486.4945879135352,494.4396057128906,6327300,0.0,0.0
2024-01-16 00:00:00-05:00,496.52553943575214,497.274511671746,489.73716479274526,492.2022399902344,3736700,0.0,0.0
2024-01-17 00:00:00-05:00,494.22162719860415,503.1146805497428,493.00804116727903,497.6916198730469,3791300,0.0,0.0
2024-01-18 00:00:00-05:00,479.00476366838075,490.0121321671898,471.63806674157087,489.5380859375,7367000,0.0,0.0
2024-01-19 00:00:00-05:00,488.26762805886364,490.68525231372166,475.7717760945201,477.42144775390625,6143400,0.0,0.0
2024-01-22 00:00:00-05:00,477.78171334552917,486.91184830236057,470.72790317660275,486.3619384765625,5922900,0.0,0.0
2024-01-23 00:00:00-05:00,485.89730182991804,491.18767304576176,485.49911926824075,488.76055908203125,2672900,0.0,0.0
2024-01-24 00:00:00-05:00,491.01711101705735,494.6482634956126,486.3240417395544,486.5894775390625,2918800,0.0,0.0
2024-01-25 00:00:00-05:00,462.28040342985304,469.7893085141274,454.1362925941803,467.788818359375,14671000,0.0,0.0
2024-01-26 00:00:00-05:00,467.675049192418,477.5446952085106,464.47049203674214,477.08013916015625,6212200,0.0,0.0
2024-01-29 00:00:00-05:00,476.9947308452208,480.21826799906927,475.1364779307599,478.35052490234375,4554100,0.0,0.0
2024-01-30 00:00:00-05:00,478.3505895515166,479.7821895263072,473.30673059710455,477.4688415527344,4931200,0.0,0.0
2024-01-31 00:00:00-05:00,478.3221289834691,488.2676094789959,478.3221289834691,485.17681884765625,5358100,0.0,0.0
2024-02-01 00:00:00-05:00,482.4178930133148,483.7357554735722,476.89052648086135,480.8156433105469,4242600,0.0,0.0
2024-02-02 00:00:00-05:00,481.8679449223011,486.286029885505,479.1564146441598,483.74517822265625,3804500,0.0,0.0
2024-02-05 00:00:00-05:00,483.4892167165704,487.5091483711587,474.0936170841752,476.8525695800781,3646300,0.0,0.0
2024-02-06 00:00:00-05:00,477.78168131508716,484.4183280448623,476.3690329127498,484.162353515625,2745400,0.0,0.0
2024-02-07 00:00:00-05:00,487.32897635397535,493.9561328702375,486.07748746101663,492.4297180175781,4109100,0.0,0.0
2024-02-08 00:00:00-05:00,493.60530228501517,495.0558534235001,490.42921620423635,493.0933532714844,3343000,0.0,0.0
2024-02-09 00:00:00-05:00,492.0504842637044,493.3778368213315,489.49062311226356,491.3204345703125,2715400,0.0,0.0
2024-02-12 00:00:00-05:00,491.32039022929825,492.05043985680413,486.1912360732076,490.7705383300781,3194000,0.0,0.0
2024-02-13 00:00:00-05:00,494.9043061760236,499.5783954569822,487.5186861171174,490.0216064453125,3436000,0.0,0.0
2024-02-14 00:00:00-05:00,488.51408431941735,491.61436488988477,487.5944046287641,490.10687255859375,1918500,0.0,0.0
2024-02-15 00:00:00-05:00,490.4861201161075,494.66718190369977,489.0260208672939,493.84234619140625,2292100,0.0,0.0
2024-02-16 00:00:00-05:00,495.1886388656023,496.60128725412886,491.9556693088846,494.4775695800781,2135500,0.0,0.0
2024-02-20 00:00:00-05:00,496.9995145551711,498.0992762261892,492.4486249547741,494.01300048828125,2600200,0.0,0.0
2024-02-21 00:00:00-05:00,496.48750097811484,496.50648134240043,490.6756902870801,494.875732421875,2095900,0.0,0.0
2024-02-22 00:00:00-05:00,496.9901140939094,499.39824827973433,491.6713289069357,499.17071533203125,3186800,0.0,0.0
2024-02-23 00:00:00-05:00,499.4076363983654,502.9629826470486,496.95205179447754,499.8721923828125,2502000,0.0,0.0
2024-02-26 00:00:00-05:00,500.8962796981704,505.15320613120514,497.09441918690976,498.052001953125,2308900,0.0,0.0
2024-02-27 00:00:00-05:00,497.5209545582928,498.30788741741674,485.4706798677403,486.7695617675781,3780600,0.0,0.0
2024-02-28 00:00:00-05:00,469.722887442161,472.67144083316725,459.2464782972862,472.41546630859375,9558600,0.0,0.0
2024-02-29 00:00:00-05:00,472.6240403207932,475.70534048336606,466.08220883925804,467.9783935546875,6833200,0.0,0.0
2024-03-01 00:00:00-05:00,464.01538315059446,464.58421542911117,452.47708620996093,464.1196594238281,7315000,0.0,0.0
2024-03-04 00:00:00-05:00,458.1561512148433,461.7589196092009,455.17915619509654,456.8572692871094,5239800,0.0,0.0
2024-03-05 00:00:00-05:00,457.3503291837103,457.83383665668543,446.19126257027926,448.5899353027344,5296200,0.0,0.0
2024-03-06 00:00:00-05:00,449.81293738178397,454.8946984957352,443.88736018726115,448.0684509277344,5577500,0.0,0.0
2024-03-07 00:00:00-05:00,449.3958230857531,456.2126101430196,449.01659189094323,453.9277038574219,5102000,0.0,0.0
2024-03-08 00:00:00-05:00,455.2887873122658,460.92363315101466,451.9002751621042,453.61358642578125,4673600,1.88,0.0
2024-03-11 00:00:00-04:00,454.0228580811877,466.6917116086643,453.07102819003217,465.58758544921875,4410100,0.0,0.0
2024-03-12 00:00:00-04:00,464.6167509362462,468.5668393579828,463.8743247486609,465.7779846191406,4153800,0.0,0.0
2024-03-13 00:00:00-04:00,469.7470714320528,472.1076199891137,461.9515823991549,464.49298095703125,3669000,0.0,0.0
2024-03-14 00:00:00-04:00,465.17831300686595,466.09206158367647,461.818354599254,465.44482421875,3378500,0.0,0.0
2024-03-15 00:00:00-04:00,463.9694621446896,467.5578501458408,463.9694621446896,467.1771240234375,5713500,0.0,0.0
2024-03-18 00:00:00-04:00,468.39547274757604,468.39547274757604,462.951004869792,463.5887145996094,2970500,0.0,0.0
2024-03-19 00:00:00-04:00,466.0825588600982,469.67094711786916,464.29311400453724,469.5567321777344,2511700,0.0,0.0
2024-03-20 00:00:00-04:00,468.74768264046827,470.77508502103234,465.8636391399945,470.42291259765625,3548200,0.0,0.0
2024-03-21 00:00:00-04:00,468.56682518253444,472.29801119671555,467.61499527609004,468.0052490234375,3693400,0.0,0.0
2024-03-22 00:00:00-04:00,471.34614856458364,471.9457769640747,466.177690455305,466.4632568359375,2847300,0.0,0.0
2024-03-25 00:00:00-04:00,466.9677665775257,467.805381558349,460.75231833499384,462.4751281738281,2786100,0.0,0.0
2024-03-26 00:00:00-04:00,464.61675575010435,469.5757816307717,461.8564547188183,468.59539794921875,3113300,0.0,0.0
2024-03-27 00:00:00-04:00,469.9184548499796,471.8506684738968,467.643567341588,469.34735107421875,2653100,0.0,0.0
2024-03-28 00:00:00-04:00,471.15580713039157,471.983894507438,465.7303650050241,470.8702697753906,3820000,0.0,0.0
2024-04-01 00:00:00-04:00,470.65133267614567,471.8982275236239,465.1592846002114,466.1111145019531,2928700,0.0,0.0
2024-04-02 00:00:00-04:00,437.46104418782346,441.34449754394376,427.9427448323336,436.0713806152344,11867000,0.0,0.0
2024-04-03 00:00:00-04:00,439.7454136673933,440.554474891658,433.6060991952273,437.5942687988281,4460400,0.0,0.0
2024-04-04 00:00:00-04:00,438.6222624106,439.47890351289044,430.1509820923174,433.4443054199219,5182000,0.0,0.0
2024-04-05 00:00:00-04:00,428.98022732850427,435.7001442142088,428.3329899567894,433.7869567871094,5747400,0.0,0.0
2024-04-08 00:00:00-04:00,434.0058700937222,435.1766312993213,431.74051033929317,434.034423828125,4532300,0.0,0.0
2024-04-09 00:00:00-04:00,432.3972690509653,437.6133071579143,430.6649317286979,437.5752258300781,3521200,0.0,0.0
2024-04-10 00:00:00-04:00,433.54898966852437,436.6424368279179,428.11404910025584,428.37103271484375,4493500,0.0,0.0
2024-04-11 00:00:00-04:00,428.69460677889776,429.05627767699116,420.21380038422654,420.4422302246094,5844100,0.0,0.0
2024-04-12 00:00:00-04:00,419.12877214659306,420.9372431361519,415.35953389869087,418.043701171875,6045700,0.0,0.0
2024-04-15 00:00:00-04:00,420.7088236977966,426.75294948576925,420.6992961034039,424.1639709472656,5376800,0.0,0.0
2024-04-16 00:00:00-04:00,453.8039229109645,456.6403864197335,443.17199938330305,446.30352783203125,11816500,0.0,0.0
2024-04-17 00:00:00-04:00,455.54582412584136,464.4930199297329,451.72897669554857,455.9170227050781,8759800,0.0,0.0
2024-04-18 00:00:00-04:00,462.71310283651474,477.81863964542725,462.5608065572968,469.4234924316406,8880400,0.0,0.0
2024-04-19 00:00:00-04:00,473.0594470090423,482.8632830845789,471.6888096677479,476.9905090332031,6618600,0.0,0.0
2024-04-22 00:00:00-04:00,473.80191849516916,475.36293357953457,467.00586765439175,467.56744384765625,4697700,0.0,0.0
2024-04-23 00:00:00-04:00,467.3484776926908,470.49903231626575,461.60894459698164,462.7606506347656,3646700,0.0,0.0
2024-04-24 00:00:00-04:00,460.47625994056637,465.31154296848734,457.5541352264123,463.8266906738281,3724400,0.0,0.0
2024-04-25 00:00:00-04:00,465.4067484411355,473.1832116499287,464.04563863018865,470.0707092285156,4329700,0.0,0.0
2024-04-26 00:00:00-04:00,468.30028631137395,473.2783668851729,467.72918259172974,471.4889221191406,2727000,0.0,0.0
2024-04-29 00:00:00-04:00,471.8316056214705,473.3926206466944,464.27407366701,465.473388671875,2192100,0.0,0.0
2024-04-30 00:00:00-04:00,465.406721289658,466.12059368631054,459.34356971502916,460.4001159667969,3367500,0.0,0.0
2024-05-01 00:00:00-04:00,456.17399260866455,465.6256562425679,454.08948287039624,460.79034423828125,2729200,0.0,0.0
2024-05-02 00:00:00-04:00,460.95219786988304,469.9089210072137,460.62857917901533,469.2236022949219,3561400,0.0,0.0
2024-05-03 00:00:00-04:00,467.2151721998391,469.05222583131257,462.379889487939,468.7286071777344,2487600,0.0,0.0
2024-05-06 00:00:00-04:00,468.7572028152643,471.0320611871011,468.30031400302374,470.565673828125,2029500,0.0,0.0
2024-05-07 00:00:00-04:00,472.1076366012838,477.4854697974147,471.19388801859355,476.8287048339844,3752100,0.0,0.0
2024-05-08 00:00:00-04:00,479.88408399668845,482.5777497796283,475.9910742206522,478.9703063964844,3078900,0.0,0.0
2024-05-09 00:00:00-04:00,477.9518900374691,483.5010456909143,477.9518900374691,482.6063232421875,2342900,0.0,0.0
2024-05-10 00:00:00-04:00,484.4814101107621,488.8408072385006,482.5777503460833,488.1078796386719,2784600,0.0,0.0
2024-05-13 00:00:00-04:00,487.38451198078974,489.878301790426,482.87284733427356,487.0894470214844,2454500,0.0,0.0
2024-05-14 00:00:00-04:00,489.7926047484761,491.30598162812265,482.8632557773926,489.1263122558594,2949700,0.0,0.0
2024-05-15 00:00:00-04:00,490.0306183512428,497.41682789154106,490.0306183512428,492.61956787109375,2981200,0.0,0.0
2024-05-16 00:00:00-04:00,494.95152736002905,502.7184334583032,494.4851400236917,496.1603698730469,3655800,0.0,0.0
2024-05-17 00:00:00-04:00,497.7498952484812,500.5196945009846,494.96104080888927,499.3584899902344,2657200,0.0,0.0
2024-05-20 00:00:00-04:00,499.3585056298712,499.3585056298712,491.65817647703375,492.31494140625,2476200,0.0,0.0
2024-05-21 00:00:00-04:00,493.3524840685082,499.44416061256226,491.06806905505846,498.3305358886719,2521900,0.0,0.0
2024-05-22 00:00:00-04:00,497.63570083469284,500.92905310726275,495.5702462783119,496.2364807128906,2299100,0.0,0.0
2024-05-23 00:00:00-04:00,493.35251300282914,495.17048266887946,490.41133285764874,491.9342956542969,3055400,0.0,0.0
2024-05-24 00:00:00-04:00,491.2489088257951,492.2293214946253,483.07269358568135,483.69140625,2527800,0.0,0.0
2024-05-28 00:00:00-04:00,482.2446608546531,482.2446608546531,477.7234683812399,479.417724609375,2912800,0.0,0.0
2024-05-29 00:00:00-04:00,468.62391057752046,470.10876283782284,450.472508145279,461.3709716796875,7521600,0.0,0.0
2024-05-30 00:00:00-04:00,459.0865913349164,462.6178720305741,454.97467931198366,458.4488525390625,5169700,0.0,0.0
2024-05-31 00:00:00-04:00,459.17228764115754,474.4015667740263,459.17228764115754,471.50799560546875,6694800,0.0,0.0
2024-06-03 00:00:00-04:00,470.327716814528,474.65853127439567,469.31877943643735,473.478271484375,2795100,0.0,0.0
2024-06-04 00:00:00-04:00,474.5442983745347,483.786558292773,470.76553262307027,481.1404724121094,3178400,0.0,0.0
2024-06-05 00:00:00-04:00,484.19587054036214,484.57659668204,474.7727315104638,478.8846435546875,2464400,0.0,0.0
2024-06-06 00:00:00-04:00,479.38910924641533,480.38854804058906,473.3259576090897,477.7424621582031,2419600,0.0,0.0
2024-06-07 00:00:00-04:00,477.8567431473967,478.63722167422435,466.7964831530161,467.053466796875,3416300,0.0,0.0
2024-06-10 00:00:00-04:00,467.34853324504815,471.5270809168843,462.7702332370623,471.1558532714844,3332800,0.0,0.0
2024-06-11 00:00:00-04:00,467.2151934222837,473.80186886662267,466.6726724755618,472.3170166015625,4599700,0.0,0.0
2024-06-12 00:00:00-04:00,475.9149919557678,475.9149919557678,463.9409835390809,469.3188171386719,4048200,0.0,0.0
2024-06-13 00:00:00-04:00,466.6631657294278,477.8186134034581,461.04737508658513,473.3450012207031,4951700,0.0,0.0
2024-06-14 00:00:00-04:00,472.897667232399,473.86855238405326,468.0433576643085,473.1737060546875,3188400,0.0,0.0
2024-06-17 00:00:00-04:00,469.64652026439023,471.35753181943693,467.1326124167665,467.63922119140625,2407200,2.1,0.0
2024-06-18 00:00:00-04:00,469.05390794649327,469.96199407896336,457.8989463907967,459.8202209472656,3692700,0.0,0.0
2024-06-20 00:00:00-04:00,458.8548458534364,464.4753539071269,457.00999859254483,463.1371154785156,5258100,0.0,0.0
2024-06-21 00:00:00-04:00,463.060658854615,466.75029503464924,459.3805615176824,461.29229736328125,6368600,0.0,0.0
2024-06-24 00:00:00-04:00,467.2855740879645,469.22601395588174,463.1180039880005,468.3561706542969,5139800,0.0,0.0
2024-06-25 00:00:00-04:00,468.9869927503976,468.9869927503976,459.39007184282525,463.1179504394531,2916100,0.0,0.0
2024-06-26 00:00:00-04:00,463.1179441893502,465.92819782521343,460.22166595289156,462.6782531738281,3153100,0.0,0.0
2024-06-27 00:00:00-04:00,463.64365035384503,467.4002328612177,460.77604704270914,464.9723205566406,2991900,0.0,0.0
2024-06-28 00:00:00-04:00,474.4641275370803,486.9190846526262,467.8112953637344,486.7852783203125,22734200,0.0,0.0
2024-07-01 00:00:00-04:00,484.3860449465043,486.4507230539717,471.1377302203872,472.8200378417969,4523100,0.0,0.0
2024-07-02 00:00:00-04:00,472.44728182482413,476.4714775520904,471.61568141169136,476.2516174316406,3312000,0.0,0.0
2024-07-03 00:00:00-04:00,475.18101691182864,476.09864187226333,465.0488119532396,468.2701110839844,2239200,0.0,0.0
2024-07-05 00:00:00-04:00,467.41938334244674,468.0598276435158,463.1179779742647,466.47308349609375,3499000,0.0,0.0
2024-07-08 00:00:00-04:00,467.60097990959656,472.0840023066919,464.714269602637,467.7443542480469,3450600,0.0,0.0
2024-07-09 00:00:00-04:00,466.7788501541976,473.5368416356243,464.63771589107887,470.39202880859375,3056800,0.0,0.0
2024-07-10 00:00:00-04:00,469.2737654722186,479.3677276530457,468.48994683279767,478.8228759765625,3189800,0.0,0.0
2024-07-11 00:00:00-04:00,475.7354170518327,486.2786377483338,475.7354170518327,482.1014709472656,3535100,0.0,0.0
2024-07-12 00:00:00-04:00,484.548541356663,491.8609245448192,481.212542737811,488.955078125,3570600,0.0,0.0
2024-07-15 00:00:00-04:00,501.1040604053374,507.4032540513224,491.1247995486992,492.6255187988281,5128000,0.0,0.0
2024-07-16 00:00:00-04:00,510.3377834007367,525.6507441334895,503.86654046541463,524.6470947265625,11062000,0.0,0.0
2024-07-17 00:00:00-04:00,529.55076027775,548.2953138011353,526.9699055539367,547.9799194335938,10330800,0.0,0.0
2024-07-18 00:00:00-04:00,539.5873614165987,555.8371136647514,536.6432723207142,539.4344482421875,6834800,0.0,0.0
2024-07-19 00:00:00-04:00,542.0917808212022,544.749121499107,536.7580217802763,540.3807983398438,4290400,0.0,0.0
2024-07-22 00:00:00-04:00,538.2013420700338,539.3483950747878,532.494839425153,533.880859375,3377300,0.0,0.0
2024-07-23 00:00:00-04:00,534.1293150298496,534.1771550902223,528.413244596838,530.2198486328125,2785600,0.0,0.0
2024-07-24 00:00:00-04:00,535.2859640185351,536.3660992918242,528.6140254934539,535.0469970703125,3156200,0.0,0.0
2024-07-25 00:00:00-04:00,537.1977229157853,544.7395341309327,533.9286712578729,534.9801025390625,3102900,0.0,0.0
2024-07-26 00:00:00-04:00,535.2860184789591,553.57177588468,535.2860184789591,544.5770263671875,3201900,0.0,0.0
2024-07-29 00:00:00-04:00,540.7440165942087,546.1350668704899,536.968326959123,541.7380981445312,2965000,0.0,0.0
2024-07-30 00:00:00-04:00,541.8814980399055,553.8584916536744,541.0116256403298,550.8953247070312,4139100,0.0,0.0
2024-07-31 00:00:00-04:00,540.4859128625338,555.2636506467152,537.5036098741377,550.7327880859375,4713200,0.0,0.0
2024-08-01 00:00:00-04:00,551.7269806026875,561.5724086087092,542.0726795093364,547.4924926757812,3680800,0.0,0.0
2024-08-02 00:00:00-04:00,556.6304310234709,565.4339348372869,549.8628716521235,563.7994384765625,5094000,0.0,0.0
2024-08-05 00:00:00-04:00,556.4298471728276,560.922438212485,541.747729442056,544.8065185546875,4587400,0.0,0.0
2024-08-06 00:00:00-04:00,543.1336788985003,552.0328060328302,537.7043566429662,543.2674560546875,3216500,0.0,0.0
2024-08-07 00:00:00-04:00,541.6042358423642,546.4218468545798,532.4470643972068,541.09765625,4320700,0.0,0.0
2024-08-08 00:00:00-04:00,539.4631421119682,547.1865707940696,539.4631421119682,541.2506103515625,2860800,0.0,0.0
2024-08-09 00:00:00-04:00,539.6255936239853,540.9542638847348,533.0205727128482,534.1007080078125,2976700,0.0,0.0
2024-08-12 00:00:00-04:00,537.5035690015695,543.8887586753679,536.289598269856,540.3424682617188,2532400,0.0,0.0
2024-08-13 00:00:00-04:00,544.8350837794687,550.3217556751507,543.8887839820551,548.8975219726562,2369400,0.0,0.0
2024-08-14 00:00:00-04:00,549.8534031242244,555.4739106516726,547.9703714964564,554.087890625,2344400,0.0,0.0
2024-08-15 00:00:00-04:00,554.0878062705774,557.5958826908291,548.1996869838003,554.0304565429688,2751800,0.0,0.0
2024-08-16 00:00:00-04:00,555.2826710877231,555.9804942100457,548.7636461010827,552.1856689453125,2728900,0.0,0.0
2024-08-19 00:00:00-04:00,552.5680025404487,557.5576038057994,551.6025668529338,553.2371215820312,1847900,0.0,0.0
2024-08-20 00:00:00-04:00,554.2599172943065,558.0451747634133,550.1019157249219,555.024658203125,1677500,0.0,0.0
2024-08-21 00:00:00-04:00,555.8467204386064,557.643756656334,551.9467632914592,552.5585327148438,2844300,0.0,0.0
2024-08-22 00:00:00-04:00,553.6863864395046,557.223108733321,545.4372432051158,553.1797485351562,2282000,0.0,0.0
2024-08-23 00:00:00-04:00,555.3591284683978,559.3833524504412,552.9216775246659,558.7142333984375,2376400,0.0,0.0
2024-08-26 00:00:00-04:00,562.0980710410689,565.9598144491163,559.8900186666979,561.2186889648438,1800000,0.0,0.0
2024-08-27 00:00:00-04:00,563.4553902409526,566.1987846286318,558.0165582141361,561.428955078125,1581900,0.0,0.0
2024-08-28 00:00:00-04:00,563.0157555313058,566.6767458876399,558.1025805720491,562.5664672851562,1657000,0.0,0.0
2024-08-29 00:00:00-04:00,564.6119711965154,566.4567890040922,558.5804478607345,565.4627075195312,1953200,0.0,0.0
2024-08-30 00:00:00-04:00,563.9620130101468,567.0781514336293,560.7025294187903,564.1531982421875,2944700,0.0,0.0
2024-09-03 00:00:00-04:00,566.3708517306774,574.1515718903937,565.7017325501444,572.2589721679688,3175500,0.0,0.0
2024-09-04 00:00:00-04:00,573.5207147067574,581.1103078317052,571.4942795154503,577.5162353515625,2935000,0.0,0.0
2024-09-05 00:00:00-04:00,577.5257165430896,579.2558347720311,563.6464986644091,569.2096557617188,2144800,0.0,0.0
2024-09-06 00:00:00-04:00,569.5728943450996,574.1036980087905,566.1222258736514,570.538330078125,2926400,0.0,0.0
2024-09-09 00:00:00-04:00,571.9148964442353,573.0236775525248,549.8821527280232,567.881103515625,3411400,0.0,0.0
2024-09-10 00:00:00-04:00,568.9420232826383,578.1087616701021,565.061202832315,572.5934448242188,2863500,0.0,0.0
2024-09-11 00:00:00-04:00,563.1399571179282,565.3002276323316,553.4187398031133,563.7230224609375,3563600,0.0,0.0
2024-09-12 00:00:00-04:00,562.5569109902209,564.4495105873082,557.4716872331029,562.4517211914062,3395800,0.0,0.0
2024-09-13 00:00:00-04:00,564.99448863243,571.3031942616993,561.3143617307277,568.0914916992188,2241900,0.0,0.0
2024-09-16 00:00:00-04:00,570.7581360004227,574.3937003607072,563.8131219990224,565.1369018554688,2548600,2.1,0.0
2024-09-17 00:00:00-04:00,562.1344247240304,562.81545999054,552.9063734434541,554.4124145507812,3416000,0.0,0.0
2024-09-18 00:00:00-04:00,553.3571144254605,560.7050576312785,548.9925057167219,556.9927368164062,2988300,0.0,0.0
2024-09-19 00:00:00-04:00,559.9376811349517,561.0025013071704,551.1701133134551,553.5586547851562,2945700,0.0,0.0
2024-09-20 00:00:00-04:00,548.407399691596,555.2565107349792,546.4409339736726,551.5729370117188,5398700,0.0,0.0
2024-09-23 00:00:00-04:00,553.0021971510226,555.8224157797382,548.6951415093687,550.0476684570312,2386100,0.0,0.0
2024-09-24 00:00:00-04:00,547.5632384287316,553.7888087039632,542.9396113907248,551.7551879882812,3188500,0.0,0.0
2024-09-25 00:00:00-04:00,554.325967737145,557.4339517773349,549.7311467083969,552.8295288085938,2658800,0.0,0.0
2024-09-26 00:00:00-04:00,551.572947264015,553.1077355239908,547.6495591473891,551.3906860351562,2751900,0.0,0.0
2024-09-27 00:00:00-04:00,554.1437125512816,562.8058334875446,553.0981549521266,558.143798828125,2986200,0.0,0.0
2024-09-30 00:00:00-04:00,559.7266648934166,562.5276799677054,555.1605905301374,560.8585815429688,3009700,0.0,0.0
2024-10-01 00:00:00-04:00,561.1655392131267,564.7148030511676,557.1078994343112,559.5347900390625,2648400,0.0,0.0
2024-10-02 00:00:00-04:00,579.6408717347116,579.890288020368,560.4461222617724,568.177734375,3667000,0.0,0.0
2024-10-03 00:00:00-04:00,566.5470285209007,569.0602783561507,560.5612714003531,568.599853515625,2645800,0.0,0.0
2024-10-04 00:00:00-04:00,568.0049561515299,571.8419848544678,564.4652948311332,567.1128540039062,2462600,0.0,0.0
2024-10-07 00:00:00-04:00,564.8010765596796,568.3023890742685,559.5635692471305,559.7841796875,2591100,0.0,0.0
2024-10-08 00:00:00-04:00,564.100856383793,565.2040257194529,555.9471691764184,557.8848876953125,2231400,0.0,0.0
2024-10-09 00:00:00-04:00,558.4412111705723,568.6477230251255,556.9543740461825,567.132080078125,2207700,0.0,0.0
2024-10-10 00:00:00-04:00,570.9307364338447,574.5471550867463,568.6093502278983,573.3480834960938,2143200,0.0,0.0
2024-10-11 00:00:00-04:00,572.1873379129615,577.0124299012986,571.9091743926418,573.6837768554688,1909700,0.0,0.0
2024-10-14 00:00:00-04:00,574.700548896353,583.8326958875317,573.0410527282377,580.7343139648438,2447100,0.0,0.0
2024-10-15 00:00:00-04:00,529.52925511521,546.4889178462803,520.8767351802204,533.625244140625,11939400,0.0,0.0
2024-10-16 00:00:00-04:00,534.3158997226136,552.7048451396217,532.5028894361491,548.0620727539062,5103900,0.0,0.0
2024-10-17 00:00:00-04:00,537.7405412076708,546.268295179591,535.9562779086365,542.968505859375,5588700,0.0,0.0
2024-10-18 00:00:00-04:00,543.7549066475307,547.6878961971021,540.1001391499067,546.4024658203125,3687000,0.0,0.0
2024-10-21 00:00:00-04:00,546.4313079495777,555.6785617897942,545.5296038025289,548.1867065429688,3018000,0.0,0.0
2024-10-22 00:00:00-04:00,544.7142175033857,549.6927650780232,542.450384397169,546.642333984375,2593800,0.0,0.0
2024-10-23 00:00:00-04:00,548.8198988073808,550.7480154010877,537.1841027549053,541.6350708007812,2911900,0.0,0.0
2024-10-24 00:00:00-04:00,541.9708093659673,548.4074473635279,537.4814919228959,537.9611206054688,2590200,0.0,0.0
2024-10-25 00:00:00-04:00,543.093076805457,548.2155364506569,540.6469824469881,541.5582885742188,2513700,0.0,0.0
2024-10-28 00:00:00-04:00,543.1794916461611,545.1747633909322,539.8796439156805,542.2106323242188,1826500,0.0,0.0
2024-10-29 00:00:00-04:00,539.8891847814041,544.551161071087,537.8171562870446,539.227294921875,2600300,0.0,0.0
2024-10-30 00:00:00-04:00,538.3831475116325,547.0740161121553,538.095382037791,540.0234985351562,2323600,0.0,0.0
2024-10-31 00:00:00-04:00,538.0282257658597,545.2898103725973,538.0282257658597,541.500732421875,2490000,0.0,0.0
2024-11-01 00:00:00-04:00,542.0954451557476,547.0931964385574,540.9251794297041,544.43603515625,2548300,0.0,0.0
2024-11-04 00:00:00-05:00,543.6494310920925,545.4240920898832,532.7906322640359,535.044921875,2656600,0.0,0.0
2024-11-05 00:00:00-05:00,535.5342924844989,545.5680882252038,531.8123687890188,543.9277954101562,2608100,0.0,0.0
2024-11-06 00:00:00-05:00,579.2955390554018,580.8303274012551,566.7771837565708,572.3792724609375,6591300,0.0,0.0
2024-11-07 00:00:00-05:00,574.2976995115969,582.8830632225965,571.861207283624,580.7822875976562,5254300,0.0,0.0
2024-11-08 00:00:00-05:00,584.1877355620946,594.547703399324,580.5425692830503,590.7202758789062,3875800,0.0,0.0
2024-11-11 00:00:00-05:00,591.7658596239486,605.0323461037261,588.9072330191773,599.775634765625,3003200,0.0,0.0
2024-11-12 00:00:00-05:00,594.3366954402991,599.0370214063887,588.77301442512,589.626708984375,2809400,0.0,0.0
2024-11-13 00:00:00-05:00,588.0247512384434,588.0343531796206,578.4897309074198,581.1852416992188,3409400,0.0,0.0
2024-11-14 00:00:00-05:00,578.8925446792239,581.3098916771368,564.9929165380566,568.9834594726562,3079200,0.0,0.0
2024-11-15 00:00:00-05:00,567.8035847168505,574.5279879955723,565.9138758722155,568.1009521484375,3423900,0.0,0.0
2024-11-18 00:00:00-05:00,565.4245725060198,569.9330931051081,561.4724374825843,565.6260375976562,2577100,0.0,0.0
2024-11-19 00:00:00-05:00,558.9783170210582,562.930510475644,553.270783626589,553.4913940429688,3198300,0.0,0.0
2024-11-20 00:00:00-05:00,558.9687714230062,578.0867599599765,557.8560003091105,576.033935546875,3928600,0.0,0.0
2024-11-21 00:00:00-05:00,575.5544128084651,579.3914422271882,572.4176225231638,573.1466674804688,2722900,0.0,0.0
2024-11-22 00:00:00-05:00,574.1731399248185,576.7631467630131,564.6860696432134,566.7964477539062,3197900,0.0,0.0
2024-11-25 00:00:00-05:00,573.2329780770041,584.9934816216629,570.767679857502,581.1468505859375,5146200,0.0,0.0
2024-11-26 00:00:00-05:00,583.4586838970605,583.6792943530866,574.4800491111201,582.0677490234375,2693600,0.0,0.0
2024-11-27 00:00:00-05:00,586.1349504875238,592.2933652703542,581.9813504500818,583.5928955078125,2269800,0.0,0.0
2024-11-29 00:00:00-05:00,583.9958834310786,590.6915397815934,581.9047093606233,585.3388671875,2010800,0.0,0.0
2024-12-02 00:00:00-05:00,588.9840064064243,588.9840064064243,576.2930505413378,583.727294921875,3364900,0.0,0.0
2024-12-03 00:00:00-05:00,585.962187313337,590.6625706125238,580.1778973349712,580.5711669921875,2329900,0.0,0.0
2024-12-04 00:00:00-05:00,586.1253931050838,597.4542190687752,582.2403543410501,585.9047241210938,4147600,0.0,0.0
2024-12-05 00:00:00-05:00,580.9646624519119,584.178151304091,550.5082401767828,555.3812255859375,5943700,0.0,0.0
2024-12-06 00:00:00-05:00,558.3932498900633,558.3932498900633,521.9702785054657,527.2269897460938,13003600,0.0,0.0
2024-12-09 00:00:00-05:00,531.5408630276669,542.1138853001058,524.4536656261442,539.8413696289062,7684700,2.1,0.0
2024-12-10 00:00:00-05:00,541.1703564323952,546.7072417517659,536.384589854337,544.2421264648438,5360600,0.0,0.0
2024-12-11 00:00:00-05:00,535.0653490679855,537.4149168272925,512.9274450541114,513.755615234375,10363000,0.0,0.0
2024-12-12 00:00:00-05:00,511.82966180779664,514.2080867320252,495.132317176275,496.6441345214844,9403800,0.0,0.0
2024-12-13 00:00:00-05:00,496.5286591151471,507.9779897771076,491.7909979548373,501.1892395019531,8202900,0.0,0.0
2024-12-16 00:00:00-05:00,498.8011272587293,502.36400420803096,477.69354539139266,480.02386474609375,8880000,0.0,0.0
2024-12-17 00:00:00-05:00,468.9501201136251,477.23138067876175,458.1844960721937,467.52496337890625,14132700,0.0,0.0
2024-12-18 00:00:00-05:00,470.32704754965835,487.7658421006399,467.9871190073787,481.1986083984375,10147600,0.0,0.0
2024-12-19 00:00:00-05:00,481.603123375475,484.98301084564815,468.21828117780865,471.1167297363281,7418100,0.0,0.0
2024-12-20 00:00:00-05:00,471.1552165090232,484.0104248849392,470.6159744105622,481.59344482421875,10956900,0.0,0.0
2024-12-23 00:00:00-05:00,482.20006968665194,489.92280949386776,480.55342718665185,487.5732421875,4286000,0.0,0.0
2024-12-24 00:00:00-05:00,485.7051592996193,487.3421630859375,482.03637362650187,487.3421630859375,1824400,0.0,0.0
2024-12-26 00:00:00-05:00,486.90886600636674,493.2353368759865,486.0229808270205,492.20501708984375,3387000,0.0,0.0
2024-12-27 00:00:00-05:00,490.5391306998208,494.1597520008485,488.97914886628007,491.0879821777344,3471800,0.0,0.0
2024-12-30 00:00:00-05:00,488.0739633470548,490.8376156908004,482.1037748861297,488.9791259765625,5408600,0.0,0.0
2024-12-31 00:00:00-05:00,490.47169117328554,492.0605304530279,484.6844336521479,487.11102294921875,4214000,0.0,0.0
2025-01-02 00:00:00-05:00,489.17173512550124,493.12938997936783,484.6363125024563,485.81109619140625,4234900,0.0,0.0
2025-01-03 00:00:00-05:00,487.5829280145234,497.1544902868293,486.64887838547804,493.9864501953125,3019500,0.0,0.0
2025-01-06 00:00:00-05:00,493.9864102992775,501.01583479260535,490.9242793700627,494.6315612792969,4444800,0.0,0.0
2025-01-07 00:00:00-05:00,499.61957837483317,500.24551060759563,492.2723975812633,495.1900939941406,3914500,0.0,0.0
2025-01-08 00:00:00-05:00,495.4308253127627,505.2238729835021,490.6257816196256,505.0794677734375,4141700,0.0,0.0
2025-01-10 00:00:00-05:00,507.1208716336898,515.6043394992814,499.25363843531943,501.3913879394531,5467500,0.0,0.0
2025-01-13 00:00:00-05:00,515.2095479051569,527.1114882694388,513.3800037333518,521.08349609375,6472500,0.0,0.0
2025-01-14 00:00:00-05:00,519.6487802661219,524.3671345290759,516.663641424183,523.587158203125,3978300,0.0,0.0
2025-01-15 00:00:00-05:00,517.1932856483342,526.0426764020797,514.525990915838,523.279052734375,4103900,0.0,0.0
2025-01-16 00:00:00-05:00,510.6933461062643,519.8316628040305,491.0976119616905,491.6657409667969,9059900,0.0,0.0
2025-01-17 00:00:00-05:00,486.8799751961679,502.47955910840795,484.16448706411643,490.8665466308594,7495700,0.0,0.0
2025-01-21 00:00:00-05:00,494.9975452666956,505.54171274424414,493.8131520613359,505.5320739746094,5682100,0.0,0.0
2025-01-22 00:00:00-05:00,502.3254049808018,505.0023965352685,496.87521050858874,500.4573059082031,3756100,0.0,0.0
2025-01-23 00:00:00-05:00,508.3053456549454,511.781532725453,500.072249361064,510.13494873046875,4580800,0.0,0.0
2025-01-24 00:00:00-05:00,508.5364319305624,514.8147973478195,505.06988369195807,512.7733764648438,3671200,0.0,0.0
2025-01-27 00:00:00-05:00,519.9664114536503,531.4542363817326,519.9664114536503,523.375244140625,4263000,0.0,0.0
2025-01-28 00:00:00-05:00,522.8841638583613,526.2448028756102,517.9057985565764,522.373779296875,3162700,0.0,0.0
2025-01-29 00:00:00-05:00,521.6515308198695,523.3366695639812,514.217689828302,518.1560668945312,2737600,0.0,0.0
2025-01-30 00:00:00-05:00,519.4753559405915,526.8322053380022,515.1710577439311,525.3493041992188,2924700,0.0,0.0
2025-01-31 00:00:00-05:00,523.1056863604377,528.8062547632228,521.3434958681269,522.3834838867188,4120500,0.0,0.0
2025-02-03 00:00:00-05:00,521.9116683726033,533.38021810348,521.016144333874,527.8626098632812,4083600,0.0,0.0
2025-02-04 00:00:00-05:00,524.9930915127583,528.4692788341057,521.4398528003059,525.2338256835938,2869900,0.0,0.0
2025-02-05 00:00:00-05:00,511.05925475658074,520.6597619402247,502.5661480244499,519.802734375,4621600,0.0,0.0
2025-02-06 00:00:00-05:00,517.9539231423549,519.1190386815173,505.80166933028727,510.39483642578125,3926800,0.0,0.0
2025-02-07 00:00:00-05:00,509.5860463863106,512.6578164063063,505.9172603926593,507.4964904785156,3349100,0.0,0.0
2025-02-10 00:00:00-05:00,508.11269058099225,514.3621391125266,503.9817141210747,513.6014404296875,3143100,0.0,0.0
2025-02-11 00:00:00-05:00,515.171030362682,527.2462329815083,508.69048648902475,514.1310424804688,2631900,0.0,0.0
2025-02-12 00:00:00-05:00,519.8412655424848,522.2486068829112,506.0327885266688,507.8527526855469,3859200,0.0,0.0
2025-02-13 00:00:00-05:00,511.2229010758882,514.5257655056218,507.5636961468846,511.49249267578125,2835100,0.0,0.0
2025-02-14 00:00:00-05:00,509.39344596387537,513.4377913159169,503.5291363874675,504.10693359375,3705300,0.0,0.0
2025-02-18 00:00:00-05:00,492.00280817744664,496.8752648187421,478.57947018394344,482.1712341308594,8759300,0.0,0.0
2025-02-19 00:00:00-05:00,482.7489856862497,492.88870676046525,479.6868543958011,492.09912109375,4380300,0.0,0.0
2025-02-20 00:00:00-05:00,486.46590759141816,489.5858125426951,481.69936001675325,483.798583984375,4144300,0.0,0.0
2025-02-21 00:00:00-05:00,423.2587440426931,452.29130420821235,422.2476724311488,449.13287353515625,19864900,0.0,0.0
2025-02-24 00:00:00-05:00,449.383215277445,450.6542985569018,440.06199666774387,444.4144592285156,6919300,0.0,0.0
2025-02-25 00:00:00-05:00,443.6922702902772,453.31202655341684,433.38886668098314,452.94610595703125,9101000,0.0,0.0
2025-02-26 00:00:00-05:00,447.4284557389426,455.51711676700637,441.2175327113629,446.4077453613281,5108400,0.0,0.0
2025-02-27 00:00:00-05:00,448.8921090707174,457.7799939194948,447.78470861628784,451.1935119628906,4216800,0.0,0.0
2025-02-28 00:00:00-05:00,449.691326732714,458.70439789105,447.2647374331209,457.3562927246094,6146300,0.0,0.0
2025-03-03 00:00:00-05:00,456.78820452101087,459.5807146264819,447.96770223526414,449.739501953125,5700200,0.0,0.0
2025-03-04 00:00:00-05:00,452.33939952816417,461.4487701600569,449.1713303644548,457.0192565917969,5864100,0.0,0.0
2025-03-05 00:00:00-05:00,453.6104794917584,461.32358045537984,453.5527056558128,458.3385009765625,3637100,0.0,0.0
2025-03-06 00:00:00-05:00,458.35778487635383,470.0285708314511,454.5060387849559,469.6434020996094,4964000,0.0,0.0
2025-03-07 00:00:00-05:00,465.89755022703827,481.3912242511688,465.4546076687141,475.1899108886719,5434100,0.0,0.0
2025-03-10 00:00:00-04:00,476.06025579580074,481.4467413693105,461.97030407947284,464.3976135253906,5108900,2.1,0.0
2025-03-11 00:00:00-04:00,466.60247687526225,470.7317772897896,461.4190935777406,470.0258483886719,4101000,0.0,0.0
2025-03-12 00:00:00-04:00,467.221383073096,471.5344254892827,463.0437125516921,465.25823974609375,3680800,0.0,0.0
2025-03-13 00:00:00-04:00,463.6529799169653,468.1110743818843,459.34958776361196,465.6547546386719,2876600,0.0,0.0
2025-03-14 00:00:00-04:00,465.15192520548385,473.32352488554716,462.48285273964933,472.54986572265625,3915900,0.0,0.0
2025-03-17 00:00:00-04:00,471.4474099004604,484.1157642645455,469.93881152562165,482.5781555175781,5152300,0.0,0.0
2025-03-18 00:00:00-04:00,485.6920851511796,489.2991989788561,481.4177327345897,487.20068359375,3617600,0.0,0.0
2025-03-19 00:00:00-04:00,488.39982456115075,489.6666599939238,483.5838962170918,486.6204528808594,3317600,0.0,0.0
2025-03-20 00:00:00-04:00,488.6029310693066,497.4417988520735,486.9202703497666,494.4535827636719,4965400,0.0,0.0
2025-03-21 00:00:00-04:00,494.82106784916925,501.8998942498113,488.4481999010114,499.8207092285156,10244900,0.0,0.0
2025-03-24 00:00:00-04:00,498.1090417840921,501.1745793655558,494.27949552953476,499.48223876953125,3840900,0.0,0.0
2025-03-25 00:00:00-04:00,501.2036338483094,501.8998828107865,494.6760047042984,496.5133972167969,3015100,0.0,0.0
2025-03-26 00:00:00-04:00,498.22509584006315,505.7197472400497,495.95248871073414,501.1262512207031,3253800,0.0,0.0
2025-03-27 00:00:00-04:00,499.27916241077554,503.91137839950665,496.04924238866363,498.7279357910156,2822200,0.0,0.0
2025-03-28 00:00:00-04:00,499.8400229783123,503.8145914229359,498.07998174676055,499.037353515625,2379100,0.0,0.0
2025-03-31 00:00:00-04:00,502.07397415031966,510.71942008042396,501.50344661036087,506.493408203125,5238700,0.0,0.0
2025-04-01 00:00:00-04:00,508.41776503874496,510.76769365028247,503.7856085193956,505.88409423828125,2962500,0.0,0.0
2025-04-02 00:00:00-04:00,505.7197848851793,507.7022294046891,499.7723923024883,505.9615478515625,2378900,0.0,0.0
2025-04-03 00:00:00-04:00,512.5277806416825,530.4279191341781,511.850832568129,522.6334838867188,6457900,0.0,0.0
2025-04-04 00:00:00-04:00,522.8268818270913,533.5611328383234,507.54747570308166,507.7505187988281,9919000,0.0,0.0
2025-04-07 00:00:00-04:00,496.48434586876306,511.763750292398,486.99754193276584,507.4120178222656,7356700,0.0,0.0
2025-04-08 00:00:00-04:00,562.9885610290323,565.7350142636212,529.4222289692897,534.8570556640625,11762300,0.0,0.0
2025-04-09 00:00:00-04:00,541.6843966609358,569.9803411064214,536.1915496491932,559.439453125,12691900,0.0,0.0
2025-04-10 00:00:00-04:00,561.1220666878378,582.0490795567398,560.8899837246436,574.8155517578125,8646000,0.0,0.0
2025-04-11 00:00:00-04:00,569.5160613602384,586.3814450944798,567.2048526932416,579.7184448242188,6121500,0.0,0.0
2025-04-14 00:00:00-04:00,575.3958006073989,576.0050479417391,560.2033961191361,567.7174072265625,4839300,0.0,0.0
2025-04-15 00:00:00-04:00,572.7267175736165,573.3262849352159,562.8337970830722,564.3617553710938,3871300,0.0,0.0
2025-04-16 00:00:00-04:00,566.0347188283376,575.2120301909794,563.7524909389863,565.763916015625,4192100,0.0,0.0
2025-04-17 00:00:00-04:00,466.07063684565765,473.65231957938204,432.36887498790867,439.14788818359375,29120200,0.0,0.0
2025-04-21 00:00:00-04:00,434.9411973671603,438.5579614087838,410.8132447968408,411.31610107421875,13029900,0.0,0.0
2025-04-22 00:00:00-04:00,410.64887335358304,417.2828342585003,403.37662523381647,413.10516357421875,10156900,0.0,0.0
2025-04-23 00:00:00-04:00,412.9988362792285,424.390705770843,409.78821708840366,413.8594970703125,8345700,0.0,0.0
2025-04-24 00:00:00-04:00,413.48234759303637,415.7355653147137,409.6914915298636,410.271728515625,7629100,0.0,0.0
2025-04-25 00:00:00-04:00,409.6044665629202,409.6044665629202,398.4446802955204,404.8465881347656,9263800,0.0,0.0
2025-04-28 00:00:00-04:00,405.91998022170293,410.1459917322156,401.85835098523114,406.1617431640625,6614300,0.0,0.0
2025-04-29 00:00:00-04:00,407.31251222308106,407.8540588198841,395.62086058697855,395.74658203125,9909100,0.0,0.0
2025-04-30 00:00:00-04:00,395.5531907175539,399.64383039534243,387.78776605900015,397.8837890625,9192800,0.0,0.0
2025-05-01 00:00:00-04:00,397.7677784846957,398.4156867046951,386.6853429107409,387.47833251953125,9316800,0.0,0.0
2025-05-02 00:00:00-04:00,386.7820385097342,388.7548324902311,380.15772762583055,386.7433776855469,11392900,0.0,0.0
2025-05-05 00:00:00-04:00,385.96970201048,396.20112637756483,384.49011396641765,391.47222900390625,8157200,0.0,0.0
2025-05-06 00:00:00-04:00,389.5284656255743,391.3852181259499,380.457544243186,381.5116271972656,7858600,0.0,0.0
2025-05-07 00:00:00-04:00,382.32392280385983,382.48830507783794,372.9918791347592,378.1752624511719,8517200,0.0,0.0
2025-05-08 00:00:00-04:00,377.15019398114663,378.0398946035448,372.6727395204123,372.8468017578125,7218300,0.0,0.0
2025-05-09 00:00:00-04:00,372.96284062835,373.813821330793,366.06775731307425,368.09857177734375,8381100,0.0,0.0
2025-05-12 00:00:00-04:00,368.44674060179455,374.45212409467786,364.423801519916,366.2708740234375,11004800,0.0,0.0
2025-05-13 00:00:00-04:00,324.6779411270291,330.731694451795,298.91569816864296,301.1205749511719,59478300,0.0,0.0
2025-05-14 00:00:00-04:00,310.85877995823597,312.2996775436098,296.9912326458149,297.8616027832031,40029600,0.0,0.0
2025-05-15 00:00:00-04:00,265.8425356339148,267.53487629484084,240.6798582598081,265.3106689453125,121849200,0.0,0.0
2025-05-16 00:00:00-04:00,270.08792440867734,284.7870950913048,260.2723538533802,282.2921142578125,71094300,0.0,0.0
2025-05-19 00:00:00-04:00,294.7283542676769,305.8688094304866,287.4561356569032,305.48199462890625,62524700,0.0,0.0
2025-05-20 00:00:00-04:00,310.34626886892585,313.943702655314,302.28103108828424,310.9844970703125,41487000,0.0,0.0
2025-05-21 00:00:00-04:00,291.0825719131725,299.74734718581095,290.1832208835153,292.9973449707031,45506900,0.0,0.0
2025-05-22 00:00:00-04:00,284.20686091226094,295.59872966499546,282.8626447764148,286.895263671875,27159600,0.0,0.0
2025-05-23 00:00:00-04:00,286.3440487333716,289.8254411747657,282.0310058956864,285.8315124511719,16873600,0.0,0.0
2025-05-27 00:00:00-04:00,289.63200642213985,290.0671915254351,279.60368424391345,285.2802734375,20144600,0.0,0.0
2025-05-28 00:00:00-04:00,284.31324236308086,293.7710082244716,283.61696385436153,288.2878112792969,16114200,0.0,0.0
2025-05-29 00:00:00-04:00,287.02093954482785,293.3841564081161,285.2802582484813,288.3458251953125,16221100,0.0,0.0
2025-05-30 00:00:00-04:00,288.1524294683198,295.56972984823045,286.0926043877836,291.9626159667969,16309300,0.0,0.0
2025-06-02 00:00:00-04:00,293.13273442398184,303.21907753009026,291.05357897391764,294.6800231933594,19074400,0.0,0.0
2025-06-03 00:00:00-04:00,293.1134112566389,295.64708229197464,290.1252246874169,291.29534912109375,12805700,0.0,0.0
2025-06-04 00:00:00-04:00,293.53888869966147,297.50380667227756,290.30893948148366,290.4830017089844,11255600,0.0,0.0
2025-06-05 00:00:00-04:00,290.4829826182471,292.4557762698312,284.4195498167771,286.0925598144531,13529000,0.0,0.0
2025-06-06 00:00:00-04:00,287.43680064656314,294.36089467874035,287.3594199802387,293.22943115234375,12589000,0.0,0.0
2025-06-09 00:00:00-04:00,294.98949119683004,297.2717192934336,291.21799505544686,293.200439453125,12170300,0.0,0.0
2025-06-10 00:00:00-04:00,293.7903206156568,295.066836055353,290.6860926477361,293.7806701660156,11384100,0.0,0.0
2025-06-11 00:00:00-04:00,292.7072332558053,301.3139884179278,292.2720776508007,300.3276062011719,14711400,0.0,0.0
2025-06-12 00:00:00-04:00,301.13987830134175,308.29605461828396,298.3451143754661,308.0059509277344,15957200,0.0,0.0
2025-06-13 00:00:00-04:00,305.49164550124414,306.9615830661931,301.63311841740847,303.1997375488281,13762400,0.0,0.0
2025-06-16 00:00:00-04:00,304.8359351372026,305.09888195336697,296.8400871414289,299.6352233886719,14240100,2.21,0.0
2025-06-17 00:00:00-04:00,299.4306841596557,301.8654757702511,297.5510024478773,300.8136291503906,11593900,0.0,0.0
2025-06-18 00:00:00-04:00,299.52807241319425,303.65749947621657,298.24252494378794,299.1872253417969,12205600,0.0,0.0
2025-06-20 00:00:00-04:00,301.427194343239,301.51484327258163,293.7235103008663,294.132568359375,16177900,0.0,0.0
2025-06-23 00:00:00-04:00,294.02545989331065,294.5805995721258,287.81186629372377,292.8372802734375,12274700,0.0,0.0
2025-06-24 00:00:00-04:00,293.58722122671986,297.84323274198323,291.5224927150727,297.6484375,8781400,0.0,0.0
2025-06-25 00:00:00-04:00,296.44076227488523,296.44076227488523,291.9802072595582,294.1423034667969,8722100,0.0,0.0
2025-06-26 00:00:00-04:00,294.6780006210415,298.7100005442105,293.431388359581,294.7266845703125,6532700,0.0,0.0
2025-06-27 00:00:00-04:00,295.0480927444711,302.35246840520324,294.3176551783979,301.0473937988281,15304400,0.0,0.0
2025-06-30 00:00:00-04:00,300.94026040062283,304.2321036031761,298.3496384111671,303.8327941894531,10074100,0.0,0.0
2025-07-01 00:00:00-04:00,303.83279640669696,318.0324889235734,302.9659962707237,317.6332092285156,17865500,0.0,0.0
2025-07-02 00:00:00-04:00,312.37402596950074,314.01022857787615,298.4372806770748,299.5378112792969,18177200,0.0,0.0
2025-07-03 00:00:00-04:00,301.75834449819746,304.10548729418315,300.1903528893154,300.5019836425781,6161100,0.0,0.0
2025-07-07 00:00:00-04:00,299.96631862498765,300.5603934961675,293.34369750501463,295.7882080078125,9031200,0.0,0.0
2025-07-08 00:00:00-04:00,296.2946718683778,300.2584900286108,295.8758651222612,299.6741638183594,9613800,0.0,0.0
2025-07-09 00:00:00-04:00,295.2818202555604,295.6811296875477,290.9576275306009,295.0091247558594,12816700,0.0,0.0
2025-07-10 00:00:00-04:00,295.15517663169106,296.97639600594107,288.86368341476077,291.6977844238281,11355600,0.0,0.0
2025-07-11 00:00:00-04:00,292.194493820114,296.1875584556225,290.22719267690536,296.1680908203125,9808200,0.0,0.0
2025-07-14 00:00:00-04:00,293.7722778335495,296.10967220935396,291.2011232150572,292.7398986816406,10681400,0.0,0.0
2025-07-15 00:00:00-04:00,291.8925916122791,292.8372920835697,283.43900104291316,284.10125732421875,16019000,0.0,0.0
2025-07-16 00:00:00-04:00,284.91933350621724,288.2696095060878,283.16629524372746,284.86090087890625,9714000,0.0,0.0
2025-07-17 00:00:00-04:00,284.7050786426184,285.3576159613911,276.42678602940396,280.55621337890625,14792700,0.0,0.0
2025-07-18 00:00:00-04:00,280.3809012411879,280.5561991191431,273.48555415915195,275.2775573730469,14979700,0.0,0.0
2025-07-21 00:00:00-04:00,277.215675643485,279.0271465168168,273.8653996740732,274.7808837890625,10319200,0.0,0.0
2025-07-22 00:00:00-04:00,275.25804911420084,279.62117639224465,274.64447691033206,277.6928405761719,14600300,0.0,0.0
2025-07-23 00:00:00-04:00,280.0010691219835,285.0070155458623,277.51759326709913,284.8804016113281,13111100,0.0,0.0
2025-07-24 00:00:00-04:00,275.71581251250757,281.66642904138746,270.9630944541488,271.3136901855469,22585200,0.0,0.0
2025-07-25 00:00:00-04:00,273.670601797612,278.6765480683822,272.63825243902,273.7290344238281,16486600,0.0,0.0
2025-07-28 00:00:00-04:00,276.10536223236545,277.5662371648118,272.39474228167774,274.7613525390625,15779400,0.0,0.0
2025-07-29 00:00:00-04:00,258.7696915645359,265.7916229883092,253.75399654026026,254.2604522705078,41706000,0.0,0.0
2025-07-30 00:00:00-04:00,257.89312267743446,259.67540683003745,251.38736644618226,259.1007995605469,22371800,0.0,0.0
2025-07-31 00:00:00-04:00,254.58181382832618,254.58181382832618,241.28785711045148,243.05064392089844,29606900,0.0,0.0
2025-08-01 00:00:00-04:00,244.0732791246028,244.93033062642078,228.48087719118644,231.5681915283203,39989200,0.0,0.0
2025-08-04 00:00:00-04:00,232.0259204957428,235.93132112191168,230.7695596277883,234.69444274902344,17427900,0.0,0.0
2025-08-05 00:00:00-04:00,234.8697576119316,245.49519249646224,233.78870946819526,244.45309448242188,23795900,0.0,0.0
2025-08-06 00:00:00-04:00,244.10248323446783,246.5567575010141,238.91150539464564,239.36924743652344,12946400,0.0,0.0
2025-08-07 00:00:00-04:00,239.99256231007448,242.26179010723808,233.25306022385337,238.2882080078125,11369900,0.0,0.0
2025-08-08 00:00:00-04:00,238.40506465525084,244.53100907684876,237.9960214207692,244.34596252441406,10185700,0.0,0.0
2025-08-11 00:00:00-04:00,247.24822856973847,251.66007004429798,245.56335683501533,245.787353515625,11779500,0.0,0.0
2025-08-12 00:00:00-04:00,247.39431690942763,256.023219208256,247.0534401302882,254.7473907470703,12171800,0.0,0.0
2025-08-13 00:00:00-04:00,257.49386083864647,265.09039951268255,256.032985730441,264.7203063964844,19480300,0.0,0.0
2025-08-14 00:00:00-04:00,265.002735002078,266.70708919484196,260.0357539817072,264.40863037109375,25011100,0.0,0.0
2025-08-15 00:00:00-04:00,293.84041795031777,302.206359369574,287.02300061610106,296.0804443359375,68198500,0.0,0.0
2025-08-18 00:00:00-04:00,305.01121401712896,308.14722686734973,299.40147423729877,300.44354248046875,39600500,0.0,0.0
2025-08-19 00:00:00-04:00,300.8428683153138,302.40114100878935,291.4056129379895,296.3044128417969,22348600,0.0,0.0
2025-08-20 00:00:00-04:00,298.4081182617392,299.1872695782562,287.98722575198445,292.01922607421875,16679000,0.0,0.0
2025-08-21 00:00:00-04:00,294.4053032087613,298.5736657173911,290.0323967827259,295.4376525878906,13359000,0.0,0.0
2025-08-22 00:00:00-04:00,298.11591206231475,302.5764375343802,296.63553963540966,299.4014892578125,14930000,0.0,0.0
2025-08-25 00:00:00-04:00,300.4435560517388,300.8136491566155,294.8338160185123,296.9082336425781,8917100,0.0,0.0
2025-08-26 00:00:00-04:00,296.37258198469374,300.90128859430416,286.52629863380554,292.5937805175781,16303200,0.0,0.0
2025-08-27 00:00:00-04:00,292.7009183419864,297.9892786188307,292.6619533539408,295.95379638671875,9982800,0.0,0.0
2025-08-28 00:00:00-04:00,296.3141724713059,296.5284353460974,291.5906702690248,294.4053039550781,11235000,0.0,0.0
2025-08-29 00:00:00-04:00,294.41501048718345,301.91418106683005,293.0612817111696,301.7875671386719,12065400,0.0,0.0
2025-09-02 00:00:00-04:00,300.2682736972622,304.7288290991673,299.2846082594135,300.7454833984375,10957100,0.0,0.0
2025-09-03 00:00:00-04:00,300.07346913056483,301.51487658937236,295.7785225103111,299.8494873046875,9654600,0.0,0.0
2025-09-04 00:00:00-04:00,298.11590893739424,303.77436260798476,296.1680755300563,302.2842712402344,7725700,0.0,0.0
2025-09-05 00:00:00-04:00,302.3427351827427,309.6471112168801,300.16117105145327,307.16363525390625,14126700,0.0,0.0
2025-09-08 00:00:00-04:00,311.3708967335557,313.2602974904627,305.61504552729724,311.8968200683594,18438600,0.0,0.0
2025-09-09 00:00:00-04:00,323.8273141699113,342.5362463146478,318.6266023750954,338.8451232910156,46408900,0.0,0.0
2025-09-10 00:00:00-04:00,336.54665319825267,339.4781519824642,332.49515615094765,337.7348327636719,17804300,0.0,0.0
2025-09-11 00:00:00-04:00,339.89694627435426,351.5644796571226,336.81936577301684,344.3866882324219,18943500,0.0,0.0
2025-09-12 00:00:00-04:00,346.6169306487971,352.85973995734156,343.2666549867767,343.31536865234375,14016200,0.0,0.0
2025-09-15 00:00:00-04:00,344.2562617205344,344.6972712574788,335.7003177947291,340.9534606933594,11035900,2.21,0.0
2025-09-16 00:00:00-04:00,340.57119910514825,342.0805014268064,331.5742462609258,333.005126953125,12695800,0.0,0.0
2025-09-17 00:00:00-04:00,330.9568224057415,336.1609442520178,330.9568224057415,334.79864501953125,8467700,0.0,0.0
2025-09-18 00:00:00-04:00,336.6803662104043,338.05244567780335,327.45798828050584,328.14404296875,11255600,0.0,0.0
2025-09-19 00:00:00-04:00,329.7905316198508,334.16159537316497,327.18356573028825,329.97674560546875,13656800,0.0,0.0
2025-09-22 00:00:00-04:00,327.7912281730855,335.6513373618812,325.96832887765663,334.4948425292969,8903700,0.0,0.0
2025-09-23 00:00:00-04:00,334.2008052062361,345.66753101419107,333.1815333788629,340.7574157714844,12504100,0.0,0.0
2025-09-24 00:00:00-04:00,343.2174040946968,347.4316547985749,340.904444380264,344.7952880859375,9016300,0.0,0.0
2025-09-25 00:00:00-04:00,341.9432916493518,343.2075787683629,336.7489800892123,338.6698913574219,8104900,0.0,0.0
2025-09-26 00:00:00-04:00,340.99263187046614,342.99196477482826,334.4948223631065,337.2193908691406,6774700,0.0,0.0
2025-09-29 00:00:00-04:00,337.1214299699541,338.6601031752857,334.641876568426,338.2974853515625,6878900,0.0,0.0
2025-09-30 00:00:00-04:00,336.89595653123035,342.35490328142276,335.5042568017067,338.4150390625,7429700,0.0,0.0
2025-10-01 00:00:00-04:00,337.042992446128,341.74730347810174,334.8182646079004,341.3552551269531,8825500,0.0,0.0
2025-10-02 00:00:00-04:00,340.36539029247416,348.00004388575104,337.77801491718446,346.66717529296875,8564200,0.0,0.0
2025-10-03 00:00:00-04:00,350.1267830161296,360.66243848827344,349.4995296363098,353.0179748535156,13494800,0.0,0.0
2025-10-06 00:00:00-04:00,353.8314330983794,355.2917144647868,349.98958069389806,351.6164855957031,7181700,0.0,0.0
2025-10-07 00:00:00-04:00,352.24373721828493,357.4478588776738,350.9206488503359,356.40899658203125,7236200,0.0,0.0
2025-10-08 00:00:00-04:00,359.613786634634,367.16026853084173,358.50631288504906,362.544189453125,9438300,0.0,0.0
2025-10-09 00:00:00-04:00,365.0923241938757,368.71856196916235,358.7807287668154,360.358642578125,8759800,0.0,0.0
2025-10-10 00:00:00-04:00,362.0345124206696,362.0345124206696,345.481298369123,347.4316101074219,13141900,0.0,0.0
2025-10-13 00:00:00-04:00,347.6668450586018,351.9987280315978,346.27517512568846,351.5086975097656,5659400,0.0,0.0
2025-10-14 00:00:00-04:00,347.872702274778,355.10552812873306,346.35358961180725,352.7533874511719,5974800,0.0,0.0
2025-10-15 00:00:00-04:00,352.2241485667839,356.95783019026874,348.7547241397475,353.94903564453125,6579600,0.0,0.0
2025-10-16 00:00:00-04:00,354.62527889422057,354.7820922478407,347.3336224508748,349.5583801269531,5872100,0.0,0.0
2025-10-17 00:00:00-04:00,344.0014287463771,351.2440942663747,343.83480520778255,349.4897766113281,8608400,0.0,0.0
2025-10-20 00:00:00-04:00,351.3911117321571,358.2809400014152,350.3816500053927,357.2126770019531,5996500,0.0,0.0
2025-10-21 00:00:00-04:00,357.85947450501646,363.6516084782733,354.29203824215006,358.0848693847656,6885300,0.0,0.0
2025-10-22 00:00:00-04:00,356.7029783280342,356.74218914094564,350.8618233858751,354.2822265625,7833000,0.0,0.0
2025-10-23 00:00:00-04:00,348.4901083853841,355.0565296362527,346.5888173917132,353.2630310058594,5756700,0.0,0.0
2025-10-24 00:00:00-04:00,354.1646514889598,358.1339166267961,352.8513732909411,355.2721252441406,5462100,0.0,0.0
2025-10-27 00:00:00-04:00,356.2521771853968,358.91794432933744,354.194043082288,358.6827392578125,7766400,0.0,0.0
2025-10-28 00:00:00-04:00,373.08965737319994,373.40328410758775,351.47932179202735,360.50567626953125,18858700,0.0,0.0
2025-10-29 00:00:00-04:00,357.01665396858556,358.8493634281032,346.8240245772966,348.176513671875,11874900,0.0,0.0
2025-10-30 00:00:00-04:00,340.5908266262187,347.47087476925253,336.7490038190758,337.8760681152344,11441900,0.0,0.0
2025-10-31 00:00:00-04:00,337.52322317661793,339.3755229195461,330.398160543053,334.7496337890625,8390800,0.0,0.0
2025-11-03 00:00:00-05:00,332.36810487769543,333.9068078868114,320.08794125774733,327.13458251953125,11181400,0.0,0.0
2025-11-04 00:00:00-05:00,321.09740415229965,329.79054081416064,320.6759850821896,324.23358154296875,9646600,0.0,0.0
2025-11-05 00:00:00-05:00,319.7938795016485,323.62592144694264,317.7553658634617,321.2051696777344,9697100,0.0,0.0
2025-11-06 00:00:00-05:00,322.36167136274133,325.7428638052234,315.04061463076283,315.1484069824219,7922100,0.0,0.0
2025-11-07 00:00:00-05:00,313.2863393626572,318.07882265849594,307.8960032344128,317.74560546875,9402900,0.0,0.0
2025-11-10 00:00:00-05:00,313.60970588621075,317.78477526476075,310.8459566317771,315.1679992675781,9283800,0.0,0.0
2025-11-11 00:00:00-05:00,316.8537429984404,321.3228192405015,313.5019507714403,320.9210205078125,7157800,0.0,0.0
2025-11-12 00:00:00-05:00,321.9010364932658,336.3275351202159,320.55832784518265,332.2994689941406,10403300,0.0,0.0
2025-11-13 00:00:00-05:00,331.60363424866546,332.2700685282101,324.68440621265313,325.8898620605469,7788700,0.0,0.0
2025-11-14 00:00:00-05:00,320.4309810489659,321.6658376676509,314.09976495778756,315.44244384765625,8676500,0.0,0.0
2025-11-17 00:00:00-05:00,314.2075720220705,321.34241512007077,313.06088745762,314.129150390625,6485400,0.0,0.0
2025-11-18 00:00:00-05:00,310.6891774544803,311.1693978203648,302.61345368940135,307.3275451660156,9182100,0.0,0.0
2025-11-19 00:00:00-05:00,307.67055482846513,308.7192273184903,298.4579870426836,302.92706298828125,8181100,0.0,0.0
2025-11-20 00:00:00-05:00,304.6127916915999,308.4742348638782,303.81894458396266,305.3282470703125,7337600,0.0,0.0
2025-11-21 00:00:00-05:00,305.6908291650661,317.3829496811602,305.23019930011,313.5901184082031,8406300,0.0,0.0
2025-11-24 00:00:00-05:00,318.05919102277767,319.35287870423815,311.2869660112169,312.6884460449219,10773800,0.0,0.0
2025-11-25 00:00:00-05:00,314.71720383448,321.4600287348608,314.5015892042089,319.7743225097656,6149100,0.0,0.0
2025-11-26 00:00:00-05:00,320.07813955631997,328.50667069521734,319.3921147564304,323.13592529296875,5504200,0.0,0.0
2025-11-28 00:00:00-05:00,325.05687265152045,325.43908092127253,322.3323040363653,323.1947326660156,2464500,0.0,0.0
2025-12-01 00:00:00-05:00,320.6367557882569,323.4789266660114,316.58909913037786,316.7655029296875,6154600,0.0,0.0
2025-12-02 00:00:00-05:00,316.9223157324214,322.146057528238,316.36367379314567,318.0690002441406,7978100,0.0,0.0
2025-12-03 00:00:00-05:00,319.4998951185618,334.60263914868636,318.529644271779,332.9365234375,9770000,0.0,0.0
2025-12-04 00:00:00-05:00,332.63270997198805,334.4556390535126,322.16566527513515,326.8405456542969,8061600,0.0,0.0
2025-12-05 00:00:00-05:00,328.3204578992349,329.0162928832224,321.9598711365138,324.31201171875,5906000,0.0,0.0
2025-12-08 00:00:00-05:00,324.31203668860735,324.70669087301354,318.52037286650165,319.2998352050781,4782800,2.21,0.0
2025-12-09 00:00:00-05:00,318.8459617269979,322.00322508793437,318.1750466501944,319.28009033203125,4628400,0.0,0.0
2025-12-10 00:00:00-05:00,318.44144868860934,324.341629514822,315.33350563746524,323.9864196777344,5910500,0.0,0.0
2025-12-11 00:00:00-05:00,325.95971994414947,334.7211811769636,324.37122709653676,332.2348327636719,7513200,0.0,0.0
2025-12-12 00:00:00-05:00,332.9945215393808,340.3746776267931,332.86625216530695,337.2765808105469,7979000,0.0,0.0
2025-12-15 00:00:00-05:00,336.4379310634787,340.35493459808333,332.50120535931967,336.5464782714844,6447200,0.0,0.0
2025-12-16 00:00:00-05:00,335.875584402924,336.43795231748607,326.61092153589937,329.7386169433594,6334000,0.0,0.0
2025-12-17 00:00:00-05:00,329.15646010386473,331.04096617925336,326.0682693196749,327.2029113769531,4685600,0.0,0.0
2025-12-18 00:00:00-05:00,324.53892313779187,325.77223619210525,320.23714165723425,323.7594909667969,6354900,0.0,0.0
2025-12-19 00:00:00-05:00,323.6805434123363,330.1332457701224,321.71711865698285,323.0491027832031,10553000,0.0,0.0
2025-12-22 00:00:00-05:00,318.58943517385893,325.3973174895482,317.3561220691985,320.81927490234375,7872400,0.0,0.0
2025-12-23 00:00:00-05:00,319.6747419864576,323.42400160765817,319.4379555165406,320.46405029296875,4463300,0.0,0.0
2025-12-24 00:00:00-05:00,320.85876722532225,324.59815108761563,319.80304392248206,323.20697021484375,2842700,0.0,0.0
2025-12-26 00:00:00-05:00,322.8320412014528,327.4594342482506,321.90458736412984,327.40020751953125,4359300,0.0,0.0
2025-12-29 00:00:00-05:00,326.4728087048146,329.787940036587,323.89763516121945,324.548828125,4346800,0.0,0.0
2025-12-30 00:00:00-05:00,325.3282463216964,331.66252501027776,325.1111820298963,327.7257995605469,4432500,0.0,0.0
2025-12-31 00:00:00-05:00,327.88370534581946,328.8802018879278,325.47627568793376,325.70318603515625,4285200,0.0,0.0
2026-01-02 00:00:00-05:00,326.4826326508298,335.71769665499096,323.1280270938765,331.9092102050781,6863600,0.0,0.0
2026-01-05 00:00:00-05:00,330.97192221503246,342.3085268229226,329.3932753932535,337.4541931152344,7956600,0.0,0.0
2026-01-06 00:00:00-05:00,343.6996829189171,347.90279327098006,340.5127911940015,344.3114013671875,9441900,0.0,0.0
2026-01-07 00:00:00-05:00,344.3213032237757,345.4361929991165,333.52734431693204,337.13848876953125,7461400,0.0,0.0
2026-01-08 00:00:00-05:00,336.4576913463828,343.2556975271264,336.2504730653109,342.2197265625,5059300,0.0,0.0
2026-01-09 00:00:00-05:00,342.6143671222478,344.40020201938364,337.9080553379447,339.3880310058594,4129100,0.0,0.0
2026-01-12 00:00:00-05:00,336.86224159355777,338.0758024907637,329.48208469325857,335.9643859863281,7146400,0.0,0.0
2026-01-13 00:00:00-05:00,336.9411188846722,337.27657641470313,328.4065987621919,329.47216796875,5605900,0.0,0.0
2026-01-14 00:00:00-05:00,330.8929641448377,335.56967774923123,329.639928884428,330.4884338378906,5740900,0.0,0.0
2026-01-15 00:00:00-05:00,330.7252428593728,334.91850727155963,323.6805441940115,334.4350280761719,6943500,0.0,0.0
2026-01-16 00:00:00-05:00,330.38977807791053,331.7119162692861,326.01892350864483,326.6010437011719,8039100,0.0,0.0
2026-01-20 00:00:00-05:00,323.0293559592084,335.35264073207316,322.14137656345895,333.912109375,7596500,0.0,0.0
2026-01-21 00:00:00-05:00,334.8987575018528,343.4332779356386,334.168645798694,343.1076965332031,8933300,0.0,0.0
2026-01-22 00:00:00-05:00,342.54531596139657,350.2116096750548,342.14078564010657,349.7380065917969,7491400,0.0,0.0
2026-01-23 00:00:00-05:00,349.55054102610836,353.09261273920316,348.2777534390037,351.5041198730469,9082200,0.0,0.0
2026-01-26 00:00:00-05:00,349.2249303389971,350.05371308364437,342.6340826093485,346.9457702636719,10399500,0.0,0.0
2026-01-27 00:00:00-05:00,290.04562584533727,295.50180147620006,276.6567723884028,278.92608642578125,65836900,0.0,0.0
2026-01-28 00:00:00-05:00,279.9324825435024,291.0027024164021,279.9324825435024,290.094970703125,23396900,0.0,0.0
2026-01-29 00:00:00-05:00,290.40083744425385,291.65390288872567,285.3590676854078,288.3880920410156,13456400,0.0,0.0
2026-01-30 00:00:00-05:00,288.200605503728,289.03926441710115,280.8993981188336,283.099609375,12022200,0.0,0.0
2026-02-02 00:00:00-05:00,282.201779365365,286.52331359037186,278.5117159450099,281.77752685546875,8664200,0.0,0.0
2026-02-03 00:00:00-05:00,280.899399533992,284.2441289542904,274.88082567321817,280.3863220214844,10809100,0.0,0.0
2026-02-04 00:00:00-05:00,278.2453003524489,280.7020503139632,270.39154116696983,272.2366027832031,12944100,0.0,0.0
2026-02-05 00:00:00-05:00,270.62839103777486,273.1936885205944,262.73518654305985,264.9649963378906,13035300,0.0,0.0
2026-02-06 00:00:00-05:00,263.49487369356603,274.10136630983425,262.85355690624687,272.95684814453125,9572800,0.0,0.0
2026-02-09 00:00:00-05:00,270.4902050418196,276.43970583527863,269.6712984464802,272.01953125,10371600,0.0,0.0
2026-02-10 00:00:00-05:00,273.81524764104677,275.7589504136547,269.01026431799795,269.5726623535156,7284700,0.0,0.0
2026-02-11 00:00:00-05:00,268.8030763257778,275.95629276204994,266.198304439543,275.18670654296875,6333100,0.0,0.0
2026-02-12 00:00:00-05:00,274.4467004687212,282.4878958393087,272.1280658242715,280.57379150390625,12336900,0.0,0.0
2026-02-13 00:00:00-05:00,281.81695692254965,289.5424162609187,280.71191329863694,289.2760314941406,10281900,0.0,0.0
2026-02-17 00:00:00-05:00,290.07523123064414,290.3021716729731,284.4907860910092,285.23077392578125,6091700,0.0,0.0
2026-02-18 00:00:00-05:00,286.1286505407075,286.25691992582074,282.46818554567625,284.3526916503906,6632000,0.0,0.0
2026-02-19 00:00:00-05:00,287.00677646545466,287.00677646545466,283.0601744920274,286.0595703125,4931800,0.0,0.0
2026-02-20 00:00:00-05:00,285.04331007061916,286.9179399107358,281.73802502847053,286.1286315917969,6974100,0.0,0.0
2026-02-23 00:00:00-05:00,284.6979833712643,287.8749991147026,277.90985337545374,278.5708923339844,7247500,0.0,0.0
2026-02-24 00:00:00-05:00,278.4327740747045,278.63008610216724,268.1715851207944,270.29290771484375,9684500,0.0,0.0
2026-02-25 00:00:00-05:00,273.5883087457124,280.93883645242494,273.17390231272435,280.40606689453125,11380600,0.0,0.0
2026-02-26 00:00:00-05:00,283.1489568057956,291.31842132234294,281.42231851936197,282.8332214355469,10210000,0.0,0.0
2026-02-27 00:00:00-05:00,280.899378965855,290.2034849465505,280.06072010966534,289.3549499511719,9723300,0.0,0.0
2026-03-02 00:00:00-05:00,284.31321524046825,291.36776038144785,283.6620222891216,290.9928283691406,8141400,0.0,0.0
2026-03-03 00:00:00-05:00,285.13211781491367,289.8187076809586,280.56392119101315,285.34918212890625,7051100,0.0,0.0
2026-03-04 00:00:00-05:00,285.15186859441445,290.4107024732037,283.83960657712646,288.0624694824219,7796000,0.0,0.0
2026-03-05 00:00:00-05:00,286.1779504316799,287.5000885291143,282.91213985723385,284.9150390625,5397900,0.0,0.0
2026-03-06 00:00:00-05:00,283.5041446062434,287.44087037641276,279.27140562669894,282.6556396484375,6816900,0.0,0.0
2026-03-09 00:00:00-04:00,280.39852614134315,283.5803655260448,277.0774975936055,283.550537109375,10348800,2.21,0.0
2026-03-10 00:00:00-04:00,285.74795833009716,285.9468043127463,277.3161057836816,280.736572265625,6075600,0.0,0.0
2026-03-11 00:00:00-04:00,280.7763694963311,284.59455850401093,279.00647932593364,283.63006591796875,6878800,0.0,0.0
2026-03-12 00:00:00-04:00,283.1627358622739,285.9269470548217,274.7209602020642,275.47662353515625,10512300,0.0,0.0
2026-03-13 00:00:00-04:00,276.48089418495215,281.2735286763525,276.2323139355343,280.4880065917969,4737600,0.0,0.0
2026-03-16 00:00:00-04:00,282.36727883683284,285.767839547621,279.44397276937343,283.8686828613281,4854000,0.0,0.0
2026-03-17 00:00:00-04:00,286.16556405202414,287.3488084380985,283.22238246669014,285.9368896484375,5752000,0.0,0.0
2026-03-18 00:00:00-04:00,283.5803557381978,286.7621646688093,281.4624471949345,282.71527099609375,4544100,0.0,0.0
2026-03-19 00:00:00-04:00,282.3871618979052,285.91698928392157,278.4794876796185,278.8473815917969,5542100,0.0,0.0
2026-03-20 00:00:00-04:00,277.40561834190976,281.4922936115716,273.43828708670907,274.0249328613281,38893000,0.0,0.0
2026-03-23 00:00:00-04:00,277.55476453204625,279.15560669620453,267.5618207785692,268.00927734375,10424200,0.0,0.0
2026-03-24 00:00:00-04:00,267.34306557553816,271.8274627132414,266.0703359894755,270.73370361328125,5911700,0.0,0.0
2026-03-25 00:00:00-04:00,273.43825962603756,274.5121128941823,265.5930528118823,269.0135192871094,8121200,0.0,0.0
2026-03-26 00:00:00-04:00,268.4567257080549,273.08034278207333,265.66268603579573,266.5277404785156,6218800,0.0,0.0
2026-03-27 00:00:00-04:00,265.98086412749376,266.1499120468286,254.516344356629,257.54901123046875,10735300,0.0,0.0
2026-03-30 00:00:00-04:00,258.70244155156036,260.84022572405274,255.21239532653578,260.3033142089844,7774700,0.0,0.0
2026-03-31 00:00:00-04:00,261.506421503485,270.33599678803927,261.11862175045525,269.0533142089844,9170800,0.0,0.0
2026-04-01 00:00:00-04:00,272.6527466700565,273.7365528939259,269.22235750517115,272.424072265625,5473400,0.0,0.0
2026-04-02 00:00:00-04:00,270.74367864614135,277.45534552157113,269.98798496185265,275.6854553222656,6407000,0.0,0.0
2026-04-06 00:00:00-04:00,276.3019282869355,281.6911311912249,275.6755011928929,279.76214599609375,7097000,0.0,0.0
2026-04-07 00:00:00-04:00,307.0960565749332,310.6557125153819,299.0420501528358,305.982421875,22099800,0.0,0.0
2026-04-08 00:00:00-04:00,310.22814137902384,311.1926339297742,303.09884670162427,304.2423400878906,9645000,0.0,0.0
2026-04-09 00:00:00-04:00,304.08324700425817,306.1414986993597,302.41279505356766,305.16705322265625,5742000,0.0,0.0
2026-04-10 00:00:00-04:00,306.20115193665987,308.607391668382,302.4724483346268,302.6016845703125,5212900,0.0,0.0
2026-04-13 00:00:00-04:00,301.5278433900291,311.5406631473035,301.199730811355,311.22247314453125,7972200,0.0,0.0
2026-04-14 00:00:00-04:00,310.7352487756957,317.8048561417646,310.7352487756957,312.40570068359375,5864500,0.0,0.0
2026-04-15 00:00:00-04:00,314.20541746552016,315.9554320324556,309.3829548311358,312.2664794921875,5041200,0.0,0.0
2026-04-16 00:00:00-04:00,313.2111061223722,316.80059026538316,311.33182492038935,314.6031494140625,5205600,0.0,0.0
2026-04-17 00:00:00-04:00,318.2324307180975,323.42278766287063,315.33898324917396,322.78643798828125,9414700,0.0,0.0
2026-04-20 00:00:00-04:00,322.3489342821542,323.5520542213801,318.3020404433487,321.6429748535156,9050600,0.0,0.0
2026-04-21 00:00:00-04:00,351.00526031661906,355.648722319699,343.26944427388656,344.0450134277344,26097300,0.0,0.0
2026-04-22 00:00:00-04:00,348.8873678788304,356.52374610698536,347.11747765911315,351.5123596191406,11807300,0.0,0.0
2026-04-23 00:00:00-04:00,352.66576141761215,354.8234513171886,348.50950696242506,352.54644775390625,7255800,0.0,0.0
2026-04-24 00:00:00-04:00,354.4654798371856,356.24532290478834,349.3944670661433,352.9044189453125,8554600,0.0,0.0
2026-04-27 00:00:00-04:00,351.9001510435625,354.4654858887946,346.96832734783226,352.67572021484375,7256100,0.0,0.0
2026-04-28 00:00:00-04:00,354.8135029963465,367.5308771185002,353.6998683282982,364.6871032714844,10604100,0.0,0.0
2026-04-29 00:00:00-04:00,363.9214802466298,368.7339901692348,362.9371121823581,368.6345520019531,9046600,0.0,0.0
2026-04-30 00:00:00-04:00,366.4172241064422,369.87744160261,360.9385059451532,368.37603759765625,6879900,0.0,0.0
2026-05-01 00:00:00-04:00,369.8476329800702,370.78229715346583,364.9356847817637,366.6856994628906,4945400,0.0,0.0
2026-05-04 00:00:00-04:00,366.4569824541582,368.7240330587824,362.57913672838885,368.6445007324219,4916900,0.0,0.0
2026-05-05 00:00:00-04:00,368.3760355922912,369.6885161814855,359.75525962508635,361.8035583496094,6489000,0.0,0.0
2026-05-06 00:00:00-04:00,361.0379593902868,366.45699060703,356.21549649518977,365.1942138671875,6695500,0.0,0.0
2026-05-07 00:00:00-04:00,364.5578575186544,367.70983802248844,362.64874789161854,367.6402282714844,5235400,0.0,0.0
2026-05-08 00:00:00-04:00,369.87746743357553,377.8221130371094,369.87746743357553,377.8221130371094,6455100,0.0,0.0
2026-05-11 00:00:00-04:00,378.28944374742184,382.6246688242237,373.9343128299113,382.25677490234375,6949600,0.0,0.0
2026-05-12 00:00:00-04:00,380.6758011703357,395.1630654325308,379.8405751710962,394.138916015625,9236300,0.0,0.0
2026-05-13 00:00:00-04:00,394.24826604152645,401.85481542088894,390.7681426338459,398.8818054199219,8454100,0.0,0.0
2026-05-14 00:00:00-04:00,398.72270403378167,399.6175868268494,393.7510992453305,396.82354736328125,5342500,0.0,0.0
2026-05-15 00:00:00-04:00,392.0607685404387,395.3718745508767,388.0337805215488,391.61334228515625,9811200,0.0,0.0
2026-05-18 00:00:00-04:00,387.78519535837574,389.9130568930274,381.32210876906953,388.9087829589844,8400700,0.0,0.0
2026-05-19 00:00:00-04:00,387.78517361871184,392.74682548894975,385.3093241434657,387.02947998046875,5016800,0.0,0.0
2026-05-20 00:00:00-04:00,387.3377362764213,391.14600272737164,378.53801963676773,381.12322998046875,7783900,0.0,0.0
2026-05-21 00:00:00-04:00,378.95559956058275,383.9172514426562,378.3789067550467,380.3078918457031,4732500,0.0,0.0
2026-05-22 00:00:00-04:00,379.7510949944643,388.322137279522,378.846259230469,386.2638854980469,5598600,0.0,0.0
2026-05-26 00:00:00-04:00,383.8078958628703,384.32493184527755,374.27236136603494,374.71978759765625,6498100,0.0,0.0
2026-05-27 00:00:00-04:00,376.2808953624811,382.3462596379654,374.9485088403697,381.8292236328125,4544000,0.0,0.0
2026-05-28 00:00:00-04:00,382.77379769013777,387.0493961299752,378.7965137522062,380.35760498046875,4330800,0.0,0.0
2026-05-29 00:00:00-04:00,381.6005025160485,382.9328889810419,373.317822146985,378.15020751953125,10257900,0.0,0.0
2026-06-01 00:00:00-04:00,373.97405505590115,381.17295969749404,373.7851619834815,377.7027587890625,6623700,0.0,0.0
2026-06-02 00:00:00-04:00,375.83346054308475,377.9215103567756,372.5919643898307,375.7738037109375,3874400,0.0,0.0
2026-06-03 00:00:00-04:00,377.8419717237235,385.25959772485203,374.6700853756592,374.8590087890625,6808400,0.0,0.0
2026-06-04 00:00:00-04:00,387.78518679364066,399.1005645351637,387.606216297745,394.21844482421875,12666100,0.0,0.0
2026-06-05 00:00:00-04:00,397.2710257691138,401.7454703246708,394.9443182415365,397.201416015625,10897300,0.0,0.0
2026-06-08 00:00:00-04:00,394.87468563988523,406.3889089451397,392.74682423133754,404.2610778808594,6963200,0.0,0.0
2026-06-09 00:00:00-04:00,407.66165562372737,410.6545715332031,405.12614922049136,410.6545715332031,8590400,0.0,0.0
2026-06-10 00:00:00-04:00,411.1517339543602,413.61766096102207,402.2525488568183,405.1460266113281,6512900,0.0,0.0
2026-06-11 00:00:00-04:00,406.38891459163034,407.6517216421196,400.82071109845896,403.2468566894531,4938100,0.0,0.0
2026-06-12 00:00:00-04:00,406.6872501409831,407.5622574937536,402.5110897188582,406.20001220703125,7269600,0.0,0.0
2026-06-15 00:00:00-04:00,406.70001220703125,414.1600036621094,399.6499938964844,411.0400085449219,6777900,2.32,0.0
2026-06-16 00:00:00-04:00,410.67999267578125,411.75,406.5400085449219,407.6499938964844,4815100,0.0,0.0
2026-06-17 00:00:00-04:00,409.1199951171875,411.1600036621094,398.5899963378906,399.5299987792969,5838800,0.0,0.0
2026-06-18 00:00:00-04:00,402.7699890136719,406.20001220703125,399.1499938964844,400.9599914550781,11896900,0.0,0.0
2026-06-22 00:00:00-04:00,402.1400146484375,409.4599914550781,402.1400146484375,406.67999267578125,5818600,0.0,0.0
2026-06-23 00:00:00-04:00,409.5199890136719,409.8999938964844,402.8399963378906,409.25,6675900,0.0,0.0
2026-06-24 00:00:00-04:00,410.5400085449219,413.42999267578125,400.0,405.79998779296875,6858800,0.0,0.0
2026-06-25 00:00:00-04:00,406.6499938964844,417.5799865722656,406.6499938964844,415.5299987792969,6014400,0.0,0.0
2026-06-26 00:00:00-04:00,416.1600036621094,427.92999267578125,416.1600036621094,427.8900146484375,10588200,0.0,0.0
2026-06-29 00:00:00-04:00,426.5299987792969,426.70001220703125,415.80999755859375,419.82000732421875,5167400,0.0,0.0
2026-06-30 00:00:00-04:00,422.7200012207031,422.739990234375,413.25,415.6300048828125,5779800,0.0,0.0
2026-07-01 00:00:00-04:00,417.1099853515625,428.0199890136719,413.7300109863281,426.5400085449219,4985900,0.0,0.0
2026-07-02 00:00:00-04:00,428.1300048828125,430.20001220703125,420.5400085449219,425.3599853515625,3928800,0.0,0.0
2026-07-06 00:00:00-04:00,423.489990234375,424.44000244140625,415.04998779296875,417.989990234375,6379000,0.0,0.0
2026-07-07 00:00:00-04:00,423.95001220703125,428.6000061035156,422.1300048828125,428.19000244140625,5800500,0.0,0.0
2026-07-08 00:00:00-04:00,427.1499938964844,430.7699890136719,423.8299865722656,425.6000061035156,3859200,0.0,0.0
2026-07-09 00:00:00-04:00,427.1099853515625,434.29998779296875,423.5199890136719,431.67999267578125,5566000,0.0,0.0
2026-07-10 00:00:00-04:00,431.6700134277344,432.8599853515625,423.6499938964844,424.6199951171875,3798600,0.0,0.0
2026-07-13 00:00:00-04:00,426.4700012207031,431.54998779296875,425.5299987792969,429.0899963378906,3863800,0.0,0.0
2026-07-14 00:00:00-04:00,431.0,432.1499938964844,421.7900085449219,425.19000244140625,5135900,0.0,0.0
2026-07-15 00:00:00-04:00,419.489990234375,424.1099853515625,414.3699951171875,418.5199890136719,6764800,0.0,0.0
2026-07-16 00:00:00-04:00,449.3900146484375,461.6199951171875,420.3699951171875,423.3800048828125,13281900,0.0,0.0
2026-07-17 00:00:00-04:00,426.7200012207031,437.4700012207031,425.1000061035156,426.0899963378906,10718100,0.0,0.0
2026-07-20 00:00:00-04:00,427.25,431.0199890136719,417.3800048828125,421.54998779296875,4818800,0.0,0.0
2026-07-21 00:00:00-04:00,422.4800109863281,437.0,420.5,436.3500061035156,6833600,0.0,0.0
2026-07-22 00:00:00-04:00,434.95001220703125,436.32000732421875,429.70001220703125,431.30999755859375,4234100,0.0,0.0
2026-07-23 00:00:00-04:00,428.2699890136719,430.489990234375,420.3999938964844,423.55999755859375,4868700,0.0,0.0
2026-07-24 00:00:00-04:00,425.239990234375,429.0,418.9200134277344,420.739990234375,3752500,0.0,0.0
2026-07-27 00:00:00-04:00,422.510009765625,422.8800048828125,412.5400085449219,417.6400146484375,4615700,0.0,0.0
2026-07-28 00:00:00-04:00,419.92999267578125,430.4599914550781,415.1099853515625,428.7900085449219,5917300,0.0,0.0
2026-07-29 00:00:00-04:00,428.260009765625,431.67999267578125,420.3500061035156,420.57000732421875,5257900,0.0,0.0
2026-07-30 00:00:00-04:00,415.19000244140625,427.3399963378906,411.2900085449219,421.4700012207031,3647500,0.0,0.0
2026-07-31 00:00:00-04:00,422.0,422.80999755859375,414.05999755859375,414.3999938964844,3920900,0.0,0.0
2026-08-03 00:00:00-04:00,417.42999267578125,419.3399963378906,413.32000732421875,415.3599853515625,3209600,0.0,0.0
2026-08-04 00:00:00-04:00,415.55999755859375,416.0,406.6700134277344,407.54998779296875,5266300,0.0,0.0
2026-08-05 00:00:00-04:00,403.19000244140625,416.3599853515625,397.79998779296875,412.75,5399000,0.0,0.0
2026-08-06 00:00:00-04:00,415.2699890136719,416.9700012207031,402.3999938964844,403.9700012207031,4712400,0.0,0.0
2026-08-07 00:00:00-04:00,401.5899963378906,410.6400146484375,400.6600036621094,407.0799865722656,4095900,0.0,0.0
2026-08-10 00:00:00-04:00,408.6000061035156,413.07000732421875,407.989990234375,408.739990234375,3182200,0.0,0.0
2026-08-11 00:00:00-04:00,409.0,410.8999938964844,401.32000732421875,402.19000244140625,3398900,0.0,0.0
2026-08-12 00:00:00-04:00,400.9800109863281,407.20001220703125,400.5,405.5899963378906,3317200,0.0,0.0
2026-08-13 00:00:00-04:00,405.5899963378906,407.32000732421875,398.5899963378906,399.05999755859375,4170200,0.0,0.0
2026-08-14 00:00:00-04:00,398.0,403.17999267578125,396.55999755859375,401.7300109863281,3476400,0.0,0.0
2026-08-17 00:00:00-04:00,398.57000732421875,398.8999938964844,391.42999267578125,395.6199951171875,5295100,0.0,0.0
2026-08-18 00:00:00-04:00,397.42999267578125,398.7900085449219,393.510009765625,393.92999267578125,3605100,0.0,0.0
2026-08-19 00:00:00-04:00,394.57000732421875,396.79998779296875,386.3299865722656,388.6099853515625,5268500,0.0,0.0
2026-08-20 00:00:00-04:00,388.25,392.7099914550781,383.8299865722656,384.8500061035156,4497200,0.0,0.0
2026-08-21 00:00:00-04:00,386.0,393.6600036621094,386.0,390.1099853515625,4879600,0.0,0.0
2026-08-24 00:00:00-04:00,391.0400085449219,399.5799865722656,390.8599853515625,398.760009765625,4683900,0.0,0.0
2026-08-25 00:00:00-04:00,397.79998779296875,399.0299987792969,395.6199951171875,396.5899963378906,2655000,0.0,0.0
2026-08-26 00:00:00-04:00,396.3299865722656,406.25,396.010009765625,401.010009765625,3557000,0.0,0.0
2026-08-27 00:00:00-04:00,396.8699951171875,399.8800048828125,393.7699890136719,395.04998779296875,3668200,0.0,0.0
2026-08-28 00:00:00-04:00,396.4200134277344,396.739990234375,392.81500244140625,392.95001220703125,2453364,0.0,0.0
