Date,Open,High,Low,Close,Volume,Dividends,Stock Splits
2021-08-16 00:00:00-04:00,223.57758101311646,226.7260079218547,221.64229352240582,226.6104736328125,7575900,0.0,0.0
2021-08-17 00:00:00-04:00,226.26388453521426,226.90897554941446,224.55005713831363,225.8113555908203,6850500,0.0,0.0
2021-08-18 00:00:00-04:00,225.22399706073844,225.63801940406032,222.86507901273475,223.01913452148438,4996500,0.0,0.0
2021-08-19 00:00:00-04:00,220.52537409677572,223.78934940896556,220.39057921954668,222.96133422851562,5761300,0.0,0.0
2021-08-20 00:00:00-04:00,223.25020594465335,223.52943339427136,221.73857848392257,222.75917053222656,5522200,0.0,0.0
2021-08-23 00:00:00-04:00,224.0493968211764,225.9269028193994,223.3754221925252,225.4358673095703,6342000,0.0,0.0
2021-08-24 00:00:00-04:00,226.30236795150614,227.4096254499671,225.25289229047328,225.53211975097656,5081800,0.0,0.0
2021-08-25 00:00:00-04:00,226.26387799319005,226.26387799319005,223.45243071898332,223.94346618652344,5277100,0.0,0.0
2021-08-26 00:00:00-04:00,223.5005423088262,223.98195474497734,221.59413848375766,221.9503936767578,5889100,0.0,0.0
2021-08-27 00:00:00-04:00,222.4318786239471,224.3864125765601,221.6712384996023,224.039794921875,6369000,0.0,0.0
2021-08-30 00:00:00-04:00,224.03973353648297,224.98329784677185,221.37270438789142,222.63400268554688,6448000,0.0,0.0
2021-08-31 00:00:00-04:00,222.32591701922857,223.22133718806103,220.15956083993868,220.5832061767578,9405100,0.0,0.0
2021-09-01 00:00:00-04:00,220.5832062094302,222.20074510493222,220.26547220676878,221.56527709960938,8177600,0.0,0.0
2021-09-02 00:00:00-04:00,221.86372469067135,221.9792736637304,213.7086116701541,215.8460693359375,19708800,0.0,0.0
2021-09-03 00:00:00-04:00,215.67281024244264,218.85013583164462,215.04697983933897,216.74154663085938,11532000,0.0,0.0
2021-09-07 00:00:00-04:00,218.3109579055176,219.52411218389366,217.46366715719785,217.85842895507812,9662600,0.0,0.0
2021-09-08 00:00:00-04:00,218.92717048691782,221.66159017684632,218.59979879549672,220.57359313964844,10652600,0.0,0.0
2021-09-09 00:00:00-04:00,220.7853842854875,221.44973584366534,218.6575493987753,219.03305053710938,5853000,0.0,0.0
2021-09-10 00:00:00-04:00,221.30530751704345,221.4882319058053,216.4622994809187,216.5489501953125,6715400,0.0,0.0
2021-09-13 00:00:00-04:00,217.1459250670488,218.75384108362616,215.1047407308142,216.27938842773438,6808100,0.0,0.0
2021-09-14 00:00:00-04:00,216.63561213790393,217.41549799095355,214.01672711806896,214.7388458251953,6575700,0.0,0.0
2021-09-15 00:00:00-04:00,214.24781516562877,216.48156144316027,213.1309346810915,215.48985290527344,6535800,0.0,0.0
2021-09-16 00:00:00-04:00,215.53801061385533,216.82819262096396,214.4692742487922,215.99053955078125,5928500,0.0,0.0
2021-09-17 00:00:00-04:00,214.18042906329745,215.3839603737133,211.1475360376672,213.50645446777344,13787400,0.0,0.0
2021-09-20 00:00:00-04:00,208.89451844133626,212.30291247668276,208.26867337647886,211.86964416503906,8822600,0.0,0.0
2021-09-21 00:00:00-04:00,212.54360869359414,213.91081836592,210.8394044105956,211.98516845703125,7033600,0.0,0.0
2021-09-22 00:00:00-04:00,213.16947950453704,215.7691191282755,212.8806437166067,214.46929931640625,6005900,0.0,0.0
2021-09-23 00:00:00-04:00,216.63560740153198,220.19805667382647,216.01940003925154,219.8225555419922,7952700,0.0,0.0
2021-09-24 00:00:00-04:00,220.41954875645905,223.32728474682864,220.12107531843466,222.9806671142578,6461200,0.0,0.0
2021-09-27 00:00:00-04:00,223.10578982541637,224.65593852168607,220.26545927279707,221.06460571289062,6881100,0.0,0.0
2021-09-28 00:00:00-04:00,220.36172212200213,220.36172212200213,215.6727697313679,217.17477416992188,6951400,0.0,0.0
2021-09-29 00:00:00-04:00,218.3687228236054,220.50619559568977,217.6851105783799,218.253173828125,6432700,0.0,0.0
2021-09-30 00:00:00-04:00,219.11974649217845,220.28475668095263,214.35376500123414,214.46929931640625,7128500,0.0,0.0
2021-10-01 00:00:00-04:00,215.83653635316503,222.95181442312168,215.16256161077993,221.89271545410156,7925400,0.0,0.0
2021-10-04 00:00:00-04:00,221.44976356107676,221.7674975935193,212.6013989185762,216.37567138671875,10283400,0.0,0.0
2021-10-05 00:00:00-04:00,217.09775449624274,218.92713062249828,215.5957500017972,215.94236755371094,5814000,0.0,0.0
2021-10-06 00:00:00-04:00,213.78564877007324,218.19538887287706,213.02502351198171,218.0894775390625,5420900,0.0,0.0
2021-10-07 00:00:00-04:00,220.40026150241857,222.5666176268649,219.9958767888404,221.9792938232422,6561900,0.0,0.0
2021-10-08 00:00:00-04:00,222.41257493303115,224.0782580688974,221.62305138132797,221.709716796875,3735200,0.0,0.0
2021-10-11 00:00:00-04:00,221.45938347829508,221.7578715833671,216.51046333092938,216.74154663085938,5620200,0.0,0.0
2021-10-12 00:00:00-04:00,217.174807747409,217.8102757824446,214.6329502988105,215.720947265625,5448200,0.0,0.0
2021-10-13 00:00:00-04:00,214.83515448620253,217.46366271475995,210.5024418342414,214.1900634765625,9076000,0.0,0.0
2021-10-14 00:00:00-04:00,215.7883524668673,217.2614736655723,214.76776023158618,216.80894470214844,5590500,0.0,0.0
2021-10-15 00:00:00-04:00,218.77308469451705,222.49921252213494,218.3012951835548,222.40293884277344,6355100,0.0,0.0
2021-10-18 00:00:00-04:00,221.62304786422087,224.1071380870362,219.65889136026217,222.07557678222656,5580200,0.0,0.0
2021-10-19 00:00:00-04:00,223.32725540588402,224.95443200357425,222.10446354447373,224.83889770507812,4409700,0.0,0.0
2021-10-20 00:00:00-04:00,224.781142150204,225.108499140524,222.71105948226304,222.8169708251953,5401800,0.0,0.0
2021-10-21 00:00:00-04:00,222.1237078898844,222.24887983178337,217.88728408447255,221.68081665039062,5982200,0.0,0.0
2021-10-22 00:00:00-04:00,221.72894490787408,224.16490547768439,220.20769445908977,222.63400268554688,3788000,0.0,0.0
2021-10-25 00:00:00-04:00,224.77150919734737,226.12909606926488,223.65462859244172,225.18553161621094,4938700,0.0,0.0
2021-10-26 00:00:00-04:00,226.7741287406698,228.15097587324377,222.7302674338832,223.20205688476562,7814500,0.0,0.0
2021-10-27 00:00:00-04:00,216.39490259704903,216.39490259704903,207.64282752632434,207.75836181640625,22958100,0.0,0.0
2021-10-28 00:00:00-04:00,211.09938684521333,211.8118826530538,201.24005329493488,202.03919982910156,23199400,0.0,0.0
2021-10-29 00:00:00-04:00,201.43261613434623,205.72680722417266,200.78751048326586,203.89744567871094,14329800,0.0,0.0
2021-11-01 00:00:00-04:00,205.55347596670677,207.24804235976455,203.58930510802037,204.561767578125,13210300,0.0,0.0
2021-11-02 00:00:00-04:00,205.23579526662763,205.41873438041384,200.09431292332124,201.365234375,14688700,0.0,0.0
2021-11-03 00:00:00-04:00,201.89477985023237,202.33767113009648,199.0448113400817,200.3638916015625,11486700,0.0,0.0
2021-11-04 00:00:00-04:00,201.38446337521233,204.4655001745094,200.14241100372638,201.01858520507812,11368200,0.0,0.0
2021-11-05 00:00:00-04:00,204.07074521209054,209.53959856763652,203.50268201756668,208.6152801513672,14273600,0.0,0.0
2021-11-08 00:00:00-05:00,210.2520901977281,213.37164848147626,210.04026752275823,212.2932891845703,13500100,0.0,0.0
2021-11-09 00:00:00-05:00,211.523030154479,212.21626534144963,205.00470068133131,205.4572296142578,11535000,0.0,0.0
2021-11-10 00:00:00-05:00,205.973261508323,209.25262382140872,205.76106591798597,207.9119415283203,10063600,0.375,0.0
2021-11-11 00:00:00-05:00,208.789633267405,209.08863209499123,202.70351478102043,202.95428466796875,13546900,0.0,0.0
2021-11-12 00:00:00-05:00,203.9959545034976,206.0021576188405,203.92843104758157,204.5650177001953,7660500,0.0,0.0
2021-11-15 00:00:00-05:00,206.04073674250768,208.72210089250393,204.29495807478412,204.767578125,9596900,0.0,0.0
2021-11-16 00:00:00-05:00,204.63260039124177,207.9987663257861,204.15034031191706,207.54544067382812,8719600,0.0,0.0
2021-11-17 00:00:00-05:00,198.64289181909132,199.95463961282329,192.3831664142014,197.7844696044922,38379600,0.0,0.0
2021-11-18 00:00:00-05:00,199.17340221913958,200.494790056979,194.12896617727264,196.11587524414062,18292200,0.0,0.0
2021-11-19 00:00:00-05:00,194.8716011903824,196.27980677113132,192.75931489536836,193.7334747314453,18032600,0.0,0.0
2021-11-22 00:00:00-05:00,192.90399999812757,194.5436810546302,187.695597885141,188.6408233642578,21185800,0.0,0.0
2021-11-23 00:00:00-05:00,189.9815114930456,191.86232260812892,187.48340814743727,191.4475860595703,14742700,0.0,0.0
2021-11-24 00:00:00-05:00,191.1389030109596,196.71382674455947,190.62770865153095,196.03866577148438,12026800,0.0,0.0
2021-11-26 00:00:00-05:00,186.4610310931861,192.12275931890002,185.71834650209547,190.63739013671875,10987600,0.0,0.0
2021-11-29 00:00:00-05:00,193.86851819188357,194.10964818963467,188.42862603131508,189.32562255859375,14633500,0.0,0.0
2021-11-30 00:00:00-05:00,188.34181471471135,190.64701680599293,185.72795917514458,186.89503479003906,16023000,0.0,0.0
2021-12-01 00:00:00-05:00,189.07484382826695,189.82716820871974,183.35524761310583,183.41311645507812,13204900,0.0,0.0
2021-12-02 00:00:00-05:00,185.18782993602298,192.3638607008289,185.04315783084803,191.25465393066406,13976300,0.0,0.0
2021-12-03 00:00:00-05:00,191.23539489882063,191.42829596580754,187.1554644808781,189.35458374023438,10660500,0.0,0.0
2021-12-06 00:00:00-05:00,191.717644839317,196.9742759045668,190.72419041505944,195.48890686035156,10722100,0.0,0.0
2021-12-07 00:00:00-05:00,198.6911548027255,200.56232628526487,198.58505699544511,200.01254272460938,11897200,0.0,0.0
2021-12-08 00:00:00-05:00,200.29222934180657,202.04764811162636,198.41141826078274,201.57504272460938,11749200,0.0,0.0
2021-12-09 00:00:00-05:00,201.12172474694728,204.6711514630631,199.81961679377847,203.889892578125,10176800,0.0,0.0
2021-12-10 00:00:00-05:00,204.381772315449,206.64840009375504,203.37867803919423,205.82855224609375,8882700,0.0,0.0
2021-12-13 00:00:00-05:00,204.91227659243785,205.75141902294507,202.52991095068316,203.53302001953125,8844300,0.0,0.0
2021-12-14 00:00:00-05:00,203.25329723280396,205.79962946607753,201.05419279122256,202.5299072265625,9832300,0.0,0.0
2021-12-15 00:00:00-05:00,201.97048023243335,204.95085818991168,200.48512592192307,204.77723693847656,10892500,0.0,0.0
2021-12-16 00:00:00-05:00,207.65150151938568,208.59674170315057,204.10207503168675,206.76414489746094,8548400,0.0,0.0
2021-12-17 00:00:00-05:00,205.2497983887163,205.64525500422263,200.4175451952334,204.36244201660156,11578400,0.0,0.0
2021-12-20 00:00:00-05:00,201.67149653160135,202.3273778277899,199.52062091101394,201.33392333984375,9434400,0.0,0.0
2021-12-21 00:00:00-05:00,203.13753255932295,208.49062083795894,202.8964025892709,207.73829650878906,6993700,0.0,0.0
2021-12-22 00:00:00-05:00,206.26261348554013,211.17201688661814,206.26261348554013,210.22679138183594,6003400,0.0,0.0
2021-12-23 00:00:00-05:00,210.68975970749025,210.7669230767115,208.934326171875,208.934326171875,4798200,0.0,0.0
2021-12-27 00:00:00-05:00,209.95670726823465,210.3810984245006,207.25606303273722,209.9084930419922,4818400,0.0,0.0
2021-12-28 00:00:00-05:00,208.34596950041404,211.93398524310965,207.93123294566226,210.3135986328125,4279800,0.0,0.0
2021-12-29 00:00:00-05:00,210.03384933681582,211.17199047842945,209.61911284177913,210.42930603027344,3223100,0.0,0.0
2021-12-30 00:00:00-05:00,210.23644202536872,211.37456865005527,209.44552849913563,210.13998413085938,3812800,0.0,0.0
2021-12-31 00:00:00-05:00,209.11757659136777,210.2460632131162,207.8444178581415,209.02113342285156,4723300,0.0,0.0
2022-01-03 00:00:00-05:00,209.80239220172163,214.181306477658,209.31047758801864,213.5736541748047,7694500,0.0,0.0
2022-01-04 00:00:00-05:00,214.12343774210532,218.74348201772858,213.94017658925264,214.56712341308594,10629300,0.0,0.0
2022-01-05 00:00:00-05:00,214.74069826384286,217.27739017239816,212.1172031011877,212.19436645507812,9594600,0.0,0.0
2022-01-06 00:00:00-05:00,210.07245134065232,214.03662898587922,209.83132134937915,211.95326232910156,7877500,0.0,0.0
2022-01-07 00:00:00-05:00,209.59985652322246,212.38731896962548,207.98910975345822,209.2622833251953,10702100,0.0,0.0
2022-01-10 00:00:00-05:00,206.38797484579584,206.60017041225586,199.17336973837405,204.4492950439453,11978600,0.0,0.0
2022-01-11 00:00:00-05:00,203.91877287160958,207.3235265635346,201.33386689070278,206.7737579345703,8803100,0.0,0.0
2022-01-12 00:00:00-05:00,206.87025511442076,209.86027314064825,206.22402845041063,208.05662536621094,6923300,0.0,0.0
2022-01-13 00:00:00-05:00,209.15614811378035,212.6573453749476,207.04384715868767,207.3717803955078,8867700,0.0,0.0
2022-01-14 00:00:00-05:00,206.57126778265751,210.50651155163627,206.12759677898256,207.05352783203125,8838100,0.0,0.0
2022-01-18 00:00:00-05:00,208.22059200775908,209.21404647663815,206.72558299464532,208.05662536621094,9099300,0.0,0.0
2022-01-19 00:00:00-05:00,205.44276951722009,210.4872052300316,204.58434726614962,207.0631561279297,9399800,0.0,0.0
2022-01-20 00:00:00-05:00,207.10169489082838,211.80855627570313,206.34937061602028,206.7448272705078,8532700,0.0,0.0
2022-01-21 00:00:00-05:00,207.81551724535876,207.9505494771755,198.51754362158002,198.62362670898438,16200200,0.0,0.0
2022-01-24 00:00:00-05:00,195.0066484027055,195.52749744944035,188.70833391979585,194.68836975097656,16054000,0.0,0.0
2022-01-25 00:00:00-05:00,192.5374911191901,198.0931361258159,190.00081335010336,194.8330535888672,12125500,0.0,0.0
2022-01-26 00:00:00-05:00,197.03215154006088,203.3786951354079,196.44379373011117,198.56573486328125,10817600,0.0,0.0
2022-01-27 00:00:00-05:00,202.06691717530532,203.4751226918991,198.5464254599293,198.8357696533203,12009800,0.0,0.0
2022-01-28 00:00:00-05:00,212.8117001827024,220.02630593206962,208.4327856943383,219.9105682373047,26425300,0.0,0.0
2022-01-31 00:00:00-05:00,217.54752528097436,218.3480787807816,214.1717047171028,218.14552307128906,12380600,0.0,0.0
2022-02-01 00:00:00-05:00,218.84957449305577,226.28602990978985,218.3866090300495,224.11585998535156,12247200,0.0,0.0
2022-02-02 00:00:00-05:00,223.09345867163597,227.4820272163411,221.84921974294824,227.06727600097656,10590500,0.0,0.0
2022-02-03 00:00:00-05:00,224.77174650909322,225.2057923065484,222.37010099804198,223.32496643066406,9968000,0.0,0.0
2022-02-04 00:00:00-05:00,220.39279516443568,222.05177055488207,216.96874660680248,220.2866973876953,10848100,0.0,0.0
2022-02-07 00:00:00-05:00,219.91055028770435,221.7624268398278,217.9911502742076,219.10035705566406,5984500,0.0,0.0
2022-02-08 00:00:00-05:00,218.2322752473603,220.39280520054658,216.775855443426,219.85267639160156,7542000,0.0,0.0
2022-02-09 00:00:00-05:00,221.96499082021873,224.87783060414083,221.9553362011429,222.67872619628906,7772800,0.0,0.0
2022-02-10 00:00:00-05:00,220.29733895445293,222.15222861669184,217.24449326934288,217.94007873535156,6794600,0.375,0.0
2022-02-11 00:00:00-05:00,219.54378861215852,221.33105967451908,215.9595909015361,217.0706024169922,7535200,0.0,0.0
2022-02-14 00:00:00-05:00,215.71804633884847,219.55342155960676,215.25432766040757,217.6985321044922,8280800,0.0,0.0
2022-02-15 00:00:00-05:00,219.563084666146,221.51457413020134,217.28311368853483,220.0944366455078,9461700,0.0,0.0
2022-02-16 00:00:00-05:00,219.7853020029144,222.08459911033134,217.949738344266,221.060546875,9561300,0.0,0.0
2022-02-17 00:00:00-05:00,220.6547265189477,221.05082655551564,216.56817408734182,216.99325561523438,8131200,0.0,0.0
2022-02-18 00:00:00-05:00,216.98364643842126,218.08498756834754,214.3172307354985,215.13841247558594,8121200,0.0,0.0
2022-02-22 00:00:00-05:00,213.52503540906005,216.732443831941,212.4623314109468,213.8148651123047,9928800,0.0,0.0
2022-02-23 00:00:00-05:00,215.28332265626923,216.6744935201792,208.11494226600996,208.62696838378906,8669900,0.0,0.0
2022-02-24 00:00:00-05:00,196.47355284797052,210.4721904463443,194.6186633816217,209.93118286132812,13463400,0.0,0.0
2022-02-25 00:00:00-05:00,209.9215290119745,213.19657101672786,206.98462414507256,211.8343963623047,8463600,0.0,0.0
2022-02-28 00:00:00-05:00,208.67522698967213,211.2353569798116,206.0088266183562,208.79115295410156,8409400,0.0,0.0
2022-03-01 00:00:00-05:00,207.2068289884255,207.85410705062563,200.25098897495033,201.88368225097656,9317800,0.0,0.0
2022-03-02 00:00:00-05:00,199.88384042648892,203.40040436373593,199.19792538106844,201.41026306152344,8865700,0.0,0.0
2022-03-03 00:00:00-05:00,203.4100905594779,204.32787238076654,199.55538922044346,200.20266723632812,8610000,0.0,0.0
2022-03-04 00:00:00-05:00,198.04827213958643,199.3718095337262,190.18430719160028,193.49798583984375,10912300,0.0,0.0
2022-03-07 00:00:00-05:00,193.06325441602982,193.39172119287917,183.60524801506836,184.2332000732422,13412400,0.0,0.0
2022-03-08 00:00:00-05:00,183.56657541756573,189.7592097772554,180.3398415226193,185.2089385986328,11070900,0.0,0.0
2022-03-09 00:00:00-05:00,189.83653162429187,193.70088850214006,188.6192645146563,192.98597717285156,8457600,0.0,0.0
2022-03-10 00:00:00-05:00,190.22293045958105,193.15984946396264,189.64328586704332,191.25665283203125,7061600,0.0,0.0
2022-03-11 00:00:00-05:00,193.94240734286632,194.02935183314054,189.79789115159693,190.03941345214844,5432100,0.0,0.0
2022-03-14 00:00:00-04:00,191.6914328108368,197.49762406591236,191.44025490539255,193.5366668701172,7994700,0.0,0.0
2022-03-15 00:00:00-04:00,195.23694850673814,199.4104606191192,194.57034464923143,199.1496124267578,8277700,0.0,0.0
2022-03-16 00:00:00-04:00,202.87875099603085,206.42429692304677,199.98048312465897,204.68533325195312,9232300,0.0,0.0
2022-03-17 00:00:00-04:00,202.81110794882923,206.29869070986945,201.6421482185633,206.2117462158203,6668500,0.0,0.0
2022-03-18 00:00:00-04:00,204.52108491264607,211.82471705676258,203.1588955746088,211.6798095703125,14620800,0.0,0.0
2022-03-21 00:00:00-04:00,209.00371797707467,210.66539245307214,207.27442492776052,209.6799774169922,6101500,0.0,0.0
2022-03-22 00:00:00-04:00,210.45285205220424,212.12419685699237,209.81522968996194,211.06149291992188,6259900,0.0,0.0
2022-03-23 00:00:00-04:00,207.99900974805547,209.9215178404441,206.93630572109333,207.4000244140625,6008000,0.0,0.0
2022-03-24 00:00:00-04:00,207.69950730061885,210.27896350794998,206.74307375533192,209.94082641601562,5487000,0.0,0.0
2022-03-25 00:00:00-04:00,211.01320208086614,211.50590226781452,208.37578268262257,211.02285766601562,5051400,0.0,0.0
2022-03-28 00:00:00-04:00,211.09049687860764,213.4863940428321,210.13406323346095,213.2835235595703,4316800,0.0,0.0
2022-03-29 00:00:00-04:00,217.21549070986262,221.0508659870346,216.1914385234572,220.38426208496094,8032500,0.0,0.0
2022-03-30 00:00:00-04:00,218.18157505962577,218.49073067050438,215.17703714514718,216.3556671142578,7084000,0.0,0.0
2022-03-31 00:00:00-04:00,216.3170335433894,218.2588675036683,212.96470288295512,214.24960327148438,10759500,0.0,0.0
2022-04-01 00:00:00-04:00,215.51517340977873,218.94479290513917,214.69399172027312,218.68394470214844,6559600,0.0,0.0
2022-04-04 00:00:00-04:00,218.10429885208134,221.46629997999887,217.33143926260084,220.0171661376953,8521200,0.0,0.0
2022-04-05 00:00:00-04:00,219.13802230060168,221.2247785799992,217.6695625401347,218.42311096191406,4658000,0.0,0.0
2022-04-06 00:00:00-04:00,215.2253358172681,215.31228030129256,211.20640148705678,211.5831756591797,7430000,0.0,0.0
2022-04-07 00:00:00-04:00,210.90691597442242,211.26436423590513,206.43391857759724,208.82015991210938,6995100,0.0,0.0
2022-04-08 00:00:00-04:00,207.5256279068105,211.96964432065016,205.85429764418757,209.62203979492188,5438600,0.0,0.0
2022-04-11 00:00:00-04:00,207.95069595709947,209.9311817240087,206.1730954041477,207.4676513671875,6942700,0.0,0.0
2022-04-12 00:00:00-04:00,209.15832329433945,209.6317123352411,203.55500267813753,204.23126220703125,7446600,0.0,0.0
2022-04-13 00:00:00-04:00,203.29415240113812,206.59819058576613,200.1447067747217,206.03785705566406,8052900,0.0,0.0
2022-04-14 00:00:00-04:00,207.0039345512555,208.62695731211662,205.32293405634837,205.57411193847656,8191600,0.0,0.0
2022-04-18 00:00:00-04:00,204.4920742624272,208.51100838234467,204.34716679663552,205.9412078857422,4744400,0.0,0.0
2022-04-19 00:00:00-04:00,205.87361394231547,209.1679669033,205.2359915338599,208.38543701171875,5028800,0.0,0.0
2022-04-20 00:00:00-04:00,211.2450485663814,213.33180458423527,210.0181112677335,210.404541015625,7178300,0.0,0.0
2022-04-21 00:00:00-04:00,212.0662466247829,216.32670376855071,208.04732653562363,209.11001586914062,8850300,0.0,0.0
2022-04-22 00:00:00-04:00,208.9071254110832,209.21626627699658,200.89823801393737,201.11077880859375,6201100,0.0,0.0
2022-04-25 00:00:00-04:00,199.35248673075185,203.3907319926168,198.36707174564603,202.8303985595703,6839400,0.0,0.0
2022-04-26 00:00:00-04:00,199.96112698191257,201.4875495990387,194.28053283691406,194.28053283691406,8155300,0.0,0.0
2022-04-27 00:00:00-04:00,209.99879532022527,214.2785779508375,205.8252978278778,206.84934997558594,15955800,0.0,0.0
2022-04-28 00:00:00-04:00,212.9260382268485,217.30242080379708,211.83436753472608,213.17723083496094,10799100,0.0,0.0
2022-04-29 00:00:00-04:00,211.2063923056684,213.69890392880237,205.14902432034773,205.90257263183594,7965000,0.0,0.0
2022-05-02 00:00:00-04:00,204.58870874993892,204.9461570275136,199.9418221760644,204.35684204101562,8803700,0.0,0.0
2022-05-03 00:00:00-04:00,206.3663175652473,206.3663175652473,199.2752262733376,201.48756408691406,6616900,0.0,0.0
2022-05-04 00:00:00-04:00,202.2507587497563,207.51594139045233,198.36707644462913,207.2454376220703,7191100,0.0,0.0
2022-05-05 00:00:00-04:00,205.07174143627535,207.3034049427514,196.18372448894064,198.28013610839844,7749600,0.0,0.0
2022-05-06 00:00:00-04:00,196.84062484295077,198.7438212661389,193.4303320065746,195.94216918945312,8825300,0.0,0.0
2022-05-09 00:00:00-04:00,193.26611562470248,193.94237500521803,185.56638478765316,186.45518493652344,10314100,0.0,0.0
2022-05-10 00:00:00-04:00,190.03941261283717,191.0441388924995,184.49405530977904,187.0155487060547,11016500,0.0,0.0
2022-05-11 00:00:00-04:00,186.92859320881973,191.5948055290575,184.90945570059708,190.04905700683594,9427300,0.0,0.0
2022-05-12 00:00:00-04:00,188.2922544571588,189.77319272518068,183.85911367887908,187.75021362304688,9308600,0.375,0.0
2022-05-13 00:00:00-04:00,190.68306331053464,194.10954434555256,190.19909614477186,192.841552734375,6684500,0.0,0.0
2022-05-16 00:00:00-04:00,190.99283886639995,193.528822480193,189.59901085073997,191.4671173095703,5161300,0.0,0.0
2022-05-17 00:00:00-04:00,196.34546916314181,198.23293800292052,193.7320348639817,197.45858764648438,7265600,0.0,0.0
2022-05-18 00:00:00-04:00,196.31643469709567,198.8717805656608,192.74475489648088,193.57717895507812,8748200,0.0,0.0
2022-05-19 00:00:00-04:00,190.0539011434601,193.99338596960288,187.11137267128242,191.0411834716797,9012400,0.0,0.0
2022-05-20 00:00:00-04:00,193.2674724606755,195.19366735912618,187.7986486523643,192.6479949951172,6966600,0.0,0.0
2022-05-23 00:00:00-04:00,194.43861085098766,201.2915861964224,194.33213750695327,200.90440368652344,12187400,0.0,0.0
2022-05-24 00:00:00-04:00,197.37150795672542,198.10713278708735,192.6479833367518,196.13255310058594,7458500,0.0,0.0
2022-05-25 00:00:00-04:00,194.15793968893942,198.37813387111794,194.04179229798672,197.30372619628906,5457200,0.0,0.0
2022-05-26 00:00:00-04:00,198.5330050576434,203.01454559726125,198.1071116021067,201.86270141601562,9212300,0.0,0.0
2022-05-27 00:00:00-04:00,203.2661928949437,206.39261639305704,202.9177359734865,206.05384826660156,4897200,0.0,0.0
2022-05-31 00:00:00-04:00,203.63404212045205,207.47674283835164,202.40476130711846,205.36663818359375,9586400,0.0,0.0
2022-06-01 00:00:00-04:00,205.25048672432908,207.24442916935274,202.12406283536984,203.19845581054688,5246100,0.0,0.0
2022-06-02 00:00:00-04:00,205.09562060866907,208.34788080221566,204.31159610326617,208.154296875,5337200,0.0,0.0
2022-06-03 00:00:00-04:00,206.12160577744166,207.34121244524079,204.49548324638317,205.8312225341797,4352500,0.0,0.0
2022-06-06 00:00:00-04:00,208.5414637651136,210.60316876571878,205.28920358660585,206.11195373535156,3965100,0.0,0.0
2022-06-07 00:00:00-04:00,204.35027988254154,208.07683275767877,203.96311207945158,207.6219024658203,4493300,0.0,0.0
2022-06-08 00:00:00-04:00,206.90561876816574,208.65759215693248,206.00544701022613,206.65396118164062,3646300,0.0,0.0
2022-06-09 00:00:00-04:00,205.77314065128226,206.8572370650214,199.41382024747213,199.5009307861328,5138600,0.0,0.0
2022-06-10 00:00:00-04:00,195.18394286821757,196.89719068993517,192.79314400018671,193.11256408691406,5162500,0.0,0.0
2022-06-13 00:00:00-04:00,186.8016496845279,189.6086533039849,184.9528915891344,186.0950469970703,7119200,0.0,0.0
2022-06-14 00:00:00-04:00,186.54028589295893,188.10833461852573,185.60138850877274,187.31463623046875,6441200,0.0,0.0
2022-06-15 00:00:00-04:00,189.69575926370132,192.45437791610803,186.06600565237943,189.8699951171875,6490000,0.0,0.0
2022-06-16 00:00:00-04:00,185.27230153441948,185.71754302618044,181.51671185336792,182.98797607421875,9887200,0.0,0.0
2022-06-17 00:00:00-04:00,180.9359361316552,185.17549272922832,179.94865386415512,183.91717529296875,15089300,0.0,0.0
2022-06-21 00:00:00-04:00,189.4344339431149,190.42171632421267,187.51791333850116,188.15675354003906,6241600,0.0,0.0
2022-06-22 00:00:00-04:00,185.11742809585246,190.09260962487716,184.90448137609033,187.6050262451172,5138500,0.0,0.0
2022-06-23 00:00:00-04:00,189.8506275903813,191.128307919262,187.24688203460565,190.3345947265625,4752800,0.0,0.0
2022-06-24 00:00:00-04:00,191.38959455191693,199.04595639132822,191.17664788049072,198.9201202392578,7754800,0.0,0.0
2022-06-27 00:00:00-04:00,199.15249344327816,200.44952193365862,196.11318016085357,197.03271484375,6121200,0.0,0.0
2022-06-28 00:00:00-04:00,197.4585939362871,200.1591240900688,191.16702109027793,191.7671356201172,4354200,0.0,0.0
2022-06-29 00:00:00-04:00,190.99280036099367,194.20633450966622,190.99280036099367,193.10289001464844,4324600,0.0,0.0
2022-06-30 00:00:00-04:00,189.10533473085997,192.4737570008299,186.66615073199327,190.57659912109375,7045200,0.0,0.0
2022-07-01 00:00:00-04:00,190.47980448409896,193.39329648680376,188.46651392496653,192.7931671142578,4131800,0.0,0.0
2022-07-05 00:00:00-04:00,189.9377482731392,194.13859446434645,187.91476908055319,194.1095428466797,4110200,0.0,0.0
2022-07-06 00:00:00-04:00,193.5868321624205,196.01634158903775,192.29947795620004,194.67091369628906,4111200,0.0,0.0
2022-07-07 00:00:00-04:00,196.04541624021795,196.9068772186958,193.62558037151547,196.29708862304688,4650700,0.0,0.0
2022-07-08 00:00:00-04:00,195.83244073308236,197.55536230698786,194.0320826562538,197.0423583984375,3621800,0.0,0.0
2022-07-11 00:00:00-04:00,195.5227273065506,200.11074117522125,195.5227273065506,198.48460388183594,5353600,0.0,0.0
2022-07-12 00:00:00-04:00,196.73265532719603,201.4464908540584,196.2583621818328,198.2523193359375,6779500,0.0,0.0
2022-07-13 00:00:00-04:00,194.00307334445165,198.97827004789826,193.10290149451677,197.60379028320312,7597300,0.0,0.0
2022-07-14 00:00:00-04:00,193.58684763694413,199.47188957744777,191.63161634034978,199.30734252929688,5605500,0.0,0.0
2022-07-15 00:00:00-04:00,202.65638695505942,204.92136429983424,200.53660860788156,203.30490112304688,7245700,0.0,0.0
2022-07-18 00:00:00-04:00,204.71808992309485,206.08288073392984,200.01392896812442,200.56565856933594,4648900,0.0,0.0
2022-07-19 00:00:00-04:00,201.54325827379762,207.24439006354422,201.23351224355835,206.80882263183594,4927100,0.0,0.0
2022-07-20 00:00:00-04:00,205.20207194007529,207.2637767287338,204.4374103403904,206.52813720703125,4460300,0.0,0.0
2022-07-21 00:00:00-04:00,206.31517732823878,209.94493072788762,205.90864671981862,209.25770568847656,4801300,0.0,0.0
2022-07-22 00:00:00-04:00,210.94192280403345,211.0774477898305,205.31822667369028,206.84756469726562,5071500,0.0,0.0
2022-07-25 00:00:00-04:00,207.69934926987298,207.91229600297345,204.83425716875206,207.3992919921875,4357200,0.0,0.0
2022-07-26 00:00:00-04:00,206.99278301236714,208.2510859511964,204.9601148089384,205.6763916015625,6141000,0.0,0.0
2022-07-27 00:00:00-04:00,204.0115288913552,209.89657156380426,194.74838999047302,203.7211456298828,17432200,0.0,0.0
2022-07-28 00:00:00-04:00,203.8856666886446,205.89897166997298,201.25288438763857,204.57290649414062,7477100,0.0,0.0
2022-07-29 00:00:00-04:00,205.2020898591675,207.2928316778859,203.10167401361022,205.30856323242188,6059700,0.0,0.0
2022-08-01 00:00:00-04:00,201.7659184943784,207.12828322883513,200.90445748722647,204.58261108398438,8028400,0.0,0.0
2022-08-02 00:00:00-04:00,201.1367605906013,202.14340581455076,197.39084461829952,199.64613342285156,9939400,0.0,0.0
2022-08-03 00:00:00-04:00,201.3206587830206,203.58562148243973,200.24625112773126,201.79493713378906,9520100,0.0,0.0
2022-08-04 00:00:00-04:00,203.7791946730412,207.98971453119452,201.86268901041134,206.6249237060547,6789700,0.0,0.0
2022-08-05 00:00:00-04:00,203.9534676757895,209.02543457264082,203.75019494946582,208.947998046875,5553700,0.0,0.0
2022-08-08 00:00:00-04:00,208.32851026711216,209.68362724647432,205.25048606065127,206.47976684570312,4063400,0.0,0.0
2022-08-09 00:00:00-04:00,205.20209448765524,206.6055964252968,203.02424206974382,203.51788330078125,4596800,0.0,0.0
2022-08-10 00:00:00-04:00,207.94137680861755,207.95105083689234,204.53424312826985,205.29891967773438,5746400,0.0,0.0
2022-08-11 00:00:00-04:00,206.81634654971518,207.01997926892417,204.19829824877252,204.67343139648438,6639600,0.375,0.0
2022-08-12 00:00:00-04:00,206.53514384367108,206.74846771110631,203.72316893026183,204.91583251953125,6443700,0.0,0.0
2022-08-15 00:00:00-04:00,203.9849570376863,210.16162825046723,203.9849570376863,209.85133361816406,5290600,0.0,0.0
2022-08-16 00:00:00-04:00,208.0380980749216,211.005220252264,205.69155037391448,210.5494842529297,6564400,0.0,0.0
2022-08-17 00:00:00-04:00,208.47447570675214,209.61865409940938,206.29276607726288,208.00904846191406,4902500,0.0,0.0
2022-08-18 00:00:00-04:00,207.37876845023982,209.44412497277875,205.98247191644816,208.71688842773438,4516400,0.0,0.0
2022-08-19 00:00:00-04:00,207.61148178054086,208.6974835796321,205.9436848486994,206.3606414794922,4178800,0.0,0.0
2022-08-22 00:00:00-04:00,203.56807709814208,204.8383146941458,201.88088281280108,202.2784423828125,5139500,0.0,0.0
2022-08-23 00:00:00-04:00,201.6869367280449,202.9474830417283,200.2615519050156,200.5233612060547,3525500,0.0,0.0
2022-08-24 00:00:00-04:00,200.3585136532927,202.02631058461142,199.43733556078277,200.3972930908203,4230800,0.0,0.0
2022-08-25 00:00:00-04:00,201.09545179830965,203.53897076834488,200.2324650106714,203.4517059326172,4495000,0.0,0.0
2022-08-26 00:00:00-04:00,203.4031971946332,203.87831555396056,196.54777428074638,196.7320098876953,5060200,0.0,0.0
2022-08-29 00:00:00-04:00,195.14180349337502,197.76955801572632,194.53092006956552,196.18902587890625,4476200,0.0,0.0
2022-08-30 00:00:00-04:00,197.73076933208176,198.20590254123374,194.13338079140377,195.2678680419922,3918200,0.0,0.0
2022-08-31 00:00:00-04:00,194.8993675561957,197.00350323144716,192.61099628062476,192.6788787841797,6559000,0.0,0.0
2022-09-01 00:00:00-04:00,192.68859315725436,194.34668416855615,190.69111917861866,194.05580139160156,5608300,0.0,0.0
2022-09-02 00:00:00-04:00,196.29568454190613,196.33446397968444,190.87535187790812,191.75772094726562,4508100,0.0,0.0
2022-09-06 00:00:00-04:00,191.89349276521727,193.968540617972,190.43901955639853,192.6110382080078,4547800,0.0,0.0
2022-09-07 00:00:00-04:00,192.6788842391652,195.0351232893358,191.23410246556043,194.33697509765625,4098300,0.0,0.0
2022-09-08 00:00:00-04:00,191.40862998891558,195.00603284761772,190.98199702821952,194.61817932128906,4377600,0.0,0.0
2022-09-09 00:00:00-04:00,195.93690319945347,200.13546869217248,195.23875501134538,198.97189331054688,4885600,0.0,0.0
2022-09-12 00:00:00-04:00,200.23244618993297,200.90150612562206,198.72948782356335,200.35850524902344,3812300,0.0,0.0
2022-09-13 00:00:00-04:00,195.91752513794782,197.29442453294024,192.8340345413134,193.60975646972656,5217900,0.0,0.0
2022-09-14 00:00:00-04:00,193.9297246347601,194.78302015776546,192.0486039384967,193.35763549804688,4632800,0.0,0.0
2022-09-15 00:00:00-04:00,192.07770748925918,194.23032878755362,188.62576048353725,189.4402618408203,6099300,0.0,0.0
2022-09-16 00:00:00-04:00,184.44658555705894,187.9373269592084,182.50728806601273,187.43310546875,9398200,0.0,0.0
2022-09-19 00:00:00-04:00,185.77498229715206,188.10214794700988,184.9217015416354,187.26824951171875,8133600,0.0,0.0
2022-09-20 00:00:00-04:00,185.29985713574317,187.17127186977294,184.5144293254591,186.24041748046875,5292500,0.0,0.0
2022-09-21 00:00:00-04:00,186.68644753194312,187.22944839156642,181.32429184966756,181.34368896484375,6705900,0.0,0.0
2022-09-22 00:00:00-04:00,180.6940625174612,181.52796108983688,179.05535365349425,180.1510467529297,6604700,0.0,0.0
2022-09-23 00:00:00-04:00,177.90146892797955,178.97777970237667,176.6990990732626,178.37660217285156,10755800,0.0,0.0
2022-09-26 00:00:00-04:00,177.4845080366644,178.90020178035826,174.4398114274595,175.10887145996094,9914600,0.0,0.0
2022-09-27 00:00:00-04:00,176.97055863111146,179.23954757380838,171.64719734735283,172.4713897705078,9799600,0.0,0.0
2022-09-28 00:00:00-04:00,171.87992964444453,174.63374329983134,169.52369031750666,173.7416534423828,9751000,0.0,0.0
2022-09-29 00:00:00-04:00,173.40223097984946,176.70873568602198,173.3052602183237,174.5948944091797,9105200,0.0,0.0
2022-09-30 00:00:00-04:00,174.594944096803,177.36813999512384,172.209616559307,172.25808715820312,9472300,0.0,0.0
2022-10-03 00:00:00-04:00,173.89681706833932,177.7948094953325,172.74293259700133,176.13670349121094,8842300,0.0,0.0
2022-10-04 00:00:00-04:00,179.43349370909283,180.5582897446239,177.5135934385587,180.01527404785156,7081400,0.0,0.0
2022-10-05 00:00:00-04:00,177.77535807470252,183.08904267602836,176.82510665736393,181.97393798828125,6119900,0.0,0.0
2022-10-06 00:00:00-04:00,180.9849328492537,182.342449973503,179.62743052067012,179.9571075439453,5163000,0.0,0.0
2022-10-07 00:00:00-04:00,177.8820475654455,179.00684358633424,176.40817742757977,178.25051879882812,5610300,0.0,0.0
2022-10-10 00:00:00-04:00,178.54141574717386,179.17168146936942,175.40943986554078,176.6505889892578,4743800,0.0,0.0
2022-10-11 00:00:00-04:00,174.8955139820208,176.1269718519792,172.7816871270603,173.70285034179688,6294500,0.0,0.0
2022-10-12 00:00:00-04:00,173.65436210026124,175.10883498248154,172.81077256318574,172.83016967773438,4884300,0.0,0.0
2022-10-13 00:00:00-04:00,169.68853305247336,179.74378596216968,169.30067946661975,179.0553436279297,8426400,0.0,0.0
2022-10-14 00:00:00-04:00,181.1206576666954,181.4503494393729,176.54392983154904,177.0772247314453,6449400,0.0,0.0
2022-10-17 00:00:00-04:00,180.35464737000254,182.84665148128101,177.3002600666794,179.62741088867188,13952100,0.0,0.0
2022-10-18 00:00:00-04:00,183.73874315627725,184.4174943080782,180.10256041913075,181.48915100097656,5209200,0.0,0.0
2022-10-19 00:00:00-04:00,179.86012233804416,181.94486088888743,179.15226821425995,180.752197265625,4927000,0.0,0.0
2022-10-20 00:00:00-04:00,180.8007004989186,185.1835019066937,180.77159742632745,181.53762817382812,5706700,0.0,0.0
2022-10-21 00:00:00-04:00,180.1607387121993,185.1544238010821,179.4335021577601,184.59202575683594,7582500,0.0,0.0
2022-10-24 00:00:00-04:00,185.6004735882151,187.2682706470268,183.36058730923327,184.92172241210938,7299200,0.0,0.0
2022-10-25 00:00:00-04:00,185.07686977437035,189.30453931814952,184.93142836630858,188.4803466796875,11907200,0.0,0.0
2022-10-26 00:00:00-04:00,190.61356203523886,200.10641723510105,190.53598835610245,197.15869140625,15450000,0.0,0.0
2022-10-27 00:00:00-04:00,197.1489928894876,200.05793916807656,195.47148988262188,198.08953857421875,7946700,0.0,0.0
2022-10-28 00:00:00-04:00,198.77799503852452,205.10010907229233,197.13928627309554,202.98626708984375,8455600,0.0,0.0
2022-10-31 00:00:00-04:00,202.5790283677726,203.25777957817917,199.94158241104992,200.87245178222656,8674100,0.0,0.0
2022-11-01 00:00:00-04:00,202.56934469614288,203.5971701092865,199.098000039519,200.64942932128906,5919500,0.0,0.0
2022-11-02 00:00:00-04:00,199.51489870112957,200.71726834033197,194.4921258513434,194.85089111328125,6985600,0.0,0.0
2022-11-03 00:00:00-04:00,192.26192393882465,192.81463074479706,188.2863587457854,188.8390655517578,8236200,0.0,0.0
2022-11-04 00:00:00-04:00,191.02080092609341,195.33573484067153,189.41118047392902,191.00140380859375,9680100,0.0,0.0
2022-11-07 00:00:00-05:00,192.30072944885328,194.35637987446407,191.18562461189953,194.02670288085938,7821300,0.0,0.0
2022-11-08 00:00:00-05:00,195.53936283154457,197.92469037771977,193.67763907980668,195.6557159423828,6943700,0.0,0.0
2022-11-09 00:00:00-05:00,195.04350955837225,195.65575851328552,187.88122886608593,188.4643096923828,7320200,0.45,0.0
2022-11-10 00:00:00-05:00,197.36611540977347,199.96086244930368,194.38264788690935,199.77622985839844,8048900,0.0,0.0
2022-11-11 00:00:00-05:00,200.19410608803352,200.61197987129776,196.4526083680006,199.2222900390625,9601000,0.0,0.0
2022-11-14 00:00:00-05:00,197.7645740576835,203.27476950136563,197.48275391659433,201.02987670898438,5796100,0.0,0.0
2022-11-15 00:00:00-05:00,204.07164001464844,207.70622223667004,201.6615257425632,204.07164001464844,7316100,0.0,0.0
2022-11-16 00:00:00-05:00,202.70136154130813,204.94625389039976,202.35150722529815,204.21739196777344,6125300,0.0,0.0
2022-11-17 00:00:00-05:00,202.0988558258264,205.32527713815762,201.4768941976219,205.04345703125,5385600,0.0,0.0
2022-11-18 00:00:00-05:00,207.16199410922042,208.13381001149872,203.82867268219803,204.85879516601562,8028500,0.0,0.0
2022-11-21 00:00:00-05:00,204.3729046456633,204.61585864195422,200.08719259219518,200.5050811767578,10450900,0.0,0.0
2022-11-22 00:00:00-05:00,201.6907090975393,204.54785083570155,199.5624442711662,204.40208435058594,5273100,0.0,0.0
2022-11-23 00:00:00-05:00,204.08135104677976,206.83159198557263,204.00360399074233,205.76258850097656,3807300,0.0,0.0
2022-11-25 00:00:00-05:00,205.74319245198487,207.96864478981107,205.4322041831036,207.76455688476562,1993500,0.0,0.0
2022-11-28 00:00:00-05:00,206.27766318854205,208.42538311865272,204.7130388022696,205.30584716796875,10229400,0.0,0.0
2022-11-29 00:00:00-05:00,203.44969689831458,204.22713787876228,201.50606478972304,203.16786193847656,8986900,0.0,0.0
2022-11-30 00:00:00-05:00,202.35153540339502,210.8840789794922,202.1474475119969,210.8840789794922,13918100,0.0,0.0
2022-12-01 00:00:00-05:00,210.8840789794922,212.48756950106772,209.23199469056132,210.8840789794922,11261500,0.0,0.0
2022-12-02 00:00:00-05:00,209.64988463882187,212.3223789334257,208.20188812959182,211.52549743652344,5132800,0.0,0.0
2022-12-05 00:00:00-05:00,209.57213268126944,210.79663043807443,207.0454197589279,207.65765380859375,9006300,0.0,0.0
2022-12-06 00:00:00-05:00,206.0250027240018,206.1513435557734,201.78788415030212,203.1873016357422,5986000,0.0,0.0
2022-12-07 00:00:00-05:00,202.91518239548054,203.1289831003356,199.34861947901345,201.9530792236328,7923800,0.0,0.0
2022-12-08 00:00:00-05:00,203.60515935367965,204.3729022771531,201.89476857795825,203.20672607421875,4896500,0.0,0.0
2022-12-09 00:00:00-05:00,202.05028026135756,204.5867207669375,201.67127259173003,202.81800842285156,4928400,0.0,0.0
2022-12-12 00:00:00-05:00,204.0813752322523,208.76553581966226,203.5663139001079,208.54200744628906,5941700,0.0,0.0
2022-12-13 00:00:00-05:00,213.35246335296355,213.7800647359744,206.62749887772898,207.03565979003906,14585000,0.0,0.0
2022-12-14 00:00:00-05:00,206.85103035256543,210.1843519346285,205.66541371034134,207.3077850341797,7001700,0.0,0.0
2022-12-15 00:00:00-05:00,203.69261843487868,205.8500509177304,200.99097142098938,202.0502471923828,10831800,0.0,0.0
2022-12-16 00:00:00-05:00,201.64211655470183,202.52645788598483,199.5138370431392,201.05902099609375,12472900,0.0,0.0
2022-12-19 00:00:00-05:00,200.8063325019162,201.62265433292288,198.20185807080776,199.04734802246094,4893600,0.0,0.0
2022-12-20 00:00:00-05:00,198.133814513955,200.7091205104942,197.81311351328043,199.5720977783203,5024900,0.0,0.0
2022-12-21 00:00:00-05:00,200.74806634234852,202.09889017831327,199.78596302931015,200.98129272460938,4086900,0.0,0.0
2022-12-22 00:00:00-05:00,199.95111868891388,200.82574705545213,196.4331499242478,199.2805633544922,5690300,0.0,0.0
2022-12-23 00:00:00-05:00,198.37680068789783,200.42733299828186,197.78399234711188,200.0288848876953,3246000,0.0,0.0
2022-12-27 00:00:00-05:00,200.11636967758363,201.049319658904,198.83358013559712,200.47593688964844,2904900,0.0,0.0
2022-12-28 00:00:00-05:00,200.85491141453815,202.6527768355075,199.02790753039426,199.21255493164062,3139200,0.0,0.0
2022-12-29 00:00:00-05:00,200.14552756796547,202.65281494477728,199.70821327835884,202.19606018066406,3675500,0.0,0.0
2022-12-30 00:00:00-05:00,200.49538009855186,202.17661782365678,199.90257167588658,201.90451049804688,4159400,0.0,0.0
2023-01-03 00:00:00-05:00,203.3816535421563,206.34569534067188,200.3495923338311,201.544921875,4202800,0.0,0.0
2023-01-04 00:00:00-05:00,203.71206270839843,207.19116572572406,203.71206270839843,206.6177978515625,6606200,0.0,0.0
2023-01-05 00:00:00-05:00,207.77428286778058,208.12413725309437,204.52842068826396,205.16009521484375,5246000,0.0,0.0
2023-01-06 00:00:00-05:00,207.96862036160843,211.99193793807143,207.08426425818365,211.61293029785156,6829700,0.0,0.0
2023-01-09 00:00:00-05:00,212.89570421827298,215.94720537751107,212.1959956237836,212.43894958496094,6294500,0.0,0.0
2023-01-10 00:00:00-05:00,212.81799047004898,216.122158927558,212.03080705653116,214.85879516601562,10857000,0.0,0.0
2023-01-11 00:00:00-05:00,215.05313343932687,215.91804899497745,213.5079497211535,215.84031677246094,5408200,0.0,0.0
2023-01-12 00:00:00-05:00,215.84032482258738,217.50212176524883,214.39231374292052,217.31747436523438,4264400,0.0,0.0
2023-01-13 00:00:00-05:00,215.65573275061774,217.45358379210987,213.93561395448407,216.7733154296875,4283200,0.0,0.0
2023-01-17 00:00:00-05:00,216.11245986793375,218.075517629718,216.10273221695604,216.71498107910156,6101100,0.0,0.0
2023-01-18 00:00:00-05:00,217.76455059217128,218.64890679039144,213.2553245408588,213.27476501464844,6558000,0.0,0.0
2023-01-19 00:00:00-05:00,211.95305984920384,215.2766685438436,211.3699643608526,214.1979522705078,4853100,0.0,0.0
2023-01-20 00:00:00-05:00,214.90741236080137,218.10468081408288,214.19799075786725,217.98806762695312,5211000,0.0,0.0
2023-01-23 00:00:00-05:00,218.26985480018675,219.82475132676626,216.8607098968632,217.86167907714844,5501500,0.0,0.0
2023-01-24 00:00:00-05:00,215.7626037497386,223.51769168304327,210.52451582909845,217.57989501953125,5274900,0.0,0.0
2023-01-25 00:00:00-05:00,215.3738462353908,218.62943560152485,214.93653202335022,218.5614013671875,4729600,0.0,0.0
2023-01-26 00:00:00-05:00,219.63040607825502,220.67996909028955,217.36607312109743,218.37677001953125,7043400,0.0,0.0
2023-01-27 00:00:00-05:00,221.574049562846,226.2776354771257,220.84518755770506,224.91709899902344,11382600,0.0,0.0
2023-01-30 00:00:00-05:00,223.7120551804278,223.9258559010106,221.50602856099752,222.64306640625,5677400,0.0,0.0
2023-01-31 00:00:00-05:00,222.36121992258632,224.2951391299378,222.01136556418948,223.72177124023438,11294200,0.0,0.0
2023-02-01 00:00:00-05:00,222.90542620623825,226.10270907906252,221.37968283118946,224.39230346679688,5792700,0.0,0.0
2023-02-02 00:00:00-05:00,227.3660873661824,227.69650126106472,221.93362442980091,223.090087890625,7190000,0.0,0.0
2023-02-03 00:00:00-05:00,222.24459509097335,224.3534339525627,221.22418536343403,223.64401245117188,5243600,0.0,0.0
2023-02-06 00:00:00-05:00,222.25433099849195,223.77036168660342,221.61292883698746,222.97348022460938,3402400,0.0,0.0
2023-02-07 00:00:00-05:00,221.59351050714835,225.5876752574747,221.52547626259013,224.80050659179688,4042600,0.0,0.0
2023-02-08 00:00:00-05:00,223.84810504523765,225.3252695909552,223.50797832551547,223.71205139160156,4978600,0.0,0.0
2023-02-09 00:00:00-05:00,226.30211913587218,226.37027176476013,223.10832083622105,223.32254028320312,5238400,0.45,0.0
2023-02-10 00:00:00-05:00,222.94280537412823,223.86783585337108,220.21638802127097,221.2290496826172,4509700,0.0,0.0
2023-02-13 00:00:00-05:00,220.91749015303972,223.78995977459763,220.32352064964388,222.86492919921875,4946700,0.0,0.0
2023-02-14 00:00:00-05:00,222.66040159349026,225.33812980132325,221.19982257103592,223.36148071289062,4829400,0.0,0.0
2023-02-15 00:00:00-05:00,221.6088057206645,223.04992120206157,220.83957389376417,222.9038543701172,4407300,0.0,0.0
2023-02-16 00:00:00-05:00,220.12879387456863,222.35860518843447,219.73929712561312,219.8950958251953,3865900,0.0,0.0
2023-02-17 00:00:00-05:00,218.28843951997237,218.86294534094526,215.9125763210091,217.6847381591797,4520200,0.0,0.0
2023-02-21 00:00:00-05:00,214.37407309094814,216.59415220082317,214.20854257092353,214.8219757080078,7276100,0.0,0.0
2023-02-22 00:00:00-05:00,214.61752773688602,215.9223083568049,213.682750439496,214.23777770996094,4621800,0.0,0.0
2023-02-23 00:00:00-05:00,215.73723462618437,216.2533046399987,213.17634824451127,215.31854248046875,5533800,0.0,0.0
2023-02-24 00:00:00-05:00,212.73821866039512,214.45197438030505,211.7450355312068,213.7801055908203,4414400,0.0,0.0
2023-02-27 00:00:00-05:00,214.92908531082136,215.6204326425378,213.57561589940295,214.55908203125,4255300,0.0,0.0
2023-02-28 00:00:00-05:00,214.21827186202736,215.94175939127732,213.73141215325003,214.15985107421875,5385400,0.0,0.0
2023-03-01 00:00:00-05:00,213.69246568945024,214.4811760248327,210.74208224342934,212.62136840820312,4792700,0.0,0.0
2023-03-02 00:00:00-05:00,212.16374372909317,213.82881063088868,211.38476514847412,213.30299377441406,5539300,0.0,0.0
2023-03-03 00:00:00-05:00,214.41302035726846,218.13263579561539,214.12090155011467,217.8892059326172,6055400,0.0,0.0
2023-03-06 00:00:00-05:00,218.04498240211618,221.44326852380618,217.81129925049504,220.79087829589844,5737600,0.0,0.0
2023-03-07 00:00:00-05:00,220.79089498401748,221.4043430189479,217.2173462285108,217.3049774169922,4386800,0.0,0.0
2023-03-08 00:00:00-05:00,216.1268176860989,217.07131206710207,215.367302698251,216.35076904296875,4194900,0.0,0.0
2023-03-09 00:00:00-05:00,215.5814815339793,218.47342950583092,213.88721919015734,214.22801208496094,5066700,0.0,0.0
2023-03-10 00:00:00-05:00,213.27379627809657,213.36142747354938,209.81708883223604,210.45974731445312,6638900,0.0,0.0
2023-03-13 00:00:00-04:00,208.98940157663145,212.12477926326105,206.91537448029263,208.83360290527344,6810800,0.0,0.0
2023-03-14 00:00:00-04:00,212.27083952368238,214.09169013574925,210.3623428694409,212.9134979248047,7985600,0.0,0.0
2023-03-15 00:00:00-04:00,208.77520338640363,211.2095021576892,208.05464560130207,210.68368530273438,8372200,0.0,0.0
2023-03-16 00:00:00-04:00,209.5152264782387,211.86189407770473,203.27368081470848,211.7353057861328,13674600,0.0,0.0
2023-03-17 00:00:00-04:00,209.22310260150448,212.91350779848088,209.22310260150448,211.6768798828125,18801200,0.0,0.0
2023-03-20 00:00:00-04:00,211.29714434360207,214.75385175027256,211.1413456482646,212.4169158935547,9817400,0.0,0.0
2023-03-21 00:00:00-04:00,215.52306543692845,216.6623154418925,212.93296806267847,216.11703491210938,8971400,0.0,0.0
2023-03-22 00:00:00-04:00,216.65255831941394,218.98947884806256,214.14036057933856,214.2572021484375,6700600,0.0,0.0
2023-03-23 00:00:00-04:00,214.6467130308671,219.3303011011089,214.4714358078265,216.74020385742188,6427700,0.0,0.0
2023-03-24 00:00:00-04:00,214.87067032863948,215.513328734737,212.5142710307283,215.23094177246094,4791500,0.0,0.0
2023-03-27 00:00:00-04:00,216.74021288729153,218.19106024388788,215.57175249686458,215.980712890625,7210900,0.0,0.0
2023-03-28 00:00:00-04:00,216.96420949902574,217.46080114873115,212.90378567167954,214.53964233398438,6418400,0.0,0.0
2023-03-29 00:00:00-04:00,216.44809814060156,217.6749942027066,215.1141071984387,217.4315643310547,4483000,0.0,0.0
2023-03-30 00:00:00-04:00,218.0352505267974,218.3468478726218,215.39647922157602,216.51625061035156,5383900,0.0,0.0
2023-03-31 00:00:00-04:00,217.72368643114436,219.90480860505033,217.42182090520944,219.53480529785156,9509000,0.0,0.0
2023-04-03 00:00:00-04:00,219.31082406023916,223.13754916365977,218.2299948936922,222.98175048828125,6421500,0.0,0.0
2023-04-04 00:00:00-04:00,222.9817519202173,224.00416030450785,220.86878251683262,221.67697143554688,5254700,0.0,0.0
2023-04-05 00:00:00-04:00,220.82008409662046,222.46567225802622,220.59613279504885,222.17355346679688,4813600,0.0,0.0
2023-04-06 00:00:00-04:00,220.21640333303216,220.77141571605645,218.77528779082738,220.05087280273438,4285200,0.0,0.0
2023-04-10 00:00:00-04:00,219.63217783375666,220.52799803075786,218.42477510891123,220.47930908203125,4952200,0.0,0.0
2023-04-11 00:00:00-04:00,221.0342921668409,223.11805097886037,220.2553137162832,222.44618225097656,4513300,0.0,0.0
2023-04-12 00:00:00-04:00,223.8873090722277,225.50368694722627,221.35564738223206,221.82302856445312,4373000,0.0,0.0
2023-04-13 00:00:00-04:00,223.42967363234223,226.7208353009548,222.7870152234408,226.5747833251953,7615500,0.0,0.0
2023-04-14 00:00:00-04:00,226.8669126286099,228.8143516369777,226.13662300047196,227.86984252929688,9781300,0.0,0.0
2023-04-17 00:00:00-04:00,227.86981092030263,227.8990213127538,224.87075348049723,227.343994140625,4865000,0.0,0.0
2023-04-18 00:00:00-04:00,227.60689790655428,228.1716569121007,225.6010384241731,227.46084594726562,4796200,0.0,0.0
2023-04-19 00:00:00-04:00,227.85035850312838,227.90877929473052,225.75686756255786,226.45794677734375,3833900,0.0,0.0
2023-04-20 00:00:00-04:00,226.35082657308405,228.5027382057466,225.41604937733607,228.43458557128906,4925700,0.0,0.0
2023-04-21 00:00:00-04:00,228.82410902983244,229.37913634091683,227.24668801143622,227.89907836914062,6771500,0.0,0.0
2023-04-24 00:00:00-04:00,228.07431318239014,228.97013333496932,225.42579496703422,226.6429443359375,9124100,0.0,0.0
2023-04-25 00:00:00-04:00,226.89610932014668,228.8435482108854,223.40044521935815,223.55624389648438,6076500,0.0,0.0
2023-04-26 00:00:00-04:00,225.1434090504804,226.65267714696438,220.76167159101163,222.15408325195312,8400400,0.0,0.0
2023-04-27 00:00:00-04:00,222.66040931288032,223.59518645708118,220.65454976307993,222.99147033691406,7128200,0.0,0.0
2023-04-28 00:00:00-04:00,222.64091662782675,227.43162875821022,222.06642579475678,226.6136932373047,11627900,0.0,0.0
2023-05-01 00:00:00-04:00,226.75006049650645,228.42485926417177,225.4258013513241,226.39952087402344,4571100,0.0,0.0
2023-05-02 00:00:00-04:00,225.85423388024202,226.26319428518403,220.26509348825437,221.0148468017578,5244000,0.0,0.0
2023-05-03 00:00:00-04:00,221.01484190991357,222.6604301971877,219.98270164536484,220.04112243652344,4093300,0.0,0.0
2023-05-04 00:00:00-04:00,218.9310757756404,220.11901468351488,217.60681674019577,219.67111206054688,5648700,0.0,0.0
2023-05-05 00:00:00-04:00,222.33909294106968,226.23397069366558,221.31668455945737,225.68869018554688,6237500,0.0,0.0
2023-05-08 00:00:00-04:00,225.1726054860811,227.3147851396903,225.1726054860811,226.12684631347656,2938400,0.0,0.0
2023-05-09 00:00:00-04:00,225.00710512816454,227.9379954911047,224.75394340551946,227.1298065185547,4352100,0.0,0.0
2023-05-10 00:00:00-04:00,228.14246152946535,228.63905308149515,222.88436778247728,225.1920928955078,5245000,0.0,0.0
2023-05-11 00:00:00-04:00,225.12383188619998,225.8750618423653,222.70430364678504,225.3774871826172,3818000,0.45,0.0
2023-05-12 00:00:00-04:00,226.3433120632668,227.05550883379794,224.21647256968924,225.73843383789062,3432700,0.0,0.0
2023-05-15 00:00:00-04:00,225.5530793824973,227.15309196355332,224.92868459200582,227.13357543945312,2843200,0.0,0.0
2023-05-16 00:00:00-04:00,226.88968470535957,227.41652668068534,224.03113155186838,224.85064697265625,4289700,0.0,0.0
2023-05-17 00:00:00-04:00,227.05552923872028,228.18724947356034,224.92868955400888,226.97747802734375,4990100,0.0,0.0
2023-05-18 00:00:00-04:00,226.73357410593158,228.44090528108694,225.49455020013343,227.90432739257812,6621900,0.0,0.0
2023-05-19 00:00:00-04:00,228.2945623223863,228.6262687973861,226.2847920615985,227.6213836669922,5399400,0.0,0.0
2023-05-22 00:00:00-04:00,227.62140274227096,228.16774636729005,225.54333191655803,225.64089965820312,3987800,0.0,0.0
2023-05-23 00:00:00-04:00,223.67991350357937,223.8945506261882,218.20669665054862,219.10426330566406,8537200,0.0,0.0
2023-05-24 00:00:00-04:00,217.12374300301008,217.66033576698754,214.66518199416998,216.8310546875,6730800,0.0,0.0
2023-05-25 00:00:00-04:00,217.02616993017895,219.2115590939157,215.11396743781185,217.93350219726562,6827600,0.0,0.0
2023-05-26 00:00:00-04:00,218.36280042433899,220.69452655541764,217.89449312481673,219.52377319335938,5067300,0.0,0.0
2023-05-30 00:00:00-04:00,219.52372767970613,219.9725183603474,214.39198406873368,216.23590087890625,6916000,0.0,0.0
2023-05-31 00:00:00-04:00,214.5968592121055,216.12857114129912,210.86999274127945,215.64076232910156,20460600,0.0,0.0
2023-06-01 00:00:00-04:00,217.29933396270437,221.18230326671903,217.00664566483587,220.9774169921875,7003600,0.0,0.0
2023-06-02 00:00:00-04:00,223.23111015254355,224.65551871442588,221.87500198343648,223.2115936279297,5897100,0.0,0.0
2023-06-05 00:00:00-04:00,222.35303304764173,222.76279069425163,219.81642107901493,221.24082946777344,4858900,0.0,0.0
2023-06-06 00:00:00-04:00,221.1628233870983,223.6604028207966,220.64574709278176,222.655517578125,6020100,0.0,0.0
2023-06-07 00:00:00-04:00,221.46521924814212,222.0018119637575,215.6310295349157,219.77740478515625,8517200,0.0,0.0
2023-06-08 00:00:00-04:00,219.60184159955745,219.6506254745864,216.9871926295898,217.61158752441406,6248200,0.0,0.0
2023-06-09 00:00:00-04:00,218.1871515476816,219.68959632241283,217.328603169695,218.10910034179688,6385000,0.0,0.0
2023-06-12 00:00:00-04:00,218.93837472591488,220.9286283118922,218.17739410009312,220.65545654296875,8621100,0.0,0.0
2023-06-13 00:00:00-04:00,220.11889097117034,221.61158506643946,217.20180317465918,217.95301818847656,6868700,0.0,0.0
2023-06-14 00:00:00-04:00,218.28475377632788,219.97256857094894,217.15303344225055,217.9920654296875,9160700,0.0,0.0
2023-06-15 00:00:00-04:00,216.6066489854108,221.57253957581673,215.97248853939607,220.65545654296875,12534000,0.0,0.0
2023-06-16 00:00:00-04:00,220.92864797667335,224.19697356350244,220.5676741541968,223.32867431640625,13628900,0.0,0.0
2023-06-20 00:00:00-04:00,221.46522684571246,223.97257158162986,220.66521315375982,220.94815063476562,12312300,0.0,0.0
2023-06-21 00:00:00-04:00,220.60668412534514,223.0554942415394,219.49448046938397,221.70913696289062,7032100,0.0,0.0
2023-06-22 00:00:00-04:00,220.84083201942235,223.3481618678163,220.0018001683217,222.8213348388672,6275500,0.0,0.0
2023-06-23 00:00:00-04:00,221.6798576513034,224.3725571764631,220.87009316415418,223.9530487060547,5424400,0.0,0.0
2023-06-26 00:00:00-04:00,223.84574203835223,224.48965333507843,220.68473512539745,220.7823028564453,5165400,0.0,0.0
2023-06-27 00:00:00-04:00,221.93352192488533,223.03597474774924,220.99693722009894,221.79693603515625,4628500,0.0,0.0
2023-06-28 00:00:00-04:00,221.9530342438516,222.49937779241876,220.50912416738902,222.40182495117188,5324500,0.0,0.0
2023-06-29 00:00:00-04:00,223.21160061729435,228.97750566465228,223.02624573127136,228.60678100585938,7118900,0.0,0.0
2023-06-30 00:00:00-04:00,230.50920813405756,232.47019443678883,230.19700331089388,231.689697265625,6879400,0.0,0.0
2023-07-03 00:00:00-04:00,231.22143511997805,232.58729418286552,229.67020627996718,232.16778564453125,3087400,0.0,0.0
2023-07-05 00:00:00-04:00,228.69455698097093,234.14825655030288,228.28479931841733,233.61166381835938,7601200,0.0,0.0
2023-07-06 00:00:00-04:00,232.46046030757526,233.75803378435816,230.91898237771468,233.0555877685547,6441800,0.0,0.0
2023-07-07 00:00:00-04:00,230.9580015095681,232.62631452579126,230.37263975177223,230.68482971191406,5729500,0.0,0.0
2023-07-10 00:00:00-04:00,231.23116477575434,233.2702172507382,230.73360506697375,232.35313415527344,4858900,0.0,0.0
2023-07-11 00:00:00-04:00,232.98726478267244,234.83118167366052,232.31408617557847,234.68484497070312,3856500,0.0,0.0
2023-07-12 00:00:00-04:00,235.66042538328043,238.00190158041215,235.34822061740016,236.30433654785156,6116000,0.0,0.0
2023-07-13 00:00:00-04:00,237.84587113907452,238.31417842954457,237.2214763051949,237.37757873535156,5819600,0.0,0.0
2023-07-14 00:00:00-04:00,238.7629439193234,238.7727096250002,236.0604932877106,237.23123168945312,4941200,0.0,0.0
2023-07-17 00:00:00-04:00,237.1824367058977,239.38732750729432,237.07511815570717,238.04098510742188,4328100,0.0,0.0
2023-07-18 00:00:00-04:00,237.1726815053933,237.25071782523028,231.88482018833673,234.8994903564453,7674000,0.0,0.0
2023-07-19 00:00:00-04:00,235.367761895513,236.6750859949845,234.26530916930128,235.5336151123047,4835500,0.0,0.0
2023-07-20 00:00:00-04:00,235.27998656794833,235.719011590051,233.24094898775763,233.77752685546875,4695000,0.0,0.0
2023-07-21 00:00:00-04:00,233.89462303552025,234.48975050503088,232.90923950344308,233.41656494140625,5427400,0.0,0.0
2023-07-24 00:00:00-04:00,233.83607186413386,235.39706633024616,232.38241084039763,234.8702392578125,6010000,0.0,0.0
2023-07-25 00:00:00-04:00,234.1677975092204,234.92877823147924,232.74338891639803,232.87022399902344,4997500,0.0,0.0
2023-07-26 00:00:00-04:00,225.77745327932178,233.0263007539803,222.12863761006918,231.3189697265625,7551400,0.0,0.0
2023-07-27 00:00:00-04:00,231.63118340051122,232.840954868879,227.27993621550874,228.72384643554688,8160100,0.0,0.0
2023-07-28 00:00:00-04:00,228.86040588833436,230.12871189804972,228.01162323812449,230.0018768310547,6794800,0.0,0.0
2023-07-31 00:00:00-04:00,230.24577928202623,232.60677235096645,230.24577928202623,231.93359375,4799600,0.0,0.0
2023-08-01 00:00:00-04:00,231.35800907882393,234.86047347737488,231.22142317958853,233.9336395263672,4627300,0.0,0.0
2023-08-02 00:00:00-04:00,232.81169474531958,232.9677822890251,231.01654656860805,231.7677764892578,4868200,0.0,0.0
2023-08-03 00:00:00-04:00,230.24579215363602,233.22142930924187,229.51407883111386,232.93849182128906,5033800,0.0,0.0
2023-08-04 00:00:00-04:00,232.19702065749743,236.01168956968945,232.04091824726177,233.1628875732422,5169700,0.0,0.0
2023-08-07 00:00:00-04:00,233.3873016500934,236.27512212949668,233.37755083088993,235.6214599609375,5649800,0.0,0.0
2023-08-08 00:00:00-04:00,234.55798857317822,235.47507152629925,231.6018683483056,233.45553588867188,5080600,0.0,0.0
2023-08-09 00:00:00-04:00,234.6360707764462,236.07023007150798,233.65070220018933,233.9141082763672,4055000,0.0,0.0
2023-08-10 00:00:00-04:00,235.19455376122036,238.44947151773314,234.67650526599863,234.74493408203125,4778000,0.45,0.0
2023-08-11 00:00:00-04:00,234.5885787541126,235.29234568355415,233.04420215421254,234.62767028808594,3607100,0.0,0.0
2023-08-14 00:00:00-04:00,235.29233301386748,237.8434842670373,234.84269836631435,237.4231719970703,4351100,0.0,0.0
2023-08-15 00:00:00-04:00,236.55324811396093,237.1983702724785,233.95323608539525,234.4224090576172,3770100,0.0,0.0
2023-08-16 00:00:00-04:00,231.19681378559696,235.63445601094833,230.69831843347612,233.8945770263672,3218600,0.0,0.0
2023-08-17 00:00:00-04:00,234.58858801718662,234.96002472093087,231.15773528674194,232.01788330078125,4177600,0.0,0.0
2023-08-18 00:00:00-04:00,230.26822198786448,233.6599827705138,229.99453652829095,232.79981994628906,4344800,0.0,0.0
2023-08-21 00:00:00-04:00,233.98256251553252,235.10662682035348,232.39907947041223,234.06076049804688,3573600,0.0,0.0
2023-08-22 00:00:00-04:00,234.58855120856305,235.98630083377296,233.2885378641803,235.1457061767578,3848400,0.0,0.0
2023-08-23 00:00:00-04:00,235.87878614360963,237.07126417723538,235.2923088227057,236.83668518066406,4947700,0.0,0.0
2023-08-24 00:00:00-04:00,236.7878425867977,238.068302837338,233.96300576305356,234.07052612304688,4570700,0.0,0.0
2023-08-25 00:00:00-04:00,235.93744580775507,237.9216728244572,234.79382838296164,237.10061645507812,3541500,0.0,0.0
2023-08-28 00:00:00-04:00,237.5307266639431,239.7006724071978,237.12998247413273,238.33224487304688,3741500,0.0,0.0
2023-08-29 00:00:00-04:00,238.00965768043764,240.28712354575228,237.91190647524786,239.80816650390625,3975600,0.0,0.0
2023-08-30 00:00:00-04:00,240.86381892853515,242.63300538845598,240.50216631278604,240.6781005859375,4573300,0.0,0.0
2023-08-31 00:00:00-04:00,240.05253579159253,242.42775292333891,239.91569304964247,240.1405029296875,5532600,0.0,0.0
2023-09-01 00:00:00-04:00,241.89014761076473,243.25857501046704,241.2059339109136,242.51571655273438,4112900,0.0,0.0
2023-09-05 00:00:00-04:00,242.7503077520836,243.08263798614496,239.6713237654845,239.80816650390625,4459600,0.0,0.0
2023-09-06 00:00:00-04:00,239.88636004907647,241.0984063632127,238.70365102774656,240.60968017578125,4520300,0.0,0.0
2023-09-07 00:00:00-04:00,239.96457502383066,241.82172870170336,239.5833691672256,241.56759643554688,4007900,0.0,0.0
2023-09-08 00:00:00-04:00,242.2029138022324,242.5450280942416,240.88336206463842,241.7141876220703,3309100,0.0,0.0
2023-09-11 00:00:00-04:00,241.75328756524684,242.76006227611794,240.71719047753396,241.64576721191406,2995800,0.0,0.0
2023-09-12 00:00:00-04:00,241.37206982761347,242.17357294625845,240.46303144620904,241.7239532470703,3499600,0.0,0.0
2023-09-13 00:00:00-04:00,241.5773442942696,244.42173423535704,241.0495265834776,242.2420196533203,5657000,0.0,0.0
2023-09-14 00:00:00-04:00,239.47583184725997,240.00364956721342,233.36675450421762,236.05474853515625,12000000,0.0,0.0
2023-09-15 00:00:00-04:00,236.4457175160172,238.59612461796237,234.617886394103,235.6344451904297,13077900,0.0,0.0
2023-09-18 00:00:00-04:00,235.50738477250468,239.7006490261416,235.3412196534761,239.1435089111328,4771600,0.0,0.0
2023-09-19 00:00:00-04:00,239.4758321478055,239.59312166022247,236.0156572988492,238.06829833984375,4709000,0.0,0.0
2023-09-20 00:00:00-04:00,238.13671097516237,239.01641208796084,236.22089788574394,236.4066162109375,5756600,0.0,0.0
2023-09-21 00:00:00-04:00,235.34121465190714,235.35098380644,230.94267892427908,231.27500915527344,6881500,0.0,0.0
2023-09-22 00:00:00-04:00,231.4118542057378,232.42839813268822,229.58402300225717,229.77951049804688,5935500,0.0,0.0
2023-09-25 00:00:00-04:00,230.07273979099006,230.16070692328728,226.97421761947095,228.09828186035156,5921600,0.0,0.0
2023-09-26 00:00:00-04:00,226.70052937956288,227.42384952935737,224.42307839840288,224.47193908691406,6193200,0.0,0.0
2023-09-27 00:00:00-04:00,225.0681911189513,225.47871934970303,222.78095601273148,224.32533264160156,6006700,0.0,0.0
2023-09-28 00:00:00-04:00,225.4689317943868,227.29676291624853,224.49147944434495,226.43661499023438,4203900,0.0,0.0
2023-09-29 00:00:00-04:00,227.58999866738756,227.77571699785727,224.4719233246314,224.8238067626953,6045200,0.0,0.0
2023-10-02 00:00:00-04:00,224.07117762524274,226.15314094729786,223.61177383670378,226.05540466308594,5175200,0.0,0.0
2023-10-03 00:00:00-04:00,225.27346882221912,226.5246067732459,222.644119328115,223.65089416503906,5585700,0.0,0.0
2023-10-04 00:00:00-04:00,224.30575832447195,226.47570370778237,223.71929587057718,226.00653076171875,5430900,0.0,0.0
2023-10-05 00:00:00-04:00,225.21480513848545,228.90957392010262,225.029086801013,228.215576171875,6126200,0.0,0.0
2023-10-06 00:00:00-04:00,227.91255589535666,231.25544104337214,227.5020277103097,229.74038696289062,6401300,0.0,0.0
2023-10-09 00:00:00-04:00,227.550924563291,229.8674820076936,226.47572094387957,229.15394592285156,5372200,0.0,0.0
2023-10-10 00:00:00-04:00,229.60356252046185,232.84871164366945,228.9975468059009,231.26524353027344,4644000,0.0,0.0
2023-10-11 00:00:00-04:00,232.19381286599233,233.13215878647122,229.59378598909052,230.365966796875,4760900,0.0,0.0
2023-10-12 00:00:00-04:00,231.3727634560389,232.36975416236479,229.59379293442618,231.44117736816406,4472800,0.0,0.0
2023-10-13 00:00:00-04:00,231.05995838758994,233.26899530985392,230.90356243342814,232.31109619140625,4966800,0.0,0.0
2023-10-16 00:00:00-04:00,233.61113167622054,235.28258190049021,232.95624033534895,234.65701293945312,6227300,0.0,0.0
2023-10-17 00:00:00-04:00,234.22689752525318,236.03517531676903,232.91710011865698,235.76148986816406,4527600,0.0,0.0
2023-10-18 00:00:00-04:00,234.54947761897807,235.39985640943507,231.64644288255093,232.11561584472656,9528300,0.0,0.0
2023-10-19 00:00:00-04:00,232.1156108967014,232.55546147153595,228.14715673951187,228.5381317138672,5927400,0.0,0.0
2023-10-20 00:00:00-04:00,228.85093292067717,230.45395424422875,227.39452348977915,228.1178436279297,5748300,0.0,0.0
2023-10-23 00:00:00-04:00,226.14338993395629,229.17349836763344,226.06519195147052,226.30955505371094,5071700,0.0,0.0
2023-10-24 00:00:00-04:00,227.63888109833843,231.19680711675824,227.63888109833843,229.35919189453125,6844100,0.0,0.0
2023-10-25 00:00:00-04:00,227.0132959872575,233.10281962168236,226.07493521961536,231.50958251953125,10365300,0.0,0.0
2023-10-26 00:00:00-04:00,229.28101223350652,230.2975561475415,225.16593114587565,226.065185546875,6414500,0.0,0.0
2023-10-27 00:00:00-04:00,225.95766318561067,226.1727039007632,222.88846333221673,224.1005096435547,5540900,0.0,0.0
2023-10-30 00:00:00-04:00,226.95465300637576,228.11782363528454,224.8433524487635,227.8245849609375,5170300,0.0,0.0
2023-10-31 00:00:00-04:00,228.30354092188657,230.4050574014681,227.73661679798929,229.79904174804688,4828400,0.0,0.0
2023-11-01 00:00:00-04:00,230.81559073008918,233.65019649811154,230.3659560994654,233.20057678222656,4996200,0.0,0.0
2023-11-02 00:00:00-04:00,234.50058691692706,237.76527404785156,233.80658921539182,237.76527404785156,6286700,0.0,0.0
2023-11-03 00:00:00-04:00,239.59312350070374,239.78862590921995,236.79760908695528,238.10740661621094,5029800,0.0,0.0
2023-11-06 00:00:00-05:00,238.4983885493347,239.26080023758368,237.13973029312277,237.99989318847656,5254100,0.0,0.0
2023-11-07 00:00:00-05:00,237.92170168442948,239.54427631221552,237.8923793044476,239.25103759765625,4219700,0.0,0.0
2023-11-08 00:00:00-05:00,238.50659702612077,239.7408037504928,237.83071657712165,238.91799926757812,5117500,0.52,0.0
2023-11-09 00:00:00-05:00,239.32935904645132,239.47628305429913,236.0381267522398,236.6944122314453,4866600,0.0,0.0
2023-11-10 00:00:00-05:00,238.98654873103138,240.2501551552593,237.0176920273306,240.23056030273438,4094400,0.0,0.0
2023-11-13 00:00:00-05:00,239.98567761790014,240.65175314064533,239.11389350931117,239.6624298095703,4088500,0.0,0.0
2023-11-14 00:00:00-05:00,241.13172619474966,242.8556995330253,240.55380509769336,241.88597106933594,14092000,0.0,0.0
2023-11-15 00:00:00-05:00,241.75860145365814,243.15934178731206,240.3186863660694,243.03199768066406,13258900,0.0,0.0
2023-11-16 00:00:00-05:00,243.5022001454469,244.34459945286872,242.20922385178392,243.4826202392578,7051600,0.0,0.0
2023-11-17 00:00:00-05:00,244.34458228052824,245.11842196891692,243.5707575386318,244.45233154296875,7238200,0.0,0.0
2023-11-20 00:00:00-05:00,244.5013102813825,245.79428647932897,240.57338708621756,244.85394287109375,8604200,0.0,0.0
2023-11-21 00:00:00-05:00,244.91271764854966,248.15497058396974,244.91271764854966,247.06768798828125,7213700,0.0,0.0
2023-11-22 00:00:00-05:00,247.8219412027837,249.33041600756113,247.48890344603316,248.52720642089844,5701400,0.0,0.0
2023-11-24 00:00:00-05:00,248.98757239420786,249.4871289974253,248.31169202447765,249.09532165527344,1640900,0.0,0.0
2023-11-27 00:00:00-05:00,249.09532755198023,249.7614030387045,247.35175942909333,248.9385986328125,5478900,0.0,0.0
2023-11-28 00:00:00-05:00,248.65456258572428,248.94841065209496,246.46040236236308,247.76318359375,5234900,0.0,0.0
2023-11-29 00:00:00-05:00,248.72308048306385,250.8290859336885,248.3312731625478,249.0267333984375,4955100,0.0,0.0
2023-11-30 00:00:00-05:00,249.04633131868326,251.5147443720495,247.98843360445858,251.4265899658203,6874700,0.0,0.0
2023-12-01 00:00:00-05:00,250.55481395710672,251.65190140676674,248.70349663476452,251.20132446289062,3939400,0.0,0.0
2023-12-04 00:00:00-05:00,250.67235217588177,252.1220721160169,249.14428273035261,249.23243713378906,5247500,0.0,0.0
2023-12-05 00:00:00-05:00,248.98759983664507,249.60471066771726,246.97955335719067,249.3990020751953,4199100,0.0,0.0
2023-12-06 00:00:00-05:00,250.56463041627202,251.57353361045483,248.3410855578404,249.0855255126953,3874000,0.0,0.0
2023-12-07 00:00:00-05:00,249.67323952556103,250.89767108374528,248.31168885121875,250.58421325683594,3589300,0.0,0.0
2023-12-08 00:00:00-05:00,249.78098411490524,250.7997070868209,248.67410673575404,250.50584411621094,3732300,0.0,0.0
2023-12-11 00:00:00-05:00,249.78095677822301,252.35713378198892,249.78095677822301,251.26983642578125,6479300,0.0,0.0
2023-12-12 00:00:00-05:00,252.03388029092415,254.40436378678345,251.15230638991167,254.2476348876953,5946600,0.0,0.0
2023-12-13 00:00:00-05:00,253.84604545069783,257.1079080378053,253.39546850852997,257.00994873046875,4859900,0.0,0.0
2023-12-14 00:00:00-05:00,257.803387541824,257.86215715201524,251.1523476539829,253.43467712402344,8168700,0.0,0.0
2023-12-15 00:00:00-05:00,249.30103129085836,253.08203067679068,249.2422616804101,252.74899291992188,13374000,0.0,0.0
2023-12-18 00:00:00-05:00,253.40524816634604,254.27701716094526,252.67059827397316,253.0819854736328,6041100,0.0,0.0
2023-12-19 00:00:00-05:00,253.31709301939281,255.01169639424896,251.93597736864749,254.66885375976562,8731200,0.0,0.0
2023-12-20 00:00:00-05:00,255.168425830091,255.4818836618568,251.81840877568504,251.84779357910156,7240900,0.0,0.0
2023-12-21 00:00:00-05:00,252.2396369183183,254.66886044081892,251.7792550583307,254.22808837890625,6246700,0.0,0.0
2023-12-22 00:00:00-05:00,254.67866735850708,255.86389432502432,252.93509921615671,253.1407928466797,5111500,0.0,0.0
2023-12-26 00:00:00-05:00,253.2387699094947,254.42399695908966,253.2387699094947,253.8558807373047,2085100,0.0,0.0
2023-12-27 00:00:00-05:00,253.94404258977835,254.4533892136322,253.02327877101283,253.63058471679688,4034700,0.0,0.0
2023-12-28 00:00:00-05:00,253.24854750033373,255.62880624265185,253.24854750033373,255.07046508789062,3020500,0.0,0.0
2023-12-29 00:00:00-05:00,255.23701342634664,256.10878256773805,254.35543938565212,255.02151489257812,4074900,0.0,0.0
2024-01-02 00:00:00-05:00,254.2965918059071,254.76677848877807,252.39632495846448,253.57174682617188,5471000,0.0,0.0
2024-01-03 00:00:00-05:00,253.25836934844025,253.562022335863,251.60295537546358,252.70005798339844,4148300,0.0,0.0
2024-01-04 00:00:00-05:00,252.78817106950726,255.69738622565876,252.7195965627902,254.296630859375,3843000,0.0,0.0
2024-01-05 00:00:00-05:00,255.44271833423767,256.1087938705595,253.4542667320209,254.37503051757812,3748400,0.0,0.0
2024-01-08 00:00:00-05:00,255.59942771619222,257.245036524652,254.62969929209717,257.16668701171875,4659000,0.0,0.0
2024-01-09 00:00:00-05:00,256.63775495008167,258.2245943008645,255.7953705610933,257.9405212402344,7055800,0.0,0.0
2024-01-10 00:00:00-05:00,259.5469980726741,259.93880550220064,257.4801668004616,259.1453857421875,4355800,0.0,0.0
2024-01-11 00:00:00-05:00,260.02688502418016,260.74195504948926,257.02951570693835,258.62615966796875,5599000,0.0,0.0
2024-01-12 00:00:00-05:00,259.70371044866727,260.11509776086837,258.31275978568004,258.76336669921875,4656100,0.0,0.0
2024-01-16 00:00:00-05:00,258.12654226621646,260.22275737182485,256.98050532139274,259.81134033203125,6196400,0.0,0.0
2024-01-17 00:00:00-05:00,259.00818310318715,261.63332491709775,258.9787983027695,261.1729431152344,5118700,0.0,0.0
2024-01-18 00:00:00-05:00,262.39741136021576,263.27898543955325,260.96730096960215,262.652099609375,6694300,0.0,0.0
2024-01-19 00:00:00-05:00,262.69122857809214,265.60044362340744,261.5843511857725,265.3555603027344,7226500,0.0,0.0
2024-01-22 00:00:00-05:00,266.66813769550635,266.7759019035326,264.8266102971015,265.6494445800781,5984300,0.0,0.0
2024-01-23 00:00:00-05:00,265.9922340289236,266.30569183375127,264.3858150918996,265.70819091796875,5883000,0.0,0.0
2024-01-24 00:00:00-05:00,266.9913631119643,267.27540620809606,265.53183836258177,266.0901794433594,5021700,0.0,0.0
2024-01-25 00:00:00-05:00,266.38414333626673,267.19714297630816,265.2576559135612,267.0306091308594,6894900,0.0,0.0
2024-01-26 00:00:00-05:00,260.4971099938626,265.3262023926824,260.1640722311494,262.4561767578125,8586500,0.0,0.0
2024-01-29 00:00:00-05:00,261.5060019712044,269.44022754856286,261.2513137516622,268.05908203125,6574500,0.0,0.0
2024-01-30 00:00:00-05:00,268.9700279203291,272.9371554653733,268.57822060418425,271.4776306152344,6549000,0.0,0.0
2024-01-31 00:00:00-05:00,271.44828181029476,274.2595377899834,267.5889179538692,267.66729736328125,6139300,0.0,0.0
2024-02-01 00:00:00-05:00,267.7946339908728,271.5168487231718,267.7652192934268,271.37969970703125,7065000,0.0,0.0
2024-02-02 00:00:00-05:00,271.9282417310459,272.8000407701114,270.0377495204924,271.5070495605469,4848700,0.0,0.0
2024-02-05 00:00:00-05:00,271.72257741790315,272.3103034759455,269.49904721214756,269.9398193359375,4899100,0.0,0.0
2024-02-06 00:00:00-05:00,269.1757656257284,271.2132118322221,268.42153567126906,271.0956726074219,4400000,0.0,0.0
2024-02-07 00:00:00-05:00,273.6620395828986,273.81876851033905,271.38951497449193,273.6718444824219,4785900,0.0,0.0
2024-02-08 00:00:00-05:00,274.32935766009047,274.44711605750825,270.148754859394,270.6394348144531,5833400,0.52,0.0
2024-02-09 00:00:00-05:00,269.8739757462361,272.01333316627523,268.9809346326467,271.2773132324219,4618300,0.0,0.0
2024-02-12 00:00:00-05:00,271.27729247323646,271.5128391991795,269.12811203495,269.9426574707031,3676200,0.0,0.0
2024-02-13 00:00:00-05:00,268.6472851847287,272.8180649547199,267.67574842190044,270.66888427734375,5493800,0.0,0.0
2024-02-14 00:00:00-05:00,271.3165518539846,272.4647560259893,269.589348979422,272.38623046875,4218400,0.0,0.0
2024-02-15 00:00:00-05:00,272.47460801960057,275.8799285426441,272.3862892102038,275.7425537109375,4834800,0.0,0.0
2024-02-16 00:00:00-05:00,275.72290332613335,275.87992452346157,272.6905044527637,273.3676452636719,6630700,0.0,0.0
2024-02-20 00:00:00-05:00,269.45203406956216,271.67971058459824,268.2449504356871,270.0212097167969,6157200,0.0,0.0
2024-02-21 00:00:00-05:00,269.5108644676192,271.8072429574534,268.4313626265707,271.6011657714844,4770100,0.0,0.0
2024-02-22 00:00:00-05:00,273.9760244301303,278.76506509231444,273.7797704374639,278.4608459472656,5100200,0.0,0.0
2024-02-23 00:00:00-05:00,279.41277790903445,280.61986130702223,278.21551769314664,278.31365966796875,5107700,0.0,0.0
2024-02-26 00:00:00-05:00,277.7641289021027,280.0310679928954,277.39120732894565,278.8534240722656,3856900,0.0,0.0
2024-02-27 00:00:00-05:00,278.87305300483354,278.87305300483354,276.2920717033914,277.8916931152344,4145200,0.0,0.0
2024-02-28 00:00:00-05:00,276.84161760375457,280.79649657171996,276.82197123971696,280.3058166503906,4358800,0.0,0.0
2024-02-29 00:00:00-05:00,280.1781953729549,280.3352165193748,276.9200739693661,277.37152099609375,6633700,0.0,0.0
2024-03-01 00:00:00-05:00,277.92109871392427,279.59921553419935,276.85139021024634,277.8818359375,3955700,0.0,0.0
2024-03-04 00:00:00-05:00,277.5383412588164,277.72480200234827,272.94558493636487,275.30084228515625,5920300,0.0,0.0
2024-03-05 00:00:00-05:00,275.04575811329204,275.75233851559517,272.50403929147757,274.17236328125,6227900,0.0,0.0
2024-03-06 00:00:00-05:00,274.7807202640511,276.7434396945086,274.1035796646455,275.20269775390625,4535200,0.0,0.0
2024-03-07 00:00:00-05:00,275.6443389764832,275.9289416974774,271.0123196307426,273.07318115234375,5668500,0.0,0.0
2024-03-08 00:00:00-05:00,273.79938474454605,276.419628593196,273.6325404007755,274.82000732421875,3928800,0.0,0.0
2024-03-11 00:00:00-04:00,274.2409967903153,275.5363689119133,272.8081899782677,275.3302917480469,4614000,0.0,0.0
2024-03-12 00:00:00-04:00,276.06632091435193,279.17724463494045,275.06534470724506,278.627685546875,7988700,0.0,0.0
2024-03-13 00:00:00-04:00,279.35385721436523,280.76701758543874,278.5295186560259,279.8249206542969,5783800,0.0,0.0
2024-03-14 00:00:00-04:00,283.5737755862181,283.6523011570563,279.2459744172185,281.0713195800781,5484500,0.0,0.0
2024-03-15 00:00:00-04:00,278.26454170471817,280.30578673085427,277.37153069809636,277.7640686035156,9845000,0.0,0.0
2024-03-18 00:00:00-04:00,278.5786661737747,280.89469141167535,277.97022774861097,279.7366638183594,4095600,0.0,0.0
2024-03-19 00:00:00-04:00,281.31660324008305,282.6905009673016,279.9328823312944,281.9937438964844,6595200,0.0,0.0
2024-03-20 00:00:00-04:00,282.2783115350294,284.4667244449794,281.37544745581624,283.8877258300781,6105000,0.0,0.0
2024-03-21 00:00:00-04:00,284.56489006528085,285.5364266415634,282.533468179669,284.9574279785156,5057600,0.0,0.0
2024-03-22 00:00:00-04:00,284.59433579289674,285.0751925008173,277.6168821424652,277.97998046875,8744100,0.0,0.0
2024-03-25 00:00:00-04:00,277.7346664189995,278.21552317175326,274.82002640687017,275.96820068359375,8519200,0.0,0.0
2024-03-26 00:00:00-04:00,278.8337358908273,278.8337358908273,273.22035721817866,275.3695373535156,8752400,0.0,0.0
2024-03-27 00:00:00-04:00,275.0260835780489,276.0074433767217,271.8170478179296,273.8190002441406,5190700,0.0,0.0
2024-03-28 00:00:00-04:00,273.2989308938948,274.5845100701373,271.9544725148267,273.8779296875,5844400,0.0,0.0
2024-04-01 00:00:00-04:00,275.1340191617069,275.65416860649947,271.6305874366216,273.0928039550781,5084000,0.0,0.0
2024-04-02 00:00:00-04:00,272.81801619961243,274.12321151694204,271.8170400152406,273.24981689453125,6912300,0.0,0.0
2024-04-03 00:00:00-04:00,275.2517993600368,275.2517993600368,271.4048558801608,271.7973937988281,4536600,0.0,0.0
2024-04-04 00:00:00-04:00,273.1712923650324,273.8778726003901,268.4607774284634,268.892578125,4018600,0.0,0.0
2024-04-05 00:00:00-04:00,270.95346791886493,272.77878291395115,269.90340566320907,271.9740905761719,4392100,0.0,0.0
2024-04-08 00:00:00-04:00,271.1006565849671,272.79841989462415,270.0211547680963,272.58251953125,5542400,0.0,0.0
2024-04-09 00:00:00-04:00,272.4549000574573,272.8179983570003,268.2252421191152,271.5618591308594,7313900,0.0,0.0
2024-04-10 00:00:00-04:00,270.28609744255095,271.6599950109041,269.01031188365664,269.3636169433594,5276000,0.0,0.0
2024-04-11 00:00:00-04:00,268.89261283744185,271.3263961731328,267.1065306301701,270.5412902832031,8102300,0.0,0.0
2024-04-12 00:00:00-04:00,270.41373987463635,271.8367238744099,268.95152303738956,270.81610107421875,9038400,0.0,0.0
2024-04-15 00:00:00-04:00,272.7101012573407,272.72971767266745,265.3008164704482,266.2232971191406,10267500,0.0,0.0
2024-04-16 00:00:00-04:00,265.49712355854257,269.0202021095562,265.13402517663474,266.2920227050781,8237100,0.0,0.0
2024-04-17 00:00:00-04:00,268.2056708771924,268.89263484351085,266.4392348905591,267.6070556640625,5940900,0.0,0.0
2024-04-18 00:00:00-04:00,267.48925877773,268.0584343074934,264.8297520482353,266.3116149902344,8231800,0.0,0.0
2024-04-19 00:00:00-04:00,266.4097517135228,266.9298712205255,263.2890346715062,264.7512512207031,7905400,0.0,0.0
2024-04-22 00:00:00-04:00,265.8995020289771,268.6571212128501,264.3391132855406,267.2537536621094,6463700,0.0,0.0
2024-04-23 00:00:00-04:00,268.90240677839256,269.76600818903967,267.6266210767642,269.0005187988281,6438000,0.0,0.0
2024-04-24 00:00:00-04:00,277.30287031742745,277.72484788093016,269.3734656631795,269.8935852050781,8807200,0.0,0.0
2024-04-25 00:00:00-04:00,267.8817646361473,271.071183734122,265.4479817429221,270.03094482421875,8064600,0.0,0.0
2024-04-26 00:00:00-04:00,269.88377975415915,271.61095271108746,268.7257523794726,269.40289306640625,6840600,0.0,0.0
2024-04-29 00:00:00-04:00,267.2439517463796,269.3538696726192,266.03686821290114,266.77288818359375,4128600,0.0,0.0
2024-04-30 00:00:00-04:00,265.4872819716983,267.0083777766049,263.57361826345016,263.6030578613281,6376400,0.0,0.0
2024-05-01 00:00:00-04:00,263.15164320036075,265.86020602566384,261.73848259139623,262.3371276855469,6119900,0.0,0.0
2024-05-02 00:00:00-04:00,264.3292292323232,264.446987599203,261.67954618264787,262.62164306640625,5061700,0.0,0.0
2024-05-03 00:00:00-04:00,263.98579362300916,264.4274175249169,261.5323940540221,263.48529052734375,3862000,0.0,0.0
2024-05-06 00:00:00-04:00,264.62367644211633,267.6953375514045,264.54518083188816,267.58740234375,3958700,0.0,0.0
2024-05-07 00:00:00-04:00,268.61784602280426,272.70030699817806,267.74442129415513,271.3067626953125,6377100,0.0,0.0
2024-05-08 00:00:00-04:00,272.6217780268964,273.35779797831754,269.79548657037117,272.0231628417969,9029700,0.0,0.0
2024-05-09 00:00:00-04:00,271.6403750439555,273.5933013707085,271.24783712181664,273.34796142578125,8948800,0.0,0.0
2024-05-10 00:00:00-04:00,274.3391373764162,275.7915607533672,274.0349182151677,275.5069580078125,8986400,0.0,0.0
2024-05-13 00:00:00-04:00,276.21352093128513,276.89066158920497,273.89752617859796,274.18212890625,10528400,0.0,0.0
2024-05-14 00:00:00-04:00,274.23118988067984,274.7709258009774,269.15754644523804,272.5628662109375,18526100,0.0,0.0
2024-05-15 00:00:00-04:00,271.98385608186004,276.47850062975704,271.9053604771742,276.2527770996094,21288400,0.0,0.0
2024-05-16 00:00:00-04:00,277.00001706229307,277.62926415068057,274.561759605173,275.1319885253906,10341500,0.52,0.0
2024-05-17 00:00:00-04:00,275.338426957247,276.1839739198932,273.4212517586308,275.3876037597656,6177800,0.0,0.0
2024-05-20 00:00:00-04:00,274.5223732049836,275.5546958878211,273.49986187822606,273.85382080078125,5460900,0.0,0.0
2024-05-21 00:00:00-04:00,273.32290217233833,273.74566061139365,270.25539814286634,271.3074035644531,6578200,0.0,0.0
2024-05-22 00:00:00-04:00,270.8944872339282,273.4015740799684,270.4913814657606,270.9436340332031,4202500,0.0,0.0
2024-05-23 00:00:00-04:00,270.6093508761007,272.7723500636725,268.4365403314151,269.6163635253906,6115900,0.0,0.0
2024-05-24 00:00:00-04:00,270.38324949780724,270.6093607819552,268.7511736881961,269.8719787597656,4339700,0.0,0.0
2024-05-28 00:00:00-04:00,269.6164040018579,269.84251531167416,265.68369943707125,266.42108154296875,6212100,0.0,0.0
2024-05-29 00:00:00-04:00,264.4743594895076,266.57837065472575,263.7468188082258,264.3367004394531,5469700,0.0,0.0
2024-05-30 00:00:00-04:00,264.17939272539314,267.0699324510983,263.7959396986071,266.7356262207031,4901900,0.0,0.0
2024-05-31 00:00:00-04:00,266.87327001136407,268.1710694067544,264.48415976358694,267.8760986328125,8910000,0.0,0.0
2024-06-03 00:00:00-04:00,268.4954832980959,268.5348187323809,263.5501100828678,265.8310852050781,4838800,0.0,0.0
2024-06-04 00:00:00-04:00,265.0937530339057,268.3972100336998,264.7791295089298,267.8368225097656,4188500,0.0,0.0
2024-06-05 00:00:00-04:00,268.928153932746,270.304594454001,267.44354843973895,269.8818359375,5368700,0.0,0.0
2024-06-06 00:00:00-04:00,270.1767546971683,272.4872243142365,269.4688667720271,272.37908935546875,4862400,0.0,0.0
2024-06-07 00:00:00-04:00,273.03781882009514,275.6137353305815,272.20211315725004,273.981689453125,4515600,0.0,0.0
2024-06-10 00:00:00-04:00,273.4606328733618,273.87355006024154,268.78070472768854,270.41278076171875,5213800,0.0,0.0
2024-06-11 00:00:00-04:00,269.92119352798085,270.2357870985408,267.6402176175269,270.04901123046875,6244600,0.0,0.0
2024-06-12 00:00:00-04:00,272.1135920055547,272.9296448317599,265.35917815071235,265.7721252441406,7536600,0.0,0.0
2024-06-13 00:00:00-04:00,265.77211370046626,267.2861829675943,264.78893781078193,266.6274719238281,7361200,0.0,0.0
2024-06-14 00:00:00-04:00,265.55583864552773,266.9814258164359,264.73978577843116,266.1064147949219,8537300,0.0,0.0
2024-06-17 00:00:00-04:00,264.4743137259095,267.25668828558787,264.4743137259095,266.6078186035156,9258200,0.0,0.0
2024-06-18 00:00:00-04:00,266.73568665035333,269.29195072894066,266.73568665035333,269.01666259765625,6707500,0.0,0.0
2024-06-20 00:00:00-04:00,268.5938772870847,273.3622873041705,268.50539503985874,272.1628112792969,10164400,0.0,0.0
2024-06-21 00:00:00-04:00,272.5068963017162,272.87066660927815,269.96044414048373,270.5896911621094,14594700,0.0,0.0
2024-06-24 00:00:00-04:00,270.68799607814947,275.6727050937866,270.63881928064484,271.6514892578125,24149600,0.0,0.0
2024-06-25 00:00:00-04:00,272.19225174894746,273.25406851066964,268.9281005859375,268.9281005859375,18325800,0.0,0.0
2024-06-26 00:00:00-04:00,268.31855443050125,269.8424651644926,267.17806671816135,268.9969482421875,12172000,0.0,0.0
2024-06-27 00:00:00-04:00,263.9926307944878,266.03762393164834,262.016437182886,262.10491943359375,10529100,0.0,0.0
2024-06-28 00:00:00-04:00,262.70466344701686,264.0811039732203,256.8547537054609,258.0542297363281,13957300,0.0,0.0
2024-07-01 00:00:00-04:00,259.35201359879625,261.29868293737036,256.9038848789708,258.8112487792969,7955800,0.0,0.0
2024-07-02 00:00:00-04:00,258.81124691208595,263.7173156738281,257.9853826525656,263.7173156738281,8697800,0.0,0.0
2024-07-03 00:00:00-04:00,264.5431789405765,265.2117314332768,263.63864380021954,264.4645080566406,5017800,0.0,0.0
2024-07-05 00:00:00-04:00,264.4743877407735,265.9982987911493,263.7271642558639,265.8114929199219,7986400,0.0,0.0
2024-07-08 00:00:00-04:00,265.7032936131313,266.873275363693,261.4953018561679,261.9180603027344,8561100,0.0,0.0
2024-07-09 00:00:00-04:00,262.5079953432641,263.0487301484907,259.47982642652397,260.9742431640625,6431300,0.0,0.0
2024-07-10 00:00:00-04:00,254.76055920131137,259.0472221446574,254.16083624593546,258.5752868652344,9635500,0.0,0.0
2024-07-11 00:00:00-04:00,257.71992590595016,259.19468988434994,256.37297960634237,258.1328430175781,8803600,0.0,0.0
2024-07-12 00:00:00-04:00,259.89275507887857,262.90127141032707,259.22420256170165,261.2691955566406,6627800,0.0,0.0
2024-07-15 00:00:00-04:00,261.2003658301794,264.71028114154154,260.7874187325287,263.93359375,6845200,0.0,0.0
2024-07-16 00:00:00-04:00,264.0023940494016,265.6639637974097,262.87174771305524,264.7201232910156,7869900,0.0,0.0
2024-07-17 00:00:00-04:00,263.92375195521396,268.31854961086464,263.72710476538964,268.1120910644531,5324700,0.0,0.0
2024-07-18 00:00:00-04:00,267.70901335121243,269.01662428756026,264.04175590656644,264.621826171875,5550800,0.0,0.0
2024-07-19 00:00:00-04:00,265.77214751840154,266.39155320838194,259.86325006819936,260.993896484375,6839900,0.0,0.0
2024-07-22 00:00:00-04:00,262.7341189183762,263.88441797316756,260.5612784741725,263.2060241699219,5313600,0.0,0.0
2024-07-23 00:00:00-04:00,263.0290979613871,263.19625109838984,259.4208285119505,260.335205078125,8109200,0.0,0.0
2024-07-24 00:00:00-04:00,251.7618726514578,252.8728662753302,248.8713329588841,249.89382934570312,13065900,0.0,0.0
2024-07-25 00:00:00-04:00,251.0933190000999,253.87570889098882,248.44857314965435,249.47108459472656,8573300,0.0,0.0
2024-07-26 00:00:00-04:00,251.2899621333863,256.80559535660666,251.2899621333863,255.0948486328125,7062200,0.0,0.0
2024-07-29 00:00:00-04:00,255.94035806680915,258.2901328709574,254.22961159412677,257.1988220214844,6068100,0.0,0.0
2024-07-30 00:00:00-04:00,258.8014321840507,259.8534077126947,256.6187802394054,258.6736145019531,5941800,0.0,0.0
2024-07-31 00:00:00-04:00,260.0894151365795,261.87877284396353,259.8042856650556,261.2004089355469,7642500,0.0,0.0
2024-08-01 00:00:00-04:00,261.8493191892645,262.5080604829427,259.73549623864176,261.4560546875,7269700,0.0,0.0
2024-08-02 00:00:00-04:00,259.39129787383047,263.45181935092404,258.45729872314587,262.09503173828125,7017900,0.0,0.0
2024-08-05 00:00:00-04:00,257.05136193798,258.49663177232605,250.22810350073706,252.12564086914062,9631300,0.0,0.0
2024-08-06 00:00:00-04:00,252.18463973046786,256.1075023027249,251.46692546319994,253.9150390625,21586800,0.0,0.0
2024-08-07 00:00:00-04:00,255.29148700802162,257.6216093569987,251.99784136529357,252.2042999267578,12908600,0.0,0.0
2024-08-08 00:00:00-04:00,253.78723689271288,256.06821251448,253.58077832475388,255.4586181640625,8223700,0.0,0.0
2024-08-09 00:00:00-04:00,255.32071355241428,257.635786332235,255.16308633065177,255.90194702148438,7228100,0.52,0.0
2024-08-12 00:00:00-04:00,256.6309243247712,257.7145925900614,255.38962885141,256.0299987792969,26769400,0.0,0.0
2024-08-13 00:00:00-04:00,256.26641845703125,257.79338502336475,255.41917599186402,256.26641845703125,12005700,0.0,0.0
2024-08-14 00:00:00-04:00,256.9954654997553,257.6161133364403,254.89709617165667,257.261474609375,8552300,0.0,0.0
2024-08-15 00:00:00-04:00,258.93616562164004,263.418604790931,258.93616562164004,262.83734130859375,7397800,0.0,0.0
2024-08-16 00:00:00-04:00,262.8866559080647,264.4530370608236,261.44834875985,263.4087829589844,5111100,0.0,0.0
2024-08-19 00:00:00-04:00,263.4481702618357,264.32493594527,261.29069472863915,262.51226806640625,6555900,0.0,0.0
2024-08-20 00:00:00-04:00,263.03442848140213,264.0589904785156,261.832547118727,264.0589904785156,6803600,0.0,0.0
2024-08-21 00:00:00-04:00,264.5712219368208,265.2706682748546,263.41861614668375,264.2165832519531,6639700,0.0,0.0
2024-08-22 00:00:00-04:00,264.94562744600637,265.4973077582804,262.6108321843605,263.9604797363281,4425200,0.0,0.0
2024-08-23 00:00:00-04:00,264.70919119371587,265.2115960621312,261.36952615852664,263.4678955078125,3697400,0.0,0.0
2024-08-26 00:00:00-04:00,263.74372770607926,266.3543629424095,263.69448234974703,264.2264404296875,4612200,0.0,0.0
2024-08-27 00:00:00-04:00,264.53179071384034,266.9257219409967,263.9111730549785,266.6991271972656,6594100,0.0,0.0
2024-08-28 00:00:00-04:00,267.13263657667886,267.94046485360906,263.6944809477345,265.19189453125,5455100,0.0,0.0
2024-08-29 00:00:00-04:00,266.95530764308353,271.8908766785254,266.43318061732,270.2456970214844,5565100,0.0,0.0
2024-08-30 00:00:00-04:00,270.9155505487356,272.8759843666713,270.186551051476,272.26519775390625,6296100,0.0,0.0
2024-09-03 00:00:00-04:00,272.2652619413155,277.90030792378195,272.2652619413155,274.4030456542969,7278300,0.0,0.0
2024-09-04 00:00:00-04:00,274.5705044751204,277.46684109111544,274.56067344195145,276.3240661621094,6107500,0.0,0.0
2024-09-05 00:00:00-04:00,276.8264675535772,277.31904133925974,273.28979138009487,274.4818115234375,6447400,0.0,0.0
2024-09-06 00:00:00-04:00,273.64440013525405,276.1171298894186,273.30945360535486,275.22064208984375,7187700,0.0,0.0
2024-09-09 00:00:00-04:00,277.9002422179526,282.70776661287647,277.46677493222575,281.3679504394531,10933900,0.0,0.0
2024-09-10 00:00:00-04:00,281.6832231751696,282.14624371213733,279.3582894588662,281.10198974609375,5314400,0.0,0.0
2024-09-11 00:00:00-04:00,280.78677731556985,280.93457351712414,274.166583788626,279.7425231933594,6281800,0.0,0.0
2024-09-12 00:00:00-04:00,279.7818835282286,281.75217848265277,277.2894616134547,281.13153076171875,4160800,0.0,0.0
2024-09-13 00:00:00-04:00,282.2349107974143,284.45149277563513,281.30886969914553,283.0821533203125,4987600,0.0,0.0
2024-09-16 00:00:00-04:00,283.77171820049045,286.5793945176226,283.4663248883292,286.1656494140625,4458900,0.0,0.0
2024-09-17 00:00:00-04:00,286.57944372241514,288.71722733890977,285.7716154386286,287.2296447753906,5135700,0.0,0.0
2024-09-18 00:00:00-04:00,287.5054548430262,287.6827741850227,283.85056588284056,284.19537353515625,5890000,0.0,0.0
2024-09-19 00:00:00-04:00,286.76666050119434,287.150882562021,278.6687446365744,281.0035400390625,10382100,0.0,0.0
2024-09-20 00:00:00-04:00,281.25960427132514,282.7373254846596,279.04302245132345,280.5404357910156,27810900,0.0,0.0
2024-09-23 00:00:00-04:00,280.66852849632835,284.5894265337562,280.3926883873441,284.3431396484375,6505600,0.0,0.0
2024-09-24 00:00:00-04:00,276.0186633087196,276.8264916028553,268.6596091087328,268.72857666015625,13690200,0.0,0.0
2024-09-25 00:00:00-04:00,270.11760606508153,270.1767125122634,264.2461351519213,265.6253356933594,11671300,0.0,0.0
2024-09-26 00:00:00-04:00,266.48239620215713,269.18169070576806,265.98982245686665,267.65472412109375,9552500,0.0,0.0
2024-09-27 00:00:00-04:00,269.10291262026817,273.8513311017774,268.7285517350587,271.08306884765625,6509600,0.0,0.0
2024-09-30 00:00:00-04:00,270.9155783599691,271.59533257990864,269.1423247818854,270.8663330078125,5969900,0.0,0.0
2024-10-01 00:00:00-04:00,272.85634192516875,274.915296876537,270.2850909619539,273.47698974609375,5781600,0.0,0.0
2024-10-02 00:00:00-04:00,272.4622885079631,273.5164036923878,271.28009932075327,272.8858947753906,4741600,0.0,0.0
2024-10-03 00:00:00-04:00,272.56083543049715,273.5656752909938,271.7431459793471,272.74798583984375,3036700,0.0,0.0
2024-10-04 00:00:00-04:00,273.2306906133067,274.30449788070825,271.0141085316373,273.80206298828125,4259300,0.0,0.0
2024-10-07 00:00:00-04:00,273.4769817554082,273.49667388439616,269.1817225548244,269.72357177734375,4339300,0.0,0.0
2024-10-08 00:00:00-04:00,270.6298727825254,271.99924229646246,269.9402875418744,270.87615966796875,4370900,0.0,0.0
2024-10-09 00:00:00-04:00,270.91559734471826,273.36860531463907,270.34422494952827,272.8169250488281,4115800,0.0,0.0
2024-10-10 00:00:00-04:00,272.6691532173397,273.5459490176533,271.26039935603495,273.3489074707031,4063900,0.0,0.0
2024-10-11 00:00:00-04:00,271.94015574462935,274.65914271511286,271.28009361505065,273.7134094238281,4746300,0.0,0.0
2024-10-14 00:00:00-04:00,274.93495789916585,277.1909541481975,273.8611507052179,276.5111999511719,3996600,0.0,0.0
2024-10-15 00:00:00-04:00,276.8264394611974,278.44209574515173,274.6886562199779,275.141845703125,5807000,0.0,0.0
2024-10-16 00:00:00-04:00,274.4817963828372,283.3284319088634,274.2158173763947,283.2496032714844,9442700,0.0,0.0
2024-10-17 00:00:00-04:00,284.2840505174175,286.60898442557027,283.33828717387706,286.0770263671875,8815800,0.0,0.0
2024-10-18 00:00:00-04:00,285.6140035901974,286.7173640848365,283.8013055612119,286.3035888671875,5350900,0.0,0.0
2024-10-21 00:00:00-04:00,285.29875555286606,286.12627594243224,282.07730360798683,282.589599609375,6313100,0.0,0.0
2024-10-22 00:00:00-04:00,280.81632913011623,282.27435849356516,279.31891550648385,280.5602111816406,5736500,0.0,0.0
2024-10-23 00:00:00-04:00,281.79163710762936,281.81132923711647,279.31890693044323,279.5455017089844,5249300,0.0,0.0
2024-10-24 00:00:00-04:00,278.19582953585575,279.40754177448713,277.5456285487358,279.01348876953125,4679900,0.0,0.0
2024-10-25 00:00:00-04:00,279.78189784383835,280.85570504122524,276.60972160233206,277.5456237792969,4464600,0.0,0.0
2024-10-28 00:00:00-04:00,277.85102446575115,280.41241411825484,277.3485895927786,279.9690856933594,4306200,0.0,0.0
2024-10-29 00:00:00-04:00,280.0479076264462,281.45669159462767,277.1712933657164,277.69342041015625,7534800,0.0,0.0
2024-10-30 00:00:00-04:00,287.99804791814483,291.3869580924939,284.047596392183,285.8504333496094,9606800,0.0,0.0
2024-10-31 00:00:00-04:00,287.75176499565896,291.9386423846978,285.3184491693389,285.5450439453125,7950200,0.0,0.0
2024-11-01 00:00:00-04:00,284.20526206606445,288.32320247067184,282.9245820290094,286.4218444824219,5470700,0.0,0.0
2024-11-04 00:00:00-05:00,287.2197880054533,288.7960302729904,286.4415430010194,287.5153503417969,4281600,0.0,0.0
2024-11-05 00:00:00-05:00,287.37737949942806,290.40178965239295,287.2493055093723,288.9339294433594,3753700,0.0,0.0
2024-11-06 00:00:00-05:00,301.7704044611899,304.4105926773894,298.32238803927777,302.8343505859375,10320500,0.0,0.0
2024-11-07 00:00:00-05:00,302.9328805860493,303.0609545816286,299.8986392705931,301.25811767578125,6237300,0.0,0.0
2024-11-08 00:00:00-05:00,302.33190752884434,306.5286151133863,301.14971859374566,303.2973327636719,6240600,0.0,0.0
2024-11-11 00:00:00-05:00,305.4843737564693,307.7994763116453,304.70609884125815,306.30206298828125,4674100,0.0,0.0
2024-11-12 00:00:00-05:00,305.0288239097785,306.51920438293644,304.1108719519886,305.82830810546875,4616400,0.59,0.0
2024-11-13 00:00:00-05:00,305.4729539700911,306.91402553596237,303.8443762276898,305.4631042480469,4046400,0.0,0.0
2024-11-14 00:00:00-05:00,305.2854746228744,307.2496661965774,303.8345530642905,304.2491149902344,4415800,0.0,0.0
2024-11-15 00:00:00-05:00,303.568013269717,306.68700156873604,302.67970087122774,305.62103271484375,5106300,0.0,0.0
2024-11-18 00:00:00-05:00,305.463099311369,308.35506199694385,304.69322456623195,308.1083068847656,4585600,0.0,0.0
2024-11-19 00:00:00-05:00,305.97637410077857,308.1774407969127,304.5057231028443,307.8023681640625,4885500,0.0,0.0
2024-11-20 00:00:00-05:00,307.8122216017336,308.2366633406729,302.24544123021116,303.4002685546875,6349900,0.0,0.0
2024-11-21 00:00:00-05:00,303.31139563701413,306.88443524371354,302.6698383193124,305.8776550292969,5757100,0.0,0.0
2024-11-22 00:00:00-05:00,303.97269792097984,307.5457072331553,303.9035992583418,305.89739990234375,5919200,0.0,0.0
2024-11-25 00:00:00-05:00,307.8121848905911,309.5888397839334,305.8381439789712,309.12493896484375,14189300,0.0,0.0
2024-11-26 00:00:00-05:00,310.1218799255476,310.4179740525233,307.496401554278,307.77276611328125,7071500,0.0,0.0
2024-11-27 00:00:00-05:00,306.73634307482496,312.26366377538824,305.47295806796546,310.6153564453125,5204300,0.0,0.0
2024-11-29 00:00:00-05:00,310.2107233849258,312.1452753928722,309.62838482564786,310.9904479980469,3853300,0.0,0.0
2024-12-02 00:00:00-05:00,312.78679419047,313.30006413439196,309.63819634785483,312.5400390625,5597500,0.0,0.0
2024-12-03 00:00:00-05:00,312.9842372867119,313.20138302287893,308.7104212343061,308.94732666015625,5009900,0.0,0.0
2024-12-04 00:00:00-05:00,308.36496603293716,308.789377630027,304.7919264262377,305.8776550292969,5981800,0.0,0.0
2024-12-05 00:00:00-05:00,305.9566103255794,307.0521885681716,304.8215127094504,305.0682678222656,5200100,0.0,0.0
2024-12-06 00:00:00-05:00,304.86102819579185,308.5031363840776,304.79192952910375,306.9732666015625,4302700,0.0,0.0
2024-12-09 00:00:00-05:00,307.7826128233512,308.9473199948347,303.64702432351515,304.2984313964844,5785300,0.0,0.0
2024-12-10 00:00:00-05:00,303.37060776108314,308.91768829761287,302.6599819145619,308.3254699707031,4539500,0.0,0.0
2024-12-11 00:00:00-05:00,308.9768977301615,311.4542986382225,307.17063339404245,309.7171630859375,4321800,0.0,0.0
2024-12-12 00:00:00-05:00,310.7338277883655,311.45433353764537,309.36185471695245,310.1514892578125,3218500,0.0,0.0
2024-12-13 00:00:00-05:00,311.7307256270342,312.8362140818693,310.26007446442634,310.6548767089844,4682200,0.0,0.0
2024-12-16 00:00:00-05:00,310.6548193316977,313.4382243421855,310.0231418813704,311.7899169921875,6562500,0.0,0.0
2024-12-17 00:00:00-05:00,311.7208180840163,314.7016091172459,311.0496513806096,314.1686096191406,8843900,0.0,0.0
2024-12-18 00:00:00-05:00,314.3660050945382,317.4455039984776,305.5420400928418,305.7591857910156,10479200,0.0,0.0
2024-12-19 00:00:00-05:00,307.78256886915165,312.75716029356886,307.19038070556775,310.7929992675781,8317100,0.0,0.0
2024-12-20 00:00:00-05:00,309.50005412504214,315.84658929962677,308.2267891279142,313.5863037109375,24387000,0.0,0.0
2024-12-23 00:00:00-05:00,311.5530012683885,313.84289595808093,309.282866265582,313.1026306152344,7984600,0.0,0.0
2024-12-24 00:00:00-05:00,314.04027644888544,317.3665301923839,313.16181388345467,316.4880676269531,2684100,0.0,0.0
2024-12-26 00:00:00-05:00,315.61953315284774,317.27775047839975,315.3135592088148,316.7447509765625,2856000,0.0,0.0
2024-12-27 00:00:00-05:00,315.12602434581527,317.3270909056258,313.4382277240006,314.5239562988281,3489200,0.0,0.0
2024-12-30 00:00:00-05:00,310.59560999711914,312.99406263150837,309.16444831603843,311.2174377441406,3478500,0.0,0.0
2024-12-31 00:00:00-05:00,312.0169366731227,313.53695677959786,311.0990147754011,311.93798828125,3963800,0.0,0.0
2025-01-02 00:00:00-05:00,313.6553477045405,315.53068047730005,308.3550528712495,310.3192138671875,5369500,0.0,0.0
2025-01-03 00:00:00-05:00,310.1020655744236,311.8195015725836,307.9602481500561,310.8226013183594,4271300,0.0,0.0
2025-01-06 00:00:00-05:00,310.9213297356382,311.29640233589623,308.0194871269282,308.9768981933594,6567300,0.0,0.0
2025-01-07 00:00:00-05:00,308.8288610482209,311.0989961668678,307.27923162230064,307.62469482421875,4958600,0.0,0.0
2025-01-08 00:00:00-05:00,306.9633637750888,309.96391441449146,306.1836091758596,308.5426025390625,5161600,0.0,0.0
2025-01-10 00:00:00-05:00,307.1607864221147,307.8023437119033,302.0183880171527,303.716064453125,6660100,0.0,0.0
2025-01-13 00:00:00-05:00,301.0412780751614,302.9363708496094,299.89633058331464,302.9363708496094,9568400,0.0,0.0
2025-01-14 00:00:00-05:00,304.7426026540983,306.1343052799866,303.52855650262694,305.07818603515625,5107600,0.0,0.0
2025-01-15 00:00:00-05:00,309.60854567433466,313.07299684818145,309.065696513739,312.1748046875,5222000,0.0,0.0
2025-01-16 00:00:00-05:00,311.65173238839947,315.0372055775895,311.65173238839947,313.13226318359375,4606700,0.0,0.0
2025-01-17 00:00:00-05:00,313.37904819566086,316.4289383099797,312.59929346849844,315.4715270996094,5805800,0.0,0.0
2025-01-21 00:00:00-05:00,316.15252813049113,320.36709474424424,315.84655419083674,319.429443359375,5653000,0.0,0.0
2025-01-22 00:00:00-05:00,320.55466856889973,321.51207975322205,318.19570500431894,319.3603820800781,5026500,0.0,0.0
2025-01-23 00:00:00-05:00,319.5578188558873,324.24616699580827,319.37028252057206,323.9500427246094,5297100,0.0,0.0
2025-01-24 00:00:00-05:00,323.76248728149784,326.7926477611997,323.5552213889271,325.9142150878906,4327500,0.0,0.0
2025-01-27 00:00:00-05:00,325.7167338657261,331.13546625389387,323.79203202611245,330.19781494140625,6636500,0.0,0.0
2025-01-28 00:00:00-05:00,330.32614713499356,333.44510524896407,328.56925193949047,330.13861083984375,5999600,0.0,0.0
2025-01-29 00:00:00-05:00,330.1583536826252,332.73446270148213,330.1583536826252,331.52044677734375,5087300,0.0,0.0
2025-01-30 00:00:00-05:00,335.1033807972211,339.969385231377,334.59999064145364,338.597412109375,8081300,0.0,0.0
2025-01-31 00:00:00-05:00,341.9730162336508,346.69097332774294,337.27478870711957,337.3636169433594,8624100,0.0,0.0
2025-02-03 00:00:00-05:00,335.5870146304701,341.50913841806664,334.8368693118345,341.33148193359375,8004500,0.0,0.0
2025-02-04 00:00:00-05:00,340.1272557772761,341.51895823733093,338.0939960439553,340.67010498046875,5532600,0.0,0.0
2025-02-05 00:00:00-05:00,341.50906628123784,344.943908196236,340.76880096415425,344.9044189453125,4939100,0.0,0.0
2025-02-06 00:00:00-05:00,345.24004487186966,346.0987479262019,342.1013267693184,342.96990966796875,4294500,0.0,0.0
2025-02-07 00:00:00-05:00,343.48313908578274,346.1974455009721,342.70338444522423,343.50286865234375,4261200,0.0,0.0
2025-02-10 00:00:00-05:00,344.1740733765565,347.3325210227688,343.1870528393384,346.6712341308594,6067000,0.0,0.0
2025-02-11 00:00:00-05:00,344.3577134718475,348.13448359449126,342.33092870649307,346.7503356933594,5154800,0.59,0.0
2025-02-12 00:00:00-05:00,345.2079824190642,347.8477447166966,343.55687129535477,347.5115966796875,6760100,0.0,0.0
2025-02-13 00:00:00-05:00,349.12313660451787,352.04962481081867,346.76020398178787,351.604736328125,4279200,0.0,0.0
2025-02-14 00:00:00-05:00,350.41830594764764,351.4069872477322,349.2220100227498,349.8053283691406,5720300,0.0,0.0
2025-02-18 00:00:00-05:00,349.68669165744103,352.7021575557046,348.4112843313369,352.6922912597656,5822000,0.0,0.0
2025-02-19 00:00:00-05:00,351.9902955139485,353.1075101785951,350.17112559454876,351.2092590332031,4152300,0.0,0.0
2025-02-20 00:00:00-05:00,351.20928884421807,352.09909602990814,345.1091116038518,346.5229187011719,5697000,0.0,0.0
2025-02-21 00:00:00-05:00,346.52292054464976,349.32090569255126,343.54701016525627,344.5851135253906,6924100,0.0,0.0
2025-02-24 00:00:00-05:00,344.81252954568686,346.82941784746987,343.4283514687249,345.9000549316406,5055900,0.0,0.0
2025-02-25 00:00:00-05:00,347.39297607133983,348.5991685771324,342.0837618209137,348.1048278808594,6191900,0.0,0.0
2025-02-26 00:00:00-05:00,346.03847235775726,347.847745951763,345.03989453957644,346.6613464355469,5960600,0.0,0.0
2025-02-27 00:00:00-05:00,347.9169681356894,356.2317820796528,347.69945702736095,351.7135009765625,7298100,0.0,0.0
2025-02-28 00:00:00-05:00,350.6951632317913,359.88002168396355,349.70648185353866,358.6046142578125,15857300,0.0,0.0
2025-03-03 00:00:00-05:00,358.8913070871933,362.39124729046284,355.47047828327175,357.72467041015625,9099600,0.0,0.0
2025-03-04 00:00:00-05:00,356.03400839562624,356.1922010242565,346.4339214225763,348.24322509765625,8955800,0.0,0.0
2025-03-05 00:00:00-05:00,346.8590742868907,350.1019479972162,344.99048217350884,348.6881408691406,8244200,0.0,0.0
2025-03-06 00:00:00-05:00,342.0441711405053,344.9212373192726,336.53723927799075,340.2645568847656,8611100,0.0,0.0
2025-03-07 00:00:00-05:00,337.01179407989486,342.4693342337094,335.30139471988025,341.41143798828125,6358700,0.0,0.0
2025-03-10 00:00:00-04:00,336.0923210427302,341.10494243786604,333.81836613846133,337.6148986816406,8204300,0.0,0.0
2025-03-11 00:00:00-04:00,334.57966709946095,335.7660666439128,325.8495936783682,328.3806457519531,9776100,0.0,0.0
2025-03-12 00:00:00-04:00,332.1673318952531,332.35518379806047,325.3849609700745,329.07275390625,6295400,0.0,0.0
2025-03-13 00:00:00-04:00,327.2436226437005,332.3946740793588,323.99088280306734,324.83123779296875,7915300,0.0,0.0
2025-03-14 00:00:00-04:00,323.50639018128237,329.00345563334497,322.68579800223995,328.04443359375,7810600,0.0,0.0
2025-03-17 00:00:00-04:00,326.2945374116482,332.30570734590964,326.0276042823929,330.76336669921875,6149400,0.0,0.0
2025-03-18 00:00:00-04:00,331.49496855802676,331.99917551465575,328.53879089124206,330.9808349609375,7778300,0.0,0.0
2025-03-19 00:00:00-04:00,332.9878127938011,337.16994509036454,330.7138581251807,336.0230712890625,5614900,0.0,0.0
2025-03-20 00:00:00-04:00,335.16297744054333,338.36629535745016,333.8381480530305,335.6573181152344,5432700,0.0,0.0
2025-03-21 00:00:00-04:00,333.55144610753325,335.58812742060695,331.722379444622,331.8608093261719,17279700,0.0,0.0
2025-03-24 00:00:00-04:00,334.81692648699254,341.3125700686793,333.8282451566473,339.97784423828125,5675100,0.0,0.0
2025-03-25 00:00:00-04:00,340.6600113723589,341.61903339818105,336.8140569735709,340.7193298339844,3931200,0.0,0.0
2025-03-26 00:00:00-04:00,342.0738737436041,343.4481553955943,339.1177259624635,340.28436279296875,6187100,0.0,0.0
2025-03-27 00:00:00-04:00,340.10639649720366,346.8689735510817,339.4341003966093,345.9000549316406,7254800,0.0,0.0
2025-03-28 00:00:00-04:00,345.2376267113722,347.64011503706104,337.7434055359867,338.9693908691406,5687600,0.0,0.0
2025-03-31 00:00:00-04:00,335.5090203582581,347.8774034633818,330.7040133334946,346.4932556152344,9950800,0.0,0.0
2025-04-01 00:00:00-04:00,346.47348200532446,346.48337847355293,338.69256489363494,342.4297790527344,7473300,0.0,0.0
2025-04-02 00:00:00-04:00,339.5527302084735,344.2588631581806,339.1671299937145,342.4100036621094,5682500,0.0,0.0
2025-04-03 00:00:00-04:00,330.1206727328018,340.8379741670598,327.2535030606596,335.5485534667969,8792900,0.0,0.0
2025-04-04 00:00:00-04:00,326.2648338642292,330.86219594333875,308.58720712913095,309.5857849121094,13201700,0.0,0.0
2025-04-07 00:00:00-04:00,298.6509890880894,318.53335698350537,295.61573003669497,308.78497314453125,12163400,0.0,0.0
2025-04-08 00:00:00-04:00,318.59267205379405,322.58695319968984,300.4899187510522,304.7807922363281,9569300,0.0,0.0
2025-04-09 00:00:00-04:00,302.18057672654487,330.2492240461324,302.18057672654487,328.6673278808594,11361800,0.0,0.0
2025-04-10 00:00:00-04:00,324.30725921686115,326.42305187756324,309.72420869048204,320.93585205078125,8709800,0.0,0.0
2025-04-11 00:00:00-04:00,320.7578702144018,333.16583876022503,318.88927822771916,329.6263427734375,6804500,0.0,0.0
2025-04-14 00:00:00-04:00,332.602288845391,335.76605098857766,329.3693117679943,331.3861999511719,5011800,0.0,0.0
2025-04-15 00:00:00-04:00,332.9087673210601,335.5485596581216,331.20823428441497,332.0090637207031,4386200,0.0,0.0
2025-04-16 00:00:00-04:00,331.2082158632649,333.40308942602115,325.13769855853866,327.5797424316406,5850600,0.0,0.0
2025-04-17 00:00:00-04:00,327.3227997290011,330.53601468530934,324.7225624906575,325.8793029785156,5655900,0.0,0.0
2025-04-21 00:00:00-04:00,325.27618731824475,325.42448349687527,313.06596574162285,316.4769287109375,6362300,0.0,0.0
2025-04-22 00:00:00-04:00,320.1943211379803,328.7958607801764,318.74098854775957,327.64898681640625,5435500,0.0,0.0
2025-04-23 00:00:00-04:00,333.4229296960003,337.3875520506477,329.42867827626725,330.5854187011719,8906000,0.0,0.0
2025-04-24 00:00:00-04:00,329.50775907226324,332.95824774702623,327.50073689530836,331.9102478027344,8055200,0.0,0.0
2025-04-25 00:00:00-04:00,330.9709797975434,332.5627422952187,328.41029871074375,331.3763427734375,4452800,0.0,0.0
2025-04-28 00:00:00-04:00,332.968101610883,335.49912343611936,331.228012791473,333.6898498535156,5422900,0.0,0.0
2025-04-29 00:00:00-04:00,334.6686425977044,338.39596048784864,332.65172416161363,337.6544494628906,5519500,0.0,0.0
2025-04-30 00:00:00-04:00,330.65457332337496,342.59783004101115,329.4681437054997,341.5893859863281,9526700,0.0,0.0
2025-05-01 00:00:00-04:00,341.66846061013393,341.8068904708125,336.27026931466975,338.57391357421875,5849900,0.0,0.0
2025-05-02 00:00:00-04:00,343.28991518261114,346.12742562812133,342.2023597403882,343.6656188964844,6113700,0.0,0.0
2025-05-05 00:00:00-04:00,343.07239591338976,347.0765429322767,342.20235158035814,344.69384765625,3865300,0.0,0.0
2025-05-06 00:00:00-04:00,342.47922247560257,345.6924369463232,341.84648208473834,343.7645263671875,3438500,0.0,0.0
2025-05-07 00:00:00-04:00,344.75318974815843,347.1754408886662,343.28003405832783,345.8901672363281,5454000,0.0,0.0
2025-05-08 00:00:00-04:00,348.01584617062025,351.30814189415383,346.97774278925993,347.2940979003906,4156400,0.0,0.0
2025-05-09 00:00:00-04:00,347.8477276894536,349.7954310527833,346.7008839356364,348.5497131347656,3086600,0.0,0.0
2025-05-12 00:00:00-04:00,355.07506652546357,357.79394048302265,347.1557185430811,351.8222961425781,7985400,0.0,0.0
2025-05-13 00:00:00-04:00,352.0797302681379,355.39731938202885,351.1488239443053,352.6937561035156,5406200,0.59,0.0
2025-05-14 00:00:00-04:00,353.2186097614193,354.94176255937356,351.7727160445727,353.0106201171875,6207600,0.0,0.0
2025-05-15 00:00:00-04:00,353.43653588929607,360.2103443791216,353.22854621340286,358.7941589355469,5826100,0.0,0.0
2025-05-16 00:00:00-04:00,359.43783796803416,362.64647564736566,357.397774477809,361.5868225097656,5838100,0.0,0.0
2025-05-19 00:00:00-04:00,359.5071527727591,365.5778394252785,358.8139445974956,364.3399353027344,5081500,0.0,0.0
2025-05-20 00:00:00-04:00,364.2210979596791,364.6865511143234,361.1610026238442,363.2901916503906,5281400,0.0,0.0
2025-05-21 00:00:00-04:00,360.20042124593436,362.4484444401609,354.61498287195917,354.8328552246094,6125500,0.0,0.0
2025-05-22 00:00:00-04:00,354.2981135437657,356.51642831549054,353.10971336047186,354.5060729980469,4936600,0.0,0.0
2025-05-23 00:00:00-04:00,350.3268864440376,352.55511399032474,348.81169292145313,350.1189270019531,5345900,0.0,0.0
2025-05-27 00:00:00-04:00,351.9708087021542,356.516389035687,351.0498152838232,355.8231506347656,6316000,0.0,0.0
2025-05-28 00:00:00-04:00,355.86278283096505,357.4175977170211,354.5753745870546,356.2490234375,3299000,0.0,0.0
2025-05-29 00:00:00-04:00,356.8630376273692,359.5270099492942,355.2488056751688,358.8931884765625,4590400,0.0,0.0
2025-05-30 00:00:00-04:00,357.8533207060109,363.4882625465798,357.8533207060109,361.6561584472656,8726900,0.0,0.0
2025-06-02 00:00:00-04:00,359.25959988721064,361.92357218387934,356.4767936210992,361.7849426269531,3845700,0.0,0.0
2025-06-03 00:00:00-04:00,361.0520590031567,363.3298207491469,358.0018765066522,362.3196716308594,5221300,0.0,0.0
2025-06-04 00:00:00-04:00,363.1614697686138,366.0829357605544,362.7653464702839,364.4389953613281,4202300,0.0,0.0
2025-06-05 00:00:00-04:00,366.41964154887216,367.40996490440966,362.3890182384897,363.22088623046875,6881900,0.0,0.0
2025-06-06 00:00:00-04:00,365.4392294145866,367.4099632119013,363.9933355621278,366.63751220703125,5008500,0.0,0.0
2025-06-09 00:00:00-04:00,366.2116551871054,366.2116551871054,358.54653242754614,363.1119384765625,4999900,0.0,0.0
2025-06-10 00:00:00-04:00,363.4486457588471,367.8456835640108,363.1317350541599,367.11285400390625,4109300,0.0,0.0
2025-06-11 00:00:00-04:00,366.41963350130493,371.8763247415993,365.80563786991996,369.6976013183594,5562700,0.0,0.0
2025-06-12 00:00:00-04:00,368.6280460393238,370.5492756236664,365.97395667535676,367.8060607910156,4874000,0.0,0.0
2025-06-13 00:00:00-04:00,358.0118119397109,359.4972969979469,341.66156339426726,349.43560791015625,14181700,0.0,0.0
2025-06-16 00:00:00-04:00,353.040336577349,356.7342532934529,350.9012346648997,352.0401306152344,7234700,0.0,0.0
2025-06-17 00:00:00-04:00,350.06940653179356,356.1202981788009,349.90106847945015,354.3773193359375,5559600,0.0,0.0
2025-06-18 00:00:00-04:00,354.3871915756897,355.011100077271,334.76888982867086,337.08624267578125,15008600,0.0,0.0
2025-06-20 00:00:00-04:00,335.6701204431189,336.7099478991933,331.6791184460281,335.2937927246094,19332100,0.0,0.0
2025-06-23 00:00:00-04:00,334.2340942382813,340.9682801962495,332.3821946109533,340.4236145019531,7553300,0.0,0.0
2025-06-24 00:00:00-04:00,348.11840468810607,351.1289957155633,344.55326530183936,348.22735595703125,10172000,0.0,0.0
2025-06-25 00:00:00-04:00,347.0588482560297,347.89071628688424,341.9190673828125,341.9190673828125,6836300,0.0,0.0
2025-06-26 00:00:00-04:00,340.45335210437383,343.5530689530573,338.72028628234165,342.68157958984375,8829500,0.0,0.0
2025-06-27 00:00:00-04:00,343.2361605295592,348.6037262949039,342.315167082753,345.2366027832031,6601900,0.0,0.0
2025-06-30 00:00:00-04:00,345.96949347633466,352.16889754612424,345.6822912217548,351.61431884765625,7080100,0.0,0.0
2025-07-01 00:00:00-04:00,350.3962154346176,353.5454364386252,348.01944543578674,352.0302429199219,6653400,0.0,0.0
2025-07-02 00:00:00-04:00,351.16868612862027,352.9116347736066,346.6131924124593,350.7923583984375,5131400,0.0,0.0
2025-07-03 00:00:00-04:00,351.1587508562296,355.52608042912044,350.1882230992749,355.3874206542969,3702800,0.0,0.0
2025-07-07 00:00:00-04:00,355.4468703570422,356.1796999654873,351.0597149441949,353.1889343261719,5138000,0.0,0.0
2025-07-08 00:00:00-04:00,353.2285035490437,354.8130268562646,349.83170192033083,351.1191101074219,6966800,0.0,0.0
2025-07-09 00:00:00-04:00,351.63412344124094,354.298095703125,350.32688934989784,354.298095703125,7297100,0.0,0.0
2025-07-10 00:00:00-04:00,353.3770377487421,354.1594015912051,350.0297704959903,352.4362487792969,6121300,0.0,0.0
2025-07-11 00:00:00-04:00,349.0988689313466,350.38627710580295,341.05744873728486,344.56317138671875,7580200,0.0,0.0
2025-07-14 00:00:00-04:00,344.0284462618972,348.56411394927005,341.67147183141935,347.10833740234375,5598900,0.0,0.0
2025-07-15 00:00:00-04:00,344.75134900012165,346.8211211103118,343.4045237928716,343.6619873046875,4891700,0.0,0.0
2025-07-16 00:00:00-04:00,343.9293699453525,347.2766673658239,342.4537677517511,346.51409912109375,5544200,0.0,0.0
2025-07-17 00:00:00-04:00,346.613151635924,347.96988970819314,345.10787111455033,346.42498779296875,4747100,0.0,0.0
2025-07-18 00:00:00-04:00,346.1180208906185,346.1180208906185,343.80066781089886,345.67236328125,4927600,0.0,0.0
2025-07-21 00:00:00-04:00,345.68225471076954,350.2278351103966,345.0286376946947,347.5440673828125,5216300,0.0,0.0
2025-07-22 00:00:00-04:00,347.70251400906835,351.0498115729719,346.8112290903544,348.45513916015625,4614200,0.0,0.0
2025-07-23 00:00:00-04:00,349.584140823558,352.33723851407086,347.8114535735769,351.85198974609375,4385600,0.0,0.0
2025-07-24 00:00:00-04:00,351.38651961672684,353.72366809176833,350.4357874912438,350.54473876953125,5887200,0.0,0.0
2025-07-25 00:00:00-04:00,350.57446108534504,354.18913521874845,349.59405065343606,353.5850524902344,3915400,0.0,0.0
2025-07-28 00:00:00-04:00,352.9314407963398,354.8526705157767,351.29741331103554,352.0302429199219,3921000,0.0,0.0
2025-07-29 00:00:00-04:00,352.84230261366577,354.85265773564987,347.4153199636024,347.89068603515625,7402300,0.0,0.0
2025-07-30 00:00:00-04:00,348.29673769569627,353.16911170095295,343.8699910689427,347.5143737792969,12129700,0.0,0.0
2025-07-31 00:00:00-04:00,345.553493718047,349.40586577146047,341.7506559618339,342.1269836425781,8641700,0.0,0.0
2025-08-01 00:00:00-04:00,340.7702588929484,342.8202354092874,334.8283190002109,336.06622314453125,8658700,0.0,0.0
2025-08-04 00:00:00-04:00,338.39348397612116,341.0475431689509,336.7099222758345,338.839111328125,7335300,0.0,0.0
2025-08-05 00:00:00-04:00,338.83915320588187,339.1461510492943,332.30301256826004,334.1648254394531,7295600,0.0,0.0
2025-08-06 00:00:00-04:00,335.0263855360849,338.126102534126,332.1841622865648,336.45245361328125,5944100,0.0,0.0
2025-08-07 00:00:00-04:00,338.1260809452049,338.83911493827674,325.5192845338105,328.87646484375,8797100,0.0,0.0
2025-08-08 00:00:00-04:00,330.4510490628152,334.1152571130314,329.5102601250281,333.52105712890625,6073900,0.0,0.0
2025-08-11 00:00:00-04:00,333.47155185511207,334.5905917174263,331.27303307735406,332.6495666503906,5715800,0.0,0.0
2025-08-12 00:00:00-04:00,332.5405081055744,335.9631173603052,332.15358786501093,334.0682678222656,5682800,0.59,0.0
2025-08-13 00:00:00-04:00,334.30639942808034,340.7548281936984,334.1079741251119,339.8321838378906,5693400,0.0,0.0
2025-08-14 00:00:00-04:00,340.21908438075764,343.3341555837842,338.95917157872486,342.74884033203125,6224000,0.0,0.0
2025-08-15 00:00:00-04:00,343.50281455045376,345.59605904697924,340.13969664978794,341.7369384765625,4946600,0.0,0.0
2025-08-18 00:00:00-04:00,341.111908341263,342.98692727561615,338.24485386111854,340.0206298828125,3999600,0.0,0.0
2025-08-19 00:00:00-04:00,339.84208390550145,343.59209170405296,339.1774167231355,339.73297119140625,4457200,0.0,0.0
2025-08-20 00:00:00-04:00,340.6754087002171,344.68336323328714,340.12978458990847,341.2012023925781,5834400,0.0,0.0
2025-08-21 00:00:00-04:00,340.1694941484198,341.78653614908916,337.0246318949601,340.963134765625,6073600,0.0,0.0
2025-08-22 00:00:00-04:00,342.48099144031914,348.4135564254873,342.48099144031914,347.26275634765625,4973200,0.0,0.0
2025-08-25 00:00:00-04:00,346.83613944988167,347.93734832523376,344.7428949651859,346.05242919921875,8019800,0.0,0.0
2025-08-26 00:00:00-04:00,345.92344248781563,350.59606414837674,344.693290526122,348.3936767578125,5876200,0.0,0.0
2025-08-27 00:00:00-04:00,347.92741116173505,350.6258315265202,347.06431870294733,347.5702819824219,5531100,0.0,0.0
2025-08-28 00:00:00-04:00,347.8183168469698,348.2548282728518,345.8341850113059,347.08416748046875,4987100,0.0,0.0
2025-08-29 00:00:00-04:00,347.6794183392872,349.83221473470644,346.2310105544946,348.98895263671875,3671900,0.0,0.0
2025-09-02 00:00:00-04:00,346.5385312269779,347.39172362973443,343.33414752518763,347.2925109863281,4940300,0.0,0.0
2025-09-03 00:00:00-04:00,346.5682915348238,348.10601181697075,344.5048078217587,348.0861511230469,4176400,0.0,0.0
2025-09-04 00:00:00-04:00,347.9472836488824,349.8322028018572,346.37980257424067,348.2052001953125,4324000,0.0,0.0
2025-09-05 00:00:00-04:00,348.5921180018497,349.8222700198809,337.50082859454403,340.4968566894531,5448300,0.0,0.0
2025-09-08 00:00:00-04:00,339.6238585961682,341.64768164053044,338.29449383701814,339.58416748046875,4711600,0.0,0.0
2025-09-09 00:00:00-04:00,338.9790027080578,343.57227270862904,338.58218239973513,341.2607421875,4646200,0.0,0.0
2025-09-10 00:00:00-04:00,339.8916521696528,339.8916521696528,333.77062308452673,335.4372863769531,6557900,0.0,0.0
2025-09-11 00:00:00-04:00,336.04249633203517,340.8044005861511,335.18930390686546,340.76470947265625,5157600,0.0,0.0
2025-09-12 00:00:00-04:00,338.5127450059508,340.4671161404083,336.4790219166126,336.7369384765625,3518300,0.0,0.0
2025-09-15 00:00:00-04:00,337.9075446663081,339.99088906823687,335.7051874783653,336.35992431640625,4367500,0.0,0.0
2025-09-16 00:00:00-04:00,333.5722454094798,337.83814716064023,330.8242336265683,337.3321838378906,5527700,0.0,0.0
2025-09-17 00:00:00-04:00,337.24287451389677,343.4532165527344,336.8261935269982,343.4532165527344,5763500,0.0,0.0
2025-09-18 00:00:00-04:00,341.9948757376367,342.5305695051567,335.496826171875,335.496826171875,7526600,0.0,0.0
2025-09-19 00:00:00-04:00,337.7488274356299,339.9710452297281,335.56627047682144,338.89959716796875,13674300,0.0,0.0
2025-09-22 00:00:00-04:00,336.3202490919778,342.123810018113,335.9730199939359,341.6277770996094,5621800,0.0,0.0
2025-09-23 00:00:00-04:00,341.85597812289535,342.5206755840167,334.9512080718528,336.0127258300781,10142700,0.0,0.0
2025-09-24 00:00:00-04:00,336.43927007668435,337.2031498219058,335.2388789697807,335.9928283691406,5207400,0.0,0.0
2025-09-25 00:00:00-04:00,335.6654921112904,337.50082002009344,331.85596281555496,332.2726135253906,5398700,0.0,0.0
2025-09-26 00:00:00-04:00,334.55439433950585,336.8063730332322,333.5623284395552,334.6932678222656,9619200,0.0,0.0
2025-09-29 00:00:00-04:00,334.70320904260734,337.9373536696546,332.8877114324681,337.4611511230469,7217800,0.0,0.0
2025-09-30 00:00:00-04:00,337.1238578141872,342.86789785646516,335.82425384396265,338.6714782714844,8164400,0.0,0.0
2025-10-01 00:00:00-04:00,337.6099271681015,346.58811100512,337.6099271681015,345.07025146484375,8381000,0.0,0.0
2025-10-02 00:00:00-04:00,343.47304708133123,344.42542184040104,340.83414823131994,343.2052001953125,5198000,0.0,0.0
2025-10-03 00:00:00-04:00,343.36388415385693,350.35796630380224,343.2547714465938,347.0643005371094,5199700,0.0,0.0
2025-10-06 00:00:00-04:00,347.23300809525006,348.3341867524627,341.61791126204685,346.5087890625,4735600,0.0,0.0
2025-10-07 00:00:00-04:00,347.28260994212883,351.6278637211122,347.28260994212883,349.6239013671875,5044600,0.0,0.0
2025-10-08 00:00:00-04:00,350.97307846230774,352.18340009053827,348.3143490742109,348.572265625,3927500,0.0,0.0
2025-10-09 00:00:00-04:00,348.68140475049063,350.0702909620389,342.83812203934815,344.28656005859375,4434800,0.0,0.0
2025-10-10 00:00:00-04:00,344.8718644724454,347.619876043067,340.52661110214683,340.9234313964844,6296200,0.0,0.0
2025-10-13 00:00:00-04:00,340.99288338080447,344.90162534592463,338.0266161060487,340.5762023925781,4030700,0.0,0.0
2025-10-14 00:00:00-04:00,338.29448481374277,347.2330086020973,337.520674593222,345.6159362792969,5731000,0.0,0.0
2025-10-15 00:00:00-04:00,345.61592533540403,347.3024192111109,341.27067182105253,342.947265625,3778200,0.0,0.0
2025-10-16 00:00:00-04:00,342.26276153878837,342.947289483902,331.5187003455953,332.7389221191406,6241500,0.0,0.0
2025-10-17 00:00:00-04:00,335.09006206042216,340.72501894313797,334.32618227604405,339.1773986816406,6267100,0.0,0.0
2025-10-20 00:00:00-04:00,339.18730374169905,342.2230227820154,336.2507973402091,341.6773986816406,4665000,0.0,0.0
2025-10-21 00:00:00-04:00,340.3976542086254,346.87584346628927,340.2786111420936,344.4552001953125,4121800,0.0,0.0
2025-10-22 00:00:00-04:00,345.060346283755,345.4075753813841,341.7666804426993,342.6198425292969,5074400,0.0,0.0
2025-10-23 00:00:00-04:00,343.4532348171426,344.39567927917403,341.727019522991,343.2151184082031,7217200,0.0,0.0
2025-10-24 00:00:00-04:00,345.43737218597045,346.31036478120575,342.58021743661914,344.6238708496094,3576700,0.0,0.0
2025-10-27 00:00:00-04:00,346.2309942490221,346.74685761063296,342.2726610516251,345.06036376953125,5400300,0.0,0.0
2025-10-28 00:00:00-04:00,345.81433810283966,347.11397236042376,343.75085423268433,344.1476745605469,7445400,0.0,0.0
2025-10-29 00:00:00-04:00,343.2547871723516,348.19528604873324,336.3103261601942,338.5722351074219,8361700,0.0,0.0
2025-10-30 00:00:00-04:00,339.5048081094784,346.94530267945805,339.07822702024083,342.2925109863281,6411800,0.0,0.0
2025-10-31 00:00:00-04:00,339.3659248691054,340.27863891275234,335.4869734410981,338.03656005859375,7301600,0.0,0.0
2025-11-03 00:00:00-05:00,338.29446591927433,338.50279127746575,332.1635060317716,334.22698974609375,5538000,0.0,0.0
2025-11-04 00:00:00-05:00,333.81030728467005,337.61983627798475,331.59798967800947,337.5999755859375,5920200,0.0,0.0
2025-11-05 00:00:00-05:00,337.43138435003425,339.39565548449804,333.6912764760034,337.34210205078125,4984600,0.0,0.0
2025-11-06 00:00:00-05:00,335.9035711966457,335.96309272537576,331.06228502362495,334.2864990234375,8507900,0.0,0.0
2025-11-07 00:00:00-05:00,334.05836197719896,335.60598236180857,332.19327323793897,333.3539733886719,5318400,0.0,0.0
2025-11-10 00:00:00-05:00,333.97897430602666,335.9928668426192,331.6674741139567,332.1932678222656,5295800,0.0,0.0
2025-11-11 00:00:00-05:00,332.83810885568903,336.3996217972758,330.5563693999427,336.2309875488281,4453300,0.0,0.0
2025-11-12 00:00:00-05:00,336.230963908966,342.20509953822955,335.3860315467677,336.8572082519531,6389600,0.67,0.0
2025-11-13 00:00:00-05:00,337.0162670739215,339.4218050228609,333.59679812539383,334.07391357421875,4961700,0.0,0.0
2025-11-14 00:00:00-05:00,333.88506643542877,334.0739044051273,327.06599842409344,328.0500793457031,6422300,0.0,0.0
2025-11-17 00:00:00-05:00,329.1832834325262,331.370133257436,322.9904598740608,323.8055725097656,6494800,0.0,0.0
2025-11-18 00:00:00-05:00,322.5630378796905,323.06005334637723,316.101836812763,319.2628479003906,9170400,0.0,0.0
2025-11-19 00:00:00-05:00,319.6007859560105,322.6325982306419,317.96064113093524,322.1852722167969,7066700,0.0,0.0
2025-11-20 00:00:00-05:00,322.1853192569361,326.4397706758573,321.2111883025171,321.83740234375,6510300,0.0,0.0
2025-11-21 00:00:00-05:00,323.4377913272098,329.10374947023166,322.35430124548503,326.02227783203125,8930000,0.0,0.0
2025-11-24 00:00:00-05:00,327.27474167309344,328.75586842302397,324.0540910886259,327.3343811035156,9337100,0.0,0.0
2025-11-25 00:00:00-05:00,326.9367735032804,334.0540387480419,326.9367735032804,332.5331726074219,5854300,0.0,0.0
2025-11-26 00:00:00-05:00,332.53315005032596,333.70609921167375,331.0719234390147,331.7975769042969,4309900,0.0,0.0
2025-11-28 00:00:00-05:00,331.4397445821358,333.0202502105825,330.01828755179565,332.4437255859375,4586200,0.0,0.0
2025-12-01 00:00:00-05:00,330.9526438085897,331.31048036460083,328.1693694771195,328.4178771972656,7082300,0.0,0.0
2025-12-02 00:00:00-05:00,329.4715593852143,330.81347685406314,325.2568476714639,327.6524658203125,8201900,0.0,0.0
2025-12-03 00:00:00-05:00,327.6425476074219,330.3662132109065,327.3841201721478,327.6425476074219,6296700,0.0,0.0
2025-12-04 00:00:00-05:00,329.30256396297654,330.3960040486967,322.3443474807417,325.14752197265625,6277500,0.0,0.0
2025-12-05 00:00:00-05:00,324.8791370505337,332.1156814874498,324.45171100278645,329.2628173828125,5266600,0.0,0.0
2025-12-08 00:00:00-05:00,327.9109619547325,329.3622387687074,322.7718081675561,324.88909912109375,6059400,0.0,0.0
2025-12-09 00:00:00-05:00,324.6604457908234,326.27080146996605,323.12965991381685,324.5511169433594,4325400,0.0,0.0
2025-12-10 00:00:00-05:00,324.6902773524443,326.797618069185,323.35824921183155,323.78570556640625,5467500,0.0,0.0
2025-12-11 00:00:00-05:00,330.6147028726578,345.2468397955696,328.0898557440862,343.5669250488281,12953600,0.0,0.0
2025-12-12 00:00:00-05:00,345.92275226223416,347.75176547302596,343.9048707541211,345.7537536621094,6942300,0.0,0.0
2025-12-15 00:00:00-05:00,345.7537887198587,346.37011342042933,341.777664727478,344.8194274902344,7004600,0.0,0.0
2025-12-16 00:00:00-05:00,343.93472044726457,345.5450457875993,341.66833101727156,343.0500183105469,7269300,0.0,0.0
2025-12-17 00:00:00-05:00,343.48736646695176,345.71401631820476,341.62853353163234,342.35418701171875,7263500,0.0,0.0
2025-12-18 00:00:00-05:00,343.1096587982668,345.45555715920034,342.2150067207226,343.94464111328125,6805000,0.0,0.0
2025-12-19 00:00:00-05:00,343.98440250591693,347.8213777963309,343.98440250591693,347.1653137207031,18623900,0.0,0.0
2025-12-22 00:00:00-05:00,347.9108213067459,351.33029009156553,347.50326499010805,349.98834228515625,5043500,0.0,0.0
2025-12-23 00:00:00-05:00,349.8988928418326,354.25275323711077,349.8988928418326,351.2706604003906,3703200,0.0,0.0
2025-12-24 00:00:00-05:00,351.2706375438569,353.86504358199,350.9028509715926,353.0201416015625,2023600,0.0,0.0
2025-12-26 00:00:00-05:00,352.9803906057607,354.6006658812749,351.5986730469889,352.8809814453125,2017000,0.0,0.0
2025-12-29 00:00:00-05:00,353.36806877984236,354.42173920793135,351.6881539711041,352.4933166503906,3989900,0.0,0.0
2025-12-30 00:00:00-05:00,351.8869529196318,352.7517549841574,350.55495509967756,351.50921630859375,3366500,0.0,0.0
2025-12-31 00:00:00-05:00,351.539030494231,353.0797966289462,348.5967074506911,348.6165771484375,3503200,0.0,0.0
2026-01-02 00:00:00-05:00,347.78161448571143,347.96053278179977,341.42977229123005,344.411865234375,5403800,0.0,0.0
2026-01-05 00:00:00-05:00,342.443665092254,355.40583728080946,341.99633902690704,351.6881408691406,7592200,0.0,0.0
2026-01-06 00:00:00-05:00,351.56884491340134,356.47936003486785,349.8988802653619,355.4256896972656,6775400,0.0,0.0
2026-01-07 00:00:00-05:00,355.0181456831753,356.14140550388055,352.3939197646881,353.7557373046875,6333900,0.0,0.0
2026-01-08 00:00:00-05:00,352.88098777382146,354.22293562539693,347.4138175407059,350.1275329589844,6357600,0.0,0.0
2026-01-09 00:00:00-05:00,350.05790771591745,352.58275456839823,347.07581516643137,347.6821594238281,4902900,0.0,0.0
2026-01-12 00:00:00-05:00,340.733891403126,344.4416373710181,335.3064914902319,341.1513977050781,13281300,0.0,0.0
2026-01-13 00:00:00-05:00,334.98843975021526,335.5053249382782,321.8970384159538,325.9228820800781,20383500,0.0,0.0
2026-01-14 00:00:00-05:00,326.69820420368984,327.9307928311059,322.0063770709054,327.2051696777344,9388400,0.0,0.0
2026-01-15 00:00:00-05:00,327.36416500747987,329.7100935773221,324.421842198657,325.7936096191406,8587700,0.0,0.0
2026-01-16 00:00:00-05:00,324.8294159854098,327.28467351953486,323.45764849102363,326.34033203125,8341600,0.0,0.0
2026-01-20 00:00:00-05:00,320.3065853250236,326.3602298184734,319.6405712796447,323.8751525878906,8279900,0.0,0.0
2026-01-21 00:00:00-05:00,324.4815084058711,326.70815831170904,321.0719896048092,323.33837890625,8974600,0.0,0.0
2026-01-22 00:00:00-05:00,324.51133543161114,326.4298382199604,322.0660277886144,324.41192626953125,6938700,0.0,0.0
2026-01-23 00:00:00-05:00,323.91490453064694,325.8433269631201,322.6823158838599,324.2330017089844,5667900,0.0,0.0
2026-01-26 00:00:00-05:00,326.0421094095482,330.01823269503046,323.089836656661,326.5291748046875,7540200,0.0,0.0
2026-01-27 00:00:00-05:00,326.51926197065274,326.96655764839994,322.9705645834554,323.3184814453125,6365800,0.0,0.0
2026-01-28 00:00:00-05:00,324.779721039233,326.42981594381934,322.9407578402086,325.0282287597656,8106000,0.0,0.0
2026-01-29 00:00:00-05:00,328.03021442692346,331.370143867361,321.5789632505275,329.8194580078125,10214200,0.0,0.0
2026-01-30 00:00:00-05:00,330.23693065354513,331.0122735041925,319.6803278657264,319.908935546875,11199100,0.0,0.0
2026-02-02 00:00:00-05:00,322.8910614362982,332.6922224170356,322.17535793601024,331.8472900390625,8502400,0.0,0.0
2026-02-03 00:00:00-05:00,329.67037933784445,333.7856822919601,326.906974335595,326.96661376953125,9081200,0.0,0.0
2026-02-04 00:00:00-05:00,325.1574551429397,329.332397339644,322.48353974956564,327.98052978515625,8472300,0.0,0.0
2026-02-05 00:00:00-05:00,331.01230012391363,335.5748984583446,326.85725811156686,327.1654052734375,8339000,0.0,0.0
2026-02-06 00:00:00-05:00,329.79958736712933,333.1295971166072,325.1475298017769,329.60076904296875,7798800,0.0,0.0
2026-02-09 00:00:00-05:00,328.78570026762736,330.8334016821115,321.6883044313802,323.6365966796875,8513400,0.0,0.0
2026-02-10 00:00:00-05:00,323.4373584411114,328.5871090806843,323.27798187994784,326.8838195800781,5801800,0.67,0.0
2026-02-11 00:00:00-05:00,325.6387312474863,329.7425790622465,325.14069087388975,327.9496154785156,8264300,0.0,0.0
2026-02-12 00:00:00-05:00,327.6009856634334,330.93783158462884,322.7301366033025,322.909423828125,9392600,0.0,0.0
2026-02-13 00:00:00-05:00,322.5608168831966,325.20045519714154,311.59398846280106,312.8490295410156,11653900,0.0,0.0
2026-02-17 00:00:00-05:00,313.1777553150958,320.12043942634676,313.1777553150958,318.247802734375,8591700,0.0,0.0
2026-02-18 00:00:00-05:00,318.2477947880967,321.0168980150915,315.4786915611019,319.0446472167969,7091900,0.0,0.0
2026-02-19 00:00:00-05:00,316.2456644955574,318.9450651881826,314.49258306333303,317.6800231933594,5967600,0.0,0.0
2026-02-20 00:00:00-05:00,316.86324250493954,321.0866456850293,316.574400965125,319.692138671875,6831100,0.0,0.0
2026-02-23 00:00:00-05:00,317.78958339494204,319.2637633222238,303.515730464103,305.3186340332031,13048000,0.0,0.0
2026-02-24 00:00:00-05:00,304.30267006457245,308.05788356039716,301.89214126702194,306.01593017578125,9120200,0.0,0.0
2026-02-25 00:00:00-05:00,307.3406745970078,312.7095639299417,307.0418625590578,311.7632751464844,7624200,0.0,0.0
2026-02-26 00:00:00-05:00,313.2474703757061,318.1681114796254,312.709578284735,315.4587707519531,8725500,0.0,0.0
2026-02-27 00:00:00-05:00,313.2275530184615,318.9749585636924,310.72741093566447,318.88531494140625,12412900,0.0,0.0
2026-03-02 00:00:00-05:00,314.2634710190134,321.33565029745085,313.3670044395995,319.25384521484375,6674900,0.0,0.0
2026-03-03 00:00:00-05:00,314.5722564235918,320.77785038408507,313.117987052978,319.57257080078125,5474300,0.0,0.0
2026-03-04 00:00:00-05:00,320.1801887712339,324.49320490972036,318.5466018009251,319.2139892578125,5257900,0.0,0.0
2026-03-05 00:00:00-05:00,318.07844119005733,321.5348424853333,313.5363155637196,318.5466003417969,8267200,0.0,0.0
2026-03-06 00:00:00-05:00,314.81131703544906,316.4449040988039,311.07601412616293,316.1161804199219,6439700,0.0,0.0
2026-03-09 00:00:00-04:00,312.2314560667069,315.15993583491843,308.9344312933075,314.73162841796875,8381500,0.0,0.0
2026-03-10 00:00:00-04:00,314.1937431016918,315.88709253278006,310.22936117865277,313.1976623535156,5271300,0.0,0.0
2026-03-11 00:00:00-04:00,312.0222791858673,313.84509349123954,307.18134157627605,307.74908447265625,6376700,0.0,0.0
2026-03-12 00:00:00-04:00,306.9323542029832,309.7313388364715,304.82063735961356,305.29876708984375,7514900,0.0,0.0
2026-03-13 00:00:00-04:00,306.38446686722085,309.1336593983733,305.21906944064716,305.9362487792969,4814100,0.0,0.0
2026-03-16 00:00:00-04:00,306.64344012556506,309.9105835049712,306.1752809950723,308.8945617675781,6401200,0.0,0.0
2026-03-17 00:00:00-04:00,310.09984414528657,311.4644698112407,306.1752838399166,307.25103759765625,6872200,0.0,0.0
2026-03-18 00:00:00-04:00,306.20518500751876,306.73310658565566,297.33010193516475,297.8480529785156,7191700,0.0,0.0
2026-03-19 00:00:00-04:00,296.8719016022564,301.2845318265138,295.8658503636263,298.53533935546875,6826400,0.0,0.0
2026-03-20 00:00:00-04:00,298.67481425452536,301.7327894042891,297.8381100854838,300.4378662109375,14398100,0.0,0.0
2026-03-23 00:00:00-04:00,304.0038572697504,306.6434651794843,301.6630614260347,303.246826171875,7824500,0.0,0.0
2026-03-24 00:00:00-04:00,300.8163767349488,304.8405513457489,299.44178048089515,302.5694885253906,5375900,0.0,0.0
2026-03-25 00:00:00-04:00,304.28273910722726,307.2809213034843,300.9857144661871,303.7149658203125,6280900,0.0,0.0
2026-03-26 00:00:00-04:00,302.9678939055341,306.6633446025994,301.81243670471684,304.33251953125,7652700,0.0,0.0
2026-03-27 00:00:00-04:00,303.1273151321971,303.39624600384485,293.166507172264,294.3617858886719,9974400,0.0,0.0
2026-03-30 00:00:00-04:00,297.55920487944724,299.50154404760565,294.73033927812014,298.36602783203125,9330300,0.0,0.0
2026-03-31 00:00:00-04:00,300.4179440831887,302.1511147673973,295.42757006738316,301.055419921875,10246900,0.0,0.0
2026-04-01 00:00:00-04:00,303.85440321825206,303.85440321825206,292.7381694353985,297.3400573730469,7707600,0.0,0.0
2026-04-02 00:00:00-04:00,296.6328211241279,301.28453138114594,294.6904819925192,299.6210632324219,4376000,0.0,0.0
2026-04-06 00:00:00-04:00,299.5612984468797,303.2268985064469,298.286316373369,302.1411437988281,5501000,0.0,0.0
2026-04-07 00:00:00-04:00,301.25467300034336,303.78472668848525,299.93983907756353,301.3642272949219,4413900,0.0,0.0
2026-04-08 00:00:00-04:00,306.5239246667074,309.86077069237774,306.49404346163476,307.74908447265625,6879300,0.0,0.0
2026-04-09 00:00:00-04:00,306.7928541611418,308.36664828465365,302.40013464698717,307.08172607421875,4811500,0.0,0.0
2026-04-10 00:00:00-04:00,307.5000714824076,307.7889434035062,302.3204699616491,303.1671142578125,5190000,0.0,0.0
2026-04-13 00:00:00-04:00,302.7388065700545,308.53600366814584,301.155041869684,308.17742919921875,6787200,0.0,0.0
2026-04-14 00:00:00-04:00,307.26103010828473,310.8967187654788,306.28486003020583,310.149658203125,5571000,0.0,0.0
2026-04-15 00:00:00-04:00,311.77327635482305,315.48866851471763,310.2990658939648,314.671875,4831400,0.0,0.0
2026-04-16 00:00:00-04:00,315.11015221046245,316.7536793728972,313.3371296864953,313.86505126953125,5695800,0.0,0.0
2026-04-17 00:00:00-04:00,315.35915946176345,318.1880250357548,313.94471147578236,315.7774963378906,8082300,0.0,0.0
2026-04-20 00:00:00-04:00,315.15991411626925,316.3054007933923,311.12579961049727,312.7095642089844,5506800,0.0,0.0
2026-04-21 00:00:00-04:00,312.7793368499103,315.6480543727783,307.6096751468197,308.72528076171875,6806900,0.0,0.0
2026-04-22 00:00:00-04:00,309.79104492996197,310.1396488303614,306.85259492682206,310.0699462890625,5666600,0.0,0.0
2026-04-23 00:00:00-04:00,309.2830795800573,310.9764290509568,303.81460587135535,307.66943359375,7275000,0.0,0.0
2026-04-24 00:00:00-04:00,305.8963913711518,308.76510867259884,303.30657545190263,308.2073059082031,5616900,0.0,0.0
2026-04-27 00:00:00-04:00,306.30477404028187,309.60179859903263,304.86044492147084,308.4363708496094,6261500,0.0,0.0
2026-04-28 00:00:00-04:00,310.97639628878363,312.7294775914766,307.5299352956203,308.0877380371094,8839900,0.0,0.0
2026-04-29 00:00:00-04:00,335.08154973186936,340.63969719893055,332.4817936312549,333.5475769042969,16658600,0.0,0.0
2026-04-30 00:00:00-04:00,330.8183038995719,331.19681941400586,326.79412952217785,328.5472412109375,11241100,0.0,0.0
2026-05-01 00:00:00-04:00,331.5753517735461,334.5337126996377,326.6447400974031,326.7443542480469,6726100,0.0,0.0
2026-05-04 00:00:00-04:00,326.71448703065977,328.49748009021664,324.12467099289546,325.5690002441406,6712400,0.0,0.0
2026-05-05 00:00:00-04:00,323.83579864135663,324.3039578106427,318.39720624771417,320.76788330078125,5893200,0.0,0.0
2026-05-06 00:00:00-04:00,322.48111808541825,323.30785166941854,316.7536542120865,317.5505065917969,7808400,0.0,0.0
2026-05-07 00:00:00-04:00,318.28761190791755,322.4213404283596,318.28761190791755,320.0207824707031,7186100,0.0,0.0
2026-05-08 00:00:00-04:00,319.7319477733878,319.8116512556435,314.92089116273706,317.54058837890625,5950200,0.0,0.0
2026-05-11 00:00:00-04:00,317.8493745260795,323.90553213234,316.7636501525053,322.5906982421875,9586200,0.0,0.0
2026-05-12 00:00:00-04:00,323.71861575326017,328.30010079044166,323.5988431448615,325.8147277832031,6235200,0.67,0.0
2026-05-13 00:00:00-04:00,323.1895917984963,324.8165740981451,319.20696990140226,319.7160339355469,7950400,0.0,0.0
2026-05-14 00:00:00-04:00,320.77407458719756,322.7304316048222,319.65615629141206,321.92193603515625,5277400,0.0,0.0
2026-05-15 00:00:00-04:00,323.3992105807512,328.39993034372947,323.23950361156534,325.1459655761719,6054500,0.0,0.0
2026-05-18 00:00:00-04:00,323.82839540100866,332.8117065140525,323.16961559740014,332.023193359375,5305800,0.0,0.0
2026-05-19 00:00:00-04:00,332.71188949315723,334.5485043686942,328.87901369831957,329.2982482910156,12858100,0.0,0.0
2026-05-20 00:00:00-04:00,329.4779084191791,331.0450044691208,326.21398296632935,330.1366882324219,9422500,0.0,0.0
2026-05-21 00:00:00-04:00,329.2283866364193,331.90340990418883,326.6332016248708,330.5060119628906,7034500,0.0,0.0
2026-05-22 00:00:00-04:00,329.9071152744464,332.81172300019847,328.21028581229956,328.2701721191406,7462100,0.0,0.0
2026-05-26 00:00:00-04:00,325.85465137912865,327.890877227978,323.90828545299996,325.8746337890625,8705100,0.0,0.0
2026-05-27 00:00:00-04:00,325.2258042905605,330.8453695289686,325.0561365774909,327.00250244140625,5917400,0.0,0.0
2026-05-28 00:00:00-04:00,325.4054745838858,326.473467283892,320.304934449476,324.3474426269531,8105400,0.0,0.0
2026-05-29 00:00:00-04:00,324.89643108147584,331.0550035619541,324.7467153160326,325.75482177734375,14104500,0.0,0.0
2026-06-01 00:00:00-04:00,326.65317320088843,327.2520362551611,318.0890659929148,322.1714782714844,10079300,0.0,0.0
2026-06-02 00:00:00-04:00,321.911976472278,322.900130958607,312.8088926463686,316.7315979003906,10125300,0.0,0.0
2026-06-03 00:00:00-04:00,317.0609741306723,317.0609741306723,308.42701995550726,311.8207092285156,8992800,0.0,0.0
2026-06-04 00:00:00-04:00,316.20257521300795,324.15779741844494,316.1127457580593,319.5862731933594,6981700,0.0,0.0
2026-06-05 00:00:00-04:00,321.8021573858913,325.3755359367605,320.3748163907789,322.9700012207031,7176300,0.0,0.0
2026-06-08 00:00:00-04:00,320.7541174065557,323.3193590911711,317.83951864495947,319.0772399902344,5582000,0.0,0.0
2026-06-09 00:00:00-04:00,318.06910016973313,324.8864216353897,316.4121747162161,324.4472351074219,6340400,0.0,0.0
2026-06-10 00:00:00-04:00,326.0143312805488,326.2938108474966,319.58627077976143,322.3611145019531,5793100,0.0,0.0
2026-06-11 00:00:00-04:00,321.40291602859213,323.10973664985323,317.3703988636284,318.4583740234375,5958900,0.0,0.0
2026-06-12 00:00:00-04:00,321.1633691478087,325.3256196452838,319.20698165018104,321.7922058105469,5543200,0.0,0.0
2026-06-15 00:00:00-04:00,322.7603745094088,325.8346802814496,322.15152026202406,323.21954345703125,6803000,0.0,0.0
2026-06-16 00:00:00-04:00,325.0860736201939,332.67198698922914,323.77850519751286,332.5022888183594,9248400,0.0,0.0
2026-06-17 00:00:00-04:00,332.88160485990437,336.19545603301555,329.35815161011175,329.76739501953125,6895200,0.0,0.0
2026-06-18 00:00:00-04:00,330.3862161708477,331.71373650670535,326.3936334980882,326.6331787109375,14716700,0.0,0.0
2026-06-22 00:00:00-04:00,327.7211572947962,332.3825110173034,325.255736249892,325.994384765625,15132400,0.0,0.0
2026-06-23 00:00:00-04:00,328.2102765273601,330.6657064213508,327.4816192000871,327.87091064453125,11113400,0.0,0.0
2026-06-24 00:00:00-04:00,328.3899311009871,334.1791639025663,326.6132329961447,331.61395263671875,8197200,0.0,0.0
2026-06-25 00:00:00-04:00,331.94333024120465,339.30965035180515,329.45795720555896,329.9071044921875,7050200,0.0,0.0
2026-06-26 00:00:00-04:00,331.62391484212816,339.09005558153274,330.82541047321376,335.6065368652344,16717400,0.0,0.0
2026-06-29 00:00:00-04:00,337.6427420814022,345.16876934692397,337.6427420814022,341.0164794921875,11710900,0.0,0.0
2026-06-30 00:00:00-04:00,341.12627604022873,343.65158338253525,338.4512224777037,342.45379638671875,7957900,0.0,0.0
2026-07-01 00:00:00-04:00,343.92108647429916,352.7047566164018,340.34773820340007,350.4289855957031,13025900,0.0,0.0
2026-07-02 00:00:00-04:00,351.85633962893826,361.45849609375,351.85633962893826,361.45849609375,9814800,0.0,0.0
2026-07-06 00:00:00-04:00,362.3268927646901,364.3431361331269,348.20313705903584,356.5875549316406,11623800,0.0,0.0
2026-07-07 00:00:00-04:00,347.744003265132,355.4197158554798,346.2767278330053,351.54693603515625,7332500,0.0,0.0
2026-07-08 00:00:00-04:00,349.650411586948,350.94801921810193,345.0489747278172,346.88555908203125,10215200,0.0,0.0
2026-07-09 00:00:00-04:00,344.6597048505295,347.8537833381742,343.7813622043677,347.5543518066406,6606300,0.0,0.0
2026-07-10 00:00:00-04:00,349.9798320131086,350.5188392207221,344.68964152124937,348.3229064941406,4702800,0.0,0.0
2026-07-13 00:00:00-04:00,351.0777829959364,358.82337258284446,350.3990207986449,357.08660888671875,9964600,0.0,0.0
2026-07-14 00:00:00-04:00,355.11029633051527,359.2725774384029,353.0241754046451,355.3598327636719,6632400,0.0,0.0
2026-07-15 00:00:00-04:00,353.3435751194357,359.7616446111089,348.4726192666298,354.4814758300781,8850000,0.0,0.0
2026-07-16 00:00:00-04:00,357.3760808599296,364.4629211425781,356.4477822451955,364.4629211425781,9073200,0.0,0.0
2026-07-17 00:00:00-04:00,362.8958306673428,363.95386264682946,356.3380062665893,357.8951110839844,7400400,0.0,0.0
2026-07-20 00:00:00-04:00,356.4378309524324,362.32688441407214,355.76905993924623,359.9013977050781,7616800,0.0,0.0
2026-07-21 00:00:00-04:00,356.32803071902083,358.45408597568553,354.03230774816586,355.16021728515625,6027300,0.0,0.0
2026-07-22 00:00:00-04:00,355.9088319271366,356.8670433033565,351.61678699139844,352.7646789550781,4622200,0.0,0.0
2026-07-23 00:00:00-04:00,351.39717584563147,351.39717584563147,347.8537708520506,350.9480285644531,4183300,0.0,0.0
2026-07-24 00:00:00-04:00,352.8145729386106,355.18017344855315,350.39904686549784,355.0803527832031,4482800,0.0,0.0
2026-07-27 00:00:00-04:00,358.6836615690858,362.9856670774005,357.58569521245334,361.8577575683594,6631100,0.0,0.0
2026-07-28 00:00:00-04:00,364.3830556294341,370.47175030489075,362.057389622598,365.91021728515625,11061900,0.0,0.0
2026-07-29 00:00:00-04:00,356.33800494846076,373.27653822285373,354.82083449278736,368.0462646484375,11289900,0.0,0.0
2026-07-30 00:00:00-04:00,364.32318621955545,366.31947765089546,360.08106692795786,365.5908203125,8391400,0.0,0.0
2026-07-31 00:00:00-04:00,363.08547994976436,366.199689577411,359.43226312933626,365.4510803222656,7828400,0.0,0.0
2026-08-03 00:00:00-04:00,367.8166822243689,371.28024894435134,363.67438375420267,364.991943359375,5521300,0.0,0.0
2026-08-04 00:00:00-04:00,361.0891957111975,370.4218335736103,359.4222790007568,368.9046630859375,7497500,0.0,0.0
2026-08-05 00:00:00-04:00,371.6096355733356,371.7094562365133,366.03999591549916,367.85662841796875,6065300,0.0,0.0
2026-08-06 00:00:00-04:00,368.88472547054477,370.4118872220017,364.5727285978463,369.7830505371094,5022300,0.0,0.0
2026-08-07 00:00:00-04:00,367.82668528799354,369.56344907563306,360.8496260625997,361.82781982421875,5112500,0.0,0.0
2026-08-10 00:00:00-04:00,361.3287562034755,363.49474585206144,358.2045551780129,360.6500244140625,7552200,0.0,0.0
2026-08-11 00:00:00-04:00,360.9800109863281,364.54998779296875,359.9700012207031,362.82000732421875,4440900,0.67,0.0
2026-08-12 00:00:00-04:00,361.0,363.3500061035156,358.30999755859375,359.4200134277344,3794200,0.0,0.0
2026-08-13 00:00:00-04:00,363.70001220703125,365.45001220703125,358.7099914550781,365.45001220703125,8140100,0.0,0.0
2026-08-14 00:00:00-04:00,365.8900146484375,366.79998779296875,362.7699890136719,364.1499938964844,3788841,0.0,0.0
