Date,Open,High,Low,Close,Volume,Dividends,Stock Splits
2021-09-20 00:00:00-04:00,39.86641273922059,40.61009014743482,39.698201238496594,40.55697250366211,30603100,0.0,0.0
2021-09-21 00:00:00-04:00,40.70748202424013,41.04390844449886,40.486149475145346,40.59238815307617,23049100,0.0,0.0
2021-09-22 00:00:00-04:00,41.15898687946642,42.221380014869915,41.14127987690764,41.681331634521484,29430700,0.0,0.0
2021-09-23 00:00:00-04:00,42.0177704038617,42.64635403415688,41.75217201980551,42.318782806396484,21852800,0.0,0.0
2021-09-24 00:00:00-04:00,42.301072632411405,43.000484247337475,42.25680680125823,42.425018310546875,20384700,0.0,0.0
2021-09-27 00:00:00-04:00,42.83226299768319,43.32804559748052,40.866829470584705,42.106292724609375,48927500,0.0,0.0
2021-09-28 00:00:00-04:00,41.61936398078996,41.63707098698374,39.90182490718719,40.654354095458984,49349100,0.0,0.0
2021-09-29 00:00:00-04:00,41.12357627978621,41.74330791160174,40.66320430693083,41.63706588745117,21730200,0.0,0.0
2021-09-30 00:00:00-04:00,41.734455779791894,41.74331097108631,40.83141877192012,41.088165283203125,22947500,0.0,0.0
2021-10-01 00:00:00-04:00,41.21211339778588,41.88496613106698,41.15899575591946,41.62821960449219,18021700,0.0,0.0
2021-10-04 00:00:00-04:00,41.62821960449219,42.221389120441394,41.31835205878484,41.62821960449219,22315200,0.0,0.0
2021-10-05 00:00:00-04:00,42.05317911594787,42.89424337372008,41.92037825204363,42.46043014526367,20250500,0.0,0.0
2021-10-06 00:00:00-04:00,42.12400559978441,42.575522441427815,41.66363356633,42.3807487487793,17425700,0.0,0.0
2021-10-07 00:00:00-04:00,42.72602452982391,43.018185052387345,42.088589223144886,42.28335952758789,19272300,0.0,0.0
2021-10-08 00:00:00-04:00,42.380751933349224,42.79685817081402,42.19483341854144,42.495845794677734,14295400,0.0,0.0
2021-10-11 00:00:00-04:00,42.672911515454786,42.9030958555655,41.805288422320075,41.85840606689453,15387900,0.0,0.0
2021-10-12 00:00:00-04:00,41.86726228812129,42.079739626173705,41.185557688775845,41.30065155029297,18995700,0.0,0.0
2021-10-13 00:00:00-04:00,41.22981549112091,41.22981549112091,40.034621409822826,40.76944351196289,24150300,0.0,0.0
2021-10-14 00:00:00-04:00,41.327212605519385,41.51313113067423,39.6893531419364,40.11431121826172,53257700,0.0,0.0
2021-10-15 00:00:00-04:00,40.47729362344956,43.15099095520944,40.46843843109932,42.832271575927734,60096600,0.0,0.0
2021-10-18 00:00:00-04:00,42.664052983908896,44.00975503648486,42.61978715780605,43.761863708496094,33842700,0.0,0.0
2021-10-19 00:00:00-04:00,43.947788357595265,44.57637195715505,43.629068961405366,44.56752014160156,26500300,0.0,0.0
2021-10-20 00:00:00-04:00,44.434708536751494,44.61177520045953,44.009750570211615,44.40814971923828,24227900,0.0,0.0
2021-10-21 00:00:00-04:00,44.22223984051589,44.79770238787561,44.05402495751663,44.55866622924805,20448300,0.0,0.0
2021-10-22 00:00:00-04:00,44.744579977372084,45.25806963228914,44.70031415186879,44.8508186340332,21517200,0.0,0.0
2021-10-25 00:00:00-04:00,45.05444632136307,45.25807183038072,44.72687514401001,44.815406799316406,19330300,0.0,0.0
2021-10-26 00:00:00-04:00,44.912792364449125,45.24036353245146,44.58522119644679,44.82426071166992,18196300,0.0,0.0
2021-10-27 00:00:00-04:00,44.4966789651542,45.14297275945865,44.22222885959545,44.310760498046875,21988300,0.0,0.0
2021-10-28 00:00:00-04:00,44.60293500336432,45.505972183921834,44.57637280166759,45.470558166503906,26785500,0.0,0.0
2021-10-29 00:00:00-04:00,45.37316357110246,45.718441738890725,45.16953807156748,45.29348373413086,19788500,0.0,0.0
2021-11-01 00:00:00-04:00,45.647617104491225,46.03716109796594,45.39087058782411,45.78041458129883,18699000,0.0,0.0
2021-11-02 00:00:00-04:00,45.62990774308322,45.789267408837965,45.34660242113386,45.41742706298828,21672500,0.0,0.0
2021-11-03 00:00:00-04:00,45.18725048424061,46.54180449757405,45.16954347643192,46.037166595458984,24225700,0.0,0.0
2021-11-04 00:00:00-04:00,45.81496995170837,45.94828354050687,44.3574234168959,44.988433837890625,32005700,0.2,0.0
2021-11-05 00:00:00-04:00,45.32616479296002,45.86830181626593,44.79291715151812,44.82846450805664,23443200,0.0,0.0
2021-11-08 00:00:00-05:00,44.92622551241952,45.65499884111978,44.92622551241952,45.21062469482422,19509500,0.0,0.0
2021-11-09 00:00:00-05:00,44.8817900312302,44.935116150787294,43.73530388804619,44.33965301513672,28324800,0.0,0.0
2021-11-10 00:00:00-05:00,44.20634693604995,45.12175670373834,44.1530208115056,44.75736999511719,19827800,0.0,0.0
2021-11-11 00:00:00-05:00,44.81068775910079,45.24617591881149,44.63294081094692,44.96177673339844,16069700,0.0,0.0
2021-11-12 00:00:00-05:00,45.04175904132289,45.3261581940612,44.76624587884907,45.29060745239258,17124700,0.0,0.0
2021-11-15 00:00:00-05:00,45.495022033608876,45.94828554303367,45.30838571340127,45.39726257324219,20110200,0.0,0.0
2021-11-16 00:00:00-05:00,45.42392971025194,45.4861418248961,44.58850407307723,44.76625442504883,19244900,0.0,0.0
2021-11-17 00:00:00-05:00,44.8106955782265,45.05065806847272,44.01970999388138,44.295223236083984,17802700,0.0,0.0
2021-11-18 00:00:00-05:00,44.10857501931357,44.597385861270936,43.78862511830718,44.34853744506836,19198200,0.0,0.0
2021-11-19 00:00:00-05:00,43.54866591081172,43.7619669906808,42.455505928458635,43.38869094848633,30548400,0.0,0.0
2021-11-22 00:00:00-05:00,44.997331349277985,45.42393016408844,44.19745645256714,44.739593505859375,28549400,0.0,0.0
2021-11-23 00:00:00-05:00,45.06842502260251,45.983838067733586,45.05953903142707,45.681663513183594,28024400,0.0,0.0
2021-11-24 00:00:00-05:00,45.77942389041731,45.9838389848919,45.486138711498796,45.60167694091797,18901900,0.0,0.0
2021-11-26 00:00:00-05:00,43.63754351954117,43.63754351954117,42.38440845607631,43.042083740234375,29919300,0.0,0.0
2021-11-29 00:00:00-05:00,44.14413624912825,44.233013133073506,42.93544114023097,43.69087600708008,27677000,0.0,0.0
2021-11-30 00:00:00-05:00,42.75767834742507,43.11317560906366,42.055566424503546,42.46438980102539,40671700,0.0,0.0
2021-12-01 00:00:00-05:00,43.273152685761055,43.94860327952149,41.93114426994841,41.95780563354492,29365100,0.0,0.0
2021-12-02 00:00:00-05:00,42.41995057379639,43.90416180957427,42.224424887689,43.46867370605469,29184900,0.0,0.0
2021-12-03 00:00:00-05:00,43.77974511650013,43.77974511650013,42.10001116667213,42.43773651123047,29221900,0.0,0.0
2021-12-06 00:00:00-05:00,43.53089976087392,44.348550118245115,43.29093726654671,43.37981414794922,31650100,0.0,0.0
2021-12-07 00:00:00-05:00,43.95748737708675,44.89956173714799,43.85083853698912,44.65959930419922,28370200,0.0,0.0
2021-12-08 00:00:00-05:00,44.597388175599924,44.71292639924915,43.833064125822155,43.91305160522461,19990300,0.0,0.0
2021-12-09 00:00:00-05:00,43.56643986319815,44.464074108936686,43.31759143671727,44.16189956665039,16927200,0.0,0.0
2021-12-10 00:00:00-05:00,44.69515701526545,44.9706668443261,44.064146476719166,44.615169525146484,20040900,0.0,0.0
2021-12-13 00:00:00-05:00,44.34854235622184,44.40186508542426,43.04208124587016,43.15761947631836,19598900,0.0,0.0
2021-12-14 00:00:00-05:00,43.20204881565263,43.984148149641214,43.193159435437366,43.450897216796875,17602900,0.0,0.0
2021-12-15 00:00:00-05:00,43.56644756965362,43.78863467268716,42.77546202530319,43.49534606933594,20284300,0.0,0.0
2021-12-16 00:00:00-05:00,44.18856448581192,45.166186213780726,43.82417783553567,44.704036712646484,32781100,0.0,0.0
2021-12-17 00:00:00-05:00,44.17078397183528,44.197445331581754,42.54437322119691,42.615474700927734,74833400,0.0,0.0
2021-12-20 00:00:00-05:00,41.82449907687005,41.92225854869431,41.10461168416162,41.63785934448242,29134900,0.0,0.0
2021-12-21 00:00:00-05:00,42.29552883739841,42.78433969087718,42.07334177760756,42.49105453491211,21249400,0.0,0.0
2021-12-22 00:00:00-05:00,42.428846222194366,42.94431848402938,42.32219398294095,42.686580657958984,15688000,0.0,0.0
2021-12-23 00:00:00-05:00,43.015420589453385,43.486456120127116,42.855445618600825,42.9798698425293,16025600,0.0,0.0
2021-12-27 00:00:00-05:00,43.14872403822817,43.38868645687527,42.73101469344718,43.3442497253418,11900400,0.0,0.0
2021-12-28 00:00:00-05:00,43.15762694401863,43.71753603936152,42.97987657187372,43.033199310302734,14320500,0.0,0.0
2021-12-29 00:00:00-05:00,43.193170453981715,43.42424693425325,42.98875873085292,43.05986022949219,14390700,0.0,0.0
2021-12-30 00:00:00-05:00,43.09539772538276,43.46867030752557,42.69546039429759,42.748783111572266,13701300,0.0,0.0
2021-12-31 00:00:00-05:00,42.686583805354786,42.97987239946794,42.51772283287833,42.642147064208984,12649300,0.0,0.0
2022-01-03 00:00:00-05:00,43.48645077772645,45.15729838452727,43.4775613969346,45.08619689941406,38978100,0.0,0.0
2022-01-04 00:00:00-05:00,45.84163591163277,47.23697037918944,45.788309796647084,46.8814697265625,43855100,0.0,0.0
2022-01-05 00:00:00-05:00,47.03255759894603,47.2280833064777,46.21491080436928,46.47264862060547,35072600,0.0,0.0
2022-01-06 00:00:00-05:00,47.23697542421913,47.69912157556485,46.80148724775516,47.66357421875,29720800,0.0,0.0
2022-01-07 00:00:00-05:00,47.86798927624182,49.050022883055114,47.81466315183212,48.67675018310547,35149300,0.0,0.0
2022-01-10 00:00:00-05:00,49.325532386332696,49.82323267236255,48.41900868158502,49.19221878051758,34733500,0.0,0.0
2022-01-11 00:00:00-05:00,49.37886037564386,49.885446672425616,49.08557178787234,49.82323455810547,25073700,0.0,0.0
2022-01-12 00:00:00-05:00,50.13429034897741,50.40091415496835,49.55660261074235,50.125404357910156,34159400,0.0,0.0
2022-01-13 00:00:00-05:00,50.30316042845828,50.818636151831015,49.556611602050125,49.76991271972656,34037300,0.0,0.0
2022-01-14 00:00:00-05:00,50.525339070778216,52.32061102840362,50.116515669915536,51.60072708129883,56739600,0.0,0.0
2022-01-18 00:00:00-05:00,51.29854974631178,51.645161019142726,50.223161794067835,50.38313674926758,41689600,0.0,0.0
2022-01-19 00:00:00-05:00,50.75641031782174,51.26299652132963,49.29886381016358,49.38773727416992,34970200,0.0,0.0
2022-01-20 00:00:00-05:00,49.521068381706506,50.107642266479985,48.801180863450014,48.881168365478516,26972800,0.0,0.0
2022-01-21 00:00:00-05:00,48.43677453581807,48.88114861412832,47.21919051053341,47.69911193847656,38357600,0.0,0.0
2022-01-24 00:00:00-05:00,46.86369231886759,47.53914285145215,45.48613328282205,47.38805389404297,48451400,0.0,0.0
2022-01-25 00:00:00-05:00,46.81037854471229,47.75245310834733,45.81498124465864,47.628028869628906,40858700,0.0,0.0
2022-01-26 00:00:00-05:00,47.91241723116719,48.810051457118696,47.485818485044206,48.11682891845703,39687100,0.0,0.0
2022-01-27 00:00:00-05:00,48.52565870679886,49.334419572235305,47.30807441274747,47.779109954833984,34209200,0.0,0.0
2022-01-28 00:00:00-05:00,47.645790332280065,48.18792726293627,46.899241727660986,48.16126251220703,35519700,0.0,0.0
2022-01-31 00:00:00-05:00,47.832434491956214,48.03684619949209,47.13032250282922,47.814659118652344,34657500,0.0,0.0
2022-02-01 00:00:00-05:00,48.63230973288541,49.60104554880295,47.983523858416724,49.414405822753906,35870200,0.0,0.0
2022-02-02 00:00:00-05:00,49.12110992854737,49.814332390364676,48.8455967856252,49.70768356323242,29037100,0.0,0.0
2022-02-03 00:00:00-05:00,49.850532368443474,50.25226549053226,48.859591802467165,49.25239562988281,25227400,0.25,0.0
2022-02-04 00:00:00-05:00,50.02907646196512,50.921815142276294,49.52021568662997,50.28797149658203,33622100,0.0,0.0
2022-02-07 00:00:00-05:00,50.35938473404992,51.68063746504272,49.91301543011205,51.18070602416992,37480100,0.0,0.0
2022-02-08 00:00:00-05:00,51.77885209753158,52.65373574155061,51.60030365057235,52.44840621948242,39099600,0.0,0.0
2022-02-09 00:00:00-05:00,52.40375698874217,53.01081951483331,52.082370544867146,52.72514343261719,25883100,0.0,0.0
2022-02-10 00:00:00-05:00,53.16258636973807,53.83214036282175,52.4930323766544,52.716217041015625,36092000,0.0,0.0
2022-02-11 00:00:00-05:00,52.24307353812881,53.77858532138177,51.69850234032267,52.055599212646484,38650500,0.0,0.0
2022-02-14 00:00:00-05:00,52.23413919169497,52.359125468790545,51.04679850627361,51.64493179321289,32680500,0.0,0.0
2022-02-15 00:00:00-05:00,52.778708655535944,52.957257068742585,51.85918892498418,52.11808395385742,18224600,0.0,0.0
2022-02-16 00:00:00-05:00,51.698498174131736,52.56445580613935,51.37711169604529,51.90382766723633,22057200,0.0,0.0
2022-02-17 00:00:00-05:00,51.020023804044136,51.35926209620896,49.77911401086938,50.12728500366211,24946500,0.0,0.0
2022-02-18 00:00:00-05:00,50.12728765876715,50.636148529495614,49.43094904182681,49.663063049316406,22137900,0.0,0.0
2022-02-22 00:00:00-05:00,49.60948476894809,50.100490328129865,48.83280312422319,49.350589752197266,26887800,0.0,0.0
2022-02-23 00:00:00-05:00,49.859459228289715,50.01122659093491,47.99363505206596,48.16325759887695,21860700,0.0,0.0
2022-02-24 00:00:00-05:00,46.20814916148663,47.16338261153707,45.243993229256006,47.056251525878906,40917600,0.0,0.0
2022-02-25 00:00:00-05:00,47.46691850457907,48.60069714489235,47.3955011742474,48.306095123291016,27493500,0.0,0.0
2022-02-28 00:00:00-05:00,46.984841086851404,47.67225032893,46.60988904320487,47.64546585083008,31094800,0.0,0.0
2022-03-01 00:00:00-05:00,46.8152143320883,47.06518347386284,44.64585910529577,44.89582824707031,54135500,0.0,0.0
2022-03-02 00:00:00-05:00,45.81534267920715,47.154450520740156,45.52966661212229,46.61880874633789,34894300,0.0,0.0
2022-03-03 00:00:00-05:00,46.73488346617063,46.92236123706523,45.476121661455416,45.74394607543945,24159700,0.0,0.0
2022-03-04 00:00:00-05:00,44.67264798887615,44.6905031725881,43.01215336447363,43.556724548339844,35871600,0.0,0.0
2022-03-07 00:00:00-05:00,43.36924898682808,43.36924898682808,40.8606519382853,40.8963623046875,56332500,0.0,0.0
2022-03-08 00:00:00-05:00,41.67304622862496,43.030009573308,41.37844079865139,41.47664260864258,60018100,0.0,0.0
2022-03-09 00:00:00-05:00,43.55673056876084,44.41375907222465,43.16392328386018,43.88704299926758,34560200,0.0,0.0
2022-03-10 00:00:00-05:00,43.083566424391506,44.25305530017219,42.71754370838805,43.75312042236328,26178800,0.0,0.0
2022-03-11 00:00:00-05:00,44.342333304730026,44.63693873503477,43.23533913119693,43.27104949951172,23707100,0.0,0.0
2022-03-14 00:00:00-04:00,44.33341062694783,44.976183681064114,44.01202409988969,44.511959075927734,28166600,0.0,0.0
2022-03-15 00:00:00-04:00,44.779770375979076,45.19935862963816,44.03879907019624,44.73513412475586,25080600,0.0,0.0
2022-03-16 00:00:00-04:00,45.57431342004152,46.61881954935576,45.288637286756696,46.0653190612793,34672800,0.0,0.0
2022-03-17 00:00:00-04:00,45.547524344814406,45.96711258178022,44.842260024752406,45.95818328857422,29930300,0.0,0.0
2022-03-18 00:00:00-04:00,45.395760350957474,46.01175221745861,44.67264420232089,45.90462112426758,60963400,0.0,0.0
2022-03-21 00:00:00-04:00,46.11888768482436,46.24387057576921,45.18151259720959,45.6546630859375,23411500,0.0,0.0
2022-03-22 00:00:00-04:00,46.7884426063083,48.386445951952766,46.690240788733846,47.663326263427734,28625600,0.0,0.0
2022-03-23 00:00:00-04:00,47.1008897005342,47.359784726498084,45.61894367696979,45.63679885864258,27988700,0.0,0.0
2022-03-24 00:00:00-04:00,46.163518044206555,46.26171984754719,45.44932775472179,45.82427978515625,19677800,0.0,0.0
2022-03-25 00:00:00-04:00,45.94926642380288,46.949132910980026,45.895700870631025,46.9223518371582,19130900,0.0,0.0
2022-03-28 00:00:00-04:00,46.44919255275591,46.520613281997036,45.33326919982191,46.25279235839844,24115400,0.0,0.0
2022-03-29 00:00:00-04:00,47.36872025061045,47.58297564781,45.99390173072216,46.0653190612793,20915000,0.0,0.0
2022-03-30 00:00:00-04:00,46.002821368239026,46.13673352743634,44.44945803029408,44.73513412475586,30913800,0.0,0.0
2022-03-31 00:00:00-04:00,44.41374527315232,45.02080779254414,43.2353305956335,43.26211166381836,31238500,0.0,0.0
2022-04-01 00:00:00-04:00,43.967377837665715,44.16378142742007,42.69969060877613,43.48529815673828,29989900,0.0,0.0
2022-04-04 00:00:00-04:00,43.2531857762659,43.440660064614924,42.50328521734233,43.26211166381836,23778300,0.0,0.0
2022-04-05 00:00:00-04:00,42.77110952847951,43.65492230990179,42.64612665960779,42.95858383178711,21757300,0.0,0.0
2022-04-06 00:00:00-04:00,42.57470552343546,42.922876461920566,42.31581389990801,42.75325393676758,26001200,0.0,0.0
2022-04-07 00:00:00-04:00,42.99430293083851,43.11928582510238,41.58377731703817,42.619354248046875,29486500,0.0,0.0
2022-04-08 00:00:00-04:00,42.85145593758457,43.64599280487617,42.78896450345114,43.50315475463867,23659800,0.0,0.0
2022-04-11 00:00:00-04:00,43.69062835137592,44.80655166506018,43.672773169693656,44.03879928588867,27041000,0.0,0.0
2022-04-12 00:00:00-04:00,44.35126659126401,44.54767022914384,42.85146504233983,43.22641372680664,25791900,0.0,0.0
2022-04-13 00:00:00-04:00,42.44080307628138,43.40495920274937,42.36045644861502,43.33354187011719,20645300,0.0,0.0
2022-04-14 00:00:00-04:00,40.96778939145809,42.690775817248436,40.20003335855312,41.378448486328125,65583200,0.0,0.0
2022-04-18 00:00:00-04:00,41.26238599136321,42.47651123261655,41.199894551492356,42.1104850769043,26120900,0.0,0.0
2022-04-19 00:00:00-04:00,42.30688836185187,43.02107867305243,42.25332621696685,42.6996955871582,19753300,0.0,0.0
2022-04-20 00:00:00-04:00,43.27997245484357,44.07450936558041,43.13713439679569,43.431739807128906,25893000,0.0,0.0
2022-04-21 00:00:00-04:00,43.87810660410666,44.18163788543956,42.494358953439544,42.655052185058594,19027600,0.0,0.0
2022-04-22 00:00:00-04:00,42.57471043467667,42.78003994175985,41.298093729549294,41.36951446533203,21676800,0.0,0.0
2022-04-25 00:00:00-04:00,40.85172024758869,41.03919795743894,39.75365208659281,40.914215087890625,30045500,0.0,0.0
2022-04-26 00:00:00-04:00,40.31607689362047,41.065977488324016,39.78043507120122,39.79829025268555,21527400,0.0,0.0
2022-04-27 00:00:00-04:00,39.64652291283258,40.342857963083134,39.40548307108562,39.79829025268555,19520900,0.0,0.0
2022-04-28 00:00:00-04:00,40.20895860854861,40.44999850663543,39.557259656919136,40.32501220703125,17431000,0.0,0.0
2022-04-29 00:00:00-04:00,40.20894902496541,40.530335479147126,38.84305659469314,38.95018768310547,27149400,0.0,0.0
2022-05-02 00:00:00-04:00,39.16444931597048,39.31621667940995,38.03959995186372,38.98590087890625,25009300,0.0,0.0
2022-05-03 00:00:00-04:00,39.19123687061611,39.851861712409004,38.97697804821965,39.42334747314453,21545300,0.0,0.0
2022-05-04 00:00:00-04:00,39.55725418265012,41.182038391840045,39.44119719469998,41.048126220703125,29468000,0.0,0.0
2022-05-05 00:00:00-04:00,40.3928554535642,40.44671382686107,39.00154667277039,40.177425384521484,29978600,0.25,0.0
2022-05-06 00:00:00-04:00,40.04279194642721,40.285149534585635,39.06438690866707,39.98893356323242,27035300,0.0,0.0
2022-05-09 00:00:00-04:00,39.4683096202212,39.979952190477974,38.8040700351775,39.45933151245117,27132700,0.0,0.0
2022-05-10 00:00:00-04:00,39.84532031881317,40.1325582218884,37.87055716706152,38.66944122314453,25276100,0.0,0.0
2022-05-11 00:00:00-04:00,38.6963660607416,39.95303094473784,38.13984308960249,38.21165084838867,25291600,0.0,0.0
2022-05-12 00:00:00-04:00,37.90645933665735,38.06803107055963,36.730576923067545,37.52946090698242,30171700,0.0,0.0
2022-05-13 00:00:00-04:00,38.103936309127945,38.76817260979209,37.9513392622323,38.27448272705078,21253200,0.0,0.0
2022-05-16 00:00:00-04:00,38.05905002878421,38.301404165016876,37.43071599345077,37.88850021362305,16837400,0.0,0.0
2022-05-17 00:00:00-04:00,38.588652242674776,39.333674423759476,38.56172133732898,39.23493576049805,23340500,0.0,0.0
2022-05-18 00:00:00-04:00,38.857939029135515,38.87589182543718,37.60127068118483,37.79874801635742,27351300,0.0,0.0
2022-05-19 00:00:00-04:00,37.43071572803317,37.97826390602477,37.31402429072062,37.70000076293945,25211900,0.0,0.0
2022-05-20 00:00:00-04:00,38.15778587548856,38.40912154822599,36.56900310500677,37.403785705566406,35410400,0.0,0.0
2022-05-23 00:00:00-04:00,38.35527026198482,39.782485010930124,38.35527026198482,39.333675384521484,27979100,0.0,0.0
2022-05-24 00:00:00-04:00,39.21699019256598,39.28880138786185,38.27449051125832,38.85794448852539,23996000,0.0,0.0
2022-05-25 00:00:00-04:00,38.678404535176966,39.908141660091246,38.62454616013408,39.60295104980469,22343900,0.0,0.0
2022-05-26 00:00:00-04:00,40.24027085247349,41.07505356806957,40.16845967203976,40.931434631347656,23502500,0.0,0.0
2022-05-27 00:00:00-04:00,41.021195538803205,41.33536086933964,40.79679075294996,41.191741943359375,19482600,0.0,0.0
2022-05-31 00:00:00-04:00,40.69805363123931,41.532839739967464,40.392862974025306,41.08403015136719,40727400,0.0,0.0
2022-06-01 00:00:00-04:00,41.25458233678953,41.35332100796542,39.85429841581054,40.5364875793457,20417900,0.0,0.0
2022-06-02 00:00:00-04:00,40.50056905948739,40.7788321872517,39.95302091164348,40.68907165527344,14633300,0.0,0.0
2022-06-03 00:00:00-04:00,40.24026320313517,40.68907272309441,40.042785918626734,40.231285095214844,12572400,0.0,0.0
2022-06-06 00:00:00-04:00,40.698057165845846,41.191747071353795,40.35696089012487,40.500579833984375,11867200,0.0,0.0
2022-06-07 00:00:00-04:00,40.17743461083138,40.87757992789235,40.06074657810919,40.81474685668945,13281600,0.0,0.0
2022-06-08 00:00:00-04:00,40.28515003581,40.4556964484973,39.70169619511612,40.06074523925781,12364400,0.0,0.0
2022-06-09 00:00:00-04:00,40.015858710533344,40.06073897800017,38.27447557000318,38.3014030456543,20142400,0.0,0.0
2022-06-10 00:00:00-04:00,36.82931713091129,37.19734089043393,35.92272318521018,35.97658157348633,27619300,0.0,0.0
2022-06-13 00:00:00-04:00,34.989194650835785,35.617528751345034,34.80069544792662,34.998172760009766,27553800,0.0,0.0
2022-06-14 00:00:00-04:00,34.800694932429636,35.276431987242525,33.2208833074567,33.59788513183594,36817600,0.0,0.0
2022-06-15 00:00:00-04:00,34.109529488001044,34.70195802108998,33.5081262695656,34.262123107910156,31358100,0.0,0.0
2022-06-16 00:00:00-04:00,33.53505777439921,33.86717595840651,32.79901021841227,33.79536819458008,37991500,0.0,0.0
2022-06-17 00:00:00-04:00,33.9569395281639,34.98022497523617,33.660723517618834,34.54039001464844,59114300,0.0,0.0
2022-06-21 00:00:00-04:00,35.77910047502299,35.850908227687995,34.89045599479421,34.998172760009766,24884700,0.0,0.0
2022-06-22 00:00:00-04:00,34.4596063791923,35.06998781255086,34.38779861158039,34.64810562133789,18631700,0.0,0.0
2022-06-23 00:00:00-04:00,34.163390521626894,34.4326756167946,33.3465571259356,34.019771575927734,23143800,0.0,0.0
2022-06-24 00:00:00-04:00,34.7199063028475,36.89214283376605,34.56730927862827,36.586952209472656,39407700,0.0,0.0
2022-06-27 00:00:00-04:00,36.658767434280406,36.79341168088758,35.81500663809236,36.12019729614258,16996800,0.0,0.0
2022-06-28 00:00:00-04:00,36.7754575330803,37.3050529665567,35.97657704044453,36.06633758544922,18136600,0.0,0.0
2022-06-29 00:00:00-04:00,36.14712677181069,36.38050626478526,35.50083983104169,35.64445877075195,15778700,0.0,0.0
2022-06-30 00:00:00-04:00,35.069976097733104,35.64445174331412,34.36085622465561,35.15973663330078,20425700,0.0,0.0
2022-07-01 00:00:00-04:00,34.75581787863707,35.976580586230696,34.52243495999059,35.83295822143555,15333900,0.0,0.0
2022-07-05 00:00:00-04:00,35.00714252147123,36.01247488640419,34.567307685731556,35.99452209472656,19144500,0.0,0.0
2022-07-06 00:00:00-04:00,35.55469415717334,35.931692546805294,34.9353347682848,35.455955505371094,17014100,0.0,0.0
2022-07-07 00:00:00-04:00,36.09326373193644,36.344599412134436,35.66240696835509,36.01247787475586,21060400,0.0,0.0
2022-07-08 00:00:00-04:00,36.17405092428391,36.533099952593275,35.77909973245985,36.06633758544922,14437500,0.0,0.0
2022-07-11 00:00:00-04:00,35.60855367239528,35.91374435151979,35.22258054870272,35.716270446777344,13111600,0.0,0.0
2022-07-12 00:00:00-04:00,35.07895640879216,36.326646421922575,35.01611992097462,35.54571533203125,15127300,0.0,0.0
2022-07-13 00:00:00-04:00,35.07895491486585,35.32130905062654,34.47754835714168,35.069976806640625,14116800,0.0,0.0
2022-07-14 00:00:00-04:00,34.19031552792944,34.78274406405462,33.597886991804266,34.77376937866211,24355300,0.0,0.0
2022-07-15 00:00:00-04:00,35.3661980145611,37.52946015968198,35.21360096929392,36.9190788269043,40328300,0.0,0.0
2022-07-18 00:00:00-04:00,37.63716669096202,38.40911961465745,36.820333500012296,36.97292709350586,17991300,0.0,0.0
2022-07-19 00:00:00-04:00,37.592290166511205,38.660455699750706,37.47559872071597,38.50786209106445,25724200,0.0,0.0
2022-07-20 00:00:00-04:00,38.184722668579845,38.62455417148437,38.023150934083525,38.34629440307617,19111200,0.0,0.0
2022-07-21 00:00:00-04:00,38.130869890096896,38.92975057029108,37.951345333794066,38.84896469116211,17809000,0.0,0.0
2022-07-22 00:00:00-04:00,38.750221252441406,39.07336472925008,38.319364424745075,38.750221252441406,15965400,0.0,0.0
2022-07-25 00:00:00-04:00,39.07336379085325,39.41446005530895,38.78612591262074,39.04643630981445,20297900,0.0,0.0
2022-07-26 00:00:00-04:00,38.69636128678697,39.20800391754536,38.42707623230548,38.50786209106445,15446700,0.0,0.0
2022-07-27 00:00:00-04:00,38.5796741328443,39.46831867805154,38.31936373409065,39.23493576049805,19498400,0.0,0.0
2022-07-28 00:00:00-04:00,39.09130914942893,39.342644813176825,38.337309006475145,38.884857177734375,14527300,0.0,0.0
2022-07-29 00:00:00-04:00,38.87589447838264,39.809415980753855,38.87589447838264,39.37855911254883,17512700,0.0,0.0
2022-08-01 00:00:00-04:00,38.99258387912428,39.63887091593088,38.74125155332,39.08234786987305,13668300,0.0,0.0
2022-08-02 00:00:00-04:00,39.03746222427289,39.08234250140932,38.47196114474598,38.48991394042969,17764000,0.0,0.0
2022-08-03 00:00:00-04:00,38.94769765038971,40.00688861051492,38.822031506670726,39.396507263183594,17359500,0.0,0.0
2022-08-04 00:00:00-04:00,39.31516685977995,39.40554517462579,38.53790094034353,38.6553955078125,15062800,0.3,0.0
2022-08-05 00:00:00-04:00,38.48367462793606,40.038202990716634,38.43848202362649,39.55015182495117,16021000,0.0,0.0
2022-08-08 00:00:00-04:00,39.739948473868886,39.93878143580525,38.98075898432739,39.03498458862305,12879700,0.0,0.0
2022-08-09 00:00:00-04:00,39.06210114150251,39.57726507257579,38.854228278763415,39.22478485107422,10489500,0.0,0.0
2022-08-10 00:00:00-04:00,39.803217127402846,40.399722955842435,39.803217127402846,40.0653190612793,14037600,0.0,0.0
2022-08-11 00:00:00-04:00,40.670863198970565,41.2221798961905,40.57144498173919,40.896812438964844,14038800,0.0,0.0
2022-08-12 00:00:00-04:00,41.14083466661889,41.538504055303754,40.84258003932161,41.52042770385742,10706000,0.0,0.0
2022-08-15 00:00:00-04:00,41.04141422926704,41.41197079451961,40.58951581077799,41.34870529174805,11070300,0.0,0.0
2022-08-16 00:00:00-04:00,41.19506507072187,41.86387285759237,40.987188746133654,41.62888717651367,12234100,0.0,0.0
2022-08-17 00:00:00-04:00,41.32160544226707,41.854845881138154,41.16795813900978,41.70119857788086,13151700,0.0,0.0
2022-08-18 00:00:00-04:00,41.70119857788086,41.75542764627386,41.357754706816664,41.70119857788086,7885900,0.0,0.0
2022-08-19 00:00:00-04:00,41.48427746560039,41.59273212399679,40.70701161038479,40.987186431884766,13142900,0.0,0.0
2022-08-22 00:00:00-04:00,40.30934301437971,40.43587748478687,39.87552088754765,40.13762283325195,12391400,0.0,0.0
2022-08-23 00:00:00-04:00,40.18280134588659,40.63469970591063,40.02011766046107,40.10145950317383,10475100,0.0,0.0
2022-08-24 00:00:00-04:00,40.06532227064035,40.39972619199032,39.785143962221134,40.345497131347656,11706700,0.0,0.0
2022-08-25 00:00:00-04:00,40.4810691175084,41.14084052454076,40.155701640569255,41.023345947265625,11783200,0.0,0.0
2022-08-26 00:00:00-04:00,41.19506569531224,41.321596713789326,39.712835835077485,39.739952087402344,13405200,0.0,0.0
2022-08-29 00:00:00-04:00,39.58630470304319,40.05627951868969,39.38747172359742,39.694759368896484,12504900,0.0,0.0
2022-08-30 00:00:00-04:00,40.00205514241039,40.16473888408124,39.36036007677099,39.89360046386719,14365000,0.0,0.0
2022-08-31 00:00:00-04:00,40.02011530129263,40.30029350916706,39.41457318945808,39.50495147705078,22609100,0.0,0.0
2022-09-01 00:00:00-04:00,39.45977701044911,39.53208242558604,38.682511036286854,39.49592971801758,13173000,0.0,0.0
2022-09-02 00:00:00-04:00,40.03820231548582,40.49010076926717,39.01691084458071,39.20671081542969,13025900,0.0,0.0
2022-09-06 00:00:00-04:00,39.504959934456735,39.65860719351065,38.284835552192064,38.75481033325195,14708700,0.0,0.0
2022-09-07 00:00:00-04:00,38.44752403693384,39.68572492387805,38.18542208746255,39.622459411621094,19475800,0.0,0.0
2022-09-08 00:00:00-04:00,39.423617305817984,40.905843575934064,39.170555293177095,40.87873077392578,18500300,0.0,0.0
2022-09-09 00:00:00-04:00,41.1317964853275,41.40293832063803,40.89681080213158,40.9691162109375,12875500,0.0,0.0
2022-09-12 00:00:00-04:00,41.28544656776019,41.70119235358197,40.905850041092386,41.14987564086914,12127900,0.0,0.0
2022-09-13 00:00:00-04:00,40.08338737562607,40.24607107818136,38.89941575423181,39.06209945678711,21124900,0.0,0.0
2022-09-14 00:00:00-04:00,39.08921638906105,39.41458382855762,38.18541947833132,39.116329193115234,15067800,0.0,0.0
2022-09-15 00:00:00-04:00,39.224792590519996,40.39068814221162,39.17959998072427,39.89360046386719,13173200,0.0,0.0
2022-09-16 00:00:00-04:00,39.49592408548765,39.82129151177916,39.161520207448696,39.712833404541016,21238800,0.0,0.0
2022-09-19 00:00:00-04:00,39.25189954147048,40.318380156533806,39.233823189791764,40.056278228759766,11324100,0.0,0.0
2022-09-20 00:00:00-04:00,39.66764009456768,40.029160185396954,38.94460336062024,39.23381805419922,19503900,0.0,0.0
2022-09-21 00:00:00-04:00,39.45977215345572,39.59534306629444,38.17638222215164,38.203495025634766,19207100,0.0,0.0
2022-09-22 00:00:00-04:00,38.40233417494503,38.420407080077496,37.453344613037096,37.52565002441406,15499000,0.0,0.0
2022-09-23 00:00:00-04:00,36.892994695787095,37.03760208348999,35.880742981866796,36.522438049316406,23316200,0.0,0.0
2022-09-26 00:00:00-04:00,36.27841377370377,36.639933980146274,35.55537680853096,36.160919189453125,21420000,0.0,0.0
2022-09-27 00:00:00-04:00,36.34167313094528,36.685116924063564,35.618636288363334,36.17898941040039,17541400,0.0,0.0
2022-09-28 00:00:00-04:00,36.06149804526742,37.109902321714145,36.06149804526742,36.88395309448242,16033500,0.0,0.0
2022-09-29 00:00:00-04:00,36.29648771835598,36.77549902952591,35.944007436724384,36.60377883911133,14811300,0.0,0.0
2022-09-30 00:00:00-04:00,36.73030871388799,37.18220720386734,36.314562930557834,36.35071563720703,21182200,0.0,0.0
2022-10-03 00:00:00-04:00,37.31776644706639,37.77870124554964,36.73029721492443,37.57986831665039,16827600,0.0,0.0
2022-10-04 00:00:00-04:00,38.10407765598048,39.39650751541367,38.10407765598048,39.351318359375,18601300,0.0,0.0
2022-10-05 00:00:00-04:00,38.70961820076928,39.3513130947187,38.46559265355376,39.14344024658203,15873400,0.0,0.0
2022-10-06 00:00:00-04:00,38.745773557683926,38.98979914335292,38.14926771973029,38.17638397216797,15634800,0.0,0.0
2022-10-07 00:00:00-04:00,37.98658555060472,38.06792741582341,37.40815604136594,37.769676208496094,17186700,0.0,0.0
2022-10-10 00:00:00-04:00,37.905249552846556,38.05889685435951,37.19125245619622,37.4623908996582,10973700,0.0,0.0
2022-10-11 00:00:00-04:00,37.25450928751445,37.344887598347945,36.20610502237279,36.35974884033203,19135900,0.0,0.0
2022-10-12 00:00:00-04:00,36.36879369489549,37.254514363037444,36.11572818420348,36.612815856933594,16469900,0.0,0.0
2022-10-13 00:00:00-04:00,35.92592327057986,38.565008306246845,35.92592327057986,38.30290985107422,23808700,0.0,0.0
2022-10-14 00:00:00-04:00,39.58629969547975,40.60759105889996,38.98075748604405,39.01690673828125,33954200,0.0,0.0
2022-10-17 00:00:00-04:00,40.363562029249245,40.84257319531881,39.66763812988328,39.73090362548828,24507000,0.0,0.0
2022-10-18 00:00:00-04:00,40.77028105016966,40.94200122984738,39.60438215481569,40.37260818481445,24810400,0.0,0.0
2022-10-19 00:00:00-04:00,39.929741938949725,40.23703298146354,39.13439980872967,39.423614501953125,17876800,0.0,0.0
2022-10-20 00:00:00-04:00,39.47784598656796,40.15569361209596,39.31516228062433,39.45073318481445,17572700,0.0,0.0
2022-10-21 00:00:00-04:00,39.44169152308832,40.56240106420258,39.37842602334998,40.5172119140625,18632800,0.0,0.0
2022-10-24 00:00:00-04:00,40.625670500155245,41.14987089844995,40.51721583976866,40.851619720458984,16154300,0.0,0.0
2022-10-25 00:00:00-04:00,40.47202020959871,41.21313332093122,40.10146365393246,41.0052604675293,16362200,0.0,0.0
2022-10-26 00:00:00-04:00,41.267367498150385,41.76445511784661,41.09564732340781,41.30352020263672,15010800,0.0,0.0
2022-10-27 00:00:00-04:00,41.5927313524818,42.01751697424608,41.16794573071752,41.25832748413086,14655500,0.0,0.0
2022-10-28 00:00:00-04:00,41.49331797806064,42.01752186574952,41.095648559881035,41.890987396240234,14990400,0.0,0.0
2022-10-31 00:00:00-04:00,41.7011955413,42.04463938735544,41.55658815049437,41.56562805175781,14000000,0.0,0.0
2022-11-01 00:00:00-04:00,42.09887693266615,42.53269919247704,41.80965864507938,42.43328094482422,22409100,0.0,0.0
2022-11-02 00:00:00-04:00,42.369998931884766,42.97554118990074,42.017518698387526,42.369998931884766,29246700,0.0,0.0
2022-11-03 00:00:00-04:00,42.02435519846741,42.02435519846741,41.30575609602178,41.424007415771484,17140100,0.3,0.0
2022-11-04 00:00:00-04:00,42.142594104836746,42.670170621541686,41.751458175421945,42.51553726196289,27082500,0.0,0.0
2022-11-07 00:00:00-05:00,42.870294114895444,43.497929238924755,42.57921665419341,42.81571578979492,17713300,0.0,0.0
2022-11-08 00:00:00-05:00,42.97944827818732,43.17956533821585,42.49735187348272,42.915775299072266,14842700,0.0,0.0
2022-11-09 00:00:00-05:00,42.57011312456422,42.752037381874665,41.796939368390575,41.81513214111328,18318700,0.0,0.0
2022-11-10 00:00:00-05:00,42.77023172705871,43.76171532244042,42.68836598175502,43.61617660522461,23091900,0.0,0.0
2022-11-11 00:00:00-05:00,43.752616076030584,43.989118654124425,43.05221340300259,43.25232696533203,18076600,0.0,0.0
2022-11-14 00:00:00-05:00,42.93396078689361,43.27051840079107,42.633785247802734,42.633785247802734,13929900,0.0,0.0
2022-11-15 00:00:00-05:00,43.09768878314895,43.2159365890622,42.060725131809754,42.488243103027344,19076000,0.0,0.0
2022-11-16 00:00:00-05:00,42.45186301067281,42.61559449978794,41.86970814711534,42.03343963623047,14713300,0.0,0.0
2022-11-17 00:00:00-05:00,41.58773479292152,41.99706010441442,41.360330299906714,41.83333206176758,11350900,0.0,0.0
2022-11-18 00:00:00-05:00,42.49734297025228,42.54282316438959,41.81512964844343,42.29722595214844,10515300,0.0,0.0
2022-11-21 00:00:00-05:00,42.188082909384384,42.8339108427932,42.188082909384384,42.60650634765625,11656800,0.0,0.0
2022-11-22 00:00:00-05:00,42.8702893306204,43.11588656128882,42.6701722975017,42.85209655761719,11684900,0.0,0.0
2022-11-23 00:00:00-05:00,42.86119318578709,43.20684894895544,42.74294536068795,43.052215576171875,10878500,0.0,0.0
2022-11-25 00:00:00-05:00,43.079496027686,43.33418788041035,42.7702258622709,43.15226364135742,4913300,0.0,0.0
2022-11-28 00:00:00-05:00,42.86118687059825,43.43424701748403,42.67926262889778,42.73384094238281,12492600,0.0,0.0
2022-11-29 00:00:00-05:00,42.915768863316565,43.343290347477286,42.788422924183564,43.2705192565918,13344900,0.0,0.0
2022-11-30 00:00:00-05:00,43.043116388098774,43.61617660522461,41.96976704741336,43.61617660522461,26417000,0.0,0.0
2022-12-01 00:00:00-05:00,43.59798136346601,43.825385813110664,42.26084208918217,42.633785247802734,15980300,0.0,0.0
2022-12-02 00:00:00-05:00,42.19717051372991,42.31542180302502,40.82364911930193,41.787841796875,29820400,0.0,0.0
2022-12-05 00:00:00-05:00,41.56953809946673,41.73326959660028,39.67753123033103,39.71391677856445,32574600,0.0,0.0
2022-12-06 00:00:00-05:00,39.732105046404214,39.886738403982996,38.80429449118211,39.477413177490234,25961400,0.0,0.0
2022-12-07 00:00:00-05:00,39.19543228917248,39.422836745835134,38.60417931388291,38.613277435302734,24114900,0.0,0.0
2022-12-08 00:00:00-05:00,38.84978088286963,39.01351238754838,38.30401151388514,38.73153305053711,17161400,0.0,0.0
2022-12-09 00:00:00-05:00,38.50413049551631,39.04080176892389,38.49503237262491,38.65876388549805,16023700,0.0,0.0
2022-12-12 00:00:00-05:00,38.749718731098866,39.049894284905164,38.304007931098646,38.98622131347656,18428900,0.0,0.0
2022-12-13 00:00:00-05:00,39.9140303848445,40.095954640419734,38.304006448365996,38.76791000366211,31496000,0.0,0.0
2022-12-14 00:00:00-05:00,38.740622760150245,39.32277760476792,38.158467915532576,38.367679595947266,22044400,0.0,0.0
2022-12-15 00:00:00-05:00,37.67636627228222,37.94015625769312,37.30342312632477,37.63088607788086,16766600,0.0,0.0
2022-12-16 00:00:00-05:00,37.32162434894838,37.70366570224306,37.15789283609598,37.4671630859375,29836200,0.0,0.0
2022-12-19 00:00:00-05:00,37.60360597092337,38.122087921784576,37.394394260042276,38.04022216796875,17454200,0.0,0.0
2022-12-20 00:00:00-05:00,37.55812876961071,38.71334406804911,37.26705128164863,37.276145935058594,25415400,0.0,0.0
2022-12-21 00:00:00-05:00,37.621801825224956,37.87649376019982,37.22156767607318,37.40349197387695,20170800,0.0,0.0
2022-12-22 00:00:00-05:00,37.030541361541125,37.05783225623135,36.4029063023328,37.00325393676758,17382700,0.0,0.0
2022-12-23 00:00:00-05:00,37.01235587724377,37.294338711795895,36.79404949623088,37.276145935058594,10167500,0.0,0.0
2022-12-27 00:00:00-05:00,37.30342809792949,37.42167939506608,36.9395830243108,37.330718994140625,10297400,0.0,0.0
2022-12-28 00:00:00-05:00,37.23976045284529,37.63999460199707,37.166992815674206,37.40349197387695,11889400,0.0,0.0
2022-12-29 00:00:00-05:00,37.43077382859376,37.658178278415306,37.34890808786134,37.594505310058594,11597100,0.0,0.0
2022-12-30 00:00:00-05:00,37.39438924187946,37.685466667515065,37.28523607474526,37.55812072753906,10021500,0.0,0.0
2023-01-03 00:00:00-05:00,37.84920032865995,38.33129669196936,37.70366160747691,38.01293182373047,15944300,0.0,0.0
2023-01-04 00:00:00-05:00,38.44045027290604,39.16814735645277,38.41316284674394,38.795204162597656,18943600,0.0,0.0
2023-01-05 00:00:00-05:00,38.73153693469525,38.77701714168539,38.140283834071234,38.585994720458984,12380700,0.0,0.0
2023-01-06 00:00:00-05:00,38.74062551831672,39.113568709071664,38.29491123184529,38.931644439697266,15247000,0.0,0.0
2023-01-09 00:00:00-05:00,39.22271730308233,39.231815423943004,38.349485075944074,38.55869674682617,21225600,0.0,0.0
2023-01-10 00:00:00-05:00,38.81339719723492,39.00441960847996,38.22214759742248,38.53141784667969,18348800,0.0,0.0
2023-01-11 00:00:00-05:00,38.549608374623965,38.95893713211306,38.222145368632695,38.877071380615234,18272100,0.0,0.0
2023-01-12 00:00:00-05:00,39.1590445201973,39.6138534077023,38.9316400764448,38.95893096923828,20940400,0.0,0.0
2023-01-13 00:00:00-05:00,37.639986197604784,40.35064687289106,36.80313600252931,40.22330093383789,41649700,0.0,0.0
2023-01-17 00:00:00-05:00,39.877640003179486,40.359736272553654,39.277292461536064,40.13233184814453,25473900,0.0,0.0
2023-01-18 00:00:00-05:00,39.98680126824049,40.57805427962996,39.38645360479254,39.459224700927734,20278000,0.0,0.0
2023-01-19 00:00:00-05:00,39.03169917247064,39.29548916396109,38.67694879008109,39.068084716796875,18565300,0.0,0.0
2023-01-20 00:00:00-05:00,39.18633711712737,39.96860552292548,38.895256224142514,39.95041275024414,23237200,0.0,0.0
2023-01-23 00:00:00-05:00,39.96861076518661,41.096538529951985,39.904937787408905,40.9600944519043,19692000,0.0,0.0
2023-01-24 00:00:00-05:00,40.85093371538373,41.11472370019467,40.35973928916676,40.43251037597656,13697200,0.0,0.0
2023-01-25 00:00:00-05:00,40.06867262347128,41.3148483248777,40.05047984689167,41.24208068847656,17285300,0.0,0.0
2023-01-26 00:00:00-05:00,41.41489846050032,41.751459554079105,41.07834083683816,41.669593811035156,16724600,0.0,0.0
2023-01-27 00:00:00-05:00,41.66959311790931,42.17897687067272,41.66959311790931,41.95157241821289,18161800,0.0,0.0
2023-01-30 00:00:00-05:00,41.76054928225775,42.43366792014221,41.66958889845108,42.106204986572266,19427400,0.0,0.0
2023-01-31 00:00:00-05:00,42.13349615256781,42.642883368941774,41.896997051700644,42.633785247802734,22840400,0.0,0.0
2023-02-01 00:00:00-05:00,42.44276979716671,43.47973361675495,42.26994365054094,43.052215576171875,21874600,0.0,0.0
2023-02-02 00:00:00-05:00,43.317686119241,43.54654118263178,42.502962652298045,43.23529815673828,19058000,0.3,0.0
2023-02-03 00:00:00-05:00,43.024752958675236,43.976790883512685,42.97898264329966,43.55569839477539,17346900,0.0,0.0
2023-02-06 00:00:00-05:00,43.26276134758137,43.72047149235585,43.16206804905406,43.647239685058594,15948900,0.0,0.0
2023-02-07 00:00:00-05:00,43.42753519430236,44.31549394999433,43.34514723251598,44.05917739868164,21764800,0.0,0.0
2023-02-08 00:00:00-05:00,43.665541229548815,44.498573414465035,43.583153277543886,44.16902160644531,18070500,0.0,0.0
2023-02-09 00:00:00-05:00,44.370418896175,44.516885990753224,43.47330750537701,43.546539306640625,17362100,0.0,0.0
2023-02-10 00:00:00-05:00,43.40007466564273,43.6747000469962,43.00644367195065,43.491615295410156,18929000,0.0,0.0
2023-02-13 00:00:00-05:00,43.33599456656243,44.07748622263985,43.143757153077914,44.05917739868164,16451700,0.0,0.0
2023-02-14 00:00:00-05:00,43.876091309524256,44.70912356786946,43.71131539098995,44.39788055419922,16844400,0.0,0.0
2023-02-15 00:00:00-05:00,43.866938289372584,44.178181325304415,43.66554820168817,43.91271209716797,12854000,0.0,0.0
2023-02-16 00:00:00-05:00,43.574003889790745,43.76624480236708,43.198681715029295,43.22614669799805,12631700,0.0,0.0
2023-02-17 00:00:00-05:00,43.1071390718512,43.54654036627802,43.04305993466715,43.47330856323242,13463800,0.0,0.0
2023-02-21 00:00:00-05:00,43.08882598848856,43.08882598848856,42.08186522481092,42.32902908325195,13652700,0.0,0.0
2023-02-22 00:00:00-05:00,42.063565326274166,42.319881904047335,41.82555408229782,42.11848831176758,13402900,0.0,0.0
2023-02-23 00:00:00-05:00,42.21917494864052,42.512109107621065,41.91708812496398,42.33818054199219,14783600,0.0,0.0
2023-02-24 00:00:00-05:00,41.962868396056884,42.80505343007866,41.83471010757979,42.67689514160156,16040300,0.0,0.0
2023-02-27 00:00:00-05:00,42.969831378926564,43.41838890161743,42.76844126992699,42.8233642578125,15468200,0.0,0.0
2023-02-28 00:00:00-05:00,42.72266105017803,43.05221289627477,42.60365893290506,42.814205169677734,18627200,0.0,0.0
2023-03-01 00:00:00-05:00,42.567039422297285,42.95151423121745,42.33818437163977,42.731815338134766,13382200,0.0,0.0
2023-03-02 00:00:00-05:00,42.53042386682049,42.67689096675932,41.541771815246136,41.926246643066406,19115000,0.0,0.0
2023-03-03 00:00:00-05:00,42.1276501876484,43.00645299531556,42.02695337784346,42.887447357177734,14947200,0.0,0.0
2023-03-06 00:00:00-05:00,42.914901659437696,43.18952703194257,42.576193657698994,42.6860466003418,14236000,0.0,0.0
2023-03-07 00:00:00-05:00,42.28325892297541,42.35649421713802,40.388339337155784,40.6904296875,24056800,0.0,0.0
2023-03-08 00:00:00-05:00,40.51650152774172,40.791130415356456,39.912324260681764,40.13202667236328,14852000,0.0,0.0
2023-03-09 00:00:00-05:00,39.7658561217871,39.84824408753047,37.37661209933219,37.65123748779297,33599800,0.0,0.0
2023-03-10 00:00:00-05:00,37.14775539689779,38.77720232337612,36.36964608967584,37.86178207397461,55435400,0.0,0.0
2023-03-13 00:00:00-04:00,36.43373062077079,37.12029590944882,34.978212069091285,35.16129684448242,78806900,0.0,0.0
2023-03-14 00:00:00-04:00,37.98993710924754,38.08147772955793,36.040091166589036,36.77242660522461,52855100,0.0,0.0
2023-03-15 00:00:00-04:00,35.060587507311396,35.683073425837065,34.859197469235724,35.56406784057617,47324600,0.0,0.0
2023-03-16 00:00:00-04:00,35.362687075066226,36.67173838003549,34.92328575125191,35.976016998291016,40388800,0.0,0.0
2023-03-17 00:00:00-04:00,35.48167747186249,35.48167747186249,34.35571129698982,34.56625747680664,47403800,0.0,0.0
2023-03-20 00:00:00-04:00,34.895812444851074,35.19790274720178,34.28248266790941,34.30994415283203,34283700,0.0,0.0
2023-03-21 00:00:00-04:00,35.335217944805315,35.664769772004576,35.115519054706404,35.22536849975586,34664700,0.0,0.0
2023-03-22 00:00:00-04:00,35.435909771657506,35.435909771657506,34.04447085798942,34.053627014160156,22994400,0.0,0.0
2023-03-23 00:00:00-04:00,34.31910531085408,34.456416247529404,33.42199042939724,33.51353454589844,30239900,0.0,0.0
2023-03-24 00:00:00-04:00,32.955129872912565,33.39453118550525,32.26856466722688,33.16567611694336,35694800,0.0,0.0
2023-03-27 00:00:00-04:00,33.888860483290266,34.50219041820889,33.833934007247,34.30080032348633,27454600,0.0,0.0
2023-03-28 00:00:00-04:00,34.20009618266092,34.41064239084998,33.751538788135974,34.03532028198242,15270000,0.0,0.0
2023-03-29 00:00:00-04:00,34.41980255768519,34.79512474835811,34.14517716071377,34.75851058959961,20789100,0.0,0.0
2023-03-30 00:00:00-04:00,35.06059545976723,35.24368021122278,34.02616958228688,34.21841049194336,22340400,0.0,0.0
2023-03-31 00:00:00-04:00,34.53880618795218,34.740199763758405,34.15433135274159,34.21841049194336,30287900,0.0,0.0
2023-04-03 00:00:00-04:00,34.34657069482895,34.93243913867271,34.236721234621086,34.52965545654297,21541000,0.0,0.0
2023-04-04 00:00:00-04:00,34.51133659788115,34.602877206099386,33.312135074740176,33.69661331176758,21942700,0.0,0.0
2023-04-05 00:00:00-04:00,33.41283457966772,33.879697307155304,33.202288369855616,33.76984786987305,15486900,0.0,0.0
2023-04-06 00:00:00-04:00,33.971252153805125,34.87751640895747,33.925481831472986,34.694435119628906,23484900,0.0,0.0
2023-04-10 00:00:00-04:00,34.51134130030677,35.43591414067219,34.42895334486424,35.3626823425293,27005800,0.0,0.0
2023-04-11 00:00:00-04:00,35.49083422933764,36.19570805653236,35.43590777156461,36.04008483886719,25116100,0.0,0.0
2023-04-12 00:00:00-04:00,36.08586668531474,36.479497695156894,35.60069504194938,35.87532043457031,20252900,0.0,0.0
2023-04-13 00:00:00-04:00,35.99432187364876,36.323873703360746,35.7380053358954,36.305564880371094,22397800,0.0,0.0
2023-04-14 00:00:00-04:00,36.387958759696005,37.083676686271815,35.81124296384339,36.287261962890625,40963100,0.0,0.0
2023-04-17 00:00:00-04:00,36.461188904208335,37.806854248046875,36.21402502667448,37.806854248046875,31445100,0.0,0.0
2023-04-18 00:00:00-04:00,37.72446283614015,38.50257204428241,37.66038370620558,38.32863998413086,27892300,0.0,0.0
2023-04-19 00:00:00-04:00,38.42019826703619,38.82298201694574,38.25542230297048,38.667362213134766,23310500,0.0,0.0
2023-04-20 00:00:00-04:00,38.32863830582805,38.49341420188778,37.9441635430557,38.14555358886719,19265500,0.0,0.0
2023-04-21 00:00:00-04:00,37.724465256474716,37.89839732778544,36.80904506490551,37.751930236816406,23975300,0.0,0.0
2023-04-24 00:00:00-04:00,37.65123769064105,38.0814828544621,37.56884972445382,37.94417190551758,17327800,0.0,0.0
2023-04-25 00:00:00-04:00,37.25759944850643,37.58715124925013,36.97381795518812,37.12028503417969,20728000,0.0,0.0
2023-04-26 00:00:00-04:00,36.836520251044554,37.028757706442505,35.921099805852165,36.12248992919922,26915600,0.0,0.0
2023-04-27 00:00:00-04:00,36.18655927696378,36.415414326258116,35.99432187364876,36.305564880371094,21695800,0.0,0.0
2023-04-28 00:00:00-04:00,35.93024082303797,36.543570646253244,35.664768141922075,36.3879508972168,20193000,0.0,0.0
2023-05-01 00:00:00-04:00,37.06536001982613,37.69699860841516,36.79073120630441,36.97381591796875,26564300,0.0,0.0
2023-05-02 00:00:00-04:00,36.625964068560585,36.625964068560585,35.07890504395555,35.55492401123047,36239500,0.0,0.0
2023-05-03 00:00:00-04:00,35.728857763030014,36.31472627126333,35.344382864021306,35.38100051879883,25202700,0.0,0.0
2023-05-04 00:00:00-04:00,34.762855179279775,35.13188901693899,33.5819525297583,33.87717819213867,53247000,0.3,0.0
2023-05-05 00:00:00-04:00,34.559892746006454,35.316409088705186,34.43995971757072,35.00273132324219,27039700,0.0,0.0
2023-05-08 00:00:00-04:00,35.4547968755954,35.77769889766643,35.19647525793857,35.408668518066406,22735400,0.0,0.0
2023-05-09 00:00:00-04:00,35.002727429270216,35.676211243853224,34.84589032367056,35.556278228759766,18999100,0.0,0.0
2023-05-10 00:00:00-04:00,36.16519057375947,36.19286688878845,34.965835491131884,35.31641387939453,17941600,0.0,0.0
2023-05-11 00:00:00-04:00,34.836666645483156,35.50092627538023,34.51376461393219,35.36254119873047,18536200,0.0,0.0
2023-05-12 00:00:00-04:00,35.48247546052696,35.54705586908052,34.30157253912669,34.58757400512695,17658600,0.0,0.0
2023-05-15 00:00:00-04:00,34.68904901404902,36.072920706407906,34.559888219194356,35.768470764160156,24405800,0.0,0.0
2023-05-16 00:00:00-04:00,35.68544569789105,35.768478157369785,35.35331585997609,35.41789627075195,21821200,0.0,0.0
2023-05-17 00:00:00-04:00,35.9714409914742,37.46602148585585,35.87918076381618,37.327632904052734,29241600,0.0,0.0
2023-05-18 00:00:00-04:00,37.19847317162921,37.19847317162921,36.50653728150312,37.096988677978516,27213900,0.0,0.0
2023-05-19 00:00:00-04:00,37.20771216091302,37.3276452173792,36.55267664625092,36.93093490600586,19774900,0.0,0.0
2023-05-22 00:00:00-04:00,37.087772141509156,38.03802983572821,36.99551189198339,37.8073844909668,27519400,0.0,0.0
2023-05-23 00:00:00-04:00,37.835056254186384,38.8591220248202,37.807379942342735,38.01957321166992,26116600,0.0,0.0
2023-05-24 00:00:00-04:00,37.724342700861506,38.09337656900442,37.53060150380198,37.70589065551758,21193700,0.0,0.0
2023-05-25 00:00:00-04:00,37.47525256322447,38.0933838831433,37.38299583815885,37.733577728271484,17691800,0.0,0.0
2023-05-26 00:00:00-04:00,37.73357491681637,38.30557431221535,37.60441058423241,38.03802490234375,17399400,0.0,0.0
2023-05-30 00:00:00-04:00,38.047257620365116,38.213319030774166,37.21693297147656,37.8073844909668,14752600,0.0,0.0
2023-05-31 00:00:00-04:00,37.17079337025657,37.3368582498355,36.25743653257245,36.72795486450195,27221100,0.0,0.0
2023-06-01 00:00:00-04:00,37.09698796903328,37.392213661629036,36.60802107555302,36.95860290527344,17079400,0.0,0.0
2023-06-02 00:00:00-04:00,37.47524222603037,38.333242906069465,37.253824739201406,38.047245025634766,16906100,0.0,0.0
2023-06-05 00:00:00-04:00,37.97344075098738,37.97344075098738,37.30918118353435,37.31840896606445,18443900,0.0,0.0
2023-06-06 00:00:00-04:00,37.272283618433754,38.39783034152672,37.143119288167085,38.06570053100586,18825100,0.0,0.0
2023-06-07 00:00:00-04:00,38.24099271830763,38.87757250055006,37.81660619681268,38.812992095947266,17781800,0.0,0.0
2023-06-08 00:00:00-04:00,38.47164344832744,39.117451104745946,38.34248262091746,39.08977127075195,17157300,0.0,0.0
2023-06-09 00:00:00-04:00,39.05287177853082,39.182032609537494,38.77609454709516,38.86835479736328,11098900,0.0,0.0
2023-06-12 00:00:00-04:00,38.84989724800584,39.44957295270384,38.204089665019524,38.591575622558594,19433400,0.0,0.0
2023-06-13 00:00:00-04:00,38.45318620031724,39.98467091139363,38.31479760716176,39.34809112548828,18864000,0.0,0.0
2023-06-14 00:00:00-04:00,39.44035145888594,39.66177252437022,38.739191203694524,38.82222366333008,14826100,0.0,0.0
2023-06-15 00:00:00-04:00,38.58235254912514,39.13589996247776,38.3978355715514,39.08054733276367,14188200,0.0,0.0
2023-06-16 00:00:00-04:00,39.28351221824098,39.43112508086294,38.803769534877546,38.91447830200195,36422100,0.0,0.0
2023-06-20 00:00:00-04:00,38.85912781019603,38.87757986062836,38.13951544017886,38.646934509277344,16679600,0.0,0.0
2023-06-21 00:00:00-04:00,38.61002000767861,38.71150449803425,38.314794319026454,38.425506591796875,11686500,0.0,0.0
2023-06-22 00:00:00-04:00,38.33325414140019,38.407062338221074,37.752026909225556,37.88119125366211,11504400,0.0,0.0
2023-06-23 00:00:00-04:00,37.39222572889453,37.58597051167244,37.18003241382252,37.466033935546875,18952000,0.0,0.0
2023-06-26 00:00:00-04:00,37.622859960647936,38.028797938355154,37.327634260152486,37.44757080078125,13618500,0.0,0.0
2023-06-27 00:00:00-04:00,37.47524845111417,37.88118644334421,37.216926833780924,37.7427978515625,11749600,0.0,0.0
2023-06-28 00:00:00-04:00,37.75202392157838,37.77047596932333,37.253832709937726,37.475250244140625,13959600,0.0,0.0
2023-06-29 00:00:00-04:00,38.268669292565626,39.21892684058038,38.16718479338578,39.16357421875,23956300,0.0,0.0
2023-06-30 00:00:00-04:00,39.624867944723185,39.87396532059872,39.32041442330807,39.375770568847656,20062200,0.0,0.0
2023-07-03 00:00:00-04:00,39.56028117756419,40.224537220456135,39.43112037809542,40.04002380371094,9249100,0.0,0.0
2023-07-05 00:00:00-04:00,39.883192849560416,40.2429990265964,39.45880625712662,40.11383819580078,15722200,0.0,0.0
2023-07-06 00:00:00-04:00,39.8739687760705,39.957001241891255,38.969839436782635,39.569515228271484,14978600,0.0,0.0
2023-07-07 00:00:00-04:00,39.29273256103644,40.06770089230235,39.29273256103644,39.458797454833984,13506500,0.0,0.0
2023-07-10 00:00:00-04:00,39.40344242894606,39.661767559569036,39.00673222916563,39.043636322021484,16675800,0.0,0.0
2023-07-11 00:00:00-04:00,39.071315983710306,39.60641481791962,38.81299435029522,39.43112564086914,15401100,0.0,0.0
2023-07-12 00:00:00-04:00,39.95699002631303,40.45518116203097,39.68021287168697,39.910858154296875,13998300,0.0,0.0
2023-07-13 00:00:00-04:00,40.104605586330365,40.37215145758354,39.947764953447376,40.32602310180664,18034800,0.0,0.0
2023-07-14 00:00:00-04:00,41.28551158145031,41.80215835648124,39.94776804421124,40.18764114379883,30897600,0.0,0.0
2023-07-17 00:00:00-04:00,40.1876409116174,41.63609320679183,40.17841312818061,41.27628707885742,25173900,0.0,0.0
2023-07-18 00:00:00-04:00,41.3039653125521,42.16196620495509,41.14712466114174,42.069705963134766,24183200,0.0,0.0
2023-07-19 00:00:00-04:00,42.374154164595566,42.96460556067696,42.01434806506896,42.67860412597656,18932700,0.0,0.0
2023-07-20 00:00:00-04:00,42.780087115222855,43.58273525295379,42.63247427139323,43.48125076293945,18927200,0.0,0.0
2023-07-21 00:00:00-04:00,43.52738280987042,43.555059120634255,42.39260831676783,42.401832580566406,16215400,0.0,0.0
2023-07-24 00:00:00-04:00,42.41105892650615,43.20447932228428,42.40183114365218,42.82621765136719,12053200,0.0,0.0
2023-07-25 00:00:00-04:00,42.798540744629356,43.02918604161,41.91286364887199,41.95899200439453,13537400,0.0,0.0
2023-07-26 00:00:00-04:00,42.881569616431534,43.204475116898166,42.54021559078864,42.84466552734375,19520900,0.0,0.0
2023-07-27 00:00:00-04:00,42.9553834447104,43.51815504016843,42.05125425934164,42.22654342651367,19509600,0.0,0.0
2023-07-28 00:00:00-04:00,42.48486915161757,42.65093407103868,42.04203053961745,42.567901611328125,12616400,0.0,0.0
2023-07-31 00:00:00-04:00,42.752418220026726,43.06609600747703,42.30957961175014,42.58635330200195,11696600,0.0,0.0
2023-08-01 00:00:00-04:00,42.447958187602225,42.58634677118982,41.82983049147818,42.17118453979492,12699200,0.0,0.0
2023-08-02 00:00:00-04:00,41.60841369628906,41.672994103371146,41.11022248727988,41.60841369628906,13911700,0.0,0.0
2023-08-03 00:00:00-04:00,41.571222292728415,42.20348452543785,41.38526218659729,41.9803352355957,12145400,0.35,0.0
2023-08-04 00:00:00-04:00,41.9338423724035,42.49172268844891,41.57122211776567,41.701393127441406,10840800,0.0,0.0
2023-08-07 00:00:00-04:00,42.00823068841167,42.26857272545741,41.766481470959846,41.89665603637695,10860300,0.0,0.0
2023-08-08 00:00:00-04:00,40.892466216139844,41.42245015216569,40.33458950881588,41.357364654541016,14520000,0.0,0.0
2023-08-09 00:00:00-04:00,41.115620963962385,41.1435137365744,40.51125154681452,40.65072250366211,11973800,0.0,0.0
2023-08-10 00:00:00-04:00,40.91107134034508,41.27369163244959,40.55774745836623,40.6042366027832,11982200,0.0,0.0
2023-08-11 00:00:00-04:00,40.455454872304905,40.77158590793377,40.33458384904469,40.660011291503906,7316000,0.0,0.0
2023-08-14 00:00:00-04:00,40.47406669526225,40.82739058697993,40.23232100949403,40.66932678222656,10677000,0.0,0.0
2023-08-15 00:00:00-04:00,40.10215252169213,40.223023598781495,39.53497568633777,39.73023223876953,13835900,0.0,0.0
2023-08-16 00:00:00-04:00,39.665136590893056,39.7302220917476,39.18164176533519,39.25602722167969,10076700,0.0,0.0
2023-08-17 00:00:00-04:00,39.48847961425781,39.74882163852156,39.29321954916594,39.48847961425781,12686000,0.0,0.0
2023-08-18 00:00:00-04:00,39.14445246020606,39.78601466315141,39.09796331937233,39.51637268066406,10797300,0.0,0.0
2023-08-21 00:00:00-04:00,39.6558398131408,39.86039272239641,39.16304503668041,39.50707244873047,12600400,0.0,0.0
2023-08-22 00:00:00-04:00,39.47917880131568,39.58145703631243,38.52148904978979,38.58657455444336,13634500,0.0,0.0
2023-08-23 00:00:00-04:00,38.6423650763313,38.71674699286927,38.326233950533194,38.6888542175293,11927400,0.0,0.0
2023-08-24 00:00:00-04:00,38.54008455445364,39.21883590703879,38.48429546018451,38.521488189697266,10363300,0.0,0.0
2023-08-25 00:00:00-04:00,38.71674594997808,38.86551332594087,37.907823564861324,38.33552932739258,12534700,0.0,0.0
2023-08-28 00:00:00-04:00,38.502893718547675,39.11655959811309,38.39131907141598,38.93989944458008,10314500,0.0,0.0
2023-08-29 00:00:00-04:00,38.93060091705203,39.39549943520563,38.72604798095251,39.051475524902344,14404800,0.0,0.0
2023-08-30 00:00:00-04:00,39.10726657612266,39.172352088161574,38.558686155441556,38.62377166748047,12536300,0.0,0.0
2023-08-31 00:00:00-04:00,38.7539395401729,38.78183231538014,38.223955529870686,38.391319274902344,21534900,0.0,0.0
2023-09-01 00:00:00-04:00,38.633058074142326,39.042170954617426,38.59586534920941,38.72603988647461,12890300,0.0,0.0
2023-09-05 00:00:00-04:00,38.72604991408287,39.31181952243307,38.40991876408199,38.62377166748047,14337200,0.0,0.0
2023-09-06 00:00:00-04:00,38.31693420412966,38.49359790730189,37.749757456481376,38.14027404785156,18775400,0.0,0.0
2023-09-07 00:00:00-04:00,37.87062843235448,38.14027039259045,37.470815469768404,37.59169006347656,13801000,0.0,0.0
2023-09-08 00:00:00-04:00,37.61028598918772,38.23324822085603,37.49871135231607,38.121673583984375,13921200,0.0,0.0
2023-09-11 00:00:00-04:00,38.47499789559253,38.79112899316758,38.3169305733581,38.42850875854492,15053800,0.0,0.0
2023-09-12 00:00:00-04:00,38.50289064264443,39.95337512705703,38.37271964024083,39.55356216430664,18393900,0.0,0.0
2023-09-13 00:00:00-04:00,39.71162602458336,39.86969334705038,39.163045694069254,39.28392028808594,15274200,0.0,0.0
2023-09-14 00:00:00-04:00,39.804614054974955,40.34389451405389,39.702335809228686,40.02776336669922,20764500,0.0,0.0
2023-09-15 00:00:00-04:00,39.67443456029558,40.26950759378057,39.61864901273637,39.93478012084961,47371800,0.0,0.0
2023-09-18 00:00:00-04:00,39.971971258428084,40.53914440175549,39.767414800474526,40.381080627441406,15849700,0.0,0.0
2023-09-19 00:00:00-04:00,40.49265649727437,40.669320187935455,39.88829060740095,40.18582534790039,15318100,0.0,0.0
2023-09-20 00:00:00-04:00,40.35318831054265,40.65072304534809,39.81390438689916,39.86039352416992,16788100,0.0,0.0
2023-09-21 00:00:00-04:00,39.74882347866861,40.13933653314279,39.32111769132235,39.3490104675293,14990500,0.0,0.0
2023-09-22 00:00:00-04:00,39.35830814066898,39.41409368984626,38.26114741285819,38.33552932739258,16780300,0.0,0.0
2023-09-25 00:00:00-04:00,38.01009475519162,38.69814241139527,37.90781653813323,38.642356872558594,10624000,0.0,0.0
2023-09-26 00:00:00-04:00,38.168166060733554,38.40991526648825,37.526607408958235,37.79624938964844,15219400,0.0,0.0
2023-09-27 00:00:00-04:00,37.77765558546195,38.30763962653514,37.61958824069059,37.99150848388672,11815500,0.0,0.0
2023-09-28 00:00:00-04:00,37.97290887978909,38.30763636075071,37.861334235099875,38.037994384765625,12454600,0.0,0.0
2023-09-29 00:00:00-04:00,38.30763962653514,38.484299791261435,37.73116644178601,37.99150848388672,13124500,0.0,0.0
2023-10-02 00:00:00-04:00,37.84274070786106,37.89852626094232,36.67119443663498,36.829261779785156,15102000,0.0,0.0
2023-10-03 00:00:00-04:00,36.61539672532509,36.69907857405448,35.76928183123592,35.955238342285156,19252900,0.0,0.0
2023-10-04 00:00:00-04:00,35.80648255918464,36.36436291302596,35.69490790717407,36.23419189453125,14343500,0.0,0.0
2023-10-05 00:00:00-04:00,36.03893199753081,36.65259790695505,35.8901646118187,36.54102325439453,11820600,0.0,0.0
2023-10-06 00:00:00-04:00,36.1598001369041,37.08959701796368,36.03892554923615,36.90363693237305,13976800,0.0,0.0
2023-10-09 00:00:00-04:00,36.364360616496434,37.00591925865845,36.35506066039457,36.912940979003906,12096600,0.0,0.0
2023-10-10 00:00:00-04:00,37.117491518308306,37.545200799157406,36.9315349709495,37.024513244628906,14429700,0.0,0.0
2023-10-11 00:00:00-04:00,37.201171650560624,37.38713173615126,36.494527581588535,36.90363693237305,14835900,0.0,0.0
2023-10-12 00:00:00-04:00,36.903641589908126,37.20117634564697,36.55961769362772,36.95013427734375,14878100,0.0,0.0
2023-10-13 00:00:00-04:00,37.96361304464,38.71674634129756,37.628885558617064,38.0844841003418,28077900,0.0,0.0
2023-10-16 00:00:00-04:00,38.55867617116997,39.20953112302859,38.49359067598411,38.72603988647461,18419000,0.0,0.0
2023-10-17 00:00:00-04:00,38.521491218847615,39.395499149761754,38.521491218847615,39.03287887573242,16982300,0.0,0.0
2023-10-18 00:00:00-04:00,38.77253878286943,38.99568809487329,38.447107678096806,38.614471435546875,16053200,0.0,0.0
2023-10-19 00:00:00-04:00,38.56797799419137,39.25602931448396,38.27044324673888,38.289039611816406,16120300,0.0,0.0
2023-10-20 00:00:00-04:00,38.16816500288732,38.20535773303324,37.13608979614883,37.44292449951172,17498900,0.0,0.0
2023-10-23 00:00:00-04:00,37.433633779232316,37.54521199719889,36.652603987940545,36.70839309692383,13785800,0.0,0.0
2023-10-24 00:00:00-04:00,36.83855389306199,37.033813946755345,36.4852336084421,36.522422790527344,15097800,0.0,0.0
2023-10-25 00:00:00-04:00,36.327178398120424,36.45734944606288,35.87157973032182,36.28998565673828,13849000,0.0,0.0
2023-10-26 00:00:00-04:00,36.280681933534275,37.17328626545726,36.243489199647236,36.866455078125,15480300,0.0,0.0
2023-10-27 00:00:00-04:00,36.61539790914996,36.64329067733054,35.908750375500865,36.03892135620117,13582800,0.0,0.0
2023-10-30 00:00:00-04:00,36.35505725869677,36.81065929891957,35.973840672752665,36.66189193725586,14141900,0.0,0.0
2023-10-31 00:00:00-04:00,36.85715273987397,37.015220075234026,36.485236065716,36.97802734375,11919200,0.0,0.0
2023-11-01 00:00:00-04:00,37.15468932907336,37.17328569573187,36.522427050261186,36.829261779785156,19850300,0.0,0.0
2023-11-02 00:00:00-04:00,37.279542257103145,38.03001040264952,36.95120998319796,38.00186538696289,19998500,0.35,0.0
2023-11-03 00:00:00-04:00,38.621004746492716,39.26828647468923,38.52719756370333,39.04314422607422,16147500,0.0,0.0
2023-11-06 00:00:00-05:00,39.20261503469761,39.20261503469761,38.60224056364784,38.78047561645508,15148600,0.0,0.0
2023-11-07 00:00:00-05:00,38.63038543498835,38.64914758619187,38.217628844054154,38.499053955078125,13796900,0.0,0.0
2023-11-08 00:00:00-05:00,38.5271959893902,38.639765319840535,37.92682145563575,38.44276809692383,19418700,0.0,0.0
2023-11-09 00:00:00-05:00,38.74295702292951,38.81800563211994,37.776729439947864,37.898681640625,14006500,0.0,0.0
2023-11-10 00:00:00-05:00,38.11444039820771,38.41462767300928,37.8611567141224,38.358341217041016,14706600,0.0,0.0
2023-11-13 00:00:00-05:00,38.21762425186853,38.51781147802588,38.02062347716014,38.245765686035156,12159700,0.0,0.0
2023-11-14 00:00:00-05:00,38.930571152984946,39.7560878806226,38.89304685206635,39.47466278076172,20183800,0.0,0.0
2023-11-15 00:00:00-05:00,39.46528011845432,40.365841874028426,39.46528011845432,40.18760681152344,17268100,0.0,0.0
2023-11-16 00:00:00-05:00,40.168842984101175,40.300174453992284,39.390233450383526,39.89679718017578,16931200,0.0,0.0
2023-11-17 00:00:00-05:00,40.1782223034487,40.328315909869715,39.812365782940745,40.3001708984375,13893800,0.0,0.0
2023-11-20 00:00:00-05:00,40.20636702847411,40.290794912656025,39.87803477731595,40.14070129394531,10369100,0.0,0.0
2023-11-21 00:00:00-05:00,39.9999876788861,40.084415564583665,39.54032752893263,39.96246337890625,16078400,0.0,0.0
2023-11-22 00:00:00-05:00,40.01874401889225,40.17822048139648,39.77484326146151,40.13131332397461,11862200,0.0,0.0
2023-11-24 00:00:00-05:00,40.15008402177447,40.44089199855878,40.084418281615825,40.26265335083008,5287200,0.0,0.0
2023-11-27 00:00:00-05:00,39.99998310457714,40.36583604125706,39.887413796024966,40.3564567565918,15715000,0.0,0.0
2023-11-28 00:00:00-05:00,40.309555507200564,40.759836345961254,40.14069974535106,40.68478775024414,15332900,0.0,0.0
2023-11-29 00:00:00-05:00,40.98497671753868,41.407116140099184,40.92869384687339,41.06940460205078,16746000,0.0,0.0
2023-11-30 00:00:00-05:00,41.09755197630087,41.97935159300611,40.78798185580522,41.82925796508789,23247500,0.0,0.0
2023-12-01 00:00:00-05:00,41.75420582466154,42.43901174619654,41.6322572225375,42.23263168334961,18116100,0.0,0.0
2023-12-04 00:00:00-05:00,41.9418275707466,42.523443514003546,41.76359250469233,42.32644271850586,13424000,0.0,0.0
2023-12-05 00:00:00-05:00,42.166961768836956,42.18572391619103,41.660394525818084,41.735443115234375,14531700,0.0,0.0
2023-12-06 00:00:00-05:00,42.02625235662863,42.44839177506693,41.679161536363424,41.74482727050781,18923800,0.0,0.0
2023-12-07 00:00:00-05:00,42.0168744582656,42.62662823523887,41.885542985641024,42.589107513427734,18787800,0.0,0.0
2023-12-08 00:00:00-05:00,42.55158025612936,43.470904079130435,42.32643804833682,43.24576187133789,20238400,0.0,0.0
2023-12-11 00:00:00-05:00,43.05815509802652,43.358342375434205,42.74858495528537,43.15196228027344,21116900,0.0,0.0
2023-12-12 00:00:00-05:00,43.09567689215946,43.86490725690023,42.973728267918275,43.592864990234375,19787100,0.0,0.0
2023-12-13 00:00:00-05:00,43.620999350079714,44.8217482945918,43.48028501754477,44.80298614501953,26549100,0.0,0.0
2023-12-14 00:00:00-05:00,45.44088692675177,47.420249062767525,45.44088692675177,47.38272476196289,41115400,0.0,0.0
2023-12-15 00:00:00-05:00,46.99811333024384,47.62663289347272,46.829257541825015,47.19511413574219,44099200,0.0,0.0
2023-12-18 00:00:00-05:00,47.2889222724769,47.35458801613212,46.463405465578234,46.585357666015625,20531700,0.0,0.0
2023-12-19 00:00:00-05:00,46.59473337409317,47.20449075093191,46.25702539488234,46.988731384277344,20556400,0.0,0.0
2023-12-20 00:00:00-05:00,46.744827598869094,47.439009242343985,46.23826029459447,46.28516387939453,20481500,0.0,0.0
2023-12-21 00:00:00-05:00,46.54782433595237,46.74482510723455,46.08816421949316,46.38835144042969,11127700,0.0,0.0
2023-12-22 00:00:00-05:00,46.58535936531418,46.77297731625054,46.05065053118015,46.13507843017578,10450400,0.0,0.0
2023-12-26 00:00:00-05:00,46.11631227411415,46.59473460788349,45.994360079814335,46.566593170166016,8856600,0.0,0.0
2023-12-27 00:00:00-05:00,46.350832377968246,46.500926005387825,46.1069315753543,46.275787353515625,12536700,0.0,0.0
2023-12-28 00:00:00-05:00,46.09755067239899,46.57597659038686,46.05064708280584,46.416500091552734,9872600,0.0,0.0
2023-12-29 00:00:00-05:00,46.294540761532225,46.51030368173647,46.16320929950456,46.17259216308594,11733600,0.0,0.0
2024-01-02 00:00:00-05:00,46.01312082164559,46.67916106966285,45.797361455887085,46.275787353515625,14916000,0.0,0.0
2024-01-03 00:00:00-05:00,46.05064218850161,46.05064218850161,45.328315534290184,45.6660270690918,21653600,0.0,0.0
2024-01-04 00:00:00-05:00,45.79736308903242,46.772973491307404,45.75045949976265,46.2288818359375,15917500,0.0,0.0
2024-01-05 00:00:00-05:00,46.34145255085741,47.34520434347937,46.238262512239665,46.829254150390625,15074800,0.0,0.0
2024-01-08 00:00:00-05:00,46.3226904003347,46.894923466477266,46.106931037095,46.829254150390625,15119700,0.0,0.0
2024-01-09 00:00:00-05:00,46.37896528402881,46.3977274313195,46.013112358144504,46.23825454711914,13625200,0.0,0.0
2024-01-10 00:00:00-05:00,45.96621878951297,46.07878811925834,45.60036578395467,46.04126739501953,11849800,0.0,0.0
2024-01-11 00:00:00-05:00,45.8630240715951,46.041262702248915,45.34707748612618,46.00373840332031,21049200,0.0,0.0
2024-01-12 00:00:00-05:00,44.981225218999484,45.75983475207694,44.0900427873815,44.46527862548828,30454100,0.0,0.0
2024-01-16 00:00:00-05:00,43.87428476793023,44.14633057990958,43.35833815872011,43.92118835449219,25209900,0.0,0.0
2024-01-17 00:00:00-05:00,43.37710189446761,44.14633219344457,43.34895687869032,43.78047561645508,17445600,0.0,0.0
2024-01-18 00:00:00-05:00,43.667902556911606,43.7335682905893,43.26452529088345,43.56471252441406,17901300,0.0,0.0
2024-01-19 00:00:00-05:00,43.74295503480169,45.196987747168016,43.508433514145366,45.14070129394531,25606900,0.0,0.0
2024-01-22 00:00:00-05:00,45.243889235035844,45.90055017808931,45.17822349858192,45.52531433105469,19372200,0.0,0.0
2024-01-23 00:00:00-05:00,45.63787938407789,46.172588048115884,45.4033579146397,46.07877731323242,16422100,0.0,0.0
2024-01-24 00:00:00-05:00,46.31331133445663,46.98873449461548,46.20074200060169,46.42588424682617,17776000,0.0,0.0
2024-01-25 00:00:00-05:00,46.604118663340124,46.848019479655946,46.4352628756928,46.7917366027832,17979600,0.0,0.0
2024-01-26 00:00:00-05:00,46.75419844341695,47.37333495513561,46.68853272084933,47.2044792175293,19211100,0.0,0.0
2024-01-29 00:00:00-05:00,47.05439662023833,47.53281893622877,46.894923707746294,47.23263168334961,16725200,0.0,0.0
2024-01-30 00:00:00-05:00,47.49530014348712,48.09567467364181,47.48591727853906,48.020626068115234,14736800,0.0,0.0
2024-01-31 00:00:00-05:00,47.85176394685484,48.25514120185194,47.05439230056605,47.07315444946289,20394400,0.0,0.0
2024-02-01 00:00:00-05:00,47.063711624327446,47.205414326062055,45.2310432887532,46.03401565551758,27566100,0.35,0.0
2024-02-02 00:00:00-05:00,45.81674209022597,46.827544153202915,45.4010863458965,46.44022750854492,19329000,0.0,0.0
2024-02-05 00:00:00-05:00,45.92065156210343,46.21349850089271,45.5711228269441,46.005672454833984,14202700,0.0,0.0
2024-02-06 00:00:00-05:00,45.83563343913501,46.402437022490176,45.35384714999875,45.61835861206055,13926600,0.0,0.0
2024-02-07 00:00:00-05:00,45.76950102371022,45.91120010084901,44.824826094856135,45.7978401184082,15839600,0.0,0.0
2024-02-08 00:00:00-05:00,45.514448156014204,45.81674391001511,45.401088149176275,45.67504119873047,10839200,0.0,0.0
2024-02-09 00:00:00-05:00,45.55222893868839,45.599461967217714,44.84372269980119,45.40108108520508,16594000,0.0,0.0
2024-02-12 00:00:00-05:00,45.34439793126745,46.563029490546015,45.231037945461,46.213497161865234,14101900,0.0,0.0
2024-02-13 00:00:00-05:00,45.72228054586331,46.015127547840734,44.957092346182286,45.57113265991211,13660100,0.0,0.0
2024-02-14 00:00:00-05:00,45.911204477680364,46.02456807457728,45.306613042160336,45.84507751464844,12683400,0.0,0.0
2024-02-15 00:00:00-05:00,46.03401664529583,49.54820912883858,45.93010180894276,49.160892486572266,46473600,0.0,0.0
2024-02-16 00:00:00-05:00,49.066421221378505,49.42539875248548,48.480723694366645,49.038082122802734,24359700,0.0,0.0
2024-02-20 00:00:00-05:00,48.650760084134085,49.34982113502621,48.433485277361264,48.90582275390625,19839100,0.0,0.0
2024-02-21 00:00:00-05:00,48.78302064482478,49.7654835947174,48.30123793873963,49.74658966064453,18562500,0.0,0.0
2024-02-22 00:00:00-05:00,49.90718321878447,50.92743037021633,49.83160748715658,50.41730499267578,20467900,0.0,0.0
2024-02-23 00:00:00-05:00,50.56845114073594,51.031343472166554,50.464536315089326,50.88019561767578,20863500,0.0,0.0
2024-02-26 00:00:00-05:00,50.77628400713044,51.54147209599352,50.710157041831714,51.13526153564453,18099900,0.0,0.0
2024-02-27 00:00:00-05:00,51.27696106448737,51.85321342723135,51.23917680088973,51.77764129638672,19548200,0.0,0.0
2024-02-28 00:00:00-05:00,51.711513256961716,52.35388896857774,51.55091662632075,51.69261932373047,20045200,0.0,0.0
2024-02-29 00:00:00-05:00,51.99491764319626,52.618403056348455,51.90044797232504,52.514488220214844,28335600,0.0,0.0
2024-03-01 00:00:00-05:00,52.33499886310965,52.66563368694915,51.8626613412536,52.01380920410156,17761000,0.0,0.0
2024-03-04 00:00:00-05:00,51.834316122932925,53.43081917563257,51.70206219981798,52.722312927246094,19483500,0.0,0.0
2024-03-05 00:00:00-05:00,52.627848599482654,53.940946403000304,52.36334072644298,53.46860885620117,21786100,0.0,0.0
2024-03-06 00:00:00-05:00,53.6764332470046,54.214897709066754,53.15686271739277,53.95038986206055,25418600,0.0,0.0
2024-03-07 00:00:00-05:00,53.893706721972094,54.48885296655741,53.72366493780486,53.846473693847656,18116300,0.0,0.0
2024-03-08 00:00:00-05:00,54.044851569104345,54.35659602396004,53.73311071789751,53.91259765625,17872500,0.0,0.0
2024-03-11 00:00:00-04:00,53.638645120426325,54.177109579861565,53.393031207068674,53.931495666503906,16622000,0.0,0.0
2024-03-12 00:00:00-04:00,54.08264590207094,54.89506701098288,53.94094320497261,54.4227294921875,23622800,0.0,0.0
2024-03-13 00:00:00-04:00,54.43217328530211,55.20680650831434,54.43217328530211,54.62110900878906,17444900,0.0,0.0
2024-03-14 00:00:00-04:00,54.66834045340036,54.9139579679054,53.95983421360744,54.19600296020508,24851100,0.0,0.0
2024-03-15 00:00:00-04:00,53.71421437382218,55.074544906758796,53.71421437382218,54.328250885009766,40782800,0.0,0.0
2024-03-18 00:00:00-04:00,54.41328260609974,54.63056104347335,53.95039383971105,54.57387924194336,16376500,0.0,0.0
2024-03-19 00:00:00-04:00,54.460521612015135,54.734474655539145,53.77090560950247,53.855926513671875,14504800,0.0,0.0
2024-03-20 00:00:00-04:00,53.4875034526095,54.328263719735425,53.166313772664246,54.1298828125,22841600,0.0,0.0
2024-03-21 00:00:00-04:00,54.403838273051754,54.90451491478443,54.27158433777516,54.649452209472656,18141700,0.0,0.0
2024-03-22 00:00:00-04:00,54.61166334946321,54.81004423568499,53.95983528952139,53.96928405761719,13736600,0.0,0.0
2024-03-25 00:00:00-04:00,53.92204999828043,54.158218745076724,53.25132801860566,53.59141159057617,15028200,0.0,0.0
2024-03-26 00:00:00-04:00,53.978735325087875,53.98818409425198,53.459164734198616,53.544185638427734,11445900,0.0,0.0
2024-03-27 00:00:00-04:00,53.26077962838878,54.45106859014745,53.26077962838878,54.4227294921875,13762800,0.0,0.0
2024-03-28 00:00:00-04:00,54.46996277115156,54.86672816264242,54.37549670842242,54.75336456298828,14619000,0.0,0.0
2024-04-01 00:00:00-04:00,54.677792184774916,54.677792184774916,54.092091066841164,54.4227294921875,11039500,0.0,0.0
2024-04-02 00:00:00-04:00,54.186553717147326,54.79114508634386,54.02595710765203,54.17710494995117,14632900,0.0,0.0
2024-04-03 00:00:00-04:00,54.03541101969112,54.7533624380577,53.70477260567231,53.96928405761719,13226500,0.0,0.0
2024-04-04 00:00:00-04:00,54.53609378533442,54.791156498021785,53.411931699326786,53.544185638427734,12361900,0.0,0.0
2024-04-05 00:00:00-04:00,53.496942218690066,54.432168380014026,53.44026042565724,54.224342346191406,11081000,0.0,0.0
2024-04-08 00:00:00-04:00,54.20545680097846,54.77226040439798,54.1393298340345,54.5927734375,15308800,0.0,0.0
2024-04-09 00:00:00-04:00,54.50775010109001,54.78170672541651,53.723668094289856,54.39439010620117,10643800,0.0,0.0
2024-04-10 00:00:00-04:00,53.648095829535606,54.12987850932836,53.298563473736735,53.789794921875,16475200,0.0,0.0
2024-04-11 00:00:00-04:00,53.82757980792775,53.8464737399235,52.55227002923129,53.55362319946289,18995600,0.0,0.0
2024-04-12 00:00:00-04:00,52.873453429799376,53.84646738910155,52.278307254898216,53.34579086303711,27876700,0.0,0.0
2024-04-15 00:00:00-04:00,54.42272957090731,54.772258326299664,53.60086329603636,53.818138122558594,19407500,0.0,0.0
2024-04-16 00:00:00-04:00,53.75201208311942,53.808690280096656,52.58061342904871,53.289119720458984,25620000,0.0,0.0
2024-04-17 00:00:00-04:00,53.73311206074268,54.44161827186769,53.51583725510221,54.01651382446289,18867700,0.0,0.0
2024-04-18 00:00:00-04:00,54.44162165265093,55.85863416289635,54.05430504399648,55.490211486816406,24468500,0.0,0.0
2024-04-19 00:00:00-04:00,55.735825286228724,57.483472603744026,55.6035713621334,57.01113510131836,34334300,0.0,0.0
2024-04-22 00:00:00-04:00,57.05838054595874,58.088076604407775,57.00169873960064,57.71965026855469,21753400,0.0,0.0
2024-04-23 00:00:00-04:00,57.78577153487869,58.34312996292416,57.44569154125972,57.56849670410156,21731200,0.0,0.0
2024-04-24 00:00:00-04:00,57.2473030090332,57.577941418048944,56.7277324847503,57.2473030090332,19731600,0.0,0.0
2024-04-25 00:00:00-04:00,57.25675539078529,57.587390217020165,56.30263157168006,56.614376068115234,24002500,0.0,0.0
2024-04-26 00:00:00-04:00,56.472673107533254,57.086713329010635,56.094805251250435,56.595481872558594,18785900,0.0,0.0
2024-04-29 00:00:00-04:00,56.548251321614075,56.96390706285378,56.075913777803265,56.49156951904297,15338400,0.0,0.0
2024-04-30 00:00:00-04:00,56.30262811452168,56.67105438868145,56.0192263374865,56.03812026977539,18007700,0.0,0.0
2024-05-01 00:00:00-04:00,56.28374020995243,56.822204690605005,56.04757145164343,56.22705841064453,16365400,0.0,0.0
2024-05-02 00:00:00-04:00,56.79385809240063,56.82220079193457,56.03811883839428,56.51990509033203,15329500,0.0,0.0
2024-05-03 00:00:00-04:00,56.70884215727927,56.9261169865672,55.849188005031664,56.62382125854492,17298500,0.0,0.0
2024-05-06 00:00:00-04:00,57.124504459481834,57.511821106399005,56.529358137362934,56.85999298095703,16240100,0.0,0.0
2024-05-07 00:00:00-04:00,56.94500706083922,57.2567515362879,56.73718101418919,56.92611312866211,16268200,0.0,0.0
2024-05-08 00:00:00-04:00,56.822205820642516,58.03138873406415,56.7749691851219,57.84245300292969,18718400,0.0,0.0
2024-05-09 00:00:00-04:00,57.709437752823085,58.30800189961109,57.46240817294554,58.22249221801758,14224300,0.35,0.0
2024-05-10 00:00:00-04:00,58.39350951951621,58.878065572893554,58.39350951951621,58.80205535888672,14428200,0.0,0.0
2024-05-13 00:00:00-04:00,58.86856998547795,59.06809138612081,58.155990448010314,58.203495025634766,15203500,0.0,0.0
2024-05-14 00:00:00-04:00,58.48852228702475,58.89706812639526,57.97546421557808,58.80205535888672,14499600,0.0,0.0
2024-05-15 00:00:00-04:00,59.09659237181227,59.42912801332652,58.783055660355984,59.22960662841797,17489600,0.0,0.0
2024-05-16 00:00:00-04:00,59.33412416887398,59.3626261908751,57.9279676350691,58.01347732543945,21104100,0.0,0.0
2024-05-17 00:00:00-04:00,58.34600376864981,58.55502822857729,57.851948260690754,58.032470703125,15795800,0.0,0.0
2024-05-20 00:00:00-04:00,57.93746483640559,58.70705201965875,57.56692406740598,57.67143630981445,15029000,0.0,0.0
2024-05-21 00:00:00-04:00,57.78544547785315,58.621539756004765,57.74744036876292,58.39351272583008,18422100,0.0,0.0
2024-05-22 00:00:00-04:00,58.24149178653731,58.3840091233428,57.49090724484574,57.88995361328125,10340500,0.0,0.0
2024-05-23 00:00:00-04:00,57.718940882675426,57.74744290356084,56.398294090937604,56.702327728271484,13056100,0.0,0.0
2024-05-24 00:00:00-04:00,57.04435913334652,57.37689474876027,56.88283924559814,57.205875396728516,9913000,0.0,0.0
2024-05-28 00:00:00-04:00,56.977855916544634,57.177377299471644,56.23677079881103,56.51230239868164,11276300,0.0,0.0
2024-05-29 00:00:00-04:00,55.932741109694184,55.99924824200942,55.50519267026275,55.818729400634766,12835000,0.0,0.0
2024-05-30 00:00:00-04:00,55.885238480724645,56.42679864809055,55.676213986524814,56.25577926635742,13580800,0.0,0.0
2024-05-31 00:00:00-04:00,56.31278074260557,56.996858194313305,56.02774967918288,56.93034744262695,25386600,0.0,0.0
2024-06-03 00:00:00-04:00,57.19637555391421,57.19637555391421,55.67620394862221,56.3792839050293,13206500,0.0,0.0
2024-06-04 00:00:00-04:00,55.88523286245991,56.51230265765169,55.429182431808314,55.77122116088867,12520700,0.0,0.0
2024-06-05 00:00:00-04:00,55.92323952309492,55.9802435632792,55.2296625807078,55.752220153808594,11199100,0.0,0.0
2024-06-06 00:00:00-04:00,55.847235312382615,56.056259813858894,54.63110066604892,54.84962463378906,18587400,0.0,0.0
2024-06-07 00:00:00-04:00,54.697600381191606,55.752218587370734,54.697600381191606,55.448184967041016,14466700,0.0,0.0
2024-06-10 00:00:00-04:00,55.01114031302359,55.22966426391224,54.50758165505971,55.039642333984375,12787500,0.0,0.0
2024-06-11 00:00:00-04:00,54.86862097394368,54.86862097394368,53.69048795051773,54.27955627441406,19197800,0.0,0.0
2024-06-12 00:00:00-04:00,55.37217783858292,55.53369774709934,54.308060108069576,54.44107437133789,16929800,0.0,0.0
2024-06-13 00:00:00-04:00,54.58359032299929,54.745106603001794,53.86150773470159,54.41257095336914,15963700,0.0,0.0
2024-06-14 00:00:00-04:00,54.146539925183866,54.735604601971794,53.794998112582,54.53608322143555,15375400,0.0,0.0
2024-06-17 00:00:00-04:00,54.35556346396496,55.34367457515481,54.222549203683016,55.33417510986328,18361100,0.0,0.0
2024-06-18 00:00:00-04:00,55.30566680328291,56.103755950927734,55.01113627665402,56.103755950927734,15547400,0.0,0.0
2024-06-20 00:00:00-04:00,55.809228653968894,56.246276548970265,55.66671130264085,56.01824951171875,11985500,0.0,0.0
2024-06-21 00:00:00-04:00,55.39117853924593,55.54319535280057,54.46007510317788,55.20115661621094,62732600,0.0,0.0
2024-06-24 00:00:00-04:00,55.57170578313768,56.49330620902396,55.362681287360545,56.065757751464844,16198300,0.0,0.0
2024-06-25 00:00:00-04:00,55.8377277757059,56.056251711862046,54.32705915239462,54.34606170654297,26726900,0.0,0.0
2024-06-26 00:00:00-04:00,54.365063792497885,54.916123360587946,53.99452305071263,54.1655387878418,30425700,0.0,0.0
2024-06-27 00:00:00-04:00,53.59547877294277,54.60259242752852,53.519472178382244,54.555084228515625,13832200,0.0,0.0
2024-06-28 00:00:00-04:00,55.19165512689612,56.483799806905175,55.19165512689612,56.42679214477539,31074500,0.0,0.0
2024-07-01 00:00:00-04:00,56.635817812521225,57.585923788575954,56.597812703631035,57.56692123413086,14470200,0.0,0.0
2024-07-02 00:00:00-04:00,57.47191281745162,58.12748464449782,57.139373546981766,57.92796325683594,9543700,0.0,0.0
2024-07-03 00:00:00-04:00,57.95646666966425,58.089480931302504,57.15837747546798,57.63343048095703,6698800,0.0,0.0
2024-07-05 00:00:00-04:00,57.481411348436644,57.63342815909421,56.16076462628032,56.64531707763672,11436300,0.0,0.0
2024-07-08 00:00:00-04:00,56.97786233571331,57.39590770290054,55.733222075789435,56.065757751464844,12480000,0.0,0.0
2024-07-09 00:00:00-04:00,56.13226139163478,57.405399888099296,55.9802409599018,56.8923454284668,12233800,0.0,0.0
2024-07-10 00:00:00-04:00,56.56931418091834,56.99686262144475,56.41729736032749,56.740333557128906,12097200,0.0,0.0
2024-07-11 00:00:00-04:00,56.43629208021976,57.68092849338486,56.32227676233157,57.15837097167969,16852800,0.0,0.0
2024-07-12 00:00:00-04:00,53.395957955465256,54.08003181128778,52.82589218051859,53.718994140625,53042800,0.0,0.0
2024-07-15 00:00:00-04:00,54.203552196832504,55.33418077369005,54.19405273056864,54.84962463378906,27277300,0.0,0.0
2024-07-16 00:00:00-04:00,55.14415254078859,57.59542411082201,54.659596456143575,57.2343864440918,25577300,0.0,0.0
2024-07-17 00:00:00-04:00,57.158376919594794,57.956466106029545,56.90184786420147,57.87095642089844,17371100,0.0,0.0
2024-07-18 00:00:00-04:00,57.59542639320969,57.78544832365229,56.04675617736464,56.28428268432617,17739000,0.0,0.0
2024-07-19 00:00:00-04:00,56.3412835870343,56.78783455503731,56.16076475657422,56.274776458740234,12362800,0.0,0.0
2024-07-22 00:00:00-04:00,56.30327790584102,56.426792696145846,55.61920407543219,56.189266204833984,13638600,0.0,0.0
2024-07-23 00:00:00-04:00,56.246277945906925,56.92085236029762,56.09426112541935,56.69282531738281,10927800,0.0,0.0
2024-07-24 00:00:00-04:00,56.78783711004305,57.205882453038306,56.40779325323513,56.474300384521484,10777100,0.0,0.0
2024-07-25 00:00:00-04:00,56.58830686419145,57.699928991260606,56.483794638699564,56.72132110595703,14119600,0.0,0.0
2024-07-26 00:00:00-04:00,56.86384161869754,57.433907382976145,56.597813103320874,57.37689971923828,12538900,0.0,0.0
2024-07-29 00:00:00-04:00,57.70943695103059,57.79494663143607,56.38878663713117,56.61681365966797,8986200,0.0,0.0
2024-07-30 00:00:00-04:00,57.44340995144593,57.69993901557521,56.90184980196198,57.01586151123047,11503900,0.0,0.0
2024-07-31 00:00:00-04:00,56.835334299306986,57.12036534268475,56.246269659744094,56.3792839050293,11535800,0.0,0.0
2024-08-01 00:00:00-04:00,56.30328000658764,56.37929022633946,53.69999159432303,54.042030334472656,17752700,0.0,0.0
2024-08-02 00:00:00-04:00,52.42685529971925,52.797396101730804,50.165601749136165,50.6026496887207,27642600,0.0,0.0
2024-08-05 00:00:00-04:00,48.74043323720443,49.78555192952968,47.6478135978596,49.5195198059082,28594000,0.0,0.0
2024-08-06 00:00:00-04:00,49.671540744316474,50.31761311718084,49.453016798254524,49.74755096435547,18723500,0.0,0.0
2024-08-07 00:00:00-04:00,50.498137303742126,50.821173501216485,49.548031266978334,49.68104553222656,18407500,0.0,0.0
2024-08-08 00:00:00-04:00,50.32711902071527,50.65965469106139,50.02308537229398,50.127593994140625,16176000,0.0,0.0
2024-08-09 00:00:00-04:00,50.070149515595816,50.577555051199255,49.84995617646989,50.510536193847656,11669000,0.4,0.0
2024-08-12 00:00:00-04:00,50.6541397324,51.19026499973746,49.47658220333351,49.84038162231445,18090100,0.0,0.0
2024-08-13 00:00:00-04:00,50.12759058669029,50.702007651487556,49.601041001950364,50.6158447265625,12268600,0.0,0.0
2024-08-14 00:00:00-04:00,50.76902894775889,51.48705219096674,50.47224834454822,51.372169494628906,13217200,0.0,0.0
2024-08-15 00:00:00-04:00,52.176347227070885,52.817779467518456,52.109332027383964,52.24336242675781,16549400,0.0,0.0
2024-08-16 00:00:00-04:00,52.444413073669004,53.06670130443457,52.281662902208524,52.97096633911133,19173900,0.0,0.0
2024-08-19 00:00:00-04:00,52.99010253883932,54.05277729551893,52.903939622025995,54.04320526123047,12792900,0.0,0.0
2024-08-20 00:00:00-04:00,53.64111418696947,54.301697812797364,53.53580354215317,53.75600051879883,12533500,0.0,0.0
2024-08-21 00:00:00-04:00,54.03362960717224,54.043205293520714,52.84650014376186,53.09541320800781,13691700,0.0,0.0
2024-08-22 00:00:00-04:00,53.32519120282948,53.96662351836234,53.286895755081424,53.57410430908203,15683000,0.0,0.0
2024-08-23 00:00:00-04:00,54.01448255680097,54.95270261966216,53.91874760445399,54.28254699707031,17074400,0.0,0.0
2024-08-26 00:00:00-04:00,54.58890146245773,54.71335981812915,54.1293671323489,54.301692962646484,9478800,0.0,0.0
2024-08-27 00:00:00-04:00,54.29212367805485,54.49316928642252,53.76557409097325,53.86130905151367,7638500,0.0,0.0
2024-08-28 00:00:00-04:00,53.669835963955215,54.914408637825105,53.64111255584403,54.63677215576172,11905200,0.0,0.0
2024-08-29 00:00:00-04:00,54.86653914330073,55.30692576290154,54.10064492410278,54.90483093261719,9283300,0.0,0.0
2024-08-30 00:00:00-04:00,55.000576953893365,56.082399580168186,54.93356174848344,55.977088928222656,20377300,0.0,0.0
2024-09-03 00:00:00-04:00,56.120688707641236,56.43662064846388,55.43138896303162,55.88134765625,15933600,0.0,0.0
2024-09-04 00:00:00-04:00,55.996233301591175,56.48448743351928,55.259062434127515,55.642005920410156,10985800,0.0,0.0
2024-09-05 00:00:00-04:00,56.120685463252684,56.1781286270054,54.12936992986581,54.435726165771484,18301000,0.0,0.0
2024-09-06 00:00:00-04:00,54.26340248502189,54.3591374430301,51.40088195510018,51.69766616821289,21853800,0.0,0.0
2024-09-09 00:00:00-04:00,52.39653878720432,52.731618426434515,52.1093302764744,52.262508392333984,17134800,0.0,0.0
2024-09-10 00:00:00-04:00,53.61239918716898,53.70813415346698,51.1041058192018,51.649803161621094,24650000,0.0,0.0
2024-09-11 00:00:00-04:00,51.4296064316192,51.56363683643443,50.194605726585124,51.439178466796875,17322000,0.0,0.0
2024-09-12 00:00:00-04:00,51.439183605622496,52.023176415277185,48.07883650614328,49.37127685546875,42594200,0.0,0.0
2024-09-13 00:00:00-04:00,49.64890883355756,50.77859890077188,49.54359818545298,50.52968215942383,24762000,0.0,0.0
2024-09-16 00:00:00-04:00,50.55840371898463,51.63065057924887,50.55840371898463,51.496620178222656,18066200,0.0,0.0
2024-09-17 00:00:00-04:00,51.66894682507059,52.72204597981397,51.66894682507059,52.18592071533203,15885200,0.0,0.0
2024-09-18 00:00:00-04:00,52.13805254656508,52.83692796213477,51.79340085624478,51.94657897949219,20109000,0.0,0.0
2024-09-19 00:00:00-04:00,52.66460649618294,53.62197075910036,52.31995842925873,53.42092514038086,21399000,0.0,0.0
2024-09-20 00:00:00-04:00,52.99010150076311,53.8900260925293,52.54014285693424,53.8900260925293,45276000,0.0,0.0
2024-09-23 00:00:00-04:00,53.86130828301175,54.11022502015269,52.55929603878799,52.76034164428711,14759300,0.0,0.0
2024-09-24 00:00:00-04:00,52.769910217392265,52.83692541482875,51.496617814044775,51.8508415222168,16365600,0.0,0.0
2024-09-25 00:00:00-04:00,51.96572730118003,52.01359843254167,51.132821474662485,51.32429504394531,10555700,0.0,0.0
2024-09-26 00:00:00-04:00,51.73596658142407,54.67507462963973,51.04666313098357,53.98577117919922,34463400,0.0,0.0
2024-09-27 00:00:00-04:00,54.205962368615374,54.205962368615374,53.420923982207235,53.51666259765625,13530400,0.0,0.0
2024-09-30 00:00:00-04:00,53.28689454795026,54.1102283956076,53.114568689042684,54.08150863647461,16284200,0.0,0.0
2024-10-01 00:00:00-04:00,53.61240085850317,53.64112061887692,52.84651014807841,53.02840805053711,11069400,0.0,0.0
2024-10-02 00:00:00-04:00,52.97096507925886,53.43049947557963,52.5784422354267,52.94224166870117,9007200,0.0,0.0
2024-10-03 00:00:00-04:00,52.731621942628976,52.856076659276276,52.09018602890807,52.63588333129883,8135300,0.0,0.0
2024-10-04 00:00:00-04:00,53.60281908837054,54.69421360904045,53.5932434019482,54.53145980834961,14582800,0.0,0.0
2024-10-07 00:00:00-04:00,54.78995756004107,55.17290473463754,54.37829062556907,54.72294235229492,11177800,0.0,0.0
2024-10-08 00:00:00-04:00,55.79518440371789,55.79518440371789,54.82824816868472,54.85696792602539,12073000,0.0,0.0
2024-10-09 00:00:00-04:00,54.876109687266535,55.26862882052084,54.636768663280876,55.08673095703125,12415300,0.0,0.0
2024-10-10 00:00:00-04:00,55.25906863073653,55.90050095951717,54.904841209833364,55.28778839111328,12744000,0.0,0.0
2024-10-11 00:00:00-04:00,57.40355700567259,59.08852005603685,57.36526156087917,58.389644622802734,37049200,0.0,0.0
2024-10-14 00:00:00-04:00,58.65770820960604,60.64902395643974,58.34177625318333,59.509761810302734,30758800,0.0,0.0
2024-10-15 00:00:00-04:00,60.227787747667435,61.09898911141376,59.57677973387293,60.34267044067383,24693400,0.0,0.0
2024-10-16 00:00:00-04:00,60.5437120290463,61.347898082063956,60.428825698576276,61.16599655151367,17412600,0.0,0.0
2024-10-17 00:00:00-04:00,61.74042342278359,61.96062043187234,60.79263478390195,61.63511276245117,15073500,0.0,0.0
2024-10-18 00:00:00-04:00,61.663834115752735,62.01805420941359,61.10856110436447,61.615962982177734,19234000,0.0,0.0
2024-10-21 00:00:00-04:00,61.73084883844788,61.931894450496536,61.1947199022087,61.29045486450195,15603400,0.0,0.0
2024-10-22 00:00:00-04:00,61.29044963391877,62.42971530907793,61.271305564737666,62.04676818847656,26164900,0.0,0.0
2024-10-23 00:00:00-04:00,62.00847587236158,62.27654398317422,61.13727825057533,61.807430267333984,18380900,0.0,0.0
2024-10-24 00:00:00-04:00,61.855304325297354,62.774373122095184,61.58724350591167,62.640342712402344,18393300,0.0,0.0
2024-10-25 00:00:00-04:00,63.04243373070393,63.138168693863086,61.51065240782892,61.77871322631836,14855500,0.0,0.0
2024-10-28 00:00:00-04:00,62.22867508082321,62.946698254832704,62.046773539425786,62.81266784667969,16158900,0.0,0.0
2024-10-29 00:00:00-04:00,62.69777862834386,63.18603640938511,62.458437581338615,62.51588439941406,13205500,0.0,0.0
2024-10-30 00:00:00-04:00,62.35313242980838,63.56898914601642,62.35313242980838,62.62120056152344,16021700,0.0,0.0
2024-10-31 00:00:00-04:00,62.3244025544117,62.94669069126876,61.87444025077492,62.152076721191406,12963200,0.0,0.0
2024-11-01 00:00:00-04:00,62.439291209148166,62.783942888456586,61.86487417833708,61.92231369018555,13313900,0.0,0.0
2024-11-04 00:00:00-05:00,61.80743435323326,61.89360093486082,60.3618159260183,60.98410415649414,12607400,0.0,0.0
2024-11-05 00:00:00-05:00,61.27131410754481,61.74999624901,60.90751465745589,61.33832931518555,13447200,0.0,0.0
2024-11-06 00:00:00-05:00,70.17480206443972,71.1034392464299,66.96762600111981,69.38018798828125,63689100,0.0,0.0
2024-11-07 00:00:00-05:00,68.58556494208479,68.61428469701468,66.76657165406897,66.8431625366211,18681200,0.0,0.0
2024-11-08 00:00:00-05:00,67.41127741413261,67.5268183923678,66.78540351263823,67.4401626586914,14270900,0.4,0.0
2024-11-11 00:00:00-05:00,68.38377079458975,70.53099757070649,68.38377079458975,69.86660766601562,17117800,0.0,0.0
2024-11-12 00:00:00-05:00,70.07845492516607,70.64655834809197,69.43332663071858,69.90513610839844,17848200,0.0,0.0
2024-11-13 00:00:00-05:00,70.04956275924295,71.2146473888841,69.96290703251894,70.06881713867188,18823000,0.0,0.0
2024-11-14 00:00:00-05:00,70.14584927738298,70.74283788581454,69.81847340405321,70.09770965576172,13654800,0.0,0.0
2024-11-15 00:00:00-05:00,70.29028698183436,71.64795221546593,70.18436952334412,71.5805435180664,18837000,0.0,0.0
2024-11-18 00:00:00-05:00,71.73459776643774,71.92717092934605,70.98355214642199,71.33981323242188,18439600,0.0,0.0
2024-11-19 00:00:00-05:00,70.88728012902321,71.40723659113694,70.41546329442939,70.70433044433594,15412900,0.0,0.0
2024-11-20 00:00:00-05:00,70.93540297016538,71.04132041032003,69.7414332357435,70.84874725341797,14415400,0.0,0.0
2024-11-21 00:00:00-05:00,71.1953973470502,73.21744523529216,71.1953973470502,72.05236053466797,20068200,0.0,0.0
2024-11-22 00:00:00-05:00,71.80199291663381,73.25594441366255,71.78273854048139,73.14039611816406,14997400,0.0,0.0
2024-11-25 00:00:00-05:00,73.3714886041548,74.44028650959741,73.15003021074307,74.0455093383789,28636600,0.0,0.0
2024-11-26 00:00:00-05:00,74.62323908688327,75.22985115999151,73.52555589962344,74.47880554199219,19139100,0.0,0.0
2024-11-27 00:00:00-05:00,74.49807381983695,74.90248190415313,73.5929637153423,74.34400939941406,19793900,0.0,0.0
2024-11-29 00:00:00-05:00,74.80618805808254,75.14319476232214,73.31372035134194,73.34260559082031,9785000,0.0,0.0
2024-12-02 00:00:00-05:00,74.09365791932183,74.09365791932183,72.02347054294165,72.48564910888672,18274500,0.0,0.0
2024-12-03 00:00:00-05:00,72.99596327186953,73.03447937073126,71.27240641532885,71.38795471191406,15047900,0.0,0.0
2024-12-04 00:00:00-05:00,71.30131004407016,71.49388322201476,70.01104624401466,70.34805297851562,14301100,0.0,0.0
2024-12-05 00:00:00-05:00,70.67543786519876,71.84052251552323,70.38657074526547,70.92578887939453,17766700,0.0,0.0
2024-12-06 00:00:00-05:00,71.24352441068969,71.94643039097286,70.9931807760201,71.57090759277344,14798100,0.0,0.0
2024-12-09 00:00:00-05:00,71.55165593934414,71.7827525755254,69.73181217004426,69.92439270019531,15517500,0.0,0.0
2024-12-10 00:00:00-05:00,70.77172323078001,70.77172323078001,69.23111575894099,69.37554931640625,12277100,0.0,0.0
2024-12-11 00:00:00-05:00,69.89550289993916,70.21325527772001,68.79781954596564,68.94225311279297,11867400,0.0,0.0
2024-12-12 00:00:00-05:00,69.21184904167053,69.38516782888972,68.16231280242879,68.17194366455078,12446700,0.0,0.0
2024-12-13 00:00:00-05:00,68.22008696739788,68.41266748926252,67.42089433060012,67.82530975341797,16794500,0.0,0.0
2024-12-16 00:00:00-05:00,67.85419943131485,69.60664189077735,67.22832555017905,69.30815124511719,24602500,0.0,0.0
2024-12-17 00:00:00-05:00,68.41266859040641,68.88447802072625,67.76753301452075,68.18157196044922,15595900,0.0,0.0
2024-12-18 00:00:00-05:00,67.98899192540382,68.84595497303692,66.06323094713706,66.2076644897461,21201200,0.0,0.0
2024-12-19 00:00:00-05:00,66.82392173259032,68.06603871124808,66.1210155925945,66.2943344116211,16444600,0.0,0.0
2024-12-20 00:00:00-05:00,66.60243559973281,68.40302459492625,66.21728196994559,67.72900390625,50113400,0.0,0.0
2024-12-23 00:00:00-05:00,67.13203852113654,68.06603390515346,67.03575192763087,67.92160034179688,11817000,0.0,0.0
2024-12-24 00:00:00-05:00,68.04676128574687,68.93260955810547,67.92158946884675,68.93260955810547,4442700,0.0,0.0
2024-12-26 00:00:00-05:00,68.7785611174822,69.1733383409671,68.47043962127596,69.0963134765625,6964300,0.0,0.0
2024-12-27 00:00:00-05:00,68.53784507735266,69.07705589148641,68.00825778047388,68.47044372558594,7219500,0.0,0.0
2024-12-30 00:00:00-05:00,67.79641723632812,68.1719400309214,67.18016697868802,67.79641723632812,8443800,0.0,0.0
2024-12-31 00:00:00-05:00,67.91196482101319,68.2874876522683,67.45940978175813,67.63272857666016,7031500,0.0,0.0
2025-01-02 00:00:00-05:00,67.86382333383968,68.56672201046544,67.1705481733024,67.58458709716797,8303300,0.0,0.0
2025-01-03 00:00:00-05:00,67.73864519745037,68.76892709170998,67.15128747447852,68.66300964355469,9152800,0.0,0.0
2025-01-06 00:00:00-05:00,69.2599985091012,70.53100054591005,68.87484481845095,69.35628509521484,15565600,0.0,0.0
2025-01-07 00:00:00-05:00,70.26138931283839,70.41544636854663,68.85558470334887,68.93260955810547,13522000,0.0,0.0
2025-01-08 00:00:00-05:00,68.8555901135477,69.40443173261095,68.42228945879532,68.91336059570312,16544700,0.0,0.0
2025-01-10 00:00:00-05:00,68.26823108217381,68.29711632269775,66.76613245917024,67.36312103271484,14466600,0.0,0.0
2025-01-13 00:00:00-05:00,67.30535231105786,67.98899662404501,66.97796910210596,67.9119644165039,10439800,0.0,0.0
2025-01-14 00:00:00-05:00,68.8074446142096,68.8074446142096,67.68087611099332,68.54747009277344,21909800,0.0,0.0
2025-01-15 00:00:00-05:00,72.56268701866381,73.96849189865438,70.91616197402696,73.13078308105469,33482900,0.0,0.0
2025-01-16 00:00:00-05:00,73.03449648443546,73.60259989302278,71.91755874049898,73.13078308105469,22897900,0.0,0.0
2025-01-17 00:00:00-05:00,73.15967431713953,74.38252949857616,72.6974883772492,74.21884155273438,20673700,0.0,0.0
2025-01-21 00:00:00-05:00,74.80619378341832,75.38392065578789,74.45955619075743,74.96025085449219,21057700,0.0,0.0
2025-01-22 00:00:00-05:00,74.6906589285344,74.9217482498817,74.00701448265906,74.66177368164062,11669500,0.0,0.0
2025-01-23 00:00:00-05:00,74.8254449108844,75.39354824213409,74.17068585833306,74.55583953857422,12981800,0.0,0.0
2025-01-24 00:00:00-05:00,74.1417991852967,74.76767298532073,74.1417991852967,74.44992065429688,10393200,0.0,0.0
2025-01-27 00:00:00-05:00,74.52695676337704,75.14319973366909,74.0358856211708,75.04691314697266,10637100,0.0,0.0
2025-01-28 00:00:00-05:00,74.97951222580039,75.24911760855377,74.30549142272122,74.9891357421875,11562000,0.0,0.0
2025-01-29 00:00:00-05:00,74.86396416199861,76.04831049296472,74.72916147017428,75.46095275878906,9175400,0.0,0.0
2025-01-30 00:00:00-05:00,76.21200132501441,76.29865705325624,75.18171937191747,75.89424896240234,11276000,0.0,0.0
2025-01-31 00:00:00-05:00,75.76908253823363,76.34680947301605,75.40318318078741,75.875,14980600,0.0,0.0
2025-02-03 00:00:00-05:00,74.36326166044398,75.59574748217814,74.16105029782653,75.2394790649414,12395200,0.0,0.0
2025-02-04 00:00:00-05:00,76.8763874812975,76.88601834472139,75.52836044980694,76.52012634277344,14665200,0.0,0.0
2025-02-05 00:00:00-05:00,76.70306756905325,77.367450148202,76.24088167616253,77.0785903930664,17931000,0.0,0.0
2025-02-06 00:00:00-05:00,77.51188721914279,78.474767805716,76.94379119923863,78.39773559570312,16988900,0.0,0.0
2025-02-07 00:00:00-05:00,78.63964594709668,78.6686811809235,76.53020261936385,78.05906677246094,17951400,0.4,0.0
2025-02-10 00:00:00-05:00,77.85584668632205,77.96228703870065,75.71737599460637,76.53986358642578,18357400,0.0,0.0
2025-02-11 00:00:00-05:00,76.22054871024979,77.3817142715071,75.29162069072214,77.06239318847656,16682800,0.0,0.0
2025-02-12 00:00:00-05:00,76.636651026583,77.1398251111346,76.27863097898162,76.6850357055664,13440500,0.0,0.0
2025-02-13 00:00:00-05:00,76.85920337623878,77.0817625443095,76.06574343577796,76.2979736328125,10093400,0.0,0.0
2025-02-14 00:00:00-05:00,76.66567739225984,77.73974479324623,76.33667785466622,77.39140319824219,17521300,0.0,0.0
2025-02-18 00:00:00-05:00,77.40107240535968,78.33000052925958,76.91725521275781,78.1655044555664,15318300,0.0,0.0
2025-02-19 00:00:00-05:00,77.72039231610506,78.03971343004994,77.38172176304127,77.74942016601562,13917400,0.0,0.0
2025-02-20 00:00:00-05:00,77.51719280545133,77.68168888257412,75.49483305932911,76.08509063720703,14807100,0.0,0.0
2025-02-21 00:00:00-05:00,76.35602902969826,76.87854507479126,74.82716500637903,74.99166107177734,18205400,0.0,0.0
2025-02-24 00:00:00-05:00,75.44644407534496,75.97863848634118,73.93693699929702,74.72071838378906,12989700,0.0,0.0
2025-02-25 00:00:00-05:00,75.34968571055306,75.51418177000596,72.50483850194111,73.54020690917969,15683000,0.0,0.0
2025-02-26 00:00:00-05:00,73.87888500908947,75.25292408614574,73.8014724852502,73.97564697265625,13466800,0.0,0.0
2025-02-27 00:00:00-05:00,74.4981719884487,75.39807229506891,73.90791440117822,74.14015197753906,13744400,0.0,0.0
2025-02-28 00:00:00-05:00,74.54654737985668,75.88188005656308,74.1111075152501,75.78511810302734,24698800,0.0,0.0
2025-03-03 00:00:00-05:00,76.30765330823849,76.42377209991163,73.84986091964412,74.53688049316406,18013400,0.0,0.0
2025-03-04 00:00:00-05:00,73.02736955749063,73.20154404528601,69.03103474931453,70.92760467529297,28858200,0.0,0.0
2025-03-05 00:00:00-05:00,70.84050857986153,72.2145475598988,70.09543339229499,71.759765625,20422000,0.0,0.0
2025-03-06 00:00:00-05:00,71.40174771371125,71.49850968325131,69.31165373581332,70.29864501953125,19460400,0.0,0.0
2025-03-07 00:00:00-05:00,69.91158557603161,69.91158557603161,65.89590132942753,68.75042724609375,21256900,0.0,0.0
2025-03-10 00:00:00-04:00,67.29897315607525,67.29897315607525,63.39940045705608,64.61862182617188,27582900,0.0,0.0
2025-03-11 00:00:00-04:00,64.66700736252297,65.80881622578599,63.660666721811126,65.1024398803711,24310700,0.0,0.0
2025-03-12 00:00:00-04:00,66.57326106747773,67.24092389767709,65.50885713932567,66.69905090332031,18462300,0.0,0.0
2025-03-13 00:00:00-04:00,67.3763701067785,67.46346102807802,66.09909319327201,66.2442398071289,17471500,0.0,0.0
2025-03-14 00:00:00-04:00,67.21188123570273,68.76977313375414,67.00867890758266,68.55689239501953,15762300,0.0,0.0
2025-03-17 00:00:00-04:00,68.18919072491677,69.24390857487259,67.81181393617442,68.54721069335938,11185000,0.0,0.0
2025-03-18 00:00:00-04:00,68.71171735044832,69.16650667673736,68.11178139497665,68.80847930908203,11102100,0.0,0.0
2025-03-19 00:00:00-04:00,68.83751227928714,71.44045124021382,68.53754797046889,70.40508270263672,14453200,0.0,0.0
2025-03-20 00:00:00-04:00,69.51484468332474,70.99533136604158,69.4567889876172,70.17283630371094,12388300,0.0,0.0
2025-03-21 00:00:00-04:00,69.63096345720366,70.42442328921669,68.8471820352965,70.17283630371094,32647100,0.0,0.0
2025-03-24 00:00:00-04:00,71.25659199520891,72.11778596465207,70.96629874108608,71.8758773803711,10688900,0.0,0.0
2025-03-25 00:00:00-04:00,72.0597402680204,72.24359317997951,71.44045479690729,71.8371810913086,9499100,0.0,0.0
2025-03-26 00:00:00-04:00,71.98231622086224,72.94027212720081,70.75342388707146,71.09209442138672,10848100,0.0,0.0
2025-03-27 00:00:00-04:00,71.18885428113494,71.18885428113494,69.88254946867586,69.94060516357422,10457600,0.0,0.0
2025-03-28 00:00:00-04:00,69.93092563181719,70.20186942941193,67.68601441470624,68.40206909179688,13555200,0.0,0.0
2025-03-31 00:00:00-04:00,67.63764796293843,69.73741289895213,67.30864841868633,69.46647644042969,14855300,0.0,0.0
2025-04-01 00:00:00-04:00,68.54721718269344,69.31164924269646,67.8408482066226,69.00200653076172,10661000,0.0,0.0
2025-04-02 00:00:00-04:00,68.2762742693554,70.12445933740845,67.9472821488962,69.92125701904297,8854100,0.0,0.0
2025-04-03 00:00:00-04:00,65.586257169374,66.49583584999121,63.29296841095787,63.54454803466797,25880300,0.0,0.0
2025-04-04 00:00:00-04:00,60.71906105648849,61.51252100129062,57.77745147558513,59.00634765625,31050800,0.0,0.0
2025-04-07 00:00:00-04:00,58.72573080589219,62.2479231464423,56.529200260030315,60.15782928466797,41305800,0.0,0.0
2025-04-08 00:00:00-04:00,62.596269861267174,63.50584115049647,58.90958157662319,60.070743560791016,27374200,0.0,0.0
2025-04-09 00:00:00-04:00,58.677354451485805,65.01536326736179,57.50651761309204,64.18319702148438,42744800,0.0,0.0
2025-04-10 00:00:00-04:00,62.84785332438215,62.896237998905704,59.499842771107055,61.06740951538086,29026000,0.0,0.0
2025-04-11 00:00:00-04:00,59.54821743279697,61.56089491565652,57.719389143419384,60.486820220947266,33867000,0.0,0.0
2025-04-14 00:00:00-04:00,61.115787205280824,61.93827864183761,60.38038670168034,61.0577278137207,28057800,0.0,0.0
2025-04-15 00:00:00-04:00,61.38672227654297,63.30263786037105,61.25125405716606,62.45112228393555,20903300,0.0,0.0
2025-04-16 00:00:00-04:00,61.82216110856607,62.87688644145435,61.31899077856913,61.90924835205078,17351000,0.0,0.0
2025-04-17 00:00:00-04:00,62.29629854317316,63.583254036572946,61.996334248645546,62.61561965942383,18961800,0.0,0.0
2025-04-21 00:00:00-04:00,62.12211988276529,63.05105531893356,61.34801686257697,61.93827438354492,17859100,0.0,0.0
2025-04-22 00:00:00-04:00,62.61561744580013,64.2606002582779,62.61561744580013,64.08642578125,17536600,0.0,0.0
2025-04-23 00:00:00-04:00,65.25726405442968,67.25058848749785,65.25726405442968,65.74108123779297,20678800,0.0,0.0
2025-04-24 00:00:00-04:00,65.50883171289644,67.58924669798056,65.31530782787313,67.30863189697266,18420900,0.0,0.0
2025-04-25 00:00:00-04:00,66.83450233505351,67.91825543353967,66.76676822780213,67.47314453125,17775900,0.0,0.0
2025-04-28 00:00:00-04:00,67.55055209668649,68.27627786440324,66.44744952035417,67.18285369873047,16694100,0.0,0.0
2025-04-29 00:00:00-04:00,66.71838237522704,69.03102777352665,66.71838237522704,68.79879760742188,24563600,0.0,0.0
2025-04-30 00:00:00-04:00,67.4150818598433,69.09877090593427,67.08608973190665,68.71171569824219,23953000,0.0,0.0
2025-05-01 00:00:00-04:00,68.46980536660922,70.12445913930851,68.15048427473818,69.4858169555664,19672500,0.0,0.0
2025-05-02 00:00:00-04:00,70.63731224505366,71.75977170924305,70.5115224288799,71.41142272949219,18347400,0.0,0.0
2025-05-05 00:00:00-04:00,70.97596835284136,72.46612593317695,70.67600410790726,71.45978546142578,16070400,0.0,0.0
2025-05-06 00:00:00-04:00,70.77276900720157,71.78878793062297,70.21153936602664,71.10176849365234,18095100,0.0,0.0
2025-05-07 00:00:00-04:00,71.21788996445866,71.8952384701421,70.61796136459753,70.81148529052734,14310300,0.0,0.0
2025-05-08 00:00:00-04:00,71.30497689221966,71.59526276480318,70.27927947152494,70.93727111816406,19957500,0.0,0.0
2025-05-09 00:00:00-04:00,71.16104860433387,71.25834141724984,70.08108130814536,70.48971557617188,11136900,0.4,0.0
2025-05-12 00:00:00-04:00,72.96099771870982,73.21396499179647,72.06589188836193,72.85397338867188,20425500,0.0,0.0
2025-05-13 00:00:00-04:00,73.39882287232705,74.50797730720868,72.94153847105784,73.9339370727539,13635100,0.0,0.0
2025-05-14 00:00:00-04:00,74.17717635778754,74.42041212128511,73.77827356559406,74.21609497070312,14067100,0.0,0.0
2025-05-15 00:00:00-04:00,74.00203840250006,74.44959126874932,73.28206269792217,73.54475402832031,15303900,0.0,0.0
2025-05-16 00:00:00-04:00,73.51556997595759,74.28419582909481,73.33071585540675,74.1187973022461,13864600,0.0,0.0
2025-05-19 00:00:00-04:00,73.55448419028033,74.3425730129848,73.38908567331681,74.00203704833984,12720500,0.0,0.0
2025-05-20 00:00:00-04:00,73.4377428639071,73.81719005018564,73.03883266024874,73.47665405273438,10655600,0.0,0.0
2025-05-21 00:00:00-04:00,72.91235181182265,73.09720593678281,71.11240129835667,71.20970153808594,17711300,0.0,0.0
2025-05-22 00:00:00-04:00,71.16104588174423,71.89075308514437,70.51890740269418,71.40428161621094,9717000,0.0,0.0
2025-05-23 00:00:00-04:00,69.9545988048875,71.2096960870645,69.9545988048875,70.85943603515625,9260900,0.0,0.0
2025-05-27 00:00:00-04:00,71.61833669079402,72.0853451861071,71.07349097194003,71.98805236816406,11014100,0.0,0.0
2025-05-28 00:00:00-04:00,72.19237682542906,72.34805128827986,71.34592105832041,71.73509979248047,8711100,0.0,0.0
2025-05-29 00:00:00-04:00,72.39670283679311,73.04857296111926,71.34592246079545,72.4939956665039,14016600,0.0,0.0
2025-05-30 00:00:00-04:00,72.19236700360572,72.77613873690672,71.73509003286999,72.75667572021484,17042000,0.0,0.0
2025-06-02 00:00:00-04:00,72.25075032679425,72.72749032541327,71.28753139801572,72.69830322265625,11237500,0.0,0.0
2025-06-03 00:00:00-04:00,72.6982969332559,73.77826417963055,72.35776839227414,73.60313415527344,13193500,0.0,0.0
2025-06-04 00:00:00-04:00,75.59766624968734,76.66790946142885,73.34043884277344,73.34043884277344,29578000,0.0,0.0
2025-06-05 00:00:00-04:00,73.56421694757142,73.71015987447456,72.17290823396401,72.87342834472656,20138400,0.0,0.0
2025-06-06 00:00:00-04:00,74.08960995562977,74.68310577162505,73.77826849666224,74.26473999023438,10988000,0.0,0.0
2025-06-09 00:00:00-04:00,74.47878882177821,74.62472433184294,73.87556149596891,74.39122009277344,13453200,0.0,0.0
2025-06-10 00:00:00-04:00,74.09934251059391,74.2841966331456,73.09720498438864,73.4085464477539,14892900,0.0,0.0
2025-06-11 00:00:00-04:00,73.49610653338186,73.67123654986193,72.55235074584846,72.9026107788086,16442400,0.0,0.0
2025-06-12 00:00:00-04:00,72.31885642294323,72.50371054903636,71.19023895726832,72.00751495361328,14522500,0.0,0.0
2025-06-13 00:00:00-04:00,70.94699869611617,71.79346174160838,69.98378724639444,70.40215301513672,21168300,0.0,0.0
2025-06-16 00:00:00-04:00,71.41401975362916,71.72536122573084,70.95673534270597,71.17078399658203,16231500,0.0,0.0
2025-06-17 00:00:00-04:00,70.81079108022347,71.22915687144268,70.34378259228382,70.53836822509766,14156800,0.0,0.0
2025-06-18 00:00:00-04:00,70.68430344346109,73.10692919541734,70.60646622964785,72.7177505493164,23498300,0.0,0.0
2025-06-20 00:00:00-04:00,73.20422698998713,73.72961708458335,73.03882846658622,73.35990142822266,27677500,0.0,0.0
2025-06-23 00:00:00-04:00,73.09720071038451,74.94579378857591,72.79559077309378,74.92633819580078,17375700,0.0,0.0
2025-06-24 00:00:00-04:00,75.61712724527501,76.61925729588317,75.61712724527501,75.99657440185547,16342300,0.0,0.0
2025-06-25 00:00:00-04:00,76.16196961027994,77.16409961731543,75.87981527635336,76.93059539794922,13954500,0.0,0.0
2025-06-26 00:00:00-04:00,77.29058935688815,77.93272783591657,77.04735362242963,77.79651641845703,18214800,0.0,0.0
2025-06-27 00:00:00-04:00,77.83543232851808,77.9813752487271,76.82357081749151,77.34896087646484,21324200,0.0,0.0
2025-06-30 00:00:00-04:00,78.30245428043256,78.9056741772106,77.74787707886503,77.95219421386719,21685800,0.0,0.0
2025-07-01 00:00:00-04:00,77.88409281160565,79.30458874995567,77.74788138073417,79.28512573242188,20967100,0.0,0.0
2025-07-02 00:00:00-04:00,79.70348688231593,80.1705027773105,79.05161686933596,80.13158416748047,15195100,0.0,0.0
2025-07-03 00:00:00-04:00,80.40401116820699,81.67856415839844,80.26779973824605,81.3380355834961,11237300,0.0,0.0
2025-07-07 00:00:00-04:00,80.7250804114443,81.32830030964017,79.29485304010167,80.11212158203125,18156000,0.0,0.0
2025-07-08 00:00:00-04:00,80.07320413759909,80.18995253562804,78.83756249004735,79.38240814208984,18303400,0.0,0.0
2025-07-09 00:00:00-04:00,80.19968636305491,80.2872476641095,79.25593052920607,79.5770034790039,16135400,0.0,0.0
2025-07-10 00:00:00-04:00,79.40187693484044,80.50129982641705,79.40187693484044,80.13158416748047,14348100,0.0,0.0
2025-07-11 00:00:00-04:00,79.53808705901315,80.44292430963065,79.22674560842249,80.31644439697266,12583100,0.0,0.0
2025-07-14 00:00:00-04:00,79.97591473687046,81.2601992498301,79.89808493530191,81.17263793945312,20194200,0.0,0.0
2025-07-15 00:00:00-04:00,78.56514176007015,78.88621470914624,75.61712586374448,76.72628021240234,53938000,0.0,0.0
2025-07-16 00:00:00-04:00,76.7554654751697,77.91326991189669,76.09386400032075,77.74787139892578,30567500,0.0,0.0
2025-07-17 00:00:00-04:00,77.31005555298132,78.46786018315125,76.95979545348398,77.55329132080078,21837600,0.0,0.0
2025-07-18 00:00:00-04:00,77.68949639925269,78.5846021700657,76.74574050967043,78.45812225341797,21236000,0.0,0.0
2025-07-21 00:00:00-04:00,78.56514111243949,79.25592969771871,78.00083243501182,78.10785675048828,14506600,0.0,0.0
2025-07-22 00:00:00-04:00,78.10786037298402,80.35535625629369,78.10786037298402,80.15103912353516,22437000,0.0,0.0
2025-07-23 00:00:00-04:00,80.75426093040697,81.65909812690725,80.37481379216156,81.43531799316406,19379200,0.0,0.0
2025-07-24 00:00:00-04:00,81.57153637112907,82.53475527166178,80.87102365660422,81.6007308959961,19031200,0.0,0.0
2025-07-25 00:00:00-04:00,81.84395809351236,82.17475511112656,80.9780395203868,82.03854370117188,14072400,0.0,0.0
2025-07-28 00:00:00-04:00,82.03855115226682,82.2136811842525,80.47211237255208,80.82237243652344,10627100,0.0,0.0
2025-07-29 00:00:00-04:00,81.36722206790584,81.43532778236843,79.97591325277067,80.41374206542969,12478200,0.0,0.0
2025-07-30 00:00:00-04:00,80.74453612022639,80.84182893398078,79.1099916110684,79.56727600097656,15579100,0.0,0.0
2025-07-31 00:00:00-04:00,79.14890725552536,79.71321594630899,78.1565087156693,78.4483871459961,14813900,0.0,0.0
2025-08-01 00:00:00-04:00,77.04736757499079,77.20303461329202,75.30579851012997,75.6755142211914,16071300,0.0,0.0
2025-08-04 00:00:00-04:00,76.39548024651614,76.40521175483869,74.82904886301972,75.48091888427734,13892100,0.0,0.0
2025-08-05 00:00:00-04:00,76.22035503026686,76.23008653920463,74.09934630574817,75.85063934326172,15765100,0.0,0.0
2025-08-06 00:00:00-04:00,75.80199482515036,76.68736912011147,75.4614588271991,75.5101089477539,14157000,0.0,0.0
2025-08-07 00:00:00-04:00,76.16197913571666,76.18144215316114,74.70256459196236,74.96526336669922,13105600,0.0,0.0
2025-08-08 00:00:00-04:00,75.46438553532305,76.51155022023751,74.72060270868323,76.18859100341797,14123000,0.45,0.0
2025-08-11 00:00:00-04:00,76.34516248099324,76.42344949747886,75.58180993760523,75.93412017822266,14408100,0.0,0.0
2025-08-12 00:00:00-04:00,76.5506861420432,77.86208524064361,76.48218033042339,77.78379821777344,14365200,0.0,0.0
2025-08-13 00:00:00-04:00,77.97952986406074,78.01867711023303,75.45458848525163,76.22772979736328,14415100,0.0,0.0
2025-08-14 00:00:00-04:00,76.60940473292922,77.8816640775793,76.05156955153696,77.71529388427734,16051500,0.0,0.0
2025-08-15 00:00:00-04:00,77.84251963723571,77.95017269950426,75.36651413820694,75.45458984375,15380400,0.0,0.0
2025-08-18 00:00:00-04:00,75.34693732621506,75.94391977890247,75.26865029846876,75.78733825683594,11660900,0.0,0.0
2025-08-19 00:00:00-04:00,75.51331302700665,76.11028799757555,75.38608261040571,75.87541198730469,10118500,0.0,0.0
2025-08-20 00:00:00-04:00,75.81669692902396,76.8051443880875,74.95547242347398,76.49197387695312,12101900,0.0,0.0
2025-08-21 00:00:00-04:00,76.21792716709015,76.40387468572641,75.43500478668375,76.16899871826172,9102700,0.0,0.0
2025-08-22 00:00:00-04:00,76.66812066232852,77.61742081688449,76.46260322679169,77.41190338134766,11282600,0.0,0.0
2025-08-25 00:00:00-04:00,77.19659732131935,78.78202713929396,77.18681611003,78.47864532470703,12017000,0.0,0.0
2025-08-26 00:00:00-04:00,78.11653413671276,79.88790392641252,78.07738689422669,79.77046966552734,14936600,0.0,0.0
2025-08-27 00:00:00-04:00,79.52581456844611,81.43419620317661,79.506237211561,80.73934936523438,15567700,0.0,0.0
2025-08-28 00:00:00-04:00,81.1112327443623,81.35589742653028,80.17172126082608,80.2304458618164,13963200,0.0,0.0
2025-08-29 00:00:00-04:00,80.22066053290351,81.042730315352,80.05429033406139,80.42617797851562,12041200,0.0,0.0
2025-09-02 00:00:00-04:00,79.96620030639187,80.07385335913642,78.72330706094093,80.03470611572266,13326000,0.0,0.0
2025-09-03 00:00:00-04:00,79.98578156074602,80.259804811428,78.31226855615874,78.79181671142578,11174000,0.0,0.0
2025-09-04 00:00:00-04:00,79.02669542148698,80.37724183174518,78.50800746971913,80.08364868164062,10822300,0.0,0.0
2025-09-05 00:00:00-04:00,79.89770048712838,80.26958812758039,77.02044134637578,77.27489471435547,20661400,0.0,0.0
2025-09-08 00:00:00-04:00,77.30425711963109,78.08718715231997,76.8834335337113,77.45105743408203,17107000,0.0,0.0
2025-09-09 00:00:00-04:00,77.61742407881867,79.72154191189466,77.3140422516916,79.03648376464844,17157300,0.0,0.0
2025-09-10 00:00:00-04:00,78.93861380855961,79.50623017624349,78.2046197883705,78.58629608154297,16460200,0.0,0.0
2025-09-11 00:00:00-04:00,78.48843460727053,79.65304099578555,78.0773996936444,79.51602935791016,17785800,0.0,0.0
2025-09-12 00:00:00-04:00,79.36921700885708,79.89769358907733,79.06583520906463,79.7215347290039,10498300,0.0,0.0
2025-09-15 00:00:00-04:00,79.86833617296323,80.07385360157784,79.39857671714893,79.672607421875,9563200,0.0,0.0
2025-09-16 00:00:00-04:00,79.8194082266066,79.86834415255443,78.37099740406818,79.65303802490234,10705900,0.0,0.0
2025-09-17 00:00:00-04:00,79.48666029420745,80.95464833470652,78.82117208385162,80.71977233886719,14746100,0.0,0.0
2025-09-18 00:00:00-04:00,80.80785696441099,81.73757983947348,80.1913046072555,81.71800994873047,13021100,0.0,0.0
2025-09-19 00:00:00-04:00,82.0409604140498,83.11748348812485,81.16016609287084,82.83367156982422,36482400,0.0,0.0
2025-09-22 00:00:00-04:00,82.08988571646542,83.46000933384065,81.9528741013852,83.34257507324219,14545000,0.0,0.0
2025-09-23 00:00:00-04:00,83.33278769167978,84.81056438196244,81.88436956700322,82.5694351196289,14818500,0.0,0.0
2025-09-24 00:00:00-04:00,82.84346379797421,83.54809928511689,81.87459373643983,82.31498718261719,9478700,0.0,0.0
2025-09-25 00:00:00-04:00,81.9039478983072,82.85324801927906,81.77671749039969,82.52050018310547,8514900,0.0,0.0
2025-09-26 00:00:00-04:00,82.88261500947607,83.81233786992598,82.75538458863677,83.19578552246094,8502600,0.0,0.0
2025-09-29 00:00:00-04:00,82.89239617174862,83.37194435273035,82.24648525573038,82.84346771240234,9833700,0.0,0.0
2025-09-30 00:00:00-04:00,82.85325091441811,83.30343303014689,80.89593347216763,82.03117370605469,11429000,0.0,0.0
2025-10-01 00:00:00-04:00,81.32653931743508,81.81586868452743,79.04626267480702,79.14413452148438,16961900,0.0,0.0
2025-10-02 00:00:00-04:00,78.97775695868913,79.32029348933168,78.33184607595535,78.78202819824219,11420000,0.0,0.0
2025-10-03 00:00:00-04:00,79.29093148626727,79.9466385469033,78.72331506548575,78.94840240478516,10124900,0.0,0.0
2025-10-06 00:00:00-04:00,78.84074901101025,79.72154340725804,77.87187890842466,78.96797943115234,12837700,0.0,0.0
2025-10-07 00:00:00-04:00,79.14412878848813,79.62366944286136,78.82116963762384,79.40836334228516,10371300,0.0,0.0
2025-10-08 00:00:00-04:00,79.52581196093136,79.59431777463514,77.84251771955424,78.0284652709961,11277400,0.0,0.0
2025-10-09 00:00:00-04:00,78.20462069033948,79.0266904184774,77.72507254901899,78.18504333496094,8432200,0.0,0.0
2025-10-10 00:00:00-04:00,77.91102213016575,78.72331066843479,75.96349334716797,75.96349334716797,16004300,0.0,0.0
2025-10-13 00:00:00-04:00,77.05958941385623,77.5391375868075,76.60940727590976,77.23574829101562,14229300,0.0,0.0
2025-10-14 00:00:00-04:00,80.75891404440507,84.22336679869647,78.67437366508777,82.75537872314453,36260600,0.0,0.0
2025-10-15 00:00:00-04:00,83.35236691797421,85.60328510987432,83.34258570605849,84.61483764648438,22909400,0.0,0.0
2025-10-16 00:00:00-04:00,85.13351614742714,85.56412835423544,81.22867012023926,82.20732879638672,22715600,0.0,0.0
2025-10-17 00:00:00-04:00,82.64772976945447,82.72602426268129,80.55340060836687,81.50270080566406,18799000,0.0,0.0
2025-10-20 00:00:00-04:00,81.83544441813083,84.30166109409198,81.31674902737409,84.18421936035156,15777200,0.0,0.0
2025-10-21 00:00:00-04:00,84.28209497825475,85.44669382371383,82.85325408669344,82.95111846923828,20101100,0.0,0.0
2025-10-22 00:00:00-04:00,83.33279800849688,83.34258668710181,81.36569173705149,82.08989715576172,18955000,0.0,0.0
2025-10-23 00:00:00-04:00,82.51071617483099,83.65575257792938,81.96266966844111,82.65751647949219,14157800,0.0,0.0
2025-10-24 00:00:00-04:00,82.99026907687279,85.02587370260322,82.95112182895456,84.56591033935547,14011400,0.0,0.0
2025-10-27 00:00:00-04:00,85.04545362107937,85.47605842800006,84.46804103011344,85.15310668945312,11682000,0.0,0.0
2025-10-28 00:00:00-04:00,85.20202217980481,85.43690563862958,83.94934026569867,85.04544067382812,13201000,0.0,0.0
2025-10-29 00:00:00-04:00,84.96715751766946,85.37819242556336,83.84169839375359,84.16465759277344,16444400,0.0,0.0
2025-10-30 00:00:00-04:00,84.24294461783127,85.39776220894899,84.04720839340331,84.15486145019531,14830000,0.0,0.0
2025-10-31 00:00:00-04:00,83.65574569195246,85.48583261082413,83.19577492627678,85.11394500732422,14776700,0.0,0.0
2025-11-03 00:00:00-05:00,85.28032355142858,86.01431761972748,84.01785285796564,85.4369125366211,12769300,0.0,0.0
2025-11-04 00:00:00-05:00,85.14330775637039,86.6112958211354,84.04720731337942,85.2705307006836,16737700,0.0,0.0
2025-11-05 00:00:00-05:00,85.51519150579664,86.41556315267715,84.07656953939309,85.09436798095703,15609400,0.0,0.0
2025-11-06 00:00:00-05:00,85.04544347546754,85.47604823101865,83.69488967574006,84.20379638671875,16800200,0.0,0.0
2025-11-07 00:00:00-05:00,83.73156913267252,84.69569296561465,82.67889902602683,84.6465072631836,15612100,0.45,0.0
2025-11-10 00:00:00-05:00,84.89246872543343,85.5909688347646,84.06606926123824,84.7055435180664,13138200,0.0,0.0
2025-11-11 00:00:00-05:00,84.7153765076907,85.64998745393449,84.65635066017258,84.79408264160156,13851500,0.0,0.0
2025-11-12 00:00:00-05:00,84.91213125917974,87.20439666190244,84.54812853823711,84.86294555664062,16775200,0.0,0.0
2025-11-13 00:00:00-05:00,84.76456959472152,85.48274242458233,83.10193817096234,83.32820892333984,15708000,0.0,0.0
2025-11-14 00:00:00-05:00,83.08225788904316,83.9676831297265,81.6163917996969,83.67254638671875,15397300,0.0,0.0
2025-11-17 00:00:00-05:00,83.31838241029087,83.67255253257845,81.20320182047067,82.0689468383789,14457100,0.0,0.0
2025-11-18 00:00:00-05:00,82.068939572354,83.38724102322576,81.58687764529854,82.50181579589844,14233900,0.0,0.0
2025-11-19 00:00:00-05:00,82.6198738802633,83.44626574406733,82.25586365120876,82.79695892333984,10959600,0.0,0.0
2025-11-20 00:00:00-05:00,83.68238311161797,84.64651453319598,80.98676169682743,81.06546783447266,12135800,0.0,0.0
2025-11-21 00:00:00-05:00,81.42946448497656,82.27553663669686,79.73732768736582,81.76396179199219,16169500,0.0,0.0
2025-11-24 00:00:00-05:00,81.74428439250387,83.71189272070949,81.07530476651087,83.28886413574219,27574500,0.0,0.0
2025-11-25 00:00:00-05:00,83.16096501842061,84.15460932851805,82.25586698636657,83.72173309326172,12966400,0.0,0.0
2025-11-26 00:00:00-05:00,84.03654628269183,84.99083748176986,83.75124218667048,84.17427825927734,9304300,0.0,0.0
2025-11-28 00:00:00-05:00,84.25298912069054,85.11873409438122,83.9283319408702,84.45958709716797,6545000,0.0,0.0
2025-12-01 00:00:00-05:00,84.43991997480443,85.15809286890129,83.79060557165094,84.01688385009766,9794000,0.0,0.0
2025-12-02 00:00:00-05:00,84.30218026787126,85.38436333494667,83.89881696236469,84.9219741821289,9484000,0.0,0.0
2025-12-03 00:00:00-05:00,84.86294206132753,87.94224613031454,84.86294206132753,87.90289306640625,14439300,0.0,0.0
2025-12-04 00:00:00-05:00,87.95209108502524,89.16216596663912,87.87338495290227,88.74897003173828,13433000,0.0,0.0
2025-12-05 00:00:00-05:00,88.53253446264142,89.63439782650252,88.09966573519928,88.37512969970703,11210900,0.0,0.0
2025-12-08 00:00:00-05:00,88.3751239140722,89.54584568658676,87.70613682727976,88.60139465332031,13267300,0.0,0.0
2025-12-09 00:00:00-05:00,88.77848196538686,88.78832210825003,87.34212884638511,87.45034790039062,17101700,0.0,0.0
2025-12-10 00:00:00-05:00,87.49953432434822,89.39827643490736,86.76168128924745,89.22119140625,22729100,0.0,0.0
2025-12-11 00:00:00-05:00,89.07362209873288,91.90697514050811,88.75880509409119,91.09041595458984,15505100,0.0,0.0
2025-12-12 00:00:00-05:00,91.61183760680805,91.90697432400859,90.62803353781418,91.2576675415039,12532800,0.0,0.0
2025-12-15 00:00:00-05:00,92.0643957642734,92.7333828981757,90.99204531903685,91.3954086303711,13885200,0.0,0.0
2025-12-16 00:00:00-05:00,91.57249213700318,91.6610309077566,89.94921378738695,90.69690704345703,12981100,0.0,0.0
2025-12-17 00:00:00-05:00,91.257668352235,91.81843637631019,90.97236426899262,91.09041595458984,14819000,0.0,0.0
2025-12-18 00:00:00-05:00,91.52329736033259,92.36936951581015,89.81148026926796,89.99840545654297,11844100,0.0,0.0
2025-12-19 00:00:00-05:00,90.12629668330844,91.62167565392222,90.11645654040517,91.50362396240234,37783900,0.0,0.0
2025-12-22 00:00:00-05:00,91.69054150079768,92.86127081209159,91.54297688662602,92.7530517578125,9512300,0.0,0.0
2025-12-23 00:00:00-05:00,92.7137012954227,93.14657752469391,92.50710332395144,92.93997955322266,8642100,0.0,0.0
2025-12-24 00:00:00-05:00,93.11706419317176,94.29762616950228,92.93997914613918,93.75653839111328,5506800,0.0,0.0
2025-12-26 00:00:00-05:00,93.81556488852561,93.9237839461196,93.1859308293406,93.7171859741211,5169400,0.0,0.0
2025-12-29 00:00:00-05:00,93.81555796319154,94.0615089839621,92.84159402257235,92.9891586303711,8624200,0.0,0.0
2025-12-30 00:00:00-05:00,93.1957733456025,93.34333796805174,92.46775284764512,92.7825698852539,6417800,0.0,0.0
2025-12-31 00:00:00-05:00,92.96948479482904,93.14656982800474,91.61183787770155,91.69053649902344,7919300,0.0,0.0
2026-01-02 00:00:00-05:00,91.78892788597163,93.80572183918822,91.30685846041314,93.65814971923828,9242600,0.0,0.0
2026-01-05 00:00:00-05:00,93.54993017551182,96.17669288055332,93.44171862766653,94.81903839111328,14384000,0.0,0.0
2026-01-06 00:00:00-05:00,93.85491631457073,94.9862925750178,93.5302591474648,94.8288803100586,12329200,0.0,0.0
2026-01-07 00:00:00-05:00,94.1598937604154,94.33697880664171,92.13325962480427,92.76289367675781,14589500,0.0,0.0
2026-01-08 00:00:00-05:00,92.73337994987652,94.60260930921844,92.66451396059797,94.05167388916016,12406000,0.0,0.0
2026-01-09 00:00:00-05:00,94.25827174475145,95.00596498876384,93.71718397415859,94.39600372314453,10261300,0.0,0.0
2026-01-12 00:00:00-05:00,93.29414338805124,93.9926433892448,92.36936514424282,93.42203521728516,15958100,0.0,0.0
2026-01-13 00:00:00-05:00,93.7467004005649,94.19924941874385,91.55281379561009,92.04471588134766,21998600,0.0,0.0
2026-01-14 00:00:00-05:00,89.28023362360081,89.32942683729591,86.63379785041286,87.80452728271484,33803900,0.0,0.0
2026-01-15 00:00:00-05:00,87.8930536669746,88.45382920303625,86.92892986347422,87.51921081542969,21738600,0.0,0.0
2026-01-16 00:00:00-05:00,87.51921660895994,88.23739694369749,86.6534716558373,86.9486083984375,26981600,0.0,0.0
2026-01-20 00:00:00-05:00,85.84675070490563,87.2043977056778,84.88261935247563,85.2564697265625,19353500,0.0,0.0
2026-01-21 00:00:00-05:00,85.09906261746517,86.14189265923545,84.63667344624088,84.7252197265625,17606700,0.0,0.0
2026-01-22 00:00:00-05:00,85.03018767102027,87.55856387828359,85.03018767102027,86.6141128540039,19668900,0.0,0.0
2026-01-23 00:00:00-05:00,86.08286802594942,86.28946600851205,84.6366746421806,85.5516128540039,15227500,0.0,0.0
2026-01-26 00:00:00-05:00,85.68934391326904,86.86007330759374,85.68934391326904,86.62396240234375,13047400,0.0,0.0
2026-01-27 00:00:00-05:00,86.72233412213004,87.62743210531725,86.06318716736301,87.27326202392578,15105000,0.0,0.0
2026-01-28 00:00:00-05:00,87.18473459946874,87.61760336184152,85.43355674438682,86.60428619384766,16395700,0.0,0.0
2026-01-29 00:00:00-05:00,87.25358967097829,89.17200469970703,87.10601755203844,89.17200469970703,21497000,0.0,0.0
2026-01-30 00:00:00-05:00,88.74898059070406,89.57538006465703,88.29643153589943,89.02444458007812,18306900,0.0,0.0
2026-02-02 00:00:00-05:00,88.69979188316513,91.29703441779372,88.44400068489445,90.7756118774414,13835200,0.0,0.0
2026-02-03 00:00:00-05:00,91.20847981745366,93.25479420534575,90.41160087554073,90.81495666503906,18099000,0.0,0.0
2026-02-04 00:00:00-05:00,91.14946117309066,92.38905657409312,91.0314019662898,91.63152313232422,12382800,0.0,0.0
2026-02-05 00:00:00-05:00,91.34621304310808,91.55281101213706,89.4376381124371,90.51982116699219,12641300,0.0,0.0
2026-02-06 00:00:00-05:00,91.69630169225279,93.57471800635233,91.5084577980269,92.9024429321289,13205700,0.45,0.0
2026-02-09 00:00:00-05:00,92.68494104617457,94.00971418302238,87.9889040331684,93.53517150878906,20544800,0.0,0.0
2026-02-10 00:00:00-05:00,93.23858092046531,93.93063303738035,88.7303875966354,90.86585235595703,20148400,0.0,0.0
2026-02-11 00:00:00-05:00,91.59743855510102,92.02255378319965,87.49458368721317,87.93946838378906,15461700,0.0,0.0
2026-02-12 00:00:00-05:00,88.29537996982887,88.94788557637301,84.85491917645741,85.3096923828125,16858200,0.0,0.0
2026-02-13 00:00:00-05:00,84.70662518242825,86.45651362412245,84.12332400671677,85.99185943603516,12425000,0.0,0.0
2026-02-17 00:00:00-05:00,86.83219683066748,87.83071715387283,86.31810013935726,86.4070816040039,12361900,0.0,0.0
2026-02-18 00:00:00-05:00,86.82231063816785,88.38436267940452,86.65424375268186,87.55390167236328,8250900,0.0,0.0
2026-02-19 00:00:00-05:00,86.84207884787413,87.15845068804138,85.61616813810538,86.57514953613281,10427300,0.0,0.0
2026-02-20 00:00:00-05:00,86.36753342228714,87.70219502392493,85.16139221958409,87.69230651855469,14255000,0.0,0.0
2026-02-23 00:00:00-05:00,87.16833541991053,87.59345067011623,82.8282089909995,84.18264770507812,20607000,0.0,0.0
2026-02-24 00:00:00-05:00,83.4411707752823,84.22219684297656,81.53309634223695,83.60923767089844,18817700,0.0,0.0
2026-02-25 00:00:00-05:00,84.22218953309645,85.93253140280655,84.00468766695535,85.77435302734375,16620700,0.0,0.0
2026-02-26 00:00:00-05:00,85.9028736820229,87.31662827338735,84.60775852964504,85.319580078125,18768400,0.0,0.0
2026-02-27 00:00:00-05:00,83.70809343194611,83.85639084560793,79.53603409446161,80.52467346191406,29145000,0.0,0.0
2026-03-02 00:00:00-05:00,78.2508121663405,82.12627691045986,78.0431987917684,81.641845703125,21834300,0.0,0.0
2026-03-03 00:00:00-05:00,80.07979017454517,82.5415001309122,78.94285337339961,81.5924072265625,19018600,0.0,0.0
2026-03-04 00:00:00-05:00,81.75059829183401,83.08526003683355,81.09809263626246,82.97650909423828,18061200,0.0,0.0
2026-03-05 00:00:00-05:00,82.69969070200993,82.84798812662119,80.26763858363456,81.17718505859375,20939200,0.0,0.0
2026-03-06 00:00:00-05:00,79.34819979316447,79.6546755913203,77.05455670314151,79.50637817382812,16798900,0.0,0.0
2026-03-09 00:00:00-04:00,78.52763039289958,78.88354119187088,75.98682735412795,77.9344482421875,24959500,0.0,0.0
2026-03-10 00:00:00-04:00,78.05307863945123,78.89342817467937,76.57011951994764,77.41046905517578,18481700,0.0,0.0
2026-03-11 00:00:00-04:00,77.1633133338897,77.34126873946815,75.63091914459082,76.00659942626953,17497300,0.0,0.0
2026-03-12 00:00:00-04:00,74.62250145327027,74.68181740059718,73.80192898255633,74.39511108398438,24794100,0.0,0.0
2026-03-13 00:00:00-04:00,74.79057281223872,75.34420846770337,73.18897425400442,73.2581787109375,15496900,0.0,0.0
2026-03-16 00:00:00-04:00,73.97988837349409,75.02784372752427,73.52511515301458,74.88943481445312,17836300,0.0,0.0
2026-03-17 00:00:00-04:00,75.63091246773921,76.29329904119082,74.9586373885394,75.36398315429688,18173400,0.0,0.0
2026-03-18 00:00:00-04:00,74.94875219460785,76.01648458099763,74.94875219460785,75.3244400024414,12951200,0.0,0.0
2026-03-19 00:00:00-04:00,74.82023032011563,75.92750916684548,73.83159091712399,75.52216339111328,18744400,0.0,0.0
2026-03-20 00:00:00-04:00,75.53205006885459,77.03477860623155,75.34420617316252,76.71841430664062,40461100,0.0,0.0
2026-03-23 00:00:00-04:00,78.58693872689769,78.89342205018582,77.23250766356972,77.39068603515625,15320800,0.0,0.0
2026-03-24 00:00:00-04:00,76.74807237334933,79.55581213547079,76.69864492996881,78.70558166503906,19134300,0.0,0.0
2026-03-25 00:00:00-04:00,78.60671840961591,79.87217559620292,78.42876302133213,79.34819793701172,17213400,0.0,0.0
2026-03-26 00:00:00-04:00,78.9823952360809,79.38774098068431,77.8256890336635,78.12227630615234,15430500,0.0,0.0
2026-03-27 00:00:00-04:00,77.72683451723287,77.7367154807508,75.98682701260697,76.31307983398438,13674900,0.0,0.0
2026-03-30 00:00:00-04:00,76.99523026426692,77.33137156723463,75.62102216401593,75.92750549316406,14311500,0.0,0.0
2026-03-31 00:00:00-04:00,76.94580477503106,78.83410206909228,76.57011698319572,78.70558166503906,19097600,0.0,0.0
2026-04-01 00:00:00-04:00,80.26762981684195,80.77183044564316,79.26910197908661,79.65467071533203,14979400,0.0,0.0
2026-04-02 00:00:00-04:00,78.5078580491941,79.92160514432474,77.79603647730845,79.68433380126953,10001800,0.0,0.0
2026-04-06 00:00:00-04:00,80.04023946601365,80.93990487922822,79.84251461657196,80.92012786865234,7069200,0.0,0.0
2026-04-07 00:00:00-04:00,80.48513241868397,81.15739992994884,79.98092424251575,80.8212661743164,8820900,0.0,0.0
2026-04-08 00:00:00-04:00,83.54003336710957,84.75606320710827,83.29287350507671,83.6982192993164,15130300,0.0,0.0
2026-04-09 00:00:00-04:00,83.49059162071228,85.17128307214949,83.48071065778933,85.04275512695312,10496100,0.0,0.0
2026-04-10 00:00:00-04:00,84.8549171628366,84.92412161558057,84.02445618718919,84.42980194091797,7946200,0.0,0.0
2026-04-13 00:00:00-04:00,83.62900218061696,85.71503189197131,83.11491301783691,85.65571594238281,14506600,0.0,0.0
2026-04-14 00:00:00-04:00,82.07683902316782,82.21525547738075,79.40751568126635,80.77183532714844,32845600,0.0,0.0
2026-04-15 00:00:00-04:00,80.00070115069146,80.76195773843003,79.23945210567317,79.37786102294922,31494000,0.0,0.0
2026-04-16 00:00:00-04:00,79.18011724506721,80.93990152002885,79.09114332932693,80.32694244384766,20713300,0.0,0.0
2026-04-17 00:00:00-04:00,81.1969442814643,81.66160596666926,80.10944254275958,80.4851303100586,24033900,0.0,0.0
2026-04-20 00:00:00-04:00,80.6235458464997,81.47377633138014,80.31706250436466,81.03877258300781,14240500,0.0,0.0
2026-04-21 00:00:00-04:00,81.21672489281039,82.155929267263,80.27751297563805,80.62354278564453,17387300,0.0,0.0
2026-04-22 00:00:00-04:00,80.62354748145971,80.94979275663484,79.25922025852306,79.66456604003906,13724200,0.0,0.0
2026-04-23 00:00:00-04:00,79.64478724636336,80.44559028535124,78.83410324418404,79.5953598022461,13906500,0.0,0.0
2026-04-24 00:00:00-04:00,79.19990193330698,79.45695028600967,78.34967145666874,78.51773834228516,15419600,0.0,0.0
2026-04-27 00:00:00-04:00,78.48808431811023,79.97104347395216,78.4386493291607,79.64479064941406,20114400,0.0,0.0
2026-04-28 00:00:00-04:00,80.3961489303716,81.0189889844984,80.02046870541376,80.57410430908203,14826700,0.0,0.0
2026-04-29 00:00:00-04:00,80.31706277177366,81.06843082799475,79.78319659046291,80.58399963378906,19930700,0.0,0.0
2026-04-30 00:00:00-04:00,79.90182945396782,81.6912642075554,79.1010340193072,81.29581451416016,13535900,0.0,0.0
2026-05-01 00:00:00-04:00,81.3155879883247,81.72093374956226,79.8919448852539,79.8919448852539,14632700,0.0,0.0
2026-05-04 00:00:00-04:00,79.66456077334111,79.95126709047165,78.28046417236328,78.28046417236328,12968800,0.0,0.0
2026-05-05 00:00:00-04:00,78.49796780550953,79.19990085593537,78.11239905306041,78.9823989868164,11379900,0.0,0.0
2026-05-06 00:00:00-04:00,79.87217746461282,80.55434105944481,79.43717371802778,79.50637817382812,14347500,0.0,0.0
2026-05-07 00:00:00-04:00,79.7733134454505,80.08967774319851,77.79603469884546,78.26069641113281,19094800,0.0,0.0
2026-05-08 00:00:00-04:00,78.54903409080593,78.57886162419419,75.11873120598754,75.20821380615234,31062100,0.45,0.0
2026-05-11 00:00:00-04:00,75.2380466626537,75.2877642790468,72.77220764075796,73.15998077392578,25403900,0.0,0.0
2026-05-12 00:00:00-04:00,73.47815475920973,74.82044697515008,72.4540355691652,74.75084686279297,21003400,0.0,0.0
2026-05-13 00:00:00-04:00,73.72672353161929,74.33324201345388,72.86168711018892,73.11026000976562,16343900,0.0,0.0
2026-05-14 00:00:00-04:00,73.55769988514697,74.06478316677263,72.80203610423054,73.36878204345703,19388500,0.0,0.0
2026-05-15 00:00:00-04:00,73.51792087254455,73.63723100561458,72.36453901391667,73.00088500976562,16479000,0.0,0.0
2026-05-18 00:00:00-04:00,72.91140849132124,74.34318330848082,72.91140849132124,73.94547271728516,16934200,0.0,0.0
2026-05-19 00:00:00-04:00,74.05484294446875,74.91987179599843,73.42843437105151,74.12444305419922,18649800,0.0,0.0
2026-05-20 00:00:00-04:00,74.46249659941144,75.86445138310302,73.55769519677085,75.37724304199219,14695300,0.0,0.0
2026-05-21 00:00:00-04:00,75.15849998647604,75.62581826205788,74.48238896663875,75.48661804199219,9433400,0.0,0.0
2026-05-22 00:00:00-04:00,75.92410987057997,76.41131064779086,75.68548200216856,75.96388244628906,8728900,0.0,0.0
2026-05-26 00:00:00-04:00,76.4709732130876,77.22662939312984,76.33176540535018,77.07748413085938,21956700,0.0,0.0
2026-05-27 00:00:00-04:00,76.68971124148388,77.26640221162579,74.75084558340373,75.675537109375,15575700,0.0,0.0
2026-05-28 00:00:00-04:00,75.40707436245997,77.17691985438,74.91987358272766,76.21245574951172,14146700,0.0,0.0
2026-05-29 00:00:00-04:00,76.18262748267024,77.30617429456882,75.9042194539385,77.09737396240234,22322900,0.0,0.0
2026-06-01 00:00:00-04:00,76.31188388707824,77.57463094066343,76.06331097539395,76.72948455810547,15566900,0.0,0.0
2026-06-02 00:00:00-04:00,76.37153474757994,79.08595413128083,76.28205214551208,78.98652648925781,19447400,0.0,0.0
2026-06-03 00:00:00-04:00,78.42972076948362,78.67829367611517,76.95817341029698,78.23086547851562,15236600,0.0,0.0
2026-06-04 00:00:00-04:00,79.51350059217572,81.42253864660914,79.26492769178044,81.15408325195312,19452100,0.0,0.0
2026-06-05 00:00:00-04:00,81.6810598558713,81.97934279677693,80.98505115540503,81.47225952148438,15110600,0.0,0.0
2026-06-08 00:00:00-04:00,81.34299486916507,82.06883108832633,80.3685933312611,80.49784851074219,11481200,0.0,0.0
2026-06-09 00:00:00-04:00,80.78619503393405,82.08871464331907,80.46802201538797,81.53191375732422,15565500,0.0,0.0
2026-06-10 00:00:00-04:00,81.38276510303484,82.70517473799106,80.98504694997035,81.50208282470703,12580800,0.0,0.0
2026-06-11 00:00:00-04:00,82.07877171674713,82.43671728697817,80.36858901138608,81.92962646484375,10929900,0.0,0.0
2026-06-12 00:00:00-04:00,82.45660075270507,83.61992007675069,82.14837279142189,83.25203704833984,10526000,0.0,0.0
2026-06-15 00:00:00-04:00,83.93809734244003,84.4451881963168,82.5560325875848,82.6654052734375,14526900,0.0,0.0
2026-06-16 00:00:00-04:00,83.52049728041922,84.57444398529756,83.46084220983158,84.56450653076172,12400500,0.0,0.0
2026-06-17 00:00:00-04:00,84.64403804635,86.58291114614224,83.11282812868404,83.33157348632812,19403500,0.0,0.0
2026-06-18 00:00:00-04:00,84.4451856958714,85.08153171153029,81.48219339696237,81.73076629638672,36738600,0.0,0.0
2026-06-22 00:00:00-04:00,82.24780267766141,83.64974989434002,82.21797514328316,83.36140441894531,18657600,0.0,0.0
2026-06-23 00:00:00-04:00,83.53043961854385,83.84861262779009,82.57592059080515,83.64974975585938,11612300,0.0,0.0
2026-06-24 00:00:00-04:00,83.70941393599922,84.00769687056726,83.03329533079807,83.81878662109375,11424900,0.0,0.0
2026-06-25 00:00:00-04:00,83.79889811867955,85.80737147747168,83.79889811867955,84.25627136230469,11403800,0.0,0.0
2026-06-26 00:00:00-04:00,84.3457583170053,84.6738763658737,82.62563050983944,83.38129425048828,20829300,0.0,0.0
2026-06-29 00:00:00-04:00,83.28186758084088,84.09718639959651,82.99352210293617,83.03329467773438,16658300,0.0,0.0
2026-06-30 00:00:00-04:00,83.22220535411935,83.3216405845482,82.04894094198337,82.16825866699219,17283400,0.0,0.0
2026-07-01 00:00:00-04:00,82.35717718073035,85.5587974293513,82.27763203006873,85.44942474365234,14670600,0.0,0.0
2026-07-02 00:00:00-04:00,86.11559267365348,86.30451049764417,84.6042652534131,85.0218734741211,10782000,0.0,0.0
2026-07-06 00:00:00-04:00,85.50907823824406,87.12977082743754,85.42953308904804,86.95079803466797,9914200,0.0,0.0
2026-07-07 00:00:00-04:00,87.52748887737242,88.06440725500514,86.39399705320655,86.68234252929688,10029500,0.0,0.0
2026-07-08 00:00:00-04:00,86.02610563167232,86.27467853091366,84.61421338458379,85.07158660888672,9978600,0.0,0.0
2026-07-09 00:00:00-04:00,85.35993276434807,86.95079781503536,85.16107747770326,86.41388702392578,13324900,0.0,0.0
2026-07-10 00:00:00-04:00,87.00051583318131,87.3385713392142,86.15536948225615,86.66246032714844,14054800,0.0,0.0
2026-07-13 00:00:00-04:00,87.38828576512088,87.50760348481295,85.61844797849004,87.16954040527344,15026800,0.0,0.0
2026-07-14 00:00:00-04:00,84.36564037395874,88.17377900591067,83.3514662841639,84.80313110351562,38943000,0.0,0.0
2026-07-15 00:00:00-04:00,85.44942239385017,87.12977003677074,85.21078694842763,87.01045989990234,28730300,0.0,0.0
2026-07-16 00:00:00-04:00,87.44794301951077,88.3925245892218,86.71216936094476,87.5672607421875,20161000,0.0,0.0
2026-07-17 00:00:00-04:00,87.23914271946202,89.27744353051642,86.0062232614837,87.01045989990234,22762700,0.0,0.0
2026-07-20 00:00:00-04:00,87.37834379118678,88.0644074282633,85.56873336783165,85.83719635009766,17536100,0.0,0.0
2026-07-21 00:00:00-04:00,86.18519669687083,87.75617925468623,85.39970541796313,87.23914337158203,17605300,0.0,0.0
2026-07-22 00:00:00-04:00,87.68658196554271,87.68658196554271,85.75765376073011,85.92668151855469,15478700,0.0,0.0
2026-07-23 00:00:00-04:00,85.290334837229,85.99628098447252,84.6142162251609,85.697998046875,11220700,0.0,0.0
2026-07-24 00:00:00-04:00,85.45936093172469,86.4536525427318,85.21078802897291,85.81730651855469,11871400,0.0,0.0
2026-07-27 00:00:00-04:00,86.80166281892903,87.3982362830978,86.40394464753547,86.7718276977539,10379300,0.0,0.0
2026-07-28 00:00:00-04:00,87.24908887713005,87.71640714809855,85.91674175941326,86.37411499023438,16570500,0.0,0.0
2026-07-29 00:00:00-04:00,86.35422783441288,86.52325559342788,83.23215267658298,83.39124298095703,18076900,0.0,0.0
2026-07-30 00:00:00-04:00,84.09718308663878,85.0914746598953,83.5403746472421,84.94232940673828,15139000,0.0,0.0
2026-07-31 00:00:00-04:00,85.5090766411318,86.24485029284509,84.9522757788453,85.95650482177734,14776700,0.0,0.0
2026-08-03 00:00:00-04:00,87.06017234807983,87.46783555595852,85.91674304681504,87.38829040527344,11180000,0.0,0.0
2026-08-04 00:00:00-04:00,87.06017313405759,88.91950122243094,86.87126288177893,87.88543701171875,16454100,0.0,0.0
2026-08-05 00:00:00-04:00,88.7206428790318,89.10841599648458,88.33286217573614,88.66098022460938,9613300,0.0,0.0
2026-08-06 00:00:00-04:00,89.32715240539792,89.65527044923459,86.70222322639012,87.08999633789062,13095000,0.0,0.0
2026-08-07 00:00:00-04:00,86.45999908447266,87.36000061035156,86.04000091552734,87.25,7391000,0.5,0.0
2026-08-10 00:00:00-04:00,86.91000366210938,87.80999755859375,86.56999969482422,87.5199966430664,12927700,0.0,0.0
2026-08-11 00:00:00-04:00,87.62000274658203,88.5,87.25,87.44999694824219,11059400,0.0,0.0
2026-08-12 00:00:00-04:00,88.0,89.22000122070312,87.4000015258789,88.93000030517578,14441100,0.0,0.0
2026-08-13 00:00:00-04:00,89.36000061035156,89.5,87.77999877929688,88.11000061035156,10459200,0.0,0.0
2026-08-14 00:00:00-04:00,88.06999969482422,88.83999633789062,87.76000213623047,88.81999969482422,8788100,0.0,0.0
2026-08-17 00:00:00-04:00,88.72000122070312,89.52999877929688,87.4800033569336,87.54000091552734,14586000,0.0,0.0
2026-08-18 00:00:00-04:00,88.30000305175781,88.30000305175781,86.8499984741211,87.4000015258789,8219400,0.0,0.0
2026-08-19 00:00:00-04:00,87.41000366210938,87.41000366210938,85.58000183105469,85.94000244140625,10692400,0.0,0.0
2026-08-20 00:00:00-04:00,85.62000274658203,85.66999816894531,83.62000274658203,83.69999694824219,13730000,0.0,0.0
2026-08-21 00:00:00-04:00,84.5,85.0,83.4800033569336,83.83999633789062,13304500,0.0,0.0
2026-08-24 00:00:00-04:00,84.22000122070312,85.68000030517578,84.0199966430664,84.72000122070312,7948400,0.0,0.0
2026-08-25 00:00:00-04:00,84.9800033569336,85.1500015258789,83.87999725341797,84.79000091552734,8984500,0.0,0.0
2026-08-26 00:00:00-04:00,84.98999786376953,85.58999633789062,84.0999984741211,85.2300033569336,9896500,0.0,0.0
2026-08-27 00:00:00-04:00,84.76000213623047,85.29000091552734,83.72000122070312,84.97000122070312,10844000,0.0,0.0
2026-08-28 00:00:00-04:00,85.41000366210938,86.72000122070312,85.19999694824219,86.69000244140625,12024000,0.0,0.0
2026-08-31 00:00:00-04:00,86.29000091552734,87.08999633789062,85.87999725341797,86.38999938964844,19125600,0.0,0.0
2026-09-01 00:00:00-04:00,86.44000244140625,87.94000244140625,86.01000213623047,87.04000091552734,19322900,0.0,0.0
2026-09-02 00:00:00-04:00,87.75,90.08999633789062,87.58000183105469,89.2699966430664,20602400,0.0,0.0
2026-09-03 00:00:00-04:00,89.80000305175781,90.33999633789062,88.68000030517578,89.19000244140625,13206000,0.0,0.0
2026-09-04 00:00:00-04:00,88.75,90.12999725341797,88.7300033569336,89.97000122070312,8003900,0.0,0.0
2026-09-08 00:00:00-04:00,89.63999938964844,89.7300033569336,87.95999908447266,87.95999908447266,9752600,0.0,0.0
2026-09-09 00:00:00-04:00,87.55999755859375,89.94000244140625,87.19999694824219,89.66999816894531,14583100,0.0,0.0
2026-09-10 00:00:00-04:00,89.6500015258789,89.98999786376953,88.6500015258789,89.44999694824219,13089100,0.0,0.0
2026-09-11 00:00:00-04:00,90.73999786376953,91.16000366210938,89.76000213623047,90.29000091552734,12927800,0.0,0.0
2026-09-14 00:00:00-04:00,90.16999816894531,90.4800033569336,87.37999725341797,88.70999908447266,15725100,0.0,0.0
2026-09-15 00:00:00-04:00,90.5199966430664,91.98999786376953,87.91000366210938,89.72000122070312,15940800,0.0,0.0
2026-09-16 00:00:00-04:00,89.72000122070312,89.72000122070312,86.0999984741211,87.05000305175781,13555700,0.0,0.0
2026-09-17 00:00:00-04:00,87.7699966430664,87.88999938964844,85.79000091552734,86.88999938964844,12615700,0.0,0.0
2026-09-18 00:00:00-04:00,,,,,24996379,0.0,0.0
