Date,Open,High,Low,Close,Volume,Dividends,Stock Splits
2021-08-09 00:00:00-04:00,45.62945223676364,45.807706795616575,45.469965082878275,45.5262565612793,15811800,0.0,0.0
2021-08-10 00:00:00-04:00,45.96094051667184,46.580132447446026,45.735778187829496,46.495697021484375,38262000,0.0,0.0
2021-08-11 00:00:00-04:00,46.7552544548469,47.4025938987221,46.64580298308642,46.911617279052734,41455800,0.0,0.0
2021-08-12 00:00:00-04:00,46.76723508842845,47.14702120781572,46.70759705473741,46.786067962646484,18269100,0.183333,0.0
2021-08-13 00:00:00-04:00,46.88650976263794,47.194107426184054,46.81746067131502,46.93359375,15981300,0.0,0.0
2021-08-16 00:00:00-04:00,46.980667923639686,47.62411068433396,46.77978872311121,47.31651306152344,47791500,0.0,0.0
2021-08-17 00:00:00-04:00,47.2066512200208,47.86578738779036,46.798617623594716,47.30081558227539,50950200,0.0,0.0
2021-08-18 00:00:00-04:00,47.25373589694532,47.88776038016875,46.7735066223429,46.79861831665039,28211700,0.0,0.0
2021-08-19 00:00:00-04:00,46.55693451274267,47.288262778867455,46.453355507531576,47.115631103515625,22630500,0.0,0.0
2021-08-20 00:00:00-04:00,47.2317775291651,47.620981965577236,47.002650762117966,47.53623580932617,19400400,0.0,0.0
2021-08-23 00:00:00-04:00,47.56134354867093,47.64295388457696,47.209804871553175,47.22236251831055,16166100,0.0,0.0
2021-08-24 00:00:00-04:00,47.23803753508128,47.23803753508128,46.67306218780023,46.735836029052734,18828900,0.0,0.0
2021-08-25 00:00:00-04:00,46.58204492555197,46.855112595772546,46.462772461500265,46.75467300415039,21921300,0.0,0.0
2021-08-26 00:00:00-04:00,46.28700221090495,46.53810119446699,46.03590322734292,46.24934005737305,23466900,0.0,0.0
2021-08-27 00:00:00-04:00,46.299552517842095,46.35605113157571,45.882100715929695,45.98881912231445,23088600,0.0,0.0
2021-08-30 00:00:00-04:00,45.95743732324016,46.453356483943296,45.831886031617145,46.359195709228516,16440600,0.0,0.0
2021-08-31 00:00:00-04:00,46.450222503169684,46.591463670831004,46.214816965064024,46.48474884033203,25078500,0.0,0.0
2021-09-01 00:00:00-04:00,46.31525877571185,46.43139184479888,46.00452172642227,46.384307861328125,19056600,0.0,0.0
2021-09-02 00:00:00-04:00,46.49102596286744,46.701323405417476,46.35606001973938,46.62913131713867,20018100,0.0,0.0
2021-09-03 00:00:00-04:00,46.51613680112302,46.97125083238036,46.42197242858422,46.845703125,17211900,0.0,0.0
2021-09-07 00:00:00-04:00,46.757816649790314,46.820590502238865,46.15831845649903,46.2242317199707,25345200,0.0,0.0
2021-09-08 00:00:00-04:00,46.123800440694424,46.55380643635154,46.05474775374147,46.28387451171875,19508400,0.0,0.0
2021-09-09 00:00:00-04:00,46.28386633013271,46.33095031164424,45.77539309464086,45.95743942260742,22328700,0.0,0.0
2021-09-10 00:00:00-04:00,46.202265012525864,46.214822658134345,45.64670773047888,45.79109191894531,15775200,0.0,0.0
2021-09-13 00:00:00-04:00,45.988824174474566,46.18656395626083,45.39874064799861,45.53056716918945,19529400,0.0,0.0
2021-09-14 00:00:00-04:00,45.66240570712889,45.787957031591496,45.17276164813193,45.29203414916992,16533900,0.0,0.0
2021-09-15 00:00:00-04:00,45.219827838291685,45.433261054652014,45.13194230496584,45.370487213134766,14850000,0.0,0.0
2021-09-16 00:00:00-04:00,45.33597436458101,45.60904568519497,45.10056879688013,45.52116012573242,18428400,0.0,0.0
2021-09-17 00:00:00-04:00,45.24180856836663,45.875836749241955,45.2041464086345,45.42699432373047,73032600,0.0,0.0
2021-09-20 00:00:00-04:00,45.04092477829957,45.571373884080174,44.45084482366124,44.80238342285156,25054500,0.0,0.0
2021-09-21 00:00:00-04:00,44.78982681636185,45.37991037667193,44.78041217516696,44.89026641845703,17437500,0.0,0.0
2021-09-22 00:00:00-04:00,45.031505875172385,45.07231103021777,44.661134437079994,44.78668212890625,15044400,0.0,0.0
2021-09-23 00:00:00-04:00,44.95304285447977,45.08172996927384,44.71135849586302,44.811798095703125,15585300,0.0,0.0
2021-09-24 00:00:00-04:00,44.72704976705353,45.10056063315664,44.723910356211725,44.93734359741211,13360500,0.0,0.0
2021-09-27 00:00:00-04:00,44.84318665798325,45.056619917430815,44.51989556169993,44.64858627319336,21250800,0.0,0.0
2021-09-28 00:00:00-04:00,44.53244953960938,44.59208757459276,43.939230152901864,44.09930419921875,20580900,0.0,0.0
2021-09-29 00:00:00-04:00,44.146380483179406,44.516755527035635,44.042805070375785,44.080467224121094,21375600,0.0,0.0
2021-09-30 00:00:00-04:00,44.14324391232051,44.48536425303195,43.70695920884197,43.74776077270508,22457700,0.0,0.0
2021-10-01 00:00:00-04:00,43.710100343273325,43.826233411473275,42.661763318332554,43.016441345214844,30014400,0.0,0.0
2021-10-04 00:00:00-04:00,43.02899720827234,43.38681466135144,42.281975373388484,42.60212707519531,29970300,0.0,0.0
2021-10-05 00:00:00-04:00,42.67117610796741,43.22359390873031,42.655482644945955,42.881473541259766,20597400,0.0,0.0
2021-10-06 00:00:00-04:00,42.76220150127971,43.24870604389151,42.72767516388125,43.19534683227539,19376700,0.0,0.0
2021-10-07 00:00:00-04:00,43.55943891981696,44.162080110904235,43.55316368982865,43.70382308959961,21068100,0.0,0.0
2021-10-08 00:00:00-04:00,43.83565139770508,43.97061733998767,43.631632778719435,43.83565139770508,13847400,0.0,0.0
2021-10-11 00:00:00-04:00,43.79170976198172,44.18718934953461,43.766598065373344,43.79484558105469,13048200,0.0,0.0
2021-10-12 00:00:00-04:00,43.73520672167052,44.07105183286627,43.65046059118173,43.74776077270508,15789300,0.0,0.0
2021-10-13 00:00:00-04:00,43.78543365681205,43.945507711610645,43.35542411273828,43.430755615234375,17937900,0.0,0.0
2021-10-14 00:00:00-04:00,43.47156338855984,43.96434322763606,43.47156338855984,43.90156936645508,19783500,0.0,0.0
2021-10-15 00:00:00-04:00,44.13696633300351,44.28762572566787,43.92980832108878,44.114994049072266,20737200,0.0,0.0
2021-10-18 00:00:00-04:00,43.942367065205964,44.57325216529023,43.88900785546678,44.46967315673828,19887000,0.0,0.0
2021-10-19 00:00:00-04:00,45.39560346609387,45.70320109197812,45.09114525124988,45.41443634033203,33444300,0.0,0.0
2021-10-20 00:00:00-04:00,45.47720077188307,45.979402266187975,45.47720077188307,45.82560348510742,17453700,0.0,0.0
2021-10-21 00:00:00-04:00,46.00766096934022,46.11437580454141,45.76597659855438,46.07985305786133,13954500,0.0,0.0
2021-10-22 00:00:00-04:00,46.17087709250551,46.98381221203689,46.17087709250551,46.560081481933594,21195600,0.0,0.0
2021-10-25 00:00:00-04:00,46.69817528098959,47.24431418188201,46.456490956110144,47.09993362426758,19287900,0.0,0.0
2021-10-26 00:00:00-04:00,47.081102568839,47.25373423612556,46.5977374924397,46.688758850097656,17418600,0.0,0.0
2021-10-27 00:00:00-04:00,46.754674489698935,46.77350736272687,46.261894748147284,46.30583572387695,14565600,0.0,0.0
2021-10-28 00:00:00-04:00,46.56008577772129,46.76096501763681,46.36234594943023,46.59461212158203,12598500,0.0,0.0
2021-10-29 00:00:00-04:00,46.42510505247832,47.11248870750256,46.315250824580815,46.89905548095703,22022700,0.0,0.0
2021-11-01 00:00:00-04:00,47.074839838564124,47.31652425537767,46.87710000226447,47.01520538330078,12549600,0.0,0.0
2021-11-02 00:00:00-04:00,47.07169983114543,47.13761310404809,46.85512354360357,46.993228912353516,13638900,0.0,0.0
2021-11-03 00:00:00-04:00,46.95556504243268,47.17213773009156,46.77665451505946,47.137611389160156,14209500,0.0,0.0
2021-11-04 00:00:00-04:00,47.137608399170084,47.66177871060481,47.02775056062808,47.48286819458008,15149100,0.0,0.0
2021-11-05 00:00:00-04:00,47.7088507513959,47.7088507513959,46.96182907447462,47.15329360961914,15081900,0.0,0.0
2021-11-08 00:00:00-05:00,47.15016151481004,47.24118288458944,46.68248983751961,46.85198211669922,15373200,0.0,0.0
2021-11-09 00:00:00-05:00,46.93045922602889,47.04031708530934,46.726440566226024,47.01520538330078,15001800,0.0,0.0
2021-11-10 00:00:00-05:00,46.682489958356456,46.96183648261445,46.44708441355361,46.59146499633789,16803600,0.0,0.0
2021-11-11 00:00:00-05:00,46.69504047543395,46.7640931464951,46.512994157183314,46.610294342041016,13603200,0.0,0.0
2021-11-12 00:00:00-05:00,46.76723705317513,46.842564961208424,46.30898000662687,46.37803268432617,18313800,0.0,0.0
2021-11-15 00:00:00-05:00,46.5004411653269,46.594605540740474,45.95116274476162,46.11124038696289,28896000,0.0,0.0
2021-11-16 00:00:00-05:00,45.543124169766415,46.039043322673855,44.664275918230466,44.93734359741211,73986600,0.0,0.0
2021-11-17 00:00:00-05:00,44.934221636156366,45.42386571038825,44.5136302537268,44.551292419433594,33116100,0.0,0.0
2021-11-18 00:00:00-05:00,44.61405246995863,44.97500566315736,44.21229412316208,44.9342041015625,24394200,0.0,0.0
2021-11-19 00:00:00-05:00,45.07858503064709,45.19785748983221,44.55127540014464,44.69252014160156,28119300,0.0,0.0
2021-11-22 00:00:00-05:00,44.77728022620835,45.624741755117626,44.570122165362946,45.442691802978516,29126400,0.0,0.0
2021-11-23 00:00:00-05:00,45.276335761073064,45.81933898414206,44.96246287204091,45.7659797668457,29907900,0.0,0.0
2021-11-24 00:00:00-05:00,45.74085973927366,46.15831154273457,45.7126086363006,45.99509811401367,18089400,0.0,0.0
2021-11-26 00:00:00-05:00,45.96371178070752,46.41568995734999,45.32968728747334,45.4803466796875,21039600,0.0,0.0
2021-11-29 00:00:00-05:00,45.51173512868158,45.59020603425741,44.64230508148718,44.767852783203125,33039600,0.0,0.0
2021-11-30 00:00:00-05:00,44.406910167208025,44.7270619119421,43.945513632266135,44.14011764526367,64818900,0.0,0.0
2021-12-01 00:00:00-05:00,44.102448353058136,44.16836162533611,43.01330606274635,43.04469299316406,36621300,0.0,0.0
2021-12-02 00:00:00-05:00,43.1984883941697,43.45272682076141,42.44833075916723,42.5205192565918,39805800,0.0,0.0
2021-12-03 00:00:00-05:00,42.64293231312531,43.27695689531317,42.46402538227136,43.160823822021484,44142600,0.0,0.0
2021-12-06 00:00:00-05:00,43.17651603573256,43.74149151343873,43.03213544912083,43.62849426269531,32589300,0.0,0.0
2021-12-07 00:00:00-05:00,43.81682144632111,43.889013538964164,43.34287091114944,43.48725509643555,37739100,0.0,0.0
2021-12-08 00:00:00-05:00,43.333450186763486,43.471555529998845,42.6900074499648,43.04782485961914,34496400,0.0,0.0
2021-12-09 00:00:00-05:00,43.05728393060492,43.66865215103274,42.767360079494765,43.6465950012207,32351700,0.183333,0.0
2021-12-10 00:00:00-05:00,43.59616040851623,44.528965516096974,43.35350297888808,44.443878173828125,38575500,0.0,0.0
2021-12-13 00:00:00-05:00,44.19493314523605,45.30106891750925,44.12245037899461,45.24434280395508,54039300,0.0,0.0
2021-12-14 00:00:00-05:00,45.15924656870116,45.78321926939773,44.796836415128936,45.67607116699219,46721400,0.0,0.0
2021-12-15 00:00:00-05:00,45.76116232590979,46.158237862927024,45.190763628943856,45.93764114379883,33489900,0.0,0.0
2021-12-16 00:00:00-05:00,45.937642160699056,46.177147587507626,45.03004606523465,45.17185592651367,39069600,0.0,0.0
2021-12-17 00:00:00-05:00,44.98592631089834,45.36409316865595,43.611927514409686,43.72537612915039,78581100,0.0,0.0
2021-12-20 00:00:00-05:00,43.52684185072383,44.04051449200727,43.36297122231682,43.867191314697266,31017900,0.0,0.0
2021-12-21 00:00:00-05:00,43.77264142453707,44.07517343594777,43.49217016597904,43.999542236328125,24620400,0.0,0.0
2021-12-22 00:00:00-05:00,44.08777626908895,44.116141123468104,43.65603902211667,44.0562629699707,17028000,0.0,0.0
2021-12-23 00:00:00-05:00,44.05626816246636,44.16972038042269,43.756888179092,43.95857620239258,17592600,0.0,0.0
2021-12-27 00:00:00-05:00,43.9932327836029,44.39346030527989,43.98378023722475,44.35879135131836,16040700,0.0,0.0
2021-12-28 00:00:00-05:00,44.30838479133862,45.055258774441796,44.30838479133862,44.995384216308594,15783000,0.0,0.0
2021-12-29 00:00:00-05:00,44.95755572933178,45.231726463987386,44.850407633693436,44.97331237792969,13045200,0.0,0.0
2021-12-30 00:00:00-05:00,45.14663954163505,45.28530093576735,44.90083005086127,45.1182746887207,14949000,0.0,0.0
2021-12-31 00:00:00-05:00,45.12773914313285,45.707594021733264,45.039499730047325,45.597293853759766,17947800,0.0,0.0
2022-01-03 00:00:00-05:00,45.37985001238161,45.628807998116926,45.067861812442594,45.58469009399414,20706600,0.0,0.0
2022-01-04 00:00:00-05:00,45.39245811523599,45.73911169747248,44.6739453547762,44.749576568603516,33930000,0.0,0.0
2022-01-05 00:00:00-05:00,45.0174395661204,45.994366328466384,44.98277421353267,45.35463333129883,35418000,0.0,0.0
2022-01-06 00:00:00-05:00,45.26009377627299,45.581534499804256,44.875626449902775,45.228580474853516,21828900,0.0,0.0
2022-01-07 00:00:00-05:00,45.222278876354274,45.80843785590921,45.05210415409205,45.66032028198242,19723500,0.0,0.0
2022-01-10 00:00:00-05:00,45.833648925042006,45.880918881716745,45.10253160628634,45.572086334228516,22731600,0.0,0.0
2022-01-11 00:00:00-05:00,45.44603458993242,45.57524348037954,45.12144174746968,45.4428825378418,21668700,0.0,0.0
2022-01-12 00:00:00-05:00,45.279003951665615,45.367243362390894,45.06471133116103,45.203369140625,18946800,0.0,0.0
2022-01-13 00:00:00-05:00,45.200223803971134,45.9092839771406,45.09937978662614,45.84310531616211,24252600,0.0,0.0
2022-01-14 00:00:00-05:00,45.44917546862041,46.20865754473523,45.44917546862041,45.713890075683594,26867400,0.0,0.0
2022-01-18 00:00:00-05:00,45.50905628161174,45.60044775001629,44.79054356077316,44.913448333740234,21123900,0.0,0.0
2022-01-19 00:00:00-05:00,44.91975691377254,45.691847440352916,44.72437294774027,45.3609504699707,22674000,0.0,0.0
2022-01-20 00:00:00-05:00,44.8598635032139,45.52480200406777,44.45648753131166,44.50375747680664,22387200,0.0,0.0
2022-01-21 00:00:00-05:00,44.5037653023562,44.831506533924006,44.13820666515632,44.17917251586914,27508200,0.0,0.0
2022-01-24 00:00:00-05:00,43.82621359179389,44.28631569177283,43.27157159474221,44.18231964111328,28699200,0.0,0.0
2022-01-25 00:00:00-05:00,44.11614083832403,44.2358935380789,43.114001343097854,43.22114944458008,29479500,0.0,0.0
2022-01-26 00:00:00-05:00,43.28102863041262,43.73797872658492,42.594029263626055,42.77996063232422,26185500,0.0,0.0
2022-01-27 00:00:00-05:00,43.14866465968229,43.829363424847635,42.660201336595144,42.80831527709961,27759000,0.0,0.0
2022-01-28 00:00:00-05:00,42.85874246147908,43.35350994652017,42.212712573055846,43.33775329589844,25131900,0.0,0.0
2022-01-31 00:00:00-05:00,43.20223993353124,44.13189665993547,43.07933518489724,44.05941390991211,20193600,0.0,0.0
2022-02-01 00:00:00-05:00,43.87034131581152,44.48170955192896,43.80101420630889,44.40607833862305,20323200,0.0,0.0
2022-02-02 00:00:00-05:00,44.434435023844095,44.63612304721029,44.16656834321501,44.38716506958008,18149700,0.0,0.0
2022-02-03 00:00:00-05:00,44.20122897868861,44.74641843647466,44.04681092607218,44.431278228759766,20741100,0.0,0.0
2022-02-04 00:00:00-05:00,44.399765127519835,44.43443047839393,43.599317219092484,43.90814971923828,22036500,0.0,0.0
2022-02-07 00:00:00-05:00,44.13820385740439,44.141352302284865,43.36611356847398,43.47641372680664,20010300,0.0,0.0
2022-02-08 00:00:00-05:00,43.589858779101434,43.879786169442326,43.33459673781649,43.485862731933594,19458900,0.0,0.0
2022-02-09 00:00:00-05:00,43.64658513236446,43.73797297570304,43.321992391085764,43.39132308959961,21473700,0.0,0.0
2022-02-10 00:00:00-05:00,43.032070873284454,43.17703278585089,42.68856938493259,42.88395690917969,27810600,0.0,0.0
2022-02-11 00:00:00-05:00,43.11716062015289,43.23060923655099,42.28204363309877,42.647605895996094,23733300,0.0,0.0
2022-02-14 00:00:00-05:00,42.64759679497376,42.84613273291937,41.821936139254746,42.21270751953125,29363400,0.0,0.0
2022-02-15 00:00:00-05:00,42.461670542453255,42.7547464079275,42.1622905741432,42.345069885253906,21824400,0.0,0.0
2022-02-16 00:00:00-05:00,42.332462575267755,42.505785721025916,41.81878642102763,42.08034896850586,28490700,0.0,0.0
2022-02-17 00:00:00-05:00,42.22847273820324,43.95227714753614,42.15914202711102,43.76634216308594,53831400,0.0,0.0
2022-02-18 00:00:00-05:00,43.52052808098954,43.99008271232393,43.224300194934884,43.485862731933594,31103400,0.0,0.0
2022-02-22 00:00:00-05:00,43.4165414327563,43.564659014314316,42.83983857831804,43.00056076049805,25380900,0.0,0.0
2022-02-23 00:00:00-05:00,43.129766895871384,43.23376296763698,42.493189470869844,42.55936813354492,21030900,0.0,0.0
2022-02-24 00:00:00-05:00,42.20010503386307,42.546758565948224,41.60134508784865,42.39549255371094,31717500,0.0,0.0
2022-02-25 00:00:00-05:00,42.48373642781874,43.10455719289128,42.25683558238076,42.97850036621094,24997800,0.0,0.0
2022-02-28 00:00:00-05:00,42.543606468875346,42.88080384619696,42.155987087528686,42.59402847290039,26286600,0.0,0.0
2022-03-01 00:00:00-05:00,42.81777341905435,43.4543507122144,42.54990677199656,42.8555908203125,24024900,0.0,0.0
2022-03-02 00:00:00-05:00,42.75160172331536,43.12031242938568,42.600335700146346,42.9091682434082,23863800,0.0,0.0
2022-03-03 00:00:00-05:00,43.26526537572722,44.26740482541464,43.03206408918377,43.89554214477539,29885100,0.0,0.0
2022-03-04 00:00:00-05:00,43.429145386036794,45.045801566005345,43.359814679706815,45.00798416137695,35576400,0.0,0.0
2022-03-07 00:00:00-05:00,44.52896439744063,45.263237163235104,44.261097780185054,44.645565032958984,45870000,0.0,0.0
2022-03-08 00:00:00-05:00,44.592011432165314,44.89454350987277,43.67180699095501,43.72222900390625,28305600,0.0,0.0
2022-03-09 00:00:00-05:00,44.11929810198501,44.194929307022235,43.533139132231526,43.94912338256836,22122900,0.0,0.0
2022-03-10 00:00:00-05:00,43.95857350559465,45.06470912077776,43.80730749739918,44.94810485839844,27512700,0.0,0.0
2022-03-11 00:00:00-05:00,44.844123551547135,45.39561366725647,44.711762605827246,44.77164077758789,19162200,0.0,0.0
2022-03-14 00:00:00-04:00,44.7558737836888,45.647713197996154,44.74642123584033,45.39560317993164,22646400,0.0,0.0
2022-03-15 00:00:00-04:00,45.546868607728065,46.05739274019834,45.33257599673292,45.940792083740234,22872600,0.0,0.0
2022-03-16 00:00:00-04:00,45.81789100760927,46.3063544260263,45.28530968547405,45.8052864074707,24615900,0.0,0.0
2022-03-17 00:00:00-04:00,45.697720182359774,45.966622855913805,45.12827603211483,45.8748779296875,19023000,0.186667,0.0
2022-03-18 00:00:00-04:00,45.92866545319408,46.052045578971835,45.590163883313245,46.01091766357422,31233300,0.0,0.0
2022-03-21 00:00:00-04:00,46.00775007431097,46.59617609573359,45.43514526567133,45.62812423706055,21350700,0.0,0.0
2022-03-22 00:00:00-04:00,45.74833764491797,45.862225027911705,45.232674748438214,45.492088317871094,20235000,0.0,0.0
2022-03-23 00:00:00-04:00,45.28328736280146,45.46993782086808,44.770788758534266,44.906822204589844,19625400,0.0,0.0
2022-03-24 00:00:00-04:00,45.04602872500292,45.52689224359902,44.884684931099635,45.18522644042969,13440900,0.0,0.0
2022-03-25 00:00:00-04:00,45.38135528564453,45.533206315456916,45.00489014285525,45.38135528564453,14085300,0.0,0.0
2022-03-28 00:00:00-04:00,45.39718191368265,46.20705785434476,45.33391154376705,46.18807601928711,20105700,0.0,0.0
2022-03-29 00:00:00-04:00,46.37788278123212,46.85241771489867,46.267156032489,46.577186584472656,19934400,0.0,0.0
2022-03-30 00:00:00-04:00,46.54556246294019,47.51045384473271,46.51709151647428,47.412384033203125,24991500,0.0,0.0
2022-03-31 00:00:00-04:00,47.0707149990425,47.62433801852657,46.877736011699305,47.111839294433594,27163800,0.0,0.0
2022-04-01 00:00:00-04:00,47.345931894885155,47.855266261242924,47.08652196896418,47.773014068603516,20939700,0.0,0.0
2022-04-04 00:00:00-04:00,47.741380941801836,48.46583673702345,47.478806762482975,47.782508850097656,25332600,0.0,0.0
2022-04-05 00:00:00-04:00,47.7318906716439,48.506967141772414,47.7318906716439,47.91854476928711,18657900,0.0,0.0
2022-04-06 00:00:00-04:00,47.7761834121354,49.168153212670916,47.6116790092912,49.03211975097656,28018500,0.0,0.0
2022-04-07 00:00:00-04:00,49.06691922071499,49.83882783820812,48.858122664324284,49.5224723815918,27088200,0.0,0.0
2022-04-08 00:00:00-04:00,49.63953466094032,50.1140697578992,49.41808470766514,49.79771423339844,23294400,0.0,0.0
2022-04-11 00:00:00-04:00,49.65850488343587,50.06027677622567,48.60187239295813,48.8106689453125,24712800,0.0,0.0
2022-04-12 00:00:00-04:00,48.79485771672807,49.16183023197923,48.26021291700317,48.475337982177734,26761200,0.0,0.0
2022-04-13 00:00:00-04:00,48.54493223295532,49.9179202226155,48.51329704882503,49.73759460449219,29284500,0.0,0.0
2022-04-14 00:00:00-04:00,49.70279507629207,50.07609604093022,49.48767365239687,49.69330596923828,22360500,0.0,0.0
2022-04-18 00:00:00-04:00,49.58890608781938,49.97802463192157,49.101717752198475,49.31367492675781,14671800,0.0,0.0
2022-04-19 00:00:00-04:00,49.56358853832737,49.96852823528963,49.36428474197897,49.873619079589844,15855000,0.0,0.0
2022-04-20 00:00:00-04:00,50.09507910018533,50.727793658211084,50.076097265198925,50.50001525878906,19821600,0.0,0.0
2022-04-21 00:00:00-04:00,50.59176058570695,50.860663279350916,50.32285789206298,50.57594299316406,18168300,0.0,0.0
2022-04-22 00:00:00-04:00,50.696160826131,50.73096025515194,49.56044025970978,49.62371063232422,21046200,0.0,0.0
2022-04-25 00:00:00-04:00,49.46869152302185,49.81668578649921,48.82965211970945,49.64901351928711,18057600,0.0,0.0
2022-04-26 00:00:00-04:00,49.468697192536204,50.02548445749758,49.09856043017305,49.13019561767578,19601100,0.0,0.0
2022-04-27 00:00:00-04:00,49.202949756932945,49.41490692275098,48.72525054776005,48.79484939575195,17496900,0.0,0.0
2022-04-28 00:00:00-04:00,49.10804116946931,49.661667717665786,48.75056143935957,49.41807174682617,14955900,0.0,0.0
2022-04-29 00:00:00-04:00,49.29153067761151,49.42123564745526,48.31082193685941,48.3994026184082,21088800,0.0,0.0
2022-05-02 00:00:00-04:00,49.022625041862256,49.032117768804916,47.55473158412996,48.07988357543945,20016000,0.0,0.0
2022-05-03 00:00:00-04:00,48.22224426732624,48.807502365789766,48.01661196720232,48.24755096435547,17950500,0.0,0.0
2022-05-04 00:00:00-04:00,48.095700792273256,48.97833612951464,47.93119639735962,48.91506576538086,20022600,0.0,0.0
2022-05-05 00:00:00-04:00,48.78172313276815,48.84205138462676,48.07050889140856,48.495967864990234,23234400,0.186667,0.0
2022-05-06 00:00:00-04:00,48.16892970507794,48.88014386558533,47.07670614179698,47.486289978027344,34258200,0.0,0.0
2022-05-09 00:00:00-04:00,47.14021224992378,48.61026590395988,47.05130956747107,48.04193115234375,28207200,0.0,0.0
2022-05-10 00:00:00-04:00,48.08003253446413,48.35308845656449,47.16878996822129,47.36564254760742,24861300,0.0,0.0
2022-05-11 00:00:00-04:00,47.435489802062946,47.864124479339196,46.64490018270899,46.870330810546875,27878700,0.0,0.0
2022-05-12 00:00:00-04:00,46.946534827649195,47.673624156781855,46.52107585583232,46.82588195800781,25244400,0.0,0.0
2022-05-13 00:00:00-04:00,46.898908936904846,47.11163660321983,46.40042237419093,47.006858825683594,19962300,0.0,0.0
2022-05-16 00:00:00-04:00,47.42914134872849,47.54027061426411,46.502023722217594,47.05765914916992,21449100,0.0,0.0
2022-05-17 00:00:00-04:00,43.31742353025735,43.63810465745914,41.47906005924473,41.704490661621094,132940200,0.0,0.0
2022-05-18 00:00:00-04:00,40.650372742642986,40.72657607663051,38.58657847243034,38.872337341308594,104253000,0.0,0.0
2022-05-19 00:00:00-04:00,38.377025563789765,38.66913228044976,37.656284188638196,37.805511474609375,71008500,0.0,0.0
2022-05-20 00:00:00-04:00,37.986490176476174,38.36749591166816,37.23399867162816,37.84678649902344,49356000,0.0,0.0
2022-05-23 00:00:00-04:00,38.07539006581501,39.297793637317675,38.05634286716744,38.92631149291992,43680900,0.0,0.0
2022-05-24 00:00:00-04:00,38.48498046443528,39.54545396042062,38.44370668219862,39.41210174560547,34584900,0.0,0.0
2022-05-25 00:00:00-04:00,39.37081609164711,39.583547348730015,38.92631001313238,39.1707878112793,27121800,0.0,0.0
2022-05-26 00:00:00-04:00,39.783574010420125,40.13282955080892,39.49781881672486,40.005828857421875,28197600,0.0,0.0
2022-05-27 00:00:00-04:00,39.8439143870761,40.83770819650653,39.78676187749291,40.79325866699219,25299900,0.0,0.0
2022-05-31 00:00:00-04:00,40.469395362898375,41.244109881058534,40.45669238482282,40.840877532958984,36912300,0.0,0.0
2022-06-01 00:00:00-04:00,40.79959447650068,40.93294665924418,39.58672185549116,39.831199645996094,28534800,0.0,0.0
2022-06-02 00:00:00-04:00,39.86930781064796,40.49161930947733,39.47559905278651,40.48527145385742,23214300,0.0,0.0
2022-06-03 00:00:00-04:00,40.21855944168156,40.456689392938245,39.716900852045335,39.7899284362793,18302700,0.0,0.0
2022-06-06 00:00:00-04:00,39.94869078352009,40.10109385073446,39.558157696684795,39.64706039428711,19855500,0.0,0.0
2022-06-07 00:00:00-04:00,38.4944996441836,39.20888947427542,38.380194655195204,39.1707878112793,47707800,0.0,0.0
2022-06-08 00:00:00-04:00,38.846945039368954,39.34225593732858,38.71994429472981,38.83106994628906,22522800,0.0,0.0
2022-06-09 00:00:00-04:00,38.73581350513958,39.48195366730858,38.41513231333538,38.42465591430664,19880100,0.0,0.0
2022-06-10 00:00:00-04:00,38.021424333724404,38.970768583526905,37.89124422717687,38.640560150146484,25238100,0.0,0.0
2022-06-13 00:00:00-04:00,38.01824135337971,38.494501260099966,37.81186157599097,37.9134635925293,24897900,0.0,0.0
2022-06-14 00:00:00-04:00,37.82456259705189,38.10079422725748,37.51975653391982,37.92934036254883,21544200,0.0,0.0
2022-06-15 00:00:00-04:00,38.09126321457918,38.23096324114669,37.43402231657591,37.9039306640625,25914000,0.0,0.0
2022-06-16 00:00:00-04:00,37.57691176517759,38.65960815354123,37.53881009612238,38.29765319824219,30706800,0.0,0.0
2022-06-17 00:00:00-04:00,38.107152760317014,38.38020506296885,37.45626310299698,37.557865142822266,36838800,0.0,0.0
2022-06-21 00:00:00-04:00,37.56103557222778,38.98346392847982,37.535633249078614,38.7897834777832,23916600,0.0,0.0
2022-06-22 00:00:00-04:00,38.767570887798215,39.13270167458589,38.28813506667045,38.31988525390625,20235000,0.0,0.0
2022-06-23 00:00:00-04:00,38.65642721218353,39.35811771639062,38.48180124737698,39.25016784667969,18040800,0.0,0.0
2022-06-24 00:00:00-04:00,39.3994061514737,39.78676348700607,39.10412362371198,39.28192901611328,31845900,0.0,0.0
2022-06-27 00:00:00-04:00,39.3009705847628,39.605780304257166,38.986640898347744,39.4089241027832,19889100,0.0,0.0
2022-06-28 00:00:00-04:00,39.580383769255874,39.86931480755703,38.82789204489578,38.853294372558594,15399000,0.0,0.0
2022-06-29 00:00:00-04:00,39.01838907185382,39.164444251498054,38.40877693136043,38.71040725708008,19111500,0.0,0.0
2022-06-30 00:00:00-04:00,38.38019663805823,38.7548581654438,38.06586698603717,38.602455139160156,19166100,0.0,0.0
2022-07-01 00:00:00-04:00,38.716757662234066,39.02791157924893,38.46910046610759,38.93583679199219,17460900,0.0,0.0
2022-07-05 00:00:00-04:00,38.80248157339013,39.53274649359054,38.611976891256425,39.4501953125,18218100,0.0,0.0
2022-07-06 00:00:00-04:00,39.523226819436275,40.094740975133725,39.46607794736923,39.72960662841797,21300000,0.0,0.0
2022-07-07 00:00:00-04:00,39.748651027736265,39.856604531945194,39.40891906083873,39.7899284362793,17487300,0.0,0.0
2022-07-08 00:00:00-04:00,39.948678880556294,40.19951180622296,39.73595125230918,39.81532669067383,14751000,0.0,0.0
2022-07-11 00:00:00-04:00,39.69467171917309,40.11060698780111,39.5676710245886,39.831199645996094,11532900,0.0,0.0
2022-07-12 00:00:00-04:00,39.72325519362466,40.36461750922479,39.59942659267663,39.71055221557617,13732200,0.0,0.0
2022-07-13 00:00:00-04:00,39.510526532574715,40.15188889067793,39.342248398030065,39.805809020996094,12689100,0.0,0.0
2022-07-14 00:00:00-04:00,39.42162281773184,40.74245280250733,39.41527496202781,40.58369827270508,20905500,0.0,0.0
2022-07-15 00:00:00-04:00,40.894852445949226,41.36158512909131,40.65672248781454,40.9805793762207,21184200,0.0,0.0
2022-07-18 00:00:00-04:00,40.84722471904571,41.37111354882807,40.723399753437974,40.88532638549805,14243700,0.0,0.0
2022-07-19 00:00:00-04:00,41.08218504573885,41.263162521917614,40.831355721384924,41.13616180419922,16995300,0.0,0.0
2022-07-20 00:00:00-04:00,41.437798784356644,41.691803894082646,41.11711756042605,41.47907257080078,18564900,0.0,0.0
2022-07-21 00:00:00-04:00,41.491765595890605,42.088678368916746,41.43461309732459,42.08550262451172,18764700,0.0,0.0
2022-07-22 00:00:00-04:00,42.08232827397923,42.35220842014841,41.66639294893971,41.9775505065918,13616400,0.0,0.0
2022-07-25 00:00:00-04:00,42.034701993052664,42.13312826904534,41.73941953149977,41.9172248840332,20535300,0.0,0.0
2022-07-26 00:00:00-04:00,38.45957770926609,38.95488847879964,38.11984571843715,38.72945785522461,95391600,0.0,0.0
2022-07-27 00:00:00-04:00,38.49450481890652,40.25031732761652,38.427828716487475,40.19316482543945,42159600,0.0,0.0
2022-07-28 00:00:00-04:00,40.09156072873325,41.437789319577696,40.09156072873325,41.19648361206055,33262200,0.0,0.0
2022-07-29 00:00:00-04:00,40.74244810466474,41.99342246385048,40.64401820006333,41.9267463684082,30141900,0.0,0.0
2022-08-01 00:00:00-04:00,41.61241279893831,42.61890562420035,41.59336196866932,42.08232116699219,24996300,0.0,0.0
2022-08-02 00:00:00-04:00,42.27600876641921,42.453814138720155,41.720373336735484,42.12678146362305,19695000,0.0,0.0
2022-08-03 00:00:00-04:00,41.96167705733538,42.20933063518545,41.23141203517223,41.43461608886719,32003100,0.0,0.0
2022-08-04 00:00:00-04:00,41.4885851143518,41.52985888618006,39.79310115313907,39.869300842285156,53106000,0.0,0.0
2022-08-05 00:00:00-04:00,39.85025897980756,40.263018592427215,39.72643400288186,40.18999099731445,32007000,0.0,0.0
2022-08-08 00:00:00-04:00,40.21221131960386,40.707522050956925,40.19951197612677,40.51701736450195,18175200,0.0,0.0
2022-08-09 00:00:00-04:00,40.6059223741958,40.94883010284543,40.390015354779436,40.91707992553711,19325100,0.0,0.0
2022-08-10 00:00:00-04:00,41.27585201128115,41.32347726905377,40.764666250658365,41.0027961730957,25251000,0.0,0.0
2022-08-11 00:00:00-04:00,41.35996389465378,41.573621685444344,41.00918718586072,41.398231506347656,23854500,0.186667,0.0
2022-08-12 00:00:00-04:00,41.455626601568035,42.361272673328386,41.39822883712834,42.1635627746582,26625000,0.0,0.0
2022-08-15 00:00:00-04:00,41.97542108890987,42.59406743648075,41.88932078641908,42.28474426269531,26516100,0.0,0.0
2022-08-16 00:00:00-04:00,44.29374553449085,44.94109075297291,44.06733309199409,44.443626403808594,91773300,0.0,0.0
2022-08-17 00:00:00-04:00,44.188511229110745,45.511904193281424,44.134299388261304,44.491458892822266,41792100,0.0,0.0
2022-08-18 00:00:00-04:00,44.49464142862459,44.778455265150015,44.166188131531094,44.34795379638672,19197600,0.0,0.0
2022-08-19 00:00:00-04:00,44.30011688533934,44.347949566328374,43.65914728200741,43.6942253112793,22918800,0.0,0.0
2022-08-22 00:00:00-04:00,43.43274377439372,43.59856521494275,42.87149523825841,42.9129524230957,18667200,0.0,0.0
2022-08-23 00:00:00-04:00,42.92570623198829,43.03731948164703,42.47926053215337,42.73118591308594,16955100,0.0,0.0
2022-08-24 00:00:00-04:00,42.84279852714861,43.142556614993026,42.6036314317984,43.04051208496094,15766500,0.0,0.0
2022-08-25 00:00:00-04:00,43.13936980603611,43.365782262004004,43.05964500287248,43.3275146484375,19414500,0.0,0.0
2022-08-26 00:00:00-04:00,43.40404707848347,43.633649114990625,41.93715592403391,41.965858459472656,21331800,0.0,0.0
2022-08-29 00:00:00-04:00,41.720314079518836,42.68973723989789,41.64377884742013,42.3740348815918,17381700,0.0,0.0
2022-08-30 00:00:00-04:00,42.52072418750617,42.619579149803165,42.010501495585665,42.24647903442383,14468100,0.0,0.0
2022-08-31 00:00:00-04:00,42.34213700358114,42.664218442750126,42.07108147406658,42.268795013427734,22460700,0.0,0.0
2022-09-01 00:00:00-04:00,42.26560814187715,43.094719011705934,42.2209613804232,42.884254455566406,21741900,0.0,0.0
2022-09-02 00:00:00-04:00,43.00224760097497,43.26373444732237,42.2337239940212,42.41230010986328,17234400,0.0,0.0
2022-09-06 00:00:00-04:00,42.428240606208874,42.6100099315101,41.685230023718525,42.20183181762695,21899700,0.0,0.0
2022-09-07 00:00:00-04:00,42.43143263093677,43.35940216806381,42.32938809657644,43.28605651855469,17058900,0.0,0.0
2022-09-08 00:00:00-04:00,43.177631283209855,43.6464003988976,43.01180983317351,43.50608825683594,16956000,0.0,0.0
2022-09-09 00:00:00-04:00,43.46463259759262,43.84729774433776,43.41042075904203,43.63683319091797,16140600,0.0,0.0
2022-09-12 00:00:00-04:00,43.7133656822771,44.086465759216104,43.67828764773411,44.02906799316406,14284500,0.0,0.0
2022-09-13 00:00:00-04:00,43.64321277397725,43.99080356882239,42.98949202274984,43.120235443115234,17687400,0.0,0.0
2022-09-14 00:00:00-04:00,43.250979104701145,43.53797890554804,42.76307980820147,43.024566650390625,19934700,0.0,0.0
2022-09-15 00:00:00-04:00,43.06601922386604,43.09790768172006,42.402729812062255,42.56217575073242,20189400,0.0,0.0
2022-09-16 00:00:00-04:00,42.093402140515124,42.90656867665157,41.86380015946736,42.47288131713867,41874300,0.0,0.0
2022-09-19 00:00:00-04:00,42.35490198373938,42.973544705990925,42.24328871904727,42.83642578125,16853100,0.0,0.0
2022-09-20 00:00:00-04:00,42.565361251313064,42.69291873085355,42.26560683096299,42.587684631347656,13963500,0.0,0.0
2022-09-21 00:00:00-04:00,43.19038812840558,43.83135417478293,42.928897658791854,42.97673034667969,24903600,0.0,0.0
2022-09-22 00:00:00-04:00,42.91295654788589,42.96078923924963,42.36127668571641,42.53666687011719,16744500,0.0,0.0
2022-09-23 00:00:00-04:00,42.370842990677794,42.4696979437233,41.06339427176558,41.474761962890625,27195300,0.0,0.0
2022-09-26 00:00:00-04:00,41.05701122883385,42.138043661009284,40.903944463695765,41.87336730957031,23011200,0.0,0.0
2022-09-27 00:00:00-04:00,42.16675355109257,42.54941870605446,41.55129680787368,41.758575439453125,17171700,0.0,0.0
2022-09-28 00:00:00-04:00,41.90525006248514,42.619561535962724,41.36632870730755,42.44736099243164,16838400,0.0,0.0
2022-09-29 00:00:00-04:00,42.57174307844434,42.769456636749446,41.97542012649555,42.17313003540039,15241500,0.0,0.0
2022-09-30 00:00:00-04:00,42.16994707507138,42.20821103956995,41.35996627807617,41.35996627807617,19602300,0.0,0.0
2022-10-03 00:00:00-04:00,41.5321572021261,42.345323736074356,41.45881156749715,42.262413024902344,17574900,0.0,0.0
2022-10-04 00:00:00-04:00,42.68654136213977,43.113853279874505,42.53028864357275,42.810909271240234,16134300,0.0,0.0
2022-10-05 00:00:00-04:00,42.654645714009376,42.92889079332075,42.256032746559235,42.38677978515625,14553900,0.0,0.0
2022-10-06 00:00:00-04:00,42.43780539365551,42.884251076617666,41.95947125468176,41.99135971069336,14200500,0.0,0.0
2022-10-07 00:00:00-04:00,41.87337670144268,41.98179673685855,40.840173067971406,40.996429443359375,17080500,0.0,0.0
2022-10-10 00:00:00-04:00,41.30574746366554,41.43330493867262,40.90713445984333,41.2387809753418,11411700,0.0,0.0
2022-10-11 00:00:00-04:00,41.299373382907085,42.66740949701583,41.28342915274873,42.307064056396484,21276000,0.0,0.0
2022-10-12 00:00:00-04:00,42.415485580428005,42.97673048209405,41.76495080478323,41.82872772216797,16947600,0.0,0.0
2022-10-13 00:00:00-04:00,41.22603267380532,42.39316568539512,40.93584329656352,42.182701110839844,20545500,0.0,0.0
2022-10-14 00:00:00-04:00,42.23372412585251,42.482456318144855,41.47157601923519,41.59275436401367,16641000,0.0,0.0
2022-10-17 00:00:00-04:00,41.761762396874055,42.358088999057784,41.643773636652746,41.89250946044922,17812500,0.0,0.0
2022-10-18 00:00:00-04:00,42.54942068262758,43.0819667278334,42.51753222234944,42.77583312988281,16842300,0.0,0.0
2022-10-19 00:00:00-04:00,42.83641713021766,42.96397095050508,42.402726112560984,42.65464782714844,11339400,0.0,0.0
2022-10-20 00:00:00-04:00,42.72479822541088,43.1776193365749,42.619564147981414,42.7598762512207,12754800,0.0,0.0
2022-10-21 00:00:00-04:00,42.98948617026465,43.81859699403622,42.73118529128737,43.62407302856445,18134700,0.0,0.0
2022-10-24 00:00:00-04:00,43.831361002321344,44.79759823540554,43.729316459171926,44.45638656616211,18806700,0.0,0.0
2022-10-25 00:00:00-04:00,44.35432675993214,44.78482451923915,44.10878056586266,44.66683578491211,15051300,0.0,0.0
2022-10-26 00:00:00-04:00,44.759324469399594,45.29506007202384,44.58712387032038,45.008056640625,20754300,0.0,0.0
2022-10-27 00:00:00-04:00,44.96660157885299,45.31419234102409,44.73699957139866,44.87731170654297,16602900,0.0,0.0
2022-10-28 00:00:00-04:00,44.66046336447741,45.56929527405593,44.65727378911894,45.44493103027344,13648200,0.0,0.0
2022-10-31 00:00:00-04:00,45.39072467095794,45.62351260860147,45.208958997003414,45.387535095214844,22572000,0.0,0.0
2022-11-01 00:00:00-04:00,45.5916192275514,45.776574457279835,45.12285382713273,45.183441162109375,14814300,0.0,0.0
2022-11-02 00:00:00-04:00,45.01443328559887,45.7829567870646,44.86774565167015,44.883689880371094,15522000,0.0,0.0
2022-11-03 00:00:00-04:00,44.48826411128318,45.18982108560751,44.35114156199161,44.87411880493164,10976400,0.0,0.0
2022-11-04 00:00:00-04:00,45.29186416237801,45.3492619211108,44.25866071239124,44.95384216308594,14669400,0.0,0.0
2022-11-07 00:00:00-05:00,45.04631733392937,45.59161793080855,45.04631733392937,45.42579650878906,11364000,0.0,0.0
2022-11-08 00:00:00-05:00,45.46726278130344,45.942407414022206,45.12604749370631,45.53422927856445,15068400,0.0,0.0
2022-11-09 00:00:00-05:00,45.52465370924458,45.65221118210589,44.392595279024924,44.47550964355469,15932100,0.0,0.0
2022-11-10 00:00:00-05:00,45.44493504235778,45.50233280627865,44.803965366507626,45.39710235595703,20310600,0.0,0.0
2022-11-11 00:00:00-05:00,45.495964969559296,45.63946670233876,44.641341024038745,45.46726608276367,19270800,0.0,0.0
2022-11-14 00:00:00-05:00,45.16749671651912,45.70323224952598,44.09283972452182,44.131107330322266,37525800,0.0,0.0
2022-11-15 00:00:00-05:00,46.43349107309962,47.919515799481445,46.09546904873207,47.017059326171875,76548600,0.0,0.0
2022-11-16 00:00:00-05:00,47.1573699136665,47.89719455901209,46.915016899125845,47.35508346557617,32593200,0.0,0.0
2022-11-17 00:00:00-05:00,46.87993430651816,47.4284244980833,46.78426529089645,47.19563293457031,24791400,0.0,0.0
2022-11-18 00:00:00-05:00,47.72817762992192,47.909946930072245,47.44117788948421,47.90675735473633,18987000,0.0,0.0
2022-11-21 00:00:00-05:00,48.02794114766491,48.515840397097456,47.89400451408332,48.200138092041016,21157200,0.0,0.0
2022-11-22 00:00:00-05:00,48.47119593824725,48.61469399613883,48.190571674885916,48.372337341308594,16898400,0.0,0.0
2022-11-23 00:00:00-05:00,48.496705566850885,48.90807323779581,48.43292865180827,48.60512924194336,16920600,0.0,0.0
2022-11-25 00:00:00-05:00,48.50946065677876,48.81878013401037,48.42654629343442,48.81240463256836,8777400,0.0,0.0
2022-11-28 00:00:00-05:00,48.70079509098945,49.31306223994898,48.70079509098945,48.95271682739258,17674800,0.0,0.0
2022-11-29 00:00:00-05:00,48.79965154859352,49.016498907603015,48.64658475662221,48.780521392822266,13841700,0.0,0.0
2022-11-30 00:00:00-05:00,48.665716581353834,48.71673884326793,48.21608495102336,48.60512924194336,31338000,0.0,0.0
2022-12-01 00:00:00-05:00,48.487144457103604,48.98461246382435,48.06620802481664,48.908077239990234,22732200,0.0,0.0
2022-12-02 00:00:00-05:00,48.305367781342376,48.8666162723985,48.305367781342376,48.86023712158203,20733000,0.0,0.0
2022-12-05 00:00:00-05:00,48.71036131056199,48.790082451041506,47.99604602414595,48.359580993652344,23608200,0.0,0.0
2022-12-06 00:00:00-05:00,48.21608283291049,48.44249160124573,47.58149233779368,47.798336029052734,20625600,0.0,0.0
2022-12-07 00:00:00-05:00,47.99286630525437,48.219275103379,47.45713068350238,47.54961013793945,17550300,0.0,0.0
2022-12-08 00:00:00-05:00,47.74486513266766,47.783273341395436,47.41837154795641,47.62322998046875,13512600,0.186667,0.0
2022-12-09 00:00:00-05:00,47.2039075743197,47.28393291668356,46.483701471990884,46.51251220703125,27929400,0.0,0.0
2022-12-12 00:00:00-05:00,46.70135528941529,47.40556060826207,46.59252655544932,47.37995147705078,19432200,0.0,0.0
2022-12-13 00:00:00-05:00,48.01373353073855,48.07775086527096,46.97023559260022,47.210304260253906,23408100,0.0,0.0
2022-12-14 00:00:00-05:00,47.082271899724965,47.54320336050357,46.72056805268859,46.94783401489258,20334600,0.0,0.0
2022-12-15 00:00:00-05:00,46.59892776153962,46.86780348039741,45.97474779915468,46.528507232666016,17514000,0.0,0.0
2022-12-16 00:00:00-05:00,46.24683665911692,46.32366040548193,45.63546294078643,45.693077087402344,40343100,0.0,0.0
2022-12-19 00:00:00-05:00,45.77629868644916,45.95235004609396,45.36658182266323,45.70907974243164,15067500,0.0,0.0
2022-12-20 00:00:00-05:00,45.74749185169765,46.298049806057634,45.533032282327845,46.109195709228516,17009400,0.0,0.0
2022-12-21 00:00:00-05:00,46.19561491648915,46.71416413491353,46.176408982863364,46.47089385986328,13726500,0.0,0.0
2022-12-22 00:00:00-05:00,46.339657150181594,46.40687608565942,45.43059705835689,45.92673873901367,13082400,0.0,0.0
2022-12-23 00:00:00-05:00,45.789105490634384,46.02917419657877,45.54263358495259,46.019569396972656,9547500,0.0,0.0
2022-12-27 00:00:00-05:00,46.10598617455192,46.23722610399928,45.83390884405334,46.03236770629883,10044600,0.0,0.0
2022-12-28 00:00:00-05:00,45.923537010519844,45.9875543463841,45.104103389354194,45.225738525390625,15246300,0.0,0.0
2022-12-29 00:00:00-05:00,45.497816773141466,45.779495254454865,45.37298003519129,45.501014709472656,9171900,0.0,0.0
2022-12-30 00:00:00-05:00,45.31216567448394,45.449805151413386,45.07209698975387,45.38578414916992,11505900,0.0,0.0
2023-01-03 00:00:00-05:00,45.62906195793229,46.00036698165017,45.48182132112223,45.96516036987305,17249700,0.0,0.0
2023-01-04 00:00:00-05:00,45.90754391568271,46.10920077091929,45.47541946649138,46.01637268066406,13338300,0.0,0.0
2023-01-05 00:00:00-05:00,45.92034333482421,46.13480291223818,45.66106868404646,45.859527587890625,13274400,0.0,0.0
2023-01-06 00:00:00-05:00,46.28524887871676,47.2295193997665,46.17001692146465,46.98304748535156,21231900,0.0,0.0
2023-01-09 00:00:00-05:00,46.835805437368684,47.3287455881246,46.34926482322554,46.39727783203125,17756700,0.0,0.0
2023-01-10 00:00:00-05:00,46.394078527011686,46.55732716081544,46.00676917436488,46.368473052978516,11970600,0.0,0.0
2023-01-11 00:00:00-05:00,46.650149371674594,46.79098678743738,46.326853744823076,46.77498245239258,14834700,0.0,0.0
2023-01-12 00:00:00-05:00,46.864608815085425,46.86781041471827,46.21802488923505,46.35246276855469,12472800,0.0,0.0
2023-01-13 00:00:00-05:00,46.582923585959904,46.67575165340336,46.0483737035656,46.506103515625,13699800,0.0,0.0
2023-01-17 00:00:00-05:00,46.506104599996746,46.640542473585406,46.15720351803965,46.224422454833984,15122400,0.0,0.0
2023-01-18 00:00:00-05:00,46.157213894377534,46.17321823229987,44.96647503505998,45.08170700073242,22674300,0.0,0.0
2023-01-19 00:00:00-05:00,45.25775390255464,45.30256531167124,44.425513760314985,44.43832015991211,17342100,0.0,0.0
2023-01-20 00:00:00-05:00,44.6207741390751,45.06249971356066,44.22706157691918,44.985679626464844,29543100,0.0,0.0
2023-01-23 00:00:00-05:00,44.96006882079161,45.77630098959013,44.876845536542604,45.657867431640625,13149900,0.0,0.0
2023-01-24 00:00:00-05:00,46.909421998790485,46.909421998790485,45.13291510359296,45.77949905395508,13669200,0.0,0.0
2023-01-25 00:00:00-05:00,45.52982757260737,45.72188325617535,44.93765618686919,45.56183624267578,12491700,0.0,0.0
2023-01-26 00:00:00-05:00,45.78270560044108,46.01317318659716,45.376190303515315,45.52022933959961,15819000,0.0,0.0
2023-01-27 00:00:00-05:00,45.64506100527123,46.24363194663882,45.37298363766392,45.86912536621094,18412800,0.0,0.0
2023-01-30 00:00:00-05:00,45.491413574164476,45.59704437834099,45.21933622815926,45.501014709472656,15897600,0.0,0.0
2023-01-31 00:00:00-05:00,45.55543691868701,46.05478027317868,45.34417894563276,46.05158233642578,14103600,0.0,0.0
2023-02-01 00:00:00-05:00,45.984359530182914,46.60853963640489,45.67707187691732,46.30765151977539,12849300,0.0,0.0
2023-02-02 00:00:00-05:00,46.22443673756878,46.36847945415381,45.75390403462014,45.97156524658203,17806800,0.0,0.0
2023-02-03 00:00:00-05:00,45.88833028912984,46.08038597472073,45.08810253951826,45.36017990112305,17155500,0.0,0.0
2023-02-06 00:00:00-05:00,45.39539636130952,45.48502284856106,44.82243082607944,45.03049087524414,17454000,0.0,0.0
2023-02-07 00:00:00-05:00,44.739205095458935,45.22894365374796,44.39350556576889,45.12651443481445,16341300,0.0,0.0
2023-02-08 00:00:00-05:00,44.918453830431204,45.16492205475504,44.80962142187836,44.883243560791016,11691300,0.0,0.0
2023-02-09 00:00:00-05:00,45.09129822288501,45.4337924165498,44.99526856111059,45.299354553222656,13064400,0.0,0.0
2023-02-10 00:00:00-05:00,45.80190230478753,46.073979647924,45.50741742862516,46.00355911254883,15002700,0.0,0.0
2023-02-13 00:00:00-05:00,46.32045542653754,46.77178574561369,46.25643442151763,46.70456314086914,16015800,0.0,0.0
2023-02-14 00:00:00-05:00,46.64695696310652,47.09508209581477,46.27245032084678,46.570133209228516,13831200,0.0,0.0
2023-02-15 00:00:00-05:00,46.40047345502686,46.925425873858046,46.272438781370575,46.91582107543945,14674200,0.0,0.0
2023-02-16 00:00:00-05:00,46.56692049379363,46.730169100239095,46.15080413680557,46.17961120605469,16312200,0.0,0.0
2023-02-17 00:00:00-05:00,46.44849674184249,46.95424333897149,46.27564696360987,46.87421798706055,24770700,0.0,0.0
2023-02-21 00:00:00-05:00,45.73468420802209,47.482383900335236,45.50101506458324,47.15909194946289,54393900,0.0,0.0
2023-02-22 00:00:00-05:00,46.97984233035859,47.2359153621848,45.6962755714877,46.170013427734375,29844000,0.0,0.0
2023-02-23 00:00:00-05:00,46.21162255226977,46.21162255226977,45.040086159496624,45.481815338134766,22021200,0.0,0.0
2023-02-24 00:00:00-05:00,45.08169237454809,45.68986800775637,44.66237079807858,45.60344314575195,20623500,0.0,0.0
2023-02-27 00:00:00-05:00,45.68026935431015,45.801904497311966,45.02408063465341,45.27375411987305,16647300,0.0,0.0
2023-02-28 00:00:00-05:00,45.13291362806694,45.66106401235963,45.11690929297671,45.4946174621582,18054000,0.0,0.0
2023-03-01 00:00:00-05:00,45.1521231613963,45.22254370666879,44.61116999854937,44.86083984375,14180100,0.0,0.0
2023-03-02 00:00:00-05:00,44.76161190191511,45.04969361757316,44.65277948488879,44.972869873046875,14785500,0.0,0.0
2023-03-03 00:00:00-05:00,45.14571243477071,45.19372543586315,44.739197230434655,45.027278900146484,16888800,0.0,0.0
2023-03-06 00:00:00-05:00,44.97286864539262,45.12651246709332,44.819224823691926,45.02088165283203,16720800,0.0,0.0
2023-03-07 00:00:00-05:00,45.19052688812429,45.350570222933364,44.42550582773983,44.572750091552734,17387400,0.0,0.0
2023-03-08 00:00:00-05:00,44.3518951686465,44.467127122630956,43.942174635181544,44.20465087890625,19090800,0.0,0.0
2023-03-09 00:00:00-05:00,44.43832288420803,44.48633589616735,43.82694547648707,43.90696716308594,15415800,0.0,0.0
2023-03-10 00:00:00-05:00,43.858945618385825,44.2622628993265,43.56126280425732,43.84294128417969,20065200,0.0,0.0
2023-03-13 00:00:00-04:00,43.750118845399996,44.33268542827277,43.718110175548624,43.97098159790039,28142100,0.0,0.0
2023-03-14 00:00:00-04:00,44.07341458862278,44.259067087586004,43.85255181717017,44.20465087890625,25542600,0.0,0.0
2023-03-15 00:00:00-04:00,43.81734041112067,44.75200608153958,43.759722604040135,44.69758987426758,33133500,0.0,0.0
2023-03-16 00:00:00-04:00,44.81329959063751,44.88400876988037,44.31512429174911,44.443687438964844,28905600,0.19,0.0
2023-03-17 00:00:00-04:00,44.41475705953029,44.832582675625126,44.22191786272212,44.80365753173828,43081200,0.0,0.0
2023-03-20 00:00:00-04:00,45.02863259406865,45.613586885579736,44.93542405563547,45.2857551574707,33928500,0.0,0.0
2023-03-21 00:00:00-04:00,45.44324680638498,45.44324680638498,44.845433583490205,45.13148498535156,19013400,0.0,0.0
2023-03-22 00:00:00-04:00,45.202195749397916,45.38860916856969,44.82293946694885,44.84222412109375,18548400,0.0,0.0
2023-03-23 00:00:00-04:00,45.06077680206907,45.51395697298677,44.832579355605326,45.205406188964844,22044300,0.0,0.0
2023-03-24 00:00:00-04:00,45.32111198216086,45.790362062900755,45.189337811326084,45.57501983642578,22752300,0.0,0.0
2023-03-27 00:00:00-04:00,45.89321024002548,46.59708350896199,45.889995518226556,46.33674621582031,26775600,0.0,0.0
2023-03-28 00:00:00-04:00,46.16961637917996,46.413883755219004,45.976777198469605,46.156761169433594,21282900,0.0,0.0
2023-03-29 00:00:00-04:00,46.401028398250645,46.59065653455146,46.1053365059927,46.35603332519531,24216900,0.0,0.0
2023-03-30 00:00:00-04:00,46.764219855400796,47.11776574727081,46.60994628754079,46.8188591003418,21879000,0.0,0.0
2023-03-31 00:00:00-04:00,47.111327311458254,47.70913681305268,47.07597272901866,47.39094924926758,20868000,0.0,0.0
2023-04-03 00:00:00-04:00,47.480938858006894,47.87305398217268,47.40701865041671,47.789485931396484,19766700,0.0,0.0
2023-04-04 00:00:00-04:00,47.73806573625879,47.82163379459229,47.25274938692723,47.32024383544922,18113700,0.0,0.0
2023-04-05 00:00:00-04:00,47.30095789005215,48.171959931297856,47.29131372442863,48.10446548461914,26540700,0.0,0.0
2023-04-06 00:00:00-04:00,47.82484309056803,48.544789978777274,47.73485294794189,48.4676513671875,17891700,0.0,0.0
2023-04-10 00:00:00-04:00,48.326237071708015,48.570504457935705,48.13660892689596,48.374446868896484,14519100,0.0,0.0
2023-04-11 00:00:00-04:00,48.531931337864954,48.531931337864954,48.08839535348562,48.233028411865234,18370500,0.0,0.0
2023-04-12 00:00:00-04:00,48.14303087436357,48.52228710493047,47.94375859424114,47.99839782714844,11209800,0.0,0.0
2023-04-13 00:00:00-04:00,48.09803261953716,48.21052580811408,47.632000969685194,48.04661178588867,13272600,0.0,0.0
2023-04-14 00:00:00-04:00,47.898776893101605,48.17518417821582,47.61594016296716,47.72200393676758,10464900,0.0,0.0
2023-04-17 00:00:00-04:00,47.77341487618009,48.10446131530361,47.72841980835126,48.056251525878906,16166700,0.0,0.0
2023-04-18 00:00:00-04:00,48.139815995606035,48.31980362363416,48.030537530148166,48.162315368652344,13482300,0.0,0.0
2023-04-19 00:00:00-04:00,48.4804966810231,48.663699007069596,48.13659507725072,48.2137336730957,12433500,0.0,0.0
2023-04-20 00:00:00-04:00,48.27802191700224,48.657278164539456,48.0819680278913,48.52228927612305,13641600,0.0,0.0
2023-04-21 00:00:00-04:00,48.84047217391669,48.9497506341702,48.58977907342869,48.76655197143555,25335000,0.0,0.0
2023-04-24 00:00:00-04:00,48.76013059961108,49.15867152737229,48.76013059961108,49.09760284423828,13579500,0.0,0.0
2023-04-25 00:00:00-04:00,49.26794426723551,49.41578835762073,48.63799124640964,48.71512985229492,17246700,0.0,0.0
2023-04-26 00:00:00-04:00,48.525505356201634,48.66370897024346,48.28123799024331,48.50300598144531,12910200,0.0,0.0
2023-04-27 00:00:00-04:00,48.46122512960295,48.83405564666689,48.46122512960295,48.65406799316406,12861000,0.0,0.0
2023-04-28 00:00:00-04:00,48.62513830331377,48.90797128900259,48.26838142990307,48.52228927612305,14088600,0.0,0.0
2023-05-01 00:00:00-04:00,48.544792182282094,49.02689749208716,48.50943759672724,48.721561431884766,11409600,0.0,0.0
2023-05-02 00:00:00-04:00,48.68299507502141,48.689420840735245,48.036972056887166,48.589786529541016,11329500,0.0,0.0
2023-05-03 00:00:00-04:00,48.71191913195528,48.8854773312823,48.29730828669311,48.4098014831543,12334500,0.0,0.0
2023-05-04 00:00:00-04:00,48.57111512388038,48.71307067886622,48.22913397206474,48.54530334472656,14011200,0.19,0.0
2023-05-05 00:00:00-04:00,48.4904544733425,49.0421420001589,48.33882181524113,48.96471405029297,14556000,0.0,0.0
2023-05-08 00:00:00-04:00,48.803396417999764,49.34540678929301,48.735645583106056,49.271202087402344,14926200,0.0,0.0
2023-05-09 00:00:00-04:00,49.27120546428195,49.41961487823475,49.14860782794244,49.35508728027344,15209700,0.0,0.0
2023-05-10 00:00:00-04:00,49.58415493343046,49.797088267616694,48.79049902328335,49.21636199951172,15827700,0.0,0.0
2023-05-11 00:00:00-04:00,49.21636260998052,49.448653858532616,49.03892185476848,49.40026092529297,11926800,0.0,0.0
2023-05-12 00:00:00-04:00,49.555111489377765,49.70674412939911,49.26797349199627,49.38412094116211,16119300,0.0,0.0
2023-05-15 00:00:00-04:00,49.52285467799859,49.63577151334698,48.83888872202781,49.00020217895508,16113900,0.0,0.0
2023-05-16 00:00:00-04:00,48.667904798544896,48.887288323879375,48.25494583690619,48.322696685791016,15512100,0.0,0.0
2023-05-17 00:00:00-04:00,48.76146047424213,48.764683715802946,47.97748173048603,48.242034912109375,26985900,0.0,0.0
2023-05-18 00:00:00-04:00,48.97439434243374,49.77773106584893,48.37754078041662,48.8679313659668,46768500,0.0,0.0
2023-05-19 00:00:00-04:00,48.845341385900596,48.86469929562639,48.10653234339442,48.36463165283203,27594000,0.0,0.0
2023-05-22 00:00:00-04:00,48.29688612527704,48.41948377225792,47.841984427062314,47.93877029418945,16117800,0.0,0.0
2023-05-23 00:00:00-04:00,47.75164489675237,48.02587519037644,47.451606517493595,47.84843444824219,16302300,0.0,0.0
2023-05-24 00:00:00-04:00,47.91295848944359,47.9226355985479,47.19995750872617,47.62904739379883,20515200,0.0,0.0
2023-05-25 00:00:00-04:00,47.38708033185749,47.56775170526222,46.809584708017624,47.15479278564453,21299100,0.0,0.0
2023-05-26 00:00:00-04:00,47.006379131690395,47.367718153804205,46.93217812085506,47.238670349121094,15720900,0.0,0.0
2023-05-30 00:00:00-04:00,47.19995602300076,47.51935599554728,46.97411866552223,47.122528076171875,15742500,0.0,0.0
2023-05-31 00:00:00-04:00,46.916044533176894,47.52580576234407,46.78376979190289,47.383853912353516,30130800,0.0,0.0
2023-06-01 00:00:00-04:00,47.170923993510534,47.71615766594133,47.08381524021842,47.55807113647461,20239200,0.0,0.0
2023-06-02 00:00:00-04:00,47.49676757553839,48.0742631221236,47.458051758967464,48.01296615600586,19178100,0.0,0.0
2023-06-05 00:00:00-04:00,48.190414912414845,48.79694922213139,48.190414912414845,48.32914352416992,15553200,0.0,0.0
2023-06-06 00:00:00-04:00,48.29688859676077,48.454971449395806,47.91296465831717,48.322696685791016,15015600,0.0,0.0
2023-06-07 00:00:00-04:00,48.15170457839966,48.509816724378325,48.08395373165084,48.393672943115234,24256500,0.0,0.0
2023-06-08 00:00:00-04:00,48.519496540130945,49.17765077414809,48.325921113865164,49.09376525878906,18873000,0.0,0.0
2023-06-09 00:00:00-04:00,49.09054082772619,49.593835446967326,48.90986944968308,49.39057922363281,15603900,0.0,0.0
2023-06-12 00:00:00-04:00,49.50026660963469,49.78095075107553,49.41638479898259,49.716426849365234,14713500,0.0,0.0
2023-06-13 00:00:00-04:00,49.85193121459706,50.1713274990431,49.706748735757344,50.10357666015625,15738900,0.0,0.0
2023-06-14 00:00:00-04:00,50.300380607071006,50.75850551760186,50.2035910540406,50.61009979248047,21103200,0.0,0.0
2023-06-15 00:00:00-04:00,50.65203981003862,51.04886775458297,50.64558963447764,50.88755798339844,18160500,0.0,0.0
2023-06-16 00:00:00-04:00,51.00047487639521,51.02305972124219,50.09712538824411,50.17778396606445,34675800,0.0,0.0
2023-06-20 00:00:00-04:00,49.91001160125695,50.151979988066074,49.645458366087965,49.73579406738281,19994400,0.0,0.0
2023-06-21 00:00:00-04:00,49.75191436396517,50.11648033307572,49.47768407675199,49.83257293701172,19251000,0.0,0.0
2023-06-22 00:00:00-04:00,50.0003304223373,50.35521923898993,49.839016988209444,50.24875259399414,13307400,0.0,0.0
2023-06-23 00:00:00-04:00,50.290698823005606,50.42297726087177,50.013241596646544,50.15519714355469,18975000,0.0,0.0
2023-06-26 00:00:00-04:00,50.216490404857595,50.25843315594231,49.78740055425786,50.022918701171875,14106300,0.0,0.0
2023-06-27 00:00:00-04:00,49.73256103682117,50.281025353930595,49.70352601544944,49.842254638671875,12093600,0.0,0.0
2023-06-28 00:00:00-04:00,49.919679150637265,50.22617137464981,49.89064044127165,50.11325454711914,18889800,0.0,0.0
2023-06-29 00:00:00-04:00,49.848706510119705,49.9261344613913,49.40670887860109,49.77450180053711,21530400,0.0,0.0
2023-06-30 00:00:00-04:00,49.99711252214111,50.82303036518069,49.93581554754101,50.710113525390625,19073100,0.0,0.0
2023-07-03 00:00:00-04:00,50.590733032756056,51.11660869235227,50.435873467138705,51.039180755615234,8647500,0.0,0.0
2023-07-05 00:00:00-04:00,51.02628570095473,51.33600488673325,50.7617325118816,51.010154724121094,17585400,0.0,0.0
2023-07-06 00:00:00-04:00,50.952068382389406,51.03272324659676,50.610087327578604,50.68751525878906,14427000,0.0,0.0
2023-07-07 00:00:00-04:00,50.26812033464002,50.422979932523965,49.50672638867459,49.519630432128906,19774800,0.0,0.0
2023-07-10 00:00:00-04:00,49.864838880604786,50.16810421078787,49.7874072350254,49.96807861328125,12967800,0.0,0.0
2023-07-11 00:00:00-04:00,49.93259094580703,50.17133237194315,49.63900271806792,49.89387512207031,11460900,0.0,0.0
2023-07-12 00:00:00-04:00,50.106800210278024,50.29392173800326,49.948713699502555,50.019691467285156,16509900,0.0,0.0
2023-07-13 00:00:00-04:00,50.14552133517119,50.20036813354865,49.58415300043525,49.72610855102539,11859600,0.0,0.0
2023-07-14 00:00:00-04:00,49.72288864161704,49.90033310492248,49.54867111257978,49.8971061706543,10427400,0.0,0.0
2023-07-17 00:00:00-04:00,49.813218239188046,50.00033979023457,49.62609668814152,49.95840072631836,10135200,0.0,0.0
2023-07-18 00:00:00-04:00,49.90031920037979,50.2197154531865,49.63899297964151,49.86805725097656,13437300,0.0,0.0
2023-07-19 00:00:00-04:00,49.9422672776637,50.07131879072765,49.60351305560502,49.88419723510742,12372900,0.0,0.0
2023-07-20 00:00:00-04:00,49.98420535199405,50.82948105311956,49.97452455104553,50.8068962097168,14987700,0.0,0.0
2023-07-21 00:00:00-04:00,50.942403555738494,51.226314674193915,50.793997820637635,51.09403991699219,16960500,0.0,0.0
2023-07-24 00:00:00-04:00,51.11984699003945,51.452151035596,50.832712635419185,51.39407730102539,12529800,0.0,0.0
2023-07-25 00:00:00-04:00,51.768320543363735,51.78445151983331,51.06499667757253,51.352134704589844,15553800,0.0,0.0
2023-07-26 00:00:00-04:00,51.374723852162454,51.84252590111166,51.27793429309312,51.536033630371094,15094200,0.0,0.0
2023-07-27 00:00:00-04:00,51.64572260500959,51.82639027884146,51.33922666959166,51.348907470703125,13400400,0.0,0.0
2023-07-28 00:00:00-04:00,51.39084814245483,51.9231777255592,51.39084814245483,51.59087371826172,11020200,0.0,0.0
2023-07-31 00:00:00-04:00,51.60699949702271,51.82638296003193,51.26824534883619,51.574737548828125,13033200,0.0,0.0
2023-08-01 00:00:00-04:00,51.60377846550968,51.76509191707478,51.28438218814039,51.3327751159668,11782500,0.0,0.0
2023-08-02 00:00:00-04:00,51.14564902802646,51.758633443562346,51.14564902802646,51.36825942993164,12660000,0.0,0.0
2023-08-03 00:00:00-04:00,51.30373660995147,51.4585961837545,51.13919623595504,51.38116455078125,13202700,0.0,0.0
2023-08-04 00:00:00-04:00,51.54248684074543,51.700573375088254,50.96176057017115,51.08435821533203,14262000,0.0,0.0
2023-08-07 00:00:00-04:00,51.45860357638866,52.01029111807735,51.33277900080268,51.77799987792969,14268900,0.0,0.0
2023-08-08 00:00:00-04:00,51.93931013828845,52.14256265329182,51.4618236441411,51.82961654663086,11017500,0.0,0.0
2023-08-09 00:00:00-04:00,51.91349792480469,52.297421800235625,51.84897402067491,51.91349792480469,13209600,0.0,0.0
2023-08-10 00:00:00-04:00,52.059198260402276,52.37001846811493,51.81313133631247,51.887596130371094,15169500,0.19,0.0
2023-08-11 00:00:00-04:00,51.981499840315394,52.39592685157548,51.8358049283835,52.191951751708984,14195100,0.0,0.0
2023-08-14 00:00:00-04:00,52.45096117141154,52.703501205992474,51.5379272552876,51.80341720581055,20813700,0.0,0.0
2023-08-15 00:00:00-04:00,51.65447854743534,52.059193947084104,51.45373819745986,51.53792190551758,14559300,0.0,0.0
2023-08-16 00:00:00-04:00,51.76455652276064,52.11746854609139,51.27566484312711,51.563819885253906,26980800,0.0,0.0
2023-08-17 00:00:00-04:00,52.09480878361068,52.17251568695241,50.19103411496753,50.407962799072266,53614200,0.0,0.0
2023-08-18 00:00:00-04:00,50.28493614308282,51.69657716229033,50.28493614308282,51.133216857910156,27954900,0.0,0.0
2023-08-21 00:00:00-04:00,51.036080279208505,51.42784582103297,50.84505882171958,50.997230529785156,15679200,0.0,0.0
2023-08-22 00:00:00-04:00,50.82240011850834,50.932483685641344,50.586048365553786,50.835350036621094,16670700,0.0,0.0
2023-08-23 00:00:00-04:00,50.705840429994325,51.285389062730935,50.67346007873301,51.18825912475586,14210400,0.0,0.0
2023-08-24 00:00:00-04:00,51.19797060984717,51.554121126110005,50.77383210125281,50.79649353027344,14033100,0.0,0.0
2023-08-25 00:00:00-04:00,50.89038554421189,51.16882912828158,50.683172058882754,51.097599029541016,12267000,0.0,0.0
2023-08-28 00:00:00-04:00,51.11054872669567,51.42460735878774,51.11054872669567,51.38899230957031,11871000,0.0,0.0
2023-08-29 00:00:00-04:00,51.4796483213687,51.87788696205908,51.43432176184018,51.81960678100586,12702300,0.0,0.0
2023-08-30 00:00:00-04:00,51.93293486967143,52.22108999304141,51.7775247404489,52.191951751708984,10967700,0.0,0.0
2023-08-31 00:00:00-04:00,52.16604933027597,52.77150149360593,52.11424225116678,52.648468017578125,19582800,0.0,0.0
2023-09-01 00:00:00-04:00,52.732640804743895,52.7617790406357,51.85197986498141,52.311737060546875,12553500,0.0,0.0
2023-09-05 00:00:00-04:00,52.402399237662785,52.709981064368684,51.8617003841752,51.890838623046875,15209400,0.0,0.0
2023-09-06 00:00:00-04:00,51.9329264695844,52.506001923136324,51.774277960259525,52.279361724853516,14594700,0.0,0.0
2023-09-07 00:00:00-04:00,52.45096482994845,52.93014510064984,52.285843200679814,52.926910400390625,19120800,0.0,0.0
2023-09-08 00:00:00-04:00,52.93013356455583,53.053167010944804,52.79738860896688,53.02402877807617,12667200,0.0,0.0
2023-09-11 00:00:00-04:00,53.098500183947145,53.253910276562316,52.98841664553557,53.208580017089844,11912100,0.0,0.0
2023-09-12 00:00:00-04:00,53.260391780285765,53.39961357512098,53.11145847418575,53.266868591308594,11757300,0.0,0.0
2023-09-13 00:00:00-04:00,53.39961838104029,53.69748872531784,53.2183084140473,53.279823303222656,14364300,0.0,0.0
2023-09-14 00:00:00-04:00,53.42228180306258,53.66187195101386,53.23125662478743,53.50322341918945,14923800,0.0,0.0
2023-09-15 00:00:00-04:00,53.490269636500805,53.635968240270785,53.024039291814034,53.305721282958984,63925200,0.0,0.0
2023-09-18 00:00:00-04:00,53.318670875412295,53.487030905874995,52.85567893900517,52.91071701049805,12997800,0.0,0.0
2023-09-19 00:00:00-04:00,52.89776611328125,53.02727639180722,52.564284463983796,52.89776611328125,14019600,0.0,0.0
2023-09-20 00:00:00-04:00,52.96899050117449,53.328375649546885,52.76177704208385,53.069358825683594,10120800,0.0,0.0
2023-09-21 00:00:00-04:00,53.182687824620835,53.26039102945211,52.3829721169701,52.4250602722168,18782400,0.0,0.0
2023-09-22 00:00:00-04:00,52.52543563551126,52.84920580243477,52.425063586074984,52.56428909301758,13215000,0.0,0.0
2023-09-25 00:00:00-04:00,52.57075740576277,52.81034752975686,52.408874189696114,52.79739761352539,10459500,0.0,0.0
2023-09-26 00:00:00-04:00,52.75531433084808,52.94957792697965,52.5642928458881,52.612857818603516,14435700,0.0,0.0
2023-09-27 00:00:00-04:00,52.45095878945114,52.52542728695706,51.89731007642846,52.36030197143555,15711000,0.0,0.0
2023-09-28 00:00:00-04:00,52.45096804455296,52.71970014086243,52.318223051896666,52.62580490112305,11617200,0.0,0.0
2023-09-29 00:00:00-04:00,52.78444479485639,52.816821436289445,51.54116027326652,51.78075408935547,18842400,0.0,0.0
2023-10-02 00:00:00-04:00,51.63829439525329,51.89083442400073,51.25624409426955,51.83579635620117,12992700,0.0,0.0
2023-10-03 00:00:00-04:00,51.70305646593323,52.046253373047215,51.37604788244142,51.508792877197266,11253300,0.0,0.0
2023-10-04 00:00:00-04:00,51.69010512928397,52.14338558880284,51.48289162839188,52.127197265625,15755700,0.0,0.0
2023-10-05 00:00:00-04:00,51.9491232671397,52.11424490861808,51.479654473040526,51.505558013916016,14269500,0.0,0.0
2023-10-06 00:00:00-04:00,51.36632999905876,51.476413558191794,49.099931462157336,50.641082763671875,42616200,0.0,0.0
2023-10-09 00:00:00-04:00,50.210460789986634,50.45976611514175,49.621197026228266,50.45652770996094,21022500,0.0,0.0
2023-10-10 00:00:00-04:00,50.58280199351828,51.181777296187306,50.39824994207949,51.0263671875,16014300,0.0,0.0
2023-10-11 00:00:00-04:00,51.24005426569113,51.63829287582784,50.84505406068714,51.23033905029297,12026100,0.0,0.0
2023-10-12 00:00:00-04:00,51.32747943825756,51.58001949283615,51.08141248952795,51.463462829589844,13514100,0.0,0.0
2023-10-13 00:00:00-04:00,51.56383430764584,51.95236148246567,51.447277637307785,51.74838638305664,13809000,0.0,0.0
2023-10-16 00:00:00-04:00,51.978254107949496,52.47686477770108,51.907024012270696,52.19518280029297,14348100,0.0,0.0
2023-10-17 00:00:00-04:00,52.043016364393594,52.35707131084328,51.92969439879446,52.263179779052734,10893000,0.0,0.0
2023-10-18 00:00:00-04:00,52.4121123237869,52.56752244455477,52.036538791581926,52.302032470703125,10559100,0.0,0.0
2023-10-19 00:00:00-04:00,52.26640938890877,52.39267754525841,51.874643888962744,52.05271911621094,11745900,0.0,0.0
2023-10-20 00:00:00-04:00,52.07215234384112,52.15957076583645,51.38575488458571,51.40194320678711,15056700,0.0,0.0
2023-10-23 00:00:00-04:00,51.39223119531044,52.24051186832247,51.16235257596494,52.130428314208984,17097000,0.0,0.0
2023-10-24 00:00:00-04:00,52.25670330590632,52.93014717678026,52.2534649002506,52.855682373046875,17535000,0.0,0.0
2023-10-25 00:00:00-04:00,52.82653186214585,53.20534745178173,52.6031300766287,52.697025299072266,16621800,0.0,0.0
2023-10-26 00:00:00-04:00,52.6808424858512,53.049942898680264,52.32469198962946,52.376495361328125,16220100,0.0,0.0
2023-10-27 00:00:00-04:00,52.28260012445425,52.44124863376202,51.98149142676652,52.182228088378906,13829700,0.0,0.0
2023-10-30 00:00:00-04:00,52.27612426460572,52.85891123914271,52.0591992781208,52.78120803833008,12653700,0.0,0.0
2023-10-31 00:00:00-04:00,52.77473346125368,52.97547384028133,52.434774995931,52.9074821472168,14168400,0.0,0.0
2023-11-01 00:00:00-04:00,53.16649769802668,53.545309608736666,52.768259060450895,53.38018798828125,14899500,0.0,0.0
2023-11-02 00:00:00-04:00,53.22153301153878,53.80756207670919,52.97870449619677,53.590633392333984,15492300,0.0,0.0
2023-11-03 00:00:00-04:00,53.70719123001938,53.84317831404446,53.26038764117309,53.312191009521484,17240100,0.0,0.0
2023-11-06 00:00:00-05:00,53.26038938454914,53.626251380223465,53.12116759597634,53.3834228515625,14529000,0.0,0.0
2023-11-07 00:00:00-05:00,53.67158584825073,53.94355263596471,53.529125643155,53.63273239135742,15023400,0.0,0.0
2023-11-08 00:00:00-05:00,53.6942475793374,53.83670778523516,52.962527231831785,53.195640563964844,15591900,0.0,0.0
2023-11-09 00:00:00-05:00,53.218303739228936,53.26686870619655,52.85568013182686,53.07260513305664,15080100,0.0,0.0
2023-11-10 00:00:00-05:00,53.27658024918585,53.888509208096394,53.06612835359817,53.80756759643555,14319900,0.0,0.0
2023-11-13 00:00:00-05:00,53.869081870328465,54.351504245119585,53.762236720984184,54.28998565673828,15408900,0.0,0.0
2023-11-14 00:00:00-05:00,54.448633357992684,54.76592669049387,54.150763047562094,54.280269622802734,19792500,0.0,0.0
2023-11-15 00:00:00-05:00,54.51662164302933,55.02170540648595,54.234939672112716,54.96990203857422,35769900,0.0,0.0
2023-11-16 00:00:00-05:00,51.398704757492354,51.625344957050025,50.346445364807025,50.52128219604492,97658700,0.0,0.0
2023-11-17 00:00:00-05:00,50.49214564407674,51.00694093919418,50.187798529249406,50.297882080078125,42487800,0.0,0.0
2023-11-20 00:00:00-05:00,50.35939941065257,50.511571111637615,50.18779727795589,50.28169250488281,26663100,0.0,0.0
2023-11-21 00:00:00-05:00,50.33349479416896,50.78353678217098,49.902879532192756,50.46300506591797,29382300,0.0,0.0
2023-11-22 00:00:00-05:00,50.41767911343028,50.5245242630714,49.983825409149915,50.077720642089844,26416500,0.0,0.0
2023-11-24 00:00:00-05:00,50.23312765992338,50.55042097851393,50.08742906389595,50.52775955200195,13975200,0.0,0.0
2023-11-27 00:00:00-05:00,50.49214716962776,50.94866600302721,50.49214716962776,50.75764083862305,23393700,0.0,0.0
2023-11-28 00:00:00-05:00,50.722023358974255,51.45374363216513,50.722023358974255,51.36309051513672,23535000,0.0,0.0
2023-11-29 00:00:00-05:00,51.405182852864755,51.405182852864755,50.38206530291337,50.53424072265625,29896500,0.0,0.0
2023-11-30 00:00:00-05:00,50.51480793853259,50.62165307799292,50.02591250327,50.407962799072266,29925900,0.0,0.0
2023-12-01 00:00:00-05:00,50.30759484746699,50.38206335166818,49.41722602357714,49.97087478637695,39273600,0.0,0.0
2023-12-04 00:00:00-05:00,49.64062685644145,50.16189896507819,49.63738845105812,49.957923889160156,24883200,0.0,0.0
2023-12-05 00:00:00-05:00,50.006482967771824,50.45976333107964,49.77660438111578,50.4209098815918,21883800,0.0,0.0
2023-12-06 00:00:00-05:00,50.362632883256786,50.453289702689,49.74746928373852,49.873741149902344,26447400,0.0,0.0
2023-12-07 00:00:00-05:00,50.159718636357816,50.22146198699958,49.47077188518109,49.54551696777344,25362600,0.19,0.0
2023-12-08 00:00:00-05:00,49.39603357018447,49.464277791013345,48.824080057078596,49.02556228637695,34069500,0.0,0.0
2023-12-11 00:00:00-05:00,49.116558585307445,49.21729970562743,48.5966008168514,49.14905548095703,31883400,0.0,0.0
2023-12-12 00:00:00-05:00,49.14255069090417,49.29853800898769,48.820828474432986,49.18804931640625,21381900,0.0,0.0
2023-12-13 00:00:00-05:00,49.24979187148669,50.062225341796875,48.954065686638444,50.062225341796875,35348700,0.0,0.0
2023-12-14 00:00:00-05:00,49.8899903659369,50.026478804320014,49.37328307233483,49.45127487182617,30891300,0.0,0.0
2023-12-15 00:00:00-05:00,49.324534327163256,49.87048804300036,49.246538814026096,49.63650894165039,70003500,0.0,0.0
2023-12-18 00:00:00-05:00,49.834743596632066,50.39369531554099,49.76324523144344,50.36119842529297,26316000,0.0,0.0
2023-12-19 00:00:00-05:00,50.31895846441324,50.59518577530346,50.07522804668293,50.543190002441406,24417000,0.0,0.0
2023-12-20 00:00:00-05:00,50.50743763493492,50.74141672994483,49.92248617837947,49.95173263549805,21967800,0.0,0.0
2023-12-21 00:00:00-05:00,50.04597892438945,50.390454181026676,50.01673246373417,50.30595779418945,20087700,0.0,0.0
2023-12-22 00:00:00-05:00,50.51718776123063,51.06964235572292,50.42294751952805,50.90715789794922,19405500,0.0,0.0
2023-12-26 00:00:00-05:00,50.90715429239092,51.01764669107597,50.73166811519965,50.829158782958984,11679900,0.0,0.0
2023-12-27 00:00:00-05:00,50.79666322125186,51.32962263221716,50.74791788609826,51.3068733215332,19896000,0.0,0.0
2023-12-28 00:00:00-05:00,51.27113239915829,51.45311946928731,51.183389297315934,51.206138610839844,16776000,0.0,0.0
2023-12-29 00:00:00-05:00,51.19313038765119,51.371867001897705,51.07289040689371,51.23212814331055,21948300,0.0,0.0
2024-01-02 00:00:00-05:00,51.10214016304908,51.846329352115774,51.082641285379694,51.76508712768555,23539800,0.0,0.0
2024-01-03 00:00:00-05:00,51.92107402243132,52.09330976828974,51.648093456233475,51.768333435058594,18756000,0.0,0.0
2024-01-04 00:00:00-05:00,51.739091866662235,51.84633384361901,51.180136388485806,51.267879486083984,19282500,0.0,0.0
2024-01-05 00:00:00-05:00,51.31988318363611,51.37837983074584,50.565946233501144,50.926666259765625,21709500,0.0,0.0
2024-01-08 00:00:00-05:00,50.92341090644786,51.44011822272058,50.916910039942096,51.427120208740234,20680800,0.0,0.0
2024-01-09 00:00:00-05:00,51.32312053403671,51.78133485534385,51.258126755392766,51.771583557128906,23322300,0.0,0.0
2024-01-10 00:00:00-05:00,51.85282929955385,52.483275644224626,51.85282929955385,52.41503143310547,20121900,0.0,0.0
2024-01-11 00:00:00-05:00,52.43453629379457,52.61002249070608,52.051067007066614,52.356544494628906,14355300,0.0,0.0
2024-01-12 00:00:00-05:00,52.441030243625896,52.49627644189037,52.11930435204304,52.424781799316406,13629000,0.0,0.0
2024-01-16 00:00:00-05:00,52.46378191059571,52.77575654030746,52.3955376927857,52.59052276611328,17032500,0.0,0.0
2024-01-17 00:00:00-05:00,52.444281298514525,52.64251679833655,52.20055089466604,52.34354019165039,14827800,0.0,0.0
2024-01-18 00:00:00-05:00,52.37279154833749,53.09748191032676,52.216804235123305,53.048736572265625,18190500,0.0,0.0
2024-01-19 00:00:00-05:00,53.110477662731945,53.15597628487712,52.46377912536052,52.769256591796875,19175400,0.0,0.0
2024-01-22 00:00:00-05:00,52.90249809982536,52.95449387213592,52.483281488253155,52.77251052856445,13938300,0.0,0.0
2024-01-23 00:00:00-05:00,52.684761567293556,52.92199108986306,52.57101873606722,52.90574264526367,12066600,0.0,0.0
2024-01-24 00:00:00-05:00,52.938246537562435,52.99349274412102,52.09981329680886,52.15830993652344,22932900,0.0,0.0
2024-01-25 00:00:00-05:00,52.450781212928376,52.928494432179235,52.13230573342781,52.91874313354492,16369500,0.0,0.0
2024-01-26 00:00:00-05:00,52.98698998634091,53.41920460488188,52.860252850030044,53.383460998535156,15746400,0.0,0.0
2024-01-29 00:00:00-05:00,53.40945074498647,53.7539222261008,53.139724338879,53.63368225097656,18240300,0.0,0.0
2024-01-30 00:00:00-05:00,53.52319460277363,53.88391453508095,53.17222224959653,53.81241989135742,15270000,0.0,0.0
2024-01-31 00:00:00-05:00,54.53062435022433,54.53062435022433,53.65644371872419,53.70193862915039,26134800,0.0,0.0
2024-02-01 00:00:00-05:00,53.84816935640723,54.70935182905478,53.6791840385335,54.69635009765625,20792700,0.0,0.0
2024-02-02 00:00:00-05:00,54.64435114449601,55.43403892455171,54.56960606943344,55.10581588745117,21670800,0.0,0.0
2024-02-05 00:00:00-05:00,55.24880851110059,55.24880851110059,54.618362098612906,54.810096740722656,19145100,0.0,0.0
2024-02-06 00:00:00-05:00,54.85233769689022,55.22930980982121,54.706101689150124,55.18381118774414,14181300,0.0,0.0
2024-02-07 00:00:00-05:00,55.33330404699262,55.4600411827445,54.985582093869525,55.04407501220703,17082600,0.0,0.0
2024-02-08 00:00:00-05:00,55.044071603930384,55.42429042570507,54.96607981129925,55.04082489013672,14427900,0.0,0.0
2024-02-09 00:00:00-05:00,55.04732493108729,55.15781733874089,54.89458805158793,55.01157760620117,14329800,0.0,0.0
2024-02-12 00:00:00-05:00,54.995333746226336,55.36255460566432,54.93683710452633,55.343055725097656,14795100,0.0,0.0
2024-02-13 00:00:00-05:00,55.44703963619006,55.59327936077622,54.68335156119718,54.96607971191406,18574200,0.0,0.0
2024-02-14 00:00:00-05:00,54.839341345690784,54.88158581714977,54.446124494574434,54.79059600830078,18484500,0.0,0.0
2024-02-15 00:00:00-05:00,55.1805587935951,55.19681095735264,54.58585976614023,55.01482391357422,16948800,0.0,0.0
2024-02-16 00:00:00-05:00,55.339799516666105,55.872758945786444,55.014826885541346,55.362548828125,22373400,0.0,0.0
2024-02-20 00:00:00-05:00,58.00133738681487,58.93401456547892,56.945173504239655,57.149906158447266,71788500,0.0,0.0
2024-02-21 00:00:00-05:00,56.87042318260734,57.058911092234126,56.155480456220396,56.447959899902344,40501500,0.0,0.0
2024-02-22 00:00:00-05:00,56.50645761746287,57.02316861794145,56.32122384387602,57.00366973876953,29512800,0.0,0.0
2024-02-23 00:00:00-05:00,57.224645871267015,57.73160552864627,56.971167902092695,57.05241012573242,74365800,0.0,0.0
2024-02-26 00:00:00-05:00,57.63736567052128,58.339310433556555,56.72094067802701,58.10532760620117,32154800,0.0,3.0
2024-02-27 00:00:00-05:00,58.14432639319875,58.30031370785333,57.7348610868671,58.0955810546875,18012700,0.0,0.0
2024-02-28 00:00:00-05:00,58.05658030971446,58.26131295234842,57.82260120928445,58.12482452392578,14803300,0.0,0.0
2024-02-29 00:00:00-05:00,57.959097826906905,57.99809558883226,57.12066454066818,57.14016342163086,29245100,0.0,0.0
2024-03-01 00:00:00-05:00,57.32538996891188,57.37413530564374,56.740438490067895,57.28639221191406,19030900,0.0,0.0
2024-03-04 00:00:00-05:00,57.03291816818106,57.90059786663492,56.93542748798463,57.8128547668457,16033300,0.0,0.0
2024-03-05 00:00:00-05:00,58.36855932536512,58.826773700227825,58.0858348676072,58.534297943115234,19676900,0.0,0.0
2024-03-06 00:00:00-05:00,58.61229081393675,59.09975165770975,58.53429901282924,59.05100631713867,12698700,0.0,0.0
2024-03-07 00:00:00-05:00,59.47022463232664,59.538468854874026,58.83652402977953,58.846275329589844,16195300,0.0,0.0
2024-03-08 00:00:00-05:00,58.49529987029902,58.768276746270494,58.23207057459896,58.61228942871094,12143600,0.0,0.0
2024-03-11 00:00:00-04:00,58.592783137635905,59.18748587280395,58.36855162944691,59.13874053955078,14154000,0.0,0.0
2024-03-12 00:00:00-04:00,59.421474833899005,60.025925210714036,59.12899908505502,59.869937896728516,16613100,0.0,0.0
2024-03-13 00:00:00-04:00,59.72370332865902,59.91868841776411,59.353235750293734,59.743202209472656,15935200,0.0,0.0
2024-03-14 00:00:00-04:00,59.94667452477127,60.10319311106189,59.28146960011174,59.69233322143555,16584700,0.208,0.0
2024-03-15 00:00:00-04:00,59.35972213745117,59.81949705051789,59.14450771317366,59.35972213745117,50946300,0.0,0.0
2024-03-18 00:00:00-04:00,59.36950548317966,59.57493913873861,59.0760336302774,59.53580856323242,16801700,0.0,0.0
2024-03-19 00:00:00-04:00,59.64341206499634,59.74123476597162,59.28145986165476,59.54558563232422,12353600,0.0,0.0
2024-03-20 00:00:00-04:00,59.516248774108455,59.94667394935172,59.418426058002346,59.917327880859375,12007600,0.0,0.0
2024-03-21 00:00:00-04:00,59.94667298148649,60.31840601374327,59.721677752717156,60.11297607421875,14265900,0.0,0.0
2024-03-22 00:00:00-04:00,59.98579525010666,60.19122516117285,59.526020345789796,59.54558563232422,14029400,0.0,0.0
2024-03-25 00:00:00-04:00,59.54559667542582,59.662988416403394,59.0466948372125,59.25212478637695,14186600,0.0,0.0
2024-03-26 00:00:00-04:00,59.14450905762596,59.50646127608353,58.91951385062901,59.19342041015625,13738300,0.0,0.0
2024-03-27 00:00:00-04:00,59.545591181837416,59.721675045361,59.0662546780099,59.39885711669922,14363400,0.0,0.0
2024-03-28 00:00:00-04:00,59.34016100378637,59.4477682234566,58.85103999197418,58.86082077026367,17535100,0.0,0.0
2024-04-01 00:00:00-04:00,58.997779235841634,59.43798517191632,58.62604621286785,58.694522857666016,13837600,0.0,0.0
2024-04-02 00:00:00-04:00,58.59669967100619,58.7923450935894,57.598892342703465,57.872798919677734,19510100,0.0,0.0
2024-04-03 00:00:00-04:00,58.088013387985136,58.20540138792589,57.65758450204029,58.136924743652344,14615100,0.0,0.0
2024-04-04 00:00:00-04:00,58.244532952143345,58.50865875525882,57.99997243796575,58.20540237426758,14436100,0.0,0.0
2024-04-05 00:00:00-04:00,58.25431483640288,58.73365509523543,58.19562270017258,58.547786712646484,10335900,0.0,0.0
2024-04-08 00:00:00-04:00,58.303225212908124,58.73365410707457,58.127141343785,58.47930908203125,11070100,0.0,0.0
2024-04-09 00:00:00-04:00,58.56735120499221,58.665177650207134,58.009753528207725,58.48909378051758,10013500,0.0,0.0
2024-04-10 00:00:00-04:00,58.32278720185481,59.437982488736175,58.09779198886094,59.301029205322266,15097600,0.0,0.0
2024-04-11 00:00:00-04:00,59.428201830178615,59.56515511386798,58.76299696794702,58.782562255859375,10987600,0.0,0.0
2024-04-12 00:00:00-04:00,58.694524824710406,59.398860316750095,58.64561346702929,58.831478118896484,12280600,0.0,0.0
2024-04-15 00:00:00-04:00,59.19342751626726,59.379295902571485,58.60648375204774,58.62604904174805,10557200,0.0,0.0
2024-04-16 00:00:00-04:00,58.723866652606304,58.978211664898,58.479306150162735,58.538002014160156,14726300,0.0,0.0
2024-04-17 00:00:00-04:00,58.841251840414074,59.11515837856316,58.27386974659472,58.35213088989258,15329700,0.0,0.0
2024-04-18 00:00:00-04:00,58.52822057408667,58.63582405931932,57.931492357801496,57.970619201660156,12061500,0.0,0.0
2024-04-19 00:00:00-04:00,58.156487606171304,58.371698308468645,57.68693189429927,58.234745025634766,14165800,0.0,0.0
2024-04-22 00:00:00-04:00,58.264099652740256,59.0858231495541,57.75541332312241,58.831478118896484,14910000,0.0,0.0
2024-04-23 00:00:00-04:00,58.93908577607269,59.03690849215069,57.285857991491014,57.804325103759766,17963900,0.0,0.0
2024-04-24 00:00:00-04:00,57.69671368265211,58.7336515635043,57.530414331069565,58.56734848022461,18529100,0.0,0.0
2024-04-25 00:00:00-04:00,58.743433358739914,59.212989086963525,58.52822264894818,58.89995193481445,19263000,0.0,0.0
2024-04-26 00:00:00-04:00,58.80212853172051,59.076035103701216,58.69452131224318,58.85103988647461,11045200,0.0,0.0
2024-04-29 00:00:00-04:00,58.87059872788611,59.07602863437533,58.63581902640075,58.92929458618164,9785100,0.0,0.0
2024-04-30 00:00:00-04:00,58.89017424018962,58.9879969559722,57.87280157658218,58.05866622924805,14209200,0.0,0.0
2024-05-01 00:00:00-04:00,58.01953994523148,58.11736266196377,57.44237696043712,57.56954574584961,15464300,0.0,0.0
2024-05-02 00:00:00-04:00,57.65758086552052,58.586911491372724,57.305416887909566,58.41082763671875,17574100,0.0,0.0
2024-05-03 00:00:00-04:00,58.32278348263107,58.674951178493274,57.85322779871374,58.5184326171875,14207400,0.0,0.0
2024-05-06 00:00:00-04:00,58.694520987238825,58.694520987238825,58.09779276013035,58.56734848022461,11119400,0.0,0.0
2024-05-07 00:00:00-04:00,58.86081955742249,59.477113064482175,58.743431561881586,59.301029205322266,14520200,0.0,0.0
2024-05-08 00:00:00-04:00,59.31081681694689,59.526027531410804,58.909737723817464,58.98799514770508,11015700,0.0,0.0
2024-05-09 00:00:00-04:00,59.09401263974597,59.46703236794742,58.84860561362129,59.3296012878418,14550500,0.208,0.0
2024-05-10 00:00:00-04:00,59.30015992117081,59.467038663802576,59.05475286906456,59.368873596191406,12356600,0.0,0.0
2024-05-13 00:00:00-04:00,59.5062889939106,60.2228769927746,59.182353697394895,59.300148010253906,19260500,0.0,0.0
2024-05-14 00:00:00-04:00,59.40813596350938,59.43758360967144,58.3479757663046,58.76026153564453,18780100,0.0,0.0
2024-05-15 00:00:00-04:00,58.730812072753906,58.83878802021283,58.37742535128368,58.730812072753906,22240600,0.0,0.0
2024-05-16 00:00:00-04:00,63.040159715897495,63.236482346234276,61.78367316298008,62.83401870727539,60545600,0.0,0.0
2024-05-17 00:00:00-04:00,63.059782483850995,63.68802382325162,62.460992531656736,63.46225357055664,29330400,0.0,0.0
2024-05-20 00:00:00-04:00,63.2364736315487,63.5702310441997,62.69657898329772,63.000885009765625,15001400,0.0,0.0
2024-05-21 00:00:00-04:00,63.34446703879226,63.992345250644675,63.265934984768535,63.95307922363281,17131700,0.0,0.0
2024-05-22 00:00:00-04:00,63.78618750357073,64.48314244955264,63.540780516004126,64.05122375488281,14879400,0.0,0.0
2024-05-23 00:00:00-04:00,63.97268931398749,64.31625758580597,63.373895687720996,63.64875030517578,16222900,0.0,0.0
2024-05-24 00:00:00-04:00,63.93344121948194,64.48315809770544,63.81565062997091,64.17884826660156,11795000,0.0,0.0
2024-05-28 00:00:00-04:00,64.02178995695509,64.26719699758173,63.550605143691385,63.845096588134766,13349600,0.0,0.0
2024-05-29 00:00:00-04:00,63.56041613635792,64.01196413993206,63.46225482935966,63.727291107177734,11538600,0.0,0.0
2024-05-30 00:00:00-04:00,63.73711529790781,63.972703954036476,63.58005120100314,63.69784927368164,13051900,0.0,0.0
2024-05-31 00:00:00-04:00,63.48188612265301,64.68929195605591,62.98126119420382,64.55186462402344,27632200,0.0,0.0
2024-06-03 00:00:00-04:00,64.30646881795224,64.63040044895774,63.962900427958985,64.61077117919922,11578700,0.0,0.0
2024-06-04 00:00:00-04:00,64.77764054606286,65.41570035150033,64.62058393397758,65.37643432617188,14780800,0.0,0.0
2024-06-05 00:00:00-04:00,65.34697858739668,65.91632465031289,65.06230555593856,65.857421875,14982700,0.0,0.0
2024-06-06 00:00:00-04:00,65.82797800675397,66.20100147795799,65.54330495897175,65.91632843017578,13256000,0.0,0.0
2024-06-07 00:00:00-04:00,66.16173371326641,66.3286086885019,64.43406620531614,64.6696548461914,20213200,0.0,0.0
2024-06-10 00:00:00-04:00,65.95559036640122,66.09301769278436,65.05248687830517,65.72981262207031,21659500,0.0,0.0
2024-06-11 00:00:00-04:00,65.7199954608229,65.7298138383827,65.13102012410671,65.50404357910156,13367500,0.0,0.0
2024-06-12 00:00:00-04:00,65.62183881550375,65.71018924136395,64.68929509021252,65.09175872802734,11704700,0.0,0.0
2024-06-13 00:00:00-04:00,65.08194885055075,65.53349689744267,64.73837300925551,65.47459411621094,11196600,0.0,0.0
2024-06-14 00:00:00-04:00,65.31753425681934,65.8770619706876,65.08194561130323,65.78871154785156,12590100,0.0,0.0
2024-06-17 00:00:00-04:00,65.6905367618092,66.20098745982258,65.18991192892966,66.18135070800781,12103000,0.0,0.0
2024-06-18 00:00:00-04:00,66.38750275816165,66.62309888394142,66.06357119136294,66.3580551147461,12093500,0.0,0.0
2024-06-20 00:00:00-04:00,66.11264287422267,66.87831149940902,66.06356596881903,66.7605209350586,13860800,0.0,0.0
2024-06-21 00:00:00-04:00,67.00592944753582,67.29060246654284,66.58382910752229,66.66236114501953,25883000,0.0,0.0
2024-06-24 00:00:00-04:00,66.7997957673882,67.77160549764872,66.65255005329344,67.6341781616211,12470400,0.0,0.0
2024-06-25 00:00:00-04:00,65.9359437349085,66.348225652301,65.32733923472716,66.18135070800781,20869200,0.0,0.0
2024-06-26 00:00:00-04:00,66.16174423520192,67.33969511613978,65.97523247484895,67.03539276123047,14177500,0.0,0.0
2024-06-27 00:00:00-04:00,67.03538279161776,67.32005583484033,66.42677068308386,66.6329116821289,12899200,0.0,0.0
2024-06-28 00:00:00-04:00,66.6230980173571,66.84886827342474,66.083199597669,66.46603393554688,18816700,0.0,0.0
2024-07-01 00:00:00-04:00,66.64272850343903,66.98629682715632,66.01448714314803,66.24026489257812,8666000,0.0,0.0
2024-07-02 00:00:00-04:00,66.20099689659658,66.82923823814681,66.02430355120886,66.81941986083984,9436500,0.0,0.0
2024-07-03 00:00:00-04:00,66.56419723644458,66.9961159851361,66.37769299524149,66.98629760742188,6287500,0.0,0.0
2024-07-05 00:00:00-04:00,66.90778410660721,68.86122219768698,66.84888131981896,68.75324249267578,21586100,0.0,0.0
2024-07-08 00:00:00-04:00,68.61580067308694,68.85138930288518,68.07590226185397,68.39984130859375,12077700,0.0,0.0
2024-07-09 00:00:00-04:00,68.61579895019531,68.95936725361341,68.39002121410496,68.61579895019531,9758400,0.0,0.0
2024-07-10 00:00:00-04:00,68.81213000816057,69.14588746478525,68.43911401708897,69.11643981933594,10803400,0.0,0.0
2024-07-11 00:00:00-04:00,68.89066278456994,69.15569908564676,67.98756669816882,68.51764678955078,15624800,0.0,0.0
2024-07-12 00:00:00-04:00,68.61581955595338,68.74342853862264,67.89922760286092,67.96794128417969,12145300,0.0,0.0
2024-07-15 00:00:00-04:00,68.02683626980321,68.68452535685664,68.02683626980321,68.33113861083984,10171100,0.0,0.0
2024-07-16 00:00:00-04:00,68.53727236239855,68.94955435928385,68.30168371978236,68.70414733886719,9836800,0.0,0.0
2024-07-17 00:00:00-04:00,68.89064676912388,69.79374264557656,68.66486905539742,69.72502899169922,13533800,0.0,0.0
2024-07-18 00:00:00-04:00,69.38147829708254,69.88211075313176,69.13607125832506,69.51890563964844,10682700,0.0,0.0
2024-07-19 00:00:00-04:00,69.89190965200126,70.01952608336791,69.35201875289388,69.45018005371094,11665500,0.0,0.0
2024-07-22 00:00:00-04:00,69.55815982714489,69.95081252018088,68.93973689084156,69.08697509765625,12666100,0.0,0.0
2024-07-23 00:00:00-04:00,69.17532692266118,69.4010971705359,68.8219402406398,69.35202026367188,9263600,0.0,0.0
2024-07-24 00:00:00-04:00,69.22440832549658,69.53852900889177,69.04771497301006,69.30294036865234,22490800,0.0,0.0
2024-07-25 00:00:00-04:00,69.3029429016043,69.46981788248851,68.66488313379207,68.73359680175781,18821200,0.0,0.0
2024-07-26 00:00:00-04:00,68.93974587371152,68.94955676262606,67.56546501362992,68.49800872802734,16789300,0.0,0.0
2024-07-29 00:00:00-04:00,68.5667279325151,68.61581233796349,67.85995443373942,68.34095764160156,10315300,0.0,0.0
2024-07-30 00:00:00-04:00,68.27223282206855,68.56671673899805,67.71270514175217,67.9188461303711,12522500,0.0,0.0
2024-07-31 00:00:00-04:00,67.90902440841155,67.97773806790028,67.03537609952907,67.37894439697266,22908800,0.0,0.0
2024-08-01 00:00:00-04:00,67.6439977047053,68.51764613702531,67.26115584577406,68.50782775878906,17275500,0.0,0.0
2024-08-02 00:00:00-04:00,68.32131062429967,68.94955197570992,66.49548185638,67.20225524902344,23578700,0.0,0.0
2024-08-05 00:00:00-04:00,66.8488838587276,67.32006872478375,65.6807513071404,66.34825134277344,20770500,0.0,0.0
2024-08-06 00:00:00-04:00,66.59365234829869,67.36913951167405,66.43659573339778,66.49549102783203,14815100,0.0,0.0
2024-08-07 00:00:00-04:00,66.62309470335371,66.76052202348787,65.58256393618875,65.68073272705078,18499200,0.0,0.0
2024-08-08 00:00:00-04:00,65.61201942821474,66.67217958686359,65.44514444654634,66.41696166992188,12489800,0.0,0.0
2024-08-09 00:00:00-04:00,66.60346832175028,66.96667343251143,66.09302498022096,66.70162963867188,13805600,0.0,0.0
2024-08-12 00:00:00-04:00,67.08446421878567,67.94830178444063,66.81942791337782,67.43785095214844,17385300,0.0,0.0
2024-08-13 00:00:00-04:00,67.17281787102964,67.3495112461923,65.90651659723547,66.87832641601562,26557900,0.0,0.0
2024-08-14 00:00:00-04:00,66.6721798892836,67.5261990469403,66.60346622068329,67.39859008789062,22928600,0.0,0.0
2024-08-15 00:00:00-04:00,72.75827353212031,73.07239420755822,71.44288805488009,71.83554077148438,49567500,0.0,0.0
2024-08-16 00:00:00-04:00,71.56777931298264,72.46361072973244,71.39058230255827,72.30609893798828,19872100,0.208,0.0
2024-08-19 00:00:00-04:00,72.24702937588498,72.82784466830684,72.19780506767847,72.57189178466797,13709300,0.0,0.0
2024-08-20 00:00:00-04:00,72.60142237950926,73.58584844567208,72.57189079921635,73.37911987304688,14434000,0.0,0.0
2024-08-21 00:00:00-04:00,74.1272927225865,74.40293084521234,73.42834354090243,74.06822204589844,14832000,0.0,0.0
2024-08-22 00:00:00-04:00,74.19620262038657,75.03296335694856,73.97962766280159,74.4029312133789,16511100,0.0,0.0
2024-08-23 00:00:00-04:00,74.42260839594141,74.62933696661149,73.84180062747427,74.52104949951172,12299100,0.0,0.0
2024-08-26 00:00:00-04:00,74.71794405617507,75.02311375017912,74.39308163383676,74.84591674804688,9508200,0.0,0.0
2024-08-27 00:00:00-04:00,75.25936722645889,75.25936722645889,74.58995722352618,74.94435119628906,11557800,0.0,0.0
2024-08-28 00:00:00-04:00,75.09203147233232,75.23969690865184,74.62934994346669,74.89514923095703,9814300,0.0,0.0
2024-08-29 00:00:00-04:00,74.8065396028326,75.27906745043589,74.49152354128886,75.22984313964844,11856800,0.0,0.0
2024-08-30 00:00:00-04:00,75.24953180618803,76.26348946484256,75.03295686733466,76.02722930908203,23230000,0.0,0.0
2024-09-03 00:00:00-04:00,76.12567432226308,76.59819465803841,75.60392967583081,75.9681625366211,22666100,0.0,0.0
2024-09-04 00:00:00-04:00,76.1256582075499,76.27332359768678,75.5350041575761,76.03705596923828,18442800,0.0,0.0
2024-09-05 00:00:00-04:00,76.04691329226718,76.24379550044442,75.20030627807039,75.76142883300781,13082900,0.0,0.0
2024-09-06 00:00:00-04:00,75.70237931682328,76.11583653485948,75.1117250752607,75.44642639160156,14548600,0.0,0.0
2024-09-09 00:00:00-04:00,75.65315418587785,76.26350115157926,75.29876014264168,76.1355209350586,22260200,0.0,0.0
2024-09-10 00:00:00-04:00,76.14536499344757,77.67122860618628,76.07645545993796,77.58262634277344,17686300,0.0,0.0
2024-09-11 00:00:00-04:00,77.15933215308218,77.69092326642999,76.36194923834886,77.61216735839844,19518800,0.0,0.0
2024-09-12 00:00:00-04:00,77.759816613209,78.66549434579201,77.39558375793152,78.41938781738281,14877700,0.0,0.0
2024-09-13 00:00:00-04:00,78.57689822380026,79.43335171332633,78.44892552284496,79.3447494506836,12994100,0.0,0.0
2024-09-16 00:00:00-04:00,79.58100463042743,79.75820163399729,78.89190934464206,79.30536651611328,15346400,0.0,0.0
2024-09-17 00:00:00-04:00,78.51782281781576,79.01003583633917,77.04118376224552,77.37588500976562,21065900,0.0,0.0
2024-09-18 00:00:00-04:00,77.41527634531084,78.17328873089436,77.06088230981807,77.79920196533203,15684900,0.0,0.0
2024-09-19 00:00:00-04:00,77.8188956930435,77.8582661325355,76.28318568269496,76.82462310791016,21525700,0.0,0.0
2024-09-20 00:00:00-04:00,77.01165973928431,78.37016509989994,76.89352589944043,77.82872772216797,39534300,0.0,0.0
2024-09-23 00:00:00-04:00,77.83857000824977,79.18723644448224,77.83857000824977,79.07894897460938,12147300,0.0,0.0
2024-09-24 00:00:00-04:00,79.22662227507185,79.64992583291634,78.99035458424534,79.41365814208984,14651100,0.0,0.0
2024-09-25 00:00:00-04:00,79.63024182081739,80.32918358389955,79.42351320164462,80.1323013305664,14163800,0.0,0.0
2024-09-26 00:00:00-04:00,79.77790651022985,79.93541080928875,78.02562893620701,78.67534637451172,17061100,0.0,0.0
2024-09-27 00:00:00-04:00,78.65565521060536,79.03958082936268,78.36032434514162,78.53752136230469,11899100,0.0,0.0
2024-09-30 00:00:00-04:00,78.64580169305545,79.67945211759591,78.61627011131004,79.4924087524414,18997000,0.0,0.0
2024-10-01 00:00:00-04:00,79.42349520538225,80.26025585831458,79.18723505280045,80.00430297851562,16054200,0.0,0.0
2024-10-02 00:00:00-04:00,79.72867494409601,79.72867494409601,78.87222896643507,79.17739868164062,16618300,0.0,0.0
2024-10-03 00:00:00-04:00,79.04942598087798,79.32506411210568,78.60642968948281,79.17739868164062,11640400,0.0,0.0
2024-10-04 00:00:00-04:00,78.80331990555382,79.84680926875797,78.60643016022938,79.67945861816406,11583400,0.0,0.0
2024-10-07 00:00:00-04:00,79.43334443223395,79.67945095729544,77.7499767020823,77.86810302734375,16791600,0.0,0.0
2024-10-08 00:00:00-04:00,78.38001029587309,78.57689251543617,77.83857292621174,78.4686050415039,15270000,0.0,0.0
2024-10-09 00:00:00-04:00,78.57690389061015,79.24631404883705,78.50799435272987,79.14787292480469,12413000,0.0,0.0
2024-10-10 00:00:00-04:00,79.05925823440305,79.06910459843218,78.22249754573089,78.37016296386719,10812700,0.0,0.0
2024-10-11 00:00:00-04:00,78.45876707067386,78.88207064753615,78.13391212470013,78.8525390625,9570700,0.0,0.0
2024-10-14 00:00:00-04:00,78.80332111139937,79.25615626671112,78.51783660924232,79.03958129882812,9914500,0.0,0.0
2024-10-15 00:00:00-04:00,79.4136466299229,80.54573807498228,79.2561423694468,80.37838745117188,13276200,0.0,0.0
2024-10-16 00:00:00-04:00,80.26025542945602,80.38823562395908,79.36443162080866,79.95508575439453,11123300,0.0,0.0
2024-10-17 00:00:00-04:00,80.00430534713138,80.2307266533829,79.39396597567736,79.6302261352539,9424700,0.0,0.0
2024-10-18 00:00:00-04:00,79.61055111288479,80.4177803128382,79.40382250795994,80.04369354248047,12324100,0.0,0.0
2024-10-21 00:00:00-04:00,79.96493255077318,80.2799485910957,79.46287315474906,79.55146789550781,9750400,0.0,0.0
2024-10-22 00:00:00-04:00,79.84680610848405,80.94936610693499,79.57116798651519,80.74263000488281,12240100,0.0,0.0
2024-10-23 00:00:00-04:00,80.61466194983826,82.0420769538933,80.52606719577977,81.9731674194336,13058200,0.0,0.0
2024-10-24 00:00:00-04:00,81.66800160400935,82.02239565834992,81.29392232912824,81.74675750732422,11645900,0.0,0.0
2024-10-25 00:00:00-04:00,81.90425505959384,82.00270368591957,81.15609657143303,81.22500610351562,8959400,0.0,0.0
2024-10-28 00:00:00-04:00,81.46125793457031,81.78612034276881,81.18561983448973,81.46125793457031,7990200,0.0,0.0
2024-10-29 00:00:00-04:00,81.38249913829627,81.56954248977208,80.39807309570725,80.42760467529297,9682400,0.0,0.0
2024-10-30 00:00:00-04:00,80.32918039318798,80.55560173504642,80.03385702491863,80.12245178222656,9268800,0.0,0.0
2024-10-31 00:00:00-04:00,80.02400394930308,81.15609554251475,79.95509441809413,80.67372131347656,15539000,0.0,0.0
2024-11-01 00:00:00-04:00,81.24468969226982,81.24468969226982,80.27010989792063,80.90998840332031,12181800,0.0,0.0
2024-11-04 00:00:00-05:00,80.91983277454987,81.61878200433047,80.72295053357647,81.16593933105469,11731000,0.0,0.0
2024-11-05 00:00:00-05:00,81.39235907160548,82.46538003184821,81.22500841900218,82.37678527832031,10612500,0.0,0.0
2024-11-06 00:00:00-05:00,83.81404737985147,84.20781936813391,80.78201283382548,82.1405258178711,19974000,0.0,0.0
2024-11-07 00:00:00-05:00,82.41614810898463,83.07571174395136,82.12081729691693,82.54412078857422,12665800,0.0,0.0
2024-11-08 00:00:00-05:00,82.9674280134832,84.08967313291842,82.91821121630703,83.50886535644531,14396500,0.0,0.0
2024-11-11 00:00:00-05:00,83.62698694183898,84.0798295178919,82.80991905770091,82.89851379394531,10433200,0.0,0.0
2024-11-12 00:00:00-05:00,83.1840075085668,84.19796521496734,83.1840075085668,83.66637420654297,12860200,0.0,0.0
2024-11-13 00:00:00-05:00,83.66636712975223,84.45391096685856,83.44979219901926,84.16842651367188,12802600,0.0,0.0
2024-11-14 00:00:00-05:00,83.70575623360301,84.42439064407502,83.02649977129425,83.15447998046875,15740700,0.0,0.0
2024-11-15 00:00:00-05:00,83.21353482752376,83.459641346006,82.63272704898162,82.93789672851562,17370600,0.0,0.0
2024-11-18 00:00:00-05:00,83.49902684653736,83.52855842973572,82.35709640293888,82.77055358886719,25093800,0.0,0.0
2024-11-19 00:00:00-05:00,84.88705655756316,86.9149716968095,84.57204054068436,85.25128936767578,36340900,0.0,0.0
2024-11-20 00:00:00-05:00,85.25130427689305,85.84195847301588,84.57205533111083,85.82227325439453,18183200,0.0,0.0
2024-11-21 00:00:00-05:00,86.08806474002908,87.2595342745244,85.57616644117158,87.013427734375,18729200,0.0,0.0
2024-11-22 00:00:00-05:00,88.01754405588193,89.49418325369211,87.5450162079295,89.03150177001953,23990600,0.0,0.0
2024-11-25 00:00:00-05:00,89.09055856885857,89.5335472923191,87.67298263686517,88.10613250732422,25078600,0.0,0.0
2024-11-26 00:00:00-05:00,88.4900637873686,90.44906967342239,88.44083947688182,89.88794708251953,16657000,0.0,0.0
2024-11-27 00:00:00-05:00,90.56721527506468,90.81332183831213,89.88795875711729,90.44908142089844,14358900,0.0,0.0
2024-11-29 00:00:00-05:00,90.82314994495576,91.19722914208054,90.39000007733515,91.05941009521484,11041200,0.0,0.0
2024-12-02 00:00:00-05:00,91.37443210935058,91.54178274712346,90.51797868159927,91.19723510742188,17173000,0.0,0.0
2024-12-03 00:00:00-05:00,91.3350612510729,92.13244406634286,90.82316293387416,92.05369567871094,17775200,0.0,0.0
2024-12-04 00:00:00-05:00,91.99461595414958,93.04795157973477,91.60085152298042,92.97904205322266,17312600,0.0,0.0
2024-12-05 00:00:00-05:00,93.41219284760979,94.11113448347221,92.87075548362999,93.81581115722656,21932300,0.0,0.0
2024-12-06 00:00:00-05:00,94.05207518941144,94.68210732401036,93.84534659936263,94.20957946777344,18803500,0.0,0.0
2024-12-09 00:00:00-05:00,94.17019959505383,94.44583768749938,92.14227682385136,92.36869812011719,20931100,0.0,0.0
2024-12-10 00:00:00-05:00,92.58527870496029,93.75674066936797,92.3096330851127,93.0774917602539,13164500,0.0,0.0
2024-12-11 00:00:00-05:00,93.06764482836009,94.19973635074331,93.02826688290783,93.4811019897461,19682100,0.0,0.0
2024-12-12 00:00:00-05:00,94.18989046762587,94.22926841327917,92.62464904785156,92.62464904785156,14298600,0.0,0.0
2024-12-13 00:00:00-05:00,92.54376168856372,93.41197334589135,91.79393808206233,92.98773193359375,11495900,0.208,0.0
2024-12-16 00:00:00-05:00,93.15545611354261,94.42818038809531,92.83974208997098,93.59943389892578,16742000,0.0,0.0
2024-12-17 00:00:00-05:00,93.86581050833863,94.2111215306302,93.05679288730593,94.14205932617188,23560800,0.0,0.0
2024-12-18 00:00:00-05:00,94.06312409443372,94.61562922884323,91.88272314922496,92.29710388183594,24665600,0.0,0.0
2024-12-19 00:00:00-05:00,93.21465412790764,93.3034451652826,92.10965132376359,92.14911651611328,16606500,0.0,0.0
2024-12-20 00:00:00-05:00,91.76434575593854,92.49443303977864,90.40282288417461,91.00465393066406,49350600,0.0,0.0
2024-12-23 00:00:00-05:00,90.27456105647906,90.27456105647906,87.7192519576707,89.13996124267578,26205400,0.0,0.0
2024-12-24 00:00:00-05:00,89.1596985457272,91.43875885009766,89.13996218578434,91.43875885009766,8992400,0.0,0.0
2024-12-26 00:00:00-05:00,91.30063517653834,91.63607802611693,90.93558778680641,91.54728698730469,10994000,0.0,0.0
2024-12-27 00:00:00-05:00,90.89611788057736,91.11317266715135,89.81085147492297,90.43241882324219,11384400,0.0,0.0
2024-12-30 00:00:00-05:00,89.51487064584205,89.850313466081,88.92290033000702,89.35700988769531,9790200,0.0,0.0
2024-12-31 00:00:00-05:00,89.35701603645572,89.72206341937796,88.85384424425821,89.13996124267578,11267700,0.0,0.0
2025-01-02 00:00:00-05:00,88.77492601264514,89.38661770638944,88.32108004170327,88.7946548461914,14820400,0.0,0.0
2025-01-03 00:00:00-05:00,88.9426415222315,90.07724131962478,88.93277334250719,89.56420135498047,10834600,0.0,0.0
2025-01-06 00:00:00-05:00,89.61353491963096,91.23157014598485,89.4556741525644,90.20549774169922,14519900,0.0,0.0
2025-01-07 00:00:00-05:00,90.4718909743845,90.70868215795507,89.23863178701711,89.59381103515625,11238000,0.0,0.0
2025-01-08 00:00:00-05:00,89.8897800245872,90.61986722409655,89.60366304150027,90.57054138183594,13453600,0.0,0.0
2025-01-10 00:00:00-05:00,91.25129145130036,92.32669713839222,90.96517448000465,91.75446319580078,18140900,0.0,0.0
2025-01-13 00:00:00-05:00,90.88626326783634,91.19210910894259,89.87991964997705,90.30416107177734,18617100,0.0,0.0
2025-01-14 00:00:00-05:00,90.62974325570235,90.74813883637343,89.35701899054826,89.5740737915039,13549200,0.0,0.0
2025-01-15 00:00:00-05:00,89.85032619006796,90.50149061881383,89.59380618536053,90.11670684814453,17348200,0.0,0.0
2025-01-16 00:00:00-05:00,90.27455841851432,90.49161320595157,88.91304319806547,90.07723999023438,13267700,0.0,0.0
2025-01-17 00:00:00-05:00,90.83692780054147,91.02438558384932,89.83059173309141,90.70867156982422,15868200,0.0,0.0
2025-01-21 00:00:00-05:00,91.2414265366444,92.97784958672347,91.07369761150412,91.83338928222656,23247500,0.0,0.0
2025-01-22 00:00:00-05:00,92.51416084054306,92.74108382570873,91.28090174711608,91.98139953613281,15567100,0.0,0.0
2025-01-23 00:00:00-05:00,91.71499720666775,92.5536117553711,91.08356925042888,92.5536117553711,14198400,0.0,0.0
2025-01-24 00:00:00-05:00,92.28722864173406,93.73754227687256,92.2082982675408,93.49089050292969,14973800,0.0,0.0
2025-01-27 00:00:00-05:00,94.6156321058318,96.15473693108117,93.55009452194427,96.09554290771484,18880600,0.0,0.0
2025-01-28 00:00:00-05:00,95.92782837228918,96.5296518831939,95.43452473626988,95.98702239990234,14641600,0.0,0.0
2025-01-29 00:00:00-05:00,96.12513640792206,96.85522360256037,95.91794980649287,96.19419860839844,11261400,0.0,0.0
2025-01-30 00:00:00-05:00,96.38166198567168,97.6050528340901,96.11527382032563,97.32880401611328,11012200,0.0,0.0
2025-01-31 00:00:00-05:00,97.6741138757043,97.6741138757043,96.39152149069261,96.84536743164062,16391200,0.0,0.0
2025-02-03 00:00:00-05:00,95.47397258438137,98.45353045475264,95.17799494953866,98.20687866210938,20484200,0.0,0.0
2025-02-04 00:00:00-05:00,98.63112129672186,99.59799212089823,98.35487248981431,99.42040252685547,15201200,0.0,0.0
2025-02-05 00:00:00-05:00,99.30201950116411,101.20617176183289,99.19349210336311,101.08777618408203,15926700,0.0,0.0
2025-02-06 00:00:00-05:00,101.15683543424623,101.64027085664551,100.5747407968779,101.47254943847656,13088500,0.0,0.0
2025-02-07 00:00:00-05:00,101.62054816538898,101.72907556657785,99.75586103909455,99.79532623291016,12451100,0.0,0.0
2025-02-10 00:00:00-05:00,100.58460053412847,101.55147889734523,99.89397850841331,101.54161071777344,15274600,0.0,0.0
2025-02-11 00:00:00-05:00,101.24563357665824,101.47254901742393,100.48594181739605,101.09764099121094,11953600,0.0,0.0
2025-02-12 00:00:00-05:00,100.75233884202399,102.50849860824678,100.67340845254479,102.22238159179688,15162100,0.0,0.0
2025-02-13 00:00:00-05:00,102.60714117117485,103.83053190059557,102.14343461729686,103.64308166503906,12604400,0.0,0.0
2025-02-14 00:00:00-05:00,103.88973353354572,103.88973353354572,102.2124969005166,102.6466064453125,14109500,0.0,0.0
2025-02-18 00:00:00-05:00,102.33089692086621,102.59727754490628,101.13710314791744,102.39009094238281,18247300,0.0,0.0
2025-02-19 00:00:00-05:00,102.45914701524677,102.80445799879985,101.17656228673317,102.60713958740234,18508000,0.0,0.0
2025-02-20 00:00:00-05:00,97.45706174635248,98.7791193591679,95.38518805239815,95.90808868408203,55450900,0.0,0.0
2025-02-21 00:00:00-05:00,95.23719031953138,95.55290431749636,92.85947091893603,93.51062774658203,35014800,0.0,0.0
2025-02-24 00:00:00-05:00,92.91866094688383,93.37249932899779,90.88625264280506,92.41548919677734,29755900,0.0,0.0
2025-02-25 00:00:00-05:00,93.08638110731647,96.5987076047461,92.97785372095905,96.38165283203125,29331200,0.0,0.0
2025-02-26 00:00:00-05:00,96.39151657580055,97.40772827403791,94.78334961388568,94.91160583496094,19069700,0.0,0.0
2025-02-27 00:00:00-05:00,94.61562599924385,96.72696467148513,94.52682744270992,95.49370574951172,16431500,0.0,0.0
2025-02-28 00:00:00-05:00,96.48031198464987,97.53598131089619,95.86861285527523,97.2893295288086,25451300,0.0,0.0
2025-03-03 00:00:00-05:00,96.66777322087229,98.1575446186118,95.5331734770619,96.28298950195312,18372200,0.0,0.0
2025-03-04 00:00:00-05:00,94.47751021259677,95.75023443933196,93.19491780596621,93.69808959960938,25227700,0.0,0.0
2025-03-05 00:00:00-05:00,93.69808941391979,95.09906986765527,93.48103461994639,94.69456481933594,17639000,0.0,0.0
2025-03-06 00:00:00-05:00,93.53036595369787,94.90174936513357,92.91866677739662,93.37250518798828,19957800,0.0,0.0
2025-03-07 00:00:00-05:00,92.68187671102515,92.69173736278461,89.5444657192684,90.49160766601562,35913200,0.0,0.0
2025-03-10 00:00:00-04:00,88.55787279242345,89.02157942482906,85.4500583117448,86.64385223388672,35148800,0.0,0.0
2025-03-11 00:00:00-04:00,86.12094357147377,88.1533519990176,85.97295098572098,86.26893615722656,28687600,0.0,0.0
2025-03-12 00:00:00-04:00,86.70303700944069,87.9066989836799,83.74321544415035,84.05892944335938,33301600,0.0,0.0
2025-03-13 00:00:00-04:00,83.80242627006047,84.30559057225997,82.74675676267671,83.36831665039062,31507800,0.0,0.0
2025-03-14 00:00:00-04:00,83.82215582068001,84.22666842923373,82.9342077397712,84.2069320678711,35500600,0.0,0.0
2025-03-17 00:00:00-04:00,83.98986916330423,86.81156638896405,83.84188410342557,86.28866577148438,26297800,0.0,0.0
2025-03-18 00:00:00-04:00,86.26893974872712,86.50572337945988,84.35491928832963,84.44371032714844,17850900,0.0,0.0
2025-03-19 00:00:00-04:00,84.79888966643276,85.62764366608762,84.47331499638369,85.1738052368164,24555900,0.0,0.0
2025-03-20 00:00:00-04:00,84.66077423095703,85.91376977975365,84.37465719640676,84.66077423095703,18185500,0.0,0.0
2025-03-21 00:00:00-04:00,84.36891340674545,85.30876864940409,83.8742551362576,85.06143951416016,26797200,0.235,0.0
2025-03-24 00:00:00-04:00,85.54620589030858,86.71359975676114,85.4274851834555,86.55530548095703,17900700,0.0,0.0
2025-03-25 00:00:00-04:00,85.83309450513929,86.37721400609291,83.71595797528748,83.85446166992188,27908600,0.0,0.0
2025-03-26 00:00:00-04:00,84.27988434728596,84.64592666201732,83.66650533238484,84.29966735839844,27228800,0.0,0.0
2025-03-27 00:00:00-04:00,83.87425427237399,85.19004706981201,83.87425427237399,84.71517181396484,16782800,0.0,0.0
2025-03-28 00:00:00-04:00,84.51731811148453,84.91304626420629,83.7951136666758,84.24031066894531,14790600,0.0,0.0
2025-03-31 00:00:00-04:00,83.85446876624523,87.25771239826233,83.46863593455691,86.85209655761719,30269300,0.0,0.0
2025-04-01 00:00:00-04:00,86.6047623280653,88.15798884169755,86.43658034424375,87.8809814453125,22080300,0.0,0.0
2025-04-02 00:00:00-04:00,87.25770945620596,89.18688109748784,87.17856987516109,88.8010482788086,19384100,0.0,0.0
2025-04-03 00:00:00-04:00,85.35822531050775,88.91976315495712,85.35822531050775,86.3277587890625,33012900,0.0,0.0
2025-04-04 00:00:00-04:00,84.72506918417116,86.45637315578495,81.7670147975078,82.3012466430664,36209000,0.0,0.0
2025-04-07 00:00:00-04:00,79.38275237189865,85.3384418180759,78.95734598288598,82.93440246582031,36884900,0.0,0.0
2025-04-08 00:00:00-04:00,84.93282937727842,86.04086669665251,80.16432362357776,80.91620635986328,34351700,0.0,0.0
2025-04-09 00:00:00-04:00,82.43974269732487,89.8299378857518,82.13304946114322,88.64275360107422,46632800,0.0,0.0
2025-04-10 00:00:00-04:00,87.78207043145042,90.88852413536874,87.21816023801014,89.64198303222656,34735300,0.0,0.0
2025-04-11 00:00:00-04:00,89.71122469637749,92.35269806279848,89.04838442202669,91.80857849121094,25508100,0.0,0.0
2025-04-14 00:00:00-04:00,92.27354779269045,94.42037036104327,91.9075055137407,93.71795654296875,27742900,0.0,0.0
2025-04-15 00:00:00-04:00,93.80699729064808,95.00406944002724,92.86714956404296,92.96607971191406,21871200,0.0,0.0
2025-04-16 00:00:00-04:00,92.99575150077942,93.29254947153203,89.64196915155027,90.21577453613281,22229100,0.0,0.0
2025-04-17 00:00:00-04:00,90.84894868252451,92.86715552986851,90.64119309428297,92.2240982055664,21393900,0.0,0.0
2025-04-21 00:00:00-04:00,92.02622089412044,93.07490155525863,90.36416881106632,91.42274475097656,18361200,0.0,0.0
2025-04-22 00:00:00-04:00,91.88772265093642,94.27197926850968,91.88772265093642,93.83667755126953,15407800,0.0,0.0
2025-04-23 00:00:00-04:00,94.00485218120116,95.56797409050047,93.15404692012105,93.94549560546875,18046900,0.0,0.0
2025-04-24 00:00:00-04:00,93.69816847334637,95.19203856017262,92.65939063645622,94.81609344482422,13444500,0.0,0.0
2025-04-25 00:00:00-04:00,94.77651799439896,95.43935819786903,93.35189990512622,94.0740966796875,15317200,0.0,0.0
2025-04-28 00:00:00-04:00,94.08399994194673,94.97438632330493,93.33211727014579,94.20272064208984,12950000,0.0,0.0
2025-04-29 00:00:00-04:00,93.82677741045438,95.152465504322,93.41126627346495,95.01396179199219,12679000,0.0,0.0
2025-04-30 00:00:00-04:00,94.91503438738997,96.73537325792752,93.9158225356892,96.2110366821289,21639900,0.0,0.0
2025-05-01 00:00:00-04:00,95.98349095089259,96.85409436904074,95.55808452099379,96.36933135986328,13171800,0.0,0.0
2025-05-02 00:00:00-04:00,96.9035510811719,98.15998730091732,96.80462093776256,97.69500732421875,16031400,0.0,0.0
2025-05-05 00:00:00-04:00,97.8829812387424,98.6744299448877,97.47735783288252,98.26881408691406,12439100,0.0,0.0
2025-05-06 00:00:00-04:00,97.68511925782961,98.40732369902335,97.3586505152635,97.49715423583984,10626000,0.0,0.0
2025-05-07 00:00:00-04:00,97.49714724180463,98.16988278543901,97.2597058396611,97.77415466308594,11301300,0.0,0.0
2025-05-08 00:00:00-04:00,97.69501969210698,98.26882516356365,96.31987014533513,96.38912200927734,14461100,0.0,0.0
2025-05-09 00:00:00-04:00,95.9478027194153,96.39406854281872,95.49161769194146,95.91805267333984,13697800,0.235,0.0
2025-05-12 00:00:00-04:00,96.86016200674526,97.15767756669761,94.82716423418742,95.94779205322266,26783900,0.0,0.0
2025-05-13 00:00:00-04:00,95.69986869770257,96.51306935186666,94.4404022522313,95.08500671386719,19746700,0.0,0.0
2025-05-14 00:00:00-04:00,95.23376034795484,96.5229843472933,95.03542168627274,96.02713012695312,25620100,0.0,0.0
2025-05-15 00:00:00-04:00,93.51811896268792,95.91805182937829,91.12809773384495,95.55111694335938,44026100,0.0,0.0
2025-05-16 00:00:00-04:00,95.34285165447858,98.36756551297235,95.20401307403642,97.4254379272461,33746200,0.0,0.0
2025-05-19 00:00:00-04:00,95.84862953243433,97.4651116888253,95.01559044505747,97.30644226074219,20041600,0.0,0.0
2025-05-20 00:00:00-04:00,97.74279063299858,98.00063697020651,95.71970431687956,96.98909759521484,15609600,0.0,0.0
2025-05-21 00:00:00-04:00,96.32464797010367,96.94942919395186,95.18418919960034,95.63045501708984,15742300,0.0,0.0
2025-05-22 00:00:00-04:00,95.73954057541935,96.15605633423446,95.02550923680177,95.13459777832031,13712200,0.0,0.0
2025-05-23 00:00:00-04:00,94.54949017366769,95.73954498151046,94.21231289610054,95.54119873046875,13668600,0.0,0.0
2025-05-27 00:00:00-04:00,96.49324262305802,96.98909688614438,95.77921127363199,96.77091979980469,17180900,0.0,0.0
2025-05-28 00:00:00-04:00,96.71141589601764,97.42544727315071,96.25523086421283,96.4337387084961,11220100,0.0,0.0
2025-05-29 00:00:00-04:00,96.82050330934511,96.95934190147965,96.04697184855677,96.2948989868164,14338000,0.0,0.0
2025-05-30 00:00:00-04:00,96.1560647481344,98.10973189665408,95.79904904758581,97.90147399902344,29980100,0.0,0.0
2025-06-02 00:00:00-04:00,98.02046741781018,99.08160280779799,97.23702433775428,98.94275665283203,16999200,0.0,0.0
2025-06-03 00:00:00-04:00,98.74441972870392,100.05347470818545,97.75271118163803,99.1510238647461,15598600,0.0,0.0
2025-06-04 00:00:00-04:00,98.96259164685713,99.29976890349008,98.49648744351775,98.52623748779297,11115600,0.0,0.0
2025-06-05 00:00:00-04:00,98.47665946997097,98.76424828376179,96.800669643072,97.14776611328125,15817100,0.0,0.0
2025-06-06 00:00:00-04:00,97.55436623568777,97.74278570256142,96.16597284570325,96.66182708740234,15599300,0.0,0.0
2025-06-09 00:00:00-04:00,96.59241740159644,97.03868323704928,95.96763615259923,96.64199829101562,13655700,0.0,0.0
2025-06-10 00:00:00-04:00,96.48331148191482,97.27667366501318,95.68003009626403,96.5130615234375,17162500,0.0,0.0
2025-06-11 00:00:00-04:00,96.48332754763092,96.48332754763092,94.55941050337145,95.00568389892578,16389600,0.0,0.0
2025-06-12 00:00:00-04:00,94.10322415217838,94.47015904123403,92.65533057022212,94.0437240600586,17845700,0.0,0.0
2025-06-13 00:00:00-04:00,93.73629046882627,94.52966034926223,93.23052454703085,93.6569595336914,18694700,0.0,0.0
2025-06-16 00:00:00-04:00,93.96438663155965,94.98584524399115,93.31977455041147,93.5082015991211,14881700,0.0,0.0
2025-06-17 00:00:00-04:00,93.17100555764694,94.03379463023859,92.8437475204401,93.46852111816406,14935600,0.0,0.0
2025-06-18 00:00:00-04:00,93.78586675974314,94.6982367076161,93.30984337999402,94.30155181884766,11333700,0.0,0.0
2025-06-20 00:00:00-04:00,94.45031263844682,95.51144039953462,94.41064339167944,95.3230209350586,20604900,0.0,0.0
2025-06-23 00:00:00-04:00,95.12467378753534,97.11800991317212,94.87674667222204,97.05850982666016,20432400,0.0,0.0
2025-06-24 00:00:00-04:00,96.91968098250977,98.28823607269561,96.44365754419444,97.18743896484375,22403700,0.0,0.0
2025-06-25 00:00:00-04:00,97.4948568543204,97.74278397077724,96.344478968351,96.45356750488281,11154700,0.0,0.0
2025-06-26 00:00:00-04:00,96.09654705484208,96.53289361305217,95.12466947774708,95.22383880615234,19361400,0.0,0.0
2025-06-27 00:00:00-04:00,95.52137319234917,96.94943601460074,95.36270374884137,96.46349334716797,31431900,0.0,0.0
2025-06-30 00:00:00-04:00,96.42382600458443,97.32627685405363,95.51144838492445,96.9692611694336,17803000,0.0,0.0
2025-07-01 00:00:00-04:00,96.79074511204333,98.36756551297235,96.6122372848841,97.4254379272461,15635800,0.0,0.0
2025-07-02 00:00:00-04:00,97.31635189741891,97.56427902118644,96.25522411033933,96.80066680908203,12502000,0.0,0.0
2025-07-03 00:00:00-04:00,96.8899176095376,97.66345659657625,96.61224043958624,97.54444885253906,7686200,0.0,0.0
2025-07-07 00:00:00-04:00,97.4155288154629,98.52623748779297,96.81058602808227,98.52623748779297,12930900,0.0,0.0
2025-07-08 00:00:00-04:00,98.00063991744324,98.34773640135258,95.70979555750567,96.28498077392578,16875000,0.0,0.0
2025-07-09 00:00:00-04:00,96.34447851234752,96.4833170916154,95.58085876023907,96.00729370117188,13702600,0.0,0.0
2025-07-10 00:00:00-04:00,95.85854943666388,95.97754961706202,93.95446332280221,94.07347106933594,18894800,0.0,0.0
2025-07-11 00:00:00-04:00,94.22222949031203,94.73791459646478,93.44869804801509,93.6172866821289,14595000,0.0,0.0
2025-07-14 00:00:00-04:00,93.72637336559339,95.04533993316568,93.59744641701211,94.98583984375,13779100,0.0,0.0
2025-07-15 00:00:00-04:00,94.80733319908656,94.98584103570914,94.15280950889414,94.59907531738281,10450800,0.0,0.0
2025-07-16 00:00:00-04:00,94.62881905019655,95.03542314887797,93.82553762204604,94.3610610961914,11181600,0.0,0.0
2025-07-17 00:00:00-04:00,94.29164018207628,94.83707528376482,94.1032131575309,94.30155181884766,11165100,0.0,0.0
2025-07-18 00:00:00-04:00,94.30156353975377,94.68833683982356,93.64703982314863,94.26190185546875,14636300,0.0,0.0
2025-07-21 00:00:00-04:00,94.4701505946565,95.83870555399997,94.31147360834326,94.87674713134766,13450400,0.0,0.0
2025-07-22 00:00:00-04:00,95.04533287231776,95.86845269005129,94.94616354194702,95.05525207519531,9049100,0.0,0.0
2025-07-23 00:00:00-04:00,95.21393860620087,95.49161578554262,94.4999072501017,94.88667297363281,9729700,0.0,0.0
2025-07-24 00:00:00-04:00,94.77757563253792,96.15604976356505,94.5593985644096,95.79903411865234,14991500,0.0,0.0
2025-07-25 00:00:00-04:00,96.0370459005349,96.84033491705942,95.72961869184476,96.66182708740234,12868500,0.0,0.0
2025-07-28 00:00:00-04:00,96.47340118983641,97.31635189741891,96.27506251727654,96.80066680908203,12293100,0.0,0.0
2025-07-29 00:00:00-04:00,96.9692591237833,97.90146756575162,96.53290494820058,97.51470184326172,14034300,0.0,0.0
2025-07-30 00:00:00-04:00,97.792377306015,98.06013527606551,96.48332236837084,96.78083038330078,13864100,0.0,0.0
2025-07-31 00:00:00-04:00,96.63207903903215,97.81220701367482,96.50315209120133,97.1676025390625,15651300,0.0,0.0
2025-08-01 00:00:00-04:00,97.18743530332945,98.01055519370978,96.8601696747008,97.67337036132812,16750400,0.0,0.0
2025-08-04 00:00:00-04:00,97.38577741796423,99.08160571119387,97.38577741796423,98.76425170898438,19050200,0.0,0.0
2025-08-05 00:00:00-04:00,98.84358794379114,99.63695779885714,98.08989490422768,98.486572265625,17977000,0.0,0.0
2025-08-06 00:00:00-04:00,98.63533341765135,102.83026399586876,98.63533341765135,102.50299835205078,23738400,0.0,0.0
2025-08-07 00:00:00-04:00,102.60216139203906,103.03851555698735,101.2633564186533,102.26498413085938,12509500,0.0,0.0
2025-08-08 00:00:00-04:00,102.51291078589333,103.85171575311331,102.29473370442399,102.86992645263672,12394700,0.0,0.0
2025-08-11 00:00:00-04:00,103.03851777694827,103.46495274748013,102.25506713033693,103.06826782226562,12856700,0.0,0.0
2025-08-12 00:00:00-04:00,103.38561502438469,103.44511511546551,102.51291423527786,102.7608413696289,17915300,0.0,0.0
2025-08-13 00:00:00-04:00,101.30301909407504,101.95754273289444,100.01379509008702,100.15263366699219,19398500,0.0,0.0
2025-08-14 00:00:00-04:00,100.38073644668175,100.59891352914588,99.88488219240344,100.01380157470703,10858400,0.0,0.0
2025-08-15 00:00:00-04:00,100.02871397972922,100.16787684653536,98.94523057619459,99.40248107910156,13604900,0.235,0.0
2025-08-18 00:00:00-04:00,99.40247519689066,100.27721424845278,99.32295139661947,100.0982894897461,11656100,0.0,0.0
2025-08-19 00:00:00-04:00,100.35673868641003,101.8179562944983,100.19769866866407,100.68476867675781,16999000,0.0,0.0
2025-08-20 00:00:00-04:00,100.54560941556878,102.03664660635683,100.3269227475107,101.95712280273438,18655000,0.0,0.0
2025-08-21 00:00:00-04:00,98.81601249721024,98.8557668168634,96.37070472912114,97.37467193603516,51825100,0.0,0.0
2025-08-22 00:00:00-04:00,97.48400764294207,98.45815524195002,96.18183763772561,96.25141906738281,32695200,0.0,0.0
2025-08-25 00:00:00-04:00,96.42040743524088,96.99694365032829,95.49596405029297,95.49596405029297,18956100,0.0,0.0
2025-08-26 00:00:00-04:00,95.70470329748909,95.89357042992714,94.8498413916635,95.47608184814453,22270400,0.0,0.0
2025-08-27 00:00:00-04:00,95.32697276788834,95.74446133281614,95.02876231647888,95.50589752197266,12925700,0.0,0.0
2025-08-28 00:00:00-04:00,95.42637749427854,95.99297130729855,95.12816703108608,95.53572082519531,19241600,0.0,0.0
2025-08-29 00:00:00-04:00,95.52578128088187,96.45022464356619,95.22757839267206,96.40052795410156,15600300,0.0,0.0
2025-09-02 00:00:00-04:00,96.64902933568446,97.26531982421875,95.93333030556093,97.26531982421875,15351300,0.0,0.0
2025-09-03 00:00:00-04:00,97.26532187319393,98.8458251953125,96.91741472172352,98.8458251953125,18995900,0.0,0.0
2025-09-04 00:00:00-04:00,99.31301008276813,100.7444004745462,99.05456154077503,100.32691192626953,15640900,0.0,0.0
2025-09-05 00:00:00-04:00,100.4760252713736,100.8736366949465,98.95516859122884,99.90943145751953,13748500,0.0,0.0
2025-09-08 00:00:00-04:00,100.2473904916492,101.74836992728859,99.81995956297598,101.6688461303711,13685700,0.0,0.0
2025-09-09 00:00:00-04:00,101.39052676683805,101.87759678176177,100.94321865286017,101.67879486083984,11819700,0.0,0.0
2025-09-10 00:00:00-04:00,101.34081950650855,101.83783187796531,99.79014333438171,99.81002807617188,17934900,0.0,0.0
2025-09-11 00:00:00-04:00,100.38655922634148,102.16586447164099,99.68080255091103,102.0366439819336,15900800,0.0,0.0
2025-09-12 00:00:00-04:00,101.92729969076177,103.35869777043955,101.74837493080204,102.87162017822266,11641900,0.0,0.0
2025-09-15 00:00:00-04:00,103.0306650415607,103.35869502340309,102.7921012292239,103.07042694091797,10756900,0.0,0.0
2025-09-16 00:00:00-04:00,103.2294787165259,103.58732826770797,102.51377961416176,102.80204772949219,14481900,0.0,0.0
2025-09-17 00:00:00-04:00,103.11019070594264,105.4759668819553,103.11019070594264,103.64695739746094,25382000,0.0,0.0
2025-09-18 00:00:00-04:00,103.15989706525647,104.01475903753878,101.5098197683028,102.98097229003906,14869400,0.0,0.0
2025-09-19 00:00:00-04:00,103.18971171730198,103.31893979450804,101.47998785359044,101.71855926513672,34791600,0.0,0.0
2025-09-22 00:00:00-04:00,101.83783554312089,102.58335412713731,101.3110036238251,102.20562744140625,12861900,0.0,0.0
2025-09-23 00:00:00-04:00,101.79807392725453,102.06645726138338,100.7245254231258,101.90740966796875,13158700,0.0,0.0
2025-09-24 00:00:00-04:00,102.42431040457177,102.85174134731304,101.86765897544154,102.11616516113281,11391800,0.0,0.0
2025-09-25 00:00:00-04:00,102.6032399012866,102.8915080000616,101.96706464323395,102.43425750732422,13366700,0.0,0.0
2025-09-26 00:00:00-04:00,102.26526867539806,102.87162440999337,101.85772245105134,102.5436019897461,11859300,0.0,0.0
2025-09-29 00:00:00-04:00,102.43426127919751,102.69270227343031,101.47005598526134,102.46408081054688,15477200,0.0,0.0
2025-09-30 00:00:00-04:00,102.3845519192673,103.31893763544589,102.10622619542018,102.4441909790039,13873400,0.0,0.0
2025-10-01 00:00:00-04:00,101.94717473983147,102.24538519486353,99.94919047606005,101.35076141357422,16142800,0.0,0.0
2025-10-02 00:00:00-04:00,100.84380948231546,101.52968899770869,99.27325611564885,101.09231567382812,15605400,0.0,0.0
2025-10-03 00:00:00-04:00,100.85375777578867,102.20563214370705,100.59530919797285,101.46011352539062,11867500,0.0,0.0
2025-10-06 00:00:00-04:00,101.27124184177875,102.45413375662827,100.97303895810563,102.08634185791016,13303600,0.0,0.0
2025-10-07 00:00:00-04:00,101.76825362724571,102.63305791075632,100.34679789713913,102.62311553955078,15538900,0.0,0.0
2025-10-08 00:00:00-04:00,102.40443437564389,102.64300579454684,101.53963762949535,102.28515625,13584100,0.0,0.0
2025-10-09 00:00:00-04:00,102.51377775376695,102.83186539528869,99.77027468956979,101.16190338134766,19508000,0.0,0.0
2025-10-10 00:00:00-04:00,101.44022769912243,103.01078102383337,100.91338821679157,101.23147583007812,18519400,0.0,0.0
2025-10-13 00:00:00-04:00,100.76429283004524,101.83783380905545,100.46608236799362,101.50981140136719,10871200,0.0,0.0
2025-10-14 00:00:00-04:00,103.42828257550876,107.27515366447165,102.27521017729275,106.56939697265625,30859500,0.0,0.0
2025-10-15 00:00:00-04:00,106.67874325018362,108.90535672082784,106.65886609068293,108.37852478027344,21416300,0.0,0.0
2025-10-16 00:00:00-04:00,108.5474998535656,108.92523411285312,105.02865890625081,105.83381652832031,16366200,0.0,0.0
2025-10-17 00:00:00-04:00,106.52963703114433,107.5534813716849,105.58531649549035,107.08629608154297,13735600,0.0,0.0
2025-10-20 00:00:00-04:00,107.20556219320682,107.60317358928188,105.97297369080006,106.41034698486328,10581200,0.0,0.0
2025-10-21 00:00:00-04:00,106.68867998694448,106.8377852186507,105.54554998893964,105.58531188964844,10899700,0.0,0.0
2025-10-22 00:00:00-04:00,105.91334590039507,107.12604979088455,105.02866443153405,106.49981689453125,12296500,0.0,0.0
2025-10-23 00:00:00-04:00,106.70855897299913,106.92724563873942,105.14794036653377,106.22148895263672,11408200,0.0,0.0
2025-10-24 00:00:00-04:00,106.43023018025087,106.52963113895748,104.8795539897681,105.53560638427734,10318000,0.0,0.0
2025-10-27 00:00:00-04:00,105.70459330690466,105.72447804978319,103.5276841577603,103.84577178955078,16375900,0.0,0.0
2025-10-28 00:00:00-04:00,103.43820921999968,103.51773301716254,102.43424972009366,102.55352783203125,13323000,0.0,0.0
2025-10-29 00:00:00-04:00,102.29508635988671,103.05053967776902,101.49986355981339,101.84777069091797,11986400,0.0,0.0
2025-10-30 00:00:00-04:00,101.58932877020013,102.75234351833933,101.3507649481388,101.61915588378906,14065100,0.0,0.0
2025-10-31 00:00:00-04:00,101.09232139445147,101.48993284013324,99.58140700142984,100.57543182373047,20237000,0.0,0.0
2025-11-03 00:00:00-05:00,100.21758303871765,101.19173070881288,99.80009443030868,100.98297882080078,14811700,0.0,0.0
2025-11-04 00:00:00-05:00,101.51974979380726,102.00682740470911,100.85375499988925,101.6589126586914,12636400,0.0,0.0
2025-11-05 00:00:00-05:00,101.13208423433149,102.06647000276905,100.24740274099246,100.86370086669922,13356800,0.0,0.0
2025-11-06 00:00:00-05:00,100.7344687283911,101.3209472989443,99.43229867837017,101.07244110107422,14866000,0.0,0.0
2025-11-07 00:00:00-05:00,101.51974689196653,102.35473164121153,101.12214305155258,101.97699737548828,17248700,0.0,0.0
2025-11-10 00:00:00-05:00,101.53963056817334,102.05652010556875,100.99291391763362,101.80801391601562,14507600,0.0,0.0
2025-11-11 00:00:00-05:00,101.88753661283214,103.12012517619459,101.70861185494026,102.8219223022461,13182100,0.0,0.0
2025-11-12 00:00:00-05:00,102.73245613139667,102.98096231825724,102.04658421265025,102.8219223022461,12084400,0.0,0.0
2025-11-13 00:00:00-05:00,102.97102094414583,103.30899330512764,101.41040237890593,101.92729949951172,18088500,0.0,0.0
2025-11-14 00:00:00-05:00,99.60127770414014,101.87759530969846,98.28916532711602,101.86766052246094,23424200,0.0,0.0
2025-11-17 00:00:00-05:00,101.96706218726435,102.70263838970683,101.48992696331345,102.33484649658203,15289400,0.0,0.0
2025-11-18 00:00:00-05:00,102.36467540534484,102.7225173498255,100.77422968681769,100.78417205810547,17604500,0.0,0.0
2025-11-19 00:00:00-05:00,100.97303239668837,101.10225287950234,99.08438392092434,100.00882720947266,22157000,0.0,0.0
2025-11-20 00:00:00-05:00,103.31893689437258,107.26521643985976,102.06646356223699,106.4699935913086,50375900,0.0,0.0
2025-11-21 00:00:00-05:00,107.33479863084554,107.50378102262268,104.09427573817834,104.69068908691406,41420800,0.0,0.0
2025-11-24 00:00:00-05:00,104.73045242289056,105.63501103770798,103.14001427653606,103.43821716308594,42519200,0.0,0.0
2025-11-25 00:00:00-05:00,103.9849305439068,106.77813768714435,103.60720386602709,106.36064910888672,20212900,0.0,0.0
2025-11-26 00:00:00-05:00,106.5594562095306,108.93517489005453,106.52963667874863,108.44810485839844,17783300,0.0,0.0
2025-11-28 00:00:00-05:00,108.64691653927703,110.03854522893779,108.34870605788826,109.84968566894531,9846500,0.0,0.0
2025-12-01 00:00:00-05:00,109.84967689153316,111.09220782502412,109.70057166275286,110.86357879638672,17236800,0.0,0.0
2025-12-02 00:00:00-05:00,110.80394132419111,111.97689084554575,110.12800418334595,111.73832702636719,18711800,0.0,0.0
2025-12-03 00:00:00-05:00,111.82778841324337,114.20350704482902,111.54946268660179,113.72637939453125,24478300,0.0,0.0
2025-12-04 00:00:00-05:00,112.94109711516455,114.20350523638606,112.48384663095018,114.15380096435547,25905100,0.0,0.0
2025-12-05 00:00:00-05:00,114.04446113620267,115.57525255371876,113.99475686595049,114.42218780517578,23956400,0.0,0.0
2025-12-08 00:00:00-05:00,113.8854139473842,114.3029025172968,111.62898112864107,112.8814468383789,22700700,0.0,0.0
2025-12-09 00:00:00-05:00,113.26912180541503,115.02854993093351,112.34467844721226,114.37248992919922,24326700,0.0,0.0
2025-12-10 00:00:00-05:00,114.66075506328801,115.53550170964621,112.31485601246625,112.50372314453125,22859600,0.0,0.0
2025-12-11 00:00:00-05:00,112.46395864762513,115.17764952881979,112.17569056253069,114.8297348022461,21586600,0.0,0.0
2025-12-12 00:00:00-05:00,114.80484269959511,116.48816375599088,114.56578498330971,116.23915100097656,19092400,0.235,0.0
2025-12-15 00:00:00-05:00,116.46825055634037,116.9861937630029,115.18334377916236,116.32880401611328,18713700,0.0,0.0
2025-12-16 00:00:00-05:00,116.11963337733977,116.4184441331518,114.49606530028865,114.9642105102539,19642300,0.0,0.0
2025-12-17 00:00:00-05:00,114.74507978071276,115.93038298119593,114.61559587784929,115.2032699584961,16177800,0.0,0.0
2025-12-18 00:00:00-05:00,114.55583062634328,116.02002685042402,114.15740869609598,114.37654113769531,21476700,0.0,0.0
2025-12-19 00:00:00-05:00,114.68531243006412,114.82475896321472,113.08166969956604,113.90839385986328,50043800,0.0,0.0
2025-12-22 00:00:00-05:00,113.55978539742661,113.86855879947925,111.7768530579851,112.15534973144531,21473900,0.0,0.0
2025-12-23 00:00:00-05:00,111.54775097908545,111.90632995222431,110.26284425854885,110.4620590209961,20319900,0.0,0.0
2025-12-24 00:00:00-05:00,110.46206278523768,111.26886170266053,110.11344643815782,111.16925811767578,9009600,0.0,0.0
2025-12-26 00:00:00-05:00,111.27882652397903,111.52783929095921,110.92024753158627,111.29874420166016,9003800,0.0,0.0
2025-12-29 00:00:00-05:00,111.1493266999186,112.33462981376638,111.12940902372871,112.08561706542969,12979600,0.0,0.0
2025-12-30 00:00:00-05:00,111.44815465664773,112.24499855980663,111.39834906297531,111.47803497314453,11730600,0.0,0.0
2025-12-31 00:00:00-05:00,111.28878301723408,111.8067262002754,110.88039845428912,110.97004699707031,11487400,0.0,0.0
2026-01-02 00:00:00-05:00,110.98997041428227,112.34460046985909,110.68119701607182,112.3147201538086,14306600,0.0,0.0
2026-01-05 00:00:00-05:00,112.37447405538123,113.28088411737933,111.70712170600206,112.26490783691406,19557600,0.0,0.0
2026-01-06 00:00:00-05:00,111.9561321395757,114.33669338377976,111.54774758842194,113.88846588134766,20120800,0.0,0.0
2026-01-07 00:00:00-05:00,113.73906803670604,114.27693649767366,111.6573174600388,112.27487182617188,23306000,0.0,0.0
2026-01-08 00:00:00-05:00,110.85051976674569,113.02191131075173,109.37636090231058,112.62348937988281,24058300,0.0,0.0
2026-01-09 00:00:00-05:00,111.81669567753553,115.00405607413008,111.81669567753553,114.07772827148438,21902900,0.0,0.0
2026-01-12 00:00:00-05:00,117.03599755512734,118.37070230512944,115.95030556588084,117.50414276123047,49182100,0.0,0.0
2026-01-13 00:00:00-05:00,117.42444981576396,120.03410612780056,117.26508561005089,119.88469696044922,31222100,0.0,0.0
2026-01-14 00:00:00-05:00,119.71537291596158,120.76122191334015,118.55995010064876,119.56596374511719,32764000,0.0,0.0
2026-01-15 00:00:00-05:00,119.50620474356865,120.39268954357787,118.26114096835724,118.72927856445312,34559400,0.0,0.0
2026-01-16 00:00:00-05:00,118.2013712294854,120.12374997782183,116.43836428998766,119.22730255126953,415144600,0.0,0.0
2026-01-20 00:00:00-05:00,120.41261014762198,121.1397307536994,117.14556393792557,118.24121856689453,45334000,0.0,0.0
2026-01-21 00:00:00-05:00,117.61370491177271,120.01418389072646,117.08579909313113,118.8886489868164,34811700,0.0,0.0
2026-01-22 00:00:00-05:00,118.81892625508576,119.04801373249136,117.185403201674,117.36469268798828,24547300,0.0,0.0
2026-01-23 00:00:00-05:00,117.70334822747184,118.14161311182713,116.6774168838822,117.26509094238281,20806900,0.0,0.0
2026-01-26 00:00:00-05:00,117.34477241224526,118.380666421838,116.92643279277506,117.17544555664062,19552200,0.0,0.0
2026-01-27 00:00:00-05:00,117.03599659697956,117.1654804957765,115.02397685022356,116.47821044921875,22968600,0.0,0.0
2026-01-28 00:00:00-05:00,116.17939581708815,116.99615738784763,115.4124398393725,116.10967254638672,16342000,0.0,0.0
2026-01-29 00:00:00-05:00,115.99014202925233,117.19537049018723,115.61164536502085,116.94635772705078,16381100,0.0,0.0
2026-01-30 00:00:00-05:00,116.44832800552413,118.93845554717745,116.13954702285811,118.66951751708984,22215400,0.0,0.0
2026-02-02 00:00:00-05:00,119.02810087602128,123.70953778708709,118.57988094171775,123.5700912475586,31210100,0.0,0.0
2026-02-03 00:00:00-05:00,123.16170856030108,127.66385576917413,123.16170856030108,127.20567321777344,32018700,0.0,0.0
2026-02-04 00:00:00-05:00,127.6240212194025,128.89896530076112,126.58811965421592,127.4945297241211,27531800,0.0,0.0
2026-02-05 00:00:00-05:00,128.07224379114265,129.08822010153554,126.06021644662846,126.438720703125,30517800,0.0,0.0
2026-02-06 00:00:00-05:00,126.7873415914411,131.17992285780286,126.54829146247491,130.66197204589844,26593400,0.0,0.0
2026-02-09 00:00:00-05:00,130.90102979422613,131.2695638265917,127.58417790733635,128.51051330566406,27197300,0.0,0.0
2026-02-10 00:00:00-05:00,128.43082877650485,128.8292431293693,125.8908954810274,126.19966888427734,24662000,0.0,0.0
2026-02-11 00:00:00-05:00,126.19965702951212,129.22766054156153,126.12993376438375,128.26148986816406,19232100,0.0,0.0
2026-02-12 00:00:00-05:00,128.86908699895253,133.95890836521818,128.79935613162505,133.1122589111328,33382700,0.0,0.0
2026-02-13 00:00:00-05:00,132.17596397423097,134.118260374443,131.22971856884888,133.36126708984375,24131200,0.0,0.0
2026-02-17 00:00:00-05:00,132.58434284935956,134.15810517758902,127.65389367589613,128.34117126464844,37995900,0.0,0.0
2026-02-18 00:00:00-05:00,127.62402671064055,128.36109476526104,125.27333801050229,126.11998748779297,36485000,0.0,0.0
2026-02-19 00:00:00-05:00,127.9925545127162,129.5862422047388,123.90874690025707,124.37689208984375,42993300,0.0,0.0
2026-02-20 00:00:00-05:00,122.51428087573963,122.99238873015149,120.57198434058695,122.50431823730469,35151000,0.0,0.0
2026-02-23 00:00:00-05:00,123.0322212206814,126.29927501801508,122.47443506957713,125.31317901611328,25662800,0.0,0.0
2026-02-24 00:00:00-05:00,125.40282410088673,127.53436506225285,124.41673572546264,126.24946594238281,20161200,0.0,0.0
2026-02-25 00:00:00-05:00,126.11002246896268,126.89690370051927,124.92471930254288,125.25341796875,17345700,0.0,0.0
2026-02-26 00:00:00-05:00,125.48251763330904,126.82718506321761,123.45057253064576,123.92867279052734,18638300,0.0,0.0
2026-02-27 00:00:00-05:00,125.02432075277177,128.09216731908256,124.65578673870745,127.4447250366211,29205500,0.0,0.0
2026-03-02 00:00:00-05:00,126.9566701232984,128.24157693224024,126.54829313089985,126.59809112548828,17091500,0.0,0.0
2026-03-03 00:00:00-05:00,126.02037403309,127.86306693425331,125.17373217031401,127.40489196777344,16480400,0.0,0.0
2026-03-04 00:00:00-05:00,126.60804230809586,127.66385392874334,125.74147520858752,127.3052749633789,16434100,0.0,0.0
2026-03-05 00:00:00-05:00,124.88487680384983,125.18369515590186,121.16961067594359,122.82305145263672,28604900,0.0,0.0
2026-03-06 00:00:00-05:00,122.01625726564232,123.69958602213366,121.13973505122514,123.31112670898438,21553000,0.0,0.0
2026-03-09 00:00:00-04:00,123.20155666231803,124.01831821839308,122.01625348243766,123.84898376464844,19375900,0.0,0.0
2026-03-10 00:00:00-04:00,123.7194978109023,125.60203365402064,122.86289331517725,124.62590789794922,18793600,0.0,0.0
2026-03-11 00:00:00-04:00,124.81515483391257,124.99444432715642,122.56408492895451,123.0023422241211,18176500,0.0,0.0
2026-03-12 00:00:00-04:00,121.81704946755148,124.89484364052527,121.79712419046949,124.8350830078125,21751600,0.0,0.0
2026-03-13 00:00:00-04:00,124.8948431387138,126.18971257024316,124.47650351287197,126.02037811279297,15194100,0.0,0.0
2026-03-16 00:00:00-04:00,126.25943335245626,126.47856579955872,124.33705452005711,125.49246978759766,20463200,0.0,0.0
2026-03-17 00:00:00-04:00,126.14986704476209,126.68773552385488,124.36693475275074,124.58606719970703,19895000,0.0,0.0
2026-03-18 00:00:00-04:00,123.83902464214266,124.1179177107379,121.34889710216198,121.49830627441406,19734900,0.0,0.0
2026-03-19 00:00:00-04:00,121.91664843204333,122.26526477509258,118.79900382312763,120.61181640625,17927700,0.0,0.0
2026-03-20 00:00:00-04:00,120.40022309052897,121.0689526721321,117.79519396918542,118.79328918457031,57545600,0.248,0.0
2026-03-23 00:00:00-04:00,120.25051817287543,120.89927398864255,118.82324167143548,120.49005889892578,22181500,0.0,0.0
2026-03-24 00:00:00-04:00,120.40022673495365,123.87360154016888,120.26049400975914,121.8175277709961,17269600,0.0,0.0
2026-03-25 00:00:00-04:00,122.57606824271039,123.25477327869513,121.54803141207071,122.82559204101562,16597300,0.0,0.0
2026-03-26 00:00:00-04:00,123.37454971153619,123.56419023849065,121.55801673107064,121.94727325439453,16442500,0.0,0.0
2026-03-27 00:00:00-04:00,121.797559430932,124.03329060905865,121.58796034687597,122.65592193603516,16543300,0.0,0.0
2026-03-30 00:00:00-04:00,123.47435432392255,125.02140490538139,122.90544037352153,123.26475524902344,20428900,0.0,0.0
2026-03-31 00:00:00-04:00,123.19489450352893,124.76190370952608,122.60601435829157,124.04327392578125,21330400,0.0,0.0
2026-04-01 00:00:00-04:00,123.5641913010441,124.99146777045921,122.89546171624545,124.50239562988281,17039700,0.0,0.0
2026-04-02 00:00:00-04:00,124.91161944284859,125.66019086466167,123.91352421376449,125.55039978027344,11898400,0.0,0.0
2026-04-06 00:00:00-04:00,125.57035577652285,126.73813295805967,125.13119906277755,126.54849243164062,10850400,0.0,0.0
2026-04-07 00:00:00-04:00,125.94964029245568,126.11931465504222,121.55801973021642,122.25668334960938,16076000,0.0,0.0
2026-04-08 00:00:00-04:00,122.04708342071828,127.05752573613917,121.09889599882592,127.0176010131836,20194300,0.0,0.0
2026-04-09 00:00:00-04:00,126.84791054304318,129.44296405735184,126.57842819971576,128.884033203125,13853100,0.0,0.0
2026-04-10 00:00:00-04:00,128.47481653280053,128.68440799806444,125.97957851006859,126.52852630615234,13894000,0.0,0.0
2026-04-13 00:00:00-04:00,126.04944284595747,126.05942593004949,123.71389613445722,124.33271789550781,14510600,0.0,0.0
2026-04-14 00:00:00-04:00,122.9154308672155,124.96152154925787,122.31657524356561,124.81181335449219,15320800,0.0,0.0
2026-04-15 00:00:00-04:00,124.39260450328428,124.83176883675557,122.94536948050799,124.5223617553711,17001400,0.0,0.0
2026-04-16 00:00:00-04:00,124.09318034812574,125.70011425915739,123.73386546026387,124.58224487304688,18324500,0.0,0.0
2026-04-17 00:00:00-04:00,124.33272180114233,127.32700747439601,123.13501057778576,127.25714111328125,24763700,0.0,0.0
2026-04-20 00:00:00-04:00,127.62643800392097,129.22338882645656,127.0774825892077,127.67633819580078,18933600,0.0,0.0
2026-04-21 00:00:00-04:00,127.5865165719599,129.52282377758172,127.23718476034317,129.3531494140625,17312400,0.0,0.0
2026-04-22 00:00:00-04:00,129.7523727840388,130.2015125669619,128.5945787256014,129.73240661621094,17624500,0.0,0.0
2026-04-23 00:00:00-04:00,130.32129300569852,132.20769225837955,130.24144356493085,131.77850341796875,16376000,0.0,0.0
2026-04-24 00:00:00-04:00,131.68868776733035,131.86833759939617,129.033750786599,129.6725311279297,16016300,0.0,0.0
2026-04-27 00:00:00-04:00,129.37309399779951,129.5627345211589,127.1573290666003,127.34696197509766,17029500,0.0,0.0
2026-04-28 00:00:00-04:00,129.0936285622354,129.52281741453146,126.53850730580689,127.34696197509766,16341800,0.0,0.0
2026-04-29 00:00:00-04:00,126.43870579994015,127.83604066435157,125.6701758126882,127.76616668701172,16538800,0.0,0.0
2026-04-30 00:00:00-04:00,127.77615492489326,132.17774329103938,127.70628094889952,131.67869567871094,19867700,0.0,0.0
2026-05-01 00:00:00-04:00,131.6687172620817,133.11595225949642,130.73050533514794,131.34933471679688,10480900,0.0,0.0
2026-05-04 00:00:00-04:00,130.1616060398744,131.49905002829192,129.43298553731375,130.08175659179688,10340700,0.0,0.0
2026-05-05 00:00:00-04:00,130.26139760263393,131.47907495130153,130.0518061416393,130.54086303710938,10637300,0.0,0.0
2026-05-06 00:00:00-04:00,130.6107426768886,130.9001835931079,129.28327419067853,129.8322296142578,16371500,0.0,0.0
2026-05-07 00:00:00-04:00,129.6525642347807,130.35124307928913,128.42491136668013,129.95199584960938,14935400,0.0,0.0
2026-05-08 00:00:00-04:00,130.32000732421875,131.41000366210938,130.25,130.42999267578125,15183700,0.248,0.0
2026-05-11 00:00:00-04:00,130.17999267578125,130.60000610351562,126.37999725341797,127.58999633789062,18699200,0.0,0.0
2026-05-12 00:00:00-04:00,128.0800018310547,131.1199951171875,127.72000122070312,130.35000610351562,17935400,0.0,0.0
2026-05-13 00:00:00-04:00,129.19000244140625,132.52999877929688,128.77000427246094,131.47000122070312,13786600,0.0,0.0
2026-05-14 00:00:00-04:00,131.36000061035156,132.77999877929688,130.86000061035156,132.4600067138672,14200400,0.0,0.0
2026-05-15 00:00:00-04:00,133.69000244140625,133.9499969482422,130.7899932861328,131.4499969482422,25323000,0.0,0.0
2026-05-18 00:00:00-04:00,131.52000427246094,133.47000122070312,131.1300048828125,133.33999633789062,17183200,0.0,0.0
2026-05-19 00:00:00-04:00,132.94000244140625,135.16000366210938,132.05999755859375,134.1999969482422,16957100,0.0,0.0
2026-05-20 00:00:00-04:00,132.91000366210938,133.64999389648438,130.3300018310547,130.85000610351562,28471600,0.0,0.0
2026-05-21 00:00:00-04:00,124.41000366210938,125.80000305175781,120.38999938964844,121.33999633789062,53006600,0.0,0.0
2026-05-22 00:00:00-04:00,121.33999633789062,121.94999694824219,118.91000366210938,120.2699966430664,30330600,0.0,0.0
2026-05-26 00:00:00-04:00,120.69000244140625,121.05000305175781,117.91999816894531,118.56999969482422,28796600,0.0,0.0
2026-05-27 00:00:00-04:00,118.33000183105469,119.43000030517578,118.04000091552734,118.54000091552734,22062200,0.0,0.0
2026-05-28 00:00:00-04:00,118.95999908447266,119.16999816894531,117.33000183105469,118.9000015258789,21613100,0.0,0.0
2026-05-29 00:00:00-04:00,118.11000061035156,119.08000183105469,114.70999908447266,115.75,42191000,0.0,0.0
2026-06-01 00:00:00-04:00,114.7300033569336,115.9800033569336,113.55999755859375,114.5999984741211,26176200,0.0,0.0
2026-06-02 00:00:00-04:00,113.87000274658203,114.56999969482422,112.7300033569336,113.05999755859375,27366400,0.0,0.0
2026-06-03 00:00:00-04:00,113.0999984741211,117.29000091552734,112.95999908447266,116.88999938964844,32880600,0.0,0.0
2026-06-04 00:00:00-04:00,119.9000015258789,119.94000244140625,117.29000091552734,117.73999786376953,22870400,0.0,0.0
2026-06-05 00:00:00-04:00,118.3499984741211,120.88999938964844,118.0999984741211,118.87999725341797,36638100,0.0,0.0
2026-06-08 00:00:00-04:00,118.25,120.18000030517578,118.1500015258789,119.83000183105469,19514100,0.0,0.0
2026-06-09 00:00:00-04:00,120.37999725341797,120.5,118.0,118.87999725341797,23959000,0.0,0.0
2026-06-10 00:00:00-04:00,119.70999908447266,120.81999969482422,117.52999877929688,120.58999633789062,22414900,0.0,0.0
2026-06-11 00:00:00-04:00,120.56999969482422,121.86000061035156,119.45999908447266,120.5,22438000,0.0,0.0
2026-06-12 00:00:00-04:00,120.58999633789062,121.61000061035156,119.52999877929688,121.04000091552734,14753500,0.0,0.0
2026-06-15 00:00:00-04:00,119.73999786376953,121.48999786376953,118.58000183105469,120.81999969482422,20722500,0.0,0.0
2026-06-16 00:00:00-04:00,121.13999938964844,122.94000244140625,119.87999725341797,121.02999877929688,23060700,0.0,0.0
2026-06-17 00:00:00-04:00,119.58000183105469,121.01000213623047,117.44999694824219,118.12999725341797,21711100,0.0,0.0
2026-06-18 00:00:00-04:00,118.19999694824219,118.4800033569336,116.80000305175781,117.18000030517578,36526800,0.0,0.0
2026-06-22 00:00:00-04:00,116.95999908447266,118.4000015258789,116.94999694824219,117.18000030517578,17053900,0.0,0.0
2026-06-23 00:00:00-04:00,119.70999908447266,120.25,116.33999633789062,119.41999816894531,23411400,0.0,0.0
2026-06-24 00:00:00-04:00,119.55999755859375,120.4000015258789,118.93000030517578,119.0,20600100,0.0,0.0
2026-06-25 00:00:00-04:00,117.47000122070312,118.58000183105469,115.37999725341797,115.77999877929688,20384700,0.0,0.0
2026-06-26 00:00:00-04:00,117.29000091552734,117.87999725341797,115.08999633789062,115.69000244140625,36636000,0.0,0.0
2026-06-29 00:00:00-04:00,116.47000122070312,116.80000305175781,114.19999694824219,114.5999984741211,20367000,0.0,0.0
2026-06-30 00:00:00-04:00,113.97000122070312,114.61000061035156,112.93000030517578,113.26000213623047,23034000,0.0,0.0
2026-07-01 00:00:00-04:00,110.12999725341797,110.70999908447266,107.25,108.81999969482422,40391400,0.0,0.0
2026-07-02 00:00:00-04:00,109.33000183105469,112.44999694824219,109.16000366210938,111.83999633789062,29512200,0.0,0.0
2026-07-06 00:00:00-04:00,111.4000015258789,112.37000274658203,109.37000274658203,110.6500015258789,29523300,0.0,0.0
2026-07-07 00:00:00-04:00,112.97000122070312,113.5,111.30000305175781,111.54000091552734,19941400,0.0,0.0
2026-07-08 00:00:00-04:00,113.1500015258789,113.86000061035156,111.80999755859375,113.0999984741211,19892000,0.0,0.0
2026-07-09 00:00:00-04:00,111.23999786376953,112.76000213623047,111.04000091552734,112.20999908447266,20464500,0.0,0.0
2026-07-10 00:00:00-04:00,111.94999694824219,114.16000366210938,111.93000030517578,113.9000015258789,12461700,0.0,0.0
2026-07-13 00:00:00-04:00,114.7300033569336,115.54000091552734,114.01000213623047,114.77999877929688,17043400,0.0,0.0
2026-07-14 00:00:00-04:00,115.08000183105469,115.87999725341797,113.5,113.69999694824219,14682000,0.0,0.0
2026-07-15 00:00:00-04:00,113.25,114.7300033569336,112.06999969482422,112.52999877929688,16467900,0.0,0.0
2026-07-16 00:00:00-04:00,113.76000213623047,115.58999633789062,113.55999755859375,114.94999694824219,20777600,0.0,0.0
2026-07-17 00:00:00-04:00,116.95999908447266,118.08999633789062,113.5999984741211,114.23999786376953,28289800,0.0,0.0
2026-07-20 00:00:00-04:00,113.95999908447266,114.4000015258789,112.13999938964844,112.19999694824219,17738900,0.0,0.0
2026-07-21 00:00:00-04:00,111.51000213623047,111.80000305175781,109.88999938964844,110.38999938964844,22717000,0.0,0.0
2026-07-22 00:00:00-04:00,109.52999877929688,110.0,108.72000122070312,109.33000183105469,23494800,0.0,0.0
2026-07-23 00:00:00-04:00,107.51000213623047,108.55999755859375,106.79000091552734,108.4000015258789,21516800,0.0,0.0
2026-07-24 00:00:00-04:00,108.12000274658203,109.5999984741211,108.01000213623047,109.47000122070312,18405900,0.0,0.0
2026-07-27 00:00:00-04:00,109.91999816894531,112.51000213623047,109.88999938964844,111.73999786376953,19008700,0.0,0.0
2026-07-28 00:00:00-04:00,113.95999908447266,116.02999877929688,112.83999633789062,113.0999984741211,24867900,0.0,0.0
2026-07-29 00:00:00-04:00,113.2300033569336,114.69000244140625,112.44999694824219,114.22000122070312,23480000,0.0,0.0
2026-07-30 00:00:00-04:00,111.61000061035156,113.02999877929688,110.44000244140625,111.0999984741211,28747000,0.0,0.0
2026-07-31 00:00:00-04:00,110.5199966430664,111.91000366210938,109.88999938964844,111.19999694824219,22799100,0.0,0.0
2026-08-03 00:00:00-04:00,113.0999984741211,113.29000091552734,110.16000366210938,110.70999908447266,23942500,0.0,0.0
2026-08-04 00:00:00-04:00,109.01000213623047,111.68000030517578,108.55999755859375,111.55000305175781,29620000,0.0,0.0
2026-08-05 00:00:00-04:00,112.44999694824219,113.16000366210938,111.36000061035156,112.33999633789062,21446300,0.0,0.0
2026-08-06 00:00:00-04:00,114.06999969482422,114.55999755859375,111.04000091552734,112.06999969482422,23203100,0.0,0.0
2026-08-07 00:00:00-04:00,110.61000061035156,112.29000091552734,110.5,111.8499984741211,18727446,0.0,0.0
