Date,Open,High,Low,Close,Volume,Dividends,Stock Splits
2021-07-26 00:00:00-04:00,47.56096930190375,48.80075104225575,47.42783865369887,48.659297943115234,18387600,0.0,0.0
2021-07-27 00:00:00-04:00,48.26822700145138,48.26822700145138,47.602573736622844,48.11845779418945,16861400,0.0,0.0
2021-07-28 00:00:00-04:00,48.259903011553384,48.7841062950778,47.943716551354626,48.44295883178711,16855300,0.0,0.0
2021-07-29 00:00:00-04:00,49.091970194999455,49.36655392473559,48.7258617294361,49.03372573852539,18607800,0.0,0.0
2021-07-30 00:00:00-04:00,48.992128090378124,48.992128090378124,47.69410183842504,47.90211868286133,28652800,0.0,0.0
2021-08-02 00:00:00-04:00,47.88547435924035,49.141897809030745,47.7606661637937,47.910438537597656,20873800,0.0,0.0
2021-08-03 00:00:00-04:00,47.9021195903575,48.60105632786805,47.3695969663657,48.42632293701172,18208200,0.0,0.0
2021-08-04 00:00:00-04:00,47.58593823089068,48.160066825826284,47.26975487255413,47.294715881347656,20868300,0.0,0.0
2021-08-05 00:00:00-04:00,47.53600907887206,48.010287219280514,47.28638950614421,47.59425354003906,15180200,0.0,0.0
2021-08-06 00:00:00-04:00,47.977003253652136,48.318150740043784,47.868833609454285,48.14341735839844,14888500,0.0,0.0
2021-08-09 00:00:00-04:00,47.53600907887206,47.86051484082679,47.28638950614421,47.59425354003906,17828200,0.0,0.0
2021-08-10 00:00:00-04:00,47.77731020460704,48.55945561854479,47.677463001965,48.40968322753906,16340200,0.0,0.0
2021-08-11 00:00:00-04:00,48.41799773900526,48.67593975903142,48.02692824461821,48.55112838745117,18278600,0.0,0.0
2021-08-12 00:00:00-04:00,48.48355796767085,48.812975345941325,48.03588530554826,48.441322326660156,19225500,0.87,0.0
2021-08-13 00:00:00-04:00,48.171030338874104,48.204817562382686,47.55442800941384,47.951419830322266,20063000,0.0,0.0
2021-08-16 00:00:00-04:00,47.31792540132519,47.377051433291314,46.68442943986496,47.25035095214844,16959500,0.0,0.0
2021-08-17 00:00:00-04:00,46.878690055236895,47.5544182764727,46.45635951419873,46.92937088012695,16243700,0.0,0.0
2021-08-18 00:00:00-04:00,46.81112400159717,47.14054458916184,45.87355273924616,45.941123962402344,21890500,0.0,0.0
2021-08-19 00:00:00-04:00,45.16404080130757,45.36675770918221,44.00685249885852,44.53899002075195,30923500,0.0,0.0
2021-08-20 00:00:00-04:00,44.15044394175913,44.88529832735659,44.01529827059032,44.54743576049805,16918300,0.0,0.0
2021-08-23 00:00:00-04:00,45.569474194665,46.50704867945027,45.569474194665,46.380348205566406,21632600,0.0,0.0
2021-08-24 00:00:00-04:00,46.70131861476511,47.174326825550516,46.464811287245624,46.76044464111328,17915600,0.0,0.0
2021-08-25 00:00:00-04:00,46.659082594302234,47.10675196553131,46.346555653890874,46.844905853271484,13270300,0.0,0.0
2021-08-26 00:00:00-04:00,46.625303599445736,46.91248856537261,46.1438469245282,46.21141815185547,11842600,0.0,0.0
2021-08-27 00:00:00-04:00,46.79423435857533,47.47840790627829,46.79423435857533,47.10675811767578,15822500,0.0,0.0
2021-08-30 00:00:00-04:00,47.5037463978922,47.58821122742729,46.557723552040365,46.59151077270508,14086100,0.0,0.0
2021-08-31 00:00:00-04:00,46.39724099392275,46.718213159175576,46.00024919011339,46.05093002319336,27104100,0.0,0.0
2021-09-01 00:00:00-04:00,46.02559567442087,46.253651390046514,45.273844410512545,45.41743850708008,21644100,0.0,0.0
2021-09-02 00:00:00-04:00,45.85666167014386,46.99695310943311,45.83976805788653,46.52394485473633,23293300,0.0,0.0
2021-09-03 00:00:00-04:00,46.557730574396764,46.72666348107399,46.118506305886854,46.34656524658203,13840000,0.0,0.0
2021-09-07 00:00:00-04:00,46.177640975330654,46.684439790135976,46.00871125919001,46.0762825012207,14354400,0.0,0.0
2021-09-08 00:00:00-04:00,46.27899288087467,46.60841026863694,45.62015488322301,45.6539421081543,18756700,0.0,0.0
2021-09-09 00:00:00-04:00,45.29073704813211,46.45637051973187,45.02044569560565,45.68772888183594,19110800,0.0,0.0
2021-09-10 00:00:00-04:00,46.61684974875987,46.65063696954898,45.56947168131138,45.594810485839844,15123700,0.0,0.0
2021-09-13 00:00:00-04:00,46.1607364995957,47.24190181928829,46.135394472203224,46.768890380859375,22052300,0.0,0.0
2021-09-14 00:00:00-04:00,47.039183362204696,47.10675780812125,45.958018004555235,46.10161209106445,19940300,0.0,0.0
2021-09-15 00:00:00-04:00,46.768894711808414,47.74870167904478,46.718217096584176,47.65578842163086,23240900,0.0,0.0
2021-09-16 00:00:00-04:00,47.68957331457573,47.68957331457573,46.87869928936741,47.148990631103516,17907200,0.0,0.0
2021-09-17 00:00:00-04:00,46.7435500435696,47.934522183923875,46.540829941708004,46.59151077270508,30000400,0.0,0.0
2021-09-20 00:00:00-04:00,45.42588078605675,45.75529815650907,44.73325882199625,45.34986114501953,27555100,0.0,0.0
2021-09-21 00:00:00-04:00,45.92423481992715,46.042486888552645,44.97821504879598,45.30763244628906,19696800,0.0,0.0
2021-09-22 00:00:00-04:00,45.974916114018065,47.22501448663612,45.92423527462226,46.633750915527344,25690600,0.0,0.0
2021-09-23 00:00:00-04:00,46.81112743665659,48.34841395838572,46.69287537086061,48.2132682800293,23069400,0.0,0.0
2021-09-24 00:00:00-04:00,47.89229870509008,48.83831850532731,47.87540509160564,48.644046783447266,22328600,0.0,0.0
2021-09-27 00:00:00-04:00,49.70831880400897,50.51074772520957,49.68297999477049,50.088417053222656,32972200,0.0,0.0
2021-09-28 00:00:00-04:00,50.59520449151574,51.0851062860858,50.265783934361124,50.61209487915039,37619300,0.0,0.0
2021-09-29 00:00:00-04:00,50.5445285120988,50.84015865597071,49.87724536207145,50.57831573486328,23422800,0.0,0.0
2021-09-30 00:00:00-04:00,50.78103087938227,50.823263295320835,49.67452676000871,49.6829719543457,31289600,0.0,0.0
2021-10-01 00:00:00-04:00,50.18132820028503,51.515894614101654,50.18132820028503,51.465213775634766,24407300,0.0,0.0
2021-10-04 00:00:00-04:00,51.794630075080086,52.428126042947625,51.48210629979436,52.13249588012695,33946700,0.0,0.0
2021-10-05 00:00:00-04:00,52.80822347748497,52.960262765267125,51.54123156071842,52.04802703857422,29641600,0.0,0.0
2021-10-06 00:00:00-04:00,51.0766809076106,51.62570893827873,50.468523608775406,51.09357452392578,25284900,0.0,0.0
2021-10-07 00:00:00-04:00,51.194915869319495,51.59190766456895,50.797924074070046,51.23714828491211,19513600,0.0,0.0
2021-10-08 00:00:00-04:00,51.73550281611528,52.72375495594091,51.73550281611528,52.52103805541992,22186900,0.0,0.0
2021-10-11 00:00:00-04:00,53.239002563323275,53.26434459425292,51.94667176036563,51.997352600097656,22121500,0.0,0.0
2021-10-12 00:00:00-04:00,52.005791123393784,52.352102095146634,51.39763401314415,51.727054595947266,20198600,0.0,0.0
2021-10-13 00:00:00-04:00,51.33850922812516,51.85375310098886,50.85705257823248,51.58346176147461,14991700,0.0,0.0
2021-10-14 00:00:00-04:00,52.124050732978034,52.55482982254527,51.66793283418707,52.36900329589844,18594500,0.0,0.0
2021-10-15 00:00:00-04:00,52.98560359986488,53.272788574205364,52.74065104660711,52.86735153198242,16092600,0.0,0.0
2021-10-18 00:00:00-04:00,53.28967224846704,53.33190466167335,52.59705036107855,52.842002868652344,18282800,0.0,0.0
2021-10-19 00:00:00-04:00,53.10385642235954,53.728907218498115,52.93492351350096,53.63599395751953,18933200,0.0,0.0
2021-10-20 00:00:00-04:00,53.12074373699231,53.94851134791193,52.97715287587062,53.931617736816406,14305200,0.0,0.0
2021-10-21 00:00:00-04:00,53.61065071194886,53.75424157821191,52.66462778948754,52.951812744140625,16564600,0.0,0.0
2021-10-22 00:00:00-04:00,53.01937996167059,53.399478117785506,52.66462060858782,53.31501007080078,14266800,0.0,0.0
2021-10-25 00:00:00-04:00,53.82180867477365,54.4130688929071,53.70355663114696,54.35394287109375,17939800,0.0,0.0
2021-10-26 00:00:00-04:00,54.472200250006644,55.696962885032676,54.36239661138515,55.612491607666016,25585100,0.0,0.0
2021-10-27 00:00:00-04:00,55.038127801547965,55.114144217571834,54.041424089057365,54.168121337890625,21764500,0.0,0.0
2021-10-28 00:00:00-04:00,53.906292869486805,54.45532409460735,53.74580835577401,54.32017517089844,16626400,0.0,0.0
2021-10-29 00:00:00-04:00,54.94521588418424,55.20705880472879,54.33705876423865,54.4553108215332,23966300,0.0,0.0
2021-11-01 00:00:00-04:00,54.96211135598691,55.81522108614877,54.919875712652946,55.43511962890625,19656400,0.0,0.0
2021-11-02 00:00:00-04:00,54.928324147322016,55.28308035212229,54.615803585868896,54.750946044921875,16300000,0.0,0.0
2021-11-03 00:00:00-04:00,54.09211981764217,54.43842765976139,53.77114756571427,53.99920654296875,17372800,0.0,0.0
2021-11-04 00:00:00-04:00,54.632688263523995,54.810066347375084,53.9147275114828,54.404632568359375,17720100,0.0,0.0
2021-11-05 00:00:00-04:00,54.9452137184485,55.1817178237155,54.531325089977706,54.91986846923828,18565100,0.0,0.0
2021-11-08 00:00:00-05:00,55.36755185358262,56.06861584838222,55.22395453219792,55.51114273071289,17696000,0.0,0.0
2021-11-09 00:00:00-05:00,55.55338131258657,56.06018334329637,55.164837814829774,56.051734924316406,18781300,0.0,0.0
2021-11-10 00:00:00-05:00,55.914759988706415,56.1972458010987,54.58794070322216,54.94746780395508,20177200,0.88,0.0
2021-11-11 00:00:00-05:00,54.94746879149954,55.495316511576924,54.801941638619624,55.05018615722656,13319300,0.0,0.0
2021-11-12 00:00:00-05:00,54.75057475262292,55.1015431152322,54.42529225845693,54.630733489990234,18158900,0.0,0.0
2021-11-15 00:00:00-05:00,54.57938319336525,55.443954819255644,54.117138691085245,55.10155487060547,18849200,0.0,0.0
2021-11-16 00:00:00-05:00,55.07586236911643,55.95756107028635,55.07586236911643,55.65795135498047,17028700,0.0,0.0
2021-11-17 00:00:00-05:00,55.11010679752066,55.846278395910886,54.938906834068966,55.05018615722656,15497000,0.0,0.0
2021-11-18 00:00:00-05:00,54.92178700022059,55.23850757156454,54.02297090504195,54.45097732543945,16948200,0.0,0.0
2021-11-19 00:00:00-05:00,52.97864011103124,53.098481399657736,51.71174135701794,51.934303283691406,32035500,0.0,0.0
2021-11-22 00:00:00-05:00,51.63469667808338,53.53504631727306,51.63469667808338,52.653350830078125,21994400,0.0,0.0
2021-11-23 00:00:00-05:00,53.23544205231829,54.254099511885954,53.00431817322555,54.040096282958984,21185900,0.0,0.0
2021-11-24 00:00:00-05:00,53.56928913663121,54.656422651881684,53.56928913663121,54.339698791503906,15869700,0.0,0.0
2021-11-26 00:00:00-05:00,51.80590092447677,52.576310572610716,50.96700867716822,52.430789947509766,24979600,0.0,0.0
2021-11-29 00:00:00-05:00,53.560728363283864,54.04865546845468,52.465032866118534,52.72183609008789,18946400,0.0,0.0
2021-11-30 00:00:00-05:00,51.754543041551976,52.379432113683734,51.06973332314938,51.22381591796875,34979800,0.0,0.0
2021-12-01 00:00:00-05:00,52.13117825414607,53.09847031931286,51.146762276542894,51.18100357055664,30630600,0.0,0.0
2021-12-02 00:00:00-05:00,51.138209360702376,52.713273143478936,50.62459968878378,52.45646667480469,29216000,0.0,0.0
2021-12-03 00:00:00-05:00,53.0043234184911,53.269688624175714,51.66038326906889,52.12263107299805,22014700,0.0,0.0
2021-12-06 00:00:00-05:00,52.83311336949431,53.2097578423972,52.576306905929336,52.71327209472656,19210500,0.0,0.0
2021-12-07 00:00:00-05:00,53.36385284127908,53.95450066107789,53.15840827567091,53.303932189941406,19800400,0.0,0.0
2021-12-08 00:00:00-05:00,53.59496974986528,54.091455548278105,53.36384586829322,53.4580078125,18214400,0.0,0.0
2021-12-09 00:00:00-05:00,53.115594719950124,53.731924994034884,52.91015347220838,53.59496307373047,16910300,0.0,0.0
2021-12-10 00:00:00-05:00,54.15993930886625,54.22841864629948,53.26968506422266,53.937374114990234,17942400,0.0,0.0
2021-12-13 00:00:00-05:00,53.47512779123861,53.68913101977351,52.51639097629257,52.75607681274414,17793700,0.0,0.0
2021-12-14 00:00:00-05:00,52.43935314917219,53.47513132546362,52.405115112070675,52.679039001464844,22551100,0.0,0.0
2021-12-15 00:00:00-05:00,52.37942390032363,52.64478905321979,51.369328499531534,52.447906494140625,19961900,0.0,0.0
2021-12-16 00:00:00-05:00,52.5934327587917,53.458007638762176,52.47359147216533,52.533512115478516,21187800,0.0,0.0
2021-12-17 00:00:00-05:00,52.17398526237405,52.45646781244014,51.095407213754555,51.386451721191406,44338100,0.0,0.0
2021-12-20 00:00:00-05:00,50.32500356122332,50.71876874584218,49.61451122488765,50.641727447509766,21819300,0.0,0.0
2021-12-21 00:00:00-05:00,51.14676677294013,51.942858968883044,51.12108743288708,51.78877639770508,19798900,0.0,0.0
2021-12-22 00:00:00-05:00,51.65181559059218,52.53350778270755,51.33509174985469,52.20822525024414,14058300,0.0,0.0
2021-12-23 00:00:00-05:00,52.36230576365776,52.93583608538271,52.21678514296081,52.23390579223633,13543300,0.0,0.0
2021-12-27 00:00:00-05:00,52.15686985307352,53.03000346310464,51.72030141534282,52.978641510009766,12593700,0.0,0.0
2021-12-28 00:00:00-05:00,52.995754134729545,53.338160572643325,52.559189028547785,52.807430267333984,12781000,0.0,0.0
2021-12-29 00:00:00-05:00,52.62767452433421,52.73039516157431,52.14830610816347,52.345191955566406,12733600,0.0,0.0
2021-12-30 00:00:00-05:00,52.405107421587665,52.73038995161386,52.01990098820943,52.03702163696289,11940300,0.0,0.0
2021-12-31 00:00:00-05:00,51.994233239096495,52.61912236347275,51.959991933956005,52.37943649291992,14072000,0.0,0.0
2022-01-03 00:00:00-05:00,52.422238232587844,54.44242619566941,52.39655562176405,54.39106750488281,24282400,0.0,0.0
2022-01-04 00:00:00-05:00,54.896102043956326,56.65949296636678,54.87042270324206,56.436927795410156,38584000,0.0,0.0
2022-01-05 00:00:00-05:00,56.924859379114736,57.87503424610713,56.90774199423338,57.13886260986328,34033300,0.0,0.0
2022-01-06 00:00:00-05:00,58.20888326412122,58.61977237250554,57.41279092295101,58.48280715942383,30668500,0.0,0.0
2022-01-07 00:00:00-05:00,58.653985488936854,59.218956988011286,58.19174439260483,58.96215057373047,23985400,0.0,0.0
2022-01-10 00:00:00-05:00,59.03920098978118,59.21040092911174,58.166064318961745,58.6111946105957,22760300,0.0,0.0
2022-01-11 00:00:00-05:00,58.97071701595387,61.11931081761571,58.70535515696951,61.076507568359375,32936100,0.0,0.0
2022-01-12 00:00:00-05:00,60.896751403808594,61.4702784249686,60.468744994430764,60.896751403808594,23045100,0.0,0.0
2022-01-13 00:00:00-05:00,60.879644690956546,61.273409872893446,60.18626974525707,60.4601936340332,21043200,0.0,0.0
2022-01-14 00:00:00-05:00,60.47731539210176,61.76133479944634,60.4345121328461,61.52165222167969,23012900,0.0,0.0
2022-01-18 00:00:00-05:00,62.334861262335174,63.24223287769171,61.64149287934463,62.55742645263672,32841200,0.0,0.0
2022-01-19 00:00:00-05:00,63.130950909422566,63.22511285019696,62.1037380493421,62.58310317993164,26431600,0.0,0.0
2022-01-20 00:00:00-05:00,62.06094274621771,63.66168941367837,61.85550145404371,62.720069885253906,26774600,0.0,0.0
2022-01-21 00:00:00-05:00,62.64302487805739,62.64302487805739,60.81115777713182,61.77845001220703,35995200,0.0,0.0
2022-01-24 00:00:00-05:00,60.67418597261547,62.5574180840233,59.758252521852306,62.309173583984375,41507000,0.0,0.0
2022-01-25 00:00:00-05:00,62.13796371351866,64.4063988555918,61.11075100394473,64.14103698730469,39278400,0.0,0.0
2022-01-26 00:00:00-05:00,64.56906441315991,65.05699158884177,62.908397011674396,63.49048614501953,35252400,0.0,0.0
2022-01-27 00:00:00-05:00,64.59471395749124,65.0655235285896,63.33637431369949,64.30367279052734,29174700,0.0,0.0
2022-01-28 00:00:00-05:00,64.17528142924496,64.73169106207817,63.3021447055105,64.44064331054688,30595700,0.0,0.0
2022-01-31 00:00:00-05:00,64.17528469901984,65.41650072477677,63.57607178280013,65.02273559570312,36085500,0.0,0.0
2022-02-01 00:00:00-05:00,65.44220185127095,69.773632774741,65.28811922504693,69.19154357910156,61033100,0.0,0.0
2022-02-02 00:00:00-05:00,68.53239284625856,69.17440254151337,67.7534244787301,69.01176452636719,30299300,0.0,0.0
2022-02-03 00:00:00-05:00,68.55805409656217,68.7463779357423,67.64212076761584,68.20709228515625,28529400,0.0,0.0
2022-02-04 00:00:00-05:00,69.2257634340206,70.64674140804432,69.2257634340206,69.6880111694336,32197500,0.0,0.0
2022-02-07 00:00:00-05:00,69.45688513625103,71.11755222708652,69.02887869270457,70.52690124511719,34949200,0.0,0.0
2022-02-08 00:00:00-05:00,70.42417144981214,70.62105727093352,68.41254263978168,68.7035903930664,34356300,0.0,0.0
2022-02-09 00:00:00-05:00,68.87669552476412,69.26616903667669,68.12370591803787,68.37470245361328,40106100,0.88,0.0
2022-02-10 00:00:00-05:00,68.13236308261355,68.96324475395511,67.32744543174195,67.7169189453125,28527700,0.0,0.0
2022-02-11 00:00:00-05:00,68.04582799114746,69.51718001206292,67.70828244984024,69.4219741821289,42002100,0.0,0.0
2022-02-14 00:00:00-05:00,68.87669923173563,69.10172515580207,66.68697868676465,68.3573989868164,34652800,0.0,0.0
2022-02-15 00:00:00-05:00,66.55714708180868,67.6736461580997,66.14170295445793,67.50054168701172,25075100,0.0,0.0
2022-02-16 00:00:00-05:00,68.19294940980572,69.00652395209612,67.54382247157675,67.81212615966797,21733800,0.0,0.0
2022-02-17 00:00:00-05:00,67.92464284883877,68.47856395110519,67.46592095181965,67.70826721191406,23738800,0.0,0.0
2022-02-18 00:00:00-05:00,66.7821710142705,67.65632371875144,66.54848165913477,66.95526885986328,23394800,0.0,0.0
2022-02-22 00:00:00-05:00,68.95457732821357,69.0584399974613,65.1809861879199,66.17631530761719,35947800,0.0,0.0
2022-02-23 00:00:00-05:00,66.17633738229996,67.05049698110128,65.89071989903888,66.44464111328125,25385000,0.0,0.0
2022-02-24 00:00:00-05:00,68.37469243375462,68.4006564503092,64.07314427095764,65.60508728027344,46199900,0.0,0.0
2022-02-25 00:00:00-05:00,66.37540470868461,67.50055426575663,66.00323828056764,67.3707275390625,28310300,0.0,0.0
2022-02-28 00:00:00-05:00,66.21959723317764,68.31411167022142,65.95128697156991,67.8727035522461,32204600,0.0,0.0
2022-03-01 00:00:00-05:00,68.1756405772002,69.8027897791329,67.79482390285818,68.52184295654297,40002300,0.0,0.0
2022-03-02 00:00:00-05:00,69.75949848361563,71.10102996730934,69.08440760654753,69.69891357421875,44321400,0.0,0.0
2022-03-03 00:00:00-05:00,69.11902666204348,70.77213291925159,68.91995819173606,70.14031982421875,30196600,0.0,0.0
2022-03-04 00:00:00-05:00,70.14897632029987,72.94454554021853,69.8114308925482,72.78009796142578,42802200,0.0,0.0
2022-03-07 00:00:00-05:00,73.49846336041914,75.49777842556975,72.61565380419398,75.40257263183594,55207900,0.0,0.0
2022-03-08 00:00:00-05:00,77.07301563943587,79.20215142172619,73.93989358732371,75.97382354736328,72082300,0.0,0.0
2022-03-09 00:00:00-05:00,72.72818200120946,74.92655938489716,70.62501043123245,71.65496063232422,65466700,0.0,0.0
2022-03-10 00:00:00-05:00,72.71088328976764,74.15627120630884,71.75017476960875,73.87931060791016,44644200,0.0,0.0
2022-03-11 00:00:00-05:00,72.76280583568382,74.632294685939,72.67625689334112,73.49848175048828,35303400,0.0,0.0
2022-03-14 00:00:00-04:00,71.88865648784555,72.22620203295743,69.67297155516007,70.86736297607422,37462600,0.0,0.0
2022-03-15 00:00:00-04:00,68.21890917312024,68.52183373806876,66.0984306152203,66.8341064453125,47957900,0.0,0.0
2022-03-16 00:00:00-04:00,67.3447545273215,68.04581611660956,65.99457259771015,66.58311462402344,37812300,0.0,0.0
2022-03-17 00:00:00-04:00,67.66499425808352,68.50453284561236,66.70428583351557,68.3573989868164,34041900,0.0,0.0
2022-03-18 00:00:00-04:00,68.4266339280736,68.7122513728811,67.59575221857428,68.0890884399414,41461500,0.0,0.0
2022-03-21 00:00:00-04:00,69.34409194441345,71.4212935385053,69.01519662951407,71.14433288574219,33089300,0.0,0.0
2022-03-22 00:00:00-04:00,70.65097078178727,71.14430697117403,69.92395180932694,70.83272552490234,23132200,0.0,0.0
2022-03-23 00:00:00-04:00,72.13097347831982,72.93589104845613,71.8799835701114,71.94921875,27716300,0.0,0.0
2022-03-24 00:00:00-04:00,72.23485306645091,73.26480337134723,71.6203469544596,72.16561126708984,19871600,0.0,0.0
2022-03-25 00:00:00-04:00,71.76746946247015,73.99181073948107,71.65495650876903,73.74081420898438,22398300,0.0,0.0
2022-03-28 00:00:00-04:00,71.98383788302293,72.10500769894266,70.98850873517397,71.67225646972656,21552400,0.0,0.0
2022-03-29 00:00:00-04:00,69.94126945884406,71.39531422539713,69.03249560678677,71.29145812988281,27036300,0.0,0.0
2022-03-30 00:00:00-04:00,71.88863221620943,72.71086351518417,71.58570767585442,72.51179504394531,22079000,0.0,0.0
2022-03-31 00:00:00-04:00,71.7242112322975,73.04842930873498,71.44725063201818,71.48186492919922,27861500,0.0,0.0
2022-04-01 00:00:00-04:00,70.9625675855046,72.82339979143565,70.9625675855046,71.94058990478516,18671100,0.0,0.0
2022-04-04 00:00:00-04:00,72.32140024960987,72.40795579833024,71.01449598567642,71.97520446777344,20869400,0.0,0.0
2022-04-05 00:00:00-04:00,72.26945368723467,73.62829225291217,71.45587928118562,71.60301971435547,21753100,0.0,0.0
2022-04-06 00:00:00-04:00,72.2002311021696,73.30807346256577,71.7847935186517,72.39929962158203,24768200,0.0,0.0
2022-04-07 00:00:00-04:00,72.55507077410377,73.9485302239297,71.585705668885,73.6109848022461,26122000,0.0,0.0
2022-04-08 00:00:00-04:00,73.71486742841765,75.48049382591567,73.71486742841765,75.1602554321289,24866500,0.0,0.0
2022-04-11 00:00:00-04:00,74.24280008050846,74.37262677036716,72.26945552508751,72.57238006591797,21800100,0.0,0.0
2022-04-12 00:00:00-04:00,74.18222668781483,75.14293509733844,73.89660924644063,74.08702087402344,22444200,0.0,0.0
2022-04-13 00:00:00-04:00,74.96119469156746,75.39394607225852,73.73218235518772,75.13429260253906,19306800,0.0,0.0
2022-04-14 00:00:00-04:00,75.01311125415991,76.56236175212072,74.63229458770111,76.01709747314453,24566400,0.0,0.0
2022-04-18 00:00:00-04:00,76.59698101723993,76.93452650702113,75.9478540594667,76.6402587890625,19032300,0.0,0.0
2022-04-19 00:00:00-04:00,76.17289575921173,76.7354738443419,75.53241899607318,75.9565200805664,20382600,0.0,0.0
2022-04-20 00:00:00-04:00,76.1382726595005,76.59698802845983,75.55838744225989,76.1296157836914,20689400,0.0,0.0
2022-04-21 00:00:00-04:00,76.98646301160427,77.72214559387598,75.11698060145227,75.32469940185547,29010900,0.0,0.0
2022-04-22 00:00:00-04:00,75.00446139246749,76.26809444505005,73.56772385121954,73.68023681640625,23591600,0.0,0.0
2022-04-25 00:00:00-04:00,71.29144909713246,71.54244563492604,68.62569959566335,71.19624328613281,37698300,0.0,0.0
2022-04-26 00:00:00-04:00,71.60302168316433,73.3253697359521,71.12699268711907,71.22219848632812,28941500,0.0,0.0
2022-04-27 00:00:00-04:00,72.17425586446694,73.9831595962892,71.2135475223684,73.25613403320312,32773000,0.0,0.0
2022-04-28 00:00:00-04:00,73.46385886303321,76.28539920915496,72.76280386480704,75.4718246459961,33683800,0.0,0.0
2022-04-29 00:00:00-04:00,76.28541349593544,76.28541349593544,73.30808185891567,73.78411102294922,34656500,0.0,0.0
2022-05-02 00:00:00-04:00,73.57636591502225,75.33333485090397,73.24747075439748,74.78807067871094,36335200,0.0,0.0
2022-05-03 00:00:00-04:00,74.65823915517149,76.83930230598331,74.53706934697414,76.32865905761719,33908100,0.0,0.0
2022-05-04 00:00:00-04:00,77.46249661586005,79.52239079673878,76.95185315968997,79.3666000366211,46188400,0.0,0.0
2022-05-05 00:00:00-04:00,79.66085844415633,79.66951531888981,76.50177269902635,78.16353607177734,41013400,0.0,0.0
2022-05-06 00:00:00-04:00,78.74344215052709,79.47046128219108,77.33266845895807,79.35794830322266,29619300,0.0,0.0
2022-05-09 00:00:00-04:00,77.41055531641815,77.51441140321587,72.71952616598227,73.10034942626953,45851600,0.0,0.0
2022-05-10 00:00:00-04:00,74.12165128687009,75.20352967043985,72.28678317116162,73.58503723144531,34483200,0.0,0.0
2022-05-11 00:00:00-04:00,74.80538480486223,76.9777980294229,74.67555810319536,75.1169662475586,33020600,0.0,0.0
2022-05-12 00:00:00-04:00,75.15194309239321,75.52792168007998,72.92230821546926,75.45797729492188,29491500,0.88,0.0
2022-05-13 00:00:00-04:00,76.38480544492081,77.77504766194663,75.50169170710134,77.69635772705078,25798400,0.0,0.0
2022-05-16 00:00:00-04:00,77.80130355784588,80.4244087710168,77.79255800594956,79.5238037109375,26101200,0.0,0.0
2022-05-17 00:00:00-04:00,80.20579030759117,80.83532974827561,79.67242522254932,80.53804779052734,23120700,0.0,0.0
2022-05-18 00:00:00-04:00,80.88779212591041,81.24627956619659,78.54448542850913,79.26146697998047,25451200,0.0,0.0
2022-05-19 00:00:00-04:00,77.8187487223652,80.70416566919418,77.8187487223652,79.68989562988281,24387400,0.0,0.0
2022-05-20 00:00:00-04:00,80.38066351087843,81.83211115682751,79.0428813217948,80.3194580078125,28795000,0.0,0.0
2022-05-23 00:00:00-04:00,81.0189523461727,82.86386292267444,80.92277132031582,82.09442138671875,27239300,0.0,0.0
2022-05-24 00:00:00-04:00,81.15884863696795,82.88135490082654,80.72166457693884,82.54035186767578,24293300,0.0,0.0
2022-05-25 00:00:00-04:00,82.69773829485308,84.40275345851896,82.6015572680925,84.20165252685547,29947800,0.0,0.0
2022-05-26 00:00:00-04:00,84.46397161304779,85.18969886154005,84.1142229788792,84.49894714355469,24314800,0.0,0.0
2022-05-27 00:00:00-04:00,83.89562652256922,85.62687850203869,83.32729252657317,85.32958984375,25588800,0.0,0.0
2022-05-31 00:00:00-04:00,86.17772674714797,87.24445700722572,83.68577873764661,83.93934631347656,44888100,0.0,0.0
2022-06-01 00:00:00-04:00,84.83119041943303,86.3088746482181,84.48144851494594,85.54817199707031,25815400,0.0,0.0
2022-06-02 00:00:00-04:00,85.06730143443455,85.77553769540322,84.63011723958448,85.3995590209961,19089100,0.0,0.0
2022-06-03 00:00:00-04:00,85.60062753895266,87.13951706891248,85.60062753895266,86.64112091064453,21038200,0.0,0.0
2022-06-06 00:00:00-04:00,86.71984268787672,87.24446229998244,86.27391301568171,86.42255401611328,20682100,0.0,0.0
2022-06-07 00:00:00-04:00,87.17451664547693,90.43591333233435,86.99090010339819,90.38345336914062,37810200,0.0,0.0
2022-06-08 00:00:00-04:00,90.48837622887672,92.30706394875656,90.04245318547324,91.45018005371094,31613200,0.0,0.0
2022-06-09 00:00:00-04:00,90.4271794596551,91.43270446643038,89.32548006490451,89.47412109375,26607000,0.0,0.0
2022-06-10 00:00:00-04:00,89.1330952587929,90.36595093554973,87.25320231958227,87.83902740478516,30950500,0.0,0.0
2022-06-13 00:00:00-04:00,85.2683826634043,85.48697471016035,82.12065852429714,83.80818939208984,33421000,0.0,0.0
2022-06-14 00:00:00-04:00,85.17219827175954,86.27389725464647,83.30104443461228,84.02677154541016,31264000,0.0,0.0
2022-06-15 00:00:00-04:00,83.9305917189864,84.43772681599519,81.55230942905477,82.96878814697266,29620800,0.0,0.0
2022-06-16 00:00:00-04:00,80.8003521606386,81.42989153327895,78.93794400335273,79.90849304199219,35696700,0.0,0.0
2022-06-17 00:00:00-04:00,79.53253738787933,79.87354048100445,74.8983895390734,75.30059814453125,64610200,0.0,0.0
2022-06-21 00:00:00-04:00,77.4515437903237,80.90529582559594,77.39907715734728,79.98721313476562,35951500,0.0,0.0
2022-06-22 00:00:00-04:00,76.54219340824476,78.48329188921882,76.53344785834938,76.82199096679688,29727200,0.0,0.0
2022-06-23 00:00:00-04:00,77.52147173827721,77.86247473189087,73.02721398503085,74.50489807128906,35757200,0.0,0.0
2022-06-24 00:00:00-04:00,76.02628885685863,77.29412635809278,75.02950995017683,75.98257446289062,26639000,0.0,0.0
2022-06-27 00:00:00-04:00,76.77826340475143,78.72810727096814,76.65585240015301,77.8449935913086,25478700,0.0,0.0
2022-06-28 00:00:00-04:00,79.67241936035855,81.52607536263308,78.99915222410314,80.00467681884766,33096900,0.0,0.0
2022-06-29 00:00:00-04:00,81.29875379244208,81.49110918252585,76.73455096692622,77.04932403564453,25400900,0.0,0.0
2022-06-30 00:00:00-04:00,75.31807397960668,76.59465071322208,74.03275169639878,74.88088989257812,39948100,0.0,0.0
2022-07-01 00:00:00-04:00,75.84269866234509,76.83947791429014,74.06773221670434,76.55094146728516,26327900,0.0,0.0
2022-07-05 00:00:00-04:00,75.49294116860662,75.80771422918882,72.58130036457051,74.15515899658203,34591100,0.0,0.0
2022-07-06 00:00:00-04:00,73.2370824847556,74.52240480934469,70.83256992868488,72.8173828125,33375700,0.0,0.0
2022-07-07 00:00:00-04:00,74.65354543728213,75.86017767594258,74.58360105967071,75.14319610595703,23817400,0.0,0.0
2022-07-08 00:00:00-04:00,76.02630573998088,76.33233992020723,74.26008506408003,75.26560974121094,17673800,0.0,0.0
2022-07-11 00:00:00-04:00,74.46993578342733,75.30058955132144,73.761699697129,74.88088989257812,15603800,0.0,0.0
2022-07-12 00:00:00-04:00,73.25457848349487,74.3650300113881,72.45016121142957,73.88412475585938,21013000,0.0,0.0
2022-07-13 00:00:00-04:00,72.90481968537624,75.46671883341419,72.8348752977531,74.181396484375,19928600,0.0,0.0
2022-07-14 00:00:00-04:00,71.56704094756867,72.84361781024147,70.55277723199183,72.69497680664062,26343000,0.0,0.0
2022-07-15 00:00:00-04:00,74.14642022365597,74.21636460429625,72.4851194395343,73.91908264160156,17243700,0.0,0.0
2022-07-18 00:00:00-04:00,75.70280363222498,76.89194496934404,74.9770763938111,75.2831039428711,19395800,0.0,0.0
2022-07-19 00:00:00-04:00,75.5628935913936,77.39906536418037,75.41425260755982,77.18047332763672,18248900,0.0,0.0
2022-07-20 00:00:00-04:00,76.57717008675985,78.38711203008016,76.28862697397977,78.02861785888672,16584400,0.0,0.0
2022-07-21 00:00:00-04:00,76.00884067103136,76.7695435344406,74.50492604685738,76.72582244873047,21375700,0.0,0.0
2022-07-22 00:00:00-04:00,76.55093825044298,77.35535538998116,75.74651444000487,76.13998413085938,15479500,0.0,0.0
2022-07-25 00:00:00-04:00,77.08430920908215,78.80680908231672,76.43727189190932,78.6756591796875,17536400,0.0,0.0
2022-07-26 00:00:00-04:00,79.68118136593606,79.81233794608482,77.81877927470613,78.36962890625,15141200,0.0,0.0
2022-07-27 00:00:00-04:00,78.9379517903797,80.44186600476927,78.16851025620564,80.06588745117188,18047000,0.0,0.0
2022-07-28 00:00:00-04:00,80.5992562954495,81.53482994866795,79.57624716145263,81.00146484375,20353100,0.0,0.0
2022-07-29 00:00:00-04:00,82.58406656085889,85.26837643201868,82.27803905194477,84.75250244140625,29825800,0.0,0.0
2022-08-01 00:00:00-04:00,82.8813577780727,83.37100180761563,81.51734559811766,82.61030578613281,20793200,0.0,0.0
2022-08-02 00:00:00-04:00,82.79392647805274,83.23984945423297,82.03322374725717,82.25181579589844,16722500,0.0,0.0
2022-08-03 00:00:00-04:00,82.55785261450946,82.55785261450946,79.38389811281026,79.58499908447266,23580800,0.0,0.0
2022-08-04 00:00:00-04:00,78.96417670395037,78.99040667818733,75.57163106102799,76.23615264892578,31821500,0.0,0.0
2022-08-05 00:00:00-04:00,75.51044877635807,78.42209688789009,75.44049770962377,77.33787536621094,17408000,0.0,0.0
2022-08-08 00:00:00-04:00,77.47776532170346,78.34338795605387,77.13676226359877,77.7750473022461,14458500,0.0,0.0
2022-08-09 00:00:00-04:00,78.73685433402541,80.10086650914808,78.64941218257431,79.2090072631836,19083400,0.0,0.0
2022-08-10 00:00:00-04:00,79.28770744891214,80.2582566699695,77.98490071838195,79.96096801757812,18302000,0.0,0.0
2022-08-11 00:00:00-04:00,81.08220686952028,83.2540577104147,80.72906674370876,82.27407836914062,18797900,0.88,0.0
2022-08-12 00:00:00-04:00,81.64723926586746,83.00684345852116,81.32057726670408,82.98918914794922,15058200,0.0,0.0
2022-08-15 00:00:00-04:00,79.92566199989155,81.86796648063145,79.15757477338663,81.50598907470703,20755200,0.0,0.0
2022-08-16 00:00:00-04:00,81.24995143835484,82.00921481719712,80.59663413646125,80.74671936035156,14038200,0.0,0.0
2022-08-17 00:00:00-04:00,80.57898362178948,82.2917417099008,80.26998260994385,81.4000473022461,13678000,0.0,0.0
2022-08-18 00:00:00-04:00,82.23875789645471,84.14574005299701,82.18578149230373,83.32467651367188,17770400,0.0,0.0
2022-08-19 00:00:00-04:00,83.13046043400925,84.04863287838107,82.81262892029731,83.05982971191406,16128600,0.0,0.0
2022-08-22 00:00:00-04:00,82.47713086569841,83.421794819734,81.09986555514227,82.9980239868164,16019900,0.0,0.0
2022-08-23 00:00:00-04:00,84.3576465846676,86.88263782500574,84.26935480793044,86.52066040039062,23764700,0.0,0.0
2022-08-24 00:00:00-04:00,86.52947516292046,87.37702352661545,85.95561239724863,87.03270721435547,17050300,0.0,0.0
2022-08-25 00:00:00-04:00,87.3328707285391,88.16276471579573,86.60892280424561,87.48295593261719,15305700,0.0,0.0
2022-08-26 00:00:00-04:00,87.20043273340075,88.20690341030989,86.00856824890343,86.4058609008789,15531400,0.0,0.0
2022-08-29 00:00:00-04:00,86.67957590380115,89.66365338976178,86.64426054035752,88.392333984375,23059200,0.0,0.0
2022-08-30 00:00:00-04:00,86.83847591787918,87.06802237076188,84.59600126389672,85.02860260009766,17086800,0.0,0.0
2022-08-31 00:00:00-04:00,83.01569402328633,85.49653950407732,82.62723173976535,84.39295959472656,18340900,0.0,0.0
2022-09-01 00:00:00-04:00,83.35999117260623,83.93385394013663,81.47949386604098,82.87442016601562,16423000,0.0,0.0
2022-09-02 00:00:00-04:00,85.06393806561263,85.45240034913361,83.96918868153752,84.39295959472656,18206800,0.0,0.0
2022-09-06 00:00:00-04:00,84.89618245473808,85.27580740551906,83.43945590256546,83.82791137695312,19201500,0.0,0.0
2022-09-07 00:00:00-04:00,82.27408265210659,83.51008662822218,81.4883343805546,83.11280059814453,16274700,0.0,0.0
2022-09-08 00:00:00-04:00,83.57188659947258,84.24285820611047,82.74199251118536,83.7926025390625,18759200,0.0,0.0
2022-09-09 00:00:00-04:00,85.21399677759749,85.63777429452215,84.15456308885852,85.19634246826172,17158000,0.0,0.0
2022-09-12 00:00:00-04:00,86.2116459244422,87.57125689810485,85.53183706975295,86.17633056640625,16118900,0.0,0.0
2022-09-13 00:00:00-04:00,85.29346320908606,86.32641212894086,83.79259760258157,84.16339874267578,18229100,0.0,0.0
2022-09-14 00:00:00-04:00,84.92267437923027,87.01505735572391,84.88735901757126,86.22930908203125,22655700,0.0,0.0
2022-09-15 00:00:00-04:00,84.94914965725371,85.23166578301789,83.03333696892422,83.72196960449219,21092300,0.0,0.0
2022-09-16 00:00:00-04:00,83.93385218932612,84.17222242603059,81.22346088361665,82.2917251586914,37874700,0.0,0.0
2022-09-19 00:00:00-04:00,80.34942348701074,82.53892158920544,80.34059296442099,82.28289031982422,15342100,0.0,0.0
2022-09-20 00:00:00-04:00,81.86796215437866,82.04453221797134,80.90563712136493,81.61193084716797,14712500,0.0,0.0
2022-09-21 00:00:00-04:00,82.60957653194315,82.88326219107415,80.22584664779991,80.29647064208984,17332400,0.0,0.0
2022-09-22 00:00:00-04:00,81.40002571061453,81.80614891641967,79.9168145114654,79.9609603881836,16139400,0.0,0.0
2022-09-23 00:00:00-04:00,77.25057018046476,77.25057018046476,74.91098013642765,75.70555877685547,27738800,0.0,0.0
2022-09-26 00:00:00-04:00,74.95512385669949,76.1205035838859,74.06342970056205,74.14289093017578,22043400,0.0,0.0
2022-09-27 00:00:00-04:00,75.5819769471743,76.77384183237794,74.87568315223749,75.69674682617188,17307300,0.0,0.0
2022-09-28 00:00:00-04:00,76.03224112754165,78.83974858548095,75.85566430695987,78.45128631591797,19543300,0.0,0.0
2022-09-29 00:00:00-04:00,77.85093410542335,78.8927137117365,76.9239243740785,78.29236602783203,17896000,0.0,0.0
2022-09-30 00:00:00-04:00,77.84211881863614,78.61021293884029,77.08285522460938,77.08285522460938,21357600,0.0,0.0
2022-10-03 00:00:00-04:00,79.49305812552453,81.54130189181326,79.21054197623354,81.15283966064453,23881300,0.0,0.0
2022-10-04 00:00:00-04:00,82.31822295955956,84.18989673440238,81.850306199778,84.11043548583984,22133700,0.0,0.0
2022-10-05 00:00:00-04:00,84.53420708063521,88.27754762828371,84.45475257344205,87.50946044921875,34857700,0.0,0.0
2022-10-06 00:00:00-04:00,86.93559439733698,90.21101809616796,86.81199401139739,90.10507202148438,29124700,0.0,0.0
2022-10-07 00:00:00-04:00,90.21984968081082,91.21748330354758,88.44529163935466,89.19572448730469,24507600,0.0,0.0
2022-10-10 00:00:00-04:00,89.60184317244573,90.0785904220713,87.15631346484446,87.26225280761719,16786100,0.0,0.0
2022-10-11 00:00:00-04:00,85.83202765042874,88.07450271807183,85.41708054834483,86.52066040039062,17804100,0.0,0.0
2022-10-12 00:00:00-04:00,86.07922021278748,87.32406139977773,85.84084995129798,86.90028381347656,12635800,0.0,0.0
2022-10-13 00:00:00-04:00,86.12336104327551,90.44938800642039,85.99093013434508,89.93733215332031,22019100,0.0,0.0
2022-10-14 00:00:00-04:00,89.27518587183333,90.26398897257138,87.43882763372561,87.57125854492188,15222000,0.0,0.0
2022-10-17 00:00:00-04:00,89.23104149775199,90.02562024264392,88.72780941527311,88.83375549316406,14283200,0.0,0.0
2022-10-18 00:00:00-04:00,89.64599312227672,90.3611106612963,87.6065798527964,88.99267578125,14065400,0.0,0.0
2022-10-19 00:00:00-04:00,89.3899637002835,91.80900873318437,89.37230938721848,91.63243865966797,20921700,0.0,0.0
2022-10-20 00:00:00-04:00,92.1003511936452,92.70069884607702,91.29694863955164,91.75603485107422,17649000,0.0,0.0
2022-10-21 00:00:00-04:00,92.21511976592733,93.93670819029063,91.73837924885284,93.4599609375,22814100,0.0,0.0
2022-10-24 00:00:00-04:00,93.28338628279012,95.06676807925201,92.80663905346684,94.11327362060547,17024200,0.0,0.0
2022-10-25 00:00:00-04:00,93.94553115404047,94.7577641553357,92.7624902732708,93.47760772705078,15719800,0.0,0.0
2022-10-26 00:00:00-04:00,93.81310913745739,95.1992050320113,93.58356266379094,94.59002685546875,17383800,0.0,0.0
2022-10-27 00:00:00-04:00,95.71125918822095,96.74420812480334,94.83721925506757,94.95199584960938,18214000,0.0,0.0
2022-10-28 00:00:00-04:00,96.63827531928962,98.18328704250594,95.4552410043708,97.73302459716797,28169400,0.0,0.0
2022-10-31 00:00:00-04:00,96.67356707698274,99.6841352757196,96.62059741483507,97.83011627197266,26401800,0.0,0.0
2022-11-01 00:00:00-04:00,99.20740130385282,99.38397135830547,97.68887458698308,98.80128479003906,22213100,0.0,0.0
2022-11-02 00:00:00-04:00,98.5099334886752,98.96901965001409,96.50582911307464,96.77069091796875,20654200,0.0,0.0
2022-11-03 00:00:00-04:00,95.86135257978124,98.72182939262763,95.62297558287625,98.08616638183594,17103700,0.0,0.0
2022-11-04 00:00:00-04:00,99.76361239984848,100.20504431312216,97.82131467573093,99.15443420410156,17541500,0.0,0.0
2022-11-07 00:00:00-05:00,99.24270243358741,100.63762182949351,98.99549496279337,100.32862091064453,16008000,0.0,0.0
2022-11-08 00:00:00-05:00,100.18738292255378,101.22916243371162,99.41045849921954,100.64646911621094,14661000,0.0,0.0
2022-11-09 00:00:00-05:00,99.85189269380932,100.01080844447026,95.85252082717805,96.14386749267578,19522800,0.0,0.0
2022-11-10 00:00:00-05:00,97.28273383562971,97.73298938301964,94.96962897859069,97.5564193725586,20146700,0.0,0.0
2022-11-11 00:00:00-05:00,99.39279882920134,101.0878955484641,99.31333759213697,100.6023178100586,20518900,0.0,0.0
2022-11-14 00:00:00-05:00,100.23744310491588,102.02628692702693,100.11284769341965,100.89602661132812,20858300,0.91,0.0
2022-11-15 00:00:00-05:00,101.27870242592792,101.92837745298395,100.45102912506623,101.5723876953125,19373800,0.0,0.0
2022-11-16 00:00:00-05:00,100.95832453039966,101.68810056639414,99.55216855203889,100.48664093017578,13591000,0.0,0.0
2022-11-17 00:00:00-05:00,99.04487153481436,100.74471258195243,98.56428638909507,100.6201171875,12425900,0.0,0.0
2022-11-18 00:00:00-05:00,98.69777413028022,100.10392978132839,97.54971085492615,99.74794006347656,15415000,0.0,0.0
2022-11-21 00:00:00-05:00,97.88790390257435,98.96476794842845,95.65408168370804,98.76007843017578,20973000,0.0,0.0
2022-11-22 00:00:00-05:00,99.863638483899,101.87497471192495,99.16946223624618,101.61688232421875,17719100,0.0,0.0
2022-11-23 00:00:00-05:00,99.96154049942723,101.41219075676518,99.7657457968543,101.10960388183594,11546700,0.0,0.0
2022-11-25 00:00:00-05:00,101.34988760028286,101.99956937019375,100.62011170541905,100.75360870361328,7136000,0.0,0.0
2022-11-28 00:00:00-05:00,98.48419532982545,99.19616806461372,97.55862466365474,97.72771453857422,23015500,0.0,0.0
2022-11-29 00:00:00-05:00,98.4397085970378,99.49877642919935,97.70993253191948,98.37741088867188,14453200,0.0,0.0
2022-11-30 00:00:00-05:00,99.26736900661666,99.58775911901624,97.70101810043424,99.08937072753906,23158100,0.0,0.0
2022-12-01 00:00:00-05:00,99.35637527691298,99.73906313004633,98.05701825672418,98.60880279541016,14398300,0.0,0.0
2022-12-02 00:00:00-05:00,97.46072829787423,99.41866182582771,97.18483266452493,97.772216796875,15248400,0.0,0.0
2022-12-05 00:00:00-05:00,98.51979391013917,99.10717807060446,94.28353654107953,95.0934066772461,19287700,0.0,0.0
2022-12-06 00:00:00-05:00,94.24793295695359,95.26249938281241,91.80051263686714,92.45018768310547,21197000,0.0,0.0
2022-12-07 00:00:00-05:00,92.36119244679797,93.3134611777106,91.10633682472624,92.24549865722656,20061700,0.0,0.0
2022-12-08 00:00:00-05:00,94.58612525469007,95.04891401845458,92.29889985168685,92.93077850341797,21128800,0.0,0.0
2022-12-09 00:00:00-05:00,93.08207145053544,94.29243265541153,91.93401473923575,92.1476058959961,21298200,0.0,0.0
2022-12-12 00:00:00-05:00,92.40568561212812,94.55051207652406,92.19208769480758,94.4170150756836,20413200,0.0,0.0
2022-12-13 00:00:00-05:00,95.93888101500453,96.59745768470515,95.24469789890149,95.44939422607422,24305300,0.0,0.0
2022-12-14 00:00:00-05:00,96.10796959142547,96.38386522777827,94.11443638617808,94.7463150024414,17597300,0.0,0.0
2022-12-15 00:00:00-05:00,93.74064939729313,94.48822179676498,92.28999228555507,93.83854675292969,15365100,0.0,0.0
2022-12-16 00:00:00-05:00,92.28108876983592,93.96313330011395,91.78270042720358,93.1799545288086,54596600,0.0,0.0
2022-12-19 00:00:00-05:00,93.67834463010227,94.51491271069357,92.89516584409398,93.5982437133789,13611100,0.0,0.0
2022-12-20 00:00:00-05:00,93.59823684415818,95.68077225691336,93.5092411131722,94.95099639892578,14680000,0.0,0.0
2022-12-21 00:00:00-05:00,96.3749615176912,96.64194874681033,95.36929672045656,96.1702651977539,13565400,0.0,0.0
2022-12-22 00:00:00-05:00,96.01896900789622,96.28596301931495,92.64597816067564,94.2301254272461,13213000,0.0,0.0
2022-12-23 00:00:00-05:00,95.18239312309781,96.77544198419204,95.13789864828226,96.7220458984375,11539400,0.0,0.0
2022-12-27 00:00:00-05:00,97.2471166969151,98.31508584474498,96.85553412032264,98.0658950805664,11962100,0.0,0.0
2022-12-28 00:00:00-05:00,97.81671658026471,97.89681071167583,96.02787295607727,96.4550552368164,10702100,0.0,0.0
2022-12-29 00:00:00-05:00,96.1079731701187,97.64762609632893,96.1079731701187,97.1848373413086,10534000,0.0,0.0
2022-12-30 00:00:00-05:00,96.65976497682652,98.34180986940662,96.65976497682652,98.163818359375,11799600,0.0,0.0
2023-01-03 00:00:00-05:00,97.70103529781942,97.91462648036888,93.88305811129882,94.79083251953125,15146200,0.0,0.0
2023-01-04 00:00:00-05:00,93.26897281413486,95.36930512671613,93.23337315579307,95.06671142578125,18058400,0.0,0.0
2023-01-05 00:00:00-05:00,94.63952140041373,97.85231754282941,94.6128233544007,97.19374084472656,15946600,0.0,0.0
2023-01-06 00:00:00-05:00,97.96800789821037,99.6678489529529,97.60311653429603,98.36849212646484,16348100,0.0,0.0
2023-01-09 00:00:00-05:00,99.3563627136074,99.3563627136074,95.947772126,96.53515625,17964600,0.0,0.0
2023-01-10 00:00:00-05:00,97.70990337489849,98.19048846314465,96.12575630064579,97.97689056396484,15104600,0.0,0.0
2023-01-11 00:00:00-05:00,98.77788788314876,99.18727376356081,97.08694147974909,99.11608123779297,16710400,0.0,0.0
2023-01-12 00:00:00-05:00,99.51656658715386,101.22530944306986,99.44536727067224,100.76252746582031,15357300,0.0,0.0
2023-01-13 00:00:00-05:00,100.6646261732271,101.00281272840137,99.81915639032133,100.70022583007812,12011400,0.0,0.0
2023-01-17 00:00:00-05:00,100.93161411532729,101.52789305424207,100.27303068822692,100.50442504882812,16542200,0.0,0.0
2023-01-18 00:00:00-05:00,100.79812187932625,101.56349751682839,98.25280416204055,98.439697265625,16399700,0.0,0.0
2023-01-19 00:00:00-05:00,97.95910760120151,99.7924456866016,97.52302371281739,99.07157135009766,12928000,0.0,0.0
2023-01-20 00:00:00-05:00,99.10717157779966,100.95831289624998,98.43969332460324,100.87821197509766,16515600,0.0,0.0
2023-01-23 00:00:00-05:00,101.13629851986298,101.98176820893737,100.24632756717855,100.3531265258789,16584400,0.0,0.0
2023-01-24 00:00:00-05:00,97.1492379251671,101.47449075204588,93.33126150834865,101.28759765625,13583000,0.0,0.0
2023-01-25 00:00:00-05:00,100.77141192467352,101.14519808766585,99.13386187404048,100.75360870361328,11914700,0.0,0.0
2023-01-26 00:00:00-05:00,102.09748094115467,104.82079020801444,101.75928759328454,104.80299377441406,21019700,0.0,0.0
2023-01-27 00:00:00-05:00,104.08212258810062,104.72290289825291,102.69376977606463,102.88956451416016,15179200,0.0,0.0
2023-01-30 00:00:00-05:00,102.42677159158632,102.78276139288234,100.70023225870281,101.06511688232422,18672100,0.0,0.0
2023-01-31 00:00:00-05:00,99.76575433447994,103.59263260333397,98.27950429585489,103.24554443359375,27861800,0.0,0.0
2023-02-01 00:00:00-05:00,103.08534446063095,104.46479546210612,100.86931174100732,102.11527252197266,19464900,0.0,0.0
2023-02-02 00:00:00-05:00,102.21316263871104,102.40895733484689,97.74551144027286,98.92027282714844,24562100,0.0,0.0
2023-02-03 00:00:00-05:00,99.58775624091643,101.5545913357865,99.28516257019957,99.60555267333984,20226600,0.0,0.0
2023-02-06 00:00:00-05:00,99.99714935803749,100.6468244328054,98.18160757152626,99.43647003173828,13855200,0.0,0.0
2023-02-07 00:00:00-05:00,100.0238488097203,102.62256272520544,99.69455706682248,102.27547454833984,16013300,0.0,0.0
2023-02-08 00:00:00-05:00,102.39116965573021,103.08534597232118,101.32320034641018,101.385498046875,18459700,0.0,0.0
2023-02-09 00:00:00-05:00,102.00846916824136,103.4502177112918,101.61687979114654,101.76817321777344,17439300,0.0,0.0
2023-02-10 00:00:00-05:00,103.69051920000479,106.4672242697067,103.37903071974203,106.0578384399414,24918600,0.0,0.0
2023-02-13 00:00:00-05:00,105.57356226675455,105.98609829702671,103.94135151994386,105.64530944824219,14536200,0.91,0.0
2023-02-14 00:00:00-05:00,104.93682652139027,105.65427784454045,104.04897050229178,104.40769958496094,12079000,0.0,0.0
2023-02-15 00:00:00-05:00,103.77993326958376,104.11175204046813,102.36295709551733,104.09381866455078,13663400,0.0,0.0
2023-02-16 00:00:00-05:00,103.41221776713122,104.73054306044376,102.95484491033137,103.78888702392578,11360600,0.0,0.0
2023-02-17 00:00:00-05:00,102.40779735616081,102.40779735616081,99.52900824391067,99.79804992675781,20758300,0.0,0.0
2023-02-21 00:00:00-05:00,99.37653874919886,100.78454469583224,99.37653874919886,99.69939422607422,14469400,0.0,0.0
2023-02-22 00:00:00-05:00,99.08060400909376,99.52004357127952,97.43045286030399,98.40798950195312,13973800,0.0,0.0
2023-02-23 00:00:00-05:00,99.3047955842418,100.29129536121243,98.56043398694513,99.31375885009766,11289400,0.0,0.0
2023-02-24 00:00:00-05:00,98.04924933698015,99.51106223776047,97.77123071936603,99.3227310180664,14351000,0.0,0.0
2023-02-27 00:00:00-05:00,99.36756874959684,99.78010475494095,98.61423707387341,99.14336395263672,11710500,0.0,0.0
2023-02-28 00:00:00-05:00,99.76216897484477,99.86978974535776,97.9505971454296,98.56940460205078,18107000,0.0,0.0
2023-03-01 00:00:00-05:00,98.03130435928499,100.31819605141936,97.96852728910262,99.44828033447266,13200000,0.0,0.0
2023-03-02 00:00:00-05:00,99.20615979130004,100.1747194973509,98.80258697510587,99.90567779541016,10339900,0.0,0.0
2023-03-03 00:00:00-05:00,98.6949724188066,101.67241239358803,98.60528500986082,101.1701889038086,13006700,0.0,0.0
2023-03-06 00:00:00-05:00,100.43477549168696,102.09388956394847,100.3271615718306,102.06698608398438,14347400,0.0,0.0
2023-03-07 00:00:00-05:00,101.17016676115452,101.49302220456916,99.69938389323764,100.09398651123047,11525300,0.0,0.0
2023-03-08 00:00:00-05:00,99.75321098356422,100.82042126828415,97.81607806502748,98.63218688964844,13509800,0.0,0.0
2023-03-09 00:00:00-05:00,99.4303510719259,100.65002577919886,97.78020012118517,97.86988067626953,12961200,0.0,0.0
2023-03-10 00:00:00-05:00,98.25550913567021,99.58280455916855,96.0941784265973,96.65917205810547,15795700,0.0,0.0
2023-03-13 00:00:00-04:00,94.47094707377028,96.73093566809017,93.01810410532471,95.54713439941406,20745600,0.0,0.0
2023-03-14 00:00:00-04:00,95.37671876605789,97.76226107764923,94.13014064876951,95.90584564208984,18263500,0.0,0.0
2023-03-15 00:00:00-04:00,92.21096132054807,93.44856950703975,89.87923247944467,91.13478088378906,25733800,0.0,0.0
2023-03-16 00:00:00-04:00,88.88376045924471,91.18858576293086,87.90622387432735,90.60565185546875,27465200,0.0,0.0
2023-03-17 00:00:00-04:00,90.22002148306697,91.12581090464532,88.91066610767633,89.53843688964844,43199500,0.0,0.0
2023-03-20 00:00:00-04:00,89.35009754406575,91.90603782681595,89.23351350719368,91.8791275024414,32042100,0.0,0.0
2023-03-21 00:00:00-04:00,93.42166300065647,96.21077151615142,93.38578940829974,95.99553680419922,31592300,0.0,0.0
2023-03-22 00:00:00-04:00,95.78030120165921,96.12109006259715,93.77142110149057,93.79832458496094,14952700,0.0,0.0
2023-03-23 00:00:00-04:00,94.48887658510102,95.36775561715245,91.87016602116917,92.74008178710938,14385900,0.0,0.0
2023-03-24 00:00:00-04:00,91.00026391571465,93.13469158472232,90.49804725058083,92.84770965576172,13401600,0.0,0.0
2023-03-27 00:00:00-04:00,93.93285833690327,95.49332895775812,93.18850346431296,94.88349151611328,14805900,0.0,0.0
2023-03-28 00:00:00-04:00,94.56061945821246,96.54258908635191,94.33641465626654,96.06727600097656,11047600,0.0,0.0
2023-03-29 00:00:00-04:00,96.91028380986765,97.89679043667451,96.39909712242579,97.71742248535156,14219100,0.0,0.0
2023-03-30 00:00:00-04:00,98.24654757014291,98.26448094384932,97.3228180328535,98.19273376464844,11578200,0.0,0.0
2023-03-31 00:00:00-04:00,98.36314822048578,98.80258779349433,97.7981544837605,98.34521484375,14418000,0.0,0.0
2023-04-03 00:00:00-04:00,101.6903307791115,104.79332445835452,101.44819260034387,104.14761352539062,28087700,0.0,0.0
2023-04-04 00:00:00-04:00,104.26420616337298,104.65880197403405,102.38985040452873,103.15214538574219,16365500,0.0,0.0
2023-04-05 00:00:00-04:00,103.44808617989356,104.92783912574534,102.51539345549116,104.91886901855469,16479500,0.0,0.0
2023-04-06 00:00:00-04:00,104.80229486308167,105.08927674052394,102.9279391305777,103.1790542602539,15778000,0.0,0.0
2023-04-10 00:00:00-04:00,102.93691439581819,104.19246273835229,102.38985409544397,102.7216796875,13006600,0.0,0.0
2023-04-11 00:00:00-04:00,103.09833827526924,104.21039220913875,102.57818147764773,103.4480972290039,11758500,0.0,0.0
2023-04-12 00:00:00-04:00,104.1745190997665,104.56014477817325,103.07142849921539,103.3404769897461,10919000,0.0,0.0
2023-04-13 00:00:00-04:00,102.77548356800557,103.93238120903331,102.35397743032247,103.82476043701172,12399700,0.0,0.0
2023-04-14 00:00:00-04:00,103.94135769527314,104.62294227552411,103.24183973967872,104.07588195800781,11530800,0.0,0.0
2023-04-17 00:00:00-04:00,103.57364606032262,104.48840546330143,102.61404980327616,102.86515808105469,13260400,0.0,0.0
2023-04-18 00:00:00-04:00,102.5871544786043,105.11618451502486,102.5064440295532,104.8740463256836,17436100,0.0,0.0
2023-04-19 00:00:00-04:00,104.10278914421224,104.83818071883373,103.82477050009018,104.54222869873047,10682600,0.0,0.0
2023-04-20 00:00:00-04:00,103.25079593408535,103.74404924959765,101.54684486345252,103.70817565917969,17038700,0.0,0.0
2023-04-21 00:00:00-04:00,104.47047797579083,104.82023695419245,103.36739407227441,104.04000854492188,14315300,0.0,0.0
2023-04-24 00:00:00-04:00,103.95929657232527,106.62285111511649,103.92342297755165,106.00404357910156,15831300,0.0,0.0
2023-04-25 00:00:00-04:00,105.4210973618642,105.59148835340264,103.69919933594065,104.49736785888672,12179800,0.0,0.0
2023-04-26 00:00:00-04:00,104.05794524202355,105.0085715375442,102.84724052104778,103.53778839111328,15566100,0.0,0.0
2023-04-27 00:00:00-04:00,103.69024019493457,104.93681835753299,103.0265890488614,104.775390625,16279200,0.0,0.0
2023-04-28 00:00:00-04:00,105.15206314075247,107.54656903454037,104.77540067610481,106.12959289550781,24381900,0.0,0.0
2023-05-01 00:00:00-04:00,104.02205791562092,105.19689572960837,102.64095551562568,102.8382568359375,17355000,0.0,0.0
2023-05-02 00:00:00-04:00,102.18359692326389,102.18359692326389,98.01338565916181,98.73980712890625,24324100,0.0,0.0
2023-05-03 00:00:00-04:00,97.82503695908908,98.47971112325979,96.64123592531055,96.79369354248047,16212300,0.0,0.0
2023-05-04 00:00:00-04:00,96.76680113460574,97.52909614986824,94.98213269328518,95.09871673583984,17177200,0.0,0.0
2023-05-05 00:00:00-04:00,97.34973218400027,98.13893065967464,96.43497271869411,97.46631622314453,14968200,0.0,0.0
2023-05-08 00:00:00-04:00,99.09852211685315,99.52002823780154,97.78916689908664,97.85194396972656,11187800,0.0,0.0
2023-05-09 00:00:00-04:00,97.16139470408943,98.8563893891364,97.0448106642451,97.87885284423828,11370800,0.0,0.0
2023-05-10 00:00:00-04:00,98.41693704414394,98.65908205965073,95.69957596422046,96.62329864501953,14884800,0.0,0.0
2023-05-11 00:00:00-04:00,95.50229015289833,95.79824217893452,94.10325416391066,94.87451934814453,17165900,0.0,0.0
2023-05-12 00:00:00-04:00,95.3408526604378,95.96863024326872,93.96872029718386,94.86553955078125,12613300,0.0,0.0
2023-05-15 00:00:00-04:00,95.4444821515232,95.82441302943008,94.60320269240944,95.04645538330078,13715600,0.91,0.0
2023-05-16 00:00:00-04:00,94.6484247341602,94.81125323252374,92.28741495866866,92.73971557617188,14795200,0.0,0.0
2023-05-17 00:00:00-04:00,93.52671725278736,95.19118704491618,93.03823177797433,94.82029724121094,14064700,0.0,0.0
2023-05-18 00:00:00-04:00,94.57605695983845,95.80631512756274,94.19611921571818,95.6796646118164,12005600,0.0,0.0
2023-05-19 00:00:00-04:00,96.4033642696264,96.83757594835045,95.72491326644288,96.12294006347656,13359600,0.0,0.0
2023-05-22 00:00:00-04:00,95.74299231733885,96.82851795067934,94.87457595160232,94.95599365234375,12882000,0.0,0.0
2023-05-23 00:00:00-04:00,95.87869813491533,97.89596224481839,95.66159573660262,96.24958801269531,14394400,0.0,0.0
2023-05-24 00:00:00-04:00,97.13608436133777,98.15828823946372,96.54809904211434,97.3260498046875,16340300,0.0,0.0
2023-05-25 00:00:00-04:00,95.83346456856567,96.27671727608002,94.720801925471,95.5801773071289,14316500,0.0,0.0
2023-05-26 00:00:00-04:00,96.31289551784953,96.7471002499379,94.82935003035466,94.95599365234375,12370300,0.0,0.0
2023-05-30 00:00:00-04:00,93.43626463364028,94.18708533308296,92.82113550301588,94.11471557617188,11938000,0.0,0.0
2023-05-31 00:00:00-04:00,92.53168139235336,93.21013246697576,92.03414784367246,92.43217468261719,24926100,0.0,0.0
2023-06-01 00:00:00-04:00,92.04316439174993,95.50778835397567,91.59991177330721,93.49957275390625,13551900,0.0,0.0
2023-06-02 00:00:00-04:00,95.1278720317629,96.00532945865801,94.55796881966207,95.6706314086914,14112000,0.0,0.0
2023-06-05 00:00:00-04:00,96.96421192561886,96.96421192561886,95.06454374548527,95.24546813964844,10628000,0.0,0.0
2023-06-06 00:00:00-04:00,94.21422726127352,96.13197761016683,94.06044669585476,96.02342987060547,12209800,0.0,0.0
2023-06-07 00:00:00-04:00,96.602387053689,98.50204866685512,96.54811317666062,98.1763916015625,16027100,0.0,0.0
2023-06-08 00:00:00-04:00,98.39347604682726,98.72818099770215,95.79727484674659,97.86881256103516,13517100,0.0,0.0
2023-06-09 00:00:00-04:00,98.11306480165655,98.24875638890654,96.93708714913188,97.1451416015625,12251600,0.0,0.0
2023-06-12 00:00:00-04:00,95.71586232694571,96.84661396355195,95.48971199962446,96.26766967773438,14112000,0.0,0.0
2023-06-13 00:00:00-04:00,97.13609484512138,98.00451135197315,96.1410346957013,96.28577423095703,13533800,0.0,0.0
2023-06-14 00:00:00-04:00,97.19940719104868,97.79644736343559,94.43132941395355,95.12787628173828,16627700,0.0,0.0
2023-06-15 00:00:00-04:00,95.43543694189023,96.81947582362251,95.38116307250785,95.7882308959961,16224100,0.0,0.0
2023-06-16 00:00:00-04:00,96.21338579795085,96.5842687073609,94.9469427163964,95.10072326660156,43128900,0.0,0.0
2023-06-20 00:00:00-04:00,94.69367216278374,94.77508297374307,92.37789485246387,92.920654296875,17514100,0.0,0.0
2023-06-21 00:00:00-04:00,92.7216387897887,94.6484371893464,92.5678582159753,93.96094512939453,13285700,0.0,0.0
2023-06-22 00:00:00-04:00,93.0292050397314,93.97903927419968,92.85733546609733,93.44532775878906,12455300,0.0,0.0
2023-06-23 00:00:00-04:00,92.80304172981002,93.0111030602852,91.9255842880983,92.63117218017578,17933600,0.0,0.0
2023-06-26 00:00:00-04:00,92.45024586955627,94.9017213537684,92.45024586955627,94.34086608886719,14283400,0.0,0.0
2023-06-27 00:00:00-04:00,94.12376443075131,94.63033893090441,93.41816964638953,94.57606506347656,13227500,0.0,0.0
2023-06-28 00:00:00-04:00,94.35896687790374,95.7249168816711,93.35485880314532,95.34498596191406,13084100,0.0,0.0
2023-06-29 00:00:00-04:00,95.58017109365022,96.54809415210956,95.10072663531521,96.52095031738281,11364400,0.0,0.0
2023-06-30 00:00:00-04:00,97.08182310441451,97.58839768582428,96.62047445259572,97.01850128173828,13544700,0.0,0.0
2023-07-03 00:00:00-04:00,97.23559488238668,98.11305927541092,96.85566398073507,97.20845794677734,7397000,0.0,0.0
2023-07-05 00:00:00-04:00,97.36223701990089,97.62457222936003,95.9781981126126,96.71092987060547,12491200,0.0,0.0
2023-07-06 00:00:00-04:00,95.06454563005515,95.63444885601704,92.65830980324304,93.1015625,17961400,0.0,0.0
2023-07-07 00:00:00-04:00,92.19695407627682,94.07852625780725,91.8712970871058,93.31866455078125,21929200,0.0,0.0
2023-07-10 00:00:00-04:00,93.14679015677919,94.75697924883441,92.94777678107624,94.70270538330078,14877600,0.0,0.0
2023-07-11 00:00:00-04:00,95.21833722117604,96.03247979244257,94.81126248476258,95.86060333251953,12576500,0.0,0.0
2023-07-12 00:00:00-04:00,96.79234226285597,97.38033450738166,96.00533662157753,96.33099365234375,13238200,0.0,0.0
2023-07-13 00:00:00-04:00,95.8605889463927,96.09578718758611,93.4633944191366,94.56700897216797,26826800,0.0,0.0
2023-07-14 00:00:00-04:00,94.12376585243494,94.12376585243494,90.93956548508007,91.31045532226562,28181900,0.0,0.0
2023-07-17 00:00:00-04:00,91.11143996309441,91.97080839901436,90.65913933333447,91.7084732055664,18051300,0.0,0.0
2023-07-18 00:00:00-04:00,91.29235076904297,92.45023919218679,90.76768042056861,91.29235076904297,24617800,0.0,0.0
2023-07-19 00:00:00-04:00,91.40997561478595,92.63118614296576,91.1838252613615,91.92559814453125,15556500,0.0,0.0
2023-07-20 00:00:00-04:00,92.75781708616742,93.7709730153257,92.5949885779377,93.5448226928711,15740200,0.0,0.0
2023-07-21 00:00:00-04:00,94.22328065508488,94.42228715630804,93.4091380534968,93.97903442382812,17121500,0.0,0.0
2023-07-24 00:00:00-04:00,94.40418031229191,96.0324652075295,94.04233845762141,95.4535140991211,15090900,0.0,0.0
2023-07-25 00:00:00-04:00,95.03740372084279,95.96914189041031,94.56701411443696,95.59825897216797,14116100,0.0,0.0
2023-07-26 00:00:00-04:00,95.08264056810813,95.63444789798719,94.65747686460524,95.06454467773438,15159600,0.0,0.0
2023-07-27 00:00:00-04:00,95.88773036726322,96.78328365240756,94.74793088517791,95.3630599975586,17677900,0.0,0.0
2023-07-28 00:00:00-04:00,95.08263500188693,95.12786782361331,92.55879676417798,94.2232666015625,17566400,0.0,0.0
2023-07-31 00:00:00-04:00,95.15502407898039,97.57030817594907,95.15502407898039,97.00945281982422,24197000,0.0,0.0
2023-08-01 00:00:00-04:00,96.74709867060672,97.0818036098625,95.46256658193805,96.4485855102539,14177400,0.0,0.0
2023-08-02 00:00:00-04:00,96.12293247204997,96.23148020698791,94.59415412378091,95.24546813964844,13484100,0.0,0.0
2023-08-03 00:00:00-04:00,95.78822398268836,97.58837850340377,95.25451256812056,96.90088653564453,16280400,0.0,0.0
2023-08-04 00:00:00-04:00,97.66075726744425,98.81864584791495,97.09086092280769,97.17227172851562,14279600,0.0,0.0
2023-08-07 00:00:00-04:00,97.6064763593845,98.07686597319973,96.3490811726686,96.97325134277344,12410800,0.0,0.0
2023-08-08 00:00:00-04:00,95.92391940067392,97.47078674260132,94.83839373685049,97.45269775390625,14065600,0.0,0.0
2023-08-09 00:00:00-04:00,98.3392139959578,99.88608150876296,97.9773720680451,99.10812377929688,19919600,0.0,0.0
2023-08-10 00:00:00-04:00,99.67802976826626,100.98065108197554,98.99957872307318,99.61470794677734,15837200,0.0,0.0
2023-08-11 00:00:00-04:00,99.84084305375545,101.37866242747624,99.55137092805883,101.16156005859375,14047000,0.0,0.0
2023-08-14 00:00:00-04:00,101.02588617952878,101.29726936432084,100.2117435267137,101.24298858642578,12973400,0.0,0.0
2023-08-15 00:00:00-04:00,101.00585008987957,101.10617248409145,98.47044476300184,98.64373016357422,14909600,0.91,0.0
2023-08-16 00:00:00-04:00,98.75317866118269,99.71079909093883,96.92914504879842,96.9838638305664,13695100,0.0,0.0
2023-08-17 00:00:00-04:00,97.96883045205033,100.45863905908747,97.96883045205033,98.86260986328125,16709500,0.0,0.0
2023-08-18 00:00:00-04:00,98.16947312953025,100.50423356213018,98.15123585783459,100.35831451416016,16224000,0.0,0.0
2023-08-21 00:00:00-04:00,100.65016899355555,101.21562188296137,98.62549069712657,99.14533996582031,11092400,0.0,0.0
2023-08-22 00:00:00-04:00,99.5648775234177,100.06648957255439,98.45221585670458,98.58901977539062,10518800,0.0,0.0
2023-08-23 00:00:00-04:00,97.62225757353285,97.85938383750579,96.41839594140518,97.72257995605469,11435600,0.0,0.0
2023-08-24 00:00:00-04:00,97.05682948627113,98.28805081650914,96.73762498704441,96.99298858642578,10818500,0.0,0.0
2023-08-25 00:00:00-04:00,97.97796135030012,99.34598649791216,97.23922999719304,98.72581481933594,13579300,0.0,0.0
2023-08-28 00:00:00-04:00,98.90821757456396,100.35832788130482,98.89910241656953,99.55575561523438,10382100,0.0,0.0
2023-08-29 00:00:00-04:00,100.01174738298778,100.34006696960807,98.88084174743844,100.14854431152344,9665000,0.0,0.0
2023-08-30 00:00:00-04:00,100.72312230775769,101.36153118745925,100.30359547850597,101.12440490722656,11922100,0.0,0.0
2023-08-31 00:00:00-04:00,101.34329412166579,101.61689494575009,100.88728579005699,101.40713500976562,17479800,0.0,0.0
2023-09-01 00:00:00-04:00,102.32826567681334,103.80573515950758,102.32826567681334,103.5321273803711,14843500,0.0,0.0
2023-09-05 00:00:00-04:00,104.0611013633418,105.63889327475555,103.51389274924593,103.54125213623047,18304000,0.0,0.0
2023-09-06 00:00:00-04:00,103.49565960491289,104.50799175438979,103.26765542676843,104.4350357055664,13325500,0.0,0.0
2023-09-07 00:00:00-04:00,104.56270934201198,105.6571265285833,103.69628935768615,103.9242935180664,13248500,0.0,0.0
2023-09-08 00:00:00-04:00,104.4532755661187,105.83954490013829,104.26175288670854,105.4382553100586,14283200,0.0,0.0
2023-09-11 00:00:00-04:00,105.95810789849708,106.4141162804052,103.57774358828581,104.11583709716797,14383600,0.0,0.0
2023-09-12 00:00:00-04:00,105.19199488291198,107.3169953031605,105.12815399706538,107.15283203125,20145800,0.0,0.0
2023-09-13 00:00:00-04:00,107.07987821102274,107.58148319361662,105.7027311213142,106.19522094726562,13472800,0.0,0.0
2023-09-14 00:00:00-04:00,107.20756613532897,108.21990523150171,107.00692134752748,108.09221649169922,15210700,0.0,0.0
2023-09-15 00:00:00-04:00,107.52678212308415,108.0831129277943,106.2499572113209,106.43235778808594,34568400,0.0,0.0
2023-09-18 00:00:00-04:00,107.18931231966012,107.8368432853936,106.43233685451204,107.28963470458984,14045300,0.0,0.0
2023-09-19 00:00:00-04:00,108.18341451212441,108.384052324698,106.3502591484491,107.00691223144531,12562900,0.0,0.0
2023-09-20 00:00:00-04:00,106.2864265928081,107.63620740640849,106.08578180637515,106.15874481201172,11879900,0.0,0.0
2023-09-21 00:00:00-04:00,106.68771838172393,107.04340434392125,104.51711414682862,104.66304016113281,14400600,0.0,0.0
2023-09-22 00:00:00-04:00,105.52945932198188,106.41411669967086,104.70864283968614,104.82720947265625,13197300,0.0,0.0
2023-09-25 00:00:00-04:00,104.96400240915176,106.38675324346022,104.72688306854658,106.00370788574219,11316000,0.0,0.0
2023-09-26 00:00:00-04:00,105.33792344416327,106.45970698917395,105.21936378417631,106.16786193847656,11805400,0.0,0.0
2023-09-27 00:00:00-04:00,107.51765603286752,109.89802034979188,107.07076976561524,109.6244125366211,23976200,0.0,0.0
2023-09-28 00:00:00-04:00,109.42375621404474,110.08040233012,107.79124564292162,108.95862579345703,16808100,0.0,0.0
2023-09-29 00:00:00-04:00,108.62119435470322,108.69415736520747,106.45971909406619,107.23493194580078,18813600,0.0,0.0
2023-10-02 00:00:00-04:00,107.18933045657671,107.42645676636387,104.47152436352808,105.45649719238281,14395000,0.0,0.0
2023-10-03 00:00:00-04:00,105.28320718086835,106.19522385580134,104.909277004241,105.6388931274414,13297100,0.0,0.0
2023-10-04 00:00:00-04:00,104.01551055059363,104.05198509653303,100.77784838484007,101.68986511230469,19622200,0.0,0.0
2023-10-05 00:00:00-04:00,100.13944941378713,101.14266652210149,99.13622534733665,99.40071105957031,20128800,0.0,0.0
2023-10-06 00:00:00-04:00,96.42753013251134,98.74404646050299,95.86207726549071,97.74082946777344,25367500,0.0,0.0
2023-10-09 00:00:00-04:00,100.72313215756054,102.2097169560314,99.88407145886968,101.16089630126953,22369900,0.0,0.0
2023-10-10 00:00:00-04:00,101.25208799491874,101.64425544271175,100.4312785555643,100.73223876953125,13892000,0.0,0.0
2023-10-11 00:00:00-04:00,97.54930784758155,97.74083052441661,95.60671473270992,97.12065887451172,57939000,0.0,0.0
2023-10-12 00:00:00-04:00,98.12388663945435,98.3518908451876,96.75586140505489,97.10243225097656,31183000,0.0,0.0
2023-10-13 00:00:00-04:00,98.52516323740718,100.50423781147063,98.35187783736473,100.20327758789062,30276500,0.0,0.0
2023-10-16 00:00:00-04:00,100.77784947658674,100.9420127676342,99.52838404149576,100.27623748779297,18452000,0.0,0.0
2023-10-17 00:00:00-04:00,100.07559448657558,101.96346875714056,100.02999086880726,101.58953857421875,19775400,0.0,0.0
2023-10-18 00:00:00-04:00,101.98171451375718,103.41358055830396,101.87226999688905,103.01229095458984,23380300,0.0,0.0
2023-10-19 00:00:00-04:00,102.80252525893196,103.94254615302386,101.53482258135261,103.07612609863281,20972500,0.0,0.0
2023-10-20 00:00:00-04:00,102.98493123492217,103.34973933184466,101.04233803415335,101.30682373046875,22445300,0.0,0.0
2023-10-23 00:00:00-04:00,100.89640088755552,101.19736805619287,99.11797117858004,99.82022094726562,18185000,0.0,0.0
2023-10-24 00:00:00-04:00,100.04822470404903,100.15766920805214,98.60724367108354,98.85348510742188,16786100,0.0,0.0
2023-10-25 00:00:00-04:00,98.97205540660589,99.86583489003245,98.61636942803197,99.03589630126953,22047300,0.0,0.0
2023-10-26 00:00:00-04:00,97.99619170873423,98.8078860157211,97.12977862630764,98.13299560546875,18768300,0.0,0.0
2023-10-27 00:00:00-04:00,99.30949917626616,100.19415649988032,95.72527322110759,96.26336669921875,23092000,0.0,0.0
2023-10-30 00:00:00-04:00,96.4366492662463,97.05682093501882,95.95328150169952,96.5643310546875,19379900,0.0,0.0
2023-10-31 00:00:00-04:00,96.29071536396246,96.81968666777084,95.34221725448575,96.53695678710938,22185200,0.0,0.0
2023-11-01 00:00:00-04:00,97.15714572639996,97.74083590454126,96.18128805749474,96.34545135498047,28984900,0.0,0.0
2023-11-02 00:00:00-04:00,96.56432255832104,99.5831024689174,96.21775872849298,99.51013946533203,25212700,0.0,0.0
2023-11-03 00:00:00-04:00,98.86261013775321,99.20917397344752,97.16625854542164,98.29715728759766,30555600,0.0,0.0
2023-11-06 00:00:00-05:00,98.65285603222252,98.74405632100779,96.46401431069589,96.55522155761719,19097300,0.0,0.0
2023-11-07 00:00:00-05:00,95.27839370506513,95.63407969106562,94.20221363102532,95.04126739501953,20272500,0.0,0.0
2023-11-08 00:00:00-05:00,94.6035023052742,95.67056025274303,93.83740460274107,93.87388610839844,19184100,0.0,0.0
2023-11-09 00:00:00-05:00,94.54876850216763,94.82237629218966,93.81003721049734,93.90123748779297,18380500,0.0,0.0
2023-11-10 00:00:00-05:00,94.78589790692575,95.22366899373122,93.85564391490027,94.62173461914062,17825500,0.0,0.0
2023-11-13 00:00:00-05:00,94.8953423830151,95.88943726669244,94.67645336062576,95.61582946777344,15308400,0.0,0.0
2023-11-14 00:00:00-05:00,95.99317617226411,96.47175841489444,95.59742263591588,95.98397064208984,18260500,0.95,0.0
2023-11-15 00:00:00-05:00,95.68026228685028,96.77548878471919,95.25689913331377,95.40415954589844,20137600,0.0,0.0
2023-11-16 00:00:00-05:00,94.70467984800663,95.04520723963894,93.09405606495129,94.29972076416016,22469100,0.0,0.0
2023-11-17 00:00:00-05:00,94.8519302264973,97.03317746578234,94.5666219837778,96.6006088256836,22984900,0.0,0.0
2023-11-20 00:00:00-05:00,96.98716491087323,97.4473431583524,96.11282904936796,96.17725372314453,17458800,0.0,0.0
2023-11-21 00:00:00-05:00,95.91034515182122,96.3613178478261,94.99919422918533,96.14043426513672,14989000,0.0,0.0
2023-11-22 00:00:00-05:00,94.41016263016168,95.82751235028537,93.8211350869625,95.72627258300781,18072000,0.0,0.0
2023-11-24 00:00:00-05:00,95.73548504976903,97.07000625765535,95.63425228949386,96.24168395996094,9480800,0.0,0.0
2023-11-27 00:00:00-05:00,95.80910905124252,96.08521880650554,94.96238276702132,95.68025970458984,18013500,0.0,0.0
2023-11-28 00:00:00-05:00,95.93796362908242,96.55460784655841,95.60663471340561,95.62504577636719,20629500,0.0,0.0
2023-11-29 00:00:00-05:00,95.96557368790023,96.25088899114475,93.54503850666467,94.18928527832031,26802100,0.0,0.0
2023-11-30 00:00:00-05:00,94.8979532343943,96.15884408694542,93.7014870518706,94.55741882324219,29254700,0.0,0.0
2023-12-01 00:00:00-05:00,94.33654101512656,95.91955531466732,94.07884231925021,94.78751373291016,17845300,0.0,0.0
2023-12-04 00:00:00-05:00,93.99600785299823,95.12804945004895,93.49901449490984,94.2721176147461,21523900,0.0,0.0
2023-12-05 00:00:00-05:00,94.12486768698754,94.18929236900307,92.3025655261118,92.44062042236328,22250300,0.0,0.0
2023-12-06 00:00:00-05:00,92.03563884073849,92.69829656387373,90.50784386553647,91.21652221679688,31154800,0.0,0.0
2023-12-07 00:00:00-05:00,91.90680523605923,92.80875071886115,90.27777021761565,90.58148956298828,29990700,0.0,0.0
2023-12-08 00:00:00-05:00,91.13369564537811,91.84237406782894,90.88520248512096,91.62149047851562,22074900,0.0,0.0
2023-12-11 00:00:00-05:00,91.85158517281117,91.90680431804984,90.72874907453739,91.68592071533203,22252300,0.0,0.0
2023-12-12 00:00:00-05:00,90.82076588766992,90.82076588766992,89.71634106435032,90.2409439086914,26084000,0.0,0.0
2023-12-13 00:00:00-05:00,90.2317529239971,91.14290390119778,89.88201997864809,91.04166412353516,19915400,0.0,0.0
2023-12-14 00:00:00-05:00,91.89758742762017,94.00520447879666,91.77794362047054,93.48980712890625,26165700,0.0,0.0
2023-12-15 00:00:00-05:00,92.57866783100914,92.95601741074687,92.32096910424372,92.86398315429688,55527000,0.0,0.0
2023-12-18 00:00:00-05:00,93.99598921200477,94.89794150264753,93.4345712904156,93.5542221069336,21610400,0.0,0.0
2023-12-19 00:00:00-05:00,93.87636276627228,94.97158924550956,93.68308874436502,94.78751373291016,18904700,0.0,0.0
2023-12-20 00:00:00-05:00,95.25689634532628,95.6618554463188,93.07564894465669,93.20449829101562,20988900,0.0,0.0
2023-12-21 00:00:00-05:00,93.3885739992717,93.88556734560775,92.78113534649562,93.62786865234375,19250900,0.0,0.0
2023-12-22 00:00:00-05:00,94.16166264467638,94.74149168050366,93.71068996707022,93.79352569580078,12927800,0.0,0.0
2023-12-26 00:00:00-05:00,94.55743103767824,94.82433528277275,93.98681446422951,94.00521850585938,16835100,0.0,0.0
2023-12-27 00:00:00-05:00,93.91316367456811,94.38254738354948,93.26891001048823,93.56343078613281,14558800,0.0,0.0
2023-12-28 00:00:00-05:00,93.31494284945951,93.51742239833324,92.15529171975896,92.21051788330078,16329300,0.0,0.0
2023-12-29 00:00:00-05:00,92.37618089113792,92.57865341509435,91.68591354260273,92.01724243164062,17746400,0.0,0.0
2024-01-02 00:00:00-05:00,92.88237183460664,94.8887491891318,92.8179471635708,94.20768737792969,23483000,0.0,0.0
2024-01-03 00:00:00-05:00,94.12485602680418,95.3673429173846,93.5634450226528,94.99919891357422,23490800,0.0,0.0
2024-01-04 00:00:00-05:00,95.79070493391202,96.24167764683322,93.92238238719,94.1708755493164,19395200,0.0,0.0
2024-01-05 00:00:00-05:00,94.95317773624089,95.1648628192927,93.9960061405197,94.45618438720703,15827400,0.0,0.0
2024-01-08 00:00:00-05:00,92.70750704677583,92.99281529546096,91.0232530807857,92.88236999511719,23370100,0.0,0.0
2024-01-09 00:00:00-05:00,93.22290594570975,93.22290594570975,91.29015879920327,91.73192596435547,19496600,0.0,0.0
2024-01-10 00:00:00-05:00,91.85156743367155,91.85156743367155,90.34218356670561,90.82997131347656,18206100,0.0,0.0
2024-01-11 00:00:00-05:00,91.15210362811764,91.57546675240167,90.71032944265117,90.81156921386719,15833400,0.0,0.0
2024-01-12 00:00:00-05:00,92.1645016391428,92.63388543190361,91.2717546884702,91.98963165283203,18041700,0.0,0.0
2024-01-16 00:00:00-05:00,91.86999445844768,92.04486445737024,89.76237702644477,89.90963745117188,20235700,0.0,0.0
2024-01-17 00:00:00-05:00,88.90643983251552,90.15812528123526,88.88803579140043,89.25617980957031,18384000,0.0,0.0
2024-01-18 00:00:00-05:00,89.27458363447634,89.35741235193834,88.18856264547507,89.09051513671875,20940300,0.0,0.0
2024-01-19 00:00:00-05:00,89.01687572361749,89.29297844170193,88.73156747506819,89.22855377197266,20088400,0.0,0.0
2024-01-22 00:00:00-05:00,88.99847954696038,89.36662358773776,88.14254763640247,89.10892486572266,19955900,0.0,0.0
2024-01-23 00:00:00-05:00,89.09971612155628,90.65512095134049,89.02609293346586,90.11211395263672,15863400,0.0,0.0
2024-01-24 00:00:00-05:00,90.4894481943268,91.713523989314,89.95563975446977,91.6675033569336,17330600,0.0,0.0
2024-01-25 00:00:00-05:00,92.3209537304647,94.04202282870885,91.68591255147568,93.99600219726562,22089500,0.0,0.0
2024-01-26 00:00:00-05:00,93.84875631147038,94.87035261959434,93.1308793428996,94.79672241210938,20817200,0.0,0.0
2024-01-29 00:00:00-05:00,94.77831871481735,94.98079125349065,93.74751687157895,94.91636657714844,18317500,0.0,0.0
2024-01-30 00:00:00-05:00,94.25371683148536,96.52699159181934,93.9684015286821,96.49938201904297,19610900,0.0,0.0
2024-01-31 00:00:00-05:00,96.39813737733174,96.52698672496707,94.58503395762524,94.6218490600586,22415300,0.0,0.0
2024-02-01 00:00:00-05:00,95.32130363474735,95.72626266188745,93.52661162221553,94.23528289794922,19240700,0.0,0.0
2024-02-02 00:00:00-05:00,95.48698835471738,95.71707748328296,93.51742597593702,93.8487548828125,21973400,0.0,0.0
2024-02-05 00:00:00-05:00,93.3701703353459,94.22610221822696,92.49583441081468,93.46221160888672,17190900,0.0,0.0
2024-02-06 00:00:00-05:00,93.94079610554975,94.83354311415808,93.4806178142476,94.10646057128906,13347900,0.0,0.0
2024-02-07 00:00:00-05:00,94.10644410285576,94.54821827477218,93.12166301267436,94.0788345336914,13826800,0.0,0.0
2024-02-08 00:00:00-05:00,94.18927525442264,96.10361834613113,93.97759720416168,95.68946075439453,19636900,0.0,0.0
2024-02-09 00:00:00-05:00,95.80912067398528,96.49018259202182,93.60026342920978,93.66468811035156,20410500,0.0,0.0
2024-02-12 00:00:00-05:00,94.02363095127387,95.16487113670935,93.87637052901721,94.95318603515625,18173100,0.0,0.0
2024-02-13 00:00:00-05:00,95.45479986036173,95.76133479438003,93.448350726671,94.1357421875,18917400,0.95,0.0
2024-02-14 00:00:00-05:00,94.62807085650348,95.32475340513292,93.28114701027373,93.6712875366211,17651300,0.0,0.0
2024-02-15 00:00:00-05:00,93.4483421993936,96.55090520552014,93.4483421993936,96.3558349609375,23196300,0.0,0.0
2024-02-16 00:00:00-05:00,96.61592862038103,97.19184827000005,96.16075762933417,96.3558349609375,20151400,0.0,0.0
2024-02-20 00:00:00-05:00,96.45801174088886,96.71811249598899,95.35261365155228,95.44550323486328,17650000,0.0,0.0
2024-02-21 00:00:00-05:00,95.69631025343811,97.51698018841117,95.66844408585547,97.3962173461914,20991300,0.0,0.0
2024-02-22 00:00:00-05:00,96.75526226771814,97.91639968690434,96.09572997704242,97.31260681152344,20470700,0.0,0.0
2024-02-23 00:00:00-05:00,96.49516506171531,96.6902353048302,95.56625509239453,96.4580078125,15975900,0.0,0.0
2024-02-26 00:00:00-05:00,96.34654602301207,97.47981735327832,95.72417802590546,96.8388671875,13360800,0.0,0.0
2024-02-27 00:00:00-05:00,97.23829146629733,97.67488026602038,96.46729452580854,96.6344985961914,16360000,0.0,0.0
2024-02-28 00:00:00-05:00,97.04321515606583,97.93496777993431,96.60662638367795,96.90387725830078,14810500,0.0,0.0
2024-02-29 00:00:00-05:00,97.23829727292836,97.60057159922124,96.81099953132704,97.08966827392578,17566100,0.0,0.0
2024-03-01 00:00:00-05:00,98.2043693776488,98.82673739605333,97.88853628260908,98.31583404541016,18460100,0.0,0.0
2024-03-04 00:00:00-05:00,98.14863349705556,98.32512157697379,96.63450566914837,96.94104766845703,18138000,0.0,0.0
2024-03-05 00:00:00-05:00,97.09896000455221,98.71526140085173,96.9038897573282,98.13005065917969,19952700,0.0,0.0
2024-03-06 00:00:00-05:00,99.0403871865825,99.92284885565232,98.60379835074048,99.17971801757812,20472800,0.0,0.0
2024-03-07 00:00:00-05:00,99.02179594056732,100.30369616438412,99.02179594056732,99.737060546875,15195400,0.0,0.0
2024-03-08 00:00:00-05:00,99.60702162925065,100.69384461975636,99.17971679605719,100.67526245117188,16281500,0.0,0.0
2024-03-11 00:00:00-04:00,100.55451016059449,101.36266443330514,99.70919863645818,101.26976776123047,17577300,0.0,0.0
2024-03-12 00:00:00-04:00,101.30691345009384,101.51127476609985,100.35013736790229,100.61952209472656,14957200,0.0,0.0
2024-03-13 00:00:00-04:00,101.3812330656778,102.50521327346782,101.35336690063666,101.7435073852539,17122200,0.0,0.0
2024-03-14 00:00:00-04:00,102.02217399351406,103.61990012373447,101.89212717705612,103.54558563232422,22121000,0.0,0.0
2024-03-15 00:00:00-04:00,102.96966178599143,104.31658540351633,102.96966178599143,103.35980224609375,38264400,0.0,0.0
2024-03-18 00:00:00-04:00,103.84285089527455,104.8367843227515,103.20190072036162,104.31659698486328,16770500,0.0,0.0
2024-03-19 00:00:00-04:00,104.24228311970053,105.42199572162103,104.09365411538434,105.05043029785156,14878800,0.0,0.0
2024-03-20 00:00:00-04:00,104.70673221818662,105.33839127683865,104.15867165447852,104.95753479003906,16119700,0.0,0.0
2024-03-21 00:00:00-04:00,104.89251104687291,105.81213701049371,104.56739397807692,105.42198944091797,14878000,0.0,0.0
2024-03-22 00:00:00-04:00,105.41270544396706,105.60777568524465,104.79962146821985,105.42198944091797,14701900,0.0,0.0
2024-03-25 00:00:00-04:00,105.737821103503,107.54919266766788,105.737821103503,106.49952697753906,14011700,0.0,0.0
2024-03-26 00:00:00-04:00,106.50881488773962,106.80606577882283,105.34767748709892,105.7006607055664,13152300,0.0,0.0
2024-03-27 00:00:00-04:00,105.41269447560558,106.88036667445958,105.34767106861217,106.79676818847656,12415700,0.0,0.0
2024-03-28 00:00:00-04:00,107.31696101885777,108.17155643716757,106.88037222621553,107.97648620605469,18482100,0.0,0.0
2024-04-01 00:00:00-04:00,108.13441720907666,108.90540712798384,107.17763394972081,108.67317962646484,13817000,0.0,0.0
2024-04-02 00:00:00-04:00,109.53705125995738,111.09762014057365,108.98899783297105,110.80036926269531,19919600,0.0,0.0
2024-04-03 00:00:00-04:00,110.98615853410365,111.23696109008888,110.28947610556448,110.81895446777344,16504300,0.0,0.0
2024-04-04 00:00:00-04:00,110.58673085887656,111.35772072061991,110.20587438285337,111.20909881591797,18467400,0.0,0.0
2024-04-05 00:00:00-04:00,111.45062927614278,113.46636235407536,111.13479617854247,112.74181365966797,21720600,0.0,0.0
2024-04-08 00:00:00-04:00,112.47241603870346,113.08549290732601,111.66426184817972,111.98009490966797,17513900,0.0,0.0
2024-04-09 00:00:00-04:00,112.39811116137352,113.00190408501649,111.7850271532687,112.56531524658203,14132300,0.0,0.0
2024-04-10 00:00:00-04:00,112.60246670081666,113.76360415304086,112.14730280391055,113.5127944946289,17409200,0.0,0.0
2024-04-11 00:00:00-04:00,113.96797080046274,113.96797080046274,111.7850266187289,113.13195037841797,17555900,0.0,0.0
2024-04-12 00:00:00-04:00,114.20947908830615,114.9526099063474,111.16265549097437,111.81289672851562,21556200,0.0,0.0
2024-04-15 00:00:00-04:00,112.4817107347368,113.03906241543548,110.95829887140802,111.17195129394531,15029500,0.0,0.0
2024-04-16 00:00:00-04:00,111.06045873552866,111.67354263464026,109.53704715757944,110.25231170654297,18082200,0.0,0.0
2024-04-17 00:00:00-04:00,110.12227919781411,110.86540291768445,108.79393766423546,110.19658660888672,14538600,0.0,0.0
2024-04-18 00:00:00-04:00,110.54028603020615,111.20910234011053,109.58350989848985,110.09440612792969,13821400,0.0,0.0
2024-04-19 00:00:00-04:00,110.68891022750051,112.33307767887878,110.49383290638586,111.35771942138672,21572400,0.0,0.0
2024-04-22 00:00:00-04:00,110.78180876247804,112.92758859808129,110.01081176035343,111.98938751220703,16340700,0.0,0.0
2024-04-23 00:00:00-04:00,111.46921098330246,112.45385341247473,110.9583075981537,112.42598724365234,13929800,0.0,0.0
2024-04-24 00:00:00-04:00,111.74786711491032,112.63961979488266,110.90255567910155,112.44454956054688,12101200,0.0,0.0
2024-04-25 00:00:00-04:00,112.42596743634219,113.10407480197719,110.91184680523926,112.70464324951172,16041000,0.0,0.0
2024-04-26 00:00:00-04:00,110.54028596518019,110.63317554438547,107.95791739336231,109.57421875,27289500,0.0,0.0
2024-04-29 00:00:00-04:00,109.38844782618646,111.51565265911684,109.38844782618646,111.13479614257812,17309900,0.0,0.0
2024-04-30 00:00:00-04:00,110.64247070269032,111.65497920124726,109.59280495367888,109.8621826171875,21083300,0.0,0.0
2024-05-01 00:00:00-04:00,109.8714651853538,110.04796033957723,107.43772570890185,107.78141784667969,27777700,0.0,0.0
2024-05-02 00:00:00-04:00,107.99506837302937,108.92397828519748,107.66066023768724,107.97648620605469,25513600,0.0,0.0
2024-05-03 00:00:00-04:00,107.75354766845703,107.81857107753478,106.0164836159228,107.75354766845703,28023300,0.0,0.0
2024-05-06 00:00:00-04:00,108.3759342131157,109.92721230117704,108.12513161702451,108.45024871826172,31401300,0.0,0.0
2024-05-07 00:00:00-04:00,108.94255912988814,109.22123495309287,107.68853209950792,107.91146850585938,30122000,0.0,0.0
2024-05-08 00:00:00-04:00,107.48417588929097,108.63602231178078,107.20550713984488,107.89289855957031,18957200,0.0,0.0
2024-05-09 00:00:00-04:00,107.93933993705548,110.10370195341763,107.9300559396441,110.02010345458984,17564000,0.0,0.0
2024-05-10 00:00:00-04:00,110.11298823121945,110.22445997847814,109.22123551421173,109.57421875,13648100,0.0,0.0
2024-05-13 00:00:00-04:00,110.00150994799867,110.57743664408449,108.79393131603963,109.52777099609375,15060600,0.0,0.0
2024-05-14 00:00:00-04:00,109.36857964772379,110.25820903452438,109.07828088574175,110.19265747070312,15079100,0.95,0.0
2024-05-15 00:00:00-04:00,110.13646787242496,111.28830346656066,108.70369293384505,111.04483032226562,18244300,0.0,0.0
2024-05-16 00:00:00-04:00,111.00736692853305,111.71907466728297,110.07091200976146,110.37994384765625,15745200,0.0,0.0
2024-05-17 00:00:00-04:00,110.7826368597576,112.21541196364801,110.46423842301243,112.03748321533203,15104500,0.0,0.0
2024-05-20 00:00:00-04:00,112.12175169646221,112.27158076978976,111.01673459540818,111.12910461425781,11551300,0.0,0.0
2024-05-21 00:00:00-04:00,110.8762744259419,111.85954789803293,110.29566974867049,110.36122131347656,14495000,0.0,0.0
2024-05-22 00:00:00-04:00,109.99600741024943,109.99600741024943,107.65486982580367,108.14183044433594,17879300,0.0,0.0
2024-05-23 00:00:00-04:00,108.25419214019797,110.04282454638921,106.15653502653957,106.29700469970703,15979800,0.0,0.0
2024-05-24 00:00:00-04:00,107.5424794185877,107.76723374314378,105.85686485192139,106.21271514892578,12212900,0.0,0.0
2024-05-28 00:00:00-04:00,106.30637996942247,107.79534729586247,105.88497803161826,107.56123352050781,13978300,0.0,0.0
2024-05-29 00:00:00-04:00,107.25218128272401,107.27091438216762,105.64147767060885,106.40937042236328,13902000,0.0,0.0
2024-05-30 00:00:00-04:00,106.07224939851609,106.87760122978297,105.78195064930976,106.74649810791016,14683700,0.0,0.0
2024-05-31 00:00:00-04:00,106.86824767795925,110.0240964703647,106.74650395484873,109.8087158203125,29037400,0.0,0.0
2024-06-03 00:00:00-04:00,108.90970864784092,108.96589365604868,106.53111232439781,107.17726135253906,19589300,0.0,0.0
2024-06-04 00:00:00-04:00,105.81940782029542,105.90368533517668,103.8715798377526,105.5103759765625,19412200,0.0,0.0
2024-06-05 00:00:00-04:00,105.71640541715708,105.99734477775132,104.39600756936743,105.93179321289062,14863500,0.0,0.0
2024-06-06 00:00:00-04:00,105.58530689886838,106.79333477084865,104.98597623837065,106.727783203125,13154100,0.0,0.0
2024-06-07 00:00:00-04:00,106.55921064560279,107.59867622169506,105.51037851943657,105.58529663085938,13289200,0.0,0.0
2024-06-10 00:00:00-04:00,105.87559215677041,106.96188330555805,105.53846781022143,105.89432525634766,15239700,0.0,0.0
2024-06-11 00:00:00-04:00,105.34183301210521,105.51039521719049,104.23681569978739,105.04216766357422,12462400,0.0,0.0
2024-06-12 00:00:00-04:00,106.10035179620077,106.10035179620077,103.51573405811875,103.88095092773438,13606800,0.0,0.0
2024-06-13 00:00:00-04:00,103.79666794705129,103.81540104787005,102.7478429279071,103.0475082397461,14466900,0.0,0.0
2024-06-14 00:00:00-04:00,103.02877555611467,103.2067042916905,101.68964462553382,102.17660522460938,13313400,0.0,0.0
2024-06-17 00:00:00-04:00,102.23279232854219,102.50436514039029,101.30570386367087,101.4742660522461,21147900,0.0,0.0
2024-06-18 00:00:00-04:00,102.10168554459105,103.6842967504422,101.88630489969782,102.429443359375,17762900,0.0,0.0
2024-06-20 00:00:00-04:00,102.92576585166152,105.46355788089433,102.62609341215718,104.63947296142578,17433200,0.0,0.0
2024-06-21 00:00:00-04:00,104.78930638323584,105.53846602824107,103.72174835205078,103.72174835205078,52212500,0.0,0.0
2024-06-24 00:00:00-04:00,104.5458287673444,107.25218296816618,104.5458287673444,106.80268859863281,16266700,0.0,0.0
2024-06-25 00:00:00-04:00,106.85887566783474,107.27091813500049,106.25017851713561,107.10235595703125,14188900,0.0,0.0
2024-06-26 00:00:00-04:00,107.12107555579783,107.5237514490186,105.95050692952626,107.13980865478516,15771800,0.0,0.0
2024-06-27 00:00:00-04:00,107.68294847226338,107.68294847226338,106.85887072066792,107.59867095947266,16812700,0.0,0.0
2024-06-28 00:00:00-04:00,108.49767746207695,109.13446715132612,107.39266027027938,107.80470275878906,24565900,0.0,0.0
2024-07-01 00:00:00-04:00,108.3572026708865,109.32175013750224,107.25218553121566,107.65486145019531,11972900,0.0,0.0
2024-07-02 00:00:00-04:00,108.53512682581338,108.57258588002176,106.27826703570103,106.92442321777344,13326700,0.0,0.0
2024-07-03 00:00:00-04:00,107.00869939396776,108.31037829154302,107.00869939396776,107.46756744384766,7732900,0.0,0.0
2024-07-05 00:00:00-04:00,107.32710333177623,107.34582928732328,105.52911152671727,106.16590118408203,12631000,0.0,0.0
2024-07-08 00:00:00-04:00,105.24816834858694,106.33445948994903,104.3398059290717,105.051513671875,13350500,0.0,0.0
2024-07-09 00:00:00-04:00,104.04950781818474,105.38863865353758,103.59064690308155,103.89031219482422,11727000,0.0,0.0
2024-07-10 00:00:00-04:00,103.87158184959861,104.84549585973336,103.40335437229831,104.80803680419922,10004100,0.0,0.0
2024-07-11 00:00:00-04:00,104.34918753935227,106.11908702979072,103.88096000972125,106.05353546142578,13082700,0.0,0.0
2024-07-12 00:00:00-04:00,106.74649140386535,106.89632761635794,105.47291217601375,106.0722427368164,11684900,0.0,0.0
2024-07-15 00:00:00-04:00,107.00871465321529,108.77862125805298,106.36256553166247,107.88898468017578,13032500,0.0,0.0
2024-07-16 00:00:00-04:00,107.08362567292242,108.95653563535075,106.48429505651212,108.6662368774414,13614100,0.0,0.0
2024-07-17 00:00:00-04:00,109.3217626789992,110.67026026369422,109.14384107433014,110.1645736694336,13602800,0.0,0.0
2024-07-18 00:00:00-04:00,110.45486204344581,112.29967949735102,109.97727514770222,111.2508544921875,13033600,0.0,0.0
2024-07-19 00:00:00-04:00,111.05419948883115,111.32577230710794,108.50704778779838,108.6943359375,16157700,0.0,0.0
2024-07-22 00:00:00-04:00,107.86088239525311,108.57259016412705,107.299010849125,107.94515991210938,12065900,0.0,0.0
2024-07-23 00:00:00-04:00,107.51439275274979,107.85151711330745,105.97860717446908,106.20336151123047,11251700,0.0,0.0
2024-07-24 00:00:00-04:00,106.54047379204249,107.87960462206416,105.88495820164758,107.7016830444336,14925200,0.0,0.0
2024-07-25 00:00:00-04:00,107.85151298681103,110.52977466844393,107.28027490575465,109.96790313720703,17021700,0.0,0.0
2024-07-26 00:00:00-04:00,109.34984791640233,110.52978322454747,109.068915701329,109.874267578125,11252500,0.0,0.0
2024-07-29 00:00:00-04:00,109.86491135550965,109.93046292631412,108.04818618666384,108.7224349975586,8861800,0.0,0.0
2024-07-30 00:00:00-04:00,108.9658998490953,111.06355696155137,108.84416327619827,110.66088104248047,12483900,0.0,0.0
2024-07-31 00:00:00-04:00,112.03746446986324,112.14984163072131,111.02609145589241,111.05418395996094,15137700,0.0,0.0
2024-08-01 00:00:00-04:00,110.82944044122755,111.89699849857475,108.96589711579995,109.51840209960938,15051500,0.0,0.0
2024-08-02 00:00:00-04:00,108.60068763526019,111.3164085677312,108.08563452675227,109.4528579711914,20403800,0.0,0.0
2024-08-05 00:00:00-04:00,108.19801068548901,108.6568716313078,106.05352789541912,107.47693634033203,18025900,0.0,0.0
2024-08-06 00:00:00-04:00,107.17728162982158,108.28229891600196,106.4093887458376,106.90571594238281,13647800,0.0,0.0
2024-08-07 00:00:00-04:00,108.11372140920064,109.67760660977285,107.93579982654146,108.32910919189453,13660700,0.0,0.0
2024-08-08 00:00:00-04:00,108.7036928299017,110.60469524434798,108.37593502475309,110.39867401123047,13851000,0.0,0.0
2024-08-09 00:00:00-04:00,110.39868013759397,111.72844453203783,109.90236012731455,111.29767608642578,12151900,0.0,0.0
2024-08-12 00:00:00-04:00,111.95318629322554,112.53378375941993,110.52040429297833,111.4381332397461,13228900,0.0,0.0
2024-08-13 00:00:00-04:00,110.76388429399282,110.97927206434746,110.03345061601567,110.37057495117188,11585100,0.0,0.0
2024-08-14 00:00:00-04:00,110.59532637978117,112.28094812038924,110.15519141725662,111.39131164550781,12194500,0.0,0.0
2024-08-15 00:00:00-04:00,111.62731631283768,112.93002574132085,111.5045996572175,112.08043670654297,11579400,0.95,0.0
2024-08-16 00:00:00-04:00,111.38187671070611,111.84443906696772,111.0703640897211,111.55179595947266,10056000,0.0,0.0
2024-08-19 00:00:00-04:00,111.76890780503385,113.75129406195843,111.55178598354182,111.8916244506836,12417500,0.0,0.0
2024-08-20 00:00:00-04:00,112.00492105811223,112.00492105811223,108.09678537454828,108.1628646850586,15632000,0.0,0.0
2024-08-21 00:00:00-04:00,108.56877636724127,109.09741082142683,107.38878360193117,107.47373962402344,11752400,0.0,0.0
2024-08-22 00:00:00-04:00,107.40765979958803,108.56877584398295,107.2755011866786,108.30445861816406,10609500,0.0,0.0
2024-08-23 00:00:00-04:00,108.5876588299737,110.18301143778642,108.5876588299737,109.80541229248047,10381400,0.0,0.0
2024-08-26 00:00:00-04:00,111.16476283079547,112.2786763131796,110.37180393043678,112.15595245361328,13671000,0.0,0.0
2024-08-27 00:00:00-04:00,112.2975524872125,112.72235421103196,110.8249237963556,111.08924102783203,9991600,0.0,0.0
2024-08-28 00:00:00-04:00,110.44732970856327,110.99484811425616,109.74877596460271,109.99420928955078,10742900,0.0,0.0
2024-08-29 00:00:00-04:00,110.63612314593436,112.13707774753534,109.83372947438633,111.5140380859375,10753900,0.0,0.0
2024-08-30 00:00:00-04:00,110.24909143061056,111.41020034714184,109.77709429658215,111.33468627929688,13284700,0.0,0.0
2024-09-03 00:00:00-04:00,109.35228686249287,109.58828541722247,107.65310158970242,109.00301361083984,15725100,0.0,0.0
2024-09-04 00:00:00-04:00,108.833097907531,109.64493353840679,107.59646774515012,107.67198181152344,12620600,0.0,0.0
2024-09-05 00:00:00-04:00,108.62542349084525,108.82366142900489,106.73743489644308,106.83183288574219,17200800,0.0,0.0
2024-09-06 00:00:00-04:00,107.2283041137957,107.7852644700951,105.47248142305179,106.33151245117188,13467700,0.0,0.0
2024-09-09 00:00:00-04:00,106.54863939225703,109.64493954852621,106.35040145321473,108.56878662109375,21645300,0.0,0.0
2024-09-10 00:00:00-04:00,108.65373566518288,108.93693681823737,103.99984377040342,104.61344146728516,20913400,0.0,0.0
2024-09-11 00:00:00-04:00,104.57568965831763,104.7361669642754,101.73426473741272,103.57505798339844,19571900,0.0,0.0
2024-09-12 00:00:00-04:00,103.74496660605926,105.09487863378732,103.6128079909338,105.00048065185547,15919500,0.0,0.0
2024-09-13 00:00:00-04:00,105.22704278411973,106.17103705730341,104.71728501234799,104.92496490478516,10035400,0.0,0.0
2024-09-16 00:00:00-04:00,105.77455817973761,106.75630585804672,105.43471967489809,106.39759063720703,11729000,0.0,0.0
2024-09-17 00:00:00-04:00,106.02943319162064,107.96462427254609,105.84063722367381,107.78526306152344,12202600,0.0,0.0
2024-09-18 00:00:00-04:00,107.719186227873,109.1540543427134,107.43598506734037,108.1628646850586,12569900,0.0,0.0
2024-09-19 00:00:00-04:00,109.65437658386233,110.99484670315448,108.7387010002838,109.50333404541016,12660600,0.0,0.0
2024-09-20 00:00:00-04:00,108.99357018823397,109.04077277938768,107.85133806293591,108.814208984375,36206200,0.0,0.0
2024-09-23 00:00:00-04:00,108.87085565706464,111.19308058544418,108.67261773414126,110.78716278076172,16066300,0.0,0.0
2024-09-24 00:00:00-04:00,111.24027116207763,111.5423562149138,110.28684222195373,110.49452209472656,11984900,0.0,0.0
2024-09-25 00:00:00-04:00,109.96588774786339,110.49452942328482,107.65310472499752,108.34221649169922,13816000,0.0,0.0
2024-09-26 00:00:00-04:00,104.91552521963898,107.12447561186498,104.91552521963898,106.48255920410156,16887900,0.0,0.0
2024-09-27 00:00:00-04:00,107.38877885442706,109.58827979812907,106.90733981087507,109.33340454101562,15964000,0.0,0.0
2024-09-30 00:00:00-04:00,108.99356700819956,110.81547606117054,108.52156991885064,110.65499877929688,13247600,0.0,0.0
2024-10-01 00:00:00-04:00,109.54109678577407,113.84570838494524,109.43725683911822,113.2132339477539,23235900,0.0,0.0
2024-10-02 00:00:00-04:00,115.10120578833029,115.94135999683532,113.46809275706211,114.71416473388672,17129700,0.0,0.0
2024-10-03 00:00:00-04:00,115.07289687464718,116.27176636529033,114.15722132878138,115.71481323242188,16524300,0.0,0.0
2024-10-04 00:00:00-04:00,116.30008335704603,118.17863701344905,115.5732109869851,117.83879852294922,19752300,0.0,0.0
2024-10-07 00:00:00-04:00,118.23528224286302,119.26423253950323,117.8671250539638,118.34856414794922,15714400,0.0,0.0
2024-10-08 00:00:00-04:00,116.9420011410446,117.07415975540525,114.46874089906296,115.2050552368164,14818500,0.0,0.0
2024-10-09 00:00:00-04:00,114.1288948938514,115.71480536391871,114.03449691867793,115.25224304199219,11144900,0.0,0.0
2024-10-10 00:00:00-04:00,116.26233789809486,116.7720884666911,115.4410602893925,116.24345397949219,10243300,0.0,0.0
2024-10-11 00:00:00-04:00,116.20569468859178,117.08360965904788,116.05465934854703,116.6871337890625,8294800,0.0,0.0
2024-10-14 00:00:00-04:00,116.33784706970961,117.30072521898697,115.75257525554537,117.13080596923828,9808100,0.0,0.0
2024-10-15 00:00:00-04:00,114.05338915938852,115.12010010806138,113.07163423930602,113.60971069335938,15771300,0.0,0.0
2024-10-16 00:00:00-04:00,114.119450739115,114.6386503957312,113.84569157490861,113.90233612060547,8426800,0.0,0.0
2024-10-17 00:00:00-04:00,113.99675180699495,114.77082683216128,113.00555492747858,113.60971069335938,11204900,0.0,0.0
2024-10-18 00:00:00-04:00,113.69465984556452,113.88345579823489,112.47690650516002,113.28874206542969,12898600,0.0,0.0
2024-10-21 00:00:00-04:00,114.20442412088984,114.67642123178405,113.0149893848472,113.35482788085938,10177800,0.0,0.0
2024-10-22 00:00:00-04:00,113.52474905632721,114.40266398558016,113.2226711883103,113.94010162353516,9201400,0.0,0.0
2024-10-23 00:00:00-04:00,113.25100096843714,113.98731539379939,112.7129244882028,113.53419494628906,8320300,0.0,0.0
2024-10-24 00:00:00-04:00,113.27930640705841,113.69466616855769,112.45802884284969,112.89226531982422,9905600,0.0,0.0
2024-10-25 00:00:00-04:00,113.46811719966207,113.68523906757771,112.63740477019998,112.79788208007812,10714600,0.0,0.0
2024-10-28 00:00:00-04:00,110.24907753106821,112.34474569428187,110.23019361490921,112.24090576171875,11844500,0.0,0.0
2024-10-29 00:00:00-04:00,111.93883475379157,112.49578787870867,110.51340148515159,110.71163940429688,14731000,0.0,0.0
2024-10-30 00:00:00-04:00,111.07036150437673,111.64619134290537,109.95644805552517,110.1546859741211,12303700,0.0,0.0
2024-10-31 00:00:00-04:00,110.58893502901698,112.02380321352368,110.14525655028973,110.23965454101562,20512000,0.0,0.0
2024-11-01 00:00:00-04:00,113.21323299637132,113.23210971282977,108.40829842091597,108.51213836669922,20939300,0.0,0.0
2024-11-04 00:00:00-05:00,109.56940926393574,112.05211147967142,109.43725064877746,111.96715545654297,14965400,0.0,0.0
2024-11-05 00:00:00-05:00,112.41084355485246,112.53356022173041,111.40076993670395,112.29756164550781,10436700,0.0,0.0
2024-11-06 00:00:00-05:00,114.36491296592665,115.08235066356754,112.61852491957767,114.22331237792969,20807700,0.0,0.0
2024-11-07 00:00:00-05:00,114.50650689079238,114.69530286239892,112.91115428292997,114.36490631103516,12184400,0.0,0.0
2024-11-08 00:00:00-05:00,114.20442415199712,114.6197767122662,112.95835206698115,114.32714080810547,12836000,0.0,0.0
2024-11-11 00:00:00-05:00,114.22330775889213,114.80858680462931,113.34539279133878,113.72299194335938,11969700,0.0,0.0
2024-11-12 00:00:00-05:00,114.34602508289505,114.51594434218057,113.12827159169959,113.60971069335938,11972800,0.0,0.0
2024-11-13 00:00:00-05:00,113.81738827891618,115.21450296048353,112.14652159826448,114.66698455810547,15127900,0.0,0.0
2024-11-14 00:00:00-05:00,115.79004267909038,115.99942182227613,114.52421196936261,114.74311065673828,13041800,0.99,0.0
2024-11-15 00:00:00-05:00,114.59084119084585,115.39030868034939,113.38211315053942,113.55342864990234,19051700,0.0,0.0
2024-11-18 00:00:00-05:00,114.01026535154068,114.80022050871227,113.51535071230454,114.50517272949219,14239700,0.0,0.0
2024-11-19 00:00:00-05:00,113.97219862845826,113.97219862845826,112.49698146194754,112.90623474121094,11584400,0.0,0.0
2024-11-20 00:00:00-05:00,113.42018653251256,114.6574659727134,112.91575956823054,114.51470184326172,11360900,0.0,0.0
2024-11-21 00:00:00-05:00,115.2380329196694,116.63710829546686,114.46710953755101,116.0470199584961,14675400,0.0,0.0
2024-11-22 00:00:00-05:00,115.9423239554936,117.26525746342568,115.77100845929381,115.91377258300781,13323400,0.0,0.0
2024-11-25 00:00:00-05:00,115.57114303408773,115.999428149294,113.83895622255923,114.18158721923828,26580300,0.0,0.0
2024-11-26 00:00:00-05:00,113.76281326470219,113.90557738879032,112.16387104974203,112.27808380126953,14827300,0.0,0.0
2024-11-27 00:00:00-05:00,112.39228586523018,113.0014132601893,111.76413390419059,111.98303985595703,11079100,0.0,0.0
2024-11-29 00:00:00-05:00,111.77366252049187,112.78251646228155,111.30729920741689,112.26856994628906,9426500,0.0,0.0
2024-12-02 00:00:00-05:00,112.35422635223,112.49698321594367,111.18356924078267,112.16387176513672,12687300,0.0,0.0
2024-12-03 00:00:00-05:00,112.99189530183139,112.99189530183139,111.6023395235525,111.9925537109375,11756600,0.0,0.0
2024-12-04 00:00:00-05:00,111.83076079377749,111.8783512560761,108.36638716796242,108.76612091064453,19520600,0.0,0.0
2024-12-05 00:00:00-05:00,109.17536684977931,110.04146382858124,108.55672718796144,109.24198913574219,15751200,0.0,0.0
2024-12-06 00:00:00-05:00,109.0135852794165,109.23248399303247,108.02376314226527,108.09038543701172,16171100,0.0,0.0
2024-12-09 00:00:00-05:00,109.10875033720933,109.39427858432131,107.30994125974479,107.45270538330078,17412600,0.0,0.0
2024-12-10 00:00:00-05:00,108.10941213085091,108.3854208420565,106.35819345996941,107.23380279541016,20990900,0.0,0.0
2024-12-11 00:00:00-05:00,106.59613084984449,106.96731322457951,105.74907289095835,106.51998901367188,32392200,0.0,0.0
2024-12-12 00:00:00-05:00,106.20590635945652,106.95779063234714,105.43499025870757,106.42481231689453,14543300,0.0,0.0
2024-12-13 00:00:00-05:00,106.50096482510492,106.50096482510492,104.93057383249747,105.49210357666016,13106100,0.0,0.0
2024-12-16 00:00:00-05:00,104.88297564708968,105.07333023716676,102.94140965729945,103.2364501953125,20256100,0.0,0.0
2024-12-17 00:00:00-05:00,102.06580013362758,102.95092907024753,101.63751498354416,102.79865264892578,17554000,0.0,0.0
2024-12-18 00:00:00-05:00,102.37987758976693,103.57908615010987,101.180669029424,101.28536224365234,17114500,0.0,0.0
2024-12-19 00:00:00-05:00,102.20854752748684,102.4750366671093,100.13372989020347,100.41925811767578,20565600,0.0,0.0
2024-12-20 00:00:00-05:00,100.3621608340923,101.01887148373147,99.78159202293294,100.76190185546875,40141200,0.0,0.0
2024-12-23 00:00:00-05:00,100.22891889869366,101.45667884683812,99.85773650289251,101.17115783691406,12285100,0.0,0.0
2024-12-24 00:00:00-05:00,101.38052476056282,102.0182035210675,100.60008914298254,101.26631927490234,7807000,0.0,0.0
2024-12-26 00:00:00-05:00,101.38053349057293,101.86592863028206,100.82852331934868,101.35198211669922,9652400,0.0,0.0
2024-12-27 00:00:00-05:00,101.17114514334988,102.7795995695863,100.66671095933093,101.34246063232422,11943900,0.0,0.0
2024-12-30 00:00:00-05:00,101.17115016675821,101.41860023767516,100.41926588677585,100.6572036743164,11080800,0.0,0.0
2024-12-31 00:00:00-05:00,101.04741453520106,102.69394716560747,100.67623217979052,102.37986755371094,12387800,0.0,0.0
2025-01-02 00:00:00-05:00,103.05560787021473,103.74086982351506,101.72315487894018,102.13240814208984,12685400,0.0,0.0
2025-01-03 00:00:00-05:00,102.78912837457116,103.25548442385146,102.27518186134407,102.6558837890625,14237900,0.0,0.0
2025-01-06 00:00:00-05:00,103.01753968579938,104.48323728892737,102.33227771433333,102.54166412353516,15623700,0.0,0.0
2025-01-07 00:00:00-05:00,103.68377235857663,104.74972899682477,103.0556131156504,103.50293731689453,12625900,0.0,0.0
2025-01-08 00:00:00-05:00,102.13242243680969,102.51312438206998,100.89515019132084,101.77075958251953,17858100,0.0,0.0
2025-01-10 00:00:00-05:00,103.45534532320578,104.7877983625723,100.6762337556571,101.39956665039062,19304500,0.0,0.0
2025-01-13 00:00:00-05:00,101.9611053633351,104.3404834081731,101.9611053633351,104.01689147949219,17073400,0.0,0.0
2025-01-14 00:00:00-05:00,103.54100338574445,104.46420311762958,102.62732319805076,104.42613220214844,11191200,0.0,0.0
2025-01-15 00:00:00-05:00,104.74022015102318,106.33916242215733,104.18820272450759,106.12977600097656,14521100,0.0,0.0
2025-01-16 00:00:00-05:00,105.82521904892745,106.30109465251283,105.21609885724101,105.94894409179688,10366600,0.0,0.0
2025-01-17 00:00:00-05:00,105.67292832464283,107.42415420494282,105.4730614558173,106.90068817138672,19298500,0.0,0.0
2025-01-21 00:00:00-05:00,106.64371508093708,106.76744011152371,105.76809853868993,106.0916976928711,20416300,0.0,0.0
2025-01-22 00:00:00-05:00,105.83473068591391,106.18688124447719,104.12158288025017,104.24530792236328,15718000,0.0,0.0
2025-01-23 00:00:00-05:00,104.98767222865612,105.77762746495887,104.32144929519922,104.83539581298828,13726800,0.0,0.0
2025-01-24 00:00:00-05:00,104.9210433834321,105.36836757994196,103.17934432007502,103.41728210449219,14235900,0.0,0.0
2025-01-27 00:00:00-05:00,103.75039595354959,105.12091268586343,103.16030762046445,104.85442352294922,15926700,0.0,0.0
2025-01-28 00:00:00-05:00,105.08283923685504,105.5206438581706,102.58924881671739,102.82718658447266,15862000,0.0,0.0
2025-01-29 00:00:00-05:00,102.51311572478016,103.53148916710997,102.28469748142831,103.42679595947266,12345500,0.0,0.0
2025-01-30 00:00:00-05:00,103.96929135622784,104.5498601261413,103.45534487492978,104.28337097167969,14346300,0.0,0.0
2025-01-31 00:00:00-05:00,105.21609063205138,105.21609063205138,100.98079373446143,101.67557525634766,20376500,0.0,0.0
2025-02-03 00:00:00-05:00,101.49474192613242,102.12290116975106,100.23843070018016,101.92302703857422,14623200,0.0,0.0
2025-02-04 00:00:00-05:00,101.56135761256942,104.95910870237863,101.39004212647464,104.65454864501953,14835700,0.0,0.0
2025-02-05 00:00:00-05:00,104.44517033540548,104.70214721509777,103.83605017349909,104.57841491699219,13364400,0.0,0.0
2025-02-06 00:00:00-05:00,105.42547376602921,105.6919701927551,102.77960667874605,103.19837951660156,13411400,0.0,0.0
2025-02-07 00:00:00-05:00,103.5314838607169,104.43565176567115,103.0936792245296,103.63617706298828,10051600,0.0,0.0
2025-02-10 00:00:00-05:00,104.70214920752697,105.6729322148872,104.57841690706682,105.61582946777344,12142200,0.0,0.0
2025-02-11 00:00:00-05:00,106.21543641979285,107.08153352943548,105.4730716179767,106.28205871582031,12713100,0.0,0.0
2025-02-12 00:00:00-05:00,105.67708371729026,105.84993157546117,102.92112268040815,103.08436584472656,18244100,0.99,0.0
2025-02-13 00:00:00-05:00,102.8923266913931,104.10226182519304,102.28735546137533,103.83338165283203,15460000,0.0,0.0
2025-02-14 00:00:00-05:00,104.20788346443844,105.84994194098066,103.80457419795657,103.93901062011719,15733500,0.0,0.0
2025-02-18 00:00:00-05:00,104.31351048263407,106.57973486476887,104.01583088771959,105.76351165771484,20060300,0.0,0.0
2025-02-19 00:00:00-05:00,106.3588730918942,107.6744304591308,105.68668370402261,105.91715240478516,10964700,0.0,0.0
2025-02-20 00:00:00-05:00,106.1764204889036,107.9529079306532,105.58105400154663,107.54959869384766,16325800,0.0,0.0
2025-02-21 00:00:00-05:00,106.89662035876789,107.40555925974188,106.16681744777975,106.29165649414062,14710000,0.0,0.0
2025-02-24 00:00:00-05:00,106.5221159591171,107.41516202490104,105.93635416724618,106.84860229492188,13153500,0.0,0.0
2025-02-25 00:00:00-05:00,106.8774190334039,107.67443283083279,104.56317856435808,105.36980438232422,14497000,0.0,0.0
2025-02-26 00:00:00-05:00,105.37939986433899,105.50423890932623,104.20787627244815,105.11052703857422,10446400,0.0,0.0
2025-02-27 00:00:00-05:00,105.63867302607484,106.8678101035605,104.93767689450902,105.77310943603516,15293200,0.0,0.0
2025-02-28 00:00:00-05:00,105.73470348447374,107.14629318869038,104.99529586501015,106.9062271118164,18821700,0.0,0.0
2025-03-03 00:00:00-05:00,107.26152493502623,107.70325298299214,102.27775794173616,103.47808837890625,18706900,0.0,0.0
2025-03-04 00:00:00-05:00,102.1337031119363,104.63038862080725,101.73039389749049,103.26681518554688,19394900,0.0,0.0
2025-03-05 00:00:00-05:00,101.63436687603159,102.10490164347922,99.55059516728343,101.2502670288086,24822200,0.0,0.0
2025-03-06 00:00:00-05:00,101.24066209657384,103.81417062858223,100.21317962257619,103.34364318847656,17150200,0.0,0.0
2025-03-07 00:00:00-05:00,104.10225668429284,106.01318059737575,103.9966270247834,104.6880111694336,19625000,0.0,0.0
2025-03-10 00:00:00-04:00,104.93768889560016,108.09695954344406,104.74563895261751,107.35755920410156,22749100,0.0,0.0
2025-03-11 00:00:00-04:00,107.47278059988247,107.64562846999114,104.46715592513009,104.82245635986328,19904700,0.0,0.0
2025-03-12 00:00:00-04:00,104.71682456086629,105.75390443410868,104.11185336472012,104.79364013671875,14051500,0.0,0.0
2025-03-13 00:00:00-04:00,104.02543473188445,106.4164908186742,103.35324531739029,104.35192108154297,17767800,0.0,0.0
2025-03-14 00:00:00-04:00,104.6111937251295,107.72244796232395,104.00622253578953,107.45357513427734,15890100,0.0,0.0
2025-03-17 00:00:00-04:00,107.35755263406034,109.95026333683661,107.29033442550644,109.23966979980469,19908800,0.0,0.0
2025-03-18 00:00:00-04:00,109.55655143310771,109.98867476764602,108.09695290782535,109.12443542480469,15998700,0.0,0.0
2025-03-19 00:00:00-04:00,109.66217808070316,111.2178088550842,109.30688498513157,110.82410430908203,17315000,0.0,0.0
2025-03-20 00:00:00-04:00,110.16152736178913,111.8419899736422,109.67179049213169,111.29463958740234,16230800,0.0,0.0
2025-03-21 00:00:00-04:00,110.9105224609375,111.38104989881994,109.80621709239979,110.9105224609375,41102800,0.0,0.0
2025-03-24 00:00:00-04:00,111.08338166697025,112.26451005553749,110.98735669603661,111.19861602783203,14207500,0.0,0.0
2025-03-25 00:00:00-04:00,111.80356825388408,112.96548713109259,111.35224287880415,111.95720672607422,12081800,0.0,0.0
2025-03-26 00:00:00-04:00,113.00389743717089,114.44429381477272,113.00389743717089,113.57044982910156,14110800,0.0,0.0
2025-03-27 00:00:00-04:00,113.40720575956772,114.3386632485144,112.60058731114056,113.20555114746094,12740800,0.0,0.0
2025-03-28 00:00:00-04:00,113.40721878149215,113.75291453515091,112.58139085066682,113.05192565917969,10233400,0.0,0.0
2025-03-31 00:00:00-04:00,113.10953056767993,115.14529348137624,113.10953056767993,114.20423126220703,21652300,0.0,0.0
2025-04-01 00:00:00-04:00,114.48271573305469,114.54032924903218,113.24397385589012,114.30986785888672,12425400,0.0,0.0
2025-04-02 00:00:00-04:00,113.6856941137767,114.11781013433365,112.98470525143007,113.9545669555664,12614600,0.0,0.0
2025-04-03 00:00:00-04:00,109.82542413146359,110.86250394617394,107.77045923712868,107.96250915527344,21204600,0.0,0.0
2025-04-04 00:00:00-04:00,105.5042372572018,106.4260900709176,99.70424022711765,100.1939697265625,30841300,0.0,0.0
2025-04-07 00:00:00-04:00,96.4009324797882,101.59596585878221,94.54762208795243,98.849609375,35068500,0.0,0.0
2025-04-08 00:00:00-04:00,101.26948092239431,101.4039173498761,95.07577858435128,96.76583862304688,27147800,0.0,0.0
2025-04-09 00:00:00-04:00,95.42147015144054,102.34497516718923,94.23073709434956,101.5959701538086,30063300,0.0,0.0
2025-04-10 00:00:00-04:00,99.58900327605843,99.6562214796908,93.91384543728404,95.9592056274414,33999300,0.0,0.0
2025-04-11 00:00:00-04:00,96.31451689574816,99.80027383650746,94.86451568101702,99.04166412353516,22884600,0.0,0.0
2025-04-14 00:00:00-04:00,100.8565481003793,100.91416160818227,98.63834013515182,99.2817153930664,18020000,0.0,0.0
2025-04-15 00:00:00-04:00,99.52178606568698,101.22145788715173,98.90721753313329,99.00324249267578,13164900,0.0,0.0
2025-04-16 00:00:00-04:00,99.81947330451726,101.39430620591645,99.57940722410598,100.04994201660156,13607000,0.0,0.0
2025-04-17 00:00:00-04:00,100.53007760510563,104.2366985991359,100.30921358005308,102.67146301269531,17916500,0.0,0.0
2025-04-21 00:00:00-04:00,101.41350436549158,101.43270642625467,99.98271273601824,101.16383361816406,16926500,0.0,0.0
2025-04-22 00:00:00-04:00,101.92245337934756,104.61119638053368,101.92245337934756,103.99662780761719,13147000,0.0,0.0
2025-04-23 00:00:00-04:00,104.48635995015299,104.95689474920692,102.23934492277724,103.10358428955078,14235700,0.0,0.0
2025-04-24 00:00:00-04:00,103.67973645895941,104.55357315233607,102.70986747569147,104.31350708007812,9849600,0.0,0.0
2025-04-25 00:00:00-04:00,103.84298356897611,104.43835008820508,103.15159208244837,104.25589752197266,11245800,0.0,0.0
2025-04-28 00:00:00-04:00,104.42874143220658,104.90887357672247,103.40125893599198,104.31350708007812,13890900,0.0,0.0
2025-04-29 00:00:00-04:00,103.45887846385925,104.50557040939903,103.24761913579239,104.05424499511719,9483100,0.0,0.0
2025-04-30 00:00:00-04:00,103.15159812137233,103.15159812137233,100.01153681683456,101.43272399902344,20379300,0.0,0.0
2025-05-01 00:00:00-04:00,100.92377930296617,102.67146008506563,100.80855227251624,101.5767593383789,18610300,0.0,0.0
2025-05-02 00:00:00-04:00,103.43967093527839,104.66880805955999,100.39563488120046,101.98966979980469,16581900,0.0,0.0
2025-05-05 00:00:00-04:00,100.49165803831377,100.50126273242815,98.97443872258357,99.16648864746094,19624000,0.0,0.0
2025-05-06 00:00:00-04:00,99.76185422311934,101.76881035301628,99.36814968285509,100.54927062988281,16303400,0.0,0.0
2025-05-07 00:00:00-04:00,100.81814485982517,101.10622707475915,99.93470347917237,100.4532470703125,12332200,0.0,0.0
2025-05-08 00:00:00-04:00,101.15424366528894,103.12278852404272,101.15424366528894,101.85523986816406,19196500,0.0,0.0
2025-05-09 00:00:00-04:00,102.88271630029479,103.46847810816605,102.15291338247835,103.04595947265625,10992100,0.0,0.0
2025-05-12 00:00:00-04:00,105.8883430115922,106.05159351342036,104.01583052394437,104.82245635986328,14244600,0.0,0.0
2025-05-13 00:00:00-04:00,104.97609062569182,106.11880746142715,104.68800841166669,105.11052703857422,13350800,0.0,0.0
2025-05-14 00:00:00-04:00,104.53436952765608,104.53436952765608,103.6413234591552,104.16947174072266,15494900,0.0,0.0
2025-05-15 00:00:00-04:00,103.20035901133336,105.29363685777157,102.69642585962279,105.22579956054688,15004300,0.99,0.0
2025-05-16 00:00:00-04:00,105.29365131429329,105.52623530903814,104.1307165531452,104.84786224365234,14042500,0.0,0.0
2025-05-19 00:00:00-04:00,104.2469946737383,104.2469946737383,102.45414553712716,103.18097686767578,16802700,0.0,0.0
2025-05-20 00:00:00-04:00,103.10345008888231,103.42325766020087,101.54318485225515,101.70793151855469,12429300,0.0,0.0
2025-05-21 00:00:00-04:00,101.30090618868215,101.72731627727113,100.43840025037139,100.4577865600586,16716100,0.0,0.0
2025-05-22 00:00:00-04:00,99.8763168605607,100.27365488346861,98.74246172165076,99.78910064697266,13417400,0.0,0.0
2025-05-23 00:00:00-04:00,99.43052732575842,100.27365435455003,98.9169010207757,99.84724426269531,12061600,0.0,0.0
2025-05-27 00:00:00-04:00,100.29303333665305,100.6516061317405,99.72126288920884,100.32210540771484,13043600,0.0,0.0
2025-05-28 00:00:00-04:00,101.06832233005039,101.2039969231541,98.64555117646891,98.9556655883789,14292400,0.0,0.0
2025-05-29 00:00:00-04:00,99.12041556960791,99.67280711536301,98.60678925085277,99.51775360107422,13825300,0.0,0.0
2025-05-30 00:00:00-04:00,99.00413404786934,99.22702487621179,98.06409756158732,99.13980865478516,28645800,0.0,0.0
2025-06-02 00:00:00-04:00,100.54500352410645,100.6419128921345,99.06226875151577,99.86663055419922,17290500,0.0,0.0
2025-06-03 00:00:00-04:00,99.72126856237468,101.42690163423865,99.05258131506825,100.59346771240234,19194300,0.0,0.0
2025-06-04 00:00:00-04:00,100.70975979015704,101.67886835024795,99.13980865478516,99.13980865478516,15648500,0.0,0.0
2025-06-05 00:00:00-04:00,99.7988024915973,99.86663979486501,98.58741679487991,98.684326171875,13924800,0.0,0.0
2025-06-06 00:00:00-04:00,99.58559401783626,101.27184077971873,99.50806356140893,101.04894256591797,15487800,0.0,0.0
2025-06-09 00:00:00-04:00,101.10708897751697,102.5801306063756,100.62253473998689,101.7273178100586,17087300,0.0,0.0
2025-06-10 00:00:00-04:00,102.80303093298025,104.32453097451338,102.65766317997547,103.9078140258789,17634800,0.0,0.0
2025-06-11 00:00:00-04:00,104.43113665077948,106.01078088368226,103.17129261168118,105.9332504272461,22648200,0.0,0.0
2025-06-12 00:00:00-04:00,105.55529571522099,106.78606764684805,104.87692272482809,106.34027862548828,17469400,0.0,0.0
2025-06-13 00:00:00-04:00,108.87933918017968,109.05377900702386,107.26092974950436,108.65644836425781,28540200,0.0,0.0
2025-06-16 00:00:00-04:00,108.36571775485719,109.6643270564626,107.69703048943366,109.00533294677734,22986100,0.0,0.0
2025-06-17 00:00:00-04:00,110.4299046572404,111.37963418921316,109.61585711015863,110.47836303710938,19451700,0.0,0.0
2025-06-18 00:00:00-04:00,111.0695298681772,111.68006558393269,109.45112038804743,109.69339752197266,17968900,0.0,0.0
2025-06-20 00:00:00-04:00,109.94535269669535,111.4862390049785,109.68369666366432,111.15673828125,36273300,0.0,0.0
2025-06-23 00:00:00-04:00,113.09496254329947,113.33723967590613,107.72610779120208,108.2881851196289,26631100,0.0,0.0
2025-06-24 00:00:00-04:00,105.87510980370892,107.51290563027572,104.57650788690583,104.99321746826172,24828300,0.0,0.0
2025-06-25 00:00:00-04:00,104.77031519401119,105.8654050815385,104.37297718025314,105.02228546142578,17483200,0.0,0.0
2025-06-26 00:00:00-04:00,105.57468747120208,107.0283502916337,105.19673572938677,106.59224700927734,18304800,0.0,0.0
2025-06-27 00:00:00-04:00,106.5437968215284,106.6988503454803,105.02229668708586,106.00109100341797,22002100,0.0,0.0
2025-06-30 00:00:00-04:00,105.28394965126363,105.47776839893884,104.39237158201962,104.46990203857422,19199000,0.0,0.0
2025-07-01 00:00:00-04:00,104.78969883086388,106.253054727551,103.83997664689235,105.86540985107422,15536900,0.0,0.0
2025-07-02 00:00:00-04:00,106.60193990661705,107.91992811877759,105.46808468391922,107.6195068359375,11892200,0.0,0.0
2025-07-03 00:00:00-04:00,107.43536126399331,108.99562642957206,107.20277731076665,108.73396301269531,11223600,0.0,0.0
2025-07-07 00:00:00-04:00,108.09436741953417,108.58861484508506,106.81514444271116,107.67765045166016,15415900,0.0,0.0
2025-07-08 00:00:00-04:00,107.4644375679824,110.9241545075964,107.42567234196552,110.6624984741211,17913400,0.0,0.0
2025-07-09 00:00:00-04:00,110.40084945674458,110.74003598652514,109.77092739074534,110.28456115722656,10652100,0.0,0.0
2025-07-10 00:00:00-04:00,110.19732513511048,111.70913200837082,109.57709629512104,111.379638671875,14901700,0.0,0.0
2025-07-11 00:00:00-04:00,111.30210447010357,112.18399671227975,110.97261114470416,111.86418914794922,11683900,0.0,0.0
2025-07-14 00:00:00-04:00,111.67037023033019,111.67037023033019,109.7224601706443,110.40083312988281,13220300,0.0,0.0
2025-07-15 00:00:00-04:00,110.14887421213247,110.53651169207183,109.1216141879024,109.42204284667969,10959300,0.0,0.0
2025-07-16 00:00:00-04:00,109.39296085183982,109.99381076178989,108.6370574322415,108.76304626464844,11158900,0.0,0.0
2025-07-17 00:00:00-04:00,108.04590877120798,108.76305441240078,107.65826387748159,108.21066284179688,13151400,0.0,0.0
2025-07-18 00:00:00-04:00,107.67765285604386,108.27850282588928,104.02410943883655,104.44082641601562,32366600,0.0,0.0
2025-07-21 00:00:00-04:00,104.27607021285094,105.40992535173547,104.12101670190538,104.71217346191406,17010400,0.0,0.0
2025-07-22 00:00:00-04:00,104.64433622773014,106.0592337118755,104.28576343077877,105.1870346069336,13970900,0.0,0.0
2025-07-23 00:00:00-04:00,105.56497972178448,106.60192542792589,105.4874492742555,106.53408813476562,12002700,0.0,0.0
2025-07-24 00:00:00-04:00,106.27244088744028,107.52258433689845,105.75880717545196,107.3675308227539,15647200,0.0,0.0
2025-07-25 00:00:00-04:00,107.30938582168368,107.55166294298876,106.31119787118948,106.98957824707031,10548900,0.0,0.0
2025-07-28 00:00:00-04:00,107.57104168343983,108.64675269177111,107.41598077707704,107.99745178222656,12353000,0.0,0.0
2025-07-29 00:00:00-04:00,108.44324501371226,109.50926290841475,107.96838390850783,109.3929672241211,15928000,0.0,0.0
2025-07-30 00:00:00-04:00,108.93749234982809,109.13131109646395,107.82301607239378,108.44324493408203,12996900,0.0,0.0
2025-07-31 00:00:00-04:00,106.9508188051115,109.02471048415767,106.9508188051115,108.19127655029297,17233700,0.0,0.0
2025-08-01 00:00:00-04:00,108.54015612563701,109.06347562277384,105.49715591146874,106.25305938720703,19652000,0.0,0.0
2025-08-04 00:00:00-04:00,105.84603379348519,106.52440680036018,103.7818279128161,104.05318450927734,19129500,0.0,0.0
2025-08-05 00:00:00-04:00,103.90781377136695,104.48927738825077,102.79333752600816,103.92719268798828,21314300,0.0,0.0
2025-08-06 00:00:00-04:00,104.96414033212473,105.68128595286021,103.08407485080633,103.2197494506836,15321800,0.0,0.0
2025-08-07 00:00:00-04:00,103.8302892678961,104.7218673577944,102.61890358258492,102.67704772949219,13468300,0.0,0.0
2025-08-08 00:00:00-04:00,103.21005794196374,104.18885962273232,102.67704529557706,103.50079345703125,14417700,0.0,0.0
2025-08-11 00:00:00-04:00,103.80121054798994,104.20823433770178,102.27001736530904,102.56075286865234,13570700,0.0,0.0
2025-08-12 00:00:00-04:00,103.05499811125478,103.96596250056969,102.51229969738787,102.85148620605469,14109400,0.0,0.0
2025-08-13 00:00:00-04:00,102.7254975716048,104.27606964111328,102.47352729977504,104.27606964111328,17958700,0.0,0.0
2025-08-14 00:00:00-04:00,104.2276279136909,104.26638574937492,103.1519168275274,104.06287384033203,13683500,0.0,0.0
2025-08-15 00:00:00-04:00,103.86724922324527,105.20727767225166,103.63249350424832,104.16068267822266,19271900,0.99,0.0
2025-08-18 00:00:00-04:00,103.77921716514152,104.88450485428011,103.35862248376837,104.38565826416016,13040000,0.0,0.0
2025-08-19 00:00:00-04:00,103.87702753697705,105.10946897165667,103.8281256912634,105.07034301757812,16113600,0.0,0.0
2025-08-20 00:00:00-04:00,105.52028318275707,106.93857107248607,105.32466086952482,106.15606689453125,18959700,0.0,0.0
2025-08-21 00:00:00-04:00,106.0484717497085,107.17331870035365,105.59853446195301,106.84075927734375,12194900,0.0,0.0
2025-08-22 00:00:00-04:00,107.20265639990329,108.9730703319415,107.20265639990329,108.84590911865234,13586700,0.0,0.0
2025-08-25 00:00:00-04:00,108.47421484175817,109.47190044568522,108.12208875507524,109.29583740234375,9744900,0.0,0.0
2025-08-26 00:00:00-04:00,108.93393728899466,109.36430782035067,107.94602755875756,109.05130767822266,18143900,0.0,0.0
2025-08-27 00:00:00-04:00,108.98284252847807,110.50872479862804,108.98284252847807,110.28375244140625,15262600,0.0,0.0
2025-08-28 00:00:00-04:00,110.40113185373734,111.16406926831552,109.61862773172712,110.8706283569336,14189800,0.0,0.0
2025-08-29 00:00:00-04:00,111.23253022712217,112.27912512793087,111.09559313449388,111.7900619506836,14597900,0.0,0.0
2025-09-02 00:00:00-04:00,111.68247363253984,112.71928523765276,110.8510676777316,112.18132019042969,15206700,0.0,0.0
2025-09-03 00:00:00-04:00,111.47706565723645,111.92700290030731,109.02196633334928,109.46212768554688,14920100,0.0,0.0
2025-09-04 00:00:00-04:00,109.6577487052132,110.65543432609088,108.94371316661028,109.94140625,12864400,0.0,0.0
2025-09-05 00:00:00-04:00,109.15891427159457,109.33497733745654,106.63534614841075,106.84075927734375,16826700,0.0,0.0
2025-09-08 00:00:00-04:00,107.32981131168427,107.64281145580675,105.97999212686503,107.44718170166016,15440500,0.0,0.0
2025-09-09 00:00:00-04:00,108.1123126941091,110.04900630149459,108.1123126941091,108.22969055175781,14899500,0.0,0.0
2025-09-10 00:00:00-04:00,108.72853689092521,110.09790791473041,108.41552927118416,110.03922271728516,15837600,0.0,0.0
2025-09-11 00:00:00-04:00,108.96328418409082,110.30331259737805,108.44487837785454,109.68709564208984,11534500,0.0,0.0
2025-09-12 00:00:00-04:00,110.39135056172458,110.74347667695436,109.43278336748516,109.7066650390625,11105700,0.0,0.0
2025-09-15 00:00:00-04:00,109.72622213060235,110.00009633429147,108.88503281212152,109.89250183105469,12880500,0.0,0.0
2025-09-16 00:00:00-04:00,110.48916065280257,112.79753962492748,110.31309759687737,112.17153930664062,17208000,0.0,0.0
2025-09-17 00:00:00-04:00,112.02481793561441,112.96381840538344,111.55532143198607,112.76819610595703,13302000,0.0,0.0
2025-09-18 00:00:00-04:00,112.65081716720869,112.82688022000698,110.91953670011902,111.43794250488281,14628700,0.0,0.0
2025-09-19 00:00:00-04:00,111.40860461879606,111.48685652613011,110.17616319707892,110.35222625732422,38746500,0.0,0.0
2025-09-22 00:00:00-04:00,109.99031206295804,110.33266227722565,109.1197801531321,109.56971740722656,15611500,0.0,0.0
2025-09-23 00:00:00-04:00,110.25441293653432,112.24000840539021,110.01966468166053,111.45750427246094,25369100,0.0,0.0
2025-09-24 00:00:00-04:00,112.06393679548866,113.22790955219149,111.96612565196591,112.05415344238281,14756100,0.0,0.0
2025-09-25 00:00:00-04:00,112.13241312727628,113.36485451626152,111.90744822780641,113.06163024902344,15012600,0.0,0.0
2025-09-26 00:00:00-04:00,113.42354156212417,115.77104652046233,113.38441560885875,114.6559829711914,18568900,0.0,0.0
2025-09-29 00:00:00-04:00,113.52135246473706,113.95173048719916,111.18363086547707,111.72160339355469,19189300,0.0,0.0
2025-09-30 00:00:00-04:00,110.87062679338135,111.00756389342513,109.49147243936548,110.28375244140625,18076200,0.0,0.0
2025-10-01 00:00:00-04:00,110.0979065120232,110.54784376589994,108.85568925268005,109.54037475585938,16614000,0.0,0.0
2025-10-02 00:00:00-04:00,109.52081626547348,110.61631307810582,108.60137504414647,108.8556900024414,13062600,0.0,0.0
2025-10-03 00:00:00-04:00,109.4523554126041,111.26188792146156,109.4523554126041,110.78260803222656,12950100,0.0,0.0
2025-10-06 00:00:00-04:00,110.81195040494215,112.25957342404575,110.70435589456802,111.70204162597656,12036800,0.0,0.0
2025-10-07 00:00:00-04:00,111.57488052075732,112.00525853390788,109.29584416931891,111.76072692871094,11945000,0.0,0.0
2025-10-08 00:00:00-04:00,111.87809656508286,112.49432098201136,110.92932021185828,111.52597045898438,12301000,0.0,0.0
2025-10-09 00:00:00-04:00,111.92701077194054,112.98338913649347,110.2739746716223,110.44026184082031,10976200,0.0,0.0
2025-10-10 00:00:00-04:00,109.80446979335335,110.15659588806842,108.28837091541277,108.30793762207031,13811600,0.0,0.0
2025-10-13 00:00:00-04:00,109.10021898851849,109.8435971381859,108.88502998762696,109.78490447998047,10296500,0.0,0.0
2025-10-14 00:00:00-04:00,108.33728430066219,110.48915943830576,108.28837499468796,109.83381652832031,11167200,0.0,0.0
2025-10-15 00:00:00-04:00,110.33265869376197,111.08581272316219,108.54268562663296,109.16868591308594,12182900,0.0,0.0
2025-10-16 00:00:00-04:00,109.43279208953903,109.7360163844678,107.97538566799243,108.21991729736328,11782200,0.0,0.0
2025-10-17 00:00:00-04:00,109.18824678205839,110.44025483610798,108.74809288933457,109.78490447998047,13460100,0.0,0.0
2025-10-20 00:00:00-04:00,109.55015490988445,110.67500174297943,109.53059566572729,110.2348403930664,9523600,0.0,0.0
2025-10-21 00:00:00-04:00,110.42069196195318,110.88041257753997,109.54037668343724,110.24462890625,9202300,0.0,0.0
2025-10-22 00:00:00-04:00,110.9684405659551,112.66060257438927,110.60653856264305,112.20088195800781,12938800,0.0,0.0
2025-10-23 00:00:00-04:00,114.07888381990718,114.2940728303493,112.8366665266902,113.44310760498047,15001100,0.0,0.0
2025-10-24 00:00:00-04:00,113.80500539438323,113.92238324914227,112.66059929490352,112.86600494384766,9919400,0.0,0.0
2025-10-27 00:00:00-04:00,113.16922834660261,113.45288591527756,112.58235396357391,113.40398406982422,10975400,0.0,0.0
2025-10-28 00:00:00-04:00,112.96381511423425,113.63872471386321,112.4747519174045,112.51387786865234,9535200,0.0,0.0
2025-10-29 00:00:00-04:00,112.40628456818962,114.48969858493084,112.29869006673762,113.90281677246094,12570600,0.0,0.0
2025-10-30 00:00:00-04:00,113.88325805189164,113.97128584665982,112.02481638304766,112.18132019042969,16172900,0.0,0.0
2025-10-31 00:00:00-04:00,111.48685042088799,112.70950842160502,110.15659791910687,111.85853576660156,20213400,0.0,0.0
2025-11-03 00:00:00-05:00,111.99547896682066,112.47475883970789,111.15428961950117,111.27166748046875,12290300,0.0,0.0
2025-11-04 00:00:00-05:00,110.89997052706153,111.84875434601639,110.04900531986425,111.64334869384766,16860700,0.0,0.0
2025-11-05 00:00:00-05:00,111.59444073626622,112.6606024247043,111.18362942696528,111.19341278076172,12400900,0.0,0.0
2025-11-06 00:00:00-05:00,111.15429401783248,112.42586144316925,111.15429401783248,111.9954833984375,14219700,0.0,0.0
2025-11-07 00:00:00-05:00,112.68994672905053,114.93964053548139,112.38672991938411,114.6559829711914,17181100,0.0,0.0
2025-11-10 00:00:00-05:00,114.87117206413615,115.85907440036497,112.93447841994653,115.63410949707031,13048000,0.0,0.0
2025-11-11 00:00:00-05:00,116.23076366484545,118.1674497871952,116.23076366484545,117.15998077392578,16077100,0.0,0.0
2025-11-12 00:00:00-05:00,116.49486041526589,116.67092347735496,115.21351713493094,115.53630065917969,13790900,0.0,0.0
2025-11-13 00:00:00-05:00,116.03513894605227,117.1404266188385,115.69279617849078,116.19164276123047,17291900,0.0,0.0
2025-11-14 00:00:00-05:00,116.87244686746136,117.8887353636572,115.1062932109266,117.70126342773438,17064300,1.03,0.0
2025-11-17 00:00:00-05:00,117.38552169764868,117.90846178816332,115.55029315462276,116.11270141601562,16034900,0.0,0.0
2025-11-18 00:00:00-05:00,115.69830168794815,117.888736331486,114.92869114352331,117.4447250366211,15808500,0.0,0.0
2025-11-19 00:00:00-05:00,115.29375327419233,116.60604172062995,114.3860079315462,115.78709411621094,15919200,0.0,0.0
2025-11-20 00:00:00-05:00,116.408707853123,117.42498877850575,115.1852171506071,115.46148681640625,14401000,0.0,0.0
2025-11-21 00:00:00-05:00,115.43188565384565,115.81669090021714,114.10973583867872,115.52069091796875,15667600,0.0,0.0
2025-11-24 00:00:00-05:00,115.63909032972836,115.63909032972836,113.21185429092529,114.42547607421875,18034900,0.0,0.0
2025-11-25 00:00:00-05:00,113.64599157904323,114.35640356418065,112.66917886337103,112.98491668701172,14434600,0.0,0.0
2025-11-26 00:00:00-05:00,112.88625659268574,114.1985375288773,112.78758240073623,113.241455078125,11650600,0.0,0.0
2025-11-28 00:00:00-05:00,113.41906192601292,117.15858658847456,113.29079601103197,114.37614440917969,7240800,0.0,0.0
2025-12-01 00:00:00-05:00,114.55374295204415,115.84630108764226,114.55374295204415,115.0766830444336,12658100,0.0,0.0
2025-12-02 00:00:00-05:00,114.88921809084783,115.04708324638574,113.16252513788129,113.84333038330078,14607700,0.0,0.0
2025-12-03 00:00:00-05:00,114.40573490546087,116.40870498878743,114.33666749071055,116.2311019897461,16819100,0.0,0.0
2025-12-04 00:00:00-05:00,115.93510103769927,116.76391006156861,115.10629201382993,115.57989501953125,13686900,0.0,0.0
2025-12-05 00:00:00-05:00,115.19508677208725,117.1980493890323,114.85961861238273,114.98788452148438,12516900,0.0,0.0
2025-12-08 00:00:00-05:00,114.28734474807399,115.44176054687456,113.50786529061997,114.43534851074219,14904200,0.0,0.0
2025-12-09 00:00:00-05:00,115.34309108710077,118.86554441991682,115.33322216241953,116.67510986328125,23790800,0.0,0.0
2025-12-10 00:00:00-05:00,117.14871962735373,118.27353614463954,116.79351361897044,117.94792938232422,19845200,0.0,0.0
2025-12-11 00:00:00-05:00,117.52365595718771,118.75700806191198,117.48418778650247,117.94792938232422,14781800,0.0,0.0
2025-12-12 00:00:00-05:00,117.84926366942325,118.32286666589587,116.7343085399838,117.23751831054688,14459500,0.0,0.0
2025-12-15 00:00:00-05:00,117.42499492509607,117.44472524749287,115.29375877259989,116.19164276123047,16358700,0.0,0.0
2025-12-16 00:00:00-05:00,115.21481767475714,115.28388509197318,113.08358913795975,113.15265655517578,17638700,0.0,0.0
2025-12-17 00:00:00-05:00,113.67560151860383,116.05350810769643,113.63613334596256,115.84630584716797,18502200,0.0,0.0
2025-12-18 00:00:00-05:00,115.43188826880714,115.43188826880714,114.09000057442135,114.98788452148438,13705600,0.0,0.0
2025-12-19 00:00:00-05:00,115.19508563764711,116.00416431060746,114.41560621051228,115.1358871459961,45412800,0.0,0.0
2025-12-22 00:00:00-05:00,115.77722164532553,116.88230780760051,115.77722164532553,116.5764389038086,11768600,0.0,0.0
2025-12-23 00:00:00-05:00,116.89217662008511,118.43139758967328,116.74417286659772,117.82952117919922,12567600,0.0,0.0
2025-12-24 00:00:00-05:00,117.74073010922581,118.45114214395569,117.53352785372694,117.63219451904297,6137400,0.0,0.0
2025-12-26 00:00:00-05:00,117.30658757240157,117.95780111252107,116.95138155556984,117.5236587524414,8066100,0.0,0.0
2025-12-29 00:00:00-05:00,118.54980731774646,119.68449277406494,117.80979604551057,118.92474365234375,14782500,0.0,0.0
2025-12-30 00:00:00-05:00,119.48715192182848,120.17783362594038,119.02341032010088,119.37861633300781,11150500,0.0,0.0
2025-12-31 00:00:00-05:00,119.56609072636675,119.645027070368,118.27354008642878,118.73727416992188,10559900,0.0,0.0
2026-01-02 00:00:00-05:00,118.49059978063393,121.04610925583081,118.01699678802312,121.01651000976562,14175100,0.0,0.0
2026-01-05 00:00:00-05:00,123.54241067304274,124.25282267802316,120.75996867205853,123.69041442871094,30112200,0.0,0.0
2026-01-06 00:00:00-05:00,123.68055504442157,124.12456634567523,119.38849096567523,119.43782806396484,23328600,0.0,0.0
2026-01-07 00:00:00-05:00,118.20446913989147,118.52020697869004,116.6948398351087,116.91191101074219,20353000,0.0,0.0
2026-01-08 00:00:00-05:00,117.39538911339507,121.9834528842042,117.07965127821146,121.2730484008789,20232700,0.0,0.0
2026-01-09 00:00:00-05:00,121.58879088076311,123.19707936395015,121.46051744021162,122.95040893554688,16137700,0.0,0.0
2026-01-12 00:00:00-05:00,122.80240147695339,122.84186964764413,120.92770477195467,122.37812805175781,15314900,0.0,0.0
2026-01-13 00:00:00-05:00,123.33520752115764,125.44670567169717,123.14773559683472,124.85469818115234,21619700,0.0,0.0
2026-01-14 00:00:00-05:00,125.65390130486156,129.96570264290852,125.43683014660162,128.4659423828125,27593900,0.0,0.0
2026-01-15 00:00:00-05:00,127.41021728515625,128.4659589129329,126.59126963826562,127.41021728515625,17400000,0.0,0.0
2026-01-16 00:00:00-05:00,127.19313614676857,128.4264882192749,127.15366044933069,128.1600799560547,16592400,0.0,0.0
2026-01-20 00:00:00-05:00,129.75850742241903,130.18278839040843,128.3376983939911,128.72250366210938,16477300,0.0,0.0
2026-01-21 00:00:00-05:00,130.15319515904696,131.94894814141026,130.15319515904696,131.83055114746094,18879900,0.0,0.0
2026-01-22 00:00:00-05:00,131.2780145581945,132.39295473790614,130.09399942683189,131.8601531982422,16600100,0.0,0.0
2026-01-23 00:00:00-05:00,133.29083656970107,134.16898274194648,132.68896008834847,133.1724395751953,17758200,0.0,0.0
2026-01-26 00:00:00-05:00,135.10632010808388,135.1161965608048,132.3830839926767,133.04415893554688,16056100,0.0,0.0
2026-01-27 00:00:00-05:00,133.44868592421057,135.10630377962872,132.91588448655938,135.0076446533203,14517000,0.0,0.0
2026-01-28 00:00:00-05:00,135.8562009907484,136.17193129495084,134.84978147594126,135.74766540527344,15637300,0.0,0.0
2026-01-29 00:00:00-05:00,138.4511844795975,140.4442706895522,137.25729298858514,138.63864135742188,35760600,0.0,0.0
2026-01-30 00:00:00-05:00,136.89222281998863,140.31600948196575,135.99433887052737,139.51678466796875,29657700,0.0,0.0
2026-02-02 00:00:00-05:00,137.96769474381085,138.45117416466744,136.2212640353769,136.55673217773438,27735600,0.0,0.0
2026-02-03 00:00:00-05:00,136.793544109173,143.07870143659915,136.4679373562069,141.8157501220703,37577800,0.0,0.0
2026-02-04 00:00:00-05:00,142.20055727718952,145.87101428924865,142.20055727718952,145.6243438720703,29426200,0.0,0.0
2026-02-05 00:00:00-05:00,144.62781659622433,144.77581284046167,141.884842462186,144.1344757080078,18431700,0.0,0.0
2026-02-06 00:00:00-05:00,144.6672665207462,147.57798958994934,144.1443264224402,147.06491088867188,17216000,0.0,0.0
2026-02-09 00:00:00-05:00,147.27209524420377,149.53160461677265,146.6504960526817,149.19613647460938,21297300,0.0,0.0
2026-02-10 00:00:00-05:00,149.33428146677946,149.75854737153173,147.82465966871308,149.57107543945312,15800300,0.0,0.0
2026-02-11 00:00:00-05:00,151.91938464479432,154.83995408588135,151.52471798158845,153.4882049560547,23091500,0.0,0.0
2026-02-12 00:00:00-05:00,152.8525141182461,154.20334596774293,148.86955392329364,148.91920471191406,30652500,1.03,0.0
2026-02-13 00:00:00-05:00,149.53503667709694,150.63755397112487,146.9823556296224,147.44918823242188,20166000,0.0,0.0
2026-02-17 00:00:00-05:00,147.20088103709168,148.12461916232286,144.1714401084163,145.20443725585938,19766600,0.0,0.0
2026-02-18 00:00:00-05:00,147.1512117547303,149.96213457527915,146.61485893888485,149.66415405273438,19849700,0.0,0.0
2026-02-19 00:00:00-05:00,151.17391296007145,152.34596565632472,149.82308104142925,149.95220947265625,20305000,0.0,0.0
2026-02-20 00:00:00-05:00,149.47544461771784,149.79327938752533,145.47261494560635,146.28707885742188,25908600,0.0,0.0
2026-02-23 00:00:00-05:00,147.15121695350626,150.2501932791706,147.13136269897575,149.74362182617188,16073100,0.0,0.0
2026-02-24 00:00:00-05:00,149.40590636909334,149.7038868797102,147.0320197225123,148.25372314453125,14185500,0.0,0.0
2026-02-25 00:00:00-05:00,148.89935987129022,149.16752870809867,146.33675156146265,148.05508422851562,15225700,0.0,0.0
2026-02-26 00:00:00-05:00,146.8134999377823,149.94227252800187,145.78051802335915,147.53857421875,15632100,0.0,0.0
2026-02-27 00:00:00-05:00,149.98200583536115,152.61413431248826,148.24380378097783,151.47189331054688,30275100,0.0,0.0
2026-03-02 00:00:00-05:00,158.27571783411466,158.53395953870333,151.99831803716847,153.1802978515625,31493100,0.0,0.0
2026-03-03 00:00:00-05:00,154.38213258261683,154.99796304377034,149.2867277341108,150.80641174316406,25198900,0.0,0.0
2026-03-04 00:00:00-05:00,149.70389345621814,150.14092953686614,146.8631740879252,148.80996704101562,16764800,0.0,0.0
2026-03-05 00:00:00-05:00,149.9820092838136,151.30304469422904,148.46232523665645,149.74362182617188,22969300,0.0,0.0
2026-03-06 00:00:00-05:00,152.11750594783567,152.7631329506698,148.94902463171314,150.1905975341797,21136400,0.0,0.0
2026-03-09 00:00:00-04:00,150.99513118452776,152.8525193577848,148.4623194854107,149.42578125,25532700,0.0,0.0
2026-03-10 00:00:00-04:00,148.2438074071617,149.3860484370434,146.70425394729372,147.13136291503906,19617600,0.0,0.0
2026-03-11 00:00:00-04:00,146.9922966622343,150.78653536813772,146.66451961480584,150.55809020996094,15297400,0.0,0.0
2026-03-12 00:00:00-04:00,151.24344930814027,153.95504029024,150.607764586727,152.4949493408203,26054000,0.0,0.0
2026-03-13 00:00:00-04:00,153.25975221702967,155.83228746743393,151.94864404183042,155.06747436523438,22414100,0.0,0.0
2026-03-16 00:00:00-04:00,154.94829470435673,156.7162932647919,153.71664895698615,156.1699981689453,22835600,0.0,0.0
2026-03-17 00:00:00-04:00,157.1831271380657,159.36829238305089,155.74290562359263,157.73934936523438,21592200,0.0,0.0
2026-03-18 00:00:00-04:00,158.5836245978209,159.10010800410745,156.46797955848893,156.52757263183594,18947100,0.0,0.0
2026-03-19 00:00:00-04:00,157.19305147663275,158.48429028446628,153.79610994446438,157.09373474121094,27082700,0.0,0.0
2026-03-20 00:00:00-04:00,158.27571685943028,161.3448813824297,158.02740228334451,158.5935516357422,53942100,0.0,0.0
2026-03-23 00:00:00-04:00,155.0674825949629,160.3317546721225,153.9749075468967,160.04371643066406,25021300,0.0,0.0
2026-03-24 00:00:00-04:00,160.61980432865266,166.35089373485314,160.16289884783137,164.2650604248047,26131800,0.0,0.0
2026-03-25 00:00:00-04:00,162.76523571437266,163.8876224635627,161.83157047054226,162.1593475341797,17192300,0.0,0.0
2026-03-26 00:00:00-04:00,162.9837500460696,164.5630270982508,160.96743691898868,164.31471252441406,18625200,0.0,0.0
2026-03-27 00:00:00-04:00,164.46370369951495,170.07560677850861,163.68896347300407,169.8372344970703,30338300,0.0,0.0
2026-03-30 00:00:00-04:00,171.34697728498398,175.22069359950967,169.8968287100872,170.31399536132812,29813500,0.0,0.0
2026-03-31 00:00:00-04:00,171.50590682570027,173.20438516733364,164.8510793251324,168.51620483398438,32006700,0.0,0.0
2026-04-01 00:00:00-04:00,164.65244003535972,166.86740190025927,158.4545025086476,159.69607543945312,37927600,0.0,0.0
2026-04-02 00:00:00-04:00,163.38105866010596,165.77479957775347,158.51408403248303,159.60667419433594,25377700,0.0,0.0
2026-04-06 00:00:00-04:00,159.487489402714,162.64604346041736,158.4544923034983,162.2686004638672,16344300,0.0,0.0
2026-04-07 00:00:00-04:00,163.11288507606477,165.11927115752792,160.67940518515758,162.8049774169922,25227500,0.0,0.0
2026-04-08 00:00:00-04:00,152.48501476813874,155.2959375077992,149.96213025990082,155.16680908203125,31311200,0.0,0.0
2026-04-09 00:00:00-04:00,155.80250368747105,158.15652110139501,153.26969189141946,153.99476623535156,25868400,0.0,0.0
2026-04-10 00:00:00-04:00,153.0014954462256,154.07421618394392,150.89579278843675,151.4818115234375,21065000,0.0,0.0
2026-04-13 00:00:00-04:00,153.2299625378998,153.5775938501499,150.2601147579226,151.61094665527344,18685600,0.0,0.0
2026-04-14 00:00:00-04:00,149.05827765272088,149.0980013153962,145.73085634569497,148.23387145996094,18528200,0.0,0.0
2026-04-15 00:00:00-04:00,147.5981924772423,149.21719323350692,145.90964120778764,148.0054168701172,15626500,0.0,0.0
2026-04-16 00:00:00-04:00,148.5219186530788,151.7500082642809,148.3431394263767,150.9553985595703,15191000,0.0,0.0
2026-04-17 00:00:00-04:00,143.88339364446122,145.81031711382454,141.01287784947976,145.45274353027344,28947400,0.0,0.0
2026-04-20 00:00:00-04:00,146.38640659622348,148.36298082556593,145.36335180517733,146.6843719482422,16354400,0.0,0.0
2026-04-21 00:00:00-04:00,146.3764710712823,147.80676545067388,145.25409949638887,147.35980224609375,17515900,0.0,0.0
2026-04-22 00:00:00-04:00,148.362982781199,149.6641486885593,147.18100301621726,148.4921112060547,13738700,0.0,0.0
2026-04-23 00:00:00-04:00,148.83975888275486,150.2104449991002,147.4988541463299,149.51516723632812,12970400,0.0,0.0
2026-04-24 00:00:00-04:00,148.6311717290291,149.28672584587542,145.95930447127088,147.90609741210938,13735900,0.0,0.0
2026-04-27 00:00:00-04:00,148.15441024053547,150.16078107497748,146.97243044995622,147.19094848632812,13940800,0.0,0.0
2026-04-28 00:00:00-04:00,150.50842941760018,151.2831696813456,148.8198933339478,149.5449676513672,15173600,0.0,0.0
2026-04-29 00:00:00-04:00,150.99512988770653,153.90536941024126,149.99192931237258,153.62725830078125,14669100,0.0,0.0
2026-04-30 00:00:00-04:00,151.4023509728099,154.6403826360389,150.3197030948466,153.28955078125,22885900,0.0,0.0
2026-05-01 00:00:00-04:00,151.5811440344586,153.96495780190406,150.11112604973115,151.72019958496094,15458200,0.0,0.0
2026-05-04 00:00:00-04:00,151.64074192537495,153.42860988574816,148.51198436166095,152.65386962890625,14238500,0.0,0.0
2026-05-05 00:00:00-04:00,152.06784743638346,154.24307032010233,151.3824968040683,153.83584594726562,12494600,0.0,0.0
2026-05-06 00:00:00-04:00,148.0650192907908,149.31651926928876,146.09835698125573,147.6875762939453,20527000,0.0,0.0
2026-05-07 00:00:00-04:00,145.81031490363108,146.08842600263094,143.2179102511608,145.591796875,22509400,0.0,0.0
2026-05-08 00:00:00-04:00,144.8667215176822,145.51233331644596,142.9497252181697,143.59535217285156,19550100,0.0,0.0
2026-05-11 00:00:00-04:00,145.0355844956354,148.71063725771492,145.01571508552792,148.6708984375,14849500,0.0,0.0
2026-05-12 00:00:00-04:00,150.2303172466553,150.78653946738183,148.76029921246098,149.614501953125,16443100,0.0,0.0
2026-05-13 00:00:00-04:00,149.04834222252728,150.76667488570803,148.67089920812532,150.5481719970703,15772800,0.0,0.0
2026-05-14 00:00:00-04:00,150.87592785682824,152.08770418043682,150.240243158863,151.75,11331500,0.0,0.0
2026-05-15 00:00:00-04:00,153.75,158.0,153.0,157.9199981689453,27882400,1.03,0.0
2026-05-18 00:00:00-04:00,157.32000732421875,161.72999572753906,155.22999572753906,160.49000549316406,20065200,0.0,0.0
2026-05-19 00:00:00-04:00,161.5,163.32000732421875,159.63999938964844,162.5500030517578,20715600,0.0,0.0
2026-05-20 00:00:00-04:00,161.61000061035156,163.67999267578125,156.27000427246094,156.27999877929688,18509700,0.0,0.0
2026-05-21 00:00:00-04:00,158.4199981689453,159.38999938964844,153.4600067138672,155.2899932861328,17061700,0.0,0.0
2026-05-22 00:00:00-04:00,154.02999877929688,155.5500030517578,153.1699981689453,154.9199981689453,12948500,0.0,0.0
2026-05-26 00:00:00-04:00,153.5,154.5500030517578,149.47000122070312,149.80999755859375,13057800,0.0,0.0
2026-05-27 00:00:00-04:00,147.22999572753906,148.69000244140625,145.75,147.89999389648438,16241100,0.0,0.0
2026-05-28 00:00:00-04:00,149.33999633789062,150.2100067138672,146.8699951171875,146.9600067138672,14012500,0.0,0.0
2026-05-29 00:00:00-04:00,146.19000244140625,146.92999267578125,144.7100067138672,145.25999450683594,27959900,0.0,0.0
2026-06-01 00:00:00-04:00,147.02000427246094,149.64999389648438,147.0,149.3800048828125,16732100,0.0,0.0
2026-06-02 00:00:00-04:00,149.02999877929688,150.8300018310547,148.5,149.55999755859375,10462400,0.0,0.0
2026-06-03 00:00:00-04:00,150.61000061035156,154.91000366210938,150.02000427246094,152.52999877929688,14373000,0.0,0.0
2026-06-04 00:00:00-04:00,152.0500030517578,153.42999267578125,150.94000244140625,152.0399932861328,11799400,0.0,0.0
2026-06-05 00:00:00-04:00,152.00999450683594,152.1300048828125,149.3000030517578,149.9199981689453,16584000,0.0,0.0
2026-06-08 00:00:00-04:00,151.16000366210938,153.80999755859375,150.89999389648438,151.75,13870900,0.0,0.0
2026-06-09 00:00:00-04:00,150.91000366210938,151.1300048828125,147.77999877929688,148.91000366210938,18163500,0.0,0.0
2026-06-10 00:00:00-04:00,151.22999572753906,152.49000549316406,149.55999755859375,150.6199951171875,14596500,0.0,0.0
2026-06-11 00:00:00-04:00,152.3000030517578,152.49000549316406,146.4199981689453,146.60000610351562,17285800,0.0,0.0
2026-06-12 00:00:00-04:00,145.6300048828125,148.91000366210938,145.14999389648438,147.00999450683594,17713100,0.0,0.0
2026-06-15 00:00:00-04:00,139.74000549316406,141.97999572753906,137.72000122070312,140.9199981689453,23631400,0.0,0.0
2026-06-16 00:00:00-04:00,140.19000244140625,142.14999389648438,139.97999572753906,141.86000061035156,18925400,0.0,0.0
2026-06-17 00:00:00-04:00,141.22000122070312,142.33999633789062,140.32000732421875,140.74000549316406,16663200,0.0,0.0
2026-06-18 00:00:00-04:00,138.32000732421875,138.4600067138672,135.85000610351562,137.80999755859375,48063400,0.0,0.0
2026-06-22 00:00:00-04:00,138.5399932861328,139.0,137.02000427246094,138.47000122070312,15783300,0.0,0.0
2026-06-23 00:00:00-04:00,139.4600067138672,140.38999938964844,138.5,139.72999572753906,13699400,0.0,0.0
2026-06-24 00:00:00-04:00,137.1199951171875,137.63999938964844,135.58999633789062,136.89999389648438,16212900,0.0,0.0
2026-06-25 00:00:00-04:00,135.63999938964844,138.07000732421875,134.9499969482422,137.5500030517578,13288800,0.0,0.0
2026-06-26 00:00:00-04:00,136.97000122070312,137.5800018310547,135.9199981689453,136.5399932861328,22684200,0.0,0.0
2026-06-29 00:00:00-04:00,136.5800018310547,137.38999938964844,135.38999938964844,136.05999755859375,11972700,0.0,0.0
2026-06-30 00:00:00-04:00,136.47999572753906,137.3000030517578,135.3300018310547,136.72000122070312,28784000,0.0,0.0
2026-07-01 00:00:00-04:00,136.52999877929688,137.49000549316406,135.6300048828125,136.27999877929688,12433400,0.0,0.0
2026-07-02 00:00:00-04:00,137.14999389648438,139.13999938964844,136.3300018310547,137.08999633789062,13703300,0.0,0.0
2026-07-06 00:00:00-04:00,136.5500030517578,137.3699951171875,136.00999450683594,136.44000244140625,13915100,0.0,0.0
2026-07-07 00:00:00-04:00,138.55999755859375,141.74000549316406,138.1300048828125,141.69000244140625,14667800,0.0,0.0
2026-07-08 00:00:00-04:00,143.44000244140625,143.99000549316406,139.80999755859375,141.1300048828125,18291400,0.0,0.0
2026-07-09 00:00:00-04:00,139.66000366210938,140.0500030517578,137.1199951171875,137.4600067138672,14110200,0.0,0.0
2026-07-10 00:00:00-04:00,137.89999389648438,138.97000122070312,137.13999938964844,138.8800048828125,9753500,0.0,0.0
2026-07-13 00:00:00-04:00,140.9199981689453,145.22999572753906,140.49000549316406,144.50999450683594,18724300,0.0,0.0
2026-07-14 00:00:00-04:00,145.50999450683594,146.0,143.88999938964844,145.08999633789062,16096400,0.0,0.0
2026-07-15 00:00:00-04:00,145.08999633789062,145.08999633789062,142.02999877929688,144.50999450683594,13444500,0.0,0.0
2026-07-16 00:00:00-04:00,145.27999877929688,146.8699951171875,144.5500030517578,145.9499969482422,13518000,0.0,0.0
2026-07-17 00:00:00-04:00,149.02999877929688,150.0,147.1699981689453,147.36000061035156,19031400,0.0,0.0
2026-07-20 00:00:00-04:00,146.5,149.08999633789062,146.22999572753906,148.36000061035156,12149200,0.0,0.0
2026-07-21 00:00:00-04:00,149.00999450683594,151.75999450683594,148.47999572753906,151.7100067138672,13145300,0.0,0.0
2026-07-22 00:00:00-04:00,153.86000061035156,154.8000030517578,152.9499969482422,154.4499969482422,13788700,0.0,0.0
2026-07-23 00:00:00-04:00,156.60000610351562,158.57000732421875,156.05999755859375,156.88999938964844,15822800,0.0,0.0
2026-07-24 00:00:00-04:00,156.99000549316406,158.7100067138672,155.67999267578125,156.94000244140625,9816735,0.0,0.0
